id,documento,nombre,apellido,mesa_id
100001,468164096,Pepito,Cuellar,100001
100002,306405921,Adelardo,Anaya,100002
100003,302205049,Hortensia,Infante,100003
100004,381528186,Gabriela,Heredia,100004
100005,733428770,Ignacia,Leon,100005
100006,717123240,Jovita,Alsina,100006
100007,178766637,Rodrigo,Portillo,100007
100008,718015648,Mayte,Crespi,100008
100009,371550247,Yaiza,Pizarro,100009
100010,305238637,Abril,Alfaro,100010
100011,373154822,Edu,Falco,100011
100012,738914525,Elodia,Almagro,100012
100013,407139440,Azahara,Lerma,100013
100014,547362278,Lorenza,Manzano,100014
100015,289672536,Angelina,Ferrer,100015
100016,692700168,Melchor,Pons,100016
100017,942190663,Armida,Canete,100017
100018,684891242,Anselma,Requena,100018
100019,865366562,Loida,Avila,100019
100020,555897733,Teobaldo,Villalonga,100020
100021,291184268,Lalo,Querol,100021
100022,395486636,Guillermo,Vera,100022
100023,568417189,Samanta,Lillo,100023
100024,228839594,Melisa,Briones,100024
100025,179110056,Beatriz,Salas,100025
100026,379467144,Luis,Hurtado,100026
100027,527706983,Bibiana,Estrada,100027
100028,790444142,Leandro,Carnero,100028
100029,196955008,Severo,Figueroa,100029
100030,816560225,Emperatriz,Moll,100030
100031,454734273,Antonio,Botella,100031
100032,815389753,Adrian,Diaz,100032
100033,939759426,Selena,Araujo,100033
100034,868803454,Olivia,Banos,100034
100035,765310518,Diego,Suarez,100035
100036,961928377,Rene,Pastor,100036
100037,692912661,Florinda,Fabregat,100037
100038,600853695,Almudena,Bellido,100038
100039,909704009,Federico,Muro,100039
100040,546070853,Bibiana,Girona,100040
100041,427644559,Ursula,Hoyos,100041
100042,310194438,Paco,Querol,100042
100043,526467390,Alma,Nadal,100043
100044,700209008,Rosario,Esteve,100044
100045,199281496,Teresita,Gilabert,100045
100046,415911807,Anabel,Ojeda,100046
100047,819233687,Estefania,Torrents,100047
100048,281241237,Cesar,Roma,100048
100049,321070722,Roldan,Villalobos,100049
100050,477043239,Carmelita,Mena,100050
100051,830700411,Pia,Pozo,100051
100052,698639525,Tatiana,Bastida,100052
100053,770875925,Maximiliano,Chaves,100053
100054,645932821,Leonel,Rosado,100054
100055,723042857,Sebastian,Ruiz,100055
100056,963267614,Xiomara,Campillo,100056
100057,542355019,Morena,Bermudez,100057
100058,928503624,Rodrigo,Salgado,100058
100059,431561752,Teodoro,Jurado,100059
100060,601733950,Asdrubal,Paez,100060
100061,408267041,Matias,Rossello,100061
100062,550910701,Asdrubal,Nicolau,100062
100063,158913975,Merche,Villa,100063
100064,375234673,Anibal,Figuerola,100064
100065,489811264,Leandro,Carro,100065
100066,655054017,Florencia,Atienza,100066
100067,421299736,Itziar,Zamora,100067
100068,409181674,Cristobal,Losada,100068
100069,416079623,Lope,Lledo,100069
100070,952626950,Gisela,Franch,100070
100071,999601679,Clara,Cruz,100071
100072,270495990,Estrella,Acosta,100072
100073,817934177,Florinda,Planas,100073
100074,709807059,Fabian,Ferrer,100074
100075,336160107,Alexandra,Posada,100075
100076,658199778,Marcia,Guzman,100076
100077,655503811,Pilar,Hurtado,100077
100078,582036174,Fulgencio,Aguila,100078
100079,663583140,Carlito,Salvador,100079
100080,252622613,Zoraida,Pino,100080
100081,480862107,Gaston,Sanchez,100081
100082,796195351,Charo,Rey,100082
100083,432411702,Gil,Collado,100083
100084,329392161,Ruperto,Torrijos,100084
100085,191821529,Emperatriz,Losada,100085
100086,262683289,Hernan,Luna,100086
100087,831799011,Charo,Quiros,100087
100088,410281790,Julieta,Carlos,100088
100089,832693019,Yesica,Valdes,100089
100090,754838651,Nadia,Macias,100090
100091,316690816,Emiliana,Ballester,100091
100092,743717325,Segismundo,Aranda,100092
100093,411607063,Salome,Sanjuan,100093
100094,485054573,Domitila,Poza,100094
100095,460489638,Jesus,Urena,100095
100096,871098410,Baldomero,Priego,100096
100097,961136293,Lupe,Villa,100097
100098,689278022,Amilcar,Rius,100098
100099,173828773,Pepito,Gomila,100099
100100,554379413,Paulina,Otero,100100
100101,265993499,Zaida,Saura,100101
100102,614972419,Prudencio,Pineiro,100102
100103,651760955,Virginia,Pablo,100103
100104,763456075,Ulises,Hidalgo,100104
100105,767785233,Atilio,Torrecilla,100105
100106,758326665,Toni,Murillo,100106
100107,834358601,Teofila,Manjon,100107
100108,356731545,Aurelia,Noriega,100108
100109,785806710,Paulina,Milla,100109
100110,867981674,Juana,Vina,100110
100111,375967242,Heraclio,Lucena,100111
100112,955152532,Federico,Grau,100112
100113,343515670,Eligia,Davila,100113
100114,794550349,Eligio,Giner,100114
100115,783170836,Fito,Elorza,100115
100116,383027937,Flora,Bermudez,100116
100117,188213906,Martin,Beltran,100117
100118,498813882,Jonatan,Marcos,100118
100119,549934423,Ana,Millan,100119
100120,163044040,Manola,Salvador,100120
100121,369207105,Adan,Bauza,100121
100122,526922992,Herminio,Egea,100122
100123,439931775,Palmira,Lillo,100123
100124,886331187,Severino,Ribas,100124
100125,915757543,Cristobal,Montenegro,100125
100126,844080851,Fabian,Viana,100126
100127,508306539,Tania,Llobet,100127
100128,913300165,Angel,Perello,100128
100129,235195726,Onofre,Azcona,100129
100130,671229824,Gisela,Albero,100130
100131,227262355,Luisa,Uriarte,100131
100132,966101744,Cipriano,Cozar,100132
100133,172030240,Hector,Bayon,100133
100134,471512867,Xavier,Mancebo,100134
100135,379389294,Rene,Bolanos,100135
100136,574393430,Lara,Corominas,100136
100137,796820761,Claudia,Casal,100137
100138,384429515,Conrado,Somoza,100138
100139,824909043,Claudia,Fajardo,100139
100140,511380177,Noa,Madrid,100140
100141,621673113,Jose,Lucas,100141
100142,277898024,Ligia,Gilabert,100142
100143,684600035,Marcela,Mur,100143
100144,928628910,Cleto,Bejarano,100144
100145,861693072,Trini,Hernando,100145
100146,672304266,Espiridion,Mayol,100146
100147,498825298,Lupita,Agullo,100147
100148,655086151,Miguel Angel,Roma,100148
100149,707065070,Sergio,Castello,100149
100150,179040557,Tatiana,Coloma,100150
100151,704227122,Eulalia,Barreda,100151
100152,195049662,Custodio,Perea,100152
100153,885776415,Jacobo,Quintana,100153
100154,142723605,Rosalva,Frias,100154
100155,253602397,Beatriz,Peiro,100155
100156,318116305,Pepita,Gargallo,100156
100157,322405360,Ariel,Francisco,100157
100158,327375382,Candelas,Domingo,100158
100159,898643834,Bautista,Carpio,100159
100160,571869867,Horacio,Estevez,100160
100161,266959097,Dionisio,Gomez,100161
100162,433557668,Milagros,Macias,100162
100163,528139909,Eva,Puerta,100163
100164,739700083,Dulce,Quesada,100164
100165,214760238,Teodora,Cabanillas,100165
100166,995053130,Simon,Vinas,100166
100167,992235605,Tamara,Mugica,100167
100168,622552471,Montserrat,Vilaplana,100168
100169,604738082,Maribel,Fuente,100169
100170,128610897,Rosalinda,Guardia,100170
100171,728606621,Blanca,Perello,100171
100172,486850978,Aranzazu,Pena,100172
100173,988930273,Jesus,Barral,100173
100174,238015861,Pastor,Llamas,100174
100175,864815319,Ruben,Corbacho,100175
100176,859930553,Javier,Saez,100176
100177,834053491,Felicidad,Mas,100177
100178,688182481,Ester,Canete,100178
100179,519488936,Jeremias,Guitart,100179
100180,290561451,Nilda,Verdejo,100180
100181,193853523,Belen,Zamorano,100181
100182,924937505,Jordana,Gutierrez,100182
100183,903482136,Coral,Ledesma,100183
100184,216448470,Tania,Zamorano,100184
100185,240780645,Nacho,Perez,100185
100186,795945885,Ani,Ferrandez,100186
100187,115129894,Maria Belen,Pina,100187
100188,220896456,Domingo,Pareja,100188
100189,380142884,Belen,Terron,100189
100190,736584180,Chita,Adan,100190
100191,838972386,Zacarias,Manso,100191
100192,285629338,Haydee,Sales,100192
100193,654828247,Mauricio,Arias,100193
100194,608638311,Rosendo,Marques,100194
100195,477482134,Febe,Peral,100195
100196,199630254,Susana,Uria,100196
100197,581047911,Asdrubal,Cabanas,100197
100198,618608133,Tamara,Ferrandez,100198
100199,578504167,Tomasa,Medina,100199
100200,194376116,Encarnita,Vilalta,100200
100201,396047469,Ruy,Carbo,100201
100202,983896580,Simon,Carnero,100202
100203,477026439,Espiridion,Conesa,100203
100204,520500428,Cornelio,Crespi,100204
100205,113486979,Eutimio,Ferrando,100205
100206,843605893,Moises,Quero,100206
100207,519643292,Tono,Sandoval,100207
100208,525958051,Lucas,Tejera,100208
100209,773464170,Sabas,Colom,100209
100210,406543788,Dionisio,Salva,100210
100211,221765231,Americo,Sanchez,100211
100212,546296165,Antonio,Daza,100212
100213,297687379,Juana,Amoros,100213
100214,239311221,Laura,Arranz,100214
100215,565888705,Aurora,Arribas,100215
100216,535643414,Marcial,Millan,100216
100217,952224044,Sabas,Valero,100217
100218,114407162,Leandra,Salva,100218
100219,566184089,Candido,Sevillano,100219
100220,463449645,Alfredo,Abad,100220
100221,175049701,Anacleto,Caballero,100221
100222,324375884,Luis Miguel,Arellano,100222
100223,941564226,Hector,Valle,100223
100224,747720642,Nando,Ferrero,100224
100225,508242004,Ruperto,Carro,100225
100226,656578216,Monica,Pedraza,100226
100227,454236358,Faustino,Alcantara,100227
100228,169520276,Manu,Benet,100228
100229,294248417,Lupe,Olmedo,100229
100230,435579716,Regulo,Larrea,100230
100231,646066445,Maximiliano,Reguera,100231
100232,158668763,Ricardo,Adan,100232
100233,921354784,Eliseo,Grande,100233
100234,358213896,Maria Angeles,Canales,100234
100235,319783553,Fabian,Guillen,100235
100236,671708826,Ernesto,Sala,100236
100237,984261203,Elisa,Merino,100237
100238,517284544,Macario,Garmendia,100238
100239,270344737,Dulce,Pelaez,100239
100240,736454106,Rebeca,Somoza,100240
100241,790572244,Ramiro,Artigas,100241
100242,122638301,Sebastian,Pujadas,100242
100243,738358108,Bernardita,Pedrero,100243
100244,641538744,Jordan,Rodriguez,100244
100245,969404500,Cesar,Burgos,100245
100246,791134665,Octavio,Gallo,100246
100247,357854441,Maximino,Maestre,100247
100248,966996501,Santos,Jimenez,100248
100249,745888299,Vilma,Valcarcel,100249
100250,477548946,Pepe,Saenz,100250
100251,368442034,Nilda,Tejera,100251
100252,986521670,Maricruz,Lasa,100252
100253,748312166,Glauco,Carbo,100253
100254,732222089,Ofelia,Feijoo,100254
100255,655967694,Amaro,Blasco,100255
100256,458512632,Victor,Escolano,100256
100257,735785738,Esteban,Quintero,100257
100258,691090691,Nilda,Montalban,100258
100259,540689275,Jenaro,Navas,100259
100260,348535430,Victor Manuel,Salcedo,100260
100261,148619459,Ursula,Zabaleta,100261
100262,453524618,Angelica,Barrio,100262
100263,290971311,Aura,Bonilla,100263
100264,376138210,Inocencio,Higueras,100264
100265,170934935,Debora,Bellido,100265
100266,817207252,Benita,Gisbert,100266
100267,400280337,Luciana,Exposito,100267
100268,372882854,Berta,Ochoa,100268
100269,692690568,Aurea,Arnau,100269
100270,370241971,Carlito,Paez,100270
100271,920475118,Cristobal,Goni,100271
100272,753302123,Candela,Muniz,100272
100273,253266031,Agustina,Jover,100273
100274,896846629,Salud,Navas,100274
100275,762220426,Pilar,Calderon,100275
100276,316450639,Juan Francisco,Morillo,100276
100277,960280517,Gervasio,Juarez,100277
100278,196694978,Pastora,Miguel,100278
100279,388174135,Encarnacion,Velez,100279
100280,687556022,Octavia,Marquez,100280
100281,741023420,Anunciacion,Bernat,100281
100282,457344359,Ani,Moles,100282
100283,613117898,Macario,Sancho,100283
100284,859916767,Trini,Esteve,100284
100285,883551275,Micaela,Izaguirre,100285
100286,245168011,Victor Manuel,Bermudez,100286
100287,933889315,Matilde,Gimenez,100287
100288,102040653,Herminia,Patino,100288
100289,760561938,Juan Francisco,Vicens,100289
100290,885472001,Marcelino,Coloma,100290
100291,148170743,Estefania,Villalba,100291
100292,277952073,Ester,Solana,100292
100293,219163891,Ignacio,Muro,100293
100294,497189511,Marcio,Casal,100294
100295,338360271,Francisco Jose,Llano,100295
100296,507687645,Cruz,Pedrosa,100296
100297,332684301,Rosa,Bellido,100297
100298,379014083,Ernesto,Borrell,100298
100299,250341079,Sebastian,Antunez,100299
100300,204335783,Vinicio,Camps,100300
100301,936139354,Graciela,Arino,100301
100302,774993694,Rufino,Miguel,100302
100303,126518133,Jose Maria,Moreno,100303
100304,509524558,Fidela,Villa,100304
100305,496617805,Jose,Requena,100305
100306,997738276,Jose Antonio,Casal,100306
100307,366797226,Ruy,Sabater,100307
100308,771987030,Sancho,Ocana,100308
100309,260211778,Remedios,Guillen,100309
100310,852517669,Casemiro,Araujo,100310
100311,136163016,Baldomero,Gual,100311
100312,570689995,Candida,Torre,100312
100313,237973364,Vinicio,Pedrosa,100313
100314,755917333,Beatriz,Quiros,100314
100315,455116424,Leocadia,Galvez,100315
100316,715688787,Florinda,Cuadrado,100316
100317,956829039,Otilia,Vilalta,100317
100318,447661418,Irma,Palomar,100318
100319,136757186,Calista,Company,100319
100320,679445322,Lucas,Rodriguez,100320
100321,568130882,Bernarda,Codina,100321
100322,239993294,Aitor,Rivas,100322
100323,362561990,Marcial,Robles,100323
100324,573577244,Carlos,Mariscal,100324
100325,397739751,Leire,Ugarte,100325
100326,498767636,Adolfo,Andres,100326
100327,994813862,Juan Manuel,Hervia,100327
100328,488755522,Salud,Fabregas,100328
100329,836781191,Griselda,Davila,100329
100330,560244440,Amancio,Jorda,100330
100331,676184288,Nieves,Sanchez,100331
100332,871212970,Agata,Ballesteros,100332
100333,168520234,Aitor,Guardiola,100333
100334,731978272,Teodora,Coello,100334
100335,274572338,Dario,Valenzuela,100335
100336,201133136,Lupe,Chico,100336
100337,953973957,Bartolome,Feijoo,100337
100338,116900496,Flavio,Lamas,100338
100339,994085984,Delfina,Escalona,100339
100340,865775125,Gonzalo,Mendizabal,100340
100341,328799874,Jose Miguel,Agustin,100341
100342,126128688,Eligia,Aguilo,100342
100343,150690076,Demetrio,Salamanca,100343
100344,510129805,Clotilde,Haro,100344
100345,835306647,Carlota,Almansa,100345
100346,864498542,Begona,Aroca,100346
100347,617705583,Rosendo,Valenzuela,100347
100348,532369104,Manuelita,Amo,100348
100349,575726972,Josue,Salmeron,100349
100350,246278391,Carlito,Verdugo,100350
100351,499925525,Jose Angel,Armengol,100351
100352,406292567,Yago,Delgado,100352
100353,408085205,Sandalio,Jaen,100353
100354,731013854,Esther,Garzon,100354
100355,918873944,Luis,Zorrilla,100355
100356,562322964,Xavier,Segui,100356
100357,390104645,Miguel,Batalla,100357
100358,176922485,Esmeralda,Espejo,100358
100359,564526280,Noelia,Mendizabal,100359
100360,456911388,Elias,Rojas,100360
100361,624012410,Francisco,Mayo,100361
100362,598459775,Hermenegildo,Andreu,100362
100363,216401395,Abigail,Montero,100363
100364,449422171,Reinaldo,Villa,100364
100365,103636455,Adolfo,Taboada,100365
100366,399403437,Amanda,Lorenzo,100366
100367,934958591,Sergio,Marcos,100367
100368,273571846,Flavio,Salvador,100368
100369,163708419,Ileana,Bilbao,100369
100370,899624938,Nicolas,Canovas,100370
100371,303863074,Victor,Frias,100371
100372,891208722,Alvaro,Carbajo,100372
100373,601592830,Armando,Solera,100373
100374,583774605,Rosa,Fajardo,100374
100375,448724540,Julie,Alcantara,100375
100376,502384414,Victor Manuel,Caballero,100376
100377,865457858,Juan,Font,100377
100378,504693288,Perla,Lopez,100378
100379,917001605,Vito,Anton,100379
100380,914988126,Cintia,Tomas,100380
100381,768974630,Adelia,Miralles,100381
100382,361044674,Jaime,Aroca,100382
100383,751656496,Celso,Llamas,100383
100384,923908232,Jimena,Segura,100384
100385,782220207,Alberto,Vall,100385
100386,476829925,Clarisa,Llopis,100386
100387,539588834,Jeremias,Roldan,100387
100388,388903818,Guiomar,Estevez,100388
100389,529293142,Reina,Canton,100389
100390,457036454,Rafael,Prada,100390
100391,789559956,Salvador,Carreno,100391
100392,436236258,Amador,Castells,100392
100393,504493250,Nadia,Font,100393
100394,342517320,Bautista,Pavon,100394
100395,872378179,Ambar,Mancebo,100395
100396,111817274,Albina,Rivera,100396
100397,556513070,Eusebio,Abril,100397
100398,505772740,Emiliano,Angulo,100398
100399,710766422,Victoria,Hernandez,100399
100400,513777711,Edgardo,Martinez,100400
100401,236573120,Adalberto,Paez,100401
100402,402905864,Yago,Tejero,100402
100403,858798336,Roxana,Pi,100403
100404,418137694,Reyes,Mir,100404
100405,480514635,Ambar,Dominguez,100405
100406,375474638,Alejandro,Ochoa,100406
100407,263371341,Jose Luis,Aleman,100407
100408,794689013,Jose Maria,Gimenez,100408
100409,824979454,Rosalina,Huerta,100409
100410,348760240,Lorenzo,Rovira,100410
100411,406940161,Leonel,Varela,100411
100412,434963991,Obdulia,Pedraza,100412
100413,758270873,Zaida,Espanol,100413
100414,854420147,Tristan,Jover,100414
100415,620753043,Josefina,Aragon,100415
100416,275767636,Calixta,Machado,100416
100417,926911228,Basilio,Navarro,100417
100418,651515063,Bernabe,Rio,100418
100419,572812724,Venceslas,Tena,100419
100420,944191461,Jose Luis,Mulet,100420
100421,361946146,Eva,Anglada,100421
100422,287949831,Adan,Martorell,100422
100423,254467096,Maricela,Alvarado,100423
100424,981916760,Santiago,Jimenez,100424
100425,360361535,Maricela,Guzman,100425
100426,547545644,Chema,Luz,100426
100427,780924705,Lope,Romeu,100427
100428,688975894,Jenaro,Taboada,100428
100429,559696130,Morena,Escobar,100429
100430,328373850,Dorita,Monreal,100430
100431,969907933,Victor,Quintana,100431
100432,254566714,Camilo,Corbacho,100432
100433,837398683,Angelita,Armengol,100433
100434,707963935,Jose Maria,Guzman,100434
100435,598135293,Adolfo,Valera,100435
100436,601835665,Eva Maria,Lara,100436
100437,870252308,Amilcar,Andrade,100437
100438,420741794,Felisa,Valbuena,100438
100439,986974135,Artemio,Pelayo,100439
100440,495401299,Emilia,Fabra,100440
100441,697624615,Estefania,Aragon,100441
100442,269829139,Fabiola,Goicoechea,100442
100443,852505707,Esmeralda,Pascual,100443
100444,880244442,Manu,Rivero,100444
100445,638924200,Charo,Jaen,100445
100446,791673965,Alex,Carmona,100446
100447,328792173,Josue,Espanol,100447
100448,493401320,Ernesto,Jaume,100448
100449,274787391,Cecilia,Carretero,100449
100450,796396752,Jaime,Bayona,100450
100451,724809434,Guiomar,Planas,100451
100452,596939713,Quique,Azcona,100452
100453,315304558,Placido,Llanos,100453
100454,262397914,Regina,Arco,100454
100455,407768803,Cesar,Torre,100455
100456,541194164,Jaime,Ramirez,100456
100457,795444460,Tomasa,Vargas,100457
100458,890570956,Laura,Pedrosa,100458
100459,969526042,Carmina,Elias,100459
100460,325410264,Leonel,Borras,100460
100461,548588299,Juan Luis,Corominas,100461
100462,929009078,Pepito,Tejero,100462
100463,422169362,Albert,Plana,100463
100464,574776077,Fernando,Miralles,100464
100465,180078719,Rosalinda,Soria,100465
100466,296302200,Sara,Bauza,100466
100467,303720534,Vanesa,Iglesia,100467
100468,412849054,Amalia,Cabanillas,100468
100469,177065229,Olegario,Salas,100469
100470,849961413,Borja,Guardiola,100470
100471,505309895,Amilcar,Valencia,100471
100472,823614850,Fanny,Pinilla,100472
100473,651283973,Vilma,Guerrero,100473
100474,700287154,Sosimo,Orozco,100474
100475,836416508,Basilio,Castell,100475
100476,885938461,Africa,Parejo,100476
100477,160551143,Climaco,Rivero,100477
100478,775413068,Fermin,Soriano,100478
100479,541953425,Ramiro,Cal,100479
100480,111802266,Fidel,Amoros,100480
100481,658719645,Chuy,Navarrete,100481
100482,868311286,Azahar,Tejedor,100482
100483,242437393,Efrain,Alba,100483
100484,688394179,Teodora,Gracia,100484
100485,958430298,Marta,Huerta,100485
100486,420534587,Marcelino,Elias,100486
100487,666484853,Benigno,Escalona,100487
100488,349909093,Vanesa,Diaz,100488
100489,603402613,Elisabet,Ballester,100489
100490,280037095,Eduardo,Sevilla,100490
100491,259637375,Gertrudis,Lasa,100491
100492,733227545,Ramon,Laguna,100492
100493,209024308,Xiomara,Falco,100493
100494,326571966,Isaura,Mayol,100494
100495,938173206,Ivan,Tamarit,100495
100496,203108516,Carmina,Armas,100496
100497,614401806,Zaida,Lluch,100497
100498,237969943,Chuy,Cabezas,100498
100499,832662350,Georgina,Cervantes,100499
100500,593857516,Nacio,Aguilera,100500
100501,198364052,Encarna,Perez,100501
100502,457978932,Omar,Aller,100502
100503,750272050,Demetrio,Buendia,100503
100504,232682115,Nando,Ramirez,100504
100505,616375238,Renato,Amores,100505
100506,254951223,Maria Manuela,Bosch,100506
100507,528508742,Rosalinda,Cid,100507
100508,483002022,Gil,Ugarte,100508
100509,692032971,Socorro,Valenciano,100509
100510,738560854,Anabel,Torrijos,100510
100511,124363453,Jose,Escudero,100511
100512,904162473,Araceli,Elias,100512
100513,199048175,Edgardo,Manrique,100513
100514,140879223,Bartolome,Abril,100514
100515,661968181,Custodio,Cerezo,100515
100516,968416002,Alexandra,Molina,100516
100517,497279268,Domitila,Villalobos,100517
100518,487050108,Adelardo,Rivas,100518
100519,932489449,Paulina,Arnaiz,100519
100520,334292032,Donato,Rueda,100520
100521,869529363,Ruth,Cortes,100521
100522,330523809,Otilia,Cano,100522
100523,570887174,Lorenzo,Puig,100523
100524,732160980,Micaela,Riquelme,100524
100525,240774345,Heliodoro,Gallego,100525
100526,798390966,Custodio,Jaen,100526
100527,538656343,Violeta,Luna,100527
100528,829858680,Emiliana,Borja,100528
100529,525804650,Anunciacion,Pedro,100529
100530,672871092,Sofia,Lopez,100530
100531,952668328,Aitor,Cabrera,100531
100532,289753734,Luz,Mateu,100532
100533,279996337,Evelia,Montserrat,100533
100534,416272257,Nelida,Bauza,100534
100535,139658961,Jose Antonio,Mercader,100535
100536,205417846,Ruperto,Prado,100536
100537,973501887,Herminia,Busquets,100537
100538,495135012,Carlos,Benavente,100538
100539,994112013,Jose Ramon,Cuervo,100539
100540,762124202,Horacio,Somoza,100540
100541,980045291,Florinda,Puig,100541
100542,411836265,America,Munoz,100542
100543,617389422,Jose,Barbera,100543
100544,582639103,Rosalva,Fuster,100544
100545,484004492,Maria Jose,Bellido,100545
100546,531264001,Cipriano,Murcia,100546
100547,957670466,Camilo,Rius,100547
100548,662180386,Rosalinda,Robles,100548
100549,150432790,Leoncio,Calderon,100549
100550,879967173,Obdulia,Escobar,100550
100551,134425360,Inmaculada,Arrieta,100551
100552,444229411,Nydia,Aviles,100552
100553,453887748,Nestor,Calvet,100553
100554,209430049,Julieta,Cuenca,100554
100555,248514515,Carla,Padilla,100555
100556,406968282,Adelaida,Salva,100556
100557,622267043,Piedad,Miralles,100557
100558,417842621,Erasmo,Camacho,100558
100559,621273666,Gabriela,Zapata,100559
100560,389052222,Samanta,Puga,100560
100561,938662927,Amaya,Galvez,100561
100562,202216913,Montserrat,Corbacho,100562
100563,192572894,Sandalio,Pizarro,100563
100564,887329040,Melchor,Granados,100564
100565,717634697,Tadeo,Aguilera,100565
100566,698138422,Jorge,Segura,100566
100567,532016385,Julian,Gabaldon,100567
100568,589770219,Nicolasa,Garate,100568
100569,977697467,Herberto,Llopis,100569
100570,124917145,Ildefonso,Clemente,100570
100571,635968770,Tito,Cabeza,100571
100572,888818897,Tania,Santana,100572
100573,716773765,Goyo,Salcedo,100573
100574,729734823,Vasco,Palomo,100574
100575,139129452,Ani,Plana,100575
100576,749718264,Maria Del Carmen,Corominas,100576
100577,424753382,Jesus,Rosado,100577
100578,384123232,Amado,Donaire,100578
100579,637303881,Agata,Gonzalez,100579
100580,727445620,Ofelia,Zabaleta,100580
100581,204201524,Martin,Buendia,100581
100582,828018377,Graciana,Castell,100582
100583,589850405,Cayetano,Porcel,100583
100584,876286124,Maria Del Carmen,Barreda,100584
100585,501222768,Azahar,Benavides,100585
100586,874663722,Quirino,Jorda,100586
100587,600887213,Salud,Carreras,100587
100588,255692409,Casandra,Llabres,100588
100589,868223621,Serafina,Aguado,100589
100590,893424385,Dionisia,Ramirez,100590
100591,307289812,Julio Cesar,Anaya,100591
100592,232186206,Consuelo,Baquero,100592
100593,482920943,Chucho,Olivera,100593
100594,224022685,Loreto,Plana,100594
100595,906796962,Mayte,Barbera,100595
100596,367983973,Jimena,Miranda,100596
100597,907103128,Felipa,Cuadrado,100597
100598,491041213,Julio Cesar,Mora,100598
100599,764858025,Teofilo,Soto,100599
100600,355724156,Xiomara,Cuenca,100600
100601,379101049,Nazaret,Soto,100601
100602,665427543,Diana,Santiago,100602
100603,832077336,Caridad,Nunez,100603
100604,537991353,Francisco Jose,Ramos,100604
100605,922079516,Graciela,Leiva,100605
100606,982744489,Catalina,Crespo,100606
100607,773625281,Curro,Lorenzo,100607
100608,358709047,Victoria,Salvador,100608
100609,821252088,Diana,Zapata,100609
100610,289969274,Florina,Navas,100610
100611,100893528,Ciro,Lago,100611
100612,123422364,Carmelo,Ferrer,100612
100613,886132400,Adelina,Villa,100613
100614,881720961,Elias,Tovar,100614
100615,336739821,Dionisia,Rivas,100615
100616,112958585,Rosalinda,Soriano,100616
100617,456424869,Ruperta,Gascon,100617
100618,711129905,Maria Del Carmen,Olmo,100618
100619,173806358,Narciso,Villalba,100619
100620,285747744,Florencio,Barragan,100620
100621,814160624,Reynaldo,Rovira,100621
100622,477126762,Mohamed,Figueras,100622
100623,795928912,Panfilo,Borja,100623
100624,647949412,Galo,Luque,100624
100625,723168601,Donato,Rosales,100625
100626,950465661,Curro,Jove,100626
100627,339755116,Alonso,Munoz,100627
100628,578604926,Miguel,Castellanos,100628
100629,587758237,Adelaida,Acedo,100629
100630,263748974,Candelaria,Mas,100630
100631,630248342,Abigail,Barba,100631
100632,983041771,Angeles,Anton,100632
100633,757819737,Belen,Llado,100633
100634,328425315,Cayetana,Carreno,100634
100635,361504920,Reyes,Leiva,100635
100636,877426304,Rosa Maria,Cruz,100636
100637,210227169,Emma,Lago,100637
100638,413760500,Candelas,Carvajal,100638
100639,778011720,Marita,Ferreras,100639
100640,438197455,Amaro,Toledo,100640
100641,824726794,Mayte,Arino,100641
100642,107345048,Azahara,Rubio,100642
100643,588868295,Maria Jesus,Larranaga,100643
100644,679956965,America,Guerrero,100644
100645,617884197,Albino,Figuerola,100645
100646,283906138,Macaria,Alvarado,100646
100647,731353063,Casandra,Palacio,100647
100648,459702461,Lupe,Santiago,100648
100649,363311451,Valentin,Prats,100649
100650,568851962,German,Ledesma,100650
100651,106615034,Antonio,Cazorla,100651
100652,812286989,Albino,Calvo,100652
100653,149824839,Armando,Aguado,100653
100654,419518299,Galo,Cordoba,100654
100655,151379619,Elodia,Moya,100655
100656,786583466,Conrado,Rojas,100656
100657,343491631,Paulino,Paz,100657
100658,953440976,Flavio,Catalan,100658
100659,681994064,Amaro,Iriarte,100659
100660,408425106,Jesus,Paniagua,100660
100661,997059693,Vanesa,Escalona,100661
100662,200984017,Pepito,Hernando,100662
100663,826834174,Ignacio,Portillo,100663
100664,270667009,Maria Cristina,Oliver,100664
100665,865635493,Nelida,Bernal,100665
100666,970681721,Maria Angeles,Mariscal,100666
100667,712657688,Isaac,Llobet,100667
100668,762085201,Gracia,Cazorla,100668
100669,764729325,Reyna,Sales,100669
100670,432541329,Sandalio,Terron,100670
100671,597090031,Antonia,Feliu,100671
100672,614114131,Ariadna,Prado,100672
100673,180435050,Ciriaco,Mosquera,100673
100674,284405489,Mayte,Burgos,100674
100675,910817804,Mireia,Ariza,100675
100676,812271690,Natalio,Bru,100676
100677,299434684,Sara,Ledesma,100677
100678,206744961,Luisa,Abellan,100678
100679,162918722,Reinaldo,Carranza,100679
100680,417231044,Chucho,Sanjuan,100680
100681,336356959,Panfilo,Pablo,100681
100682,107076319,Marcelo,Garriga,100682
100683,511241478,Zaida,Pi,100683
100684,627911370,Rosendo,Cabrero,100684
100685,678535837,Haydee,Guzman,100685
100686,275474609,Florentina,Burgos,100686
100687,150955343,Guadalupe,Pages,100687
100688,365712823,Dulce,Ojeda,100688
100689,918729441,Evangelina,Alcala,100689
100690,555311104,Patricio,Avila,100690
100691,681064747,Melchor,Cueto,100691
100692,223705317,Roxana,Macias,100692
100693,341052650,Cirino,Navas,100693
100694,241135115,Bonifacio,Redondo,100694
100695,712232808,Alma,Santiago,100695
100696,449066935,Pascuala,Ortuno,100696
100697,817174559,Nando,Suarez,100697
100698,741317918,Sebastian,Mulet,100698
100699,256698158,Trinidad,Esparza,100699
100700,241893730,Norberto,Tirado,100700
100701,794841013,Maria,Frias,100701
100702,718086907,Sarita,Amigo,100702
100703,662091784,Jacinto,Pozo,100703
100704,353794439,Encarna,Salmeron,100704
100705,883092244,Pia,Vilanova,100705
100706,363110866,Noemi,Sancho,100706
100707,742989185,Asdrubal,Valencia,100707
100708,952267130,Guillermo,Espanol,100708
100709,495888223,Rolando,Soler,100709
100710,139193532,Rafa,Estevez,100710
100711,990167753,Pascuala,Portillo,100711
100712,608202783,Mariano,Borrego,100712
100713,750094376,Sabas,Gonzalez,100713
100714,381820422,Francisco Javier,Castello,100714
100715,187633119,Herberto,Baena,100715
100716,805925222,Marcio,Tejera,100716
100717,197941581,Evelia,Duenas,100717
100718,463062394,Miguela,Barrena,100718
100719,652300135,Trinidad,Campillo,100719
100720,257725850,Amada,Villalba,100720
100721,352366327,Modesta,Diego,100721
100722,726363913,Reina,Seco,100722
100723,158774826,Miguel,Quero,100723
100724,204639091,Clementina,Ordonez,100724
100725,664212019,Natalia,Cuervo,100725
100726,531196806,Faustino,Font,100726
100727,828144387,Sol,Alvarez,100727
100728,675091990,Amelia,Prat,100728
100729,328639191,Juan Manuel,Tudela,100729
100730,844981173,Amanda,Cabo,100730
100731,571855918,Elena,Cruz,100731
100732,397099906,Ximena,Gras,100732
100733,616844107,Maria Manuela,Tamarit,100733
100734,261270515,Rogelio,Sedano,100734
100735,946685582,Natanael,Arnau,100735
100736,546420800,Maristela,Garces,100736
100737,997785751,Hugo,Ortiz,100737
100738,481825782,Lola,Pareja,100738
100739,913746093,Natalia,Canton,100739
100740,175176623,Carlos,Berrocal,100740
100741,138156242,Felix,Gonzalez,100741
100742,676222579,Lisandro,Canet,100742
100743,120863001,Eulalia,Pereira,100743
100744,594184787,Teodoro,Ordonez,100744
100745,274237865,Yesica,Echevarria,100745
100746,505140352,Bernarda,Blazquez,100746
100747,144618825,Caridad,Pareja,100747
100748,386952468,Graciano,Bravo,100748
100749,575842094,Amelia,Bravo,100749
100750,461090490,Eusebia,Lobato,100750
100751,576230223,Luisa,Vigil,100751
100752,447883823,Luis Angel,Iborra,100752
100753,227705584,Roberto,Sebastian,100753
100754,916990475,Chita,Mayol,100754
100755,346436110,Otilia,Valverde,100755
100756,536734714,Guiomar,Santana,100756
100757,477411960,Joaquina,Grande,100757
100758,921134454,Osvaldo,Luna,100758
100759,343199186,Maria Del Carmen,Asenjo,100759
100760,753892247,Soraya,Adan,100760
100761,212701972,Alberto,Saez,100761
100762,119002087,Isabel,Pozo,100762
100763,732611452,Eligia,Torrents,100763
100764,402681285,Angeles,Berrocal,100764
100765,358505284,Aurelio,Ariza,100765
100766,568683057,Graciano,Valles,100766
100767,877674141,Inocencio,Calderon,100767
100768,387118080,Gilberto,Alfaro,100768
100769,566345346,Morena,Garrido,100769
100770,230145716,Violeta,Galvez,100770
100771,880372400,Crescencia,Torres,100771
100772,375005414,Azahara,Bosch,100772
100773,213024427,Luis,Samper,100773
100774,224718023,Berto,Mayoral,100774
100775,379832677,Lorena,Oller,100775
100776,516506740,Ruben,Acuna,100776
100777,206340962,Judith,Coca,100777
100778,510997812,Jesus,Serna,100778
100779,824765901,Rodolfo,Moran,100779
100780,860649189,Dominga,Sanchez,100780
100781,858672676,Onofre,Gaya,100781
100782,947156736,Hortensia,Iborra,100782
100783,971527238,Eva,Mendez,100783
100784,875906953,Ursula,Rius,100784
100785,371601586,Zoraida,Benavides,100785
100786,545054319,Albert,Sacristan,100786
100787,217486895,Luna,Tamarit,100787
100788,550131042,Amilcar,Heredia,100788
100789,488153044,Encarnacion,Bernat,100789
100790,355586996,Nidia,Pizarro,100790
100791,539787398,Concha,Beltran,100791
100792,610743372,Alex,Caro,100792
100793,163645302,Casemiro,Melero,100793
100794,265064301,Pancho,Sole,100794
100795,321296826,Eli,Vall,100795
100796,696437432,Maria Belen,Llorente,100796
100797,538263698,Celestina,Torrijos,100797
100798,582127531,Tono,Porcel,100798
100799,102857662,Martin,Martin,100799
100800,303093239,Javi,Alegria,100800
100801,221692194,Modesta,Jorda,100801
100802,698010591,Gerardo,Silva,100802
100803,825737467,Aurelio,Esparza,100803
100804,250031105,Lalo,Millan,100804
100805,791425564,Mercedes,Carro,100805
100806,854817867,Pepito,Delgado,100806
100807,259833308,Maximino,Vina,100807
100808,816416210,Pascual,Muniz,100808
100809,501483183,Eliseo,Blanch,100809
100810,131194983,Lino,Saura,100810
100811,296075663,Sabas,Suarez,100811
100812,212039977,Dario,Segura,100812
100813,543649834,Cristina,Pelayo,100813
100814,990218368,Milagros,Mendizabal,100814
100815,690800875,Ines,Alsina,100815
100816,469584590,Remedios,Carlos,100816
100817,621288862,Agueda,Baez,100817
100818,276326378,Ambrosio,Manjon,100818
100819,508727606,Marianela,Palau,100819
100820,814274845,Angelica,Folch,100820
100821,766611096,Nieves,Pol,100821
100822,586641046,Lucio,Alarcon,100822
100823,645610909,Marita,Herranz,100823
100824,331378124,Cebrian,Moles,100824
100825,654652170,Cirino,Olivera,100825
100826,962201166,Noe,Garcia,100826
100827,471148400,Cleto,Pascual,100827
100828,102440938,Eustaquio,Cabello,100828
100829,978763545,Modesta,Amaya,100829
100830,198332498,Emperatriz,Rosello,100830
100831,798973269,Eusebio,Luis,100831
100832,191561116,Soledad,Elias,100832
100833,898015508,Lucila,Quintana,100833
100834,163479272,Juanito,Agustin,100834
100835,703999093,Marco,Casanova,100835
100836,915768753,Berto,Lumbreras,100836
100837,531157161,Anastasio,Tejada,100837
100838,746647415,Adela,Cerezo,100838
100839,147947173,Loreto,Ariza,100839
100840,184304882,Nazaret,Palma,100840
100841,211745114,Anselmo,Bonet,100841
100842,908971458,Victoria,Maestre,100842
100843,488434902,Martirio,Tejero,100843
100844,316364590,Javier,Ibarra,100844
100845,361721076,Ambar,Juan,100845
100846,307653221,Edelmiro,Cases,100846
100847,412780595,Agapito,Ripoll,100847
100848,511099412,Alma,Bartolome,100848
100849,366280188,Domitila,Galan,100849
100850,892457715,Iban,Castells,100850
100851,236864483,Leyre,Gutierrez,100851
100852,617987105,Fidela,Davila,100852
100853,573216795,Rebeca,Batlle,100853
100854,308455449,Agapito,Ruano,100854
100855,424517544,Maxi,Camacho,100855
100856,564751322,Espiridion,Hernando,100856
100857,763195315,Maria Teresa,Garriga,100857
100858,240134306,Angelino,Exposito,100858
100859,252688068,Jose Angel,Perales,100859
100860,251785106,Eloisa,Banos,100860
100861,714290900,Ramona,Sancho,100861
100862,961237346,Ana,Bonilla,100862
100863,488901121,Charo,Ferrero,100863
100864,525430625,Primitivo,Corbacho,100864
100865,203458508,Anabel,Romeu,100865
100866,492211265,Amor,Gomila,100866
100867,496003862,Felix,Galvan,100867
100868,142259553,Lucas,Aramburu,100868
100869,224922593,Zaira,Esparza,100869
100870,118937806,Maximiliano,Canales,100870
100871,227998388,Silvia,Carpio,100871
100872,348313077,Poncio,Sobrino,100872
100873,996913358,Florencio,Iborra,100873
100874,267472697,Jose Manuel,Gimenez,100874
100875,695298701,Rafaela,Leal,100875
100876,536572600,Celso,Garay,100876
100877,374991252,Bernardo,Roca,100877
100878,772010106,Amancio,Castro,100878
100879,497228159,Maria Angeles,Torrecilla,100879
100880,448619897,Lino,Banos,100880
100881,666994129,Julio,Arana,100881
100882,753519040,Mariano,Catalan,100882
100883,963990089,Trini,Tejada,100883
100884,549196936,Sosimo,Somoza,100884
100885,946269827,Alondra,Balaguer,100885
100886,583803280,Jose Antonio,Sole,100886
100887,383410684,Salomon,Carrillo,100887
100888,683370398,Abilio,Daza,100888
100889,748290451,Clemente,Crespo,100889
100890,241905705,Gonzalo,Ferrandez,100890
100891,262139179,Roxana,Baro,100891
100892,174615544,Sabas,Melero,100892
100893,162259248,Severiano,Caballero,100893
100894,951271080,Sara,Giner,100894
100895,213855741,Esperanza,Matas,100895
100896,726732262,Casandra,Heras,100896
100897,159285274,Arturo,Castells,100897
100898,925443327,Fabian,Pera,100898
100899,432324257,Dulce,Rocha,100899
100900,531276452,Nelida,Ferrandez,100900
100901,164994943,Geraldo,Lamas,100901
100902,132200821,Vidal,Campillo,100902
100903,305696810,Marcelo,Marin,100903
100904,131962484,Julian,Sierra,100904
100905,133454279,Apolonia,Alberto,100905
100906,131783010,Anabel,Quevedo,100906
100907,904858481,Felicia,Sacristan,100907
100908,442481112,Fabian,Iriarte,100908
100909,131194147,Luisina,Salvador,100909
100910,330330885,Tamara,Alegria,100910
100911,340007079,Marcela,Hernando,100911
100912,209890185,Nicolas,Fuster,100912
100913,299299389,Roque,Campo,100913
100914,185830600,Ainoa,Colom,100914
100915,116721897,Carolina,Villalonga,100915
100916,278329460,Panfilo,Galvan,100916
100917,863597817,Eladio,Peinado,100917
100918,793611852,Mamen,Sotelo,100918
100919,415959641,Florina,Minguez,100919
100920,964432557,Pepito,Royo,100920
100921,420345550,Loida,Quiros,100921
100922,424925305,Caridad,Grau,100922
100923,412013142,Mayte,Coca,100923
100924,950949302,Gertrudis,Nunez,100924
100925,677311973,Crescencia,Alfaro,100925
100926,132441200,Eusebio,Saldana,100926
100927,390177495,Apolinar,Landa,100927
100928,419877413,Ani,Redondo,100928
100929,519904661,Juan Carlos,Torrens,100929
100930,327971899,Valentina,Miralles,100930
100931,834370108,Pia,Bejarano,100931
100932,312563842,Mario,Quintana,100932
100933,678700102,Asuncion,Aramburu,100933
100934,173552099,Antonio,Mendez,100934
100935,608508077,Bonifacio,Aroca,100935
100936,375872725,Maura,Ibanez,100936
100937,756565115,Milagros,Bartolome,100937
100938,322200091,Marisa,Araujo,100938
100939,746751272,Isidro,Estevez,100939
100940,331816596,Herberto,Barros,100940
100941,778273338,Aurelio,Aguirre,100941
100942,557740316,Emperatriz,Lopez,100942
100943,783074316,Carmina,Lumbreras,100943
100944,744787616,Pascual,Pintor,100944
100945,269428234,Benita,Lillo,100945
100946,956882706,Mariano,Tenorio,100946
100947,482446944,Belen,Carro,100947
100948,555532571,Jesusa,Sierra,100948
100949,601403616,Cruz,Sanchez,100949
100950,878822396,Rebeca,Atienza,100950
100951,814845224,Ester,Sacristan,100951
100952,452647647,Delfina,Bastida,100952
100953,235603703,Miguel,Izquierdo,100953
100954,138717093,Oscar,Guardia,100954
100955,244404425,Lourdes,Ledesma,100955
100956,170164163,Valero,Barragan,100956
100957,577852774,Consuela,Riquelme,100957
100958,882543486,Eugenia,Carrera,100958
100959,224669803,Elpidio,Esteban,100959
100960,496609397,Valerio,Valles,100960
100961,910326499,Angelica,Pujol,100961
100962,690778056,Melisa,Adan,100962
100963,524864046,Maxima,Medina,100963
100964,765387187,Plinio,Ochoa,100964
100965,232404338,David,Barroso,100965
100966,544652412,Ruperta,Llano,100966
100967,749637789,Jordan,Baena,100967
100968,195531507,Ivan,Porta,100968
100969,143060808,Hermenegildo,Vina,100969
100970,779967770,Borja,Llobet,100970
100971,469373208,Juanito,Arribas,100971
100972,646680916,Elodia,Serna,100972
100973,793634689,Sarita,Arana,100973
100974,984746051,Juan,Vilaplana,100974
100975,118565836,Ani,Rodenas,100975
100976,103822253,Marco,Amo,100976
100977,790692992,Tomas,Frutos,100977
100978,555803788,Ricarda,Simo,100978
100979,173256553,Anabel,Delgado,100979
100980,375185727,Nazaret,Baeza,100980
100981,567215383,Jose Angel,Reguera,100981
100982,876244905,Joaquin,Vaquero,100982
100983,453627347,Anselma,Lillo,100983
100984,259939248,Maristela,Vicente,100984
100985,575099371,Damian,Patino,100985
100986,236698306,Marina,Rincon,100986
100987,238297522,Felix,Crespo,100987
100988,430572099,Alba,Roman,100988
100989,623607183,Juan Manuel,Sedano,100989
100990,123715855,Olivia,Sanchez,100990
100991,522958124,Itziar,Rios,100991
100992,352871618,Vinicio,Alegria,100992
100993,811903672,Manuel,Ruiz,100993
100994,410264403,Jose,Mugica,100994
100995,560419311,Elias,Carnero,100995
100996,443085940,Mariano,Paz,100996
100997,822120022,Epifanio,Ramos,100997
100998,689148772,Maria Cristina,Solano,100998
100999,127523636,Gabriel,Arteaga,100999
101000,873331099,Severino,Navarro,101000
101001,729351780,Paz,Sobrino,101001
101002,458131923,Alfonso,Baez,101002
101003,746629274,Rodolfo,Araujo,101003
101004,155922280,Luis Angel,Vallejo,101004
101005,839912635,Ligia,Francisco,101005
101006,734056153,Moreno,Uriarte,101006
101007,203865355,Santos,Arranz,101007
101008,455550907,Sancho,Catala,101008
101009,177738484,Olegario,Pombo,101009
101010,650441187,Melisa,Zabaleta,101010
101011,585958660,Agustin,Fajardo,101011
101012,251350246,Pastor,Jaume,101012
101013,827516668,Josep,Gabaldon,101013
101014,483856476,Adriana,Cerezo,101014
101015,588887723,Bernardo,Daza,101015
101016,279481997,Alexandra,Pedrero,101016
101017,616268605,Ricarda,Morera,101017
101018,213603269,Fermin,Galiano,101018
101019,191401755,Teodosio,Castilla,101019
101020,413516351,Salomon,Aranda,101020
101021,688926436,Yolanda,Cepeda,101021
101022,423903971,Mamen,Pinilla,101022
101023,261997816,Ambar,Briones,101023
101024,814246610,Rafael,Marco,101024
101025,914389656,Manuel,Guerra,101025
101026,619030481,Dafne,Donoso,101026
101027,239595249,Viviana,Quevedo,101027
101028,878091799,Imelda,Ibanez,101028
101029,876198092,Luciano,Gutierrez,101029
101030,123393506,Artemio,Barcelo,101030
101031,593126511,Montserrat,Gutierrez,101031
101032,310505737,Benita,Gimeno,101032
101033,106767866,Severiano,Leal,101033
101034,446377944,Severiano,Jover,101034
101035,835484272,Bruno,Borras,101035
101036,121306507,Anibal,Boada,101036
101037,483912444,Rodolfo,Morante,101037
101038,709806268,Tomasa,Rebollo,101038
101039,836186430,Calista,Cal,101039
101040,710324502,Tere,Arevalo,101040
101041,721044633,Ximena,Aragones,101041
101042,802123427,Evita,Ruiz,101042
101043,480145571,Buenaventura,Naranjo,101043
101044,593597364,Maria Belen,Espinosa,101044
101045,474636038,Jacobo,Anguita,101045
101046,276258749,Maria Carmen,Bayona,101046
101047,767823759,Antonio,Arco,101047
101048,509642433,Mariano,Morcillo,101048
101049,188707942,Rocio,Villalba,101049
101050,550412789,Aranzazu,Solana,101050
101051,715549859,Duilio,Cisneros,101051
101052,203043449,Carmelita,Costa,101052
101053,883635710,Lupita,Castellanos,101053
101054,544430912,Anita,Belmonte,101054
101055,248312232,Juan,Colom,101055
101056,243145861,Reyes,Sanmartin,101056
101057,396794561,Severino,Guerrero,101057
101058,444517194,Jose Maria,Mir,101058
101059,466746132,Reina,Chamorro,101059
101060,976349425,Guillermo,Galvez,101060
101061,636069276,Azahar,Tello,101061
101062,101026681,Amarilis,Lopez,101062
101063,237960062,Maria Pilar,Alonso,101063
101064,298952220,Guiomar,Enriquez,101064
101065,572494433,Dorita,Sola,101065
101066,804571298,Humberto,Coca,101066
101067,385448807,Loreto,Agustin,101067
101068,379181310,Vera,Bas,101068
101069,265248176,Chus,Gabaldon,101069
101070,846626628,Omar,Julia,101070
101071,519525910,Abril,Bellido,101071
101072,193669141,Raquel,Castellanos,101072
101073,617558612,Carina,Cerezo,101073
101074,145697664,Teofilo,Marin,101074
101075,538128084,Cebrian,Rosell,101075
101076,278014541,Geronimo,Baeza,101076
101077,755324735,Agueda,Manzanares,101077
101078,604475812,Olegario,Barrena,101078
101079,643289318,Loreto,Bayo,101079
101080,139045804,Isidoro,Pera,101080
101081,291388312,Florinda,Guillen,101081
101082,739256506,Emma,Marquez,101082
101083,222343221,Amarilis,Moran,101083
101084,579276771,Alberto,Rodrigo,101084
101085,858972888,Aroa,Rivera,101085
101086,961766903,Pelayo,Mayoral,101086
101087,580695943,Barbara,Pi,101087
101088,664038794,Joan,Enriquez,101088
101089,575621958,Pilar,Arrieta,101089
101090,110689582,Olga,Atienza,101090
101091,835001506,Leocadio,Casals,101091
101092,491268883,Amancio,Goicoechea,101092
101093,899276071,Danilo,Calderon,101093
101094,583594243,Reinaldo,Diez,101094
101095,260045344,Raul,Bautista,101095
101096,510522883,Anunciacion,Rosado,101096
101097,422313429,Lola,Carpio,101097
101098,398534541,Evelia,Martin,101098
101099,486073792,Juan Antonio,Ribas,101099
101100,131882095,Javiera,Ferrera,101100
101101,183232611,Amancio,Lluch,101101
101102,407458467,Maria Carmen,Granados,101102
101103,623186246,Ana,Duran,101103
101104,856286573,Bienvenida,Pol,101104
101105,472549485,Conrado,Castell,101105
101106,975463543,Yago,Cozar,101106
101107,191236775,Chus,Cerda,101107
101108,362486215,Francisco Javier,Francisco,101108
101109,108726765,Virginia,Batalla,101109
101110,373197576,Jennifer,Arevalo,101110
101111,446913183,Isaias,Rosales,101111
101112,199174459,Paloma,Gomis,101112
101113,423950075,Rico,Rosa,101113
101114,471343854,Mirta,Olmo,101114
101115,832668494,Barbara,Tello,101115
101116,994217154,Jose,Sureda,101116
101117,814626323,Lino,Contreras,101117
101118,674772533,Chucho,Pintor,101118
101119,370110720,Soraya,Tome,101119
101120,712478626,Valeria,Fabra,101120
101121,342290355,German,Alberdi,101121
101122,234507448,Antonia,Mayol,101122
101123,645102501,Chus,Chacon,101123
101124,763048288,Marco,Figuerola,101124
101125,902726887,Lucila,Asenjo,101125
101126,134554029,Ariel,Canton,101126
101127,582528887,Primitiva,Cerdan,101127
101128,674790542,Isaac,Leon,101128
101129,261023120,Cirino,Godoy,101129
101130,771532516,Dani,Espanol,101130
101131,136404503,Camila,Alvarez,101131
101132,475210531,Jose Francisco,Lluch,101132
101133,153958377,Silvio,Frias,101133
101134,859386684,Nicolasa,Miranda,101134
101135,658969025,Calixto,Armengol,101135
101136,902758305,Americo,Armengol,101136
101137,541277111,Rene,Coronado,101137
101138,504199528,Luz,Bru,101138
101139,327928470,Duilio,Peiro,101139
101140,784928875,Guadalupe,Amigo,101140
101141,857061708,Reyes,Amor,101141
101142,241978703,Alfredo,Porta,101142
101143,336331947,Nieves,Pera,101143
101144,530675040,Bienvenida,Canellas,101144
101145,565876566,Fernando,Tejada,101145
101146,875651764,Sol,Escribano,101146
101147,866845853,Leocadia,Tomas,101147
101148,651456943,Ruy,Carpio,101148
101149,942635213,Ricardo,Quero,101149
101150,117424688,Octavio,Canellas,101150
101151,511236286,Ricarda,Araujo,101151
101152,970730435,Ulises,Benavent,101152
101153,783639789,Onofre,Castillo,101153
101154,543731440,Cruz,Marcos,101154
101155,944941760,Otilia,Lara,101155
101156,104758704,Lazaro,Gomez,101156
101157,365802446,Inocencio,Arribas,101157
101158,533098761,Juanita,Pi,101158
101159,409220187,Leoncio,Arino,101159
101160,567859632,Cruz,Pino,101160
101161,100989291,Herminio,Aznar,101161
101162,977997007,Efrain,Folch,101162
101163,749293588,Maricela,Serrano,101163
101164,535432396,Elvira,Ballester,101164
101165,514679576,Gonzalo,Llorente,101165
101166,233815015,Ceferino,Franco,101166
101167,765654479,Jose Maria,Llabres,101167
101168,632537682,Matilde,Noriega,101168
101169,401629580,Jose Ramon,Ballester,101169
101170,306427977,Elba,Llorens,101170
101171,624272209,Caridad,Benavides,101171
101172,256529866,Aureliano,Ojeda,101172
101173,800653787,Natalio,Teruel,101173
101174,821448612,Fulgencio,Blanch,101174
101175,284290549,Diana,Manjon,101175
101176,529794925,Reynaldo,Paz,101176
101177,583397414,Alonso,Cardenas,101177
101178,578149310,Amalia,Arevalo,101178
101179,633430843,Flor,Rocamora,101179
101180,432376270,Lucio,Folch,101180
101181,608771254,Jenny,Garces,101181
101182,248500316,Aura,Batlle,101182
101183,229045150,Lucas,Palacio,101183
101184,136195450,Reyna,Morell,101184
101185,212415204,Evelia,Barrio,101185
101186,703726227,Vito,Gomez,101186
101187,467359534,Ruperta,Barriga,101187
101188,468802201,Alex,Cordoba,101188
101189,495893503,Lorena,Galindo,101189
101190,695232092,Chita,Pacheco,101190
101191,459144729,Beatriz,Serrano,101191
101192,357776752,Sabina,Manzano,101192
101193,212813735,Eufemia,Juan,101193
101194,374863139,Wilfredo,Borras,101194
101195,430307050,Emperatriz,Clavero,101195
101196,499480647,Remedios,Francisco,101196
101197,668089134,Pastora,Pacheco,101197
101198,850622780,Daniela,Casado,101198
101199,993018258,Aristides,Ribes,101199
101200,442263507,Nicodemo,Julia,101200
101201,177530859,Zaida,Mateu,101201
101202,788024149,Prudencia,Lluch,101202
101203,199651898,Serafina,Alvaro,101203
101204,817742634,Laura,Ortega,101204
101205,883170811,Hugo,Carbonell,101205
101206,639590984,Noe,Pont,101206
101207,470903983,Gala,Gallardo,101207
101208,470184825,Anacleto,Carrera,101208
101209,176907005,Geraldo,Ripoll,101209
101210,503897599,Olegario,Alcolea,101210
101211,583333654,Cesar,Exposito,101211
101212,498283398,Dafne,Talavera,101212
101213,371329251,Juanito,Pastor,101213
101214,391015850,Mamen,Casals,101214
101215,265646324,Fabricio,Valls,101215
101216,130367301,Diego,Guitart,101216
101217,492462180,Adalberto,Machado,101217
101218,246825895,Ramona,Velazquez,101218
101219,567063648,Carmelo,Guillen,101219
101220,365892323,Calista,Alvarez,101220
101221,423436463,Ambrosio,Cabrera,101221
101222,447190484,Eleuterio,Baez,101222
101223,563736631,Charo,Estevez,101223
101224,366761391,Herminio,Boix,101224
101225,709024020,Bernardo,Torrijos,101225
101226,304470152,Ramon,Francisco,101226
101227,864414037,Wilfredo,Hierro,101227
101228,635293158,Margarita,Exposito,101228
101229,876708312,Elvira,Palomar,101229
101230,310784714,Purificacion,Serrano,101230
101231,949986557,Montserrat,Zabaleta,101231
101232,889317999,Clarisa,Noguera,101232
101233,843645634,Tito,Ballester,101233
101234,383272169,Micaela,Sales,101234
101235,185272640,Hector,Ramos,101235
101236,450948674,Margarita,Puente,101236
101237,800858300,Espiridion,Fuertes,101237
101238,404136610,Roldan,Beltran,101238
101239,987090226,Mireia,Rueda,101239
101240,762021345,Demetrio,Ferreras,101240
101241,380295357,Ezequiel,Recio,101241
101242,730159662,Geraldo,Nicolas,101242
101243,962082879,Oscar,Prada,101243
101244,320952919,Soledad,Garces,101244
101245,109106842,Cipriano,Lluch,101245
101246,638140502,Carmelita,Ruano,101246
101247,662039624,Juan Francisco,Quintana,101247
101248,870880364,Carmelita,Montana,101248
101249,258980041,Emma,Valenciano,101249
101250,851008733,Leire,Torrents,101250
101251,344252893,Cleto,Tena,101251
101252,224135816,Gema,Rodriguez,101252
101253,267065839,Nicolas,Herranz,101253
101254,711541860,Melchor,Verdu,101254
101255,435019956,Tere,Cortes,101255
101256,156593141,Ismael,Arrieta,101256
101257,146882246,Beatriz,Jaume,101257
101258,414296216,Wilfredo,Saez,101258
101259,659587751,Anacleto,Leon,101259
101260,507837392,Florentina,Molina,101260
101261,937945369,Sandra,Agustin,101261
101262,123100909,Iris,Vega,101262
101263,861617951,Albina,Marques,101263
101264,996620531,Jose Antonio,Conde,101264
101265,617771536,Anselma,Castello,101265
101266,797798370,Eusebia,Pizarro,101266
101267,597312183,Juan Francisco,Miro,101267
101268,627759514,Sosimo,Cid,101268
101269,523701645,Reynaldo,Urrutia,101269
101270,351261563,Ester,Rius,101270
101271,345558126,Norberto,Sanchez,101271
101272,545694029,Dani,Cuevas,101272
101273,637963147,Leopoldo,Montes,101273
101274,274422412,Natividad,Saldana,101274
101275,110540110,Anselma,Blanch,101275
101276,550417821,Mauricio,Roig,101276
101277,591850072,Ezequiel,Blanca,101277
101278,614277972,Martin,Hervas,101278
101279,382226689,Manuela,Marcos,101279
101280,149098529,Camila,Roldan,101280
101281,317172542,Eusebio,Garate,101281
101282,343435223,Vicente,Teruel,101282
101283,815545888,Ulises,Macias,101283
101284,995717430,Americo,Briones,101284
101285,962707558,Ines,Carro,101285
101286,721235029,Anabel,Duran,101286
101287,919614338,Marita,Juarez,101287
101288,764516309,Pastora,Olivares,101288
101289,985653451,Alonso,Juarez,101289
101290,545210678,Virgilio,Terron,101290
101291,198435837,Sofia,Cardenas,101291
101292,444849159,Emma,Anaya,101292
101293,132702035,Romulo,Navarrete,101293
101294,852216505,Ruben,Tirado,101294
101295,891291698,Jose Manuel,Peiro,101295
101296,102800607,Americo,Alegria,101296
101297,107472902,Soraya,Higueras,101297
101298,867050488,Claudio,Mancebo,101298
101299,288075240,Claudio,Casanovas,101299
101300,723184425,Galo,Ramirez,101300
101301,453448810,Goyo,Rovira,101301
101302,180070096,Fabiola,Sola,101302
101303,154407882,Jeremias,Santiago,101303
101304,319102960,Carina,Escribano,101304
101305,905036497,Chelo,Izaguirre,101305
101306,528276650,Gabino,Pablo,101306
101307,123309721,Rodrigo,Bautista,101307
101308,750098186,Anastasia,Cal,101308
101309,223059998,Nico,Machado,101309
101310,626522336,Maximino,Garate,101310
101311,261447180,Eusebio,Santamaria,101311
101312,497193272,Buenaventura,Benavent,101312
101313,727339036,Candido,Sevillano,101313
101314,559275132,Ani,Castejon,101314
101315,729859127,Rosalinda,Tamayo,101315
101316,353812304,Carina,Azorin,101316
101317,459520694,Nicanor,Prieto,101317
101318,438601810,Dafne,Losa,101318
101319,872361618,Tadeo,Bartolome,101319
101320,274890906,Josefa,Ruano,101320
101321,678044692,Dionisio,Gual,101321
101322,118472919,Fabian,Vall,101322
101323,128020558,Albano,Cal,101323
101324,418498411,Benito,Pol,101324
101325,982321863,Jacobo,Gamez,101325
101326,777295270,Luis,Gil,101326
101327,881056910,Teodora,Valderrama,101327
101328,237398985,Isaias,Boix,101328
101329,474666978,Jose Angel,Blanca,101329
101330,876234180,Macarena,Heras,101330
101331,905590955,Inigo,Moreno,101331
101332,761720594,Elias,Sotelo,101332
101333,371103916,Guadalupe,Pinilla,101333
101334,289120355,Evaristo,Lledo,101334
101335,114371470,Elias,Albero,101335
101336,836858173,Amor,Sanz,101336
101337,330638634,Rico,Llopis,101337
101338,366669790,Leonardo,Canellas,101338
101339,261837404,Florentina,Noriega,101339
101340,887099326,Calisto,Aramburu,101340
101341,105896750,Salomon,Luz,101341
101342,587569888,Alcides,Rivero,101342
101343,818668678,Anacleto,Poza,101343
101344,104072222,Flavia,Roig,101344
101345,130702986,Manolo,Pomares,101345
101346,448001729,Jose Manuel,Alcolea,101346
101347,957424115,Carmelita,Villar,101347
101348,105794536,Lupe,Serra,101348
101349,879751370,Maximino,Acosta,101349
101350,985739586,Leoncio,Lasa,101350
101351,162156472,Rico,Gras,101351
101352,352367942,Saturnina,Tejada,101352
101353,903069953,Teofilo,Carvajal,101353
101354,773019861,Juliana,Ballesteros,101354
101355,470010128,Guadalupe,Navas,101355
101356,715536308,Isaura,Paredes,101356
101357,556493338,Dora,Diaz,101357
101358,987676290,Leandra,Sans,101358
101359,665582506,Felicidad,Marti,101359
101360,127065158,Emigdio,Hurtado,101360
101361,365540825,Marisela,Carbo,101361
101362,387973215,Perlita,Bonet,101362
101363,733541996,Belen,Bernal,101363
101364,164831249,Mamen,Blazquez,101364
101365,402951875,Reinaldo,Escolano,101365
101366,556028521,Haydee,Morata,101366
101367,342238683,Guadalupe,Porras,101367
101368,416830300,Telmo,Espana,101368
101369,324939131,Epifanio,Arrieta,101369
101370,882681306,Cipriano,Cepeda,101370
101371,710956962,Heriberto,Boada,101371
101372,449157653,Tadeo,Anton,101372
101373,709832377,Crescencia,Estevez,101373
101374,749379078,Gonzalo,Diez,101374
101375,663688751,Juan Jose,Parra,101375
101376,562856627,Maximiano,Armengol,101376
101377,474057591,Severiano,Ariza,101377
101378,198274771,Juan,Ortega,101378
101379,551137948,Sosimo,Salvador,101379
101380,109866257,Placido,Izaguirre,101380
101381,960315192,Tito,Pedrosa,101381
101382,825749635,Cintia,Ferrandiz,101382
101383,133126759,Cecilia,Fiol,101383
101384,892562543,Duilio,Vazquez,101384
101385,683876917,Jeremias,Pelayo,101385
101386,683679787,Jesus,Camino,101386
101387,288036779,Rodrigo,Pages,101387
101388,345817771,Moreno,Pons,101388
101389,890358491,Sarita,Cano,101389
101390,225998865,Natanael,Isern,101390
101391,149227483,Poncio,Guzman,101391
101392,887939165,Marcial,Corominas,101392
101393,240554104,Begona,Roig,101393
101394,574939074,Mireia,Losada,101394
101395,478029866,David,Angulo,101395
101396,389122352,Benita,Manrique,101396
101397,790033692,Chus,Bravo,101397
101398,843860111,Chuy,Bertran,101398
101399,566138118,Fidel,Otero,101399
101400,635128146,Candela,Pedraza,101400
101401,530480682,Ezequiel,Mancebo,101401
101402,954923364,Onofre,Roura,101402
101403,146133154,Margarita,Palacios,101403
101404,990275618,Curro,Solsona,101404
101405,633927138,Tiburcio,Otero,101405
101406,174425182,Mirta,Tirado,101406
101407,668966607,Raimundo,Matas,101407
101408,500574738,Federico,Luque,101408
101409,517230453,Azahara,Navas,101409
101410,849162785,Apolinar,Cabezas,101410
101411,779279221,Flor,Campos,101411
101412,234196919,Ester,Gallego,101412
101413,979114798,Geronimo,Vicens,101413
101414,897584085,Felipe,Bou,101414
101415,931877592,Camilo,Carbonell,101415
101416,787749370,Pepita,Velasco,101416
101417,841019267,Luisa,Pedraza,101417
101418,241846470,Santos,Oller,101418
101419,119618551,Cipriano,Huerta,101419
101420,161745976,Amor,Barrios,101420
101421,536632720,Osvaldo,Feliu,101421
101422,952250812,Renata,Coronado,101422
101423,653158976,Pascual,Morante,101423
101424,213008418,Ester,Mosquera,101424
101425,164500098,Isaura,Leon,101425
101426,285932878,Adora,Andres,101426
101427,506869071,Aroa,Pinilla,101427
101428,774332632,Florentino,Aramburu,101428
101429,241919831,Tania,Mayoral,101429
101430,376272547,Joel,Sans,101430
101431,964744977,Candido,Osuna,101431
101432,756334141,Rosario,Martorell,101432
101433,157382827,Maximiliano,Ocana,101433
101434,859930854,Emiliano,Sevilla,101434
101435,224693025,Adrian,Lasa,101435
101436,162790260,Maria,Talavera,101436
101437,620066820,Duilio,Sanchez,101437
101438,246507474,Leticia,Esparza,101438
101439,437100224,Maria Fernanda,Flor,101439
101440,722859626,Paco,Infante,101440
101441,234763943,Maxima,Higueras,101441
101442,654339687,Bernardino,Aragones,101442
101443,881906801,Anselma,Valbuena,101443
101444,960898345,Cecilio,Reyes,101444
101445,230343333,Chus,Beltran,101445
101446,921355192,Bautista,Palau,101446
101447,833334351,Poncio,Duque,101447
101448,882332307,Onofre,Sobrino,101448
101449,763208666,Claudia,Pazos,101449
101450,492715362,Nazario,Barcena,101450
101451,677104744,Gisela,Fernandez,101451
101452,303946500,Andrea,Pedro,101452
101453,300966677,Atilio,Calvet,101453
101454,939669718,Nidia,Pulido,101454
101455,530762723,Celso,Pedrero,101455
101456,910356300,Marisa,Robledo,101456
101457,174153208,Julio Cesar,Aparicio,101457
101458,796980595,Guiomar,Ordonez,101458
101459,773274538,Priscila,Lago,101459
101460,815397901,Anselma,Torrijos,101460
101461,861155185,Fanny,Llado,101461
101462,657721842,Maria Teresa,Rico,101462
101463,795604005,Elpidio,Rossello,101463
101464,143301223,Roldan,Rosell,101464
101465,410301391,Francisca,Riba,101465
101466,983808013,Marina,Nogueira,101466
101467,907968816,Augusto,Collado,101467
101468,219375824,Encarnacion,Carranza,101468
101469,625125883,Ariel,Lillo,101469
101470,871101192,Maria Jose,Bejarano,101470
101471,878127484,Juan Bautista,Blanch,101471
101472,199531987,Herberto,Larranaga,101472
101473,226123930,Bernardita,Bueno,101473
101474,229085363,Crescencia,Canellas,101474
101475,939357052,Serafina,Coca,101475
101476,730212407,Salomon,Carretero,101476
101477,484509319,Loreto,Robles,101477
101478,410308487,Asdrubal,Arco,101478
101479,273400108,Eusebia,Morillo,101479
101480,177985832,Severo,Herranz,101480
101481,845896328,Lupe,Salom,101481
101482,560078551,Panfilo,Camino,101482
101483,738793221,Lorenzo,Zapata,101483
101484,894844602,Esperanza,Torre,101484
101485,579581675,Marcelo,Collado,101485
101486,578241050,Tatiana,Ayllon,101486
101487,340534757,Antonio,Vara,101487
101488,678785408,Herminia,Roman,101488
101489,970505700,Jordi,Sainz,101489
101490,495013380,Saturnino,Vara,101490
101491,204190501,Herminio,Murillo,101491
101492,199432888,Camilo,Buendia,101492
101493,501319488,Rosa Maria,Benitez,101493
101494,560299159,Beatriz,Serrano,101494
101495,499670451,Silvio,Nicolas,101495
101496,914691979,Carlota,Paredes,101496
101497,492047949,Alexandra,Peral,101497
101498,137181282,Reina,Soler,101498
101499,327004314,Ricarda,Palomino,101499
101500,895679321,Elvira,Cadenas,101500
101501,828634423,Paula,Andres,101501
101502,704183837,Virginia,Reina,101502
101503,681348889,Jaime,Casal,101503
101504,267639170,Juan Antonio,Correa,101504
101505,900879710,Begona,Canet,101505
101506,604148409,Jordi,Gutierrez,101506
101507,892194338,Glauco,Franco,101507
101508,987166716,Lupita,Collado,101508
101509,223787762,Martin,Coll,101509
101510,718466270,Marcia,Hernando,101510
101511,936800748,Juan Bautista,Grande,101511
101512,660688568,Fortunata,Mendizabal,101512
101513,120531672,Nicolas,Zorrilla,101513
101514,353451816,Paca,Ferrando,101514
101515,184095324,Lupe,Mancebo,101515
101516,389597305,Sebastian,Agustin,101516
101517,865775787,Regulo,Machado,101517
101518,757554901,Vicenta,Duran,101518
101519,771828063,Elisabet,Coello,101519
101520,949172200,Dulce,Ballester,101520
101521,363234152,Macaria,Villaverde,101521
101522,127036321,Severino,Benavente,101522
101523,789871450,Jose Luis,Alcazar,101523
101524,834140075,Encarnacion,Llobet,101524
101525,733055853,David,Pino,101525
101526,758253648,Emperatriz,Ramis,101526
101527,626346691,Dafne,Saldana,101527
101528,747477412,Eufemia,Segui,101528
101529,453506284,Raul,Olivares,101529
101530,608646358,Nidia,Cornejo,101530
101531,361315663,Cecilio,Sarabia,101531
101532,864843475,Carina,Gilabert,101532
101533,914694232,Loreto,Bernat,101533
101534,157045303,Josefina,Salom,101534
101535,774643266,Damian,Rocamora,101535
101536,652015336,Yolanda,Mulet,101536
101537,908731645,Esmeralda,Borrego,101537
101538,816016633,Gracia,Yuste,101538
101539,343446671,Dionisia,Company,101539
101540,845761732,Leoncio,Alfonso,101540
101541,743786420,Marcelino,Pujol,101541
101542,556712554,Quirino,Campoy,101542
101543,292767623,Cayetana,Pizarro,101543
101544,351646072,Apolinar,Alcala,101544
101545,387735354,Nuria,Angel,101545
101546,981360414,Gil,Escribano,101546
101547,431657148,Flavio,Mayoral,101547
101548,534655233,Guiomar,Lara,101548
101549,659929831,Heliodoro,Rodrigo,101549
101550,912969400,Luciano,Ramon,101550
101551,878081761,Timoteo,Talavera,101551
101552,133239714,Chuy,Comas,101552
101553,344341156,Veronica,Falco,101553
101554,794581586,Abraham,Lopez,101554
101555,272521423,Saturnino,Bernat,101555
101556,429141351,Calisto,Ramis,101556
101557,290527660,Lucas,Castilla,101557
101558,619561998,Flora,Munoz,101558
101559,308344782,Jaime,Lasa,101559
101560,917646828,Maricela,Pera,101560
101561,298276912,Alicia,Planas,101561
101562,506879314,Arturo,Quero,101562
101563,115656049,Godofredo,Salom,101563
101564,503484214,Aurea,Garriga,101564
101565,614075798,Josep,Conesa,101565
101566,374006066,Leopoldo,Serrano,101566
101567,205205464,Alejo,Castells,101567
101568,633160357,Azahara,Crespi,101568
101569,871248560,Raquel,Valdes,101569
101570,124326524,Elpidio,Agullo,101570
101571,554097378,Rufino,Roda,101571
101572,823509563,Juan Manuel,Francisco,101572
101573,408795985,Manola,Llano,101573
101574,711394240,Lilia,Menendez,101574
101575,561028883,Maxima,Anglada,101575
101576,329113576,Cecilia,Calleja,101576
101577,932159950,Jacinto,Jaen,101577
101578,663670600,Tomasa,Hernando,101578
101579,571373031,Trinidad,Clavero,101579
101580,668400570,Demetrio,Aparicio,101580
101581,735871364,Rosalva,Benavides,101581
101582,782224338,Jaime,Sosa,101582
101583,623911247,Jacinto,Cabanillas,101583
101584,379500335,Ruben,Moraleda,101584
101585,986673896,Ivan,Fajardo,101585
101586,959811704,Pastor,Pedrosa,101586
101587,523878071,Aroa,Bolanos,101587
101588,213632225,Moises,Manrique,101588
101589,653760469,Nicanor,Mata,101589
101590,596927497,Modesto,Ferran,101590
101591,169487617,Pablo,Ayala,101591
101592,721608206,Trini,Corral,101592
101593,178013520,Eusebio,Muniz,101593
101594,107297353,Benito,Osuna,101594
101595,230756368,Eric,Sarabia,101595
101596,747871847,Rocio,Rius,101596
101597,337004540,Samanta,Asenjo,101597
101598,412765080,Candido,Murcia,101598
101599,562239792,Maximiano,Santamaria,101599
101600,221442915,Vilma,Ugarte,101600
101601,404431733,Zacarias,Rius,101601
101602,327038138,Cebrian,Berenguer,101602
101603,130318612,Bautista,Casals,101603
101604,179740846,Jenny,Mendez,101604
101605,823350856,Tomas,Mariscal,101605
101606,416825218,Remigio,Jover,101606
101607,684049033,Tito,Marquez,101607
101608,680649234,Isidora,Cuadrado,101608
101609,257888552,Florencia,Narvaez,101609
101610,577800484,Vicenta,Manzano,101610
101611,132842487,Rosalva,Serna,101611
101612,729786729,Hernando,Vilanova,101612
101613,708174163,Eugenia,Andres,101613
101614,943166468,Mamen,Pla,101614
101615,681386451,Ester,Exposito,101615
101616,291553823,Abel,Martin,101616
101617,467819545,Maricruz,Jaen,101617
101618,646333941,Eusebio,Bertran,101618
101619,484017251,Nicodemo,Vilar,101619
101620,482900929,Anastasia,Pellicer,101620
101621,583691640,Florina,Arranz,101621
101622,447602980,Amparo,Vega,101622
101623,945347905,Edu,Quiros,101623
101624,362449749,Santiago,Blazquez,101624
101625,153462545,Graciela,Pinilla,101625
101626,935743156,Loida,Hoz,101626
101627,585548034,Dorita,Barroso,101627
101628,952746492,Margarita,Alegre,101628
101629,254103352,Pacifica,Adadia,101629
101630,990676516,Cesar,Ayllon,101630
101631,494447033,Ramona,Manjon,101631
101632,285939074,Manu,Angulo,101632
101633,620995531,Loreto,Cabo,101633
101634,546210622,Reyes,Solera,101634
101635,399353994,Francisco Jose,Villalba,101635
101636,891130350,Juliana,Carlos,101636
101637,129247147,Fabricio,Aragon,101637
101638,447128925,Adela,Prats,101638
101639,605624691,Trini,Alcalde,101639
101640,294800562,Aitana,Lopez,101640
101641,300263925,Agapito,Mendez,101641
101642,769884688,Herminio,Rozas,101642
101643,468524370,Manolo,Cuervo,101643
101644,874219106,Haydee,Bartolome,101644
101645,904068972,Aitana,Llabres,101645
101646,794609275,Hernando,Donoso,101646
101647,155098349,Diana,Olive,101647
101648,713855623,Anastasia,Riquelme,101648
101649,193822767,Rita,Yuste,101649
101650,690823403,Segismundo,Pelayo,101650
101651,501500683,Octavio,Galvez,101651
101652,585683908,Clara,Campos,101652
101653,659327695,Gilberto,Solana,101653
101654,336720416,Alejandra,Rosales,101654
101655,234976997,Zaida,Pinol,101655
101656,204426672,Amor,Cabrero,101656
101657,267874136,Baldomero,Ramos,101657
101658,800246708,Arturo,Fabra,101658
101659,642807931,Enrique,Uria,101659
101660,829244475,Hugo,Garmendia,101660
101661,780527882,Bernardita,Hierro,101661
101662,633654463,Manuel,Soler,101662
101663,510223643,Amanda,Ruiz,101663
101664,619589528,Julieta,Ripoll,101664
101665,837930159,Florina,Torrens,101665
101666,465902120,Marc,Carballo,101666
101667,426578862,Emma,Criado,101667
101668,573515999,Estela,Peinado,101668
101669,850568019,Luciano,Pineiro,101669
101670,689672323,Perlita,Quero,101670
101671,454062726,Almudena,Agustin,101671
101672,914991450,Ines,Castro,101672
101673,536609059,Adrian,Pino,101673
101674,292718690,Alma,Coronado,101674
101675,688244641,Cristina,Leon,101675
101676,916510052,Piedad,Mata,101676
101677,165390862,Amanda,Cuenca,101677
101678,857406816,Herminia,Gual,101678
101679,391705508,Maite,Sobrino,101679
101680,588624260,Etelvina,Saez,101680
101681,406039530,Jose Manuel,Verdejo,101681
101682,915829097,Fernanda,Chico,101682
101683,771958706,Nestor,Franch,101683
101684,722345792,Edu,Osuna,101684
101685,927232294,Francisca,Jove,101685
101686,995072674,Pacifica,Ibanez,101686
101687,517406821,Concha,Madrid,101687
101688,361892648,Rocio,Cruz,101688
101689,276648261,Panfilo,Royo,101689
101690,381010892,Ruy,Franch,101690
101691,974688909,Consuelo,Bravo,101691
101692,586682250,Nelida,Villegas,101692
101693,779391426,Encarna,Galiano,101693
101694,809536497,Nelida,Carrera,101694
101695,314989890,Climaco,Oliveras,101695
101696,420160049,Cesar,Pizarro,101696
101697,674755387,Dolores,Alvarado,101697
101698,365958915,Jafet,Bueno,101698
101699,894509310,Hilario,Riquelme,101699
101700,517048200,Dani,Vicens,101700
101701,499525664,David,Trujillo,101701
101702,269210434,Juan Francisco,Aviles,101702
101703,227311650,Paz,Arias,101703
101704,747515741,Maria Dolores,Bonet,101704
101705,395616768,Chuy,Riera,101705
101706,212109936,Yago,Higueras,101706
101707,279824634,Paulina,Carretero,101707
101708,924236036,Marina,Larrea,101708
101709,678175781,Maura,Valcarcel,101709
101710,848112490,Nidia,Beltran,101710
101711,570990730,Obdulia,Ochoa,101711
101712,113306069,Samuel,Barrera,101712
101713,323633820,Nicodemo,Beltran,101713
101714,659582644,Amor,Bustos,101714
101715,129957567,Manuela,Porcel,101715
101716,556084137,Ambar,Bernad,101716
101717,963166766,Saturnina,Pi,101717
101718,346285084,Angelita,Llopis,101718
101719,896014203,Rosaura,Cabanas,101719
101720,491663655,Donato,Gaya,101720
101721,222624514,Maximiliano,Acedo,101721
101722,766789941,Lorena,Canete,101722
101723,558597255,Iker,Casals,101723
101724,100585847,Nydia,Guardia,101724
101725,481435669,Leon,Pavon,101725
101726,335351682,Alejandra,Amoros,101726
101727,190897978,Timoteo,Campoy,101727
101728,864571833,Abilio,Reyes,101728
101729,268014549,Horacio,Aranda,101729
101730,540050585,Anacleto,Castell,101730
101731,359932217,Edelmiro,Daza,101731
101732,246881372,Antonia,Bustamante,101732
101733,278508204,Dulce,Arnau,101733
101734,808792988,Che,Sedano,101734
101735,621460650,Fernando,Jordan,101735
101736,759813465,Mohamed,Bellido,101736
101737,224637437,Marc,Pedraza,101737
101738,801791797,Inocencio,Carmona,101738
101739,920583177,Macarena,Sancho,101739
101740,921323511,Cecilio,Leiva,101740
101741,893063124,Octavia,Font,101741
101742,801227264,Paulina,Rocha,101742
101743,630780814,Candelas,Guzman,101743
101744,725144440,Vicente,Crespi,101744
101745,235558033,Flora,Duran,101745
101746,121188243,Nicolas,Maza,101746
101747,568117698,Joan,Abella,101747
101748,513563456,Leopoldo,Salgado,101748
101749,769770326,Marina,Domenech,101749
101750,476446559,Hermenegildo,Ramis,101750
101751,210640087,Baldomero,Prat,101751
101752,939371940,Bernardo,Vilar,101752
101753,398703586,Desiderio,Carreno,101753
101754,728545116,Dionisio,Toro,101754
101755,811318671,Albano,Almeida,101755
101756,180878729,Cornelio,Gonzalez,101756
101757,287783008,Luciana,Berenguer,101757
101758,870343606,Candida,Amo,101758
101759,783642163,Esteban,Salgado,101759
101760,574828017,Alejo,Saenz,101760
101761,952924109,Ingrid,Enriquez,101761
101762,405571433,Tomas,Franch,101762
101763,441857939,Mireia,Solera,101763
101764,510646809,Ernesto,Gonzalez,101764
101765,642737394,Estela,Navarro,101765
101766,309841407,Flavia,Abad,101766
101767,418925518,Mar,Alvarez,101767
101768,923682928,Jose,Uriarte,101768
101769,419197935,Alejo,Prada,101769
101770,260729785,Andrea,Juan,101770
101771,282725638,Jose,Duran,101771
101772,416701627,Jose Antonio,Acero,101772
101773,503105246,Noelia,Valenzuela,101773
101774,692262349,Samanta,Lopez,101774
101775,684489412,Victor Manuel,Figuerola,101775
101776,742968926,Ismael,Rios,101776
101777,302768336,Debora,Vazquez,101777
101778,900781452,Candida,Vera,101778
101779,200690662,Oscar,Feliu,101779
101780,461609444,Julian,Lledo,101780
101781,584194804,Benigno,Leiva,101781
101782,877971152,Cayetano,Pallares,101782
101783,770813104,Cornelio,Solera,101783
101784,396315192,Emperatriz,Duenas,101784
101785,676887951,Agata,Leiva,101785
101786,480983627,Teresita,Carbo,101786
101787,282612452,Roque,Armengol,101787
101788,674865450,Edelmira,Llobet,101788
101789,201260604,Charo,Peral,101789
101790,835721968,Roque,Duarte,101790
101791,672656676,Pili,Tellez,101791
101792,807984339,Cleto,Moles,101792
101793,961550662,Javiera,Blasco,101793
101794,792093743,Reyes,Leal,101794
101795,427575491,Manu,Arnau,101795
101796,302894863,Narciso,Morales,101796
101797,928821319,Vicenta,Valderrama,101797
101798,548063299,Petrona,Morcillo,101798
101799,339372547,Melchor,Jurado,101799
101800,241591425,Merche,Segura,101800
101801,518555157,Paca,Carrasco,101801
101802,219046742,Jesus,Ferrera,101802
101803,704920496,Calixto,Torrens,101803
101804,648284460,Jafet,Cazorla,101804
101805,516158789,Mirta,Grande,101805
101806,925696742,Amador,Fuentes,101806
101807,614709979,Maite,Amigo,101807
101808,343661450,Marina,Ros,101808
101809,654523775,Nilo,Leon,101809
101810,987897355,Candelaria,Aguilo,101810
101811,357850247,Esperanza,Barcelo,101811
101812,323042842,Concha,Blanes,101812
101813,588933571,Amada,Rios,101813
101814,589619767,Vito,Soria,101814
101815,518181224,Rene,Morata,101815
101816,740389492,Begona,Baena,101816
101817,819302418,Geronimo,Rozas,101817
101818,236709678,Georgina,Gisbert,101818
101819,429228441,Sol,Ramirez,101819
101820,294620826,Cayetano,Abril,101820
101821,215102270,Amelia,Moran,101821
101822,643263551,Patricio,Flor,101822
101823,356999469,Fortunata,Guerrero,101823
101824,970641962,Ana,Caceres,101824
101825,206123351,Nacio,Ramon,101825
101826,381930396,Donato,Valenzuela,101826
101827,667983497,Anabel,Sanchez,101827
101828,600147479,Jose Mari,Carretero,101828
101829,689120376,Vicente,Escalona,101829
101830,592710637,Mateo,Echevarria,101830
101831,174650160,Erasmo,Roma,101831
101832,714722729,Domingo,Cadenas,101832
101833,672037940,Rafaela,Nino,101833
101834,306531446,Paulino,Ferrandez,101834
101835,556263455,Nacho,Davila,101835
101836,980068586,Lucia,Torrens,101836
101837,587930834,Nicolasa,Toledo,101837
101838,459424889,Eutropio,Baena,101838
101839,421274855,Josefa,Varela,101839
101840,662199208,Walter,Paz,101840
101841,549244659,Rodrigo,Castell,101841
101842,344722746,Regulo,Vallejo,101842
101843,324597271,Bonifacio,Ferrer,101843
101844,670485696,Inocencio,Sedano,101844
101845,727009530,Noemi,Palomo,101845
101846,992154420,Eugenia,Bonilla,101846
101847,400470640,Maxi,Olivera,101847
101848,139942856,Enrique,Bernal,101848
101849,726936211,Ambrosio,Tello,101849
101850,151213348,Cruz,Mascaro,101850
101851,436736716,Corona,Romeu,101851
101852,167878480,Nereida,Riera,101852
101853,182838338,Loreto,Ugarte,101853
101854,578256849,Silvio,Penalver,101854
101855,747208749,Zacarias,Montoya,101855
101856,815597828,Natanael,Becerra,101856
101857,705731936,Kike,Sotelo,101857
101858,372911522,Sosimo,Cespedes,101858
101859,340721065,Guadalupe,Gil,101859
101860,362942692,Elias,Correa,101860
101861,443705011,Gaston,Armas,101861
101862,999983334,Valentin,Hurtado,101862
101863,678538352,Ramon,Ortuno,101863
101864,357342923,Amor,Gutierrez,101864
101865,693339171,Florinda,Alegre,101865
101866,673666797,Ildefonso,Pulido,101866
101867,181763386,Conrado,Heredia,101867
101868,750542172,Jose,Grau,101868
101869,571137879,Gonzalo,Ochoa,101869
101870,322035817,Lorenza,Blanca,101870
101871,617211801,Rafa,Cuellar,101871
101872,314298868,Rodrigo,Rodenas,101872
101873,506821876,Sonia,Buendia,101873
101874,243751993,Paulino,Gelabert,101874
101875,873584784,Maria Pilar,Castillo,101875
101876,347966443,Claudia,Royo,101876
101877,809898464,Anastasia,Hurtado,101877
101878,928008302,Rosalia,Rico,101878
101879,754359532,Rosa,Puerta,101879
101880,671346156,Alfredo,Barcelo,101880
101881,205102793,Toni,Hernandez,101881
101882,348217490,Santos,Roig,101882
101883,991648697,Joan,Blanch,101883
101884,395719814,Luz,Corbacho,101884
101885,375534748,Ale,Zurita,101885
101886,760760151,Mireia,Carreno,101886
101887,881430168,Montserrat,Tur,101887
101888,655605007,Matias,Arino,101888
101889,646024302,Marc,Almazan,101889
101890,928407526,Olegario,Galan,101890
101891,108156929,Alex,Roldan,101891
101892,921382909,Jacinto,Herranz,101892
101893,426925743,Fidela,Jimenez,101893
101894,930817392,Lorenzo,Planas,101894
101895,548945296,Romulo,Montenegro,101895
101896,796298420,Simon,Cortina,101896
101897,374036126,Blas,Chaparro,101897
101898,550718845,Cosme,Rios,101898
101899,578125437,Maristela,Castellanos,101899
101900,901059247,Patricia,Escolano,101900
101901,621162908,Sol,Alonso,101901
101902,304613299,Jesusa,Arregui,101902
101903,538599068,Tecla,Sala,101903
101904,775137813,Casandra,Guardiola,101904
101905,279344937,Cruz,Nino,101905
101906,696415724,Federico,Zapata,101906
101907,751704293,Gabriel,Tomas,101907
101908,829146881,Martin,Gibert,101908
101909,529588830,Leandro,Miro,101909
101910,459190850,Consuela,Barroso,101910
101911,716527965,Priscila,Fuentes,101911
101912,429962542,Victoria,Noriega,101912
101913,809736797,Cecilia,Llanos,101913
101914,953520880,Venceslas,Minguez,101914
101915,854699614,Ignacia,Berrocal,101915
101916,128659091,Juliana,Camps,101916
101917,790663448,Ismael,Leon,101917
101918,193237141,Ruperto,Sureda,101918
101919,470394681,Filomena,Ricart,101919
101920,465210514,Leocadio,Barros,101920
101921,279077059,Lina,Bejarano,101921
101922,324495001,Claudio,Lastra,101922
101923,394815458,Samanta,Folch,101923
101924,958755118,Wilfredo,Romero,101924
101925,121486773,Merche,Robledo,101925
101926,616847552,Montserrat,Llabres,101926
101927,518989575,Calixta,Alfonso,101927
101928,333355081,Wilfredo,Alcala,101928
101929,201832659,Maria Jesus,Banos,101929
101930,861974469,Tadeo,Figueroa,101930
101931,738818864,Chus,Acosta,101931
101932,617482869,Hipolito,Marcos,101932
101933,769504722,Heraclio,Exposito,101933
101934,984496635,Tecla,Frias,101934
101935,856602930,Benigno,Ribas,101935
101936,888703659,Victorino,Alarcon,101936
101937,224622954,Angelica,Roldan,101937
101938,143718431,Armando,Palma,101938
101939,537451168,Sabas,Conesa,101939
101940,712658499,Nicanor,Chaves,101940
101941,328714226,Blanca,Jorda,101941
101942,762463601,Dionisia,Garmendia,101942
101943,709381408,Conrado,Verdu,101943
101944,261625698,Julio Cesar,Luque,101944
101945,235139322,Tito,Anguita,101945
101946,593242271,Sandra,Ugarte,101946
101947,344695590,Lazaro,Palau,101947
101948,684504810,Dionisio,Puga,101948
101949,661571418,Julie,Barranco,101949
101950,156137977,Olegario,Comas,101950
101951,320526146,Dulce,Vigil,101951
101952,134174718,Rodolfo,Roma,101952
101953,299460114,Guadalupe,Anaya,101953
101954,141395143,Vicenta,Perera,101954
101955,217466211,Ernesto,Montesinos,101955
101956,387372341,Inigo,Estevez,101956
101957,463307295,Amparo,Lopez,101957
101958,332072230,Emilio,Guillen,101958
101959,110467587,Agata,Larranaga,101959
101960,565219788,Chelo,Elorza,101960
101961,708515329,Alfonso,Ruiz,101961
101962,991720999,Salomon,Osuna,101962
101963,906732800,Alba,Puerta,101963
101964,772521914,Marcio,Cabanas,101964
101965,143629646,Ana,Alfaro,101965
101966,847103062,Rosario,Carbonell,101966
101967,550034103,Gilberto,Cuevas,101967
101968,659885441,Carla,Roldan,101968
101969,771595531,Leyre,Peinado,101969
101970,684727483,Martina,Almeida,101970
101971,769327179,Domingo,Baron,101971
101972,527685689,Benigna,Llanos,101972
101973,642977608,Luis Angel,Acosta,101973
101974,930028627,Serafina,Gallardo,101974
101975,425657952,Ursula,Luna,101975
101976,252191545,Rebeca,Segarra,101976
101977,767613895,Manu,Gisbert,101977
101978,455785791,Gaston,Paez,101978
101979,476004851,Ligia,Vara,101979
101980,466806505,Arturo,Julian,101980
101981,228172587,Cebrian,Valentin,101981
101982,566222398,Angelina,Ibarra,101982
101983,188490297,Leire,Sosa,101983
101984,193743786,Delfina,Gallo,101984
101985,534272968,Berta,Beltran,101985
101986,515937797,Angelica,Cabanillas,101986
101987,506877897,Celestino,Huerta,101987
101988,202332473,Macario,Saura,101988
101989,601863505,Sigfrido,Cervera,101989
101990,750023689,Ramiro,Morante,101990
101991,691616772,Reynaldo,Pulido,101991
101992,461780453,Luisa,Moles,101992
101993,709239538,Luis Miguel,Hoyos,101993
101994,102004363,Teofilo,Briones,101994
101995,363976240,Lucila,Carreras,101995
101996,256092848,Isidro,Bermudez,101996
101997,843181390,Lidia,Gutierrez,101997
101998,512975519,Mohamed,Fuertes,101998
101999,167265223,Martina,Vinas,101999
102000,385872924,Leon,Galindo,102000
102001,248415790,Fidel,Cardenas,102001
102002,418909034,Lorena,Sarabia,102002
102003,383649677,Manolo,Baro,102003
102004,382447464,Saturnino,Riera,102004
102005,566375199,Maricruz,Aranda,102005
102006,212464161,Gabriela,Flores,102006
102007,562374009,Reynaldo,Tome,102007
102008,438572877,Esmeralda,Penalver,102008
102009,676568509,Fito,Gallego,102009
102010,925172212,Cruz,Quintana,102010
102011,818589149,Emma,Caparros,102011
102012,947942213,Maria Fernanda,Beltran,102012
102013,509361080,Jose,Pizarro,102013
102014,898650411,Desiderio,Alvaro,102014
102015,325897272,Carmela,Quesada,102015
102016,855087828,Gabriel,Alberto,102016
102017,939707838,Eligio,Reguera,102017
102018,26076778,Natalio,Bautista,102018
102019,503063105,Adela,Vidal,102019
102020,200062659,Arsenio,Valcarcel,102020
102021,584395346,Emma,Montenegro,102021
102022,291373834,Heriberto,Saez,102022
102023,668290280,Martin,Fernandez,102023
102024,153956123,Juan Bautista,Pulido,102024
102025,553994975,Miguela,Campillo,102025
102026,696313165,Crescencia,Salazar,102026
102027,782735804,Macario,Saez,102027
102028,798848527,Constanza,Oller,102028
102029,993315441,Eugenio,Rosa,102029
102030,810229435,Maxi,Bou,102030
102031,980060226,Julio Cesar,Goicoechea,102031
102032,896424464,Remedios,Redondo,102032
102033,688315552,Maite,Leiva,102033
102034,855593433,Nando,Mariscal,102034
102035,991215792,Guadalupe,Anguita,102035
102036,499260507,Rafaela,Vendrell,102036
102037,255499184,Ramon,Samper,102037
102038,476245140,Antonio,Bermudez,102038
102039,352034554,Javi,Cordoba,102039
102040,491192725,Maximiano,Barragan,102040
102041,448386068,Chelo,Ferrandez,102041
102042,150139940,Florencia,Rius,102042
102043,264984618,Isidro,Osuna,102043
102044,287892029,Macaria,Garay,102044
102045,950976540,Azeneth,Linares,102045
102046,822916167,Evaristo,Cortes,102046
102047,792802111,Ofelia,Rosello,102047
102048,798049940,Evangelina,Folch,102048
102049,390357998,Pacifica,Albero,102049
102050,175839420,Hernando,Elorza,102050
102051,612457296,Walter,Leal,102051
102052,248186144,Juliana,Malo,102052
102053,543424324,Bruno,Carranza,102053
102054,250521826,Itziar,Pedro,102054
102055,143999774,Simon,Cuellar,102055
102056,960856134,Regina,Arino,102056
102057,267865882,Isidora,Canales,102057
102058,277085487,Juan Jose,Solis,102058
102059,452916294,Eutimio,Esparza,102059
102060,318762402,Benigno,Pinilla,102060
102061,668479596,Araceli,Heredia,102061
102062,596945070,Heliodoro,Tejedor,102062
102063,908256490,Susanita,Echeverria,102063
102064,950527698,Alfredo,Correa,102064
102065,123364574,Basilio,Tejera,102065
102066,459674950,Jesusa,Perello,102066
102067,772635432,Bernardo,Montalban,102067
102068,504693608,Quirino,Capdevila,102068
102069,121132685,Conrado,Benito,102069
102070,573961152,Carlota,Espinosa,102070
102071,149055335,Luna,Leon,102071
102072,652145391,Desiderio,Munoz,102072
102073,583678755,Nacho,Patino,102073
102074,494803430,Mirta,Polo,102074
102075,592766292,Pastora,Bustos,102075
102076,991090776,Aitana,Aliaga,102076
102077,854281447,Joaquina,Leiva,102077
102078,193153287,Obdulia,Borrell,102078
102079,483351192,Maximo,Monreal,102079
102080,280430386,Rosalia,Figueras,102080
102081,301591113,Pascual,Tellez,102081
102082,678755183,Telmo,Guerrero,102082
102083,341930598,Tania,Abellan,102083
102084,617100756,Almudena,Poza,102084
102085,621765209,Maricela,Villalba,102085
102086,938148128,Maria Del Carmen,Guardia,102086
102087,681575477,Agustin,Pons,102087
102088,552804167,Amado,Castell,102088
102089,708725702,Lino,Alcantara,102089
102090,475952457,Nando,Sotelo,102090
102091,182311406,Patricia,Aguado,102091
102092,174350041,Abel,Royo,102092
102093,383836084,Isidora,Pla,102093
102094,624847918,Marciano,Zaragoza,102094
102095,566525214,Sarita,Requena,102095
102096,633514121,Matias,Cases,102096
102097,471886415,Florinda,Roman,102097
102098,930653723,Inmaculada,Parra,102098
102099,919691579,Charo,Arranz,102099
102100,320283518,Rosaura,Campos,102100
102101,294004779,Maxi,Fernandez,102101
102102,369277090,Reyna,Bolanos,102102
102103,979553913,Encarna,Alegre,102103
102104,209937464,Jose Luis,Rosales,102104
102105,376359462,Maria Cristina,Castillo,102105
102106,783625649,Renata,Casas,102106
102107,691874944,Julian,Rivas,102107
102108,518764147,Piedad,Iborra,102108
102109,971831791,Noa,Mora,102109
102110,330461289,Lucila,Morata,102110
102111,822361423,Andres,Sebastian,102111
102112,206014067,Aurelio,Valverde,102112
102113,659000702,Piedad,Puig,102113
102114,346447936,Adrian,Garces,102114
102115,424736144,Eloy,Rivero,102115
102116,908304342,Chelo,Priego,102116
102117,892966363,Melchor,Domenech,102117
102118,181110082,Mayte,Romeu,102118
102119,857916620,Maximiano,Casal,102119
102120,668917790,Miguel,Luis,102120
102121,283110666,Feliciana,Jauregui,102121
102122,355330764,Rufino,Morillo,102122
102123,291589392,Octavio,Adan,102123
102124,110984900,Maristela,Sarabia,102124
102125,103641020,Anabel,Cespedes,102125
102126,732842101,Pascual,Moliner,102126
102127,213160560,Ignacio,Hervas,102127
102128,937750239,Nazaret,Madrigal,102128
102129,194149391,Judith,Castrillo,102129
102130,963398238,Visitacion,Casanovas,102130
102131,190395671,Cruz,Francisco,102131
102132,853381671,Francisco Javier,Armengol,102132
102133,735613384,Sandalio,Novoa,102133
102134,229333986,Ana Sofia,Bermudez,102134
102135,411397128,Victor,Martinez,102135
102136,401685741,Manola,Gargallo,102136
102137,189010425,Adelaida,Rios,102137
102138,661249409,Bernarda,Suarez,102138
102139,107694461,Eutimio,Tejedor,102139
102140,615409445,Lazaro,Novoa,102140
102141,945242574,Jeremias,Verdu,102141
102142,588351125,Jordi,Losa,102142
102143,644453411,Maricruz,Bayo,102143
102144,153083212,Rolando,Larranaga,102144
102145,516596850,Calista,Bonilla,102145
102146,332040002,Josefina,Flor,102146
102147,318743701,Abilio,Valdes,102147
102148,368592447,Santiago,Ortuno,102148
102149,366680381,Jacinto,Contreras,102149
102150,966273678,Sergio,Vives,102150
102151,348847637,Emiliano,Uribe,102151
102152,370893860,Julio Cesar,Pla,102152
102153,768298263,Marisa,Carrion,1
102154,289997920,Lucia,Mur,2
102155,486672723,Cornelio,Maza,3
102156,205030647,Luz,Campoy,4
102157,710623238,Eligio,Feliu,5
102158,654027566,Florinda,Fiol,6
102159,127950265,Obdulia,Galindo,7
102160,835734032,Olegario,Diaz,8
102161,374904554,Azahara,Lillo,9
102162,775647949,Amaya,Merino,10
102163,870570899,Adelia,Reina,11
102164,358577713,Dorita,Zorrilla,12
102165,409881901,Nereida,Amador,13
102166,481446176,Remedios,Amo,14
102167,647617981,Isidoro,Bou,15
102168,558156348,Jonatan,Canals,16
102169,414535139,Porfirio,Camacho,17
102170,646708952,Aitana,Caro,18
102171,810300188,Juan Carlos,Tomas,19
102172,575242977,Leoncio,Carreno,20
102173,668398838,Mariano,Batlle,21
102174,380641274,Benigna,Pelayo,22
102175,258008403,Adalberto,Aller,23
102176,876666312,Bernarda,Daza,24
102177,412193896,Kike,Barco,25
102178,830222803,Marita,Bello,26
102179,545018572,Ascension,Quevedo,27
102180,903258331,Herberto,Zabala,28
102181,278788192,Alvaro,Verdugo,29
102182,281205262,Amancio,Oliva,30
102183,969072252,Ana Belen,Uriarte,31
102184,552715479,Leon,Cruz,32
102185,872224799,Barbara,Soler,33
102186,659297533,Fabiola,Raya,34
102187,152340705,Florinda,Jerez,35
102188,816670186,Edgar,Exposito,36
102189,249718261,Saturnina,Robledo,37
102190,372914477,Juan Carlos,Cuellar,38
102191,248891498,Candela,Rodriguez,39
102192,486032600,Toni,Quevedo,40
102193,810835214,Amaro,Rocha,41
102194,257328313,Ignacia,Cardona,42
102195,864274543,David,Alcala,43
102196,447595646,Efrain,Coloma,44
102197,410325089,Nazaret,Morell,45
102198,731494926,Artemio,Garzon,46
102199,673496822,Gustavo,Pazos,47
102200,357861369,Juan Luis,Rius,48
102201,965894345,Timoteo,Mugica,49
102202,769905950,Clotilde,Carreras,50
102203,740857272,Pia,Mateu,51
102204,149852381,Ramona,Morell,52
102205,410201848,Florentina,Mendez,53
102206,526422621,Vicente,Pulido,54
102207,652596035,Ingrid,Recio,55
102208,268334289,Ignacio,Camara,56
102209,710103072,Roman,Adadia,57
102210,802057305,Pacifica,Alarcon,58
102211,124298135,Asdrubal,Rubio,59
102212,879804975,Olimpia,Gutierrez,60
102213,879500664,Hilario,Aznar,61
102214,492825756,Olegario,Benet,62
102215,479516390,Jacobo,Mateu,63
102216,176054287,Aurelia,Esteve,64
102217,719635724,Yessica,Llamas,65
102218,259274149,Lola,Espejo,66
102219,392163434,Andres,Tamayo,67
102220,822953462,Ariel,Palomar,68
102221,796890478,Romulo,Terron,69
102222,131072435,Jose Angel,Salmeron,70
102223,275721263,Emperatriz,Luque,71
102224,641634922,Carina,Porta,72
102225,949569444,Juan Jose,Guardia,73
102226,649655578,Luisa,Lastra,74
102227,303186294,Luciano,Bastida,75
102228,975649832,Maria,Morillo,76
102229,254745521,Antonia,Mugica,77
102230,737792188,Eliseo,Girona,78
102231,734482576,Amador,Perales,79
102232,136667249,Felicia,Redondo,80
102233,551180784,Nacio,Zaragoza,81
102234,457170986,Emiliano,Alfaro,82
102235,323912438,Javier,Villegas,83
102236,945770070,Benito,Roca,84
102237,334952126,Alicia,Alberto,85
102238,830726851,Bruno,Pages,86
102239,972613142,Valerio,Ortega,87
102240,860097018,Alicia,Catala,88
102241,993631178,Maria Manuela,Amat,89
102242,921436342,Judith,Oller,90
102243,357953127,Eutropio,Saldana,91
102244,417544064,Maria Carmen,Arnal,92
102245,821770538,Benito,Sola,93
102246,553467359,Candelaria,Aroca,94
102247,260879703,Candelas,Muro,95
102248,707176081,Borja,Reguera,96
102249,494217122,Augusto,Cardenas,97
102250,653900576,Mirta,Munoz,98
102251,402594550,Benito,Palma,99
102252,993913234,Juan Bautista,Zapata,100
102253,665781545,Paulino,Simo,101
102254,342733614,Valero,Escalona,102
102255,526249776,Otilia,Mulet,103
102256,995057663,Debora,Lago,104
102257,674372316,Manola,Larrea,105
102258,347325429,Borja,Bustamante,106
102259,705308331,Emperatriz,Mulet,107
102260,442816341,Balduino,Carrera,108
102261,157928804,Victorino,Navas,109
102262,544044322,Ceferino,Echeverria,110
102263,891686969,Horacio,Godoy,111
102264,802220721,Efrain,Castellanos,112
102265,779059645,Elpidio,Artigas,113
102266,535257970,Guadalupe,Gisbert,114
102267,969022721,Jafet,Fajardo,115
102268,744601207,Apolonia,Tamarit,116
102269,846640079,Paola,Larrea,117
102270,788754156,Simon,Badia,118
102271,200225128,Filomena,Pellicer,119
102272,696165133,Maria Belen,Miguel,120
102273,495590873,Lina,Saez,121
102274,492611032,Federico,Tejero,122
102275,784342402,Florinda,Fiol,123
102276,300919185,Anibal,Falcon,124
102277,895567327,Reyna,Garrido,125
102278,741179175,Xiomara,Zurita,126
102279,970232703,Silvia,Real,127
102280,665162863,Juan,Bermejo,128
102281,807750955,Alberto,Aznar,129
102282,388393084,Mirta,Robledo,130
102283,481791638,Oriana,Baena,131
102284,301549325,Marc,Marti,132
102285,296624659,Alvaro,Cuadrado,133
102286,407902520,Mariana,Gascon,134
102287,896083395,Luciano,Antunez,135
102288,877280153,Elba,Lopez,136
102289,116548785,Modesto,Suarez,137
102290,355889234,Daniela,Macias,138
102291,160160272,Marcia,Moya,139
102292,465089409,Fernanda,Calatayud,140
102293,749738348,Maria Pilar,Varela,141
102294,546118581,Marina,Carreno,142
102295,161459088,Domingo,Tello,143
102296,365625491,Ciro,Novoa,144
102297,231881425,Consuela,Pacheco,145
102298,729018493,Nico,Canellas,146
102299,988861233,Rocio,Arnau,147
102300,702978072,Miriam,Mayol,148
102301,286115738,Flavio,Palma,149
102302,219544699,Toni,Rocamora,150
102303,571505139,Ana Sofia,Benito,151
102304,300234176,Pedro,Marques,152
102305,860888472,Julio,Bou,153
102306,737488409,Jeronimo,Arnau,154
102307,907661494,Vinicio,Talavera,155
102308,786272392,Juan Francisco,Romeu,156
102309,894560652,Nuria,Falco,157
102310,646270976,Bibiana,Fiol,158
102311,259435536,Poncio,Segarra,159
102312,755789465,Berto,Acero,160
102313,649274936,Roxana,Arana,161
102314,951465950,David,Nadal,162
102315,859974103,Delfina,Alsina,163
102316,689508409,Danilo,Vera,164
102317,428206282,Primitiva,Iniesta,165
102318,775649704,Candido,Escamilla,166
102319,741360939,Consuela,Figueras,167
102320,835650141,Vicenta,Gisbert,168
102321,688929752,Jose Miguel,Tejedor,169
102322,743368751,Yessica,Gamez,170
102323,928216266,Baltasar,Juan,171
102324,182397291,Dionisio,Robledo,172
102325,607058921,Eufemia,Beltran,173
102326,937522375,Ricardo,Ferrera,174
102327,448976999,Marcela,Pina,175
102328,266027896,Nilo,Planas,176
102329,270233090,Curro,Cepeda,177
102330,305047726,Pepita,Avila,178
102331,144144581,Nayara,Porras,179
102332,631133398,Eva Maria,Hervia,180
102333,667316204,Marita,Carvajal,181
102334,234711931,Rosenda,Contreras,182
102335,591404937,Abel,Batlle,183
102336,618029488,Celestina,Gelabert,184
102337,944850949,Ignacia,Ribera,185
102338,131433501,Trinidad,Fuertes,186
102339,250897613,Renata,Manzanares,187
102340,664467726,Bernarda,Vera,188
102341,599950891,Norberto,Roma,189
102342,113272210,Vidal,Andres,190
102343,588693026,Visitacion,Ramos,191
102344,947083673,Eusebio,Gracia,192
102345,712532623,Paloma,Rosello,193
102346,721273870,Andrea,Castellanos,194
102347,270641043,Juan,Carbo,195
102348,467690706,Marcio,Saura,196
102349,542698069,Sabas,Berrocal,197
102350,834727137,Juan Jose,Sarabia,198
102351,870106587,Luis,Gascon,199
102352,815805748,Marisela,Granados,200
102353,745226908,Abilio,Lujan,201
102354,899369845,Noa,Vall,202
102355,853979979,Casemiro,Almeida,203
102356,457922607,Chus,Duran,204
102357,996513951,Carmen,Pedrero,205
102358,960341323,Juliana,Arco,206
102359,136631017,Toribio,Jauregui,207
102360,111848590,Valerio,Tirado,208
102361,692012047,Juan Antonio,Rodenas,209
102362,302844175,Isabela,Pellicer,210
102363,334007155,Morena,Estrada,211
102364,533218766,Armida,Castell,212
102365,617208109,Anabel,Amaya,213
102366,531577059,Matilde,Sanchez,214
102367,673966604,Georgina,Coll,215
102368,452893334,Jose Carlos,Vilaplana,216
102369,704073728,Juanita,Salazar,217
102370,850367899,Elena,Salvador,218
102371,472835444,Benito,Echevarria,219
102372,962709120,Melisa,Sola,220
102373,832293830,Noelia,Peral,221
102374,593981287,Olalla,Duque,222
102375,354571110,Nicolas,Gual,223
102376,794507134,Cebrian,Oliveras,224
102377,913334725,Herberto,Mendizabal,225
102378,594513134,Celia,Mateu,226
102379,645040106,Sebastian,Marti,227
102380,216976271,Julio Cesar,Huertas,228
102381,976978931,Encarnita,Andreu,229
102382,834459063,Placido,Adan,230
102383,744719943,Eustaquio,Murcia,231
102384,501103885,Dorita,Pino,232
102385,697816955,Zacarias,Peral,233
102386,187199705,Natanael,Anton,234
102387,559958469,Eloisa,Camacho,235
102388,266685415,Felix,Medina,236
102389,822599960,Borja,Aliaga,237
102390,599425177,Leopoldo,Marti,238
102391,117329341,Iker,Rodriguez,239
102392,717868625,Melania,Merino,240
102393,961464044,Manolo,Alberola,241
102394,635225270,Reyes,Peral,242
102395,414295288,Geronimo,Hierro,243
102396,914936501,Marcia,Manzanares,244
102397,371012702,Graciana,Fortuny,245
102398,577406890,Emma,Toledo,246
102399,517342619,Juliana,Guardia,247
102400,746210901,Miguel,Ros,248
102401,788079340,Soledad,Ocana,249
102402,519304210,Rosalva,Gordillo,250
102403,964648472,Dorita,Nebot,251
102404,787422734,Luciano,Santos,252
102405,786296832,Epifanio,Cabrera,253
102406,622864509,Maria Belen,Cal,254
102407,503953211,Sebastian,Murillo,255
102408,505960012,Adelina,Chaves,256
102409,950711128,Angelina,Lopez,257
102410,437235871,Bernardino,Uribe,258
102411,792315775,Heraclio,Asensio,259
102412,502566631,Esteban,Canizares,260
102413,576362819,Clara,Llado,261
102414,493099400,Fortunata,Salgado,262
102415,722886426,Pepita,Berenguer,263
102416,771926366,Haroldo,Grau,264
102417,483583023,Maria Belen,Marco,265
102418,682438208,Pacifica,Plana,266
102419,925087098,Aura,Ibanez,267
102420,429116489,Joan,Calatayud,268
102421,543088285,Juan Antonio,Mascaro,269
102422,528813318,Anita,Santana,270
102423,542448558,Constanza,Guerrero,271
102424,312020656,Vidal,Sacristan,272
102425,251695066,Carlito,Carpio,273
102426,462832692,Severiano,Badia,274
102427,372757225,Samanta,Galvez,275
102428,596302219,Filomena,Lucas,276
102429,664422483,Ricardo,Benavent,277
102430,500307580,Blas,Zabaleta,278
102431,659656202,Cayetana,Gamez,279
102432,589143602,Beatriz,Folch,280
102433,829819169,Lourdes,Perello,281
102434,584353889,Poncio,Sanabria,282
102435,271829611,Socorro,Soto,283
102436,716953708,Remedios,Galan,284
102437,874887078,Faustino,Benitez,285
102438,930559280,Nicodemo,Acedo,286
102439,910542933,Sonia,Ayllon,287
102440,247653781,Jenny,Escriva,288
102441,377438313,Alejandra,Hernandez,289
102442,331711004,Mamen,Mate,290
102443,221128618,Bruno,Leon,291
102444,147514007,Leandra,Moles,292
102445,908582306,Paca,Pujol,293
102446,882069237,Olimpia,Canizares,294
102447,339803056,Nicolas,Caparros,295
102448,952135339,Duilio,Cordoba,296
102449,533331607,Amada,Sanabria,297
102450,607838716,Julio,Perez,298
102451,932586823,Amada,Ferrer,299
102452,933655855,Renato,Ugarte,300
102453,113635652,Espiridion,Rivas,301
102454,987414710,Pepito,Angulo,302
102455,993538136,Aranzazu,Garate,303
102456,919823709,Violeta,Barrena,304
102457,707414101,Cosme,Pou,305
102458,120231149,Tamara,Torres,306
102459,829748225,Tamara,Pedrosa,307
102460,629205926,Dani,Jordan,308
102461,474025598,Domingo,Zapata,309
102462,118432638,Magdalena,Pereira,310
102463,808276004,Azeneth,Iborra,311
102464,288955511,Moreno,Bosch,312
102465,695161238,Armando,Cisneros,313
102466,158795759,Trini,Estevez,314
102467,266555177,Beatriz,Duenas,315
102468,150889293,Estrella,Manzanares,316
102469,854265235,Florencio,Montesinos,317
102470,177122976,Amancio,Pinedo,318
102471,992896428,Vicenta,Alcalde,319
102472,630192876,Romulo,Gonzalo,320
102473,909990841,Albino,Olivares,321
102474,778260575,Estefania,Ferran,322
102475,131160047,Marita,Conde,323
102476,159381924,Octavio,Ibanez,324
102477,460999869,Maria,Murillo,325
102478,507884740,Mirta,Montana,326
102479,102790476,Martin,Torres,327
102480,759251519,Alex,Rivera,328
102481,359038598,Tono,Lumbreras,329
102482,787545216,Vinicio,Romero,330
102483,430047386,Amador,Valentin,331
102484,573818502,Custodio,Sainz,332
102485,620697689,Marco,Flores,333
102486,574689882,Isidoro,Diaz,334
102487,757120287,Marcelo,Pont,335
102488,642667076,Ariel,Soria,336
102489,754861713,Calixto,Jauregui,337
102490,957649106,Cloe,Monreal,338
102491,221711546,Lalo,Guerrero,339
102492,828297976,Francisco,Urena,340
102493,125967978,Tito,Frias,341
102494,846939123,Tere,Pozo,342
102495,624244022,Conrado,Lobo,343
102496,333527256,Borja,Sacristan,344
102497,887722899,Brunilda,Farre,345
102498,663283109,Octavio,Casado,346
102499,896016093,Tecla,Barco,347
102500,227172592,Jacinta,Alsina,348
102501,699589462,Hernan,Montesinos,349
102502,935858150,Nico,Palmer,350
102503,796262743,America,Lobo,351
102504,548731338,Quique,Pozo,352
102505,890433695,Blas,Caparros,353
102506,247717172,Ramona,Pineda,354
102507,430184386,Pastora,Cordero,355
102508,484383433,Eusebio,Chamorro,356
102509,647517207,Agustina,Bejarano,357
102510,826675157,Jose,Oliveras,358
102511,977078048,Sergio,Corominas,359
102512,925301466,Tiburcio,Cepeda,360
102513,122116324,Augusto,Cordero,361
102514,189331530,Marco,Gomila,362
102515,905038924,Alondra,Bejarano,363
102516,377391102,Maria Jose,Valcarcel,364
102517,933362372,Pio,Martin,365
102518,923842220,Eliana,Pereira,366
102519,658827789,Valero,Zaragoza,367
102520,279215280,Marcelo,Cortes,368
102521,928250541,Raimundo,Amigo,369
102522,895499508,Cleto,Aramburu,370
102523,367069893,Violeta,Palmer,371
102524,850897563,Nicolasa,Cuadrado,372
102525,928073264,Valerio,Chacon,373
102526,598133050,Pascuala,Belda,374
102527,235977401,Teodosio,Daza,375
102528,688135452,Espiridion,Gomez,376
102529,415032905,Lope,Pallares,377
102530,637060816,Geronimo,Moya,378
102531,921137457,Jafet,Barriga,379
102532,754274456,Maximino,Correa,380
102533,161755199,Amancio,Grau,381
102534,796830630,Mario,Alfonso,382
102535,284897980,Manuela,Cuadrado,383
102536,771219305,Moises,Padilla,384
102537,812839483,Tadeo,Palomino,385
102538,349795863,Curro,Villalba,386
102539,460713581,Nydia,Vina,387
102540,656589079,Ulises,Montenegro,388
102541,699222543,Roberta,Posada,389
102542,831585651,Julia,Bermudez,390
102543,588490679,Ciriaco,Carmona,391
102544,642854356,Lope,Belmonte,392
102545,332769182,Tito,Codina,393
102546,407731242,Pia,Cerda,394
102547,199819972,David,Godoy,395
102548,583075091,Azucena,Gisbert,396
102549,614122411,Julio Cesar,Zurita,397
102550,737952962,Eliana,Perez,398
102551,977932878,Angel,Mayol,399
102552,490490987,Rafael,Salva,400
102553,161616212,Melchor,Gil,401
102554,757504802,Benita,Castro,402
102555,366953360,Marcial,Aragones,403
102556,617840074,Pastor,Aliaga,404
102557,764992401,Estela,Trillo,405
102558,985224333,Victor Manuel,Villegas,406
102559,940707283,Trinidad,Salamanca,407
102560,250798031,Azeneth,Clavero,408
102561,793757509,Violeta,Mari,409
102562,883170073,Sara,Enriquez,410
102563,967231666,Epifanio,Lamas,411
102564,437255785,Ainara,Mancebo,412
102565,470988118,Lidia,Bartolome,413
102566,639734077,Teofila,Solana,414
102567,767824117,Felicia,Toro,415
102568,822862216,Leandra,Ferreras,416
102569,875495960,Jose Carlos,Palmer,417
102570,235474728,Jose Mari,Gonzalez,418
102571,957855249,Ani,Cabezas,419
102572,517860742,Hipolito,Diez,420
102573,406105688,Eugenia,Feliu,421
102574,693826888,Amarilis,Frias,422
102575,290784020,Paco,Cortes,423
102576,160227846,Alejo,Bernat,424
102577,562859528,Matilde,Rozas,425
102578,138333589,Leoncio,Cerda,426
102579,165475368,Juan Francisco,Palmer,427
102580,523870628,Dulce,Aguila,428
102581,446532547,Heliodoro,Mateu,429
102582,848183146,Juan Jose,Larranaga,430
102583,953766797,Dora,Villanueva,431
102584,650146477,Emma,Baez,432
102585,311939792,Tono,Murillo,433
102586,681591782,Pilar,Alvarez,434
102587,770729543,Feliciana,Barrios,435
102588,457422377,Tiburcio,Aroca,436
102589,570134233,Tatiana,Perello,437
102590,255951020,Leonor,Carretero,438
102591,750037209,Nacho,Pereira,439
102592,119670903,Bartolome,Guijarro,440
102593,216882516,Cristian,Valdes,441
102594,550887891,Nacio,Bernad,442
102595,658602506,Pepita,Soria,443
102596,451177487,Debora,Morcillo,444
102597,291351172,Tomasa,Jover,445
102598,543724185,Noemi,Cueto,446
102599,870464123,Martirio,Espada,447
102600,276151832,Cecilio,Diaz,448
102601,456563868,Loida,Nogues,449
102602,318141755,Cristobal,Llamas,450
102603,339718452,Feliciana,Arevalo,451
102604,683336258,Gabriela,Tello,452
102605,270686856,Matias,Lobo,453
102606,596110351,Toribio,Sastre,454
102607,906579025,Paloma,Ibanez,455
102608,996821459,Vera,Bou,456
102609,741254012,Duilio,Peralta,457
102610,897416008,Fortunato,Saura,458
102611,721141242,Abril,Figueroa,459
102612,362066948,Gaspar,Echevarria,460
102613,127923657,Manu,Dieguez,461
102614,204026027,Cipriano,Sosa,462
102615,142047747,Poncio,Borrego,463
102616,280139096,Yago,Caro,464
102617,237969481,Maria Manuela,Bernat,465
102618,288839777,Jessica,Gibert,466
102619,234880887,Domitila,Tejada,467
102620,531086272,Edgar,Adan,468
102621,715238365,Anita,Cobo,469
102622,233001463,Eutropio,Barreda,470
102623,290423530,Jesusa,Mendoza,471
102624,795268587,Moreno,Sanchez,472
102625,355438342,Samu,Losada,473
102626,115444571,Pastor,Cases,474
102627,830608998,Lucho,Mosquera,475
102628,107561030,Cruz,Gaya,476
102629,392781351,Jose Maria,Sedano,477
102630,100562750,Maria Manuela,Arino,478
102631,382624204,Ruben,Mena,479
102632,448544549,Bautista,Vinas,480
102633,351865353,Salome,Quintanilla,481
102634,340474754,Maxi,Bertran,482
102635,234980850,Valentina,Espada,483
102636,277656573,Hugo,Paz,484
102637,859263530,Nico,Mayoral,485
102638,450334797,Jenny,Paniagua,486
102639,227326130,Maximiliano,Gordillo,487
102640,809518686,Jorge,Sancho,488
102641,679738740,Amor,Frutos,489
102642,792346325,Marcio,Chamorro,490
102643,171544579,Lucas,Urena,491
102644,509796841,Jose Manuel,Tamarit,492
102645,843504919,Hermenegildo,Coca,493
102646,770788223,Eligio,Melero,494
102647,106985762,Pio,Sanz,495
102648,455335660,Domingo,Ochoa,496
102649,384235620,Elba,Escobar,497
102650,309968512,Dimas,Mayo,498
102651,474160187,Arsenio,Malo,499
102652,408063899,Feliciana,Carrera,500
102653,801701789,Loida,Morante,501
102654,823865436,Hector,Elias,502
102655,924294221,Dorita,Lucena,503
102656,427134225,Trinidad,Pintor,504
102657,752107676,Luz,Pedraza,505
102658,922328975,Encarnacion,Acevedo,506
102659,812742426,Yesica,Alonso,507
102660,200917152,Augusto,Perera,508
102661,219022034,Heraclio,Gibert,509
102662,536046912,Prudencia,Julian,510
102663,139282258,Flor,Oliva,511
102664,611745402,Jose Francisco,Bustos,512
102665,869560530,Amancio,Cobos,513
102666,451128756,Jeronimo,Moraleda,514
102667,480264766,Olivia,Barco,515
102668,794179055,Leticia,Garate,516
102669,126047583,Melchor,Alegria,517
102670,201123612,Susanita,Almagro,518
102671,755503185,Chelo,Beltran,519
102672,227902687,Gustavo,Cobo,520
102673,903803528,Marita,Galindo,521
102674,394884665,Berto,Guzman,522
102675,471627999,Chucho,Alvarez,523
102676,881490879,Dafne,Mendoza,524
102677,189397277,Lilia,Porta,525
102678,248026260,Isaac,Garriga,526
102679,780532066,Iris,Cerda,527
102680,173433897,Odalys,Pavon,528
102681,279756444,Lorena,Bernad,529
102682,211336248,Pia,Bermudez,530
102683,621890593,Ingrid,Carvajal,531
102684,644891541,Ale,Ribera,532
102685,538681831,Leocadia,Toledo,533
102686,158204857,Josefina,Urrutia,534
102687,944756861,Maristela,Cervantes,535
102688,326167364,Soraya,Camara,536
102689,925074769,Anastasio,Isern,537
102690,759062856,Victorino,Amo,538
102691,859217540,Nadia,Ferreras,539
102692,612310271,Isaias,Lamas,540
102693,490236276,Julio Cesar,Gibert,541
102694,481844025,Inigo,Aguila,542
102695,152921818,Andres Felipe,Melero,543
102696,186441561,Lilia,Barrena,544
102697,343071823,Juan Manuel,Rius,545
102698,570630434,Oriana,Aroca,546
102699,310475252,Georgina,Alvarez,547
102700,341490519,Cesar,Banos,548
102701,651068871,Delfina,Ribes,549
102702,542657374,Felicidad,Figueroa,550
102703,117730155,Dimas,Quintana,551
102704,187290924,Lara,Fortuny,552
102705,535459822,Albina,Alfonso,553
102706,214967880,Heriberto,Almazan,554
102707,525198435,Eligia,Gaya,555
102708,445838917,Jose Luis,Prieto,556
102709,730421594,Lourdes,Salcedo,557
102710,585646927,Sebastian,Tena,558
102711,433512549,Paulina,Montes,559
102712,632757995,Teodora,Paez,560
102713,449324153,Joan,Ferran,561
102714,404674530,Vicenta,Peinado,562
102715,995644494,Gustavo,Soria,563
102716,241725739,Nadia,Menendez,564
102717,110748943,Leon,Llano,565
102718,468924469,Angeles,Jara,566
102719,600410637,Vanesa,Rosales,567
102720,689064085,Florentino,Mateu,568
102721,723755350,Jordan,Neira,569
102722,689029433,Conrado,Diez,570
102723,401787968,Lino,Garriga,571
102724,446987847,Melania,Marcos,572
102725,945589010,Luis Miguel,Ribera,573
102726,191494206,Clarisa,Torrecilla,574
102727,757905392,Cosme,Echevarria,575
102728,905921604,Eulalia,Espinosa,576
102729,144762181,Nacho,Casanovas,577
102730,899779897,Hipolito,Parra,578
102731,801295652,Delfina,Manjon,579
102732,870440322,Milagros,Gabaldon,580
102733,482366640,Ema,Ochoa,581
102734,247291930,Mercedes,Pizarro,582
102735,569001763,Judith,Alamo,583
102736,512929024,Ofelia,Valera,584
102737,156691325,Obdulia,Chaparro,585
102738,983131531,Chita,Boada,586
102739,739148537,Salud,Morales,587
102740,377289706,Lalo,Guzman,588
102741,586259244,Fanny,Pacheco,589
102742,149428652,Elias,Roldan,590
102743,746158261,Ricarda,Abad,591
102744,576313034,Nereida,Garcia,592
102745,700057412,Vinicio,Abascal,593
102746,194199124,Griselda,Cuesta,594
102747,720416554,Ruth,Rubio,595
102748,806746539,Jenny,Sandoval,596
102749,312913223,Elvira,Buendia,597
102750,972822656,Pascuala,Portillo,598
102751,227743457,Renato,Guillen,599
102752,377037239,Mar,Torrens,600
102753,573276282,Abel,Madrid,601
102754,744999868,Pacifica,Bermejo,602
102755,446196159,Reyna,Pineiro,603
102756,278714160,Joaquina,Rico,604
102757,916519098,Eloisa,Arino,605
102758,540348366,Arcelia,Sebastian,606
102759,656559386,Carlito,Sureda,607
102760,206793119,Federico,Gomez,608
102761,433949150,Edu,Bas,609
102762,153337024,Ani,Fiol,610
102763,882434732,Marco,Villegas,611
102764,274697265,Magdalena,Pazos,612
102765,171561835,Jessica,Garzon,613
102766,678412015,Aitor,Acero,614
102767,925907239,Sabina,Arteaga,615
102768,695355263,Geronimo,Lillo,616
102769,268416170,Alejo,Espejo,617
102770,650922621,Emilia,Montero,618
102771,778617824,Guillermo,Morante,619
102772,253707764,Gregorio,Nadal,620
102773,553691610,Francisco Javier,Bertran,621
102774,100195800,Balduino,Bermudez,622
102775,367316273,Graciano,Cabeza,623
102776,824577930,Macarena,Valles,624
102777,144234039,Marisela,Goni,625
102778,541102212,Mireia,Tamayo,626
102779,690274683,Onofre,Armengol,627
102780,259859923,Paloma,Rosa,628
102781,856444991,Adelina,Guerra,629
102782,154119963,Manuel,Barrios,630
102783,982153369,Ignacia,Ayuso,631
102784,733626573,Ernesto,Huguet,632
102785,933191689,Perlita,Alvarez,633
102786,858584881,Laura,Teruel,634
102787,656803245,Marc,Pozo,635
102788,633734870,Dora,Agullo,636
102789,965108576,Saturnino,Mari,637
102790,220185138,Maria Angeles,Gonzalo,638
102791,417794121,Ricardo,Barco,639
102792,964694236,Anastasia,Espinosa,640
102793,356662970,Tania,Amo,641
102794,801736769,Juan Francisco,Caro,642
102795,926136461,Perla,Garay,643
102796,846296530,Bautista,Larrea,644
102797,497309114,Quique,Miralles,645
102798,932594425,Renata,Palau,646
102799,925186216,Jaime,Herrera,647
102800,185223220,Nerea,Roldan,648
102801,628897747,Florinda,Losada,649
102802,635814629,Moises,Amores,650
102803,213855408,Eugenia,Roman,651
102804,603956914,Leyre,Correa,652
102805,852422240,Camilo,Pelayo,653
102806,136566463,Encarnita,Lamas,654
102807,544639443,Berta,Diaz,655
102808,831100177,Tatiana,Barrio,656
102809,173817200,Nazario,Alcala,657
102810,264897616,Amador,Bustamante,658
102811,127008808,Godofredo,Dominguez,659
102812,754225293,Monica,Rios,660
102813,375512662,Lorenzo,Villanueva,661
102814,128495614,Che,Somoza,662
102815,169319879,Mariana,Perales,663
102816,486875897,Rogelio,Palomino,664
102817,594565027,Ale,Vinas,665
102818,535800600,Jenaro,Catala,666
102819,994077144,Lucio,Huertas,667
102820,509715075,Camilo,Montalban,668
102821,717383489,Lilia,Pina,669
102822,478160196,Isidro,Lerma,670
102823,374884525,Damian,Barroso,671
102824,763761210,Dolores,Luz,672
102825,119178997,Fernanda,Guerra,673
102826,291638398,Jesus,Perales,674
102827,124025344,Juan Carlos,Coca,675
102828,655802647,Candelas,Blazquez,676
102829,409223895,Edgar,Pombo,677
102830,440444170,Benita,Neira,678
102831,956179845,Toni,Artigas,679
102832,860218795,Concha,Carvajal,680
102833,119065964,Pancho,Bastida,681
102834,664103736,Regulo,Roda,682
102835,619262790,Goyo,Izaguirre,683
102836,323817504,Cayetana,Murcia,684
102837,867284725,Olivia,Garmendia,685
102838,986265560,Cirino,Navas,686
102839,521206718,Julia,Abellan,687
102840,578126837,Fulgencio,Garay,688
102841,927074225,Ines,Avila,689
102842,316955163,Pili,Carvajal,690
102843,801031252,Goyo,Gisbert,691
102844,395225253,Maria Angeles,Martin,692
102845,364411039,Perla,Cornejo,693
102846,300627992,Placido,Busquets,694
102847,554508840,Maxi,Infante,695
102848,473384384,Maite,Pol,696
102849,278367224,Aura,Cuellar,697
102850,998390934,Arsenio,Lastra,698
102851,976365822,Josefina,Borrell,699
102852,885475408,Sol,Goni,700
102853,364645926,Toni,Galvan,701
102854,605000096,Carmela,Cervera,702
102855,991258388,Manuelita,Oller,703
102856,701075488,Amada,Martorell,704
102857,157140793,Fermin,Benitez,705
102858,188158057,Ismael,Segarra,706
102859,731901290,Magdalena,Ferreras,707
102860,876793027,Jose Francisco,Pinilla,708
102861,873595970,Federico,Sanmiguel,709
102862,653331586,Manuela,Escudero,710
102863,672055855,Modesta,Garay,711
102864,979762713,Manu,Estrada,712
102865,262930691,Amando,Vara,713
102866,590696572,Felix,Mayoral,714
102867,240066873,Isidora,Caceres,715
102868,909334560,Santos,Juan,716
102869,645579151,Aura,Cuellar,717
102870,236848474,Aaron,Ropero,718
102871,407681810,Octavia,Arregui,719
102872,873959992,Apolinar,Clavero,720
102873,929618372,Glauco,Figuerola,721
102874,723408056,Gisela,Mate,722
102875,690850318,America,Espejo,723
102876,731366777,Edelmira,Escudero,724
102877,731641731,Ana Belen,Cuellar,725
102878,658239545,Iris,Diego,726
102879,524316295,Adalberto,Sastre,727
102880,558237683,Francisco,Ocana,728
102881,310729041,Carmelo,Heredia,729
102882,305175417,Jacinta,Giron,730
102883,189799742,Yolanda,Tejero,731
102884,184504394,Tiburcio,Galvez,732
102885,620858457,Ingrid,Osorio,733
102886,779790725,Panfilo,Garcia,734
102887,782256759,Ale,Ruano,735
102888,417018328,Anna,Alegre,736
102889,928409672,Sebastian,Santos,737
102890,284190604,Esmeralda,Borras,738
102891,739910115,Miguel Angel,Sevilla,739
102892,387022977,Aroa,Sotelo,740
102893,890118660,Yessica,Alberdi,741
102894,648674483,German,Font,742
102895,833218438,Dionisia,Arcos,743
102896,604866659,Toribio,Batlle,744
102897,967054285,Jennifer,Polo,745
102898,819517859,Aranzazu,Catala,746
102899,558654574,Andres Felipe,Herrera,747
102900,806601000,Carlota,Palomar,748
102901,397505773,Paula,Mas,749
102902,495032980,Jovita,Duque,750
102903,566573460,Delia,Castilla,751
102904,404193629,Tiburcio,Pina,752
102905,580374994,Eulalia,Salcedo,753
102906,488621898,Maria,Ordonez,754
102907,662817025,Albert,Moles,755
102908,959715018,Claudia,Tejedor,756
102909,898340359,Amarilis,Valero,757
102910,335392804,Rosalinda,Fabregat,758
102911,422597066,Lalo,Rey,759
102912,812626134,Apolonia,Armengol,760
102913,526234106,Casemiro,Torrent,761
102914,803305498,Pepita,Ribas,762
102915,388973702,Vicenta,Coronado,763
102916,674964646,Timoteo,Vilaplana,764
102917,867794666,Leticia,Criado,765
102918,653837986,Jenaro,Angel,766
102919,290948331,Jose Carlos,Garces,767
102920,943578321,Amalia,Pereira,768
102921,259975375,Consuelo,Tolosa,769
102922,475639257,Gregorio,Gallego,770
102923,753513938,Pancho,Sevillano,771
102924,576529509,Estela,Vergara,772
102925,937105195,Javier,Rincon,773
102926,541944006,Feliciana,Recio,774
102927,542389395,Feliciano,Acero,775
102928,219137781,Gustavo,Borrego,776
102929,320599660,Socorro,Bernad,777
102930,299370758,Tatiana,Olmo,778
102931,268284437,Rosalia,Echeverria,779
102932,766765677,Dominga,Sobrino,780
102933,369366791,Serafina,Zorrilla,781
102934,105533331,Noa,Reyes,782
102935,186476237,Ani,Abascal,783
102936,908983574,Jose Carlos,Bustamante,784
102937,497630834,Macaria,Miro,785
102938,502121669,Monica,Malo,786
102939,824891482,Ciriaco,Aguilo,787
102940,727876667,Agueda,Lledo,788
102941,586107130,Pili,Bru,789
102942,269279866,Eustaquio,Maza,790
102943,501763595,Soraya,Alvarado,791
102944,207887829,Vicenta,Querol,792
102945,202906200,Hernando,Sevilla,793
102946,818559602,Jose Miguel,Quintanilla,794
102947,966375397,Sancho,Vazquez,795
102948,82394437,Epifanio,Velasco,796
102949,680142440,Timoteo,Ballester,797
102950,808019912,Claudio,Bernat,798
102951,541069372,Maximiliano,Caro,799
102952,808388915,Debora,Gomis,800
102953,266354260,Anunciacion,Chamorro,801
102954,926724669,Adelaida,Puente,802
102955,392535953,Bibiana,Perez,803
102956,605045959,Zaida,Robles,804
102957,247162660,Juan Carlos,Cortina,805
102958,895360238,Lupe,Andres,806
102959,793006795,Esmeralda,Olive,807
102960,251979640,Chus,Soto,808
102961,945033206,Flavia,Luna,809
102962,483908413,Aitor,Gomila,810
102963,156632866,Blanca,Baquero,811
102964,192378495,Tecla,Hierro,812
102965,733320595,Inigo,Ferrando,813
102966,416288053,Vidal,Espana,814
102967,108518034,Felicidad,Pina,815
102968,772770044,Delfina,Arroyo,816
102969,567610838,Flavia,Anglada,817
102970,948076776,Hermenegildo,Pozuelo,818
102971,983930155,Ana Belen,Nebot,819
102972,613054574,Benita,Vidal,820
102973,676662712,Matias,Gimeno,821
102974,405505644,Sofia,Ortuno,822
102975,799606180,Marcelino,Pintor,823
102976,859406237,Anacleto,Barco,824
102977,951062394,Jesusa,Llopis,825
102978,564255110,Anita,Ferrera,826
102979,862786767,Ariel,Anglada,827
102980,700773509,Pancho,Sotelo,828
102981,899295647,Aristides,Verdejo,829
102982,924539009,Sabina,Montero,830
102983,688639442,Rosario,Anguita,831
102984,138254571,Severiano,Prada,832
102985,149711942,Gala,Caparros,833
102986,225963970,Aurea,Arevalo,834
102987,870827131,Pastora,Menendez,835
102988,255044821,Gabino,Hervas,836
102989,105452267,Evelia,Calvo,837
102990,596664754,Ale,Planas,838
102991,717843479,Eloy,Oliveras,839
102992,774955168,Lucia,Royo,840
102993,974723034,Ariel,Nadal,841
102994,716076596,Camila,Lorenzo,842
102995,828668823,Teofilo,Alba,843
102996,222098353,Benigna,Acosta,844
102997,298290976,Ileana,Amigo,845
102998,812888650,Ileana,Ramos,846
102999,239153714,Adoracion,Castilla,847
103000,277075335,Edelmiro,Vilaplana,848
103001,668247543,Eutropio,Quevedo,849
103002,858284069,Roberto,Palomo,850
103003,561856694,Alejo,Heras,851
103004,101793060,Ingrid,Francisco,852
103005,163025998,Raul,Acero,853
103006,832146180,Juan Jose,Mas,854
103007,557048124,Consuela,Barrios,855
103008,663749528,Domitila,Quesada,856
103009,999622439,Lorenzo,Clemente,857
103010,119501961,Piedad,Tovar,858
103011,528602285,Nadia,Villena,859
103012,514673777,Yessica,Rodenas,860
103013,192809252,Americo,Gallo,861
103014,410768185,Dario,Iborra,862
103015,479421556,Jordi,Linares,863
103016,579582803,Lucila,Arjona,864
103017,415858171,Feliciano,Toledo,865
103018,745799630,Amando,Aramburu,866
103019,160628004,Estefania,Carbo,867
103020,507252031,Pio,Valenciano,868
103021,856510002,Carmina,Baeza,869
103022,591054144,Raquel,Bartolome,870
103023,180223384,Fernanda,Montana,871
103024,425339438,Estela,Maldonado,872
103025,902629955,Vidal,Blazquez,873
103026,422401558,Jenny,Perez,874
103027,583808460,Valero,Marin,875
103028,987325856,Begona,Llano,876
103029,548411639,Tomas,Montoya,877
103030,477931593,Leonel,Urrutia,878
103031,945480559,Silvio,Sureda,879
103032,619591966,Marta,Verdugo,880
103033,363952194,Noa,Alarcon,881
103034,949339374,Amada,Puente,882
103035,287561905,Javi,Conde,883
103036,851675663,Lucia,Arellano,884
103037,263697959,Lisandro,Ruiz,885
103038,211131939,Marco,Alvarez,886
103039,835559655,Adelia,Nogues,887
103040,760943577,Felipe,Manjon,888
103041,832235299,Jose Ramon,Calderon,889
103042,342176760,Marciano,Uria,890
103043,145246897,Albert,Carrion,891
103044,733360302,Adelina,Acedo,892
103045,831421307,Pascuala,Saez,893
103046,603179254,Elias,Fuertes,894
103047,913236961,Gustavo,Sales,895
103048,663669464,Nico,Nino,896
103049,574175307,Ignacio,Casanova,897
103050,588723068,Juan Jose,Zorrilla,898
103051,184921476,Juana,Piquer,899
103052,800482420,Viviana,Peinado,900
103053,671675931,Prudencio,Barcelo,901
103054,220860664,Delfina,Boix,902
103055,676043028,Evelia,Sanchez,903
103056,334735921,Ingrid,Blanes,904
103057,320012915,Gertrudis,Caro,905
103058,856590097,Javi,Bastida,906
103059,693071679,Begona,Penas,907
103060,449099605,Ciriaco,Paredes,908
103061,701018285,Anastasia,Cabanillas,909
103062,572052518,Ale,Cabrera,910
103063,203132863,Haydee,Riquelme,911
103064,794382007,Pepe,Rozas,912
103065,931676099,Martina,Pera,913
103066,353440746,Eduardo,Cerda,914
103067,429753975,Maria Teresa,Cobos,915
103068,516125915,Trinidad,Valencia,916
103069,891108490,Alcides,Borras,917
103070,413256332,Maria Jesus,Amor,918
103071,416055931,Etelvina,Carpio,919
103072,899331759,Adriana,Pinto,920
103073,302927403,Rosaura,Pellicer,921
103074,647893922,Amilcar,Company,922
103075,229878346,Calixto,Garate,923
103076,553315575,Asdrubal,Poza,924
103077,488937166,Clotilde,Aranda,925
103078,371944193,Coral,Ojeda,926
103079,606785523,Eligia,Sanmiguel,927
103080,751833321,Miriam,Marti,928
103081,471882853,Edgardo,Pombo,929
103082,282436929,Angelina,Palomo,930
103083,870275121,Carmina,Vilaplana,931
103084,461699619,Isaias,Marin,932
103085,597439164,Fernando,Gabaldon,933
103086,174961381,Norberto,Nicolas,934
103087,707992371,Julia,Rovira,935
103088,315424211,Anunciacion,Bertran,936
103089,365788071,Rodolfo,Sureda,937
103090,641982033,Roman,Boix,938
103091,566369381,Edelmiro,Nogues,939
103092,791530029,Florentina,Losa,940
103093,979538247,Alonso,Rivas,941
103094,482291373,Maria Belen,Abril,942
103095,849784048,Cleto,Paredes,943
103096,884950875,Felicia,Aranda,944
103097,386611507,Reyna,Arnau,945
103098,827647326,Ale,Fortuny,946
103099,751523296,Baltasar,Domingo,947
103100,511942330,Gervasio,Hervas,948
103101,741877039,Eliseo,Franch,949
103102,352513411,Ulises,Pol,950
103103,350077289,Andrea,Macias,951
103104,872780816,Luisa,Tolosa,952
103105,470402538,Ariel,Campoy,953
103106,638473554,Buenaventura,Viana,954
103107,135427135,Tono,Barroso,955
103108,884656215,Yaiza,Caparros,956
103109,405872666,Encarnacion,Portero,957
103110,376526057,Eli,Arnal,958
103111,409726503,Victorino,Canete,959
103112,927344011,Soledad,Casanova,960
103113,962777431,Dionisio,Sala,961
103114,986425044,Fidel,Trujillo,962
103115,325144834,Felix,Sarabia,963
103116,893653998,Gregorio,Ocana,964
103117,853516853,Cristian,Llanos,965
103118,483158622,Cintia,Palacio,966
103119,571970158,Adelardo,Briones,967
103120,181163980,Natanael,Abascal,968
103121,275835263,Anabel,Morales,969
103122,796112241,Luisina,Lamas,970
103123,481895871,Fabricio,Sevilla,971
103124,839902460,Patricia,Yuste,972
103125,422113002,Luz,Nino,973
103126,762776916,Samuel,Garcia,974
103127,867092823,Juanito,Arribas,975
103128,794277897,Itziar,Esparza,976
103129,689281721,Alfredo,Infante,977
103130,446567979,Lalo,Codina,978
103131,141092370,Jose Angel,Puga,979
103132,406865332,Ruben,Balaguer,980
103133,235559404,Adrian,Cobos,981
103134,850412577,Debora,Corbacho,982
103135,760457508,Ema,Rossello,983
103136,311248688,Amelia,Saavedra,984
103137,204246735,Teodosio,Segui,985
103138,195223653,Ambar,Pedraza,986
103139,966597042,Chita,Jurado,987
103140,602786697,Candida,Amor,988
103141,717094236,Manolo,Alcolea,989
103142,987540717,Pastor,Coloma,990
103143,102944269,Salome,Cuenca,991
103144,546637678,Erasmo,Medina,992
103145,366266378,Hortensia,Miguel,993
103146,815153940,Dafne,Luz,994
103147,310481037,Amor,Ponce,995
103148,464235982,Carmina,Iglesia,996
103149,101942421,Feliciano,Sales,997
103150,345594421,Octavio,Aguilo,998
103151,774834104,Hector,Gallardo,999
103152,989678163,Juana,Morcillo,1000
103153,585619441,Victor,Olivares,1001
103154,389814829,Encarnacion,Alonso,1002
103155,907642111,Epifanio,Santana,1003
103156,684159486,Isidro,Reig,1004
103157,990784607,Aurelia,Aznar,1005
103158,822142260,Armida,Tome,1006
103159,550745026,Itziar,Alonso,1007
103160,439535642,Tito,Barranco,1008
103161,387863432,Carla,Olive,1009
103162,474504566,Arcelia,Avila,1010
103163,130045356,Miriam,Prats,1011
103164,363412452,Leonardo,Cabrera,1012
103165,176997611,Roberto,Moles,1013
103166,951786281,Amaro,Castello,1014
103167,458954791,Gregorio,Almansa,1015
103168,116036811,Victor,Salamanca,1016
103169,444467831,Jose Miguel,Gascon,1017
103170,183551222,Jose,Vera,1018
103171,576197052,Dalila,Coll,1019
103172,450856390,Isabela,Morante,1020
103173,255955334,Urbano,Casas,1021
103174,440370853,Armando,Pera,1022
103175,246878694,Teofilo,Barriga,1023
103176,320231692,Nuria,Gutierrez,1024
103177,420645884,Miguel,Verdejo,1025
103178,543944164,Dionisia,Toro,1026
103179,110749175,Vito,Taboada,1027
103180,370260424,Romulo,Galan,1028
103181,461398594,Teodoro,Fuente,1029
103182,257475763,Herminia,Quiros,1030
103183,930107954,Custodia,Herranz,1031
103184,586051619,Carina,Carranza,1032
103185,397233268,Felicidad,Arnal,1033
103186,379082713,Reynaldo,Banos,1034
103187,558668560,Evaristo,Pedro,1035
103188,322973288,Tono,Herrero,1036
103189,739303149,Saturnino,Redondo,1037
103190,806573400,Florinda,Armengol,1038
103191,221046510,Ramiro,Pedrosa,1039
103192,317240711,Goyo,Escriva,1040
103193,617130813,Placido,Pera,1041
103194,702579385,Chuy,Jorda,1042
103195,714512401,Chema,Zapata,1043
103196,626644266,Lidia,Bayon,1044
103197,185332053,Sofia,Valle,1045
103198,627766205,Celso,Giner,1046
103199,979796641,Dario,Machado,1047
103200,646819712,Gilberto,Abascal,1048
103201,252454073,Leon,Arenas,1049
103202,722415550,Dimas,Arcos,1050
103203,334888633,Calisto,Arenas,1051
103204,779360403,Amparo,Pascual,1052
103205,497945045,Juanita,Checa,1053
103206,712878413,Florinda,Amoros,1054
103207,323318450,Nuria,Carlos,1055
103208,408739291,Nilo,Amigo,1056
103209,448790821,Alexandra,Infante,1057
103210,567245900,Agapito,Aroca,1058
103211,401450780,Hermenegildo,Chacon,1059
103212,376568064,Heliodoro,Pomares,1060
103213,309941867,Ruy,Sedano,1061
103214,931237025,Charo,Navas,1062
103215,196161204,Guiomar,Saez,1063
103216,806508507,Chuy,Orozco,1064
103217,803329309,Adoracion,Rojas,1065
103218,588970591,Telmo,Flor,1066
103219,448161301,Melania,Alcalde,1067
103220,721624461,Martin,Hoz,1068
103221,683033628,Brigida,Luque,1069
103222,989313832,Maria Belen,Sanchez,1070
103223,119289504,Ana,Alberola,1071
103224,814421038,Javi,Sanmiguel,1072
103225,780425904,Cruz,Moles,1073
103226,632392873,Veronica,Arnau,1074
103227,433039282,Teo,Pallares,1075
103228,853552127,Carmen,Peral,1076
103229,420345595,Adalberto,Salmeron,1077
103230,512745363,Gisela,Lumbreras,1078
103231,647296324,Samanta,Mendoza,1079
103232,702748519,Toni,Saez,1080
103233,840845070,Bernabe,Sobrino,1081
103234,585653693,Angeles,Coloma,1082
103235,975287149,Luisina,Cadenas,1083
103236,127729598,Ursula,Carnero,1084
103237,293087202,Violeta,Mesa,1085
103238,821844420,Leire,Benito,1086
103239,896464217,Javiera,Santamaria,1087
103240,846900418,Luis,Lozano,1088
103241,236734745,Ismael,Olivera,1089
103242,143668032,Duilio,Mayol,1090
103243,813119132,Regulo,Mosquera,1091
103244,786638331,Berta,Checa,1092
103245,451656743,Florentina,Alberto,1093
103246,883215364,Griselda,Dalmau,1094
103247,658693256,Chus,Borras,1095
103248,973854304,Natalio,Alfaro,1096
103249,584736864,Iban,Campillo,1097
103250,954215660,Candida,Mendizabal,1098
103251,579814203,Jose Manuel,Benito,1099
103252,178474288,Reyna,Tejada,1100
103253,628992480,Walter,Tirado,1101
103254,155042266,Mohamed,Portillo,1102
103255,604277380,Salud,Alcala,1103
103256,783338572,Ursula,Pons,1104
103257,106256015,Oscar,Ropero,1105
103258,522915160,Jessica,Pellicer,1106
103259,752400249,Alcides,Mariscal,1107
103260,387225975,Pelayo,Pascual,1108
103261,523221477,Priscila,Solana,1109
103262,314221003,Cirino,Pla,1110
103263,327957574,Balduino,Saura,1111
103264,705868951,Leonardo,Carrillo,1112
103265,242499648,Rocio,Barco,1113
103266,768435875,Pili,Blanca,1114
103267,354753455,Georgina,Melero,1115
103268,681341420,Paula,Llabres,1116
103269,902622578,Dimas,Donaire,1117
103270,337516614,Salud,Varela,1118
103271,143161485,Angela,Cornejo,1119
103272,518083883,Jacinta,Blasco,1120
103273,207262023,Eligia,Robles,1121
103274,499787094,Segismundo,Tolosa,1122
103275,765747655,Severiano,Quintanilla,1123
103276,934820014,Rosa,Carretero,1124
103277,630261101,Pacifica,Amo,1125
103278,916087009,Feliciana,Redondo,1126
103279,221250768,Amaro,Paniagua,1127
103280,995817490,Isaura,Miro,1128
103281,708081334,Evangelina,Gonzalez,1129
103282,588648953,Manuela,Marin,1130
103283,403967731,Gracia,Suarez,1131
103284,765992995,Regulo,Redondo,1132
103285,586410656,Olivia,Juan,1133
103286,166370778,Julia,Calvo,1134
103287,307966724,Elodia,Bonet,1135
103288,192707624,Dora,Fuster,1136
103289,582898686,Mateo,Tormo,1137
103290,434331221,Maria Teresa,Villaverde,1138
103291,951993752,Agapito,Crespi,1139
103292,112473891,Marciano,Alsina,1140
103293,893212316,Francisca,Sanjuan,1141
103294,738840401,Jose Manuel,Zapata,1142
103295,727682355,Elba,Saavedra,1143
103296,490418345,Raul,Montero,1144
103297,623788287,Elias,Castilla,1145
103298,131708077,Delfina,Font,1146
103299,472972560,Mamen,Pinol,1147
103300,895195337,Inmaculada,Roura,1148
103301,923233130,Elpidio,Sandoval,1149
103302,919358772,Macarena,Huertas,1150
103303,319879608,Maristela,Vilanova,1151
103304,770117412,Amaro,Hidalgo,1152
103305,218404207,Jesus,Cortina,1153
103306,177535901,Florinda,Nadal,1154
103307,785769232,Amilcar,Rosello,1155
103308,311089676,Leyre,Barranco,1156
103309,833663182,Amparo,Benavente,1157
103310,724561387,Juan Carlos,Velasco,1158
103311,333531517,Cristina,Pina,1159
103312,746436111,Flavia,Milla,1160
103313,735315413,Andres,Ibanez,1161
103314,863317748,Araceli,Gutierrez,1162
103315,339481420,Raquel,Redondo,1163
103316,531123083,Anselmo,Alcazar,1164
103317,244283170,Guiomar,Becerra,1165
103318,463981440,Severino,Gilabert,1166
103319,417281607,Rafaela,Machado,1167
103320,648852724,Perla,Iniguez,1168
103321,891396148,Olegario,Sole,1169
103322,279098358,Nico,Gimenez,1170
103323,539167190,Santiago,Albero,1171
103324,171747171,Gertrudis,Izaguirre,1172
103325,560225365,Eleuterio,Briones,1173
103326,429635660,Ramon,Arellano,1174
103327,452340205,Olga,Jimenez,1175
103328,793300568,Delfina,Rubio,1176
103329,185082409,Felix,Heras,1177
103330,116495685,Gala,Sanz,1178
103331,482080663,Custodio,Roldan,1179
103332,987141203,Nicodemo,Camps,1180
103333,462194004,Lucio,Cepeda,1181
103334,724507719,Sabina,Pena,1182
103335,884968722,Cecilio,Castejon,1183
103336,508136594,Onofre,Pou,1184
103337,220005668,Ainara,Bru,1185
103338,293685863,Hermenegildo,Muro,1186
103339,812123057,Pilar,Valenciano,1187
103340,693629228,Camilo,Cruz,1188
103341,167799549,Marciano,Aguilera,1189
103342,884390878,Candelaria,Navarro,1190
103343,166920867,Amilcar,Calderon,1191
103344,945303677,Manuel,Cordoba,1192
103345,969150736,Piedad,Dieguez,1193
103346,873409883,Daniela,Jover,1194
103347,260675867,Leocadia,Fabregat,1195
103348,661288774,Victorino,Gordillo,1196
103349,588350035,Pilar,Berrocal,1197
103350,710156291,Moises,Villar,1198
103351,334872790,Mario,Cuellar,1199
103352,439120873,Encarnacion,Lujan,1200
103353,113854383,Jose Manuel,Mas,1201
103354,833857606,Isabela,Santiago,1202
103355,570332574,Adolfo,Rios,1203
103356,974005493,Luna,Abellan,1204
103357,106308403,Abril,Guillen,1205
103358,330563801,Carmen,Macias,1206
103359,869729381,Itziar,Arranz,1207
103360,189830409,Aristides,Ortuno,1208
103361,370148822,Serafina,Moran,1209
103362,667482925,Nicodemo,Malo,1210
103363,812305823,Benjamin,Infante,1211
103364,334545929,Donato,Barcena,1212
103365,883363882,Remedios,Parejo,1213
103366,934323841,Cloe,Viana,1214
103367,885095601,Fernando,Valera,1215
103368,371228169,Maria Belen,Bermudez,1216
103369,592272078,Abilio,Morell,1217
103370,103327192,Ingrid,Valcarcel,1218
103371,813654590,Fabricio,Calvet,1219
103372,471396913,Celso,Leal,1220
103373,909317171,Eva,Rosello,1221
103374,952729536,Nacho,Cifuentes,1222
103375,431004360,Urbano,Alfaro,1223
103376,644716022,Claudia,Jimenez,1224
103377,215536554,Marcio,Mugica,1225
103378,344208898,Roxana,Coll,1226
103379,238494354,Eloisa,Tomas,1227
103380,484434788,Nidia,Frutos,1228
103381,347736193,Mohamed,Quiros,1229
103382,982735026,Luis,Guerrero,1230
103383,994357128,Ramiro,Gaya,1231
103384,715599087,Osvaldo,Cardenas,1232
103385,243377710,Jennifer,Morera,1233
103386,876814968,Amalia,Barba,1234
103387,574469106,Jose Carlos,Llorente,1235
103388,645944641,Benita,Torre,1236
103389,360486897,Wilfredo,Gonzalez,1237
103390,876174403,Carla,Folch,1238
103391,215381831,Azahar,Osorio,1239
103392,410381807,Teresa,Morata,1240
103393,154109785,Prudencio,Vargas,1241
103394,580537871,Anselma,Sala,1242
103395,487860608,Rebeca,Bustos,1243
103396,367075196,Felipe,Lluch,1244
103397,206372378,Mario,Espanol,1245
103398,471699845,Elpidio,Cabezas,1246
103399,439196167,Lupe,Parejo,1247
103400,690939112,Carolina,Macias,1248
103401,810566989,Irma,Sotelo,1249
103402,553129228,Manuela,Chaparro,1250
103403,581518367,Yesica,Moya,1251
103404,110826058,Domingo,Carranza,1252
103405,733707267,Eliana,Figueras,1253
103406,796577573,Duilio,Fiol,1254
103407,678688303,Ana Sofia,Boada,1255
103408,294455529,Zaida,Gimeno,1256
103409,326398363,Loreto,Baez,1257
103410,442811983,Manu,Cardenas,1258
103411,146574479,Merche,Banos,1259
103412,688892069,Francisco Javier,Tellez,1260
103413,793793472,Adelardo,Figuerola,1261
103414,287734283,Lidia,Acevedo,1262
103415,569899934,Florentino,Sedano,1263
103416,267439184,Regulo,Colom,1264
103417,152886368,Pepito,Montero,1265
103418,416579146,Conrado,Marques,1266
103419,883428179,Federico,Folch,1267
103420,412096651,Dorotea,Amaya,1268
103421,717705283,Adriana,Rossello,1269
103422,449134457,Ivan,Escribano,1270
103423,754351569,Cesar,Sancho,1271
103424,100533875,Fanny,Pozuelo,1272
103425,139908700,Elvira,Medina,1273
103426,321680161,Feliciana,Muro,1274
103427,604777907,Clara,Barbera,1275
103428,581241139,Rosaura,Verdu,1276
103429,466999727,Natanael,Paredes,1277
103430,270443745,Desiderio,Canals,1278
103431,984053516,Francisco Javier,Baez,1279
103432,278602739,Clarisa,Botella,1280
103433,135069469,Manu,Menendez,1281
103434,901711375,Clementina,Exposito,1282
103435,511041965,Lupe,Ortuno,1283
103436,537344123,Maximo,Muro,1284
103437,998138777,Yaiza,Riquelme,1285
103438,524784478,Paloma,Gimenez,1286
103439,113438420,Jacobo,Casares,1287
103440,675427331,Roman,Pinto,1288
103441,725276528,Leocadio,Amigo,1289
103442,684245717,Almudena,Alberola,1290
103443,796407667,Jose,Zabaleta,1291
103444,770591734,Gabriel,Iniesta,1292
103445,642989539,Maria Belen,Ocana,1293
103446,564506983,Ruperto,Talavera,1294
103447,290362798,Virgilio,Pinto,1295
103448,597099465,Florentino,Marino,1296
103449,311718838,Amilcar,Goni,1297
103450,179651408,Evita,Agullo,1298
103451,566776493,Encarnacion,Gonzalez,1299
103452,470722486,Carlito,Blazquez,1300
103453,565985960,Ingrid,Guijarro,1301
103454,172225080,Saturnina,Navarrete,1302
103455,999138587,Alfredo,Barcena,1303
103456,955176514,Gisela,Calvo,1304
103457,907586526,Chus,Alcala,1305
103458,200345695,Bernabe,Rovira,1306
103459,531284540,Isaura,Neira,1307
103460,174066306,Albert,Maza,1308
103461,736402434,Basilio,Sanchez,1309
103462,517862175,Visitacion,Torrijos,1310
103463,272061471,Lucia,Riera,1311
103464,432482410,Felipa,Sanjuan,1312
103465,779197175,Tristan,Cuervo,1313
103466,619546050,Blas,Patino,1314
103467,558926636,Pablo,Arribas,1315
103468,410234116,Juan Carlos,Redondo,1316
103469,868326229,Carina,Carrillo,1317
103470,684200378,Juan Bautista,Rosado,1318
103471,922983446,Maria Cristina,Toledo,1319
103472,291926719,Agustin,Albero,1320
103473,172250788,Josep,Valcarcel,1321
103474,661642931,Prudencio,Granados,1322
103475,112027758,Mayte,Romeu,1323
103476,240687007,Marcial,Rodriguez,1324
103477,124399038,Aitor,Garcia,1325
103478,598287296,Lucila,Cozar,1326
103479,300538794,Adan,Casanovas,1327
103480,811981473,Claudia,Ibarra,1328
103481,333137127,Luis Miguel,Figueras,1329
103482,355856002,Olivia,Oliver,1330
103483,297617222,Eustaquio,Morell,1331
103484,115687073,Jose Angel,Arias,1332
103485,753132947,Cecilia,Palomino,1333
103486,629301878,Chelo,Crespi,1334
103487,433418140,Nicolasa,Arjona,1335
103488,416564519,Sandra,Valbuena,1336
103489,481260213,Alvaro,Tomas,1337
103490,116562537,Adelia,Pallares,1338
103491,163205117,Leopoldo,Escriva,1339
103492,967310032,Lupita,Plaza,1340
103493,948711577,Maria Pilar,Alfonso,1341
103494,922623652,Mar,Busquets,1342
103495,869165720,Clarisa,Diaz,1343
103496,296569277,Rosario,Porras,1344
103497,313199860,Jose Mari,Tello,1345
103498,163194285,Ruben,Armas,1346
103499,628718167,Azeneth,Amores,1347
103500,380793458,Benito,Aguilar,1348
103501,913886213,Bruno,Blanes,1349
103502,782672918,Anita,Hernando,1350
103503,511729944,Roman,Sureda,1351
103504,723361406,Lupe,Fuertes,1352
103505,269421525,Noelia,Hervia,1353
103506,576478796,David,Castaneda,1354
103507,700303948,Roberto,Francisco,1355
103508,341915094,Otilia,Solis,1356
103509,265721951,Pacifica,Urrutia,1357
103510,260600612,Fermin,Zabala,1358
103511,311585822,Lara,Ferrandiz,1359
103512,113380531,Severino,Tenorio,1360
103513,149919594,Jose Manuel,Santamaria,1361
103514,151825585,Nacio,Verdejo,1362
103515,107815042,Oriana,Galvez,1363
103516,557687234,Macario,Coello,1364
103517,416222091,Mayte,Blazquez,1365
103518,393988741,Juan Francisco,Beltran,1366
103519,149069756,Pascual,Zabaleta,1367
103520,635419333,Purificacion,Hoyos,1368
103521,518664919,Carmela,Lujan,1369
103522,633069234,Noa,Moran,1370
103523,224269491,Jose Carlos,Garay,1371
103524,940405936,Carmina,Rosales,1372
103525,668213995,Gisela,Carreras,1373
103526,681262829,Fabiola,Farre,1374
103527,174631170,Tito,Fortuny,1375
103528,989089264,Maria Jesus,Pulido,1376
103529,455039650,Edelmiro,Carro,1377
103530,963288727,Nazaret,Barcena,1378
103531,423297277,Fortunata,Royo,1379
103532,560520287,Amalia,Carretero,1380
103533,561291704,Balduino,Varela,1381
103534,647281600,Loreto,Rocamora,1382
103535,396407288,Florentina,Alberto,1383
103536,816564902,Nicolasa,Fuente,1384
103537,552225555,Jose,Barranco,1385
103538,321182747,Sancho,Querol,1386
103539,359450194,Cintia,Valentin,1387
103540,727323816,Luis,Peinado,1388
103541,808820931,Hipolito,Beltran,1389
103542,792568723,Ascension,Vazquez,1390
103543,993361921,Felicia,Batalla,1391
103544,296253670,Luciana,Tirado,1392
103545,834047911,Paca,Seco,1393
103546,590494142,Hugo,Contreras,1394
103547,864558777,Francisco Jose,Tello,1395
103548,258706618,Ivan,Domenech,1396
103549,800126480,Damian,Castello,1397
103550,477840238,Felix,Escamilla,1398
103551,453903436,Fabio,Domingo,1399
103552,961128804,Carla,Prats,1400
103553,422261742,Gertrudis,Barros,1401
103554,391988108,Salome,Codina,1402
103555,706659139,Amor,Pazos,1403
103556,644722198,Rita,Miranda,1404
103557,918600744,Paola,Sans,1405
103558,537991344,Tere,Zamora,1406
103559,650217978,Griselda,Salom,1407
103560,912803326,Nereida,Puerta,1408
103561,707308776,Ruben,Alberola,1409
103562,752200573,Amelia,Cervera,1410
103563,377427594,Maria Pilar,Martin,1411
103564,644233175,Ana,Castaneda,1412
103565,124833525,Inigo,Flor,1413
103566,114086139,Telmo,Planas,1414
103567,605796350,Rocio,Barco,1415
103568,484317239,Samu,Romero,1416
103569,149707284,Alicia,Molins,1417
103570,742760400,Mauricio,Parra,1418
103571,166523913,Tomas,Miguel,1419
103572,683112724,Mariano,Blanes,1420
103573,545961228,Sebastian,Franco,1421
103574,429814585,Lucio,Matas,1422
103575,781690114,Herminio,Ferreras,1423
103576,459829345,Teodora,Giron,1424
103577,209212480,Azahara,Vera,1425
103578,378847676,Sara,Cobo,1426
103579,495045104,Marita,Jodar,1427
103580,130977022,Hector,Alvarez,1428
103581,874949646,Severino,Castello,1429
103582,147640416,Natalia,Tapia,1430
103583,542341642,Armando,Villa,1431
103584,577106466,Blanca,Herrera,1432
103585,188377795,Nazaret,Gibert,1433
103586,772426617,Andrea,Agustin,1434
103587,237739991,Alcides,Mendoza,1435
103588,722204674,Marisol,Alarcon,1436
103589,457931328,Anacleto,Machado,1437
103590,308815967,Anita,Roda,1438
103591,174608284,Cipriano,Costa,1439
103592,700742257,Ruth,Nunez,1440
103593,359683687,Tadeo,Amoros,1441
103594,755757787,Merche,Cuadrado,1442
103595,135635780,Dorita,Cuellar,1443
103596,667234268,Gerardo,Marco,1444
103597,182914241,Renato,Borrell,1445
103598,577978220,Sebastian,Vives,1446
103599,739245462,Jose Angel,Gabaldon,1447
103600,675238827,Alejandra,Alarcon,1448
103601,338109860,Nacio,Farre,1449
103602,159671446,Oscar,Armas,1450
103603,804937179,Matias,Tovar,1451
103604,546966080,Ricarda,Daza,1452
103605,963954805,Cayetana,Ferrandez,1453
103606,510462223,Gloria,Neira,1454
103607,483153565,Loida,Conesa,1455
103608,331275973,Camila,Barranco,1456
103609,987331351,Mar,Oliva,1457
103610,685361920,German,Aguilo,1458
103611,119627092,Flor,Serrano,1459
103612,609847320,Consuelo,Cepeda,1460
103613,255261622,Leoncio,Cepeda,1461
103614,547864847,Ligia,Suarez,1462
103615,774705940,Feliciano,Ferrando,1463
103616,470902416,Emiliana,Paz,1464
103617,501483432,Oscar,Miralles,1465
103618,374678213,Dolores,Pages,1466
103619,925621609,Pio,Mosquera,1467
103620,922865427,Nayara,Chico,1468
103621,278185439,Candelario,Giner,1469
103622,987947450,Evangelina,Alfaro,1470
103623,597397389,Demetrio,Moran,1471
103624,616012082,Teresita,Mendizabal,1472
103625,801993702,Pascual,Ferrandez,1473
103626,511315453,Eloisa,Rivas,1474
103627,850170935,Arturo,Luis,1475
103628,973314091,Renato,Barba,1476
103629,809240487,Angel,Espana,1477
103630,605668781,Martin,Barriga,1478
103631,675326852,Bernabe,Ramirez,1479
103632,647865187,Nadia,Morales,1480
103633,611331115,Yago,Ferran,1481
103634,708208990,Dionisio,Fonseca,1482
103635,842484316,Candela,Riquelme,1483
103636,677154166,Jacobo,Frutos,1484
103637,504047363,Epifanio,Tapia,1485
103638,879935168,Claudio,Caro,1486
103639,481184314,Reynaldo,Roma,1487
103640,299856436,America,Carreno,1488
103641,436733397,Isidoro,Esteve,1489
103642,280059200,Jose,Fabra,1490
103643,789688601,Elisa,Malo,1491
103644,743026898,Balduino,Abellan,1492
103645,639502372,Moreno,Cortes,1493
103646,514836558,Natividad,Lorenzo,1494
103647,416258672,Jose Mari,Olmo,1495
103648,679257616,Juliana,Blanco,1496
103649,254404546,Jessica,Escalona,1497
103650,445782846,Quique,Giron,1498
103651,347555886,Rosalina,Zurita,1499
103652,490201551,Fanny,Trillo,1500
103653,236713457,Javier,Almagro,1501
103654,932615881,Aura,Donoso,1502
103655,415253576,Xavier,Murcia,1503
103656,791147463,Dan,Iriarte,1504
103657,498237188,Berto,Benavent,1505
103658,605461892,Maribel,Riquelme,1506
103659,655101519,Rolando,Beltran,1507
103660,903217809,Dora,Sureda,1508
103661,673120820,Aurelio,Pozo,1509
103662,557793596,Isabel,Cerdan,1510
103663,899403628,Guadalupe,Salazar,1511
103664,942625957,Irma,Iglesias,1512
103665,918901963,Virginia,Mascaro,1513
103666,393152300,Luz,Bas,1514
103667,163375783,Amor,Pelaez,1515
103668,495707212,Imelda,Chaparro,1516
103669,393018636,Ruy,Aragones,1517
103670,789296338,Apolonia,Jara,1518
103671,287808246,Jose Carlos,Salinas,1519
103672,477198087,Jordi,Sacristan,1520
103673,741668245,Aaron,Herrera,1521
103674,326891618,Nicanor,Abellan,1522
103675,122227666,Dan,Franch,1523
103676,412852113,Nacho,Merino,1524
103677,208578901,Tere,Feliu,1525
103678,759436245,Romulo,Mari,1526
103679,173726519,Jesus,Cid,1527
103680,788710924,Marisa,Casals,1528
103681,669809812,Bartolome,Llobet,1529
103682,223651908,German,Pina,1530
103683,864317838,Ester,Alemany,1531
103684,777794537,Pepe,Mancebo,1532
103685,412737460,Edgar,Morante,1533
103686,330919736,Amador,Gracia,1534
103687,155489873,Candelario,Miro,1535
103688,325759891,Ale,Rosado,1536
103689,907805866,Sergio,Pedrero,1537
103690,195073343,Rogelio,Enriquez,1538
103691,387488442,Crescencia,Nicolau,1539
103692,483564018,Kike,Pedrosa,1540
103693,144624107,Cecilio,Reig,1541
103694,203616113,Noemi,Iniesta,1542
103695,986917926,Benita,Robledo,1543
103696,345306696,Jose Carlos,Puga,1544
103697,294867207,Mauricio,Arribas,1545
103698,175172427,Herminio,Bellido,1546
103699,701358880,Hilario,Lumbreras,1547
103700,689642546,Pascuala,Anton,1548
103701,965397411,Jose Manuel,Cordero,1549
103702,475687681,Emigdio,Menendez,1550
103703,325994018,Teo,Rivera,1551
103704,628352072,Daniela,Villaverde,1552
103705,425044847,Monica,Cordero,1553
103706,385571892,Lorenzo,Arranz,1554
103707,479393240,Paulino,Aleman,1555
103708,371410754,Valentina,Pinol,1556
103709,613415244,Paca,Ferrandiz,1557
103710,289725215,Chita,Conde,1558
103711,207212984,Serafina,Casares,1559
103712,122167613,Irene,Adadia,1560
103713,997737393,Calista,Angel,1561
103714,258633580,Fabiana,Goicoechea,1562
103715,435239125,Hipolito,Lloret,1563
103716,139098056,Carlota,Canellas,1564
103717,867389056,Susana,Larrea,1565
103718,161791175,Adan,Corral,1566
103719,423445316,Belen,Sanchez,1567
103720,760934164,Adora,Pizarro,1568
103721,311904914,Cleto,Carranza,1569
103722,155902565,Claudio,Carreno,1570
103723,685523587,Chuy,Prieto,1571
103724,946311688,Encarnacion,Ramis,1572
103725,171345548,Ignacio,Morell,1573
103726,531317457,Isidora,Clavero,1574
103727,962859801,Julio Cesar,Girona,1575
103728,356335913,Brunilda,Figueras,1576
103729,355074956,Urbano,Anglada,1577
103730,346924847,Humberto,Pacheco,1578
103731,701586366,Francisco Javier,Jodar,1579
103732,172745153,Berto,Calvet,1580
103733,309801777,Candida,Calvet,1581
103734,599511099,Delia,Reig,1582
103735,395202243,Nazario,Ballester,1583
103736,311384456,Jacinta,Mora,1584
103737,336399358,Hilda,Almazan,1585
103738,475339910,Florentina,Julia,1586
103739,275384718,Melisa,Gual,1587
103740,779887735,Hipolito,Puga,1588
103741,449472529,Eusebia,Merino,1589
103742,248758389,Dorita,Ribas,1590
103743,439519368,Anita,Morales,1591
103744,640797479,Custodia,Jimenez,1592
103745,700373325,Berta,Mas,1593
103746,891660416,Marita,Frias,1594
103747,944617189,Roberta,Suarez,1595
103748,526205273,Rosalia,Hierro,1596
103749,940922159,Rosalia,Cabo,1597
103750,837087710,Macaria,Pereira,1598
103751,551415376,Calixta,Codina,1599
103752,511384133,Marina,Cuervo,1600
103753,472371605,Norberto,Menendez,1601
103754,446521535,Tadeo,Toro,1602
103755,299930538,Macarena,Serna,1603
103756,647362289,Elias,Rubio,1604
103757,671082727,Adriana,Oliver,1605
103758,630864098,Goyo,Vergara,1606
103759,945756371,Duilio,Arellano,1607
103760,551440373,Nayara,Llorente,1608
103761,797085494,Maria Belen,Baez,1609
103762,756309430,Coral,Alberto,1610
103763,479425527,Paula,Sandoval,1611
103764,249649603,Nilo,Serrano,1612
103765,107840702,Mayte,Vega,1613
103766,982407474,Luisa,Sanabria,1614
103767,199506271,Julio,Ferreras,1615
103768,790209676,Oriana,Gomez,1616
103769,395728660,Nelida,Saura,1617
103770,700972418,Montserrat,Lobato,1618
103771,631495120,Magdalena,Pozo,1619
103772,965891837,Candido,Ramos,1620
103773,122833180,Paco,Bermudez,1621
103774,156581447,Aurora,Zaragoza,1622
103775,775608253,Fabricio,Isern,1623
103776,666982397,Aranzazu,Pol,1624
103777,983462677,Melania,Monreal,1625
103778,726008246,Severo,Arenas,1626
103779,301673996,Mayte,Gascon,1627
103780,753647738,Juan Antonio,Abella,1628
103781,668139308,Jose Francisco,Agudo,1629
103782,924423311,Angelita,Clemente,1630
103783,504370702,Eulalia,Benitez,1631
103784,150096962,Oriana,Quintero,1632
103785,660534235,Tomasa,Marquez,1633
103786,866464155,Calista,Cid,1634
103787,839662208,Maria Fernanda,Mayo,1635
103788,670387428,Jennifer,Abascal,1636
103789,705816195,Eloisa,Pineda,1637
103790,639743802,Maria Pilar,Salmeron,1638
103791,857252721,Bonifacio,Aparicio,1639
103792,162181489,Paola,Perea,1640
103793,305481044,Josep,Infante,1641
103794,121715651,Monica,Macias,1642
103795,376847911,Poncio,Tome,1643
103796,952707895,Lucio,Samper,1644
103797,989103931,Teresa,Vega,1645
103798,173319511,Ricarda,Hervas,1646
103799,127119822,Fortunato,Montoya,1647
103800,987965527,Noemi,Riquelme,1648
103801,388841842,Ambar,Santos,1649
103802,215946345,Casandra,Marcos,1650
103803,436582618,Rosa,Solera,1651
103804,995152992,Leandro,Aguado,1652
103805,702307442,Candido,Giron,1653
103806,123219404,Emelina,Morata,1654
103807,118990351,Aurelio,Castello,1655
103808,737182866,Agustin,Arias,1656
103809,561998871,Eligia,Machado,1657
103810,810490781,Jacobo,Adan,1658
103811,978246338,Moreno,Jodar,1659
103812,240417218,Maximiano,Revilla,1660
103813,305165898,Josefa,Teruel,1661
103814,689705117,America,Artigas,1662
103815,134639515,Chema,Canovas,1663
103816,816629441,Enrique,Casas,1664
103817,985628740,Morena,Carro,1665
103818,651906264,Armando,Egea,1666
103819,980210967,Anna,Mariscal,1667
103820,713441140,Nando,Diaz,1668
103821,788077948,Teresa,Taboada,1669
103822,489743994,Olalla,Aliaga,1670
103823,558568925,Vilma,Caceres,1671
103824,487735169,Jose Manuel,Somoza,1672
103825,438831207,Loreto,Escriva,1673
103826,864532381,Hilario,Moles,1674
103827,433198460,Angelica,Baez,1675
103828,572852986,Modesto,Solana,1676
103829,943803091,Armida,Lozano,1677
103830,752881519,Patricio,Torres,1678
103831,961618555,Geraldo,Gabaldon,1679
103832,976839108,Arsenio,Ayuso,1680
103833,744282588,Marc,Romero,1681
103834,131191206,Candelas,Bartolome,1682
103835,450464428,Guadalupe,Barbera,1683
103836,875667181,Perla,Infante,1684
103837,410531210,Clemente,Hurtado,1685
103838,725824669,Nadia,Tudela,1686
103839,823379089,Febe,Frutos,1687
103840,569228203,Rosendo,Fajardo,1688
103841,460894596,Pepita,Aroca,1689
103842,815782648,Emilia,Moles,1690
103843,414057567,Xavier,Rebollo,1691
103844,479953691,Mireia,Collado,1692
103845,505336467,Julieta,Toro,1693
103846,401995426,Venceslas,Zamorano,1694
103847,736887368,Noe,Font,1695
103848,686928550,Benigno,Macias,1696
103849,738259657,Maxi,Salom,1697
103850,692908001,Florencio,Elorza,1698
103851,435808296,Odalys,Criado,1699
103852,613301955,Valentina,Lujan,1700
103853,731906758,Eli,Olivares,1701
103854,196748993,Sabina,Orozco,1702
103855,519955435,Ismael,Menendez,1703
103856,725208498,Liliana,Porcel,1704
103857,732754934,Natalio,Moliner,1705
103858,262222165,Flora,Vilar,1706
103859,893155387,Bibiana,Cerdan,1707
103860,177182769,Selena,Marquez,1708
103861,519247603,Yago,Nogues,1709
103862,902909738,Teresita,Burgos,1710
103863,242924005,Atilio,Franch,1711
103864,370614505,Omar,Vazquez,1712
103865,787849095,Luciano,Toro,1713
103866,788490215,Bautista,Bonilla,1714
103867,644360291,Rosenda,Gonzalo,1715
103868,178680206,Ximena,Aparicio,1716
103869,803257575,Anselma,Saenz,1717
103870,724302201,Tamara,Iborra,1718
103871,947307424,Amalia,Carrillo,1719
103872,363319871,Candido,Santamaria,1720
103873,908865159,Roxana,Bueno,1721
103874,354385160,Mayte,Albero,1722
103875,403809790,Nidia,Carbajo,1723
103876,324467497,Aristides,Mancebo,1724
103877,773441292,Eric,Zabala,1725
103878,345590035,Elodia,Navarro,1726
103879,361088713,Francisco Jose,Viana,1727
103880,392661560,Ariel,Teruel,1728
103881,153143612,Celestina,Rocha,1729
103882,696071437,Azeneth,Anton,1730
103883,990691244,Calista,Cerro,1731
103884,861000249,Timoteo,Ribas,1732
103885,227183133,Reina,Cuevas,1733
103886,162242839,Nieves,Campo,1734
103887,916659028,Rafael,Nicolas,1735
103888,276220937,Teodora,Duran,1736
103889,384634716,Javi,Carbajo,1737
103890,100660317,Eva,Fabra,1738
103891,931325237,Armida,Cerda,1739
103892,427896629,Sebastian,Cobos,1740
103893,385931823,Cecilio,Bartolome,1741
103894,591757968,Tatiana,Arcos,1742
103895,473511863,Modesto,Montoya,1743
103896,938929380,Armando,Ortuno,1744
103897,571507904,Ema,Pinedo,1745
103898,759391463,Cristobal,Cervantes,1746
103899,616670446,Plinio,Baeza,1747
103900,580805539,Natalio,Ballesteros,1748
103901,420634893,Sancho,Bautista,1749
103902,450532898,Jenny,Ros,1750
103903,867373193,Victoria,Almansa,1751
103904,157542537,Pepito,Alsina,1752
103905,172667875,Jose Ignacio,Pou,1753
103906,681269556,Rosalinda,Ochoa,1754
103907,849106414,Dominga,Figuerola,1755
103908,142150117,Joel,Sanmiguel,1756
103909,592664806,Maximo,Colomer,1757
103910,495707497,Jose,Romero,1758
103911,513332082,Tono,Carvajal,1759
103912,993902817,Eva Maria,Exposito,1760
103913,188345800,Godofredo,Tena,1761
103914,900929584,Leandra,Sanmartin,1762
103915,275545596,Cristian,Mulet,1763
103916,673333666,Daniela,Bonilla,1764
103917,908580888,Paula,Toledo,1765
103918,270982605,Angelita,Casado,1766
103919,646457435,Silvio,Davila,1767
103920,812237448,Che,Cerda,1768
103921,333039637,Dorotea,Cuesta,1769
103922,435026813,Olimpia,Garcia,1770
103923,833676569,Concepcion,Montenegro,1771
103924,387807786,Isaac,Moles,1772
103925,907412537,Jose Angel,Murillo,1773
103926,457510787,Angelina,Adadia,1774
103927,511392309,Eloisa,Diez,1775
103928,468150179,Felix,Pou,1776
103929,518212842,Evangelina,Abellan,1777
103930,939863308,Marciano,Cozar,1778
103931,708160787,Hernando,Moles,1779
103932,234506033,Custodia,Yuste,1780
103933,117647475,Chelo,Serra,1781
103934,879850637,Roberta,Benitez,1782
103935,896266654,Primitiva,Tapia,1783
103936,481664077,Victoria,Torrijos,1784
103937,865520808,Chita,Yanez,1785
103938,662574746,Azucena,Anaya,1786
103939,934653116,Tito,Lucena,1787
103940,376672673,Miguel Angel,Salinas,1788
103941,576237041,Godofredo,Camara,1789
103942,925984736,Jose Angel,Lloret,1790
103943,250286973,Valentina,Seco,1791
103944,202228905,Jennifer,Vendrell,1792
103945,745199474,Celia,Berenguer,1793
103946,697242523,Miguela,Quero,1794
103947,824657122,Rebeca,Valcarcel,1795
103948,277300794,Cristian,Planas,1796
103949,804561820,Fortunata,Porta,1797
103950,175247512,Loreto,Martin,1798
103951,698540072,Tito,Aguirre,1799
103952,236239101,Paulina,Bonet,1800
103953,239889913,Candida,Sanmartin,1801
103954,172312404,Ale,Leiva,1802
103955,203312782,Feliciana,Gual,1803
103956,459879956,Fatima,Riquelme,1804
103957,944270926,Pancho,Nevado,1805
103958,572235363,Elena,Aguado,1806
103959,919064829,Lalo,Yanez,1807
103960,331555026,Cecilia,Roldan,1808
103961,298647568,Bernardita,Alcala,1809
103962,426975939,Begona,Calderon,1810
103963,427250865,Moises,Peiro,1811
103964,304627544,Gaston,Bayona,1812
103965,396502210,Ignacio,Costa,1813
103966,826261631,Roberto,Calvo,1814
103967,881127313,Abril,Pena,1815
103968,162274077,Ursula,Carnero,1816
103969,341343385,Francisca,Canete,1817
103970,652384881,Dolores,Pinilla,1818
103971,131978886,Maura,Asenjo,1819
103972,132396069,Emilia,Esteban,1820
103973,986585461,Rosenda,Garriga,1821
103974,412765650,Guiomar,Gascon,1822
103975,222202797,Chelo,Camacho,1823
103976,258533384,Mohamed,Lerma,1824
103977,994625908,Crescencia,Menendez,1825
103978,782476725,Agapito,Mendizabal,1826
103979,551270474,Fortunato,Palau,1827
103980,982454598,Jose Angel,Riba,1828
103981,133017889,Lucila,Yanez,1829
103982,342220463,Claudio,Herranz,1830
103983,843105279,Lilia,Ramirez,1831
103984,571140064,Benigna,Boix,1832
103985,160882471,Chus,Ramis,1833
103986,653540816,Petrona,Rivas,1834
103987,594480134,Nydia,Acosta,1835
103988,871874252,Jacinto,Iglesias,1836
103989,450721240,Ceferino,Pastor,1837
103990,350963512,Ligia,Carreno,1838
103991,105358625,Carolina,Cabezas,1839
103992,117937935,Adelaida,Girona,1840
103993,382009799,Telmo,Tello,1841
103994,788988785,Perla,Hernando,1842
103995,572000538,Juan Luis,Ferrando,1843
103996,919151486,Jose,Benitez,1844
103997,420306156,Cosme,Botella,1845
103998,722508804,Magdalena,Zaragoza,1846
103999,504181831,Marcial,Castell,1847
104000,198243374,Fidel,Zamora,1848
104001,150557728,Delfina,Agudo,1849
104002,537590832,Evangelina,Hervas,1850
104003,670338622,Andres,Guerrero,1851
104004,583054667,Noe,Olive,1852
104005,100315291,Severino,Vilalta,1853
104006,304892805,Magdalena,Ballesteros,1854
104007,262909346,Rosario,Lujan,1855
104008,615900783,Luna,Rodriguez,1856
104009,169956294,Apolonia,Leiva,1857
104010,476561075,Rosalia,Dominguez,1858
104011,223640715,Agueda,Aguilera,1859
104012,859999845,Bernabe,Serrano,1860
104013,469399973,Fanny,Arellano,1861
104014,632440576,Alcides,Seco,1862
104015,698720700,Noa,Ros,1863
104016,773087258,Edelmiro,Cuadrado,1864
104017,552511565,Gertrudis,Crespi,1865
104018,136653807,Cayetano,Calatayud,1866
104019,757320123,Valentina,Piquer,1867
104020,138199315,Filomena,Crespo,1868
104021,477257836,Felix,Guzman,1869
104022,930556632,Aurelia,Ferrer,1870
104023,893206615,Fabiola,Vives,1871
104024,753068199,Flavia,Dieguez,1872
104025,869198478,Magdalena,Hoyos,1873
104026,593833593,Milagros,Ricart,1874
104027,635182482,Violeta,Roldan,1875
104028,477847477,Olga,Alamo,1876
104029,258048109,Gervasio,Rojas,1877
104030,997304795,Maria Fernanda,Mosquera,1878
104031,354519914,Heraclio,Castell,1879
104032,207969305,Guiomar,Torrent,1880
104033,666486160,Mireia,Baeza,1881
104034,900340104,Sofia,Cerro,1882
104035,603778934,Olivia,Aranda,1883
104036,575790904,Cecilio,Cordoba,1884
104037,891760047,Juanita,Arino,1885
104038,692911439,Aitana,Mayoral,1886
104039,347447475,Ariadna,Campos,1887
104040,300336212,Cirino,Vilalta,1888
104041,730225406,Angelica,Noguera,1889
104042,376972857,Pascual,Madrigal,1890
104043,207858891,Rosa,Samper,1891
104044,954409028,Juliana,Saldana,1892
104045,825948005,Maria Angeles,Mari,1893
104046,692026760,Maxima,Martinez,1894
104047,930830171,Ovidio,Alamo,1895
104048,529070099,Pepe,Osorio,1896
104049,187035057,Primitiva,Cortina,1897
104050,369581954,Glauco,Iborra,1898
104051,269865606,Violeta,Almeida,1899
104052,612242908,Alondra,Comas,1900
104053,219480085,Azahara,Carbonell,1901
104054,397190786,Geraldo,Mari,1902
104055,955715529,Prudencio,Perera,1903
104056,649899507,Marcelo,Pujadas,1904
104057,172948549,Dorotea,Peralta,1905
104058,531847222,Octavia,Mulet,1906
104059,459818774,Marc,Urena,1907
104060,517732366,Vidal,Gabaldon,1908
104061,831151909,Jovita,Carranza,1909
104062,462744316,Tania,Alegria,1910
104063,363810587,Saturnina,Castejon,1911
104064,195317666,Pedro,Grau,1912
104065,297498729,Agustin,Palomo,1913
104066,634607359,Guiomar,Muro,1914
104067,855039319,Nidia,Alcazar,1915
104068,258477668,Lucia,Cabello,1916
104069,163386516,Asdrubal,Mateo,1917
104070,804828919,Ariel,Valles,1918
104071,846638355,Salud,Tejada,1919
104072,606717525,Ildefonso,Collado,1920
104073,269271245,Chema,Recio,1921
104074,335739369,Marina,Tejera,1922
104075,498384924,Teo,Sierra,1923
104076,932009780,Erasmo,Higueras,1924
104077,307567750,Emiliana,Corral,1925
104078,598892476,Florentino,Calzada,1926
104079,752297806,Jafet,Arellano,1927
104080,883352241,Heraclio,Sole,1928
104081,221158717,Virginia,Feijoo,1929
104082,822510397,Albino,Borras,1930
104083,956231151,Carolina,Poza,1931
104084,415874449,Feliciana,Vilaplana,1932
104085,365406654,Chus,Jaume,1933
104086,607348703,Rolando,Morales,1934
104087,534826847,Joaquina,Galvez,1935
104088,860531257,Flora,Oliveras,1936
104089,803312111,Dora,Gabaldon,1937
104090,872244745,Cecilio,Sancho,1938
104091,180690484,Anunciacion,Abril,1939
104092,589089079,Godofredo,Diez,1940
104093,401097293,Amor,Falco,1941
104094,546611506,Jaime,Adan,1942
104095,176231755,Estela,Hervia,1943
104096,771429187,Guadalupe,Oliveras,1944
104097,947292222,Heliodoro,Escudero,1945
104098,305404354,Lisandro,Barreda,1946
104099,577968655,Berto,Araujo,1947
104100,311294366,Jacinta,Canales,1948
104101,537509437,Yesica,Cid,1949
104102,995555780,Palmira,Nogueira,1950
104103,145374739,Lalo,Solano,1951
104104,513152045,Pepita,Aroca,1952
104105,205195697,Maria Dolores,Barroso,1953
104106,853070862,Marta,Ribas,1954
104107,738444945,Antonia,Vilalta,1955
104108,532449858,Nuria,Serrano,1956
104109,756062774,Jose Carlos,Gras,1957
104110,217908107,Hermenegildo,Lozano,1958
104111,427204533,Leon,Ramos,1959
104112,587668749,Cristobal,Perez,1960
104113,596884231,Candida,Ortuno,1961
104114,827303923,Cosme,Ferran,1962
104115,102003266,Enrique,Ballesteros,1963
104116,797326025,Candida,Cano,1964
104117,769605784,Maristela,Andres,1965
104118,218228937,Samanta,Lamas,1966
104119,786884820,Encarnita,Pereira,1967
104120,600869908,Rebeca,Olmo,1968
104121,555720110,Mateo,Catala,1969
104122,337267543,Isaac,Salazar,1970
104123,720780495,Cipriano,Medina,1971
104124,558063606,Natanael,Leiva,1972
104125,839952055,Gustavo,Saenz,1973
104126,421773651,Mario,Calzada,1974
104127,789770479,Fermin,Martin,1975
104128,714864486,Leire,Querol,1976
104129,448413126,Miriam,Bertran,1977
104130,272331013,Clemente,Lerma,1978
104131,245159969,Gabriela,Goicoechea,1979
104132,733644776,Dora,Leiva,1980
104133,796644170,Osvaldo,Cabo,1981
104134,960469800,Rosa Maria,Pineda,1982
104135,546653148,Marino,Anton,1983
104136,250630616,Bartolome,Valle,1984
104137,350763634,Esperanza,Montes,1985
104138,499026417,Andrea,Belmonte,1986
104139,168037996,Julian,Ropero,1987
104140,153816670,Luciana,Vina,1988
104141,905438980,Sabas,Morera,1989
104142,719270319,Valerio,Lluch,1990
104143,223142698,Valero,Llabres,1991
104144,771747586,Melchor,Bas,1992
104145,286135429,Luz,Jara,1993
104146,774175507,Fabiola,Prieto,1994
104147,650424878,Bautista,Barroso,1995
104148,906808443,Tatiana,Valcarcel,1996
104149,309983513,Efrain,Acevedo,1997
104150,634736254,Carolina,Lamas,1998
104151,387692529,Paz,Izaguirre,1999
104152,823694825,Baudelio,Rebollo,2000
104153,498545559,Flora,Escalona,2001
104154,531126934,Che,Gelabert,2002
104155,414772290,Aura,Andres,2003
104156,776050148,Luisa,Sarmiento,2004
104157,800704548,Porfirio,Chacon,2005
104158,418256644,Federico,Chaves,2006
104159,841545799,Custodia,Iriarte,2007
104160,611797823,Ildefonso,Davila,2008
104161,181754493,Merche,Rodenas,2009
104162,730876103,Rebeca,Gordillo,2010
104163,318678951,Yago,Hervas,2011
104164,629684989,Macarena,Manso,2012
104165,441883999,Placido,Flores,2013
104166,171664458,Bernabe,Rivas,2014
104167,710047401,Cristian,Pedraza,2015
104168,983013418,Jessica,Requena,2016
104169,293203055,Veronica,Tello,2017
104170,676867191,Pelayo,Villa,2018
104171,377097916,Bienvenida,Muniz,2019
104172,201000050,Loida,Tello,2020
104173,868927555,Dora,Martin,2021
104174,453984736,Agustin,Vaquero,2022
104175,656405124,Lara,Sureda,2023
104176,722750804,Ricardo,Zaragoza,2024
104177,496213820,Tristan,Villaverde,2025
104178,679040273,Hilda,Echevarria,2026
104179,836383927,Concepcion,Planas,2027
104180,298854510,Melisa,Amat,2028
104181,982820685,Faustino,Barbera,2029
104182,147278913,Catalina,Bas,2030
104183,600390369,Vilma,Gallo,2031
104184,848957077,Alfonso,Borja,2032
104185,269982003,Consuela,Conesa,2033
104186,901335470,Estefania,Sanmartin,2034
104187,785072385,Jose Angel,Abascal,2035
104188,760298758,Obdulia,Bernat,2036
104189,583723771,Adriana,Codina,2037
104190,743815399,Faustino,Grau,2038
104191,708443121,Nieves,Bernat,2039
104192,127954766,Lorena,Calatayud,2040
104193,462022155,Matias,Pacheco,2041
104194,957084935,Ildefonso,Garcia,2042
104195,351647602,Asdrubal,Rocamora,2043
104196,562162015,Felix,Rincon,2044
104197,242822586,Lucio,Baeza,2045
104198,194994532,Valero,Calderon,2046
104199,203506400,Dionisio,Acero,2047
104200,777594265,Paloma,Espana,2048
104201,263532335,Socorro,Villalba,2049
104202,814700673,Guiomar,Salas,2050
104203,427092402,Ruy,Fuentes,2051
104204,994935180,Guillermo,Gimenez,2052
104205,430867696,Octavia,Pavon,2053
104206,348772604,Roque,Pardo,2054
104207,416119802,Fatima,Fajardo,2055
104208,245680995,Jimena,Paez,2056
104209,434396413,Amada,Canals,2057
104210,717740444,Brigida,Ferrera,2058
104211,937915170,Ernesto,Velez,2059
104212,995426351,Sonia,Carbajo,2060
104213,951425764,Ariadna,Bartolome,2061
104214,515721957,Pelayo,Pineda,2062
104215,751628415,Ignacio,Maestre,2063
104216,469040189,Nuria,Paredes,2064
104217,219220734,Isaura,Rivas,2065
104218,226431736,Ana Sofia,Escalona,2066
104219,935079739,Aitor,Moran,2067
104220,170873576,Carlos,Verdejo,2068
104221,754631746,Milagros,Jurado,2069
104222,639323801,Francisca,Revilla,2070
104223,784516724,Celestina,Cuervo,2071
104224,529779214,Felix,Catala,2072
104225,897018821,Reynaldo,Palacios,2073
104226,222913623,Jesusa,Castejon,2074
104227,467422804,Francisco Javier,Sosa,2075
104228,691802650,Conrado,Albero,2076
104229,422390620,Trini,Sobrino,2077
104230,159545666,Alma,Jurado,2078
104231,868170953,Jennifer,Hernandez,2079
104232,293087895,Abril,Varela,2080
104233,309160255,Cesar,Penas,2081
104234,836780601,Azahar,Soriano,2082
104235,449794952,Eloisa,Quintanilla,2083
104236,568719297,Juan Manuel,Yanez,2084
104237,169849655,Ovidio,Valls,2085
104238,822191728,Hermenegildo,Heredia,2086
104239,148260728,Rosario,Casanova,2087
104240,286814408,Encarnita,Sanz,2088
104241,992499934,Xiomara,Garces,2089
104242,636843884,Pio,Planas,2090
104243,168325890,Alma,Hidalgo,2091
104244,850051013,Josep,Blanca,2092
104245,158760522,Pia,Giron,2093
104246,561479865,Sarita,Garriga,2094
104247,108853845,Paca,Quintero,2095
104248,600679301,Candelas,Villar,2096
104249,698293537,Sergio,Ortega,2097
104250,209566164,Carmen,Sedano,2098
104251,714114240,Febe,Guzman,2099
104252,668877918,Candida,Falcon,2100
104253,335489257,Loreto,Marti,2101
104254,425549759,Hermenegildo,Moliner,2102
104255,417635860,Jesusa,Agusti,2103
104256,255744114,Aura,Roca,2104
104257,901740050,Jose Miguel,Alsina,2105
104258,109357507,Ricardo,Morell,2106
104259,943984240,Alexandra,Artigas,2107
104260,315546510,Xavier,Borja,2108
104261,584389009,Florina,Giner,2109
104262,262730450,Marcela,Vina,2110
104263,530111771,Nicolasa,Perez,2111
104264,235614426,Silvia,Palau,2112
104265,342357029,Ricardo,Fuertes,2113
104266,251603378,Marcelino,Berrocal,2114
104267,960969968,Maricela,Alfaro,2115
104268,308668905,Herminia,Ferrero,2116
104269,892546579,Jaime,Martinez,2117
104270,190507176,Amparo,Vilalta,2118
104271,180807635,Bernardino,Castello,2119
104272,633299899,Selena,Rincon,2120
104273,115653190,Desiderio,Arnaiz,2121
104274,651491168,Felix,Molins,2122
104275,892693651,Ruperta,Casals,2123
104276,118718908,Iker,Garriga,2124
104277,436790896,Pablo,Paniagua,2125
104278,117383719,Isa,Aguirre,2126
104279,492511405,Jovita,Amat,2127
104280,835381161,Cruz,Pomares,2128
104281,224625581,Eufemia,Sosa,2129
104282,171702870,Benigna,Nieto,2130
104283,597479965,Onofre,Vilanova,2131
104284,153965392,Guadalupe,Nino,2132
104285,874526095,Agapito,Espada,2133
104286,644898551,Nilo,Izaguirre,2134
104287,325493689,Teobaldo,Lorenzo,2135
104288,359867184,Tatiana,Marquez,2136
104289,863849465,Iker,Calleja,2137
104290,721937233,Fabiola,Sanmartin,2138
104291,139251126,Paca,Guardia,2139
104292,229737555,Aurora,Sanabria,2140
104293,887783181,Alma,Oliver,2141
104294,519234082,Serafina,Bonilla,2142
104295,908974253,Eustaquio,Mena,2143
104296,522828304,Josue,Plana,2144
104297,741920015,Alonso,Zaragoza,2145
104298,541790812,Francisco Jose,Lledo,2146
104299,767842262,Edelmira,Padilla,2147
104300,227594863,Asuncion,Galvez,2148
104301,559600314,Paca,Lumbreras,2149
104302,647671278,Artemio,Baena,2150
104303,692008741,Javiera,Tena,2151
104304,828677503,Victoria,Lastra,2152
104305,288299562,Ambar,Pla,2153
104306,771660820,Margarita,Gaya,2154
104307,904716697,Edelmiro,Montana,2155
104308,989666571,Daniel,Galindo,2156
104309,619590528,Natalia,Rivero,2157
104310,279883880,Antonia,Pedrero,2158
104311,339553385,Candida,Pareja,2159
104312,142310971,Norberto,Garate,2160
104313,163221717,Nayara,Ojeda,2161
104314,283617816,Baudelio,Gelabert,2162
104315,714372041,Cornelio,Elias,2163
104316,831694642,Ligia,Olive,2164
104317,735972218,Pablo,Toro,2165
104318,560214469,Urbano,Aragon,2166
104319,680835784,Valerio,Diez,2167
104320,236046694,Dani,Sole,2168
104321,352339298,Xiomara,Hoz,2169
104322,652808691,Fabian,Tirado,2170
104323,291037645,Clotilde,Tomas,2171
104324,825377444,Francisco,Rozas,2172
104325,196622852,Florina,Alberdi,2173
104326,443813460,Jimena,Gallart,2174
104327,632060374,Martin,Guillen,2175
104328,675615980,Cosme,Llado,2176
104329,744136798,Carmelo,Verdugo,2177
104330,480708046,Reyes,Ripoll,2178
104331,314910665,Anacleto,Prada,2179
104332,920554975,Felisa,Guillen,2180
104333,672610110,Marco,Rodriguez,2181
104334,830109073,Duilio,Montoya,2182
104335,498406863,Isa,Revilla,2183
104336,651329430,Tomasa,Montero,2184
104337,925354184,Mariana,Velazquez,2185
104338,454194104,Leonardo,Ramis,2186
104339,236274269,Candelaria,Porta,2187
104340,802766707,Edgar,Toro,2188
104341,414843349,Che,Tamarit,2189
104342,354017750,Guiomar,Donaire,2190
104343,290343986,Pastor,Verdejo,2191
104344,274516351,Tadeo,Tena,2192
104345,872750781,Marina,Heredia,2193
104346,933380571,Soraya,Roman,2194
104347,722955853,Marc,Rosa,2195
104348,358408389,Rafaela,Rosell,2196
104349,892851098,Perla,Zamora,2197
104350,982462628,Fulgencio,Acedo,2198
104351,906685514,Pepito,Hidalgo,2199
104352,762223758,Buenaventura,Mate,2200
104353,405747766,Ivan,Sierra,2201
104354,534404316,Lorena,Patino,2202
104355,919739011,Alexandra,Patino,2203
104356,135504497,Georgina,Escamilla,2204
104357,252306456,Artemio,Sevillano,2205
104358,758936845,Miguela,Guzman,2206
104359,515273626,Dominga,Roldan,2207
104360,576998966,Sofia,Aragon,2208
104361,821920495,Dani,Mari,2209
104362,950605893,Cintia,Duenas,2210
104363,742529007,Juan Antonio,Gimenez,2211
104364,342249083,Ursula,Carbonell,2212
104365,253563522,Quique,Pozo,2213
104366,804207130,Aurelio,Esteban,2214
104367,223032722,Teresita,Torrents,2215
104368,183978504,Anastasia,Pena,2216
104369,300073707,Merche,Salas,2217
104370,101005332,Chelo,Vega,2218
104371,470656957,Ricarda,Maza,2219
104372,992446822,Che,Arnal,2220
104373,394610550,Buenaventura,Redondo,2221
104374,367277028,Artemio,Cabezas,2222
104375,898320472,Segismundo,Llano,2223
104376,521400620,Abilio,Bertran,2224
104377,623546304,Nicanor,Rosado,2225
104378,383870910,Emigdio,Ordonez,2226
104379,444825958,Ciriaco,Bonilla,2227
104380,162963147,Victor,Morcillo,2228
104381,955677772,Javiera,Talavera,2229
104382,711932868,Cebrian,Tovar,2230
104383,329129106,Montserrat,Guzman,2231
104384,426689862,Dolores,Agustin,2232
104385,116909510,Godofredo,Valls,2233
104386,986220152,Estela,Aparicio,2234
104387,414292614,Juan,Barbera,2235
104388,848024070,Jose Francisco,Ros,2236
104389,142510373,Marianela,Saez,2237
104390,211327739,Eliana,Olivares,2238
104391,938159426,Gaston,Rosado,2239
104392,856289878,Florinda,Arana,2240
104393,466461976,Ainara,Cadenas,2241
104394,314713749,Jesus,Losada,2242
104395,327028697,Loida,Vaquero,2243
104396,247651084,Olalla,Azcona,2244
104397,743293660,Lupe,Pineiro,2245
104398,371021899,Graciana,Coll,2246
104399,768035249,Graciela,Cisneros,2247
104400,318409979,Reina,Mate,2248
104401,273108734,Leopoldo,Jodar,2249
104402,282226270,Bernardita,Batalla,2250
104403,149394149,Americo,Redondo,2251
104404,682072668,Teresa,Angel,2252
104405,383055093,Emiliana,Corominas,2253
104406,297180783,Aristides,Ballester,2254
104407,776027767,Guiomar,Marti,2255
104408,469347669,Plinio,Peiro,2256
104409,897332037,Angelita,Bayona,2257
104410,267113357,Evaristo,Sacristan,2258
104411,364255882,Nadia,Saldana,2259
104412,432479779,Sandalio,Barcena,2260
104413,283581474,Anselma,Alonso,2261
104414,307180918,Victoria,Zapata,2262
104415,439249954,Clotilde,Pol,2263
104416,956776395,Samu,Portillo,2264
104417,448177674,Eliseo,Ariza,2265
104418,647631406,Maria Angeles,Noguera,2266
104419,688100555,Georgina,Vila,2267
104420,227504179,Fidela,Landa,2268
104421,882772758,Humberto,Farre,2269
104422,795540197,Trini,Coello,2270
104423,585391421,Marcela,Flores,2271
104424,228212957,Nuria,Amoros,2272
104425,902532657,Maria,Alfaro,2273
104426,159940212,Placido,Fabregat,2274
104427,346617281,Isidro,Jauregui,2275
104428,888332848,Jose Antonio,Marcos,2276
104429,241190934,Angeles,Nicolas,2277
104430,949442370,Candelaria,Villena,2278
104431,648128703,Haydee,Segui,2279
104432,502036275,Nilo,Chico,2280
104433,636971780,Iker,Bayona,2281
104434,530858932,Eugenio,Vera,2282
104435,630047079,Candelario,Blasco,2283
104436,317524976,Azahar,Cervera,2284
104437,386455193,Juan,Vall,2285
104438,656867919,Encarnacion,Cortes,2286
104439,461719783,Curro,Sabater,2287
104440,692017176,America,Burgos,2288
104441,992218399,Cirino,Fuster,2289
104442,460531007,Octavio,Conesa,2290
104443,412199808,Bautista,Montana,2291
104444,655110563,Mariano,Abella,2292
104445,730950597,Curro,Recio,2293
104446,310881690,Cecilio,Santamaria,2294
104447,907988924,Jeremias,Angulo,2295
104448,125238512,Edu,Arribas,2296
104449,457290463,Fortunato,Rosell,2297
104450,321427733,Felipa,Beltran,2298
104451,262210949,Abraham,Andres,2299
104452,901900727,Tomasa,Amores,2300
104453,762630325,Pedro,Escobar,2301
104454,801248124,Amor,Mendez,2302
104455,943996634,Eligia,Olmedo,2303
104456,954309923,Fabian,Sancho,2304
104457,905347904,Arcelia,Pol,2305
104458,896562225,Zaida,Casado,2306
104459,196301394,Ignacio,Jimenez,2307
104460,818657116,Caridad,Perez,2308
104461,165062545,Evita,Salmeron,2309
104462,279463186,Bienvenida,Talavera,2310
104463,488052939,Lucas,Cabello,2311
104464,673811089,Amalia,Torres,2312
104465,234067283,Ramona,Oliva,2313
104466,289208385,Bartolome,Aguilar,2314
104467,183121949,Jenny,Abril,2315
104468,594588515,Debora,Arteaga,2316
104469,859405672,Manola,Moreno,2317
104470,224868856,Joel,Pareja,2318
104471,337914733,Alicia,Valverde,2319
104472,290164609,Ruperta,Zabala,2320
104473,935185741,Cesar,Morales,2321
104474,100249326,Viviana,Huertas,2322
104475,789004660,Dominga,Enriquez,2323
104476,438505058,Emiliana,Reina,2324
104477,642570180,Roque,Olmedo,2325
104478,429418169,Rosalva,Pastor,2326
104479,776756251,Nadia,Pozo,2327
104480,684659880,Lupe,Pino,2328
104481,172479623,Fito,Palma,2329
104482,349334054,Lorena,Escobar,2330
104483,325991116,Aaron,Manzano,2331
104484,355312214,Reyes,Arteaga,2332
104485,143496299,Guadalupe,Clavero,2333
104486,984767083,Fortunata,Santana,2334
104487,339699453,Emma,Alcalde,2335
104488,416125547,Calista,Coll,2336
104489,268235254,Marta,Mugica,2337
104490,565356698,Almudena,Cardona,2338
104491,128808772,Dario,Abella,2339
104492,431275785,Urbano,Carbonell,2340
104493,653757890,Albano,Falco,2341
104494,448502436,Candelario,Herrero,2342
104495,675670574,Purificacion,Sandoval,2343
104496,582460141,Merche,Aramburu,2344
104497,617216908,Alejandra,Roda,2345
104498,246264214,Florinda,Mata,2346
104499,359221999,Alonso,Ferrando,2347
104500,558047336,Adrian,Solis,2348
104501,948288914,Silvestre,Reguera,2349
104502,824777665,Armida,Dominguez,2350
104503,260779659,Anastasia,Barrios,2351
104504,546818298,Emilio,Tejero,2352
104505,243489516,Esther,Batalla,2353
104506,815067220,Carmen,Barral,2354
104507,140083030,Alma,Cobo,2355
104508,407295231,Josep,Pineiro,2356
104509,434814276,Josefa,Caro,2357
104510,915618073,Angelica,Mendez,2358
104511,888654750,Samuel,Chacon,2359
104512,127023759,Cesar,Requena,2360
104513,369033216,Paulino,Mayoral,2361
104514,348994663,Azahar,Villar,2362
104515,901462195,Guiomar,Blazquez,2363
104516,185631507,Fermin,Cuellar,2364
104517,646293189,Paulina,Rosa,2365
104518,265526597,Raul,Agudo,2366
104519,564215466,Adelardo,Caceres,2367
104520,471250656,Anibal,Vilanova,2368
104521,868767965,Pascuala,Carmona,2369
104522,563737990,Lara,Fuente,2370
104523,341392933,Amada,Gisbert,2371
104524,820550571,Albino,Cozar,2372
104525,183136261,Amelia,Valenzuela,2373
104526,460037455,Adelina,Arteaga,2374
104527,498414093,Odalis,Checa,2375
104528,176011773,Walter,Ayllon,2376
104529,643415879,Xiomara,Ortega,2377
104530,194045327,Ezequiel,Berenguer,2378
104531,939531435,Isabela,Lucena,2379
104532,715634635,Benjamin,Oliver,2380
104533,145558788,Fito,Cid,2381
104534,339104160,Pilar,Alegria,2382
104535,824382083,Patricia,Rocha,2383
104536,585143116,Cruz,Santamaria,2384
104537,912830536,Luciana,Valderrama,2385
104538,387769005,Jose Manuel,Zaragoza,2386
104539,969150749,Lucas,Palacio,2387
104540,714584932,Armida,Exposito,2388
104541,784400113,Elvira,Barrena,2389
104542,811122788,Bernardino,Fernandez,2390
104543,604936356,Maria Fernanda,Gomis,2391
104544,999731977,Amado,Alegre,2392
104545,485837993,Rosalina,Fuentes,2393
104546,536692725,Cristian,Anton,2394
104547,430783127,Sandra,Penas,2395
104548,320228374,Gaston,Franch,2396
104549,966681193,Adelina,Ferrer,2397
104550,802982456,Luz,Tolosa,2398
104551,457206157,Adoracion,Robles,2399
104552,498328750,Rene,Zaragoza,2400
104553,112485255,Alvaro,Vigil,2401
104554,201465324,Toni,Elias,2402
104555,909410426,Albino,Priego,2403
104556,226872702,Poncio,Tovar,2404
104557,223846042,Maricruz,Alamo,2405
104558,174050208,Eloisa,Porta,2406
104559,146004262,Abril,Martinez,2407
104560,889227741,Pascual,Marco,2408
104561,212458106,Rolando,Aragones,2409
104562,202924303,Mariana,Sevilla,2410
104563,495707562,Francisco Javier,Llorente,2411
104564,647496715,Chus,Jerez,2412
104565,926097754,Aurea,Rio,2413
104566,839901692,Alexandra,Moliner,2414
104567,260992165,Sofia,Osuna,2415
104568,252279014,Maria,Valderrama,2416
104569,112460753,Victor,Solano,2417
104570,134542849,Paco,Goni,2418
104571,354461119,Dan,Sureda,2419
104572,624832329,Eligio,Olive,2420
104573,124067728,Josep,Tellez,2421
104574,103526974,Moreno,Belda,2422
104575,646754741,Virginia,Espana,2423
104576,958318879,Jose Manuel,Porta,2424
104577,790646026,Loida,Minguez,2425
104578,353479911,Fabricio,Ferrandiz,2426
104579,554515709,Matias,Barragan,2427
104580,873169034,Vinicio,Casado,2428
104581,738225738,Delia,Villegas,2429
104582,239702746,Cornelio,Piquer,2430
104583,534707761,Adriana,Velez,2431
104584,296384733,Federico,Narvaez,2432
104585,825254652,Baldomero,Agustin,2433
104586,310499523,Ambrosio,Gallo,2434
104587,753442120,Obdulia,Barroso,2435
104588,537767356,Rafaela,Torralba,2436
104589,936586058,Rosalinda,Francisco,2437
104590,753884963,Adan,Blanca,2438
104591,704851245,Aranzazu,Carreras,2439
104592,225198137,Rafaela,Llano,2440
104593,733126274,Jose,Saura,2441
104594,943582256,Yesica,Pol,2442
104595,787290772,Felix,Manuel,2443
104596,952357882,Moises,Lastra,2444
104597,309377513,Hermenegildo,Ibanez,2445
104598,310829611,Pacifica,Rozas,2446
104599,121906008,Francisco,Higueras,2447
104600,982369751,Javiera,Juan,2448
104601,404934868,Curro,Lluch,2449
104602,762391779,Haroldo,Carbo,2450
104603,744162311,Azeneth,Alba,2451
104604,392113044,German,Corral,2452
104605,365834062,Esperanza,Diaz,2453
104606,704480661,Samu,Sanmiguel,2454
104607,184769625,Albina,Bonet,2455
104608,318960020,Luis,Sureda,2456
104609,478243062,Carmela,Vaquero,2457
104610,349051144,Wilfredo,Cabrera,2458
104611,826943558,Carmela,Santana,2459
104612,248957892,Tania,Gimenez,2460
104613,497431765,Eva Maria,Cadenas,2461
104614,772477240,Primitivo,Peral,2462
104615,690184939,Guadalupe,Ojeda,2463
104616,745416880,Paulina,Verdu,2464
104617,560385612,Concha,Sandoval,2465
104618,475932777,Octavio,Abellan,2466
104619,770386609,Celia,Olive,2467
104620,844220934,Hugo,Calatayud,2468
104621,964360213,Zacarias,Iniesta,2469
104622,503561187,Onofre,Cerezo,2470
104623,234272062,Georgina,Tovar,2471
104624,844968211,Nazaret,Sandoval,2472
104625,195220236,Santiago,Casal,2473
104626,871146970,Julie,Alba,2474
104627,740208498,Xavier,Giner,2475
104628,915727457,Mariano,Navarrete,2476
104629,987718197,Anabel,Tomas,2477
104630,139220233,Chita,Sales,2478
104631,486460219,Encarnita,Infante,2479
104632,384889885,Abel,Osuna,2480
104633,293311828,Prudencia,Ibarra,2481
104634,753620374,Luisa,Estrada,2482
104635,846773455,Samanta,Verdugo,2483
104636,655612006,Jose Carlos,Mendoza,2484
104637,946602727,Alfredo,Palau,2485
104638,994857993,Amarilis,Vazquez,2486
104639,584135930,Juan Carlos,Castell,2487
104640,773955722,Esmeralda,Azcona,2488
104641,112347920,Catalina,Bellido,2489
104642,290988899,Rafa,Alonso,2490
104643,154523909,Pacifica,Diez,2491
104644,696651921,Agata,Alamo,2492
104645,659811692,Ciriaco,Iniesta,2493
104646,898345387,Pio,Aleman,2494
104647,317095111,Reynaldo,Belmonte,2495
104648,635223764,Manu,Tovar,2496
104649,987834731,Eutimio,Salom,2497
104650,647412028,Lope,Morillo,2498
104651,575028299,Diego,Verdejo,2499
104652,572035728,Hermenegildo,Catalan,2500
104653,873499338,Purificacion,Galvez,2501
104654,311175018,Jose Manuel,Cuenca,2502
104655,360833130,Daniela,Rodriguez,2503
104656,636799564,Edgar,Cepeda,2504
104657,541575080,Herberto,Jurado,2505
104658,884546546,Natividad,Abella,2506
104659,355980767,Josue,Rossello,2507
104660,961500758,Abel,Marquez,2508
104661,980074514,Maite,Perez,2509
104662,746816339,Jenaro,Flores,2510
104663,115581807,Encarnacion,Lluch,2511
104664,350190103,Dorita,Anguita,2512
104665,629365434,Ema,Sancho,2513
104666,374148415,Eloisa,Domenech,2514
104667,835820238,Mariano,Alcantara,2515
104668,336123340,Nicolasa,Noguera,2516
104669,768885330,Cirino,Santos,2517
104670,851708664,Benigna,Salgado,2518
104671,736317782,Gala,Heras,2519
104672,600835827,Casemiro,Vazquez,2520
104673,499097580,Paulina,Cifuentes,2521
104674,486374641,Jovita,Grau,2522
104675,255055287,Angeles,Saura,2523
104676,320610944,Isa,Corbacho,2524
104677,564544304,Ainara,Sole,2525
104678,170126908,Serafina,Busquets,2526
104679,173223297,Primitiva,Gallardo,2527
104680,145668095,Cleto,Vila,2528
104681,444461434,Alejandra,Serra,2529
104682,762639516,Tomasa,Mancebo,2530
104683,905800103,Dora,Dominguez,2531
104684,594863502,Gabriela,Elias,2532
104685,742729061,Felix,Cerro,2533
104686,592389490,Benigno,Anaya,2534
104687,955101537,Emigdio,Losada,2535
104688,412010480,Jose Antonio,Moll,2536
104689,870138147,Marisol,Prat,2537
104690,520134540,Cesar,Rojas,2538
104691,637713395,Angelina,Briones,2539
104692,633599449,Juan Manuel,Falcon,2540
104693,351633791,Fabiana,Tena,2541
104694,355986624,Adora,Tirado,2542
104695,587220038,Aurea,Andres,2543
104696,285933878,Nidia,Cuellar,2544
104697,668022894,Fabio,Soriano,2545
104698,625870584,Sergio,Abril,2546
104699,782677661,Seve,Gilabert,2547
104700,455555583,Bonifacio,Lillo,2548
104701,605724414,Esther,Rocamora,2549
104702,195805076,Francisco Jose,Arias,2550
104703,781271196,Candida,Banos,2551
104704,624012866,Alondra,Martinez,2552
104705,370437238,Pelayo,Francisco,2553
104706,246949651,Maxi,Cueto,2554
104707,532173548,Alonso,Perera,2555
104708,477350214,Silvestre,Perez,2556
104709,291025750,Pepe,Conesa,2557
104710,831442087,Montserrat,Alcazar,2558
104711,117773812,Iker,Hoz,2559
104712,719178728,Consuelo,Batlle,2560
104713,728300570,Azahara,Cid,2561
104714,377196334,Onofre,Canovas,2562
104715,561601949,Lazaro,Cuervo,2563
104716,634713155,Laura,Prado,2564
104717,707262850,Joaquin,Barrera,2565
104718,483066203,Panfilo,Cifuentes,2566
104719,750334763,Nidia,Ibarra,2567
104720,321966297,Soraya,Perales,2568
104721,175470254,Maricruz,Quintero,2569
104722,390244341,Blas,Jaen,2570
104723,847980113,Aureliano,Montana,2571
104724,849010945,Bernarda,Carnero,2572
104725,129133788,Anna,Gonzalez,2573
104726,752637701,Ines,Moraleda,2574
104727,555724127,Aitor,Castellanos,2575
104728,964333027,Juan,Serra,2576
104729,633503516,Sergio,Girona,2577
104730,175547447,Aranzazu,Fernandez,2578
104731,718888041,Ruth,Granados,2579
104732,442360938,Miriam,Rivero,2580
104733,962591601,Valero,Bou,2581
104734,167856074,Yesica,Grau,2582
104735,681426469,Guadalupe,Garay,2583
104736,834649019,Cristian,Pinol,2584
104737,772344496,Maria Luisa,Rosales,2585
104738,872231654,Loreto,Herranz,2586
104739,479908079,Evelia,Cases,2587
104740,906850988,Anastasia,Reguera,2588
104741,388811848,Marcio,Neira,2589
104742,519163158,Mauricio,Gimenez,2590
104743,441209780,Isidora,Diez,2591
104744,425975957,Teofila,Tejera,2592
104745,996852878,Teofila,Jara,2593
104746,875017646,Mariano,Quiros,2594
104747,731964608,Alba,Gimenez,2595
104748,998741583,Teodoro,Carro,2596
104749,828151032,Casemiro,Larranaga,2597
104750,727080074,Rosalinda,Pla,2598
104751,744627451,Florencia,Figuerola,2599
104752,822299012,Americo,Leon,2600
104753,854700671,Jacinta,Ros,2601
104754,899267395,Viviana,Vallejo,2602
104755,222354596,Jesusa,Trujillo,2603
104756,960984920,Fabiola,Clemente,2604
104757,611612804,Celso,Tamayo,2605
104758,433320447,Nadia,Diez,2606
104759,215233204,Bartolome,Revilla,2607
104760,349746462,Graciana,Lozano,2608
104761,241693032,Toni,Pujol,2609
104762,927331649,Juan,Nunez,2610
104763,210777150,Eutropio,Arenas,2611
104764,506353358,Delfina,Maestre,2612
104765,371243688,Haydee,Mari,2613
104766,185749775,Lorenzo,Duran,2614
104767,380358956,Rosalia,Fernandez,2615
104768,293442792,Nicolas,Aranda,2616
104769,429386112,Adelaida,Davila,2617
104770,458352670,Manu,Vina,2618
104771,211155328,Haroldo,Llorens,2619
104772,877286678,Ema,Rodriguez,2620
104773,456362625,Walter,Solsona,2621
104774,638738831,Hernan,Espejo,2622
104775,921433741,Luciano,Urrutia,2623
104776,602706242,Sarita,Valcarcel,2624
104777,626447612,Bernabe,Comas,2625
104778,342812312,Consuela,Bolanos,2626
104779,979773190,Felisa,Maza,2627
104780,990855112,Emiliana,Tormo,2628
104781,388138112,Maria Luisa,Azcona,2629
104782,317553435,Vanesa,Sarabia,2630
104783,490273839,Basilio,Pages,2631
104784,572976391,Leticia,Amat,2632
104785,741251142,Jordana,Ferreras,2633
104786,259716858,Eugenia,Llamas,2634
104787,461856614,Florencia,Cerezo,2635
104788,898692148,Maria Pilar,Cortes,2636
104789,373230449,Tristan,Rovira,2637
104790,860845897,Manu,Aguilera,2638
104791,606359797,Montserrat,Amo,2639
104792,514220570,Mar,Marco,2640
104793,569675087,Angelina,Casals,2641
104794,184027097,Danilo,Mari,2642
104795,116922540,Herminia,Pol,2643
104796,850443513,Noa,Solano,2644
104797,769867971,Baudelio,Casal,2645
104798,255874794,Baltasar,Pinilla,2646
104799,537595860,Juliana,Espana,2647
104800,373200773,Marcia,Palomo,2648
104801,885941137,Jafet,Urena,2649
104802,561587058,Camilo,Bravo,2650
104803,479912182,Coral,Bellido,2651
104804,369804790,Cleto,Mateo,2652
104805,193602795,Asuncion,Gabaldon,2653
104806,524930782,Anita,Arnaiz,2654
104807,384566162,Nilo,Antunez,2655
104808,685567464,Walter,Marino,2656
104809,363933991,Clotilde,Quintanilla,2657
104810,525411628,Lalo,Ruiz,2658
104811,550525783,Lorenza,Barriga,2659
104812,695838342,Marisol,Nicolau,2660
104813,650686834,Eugenio,Cortes,2661
104814,983531606,Dani,Millan,2662
104815,449727647,Benigno,Pinto,2663
104816,229904000,Emilia,Roura,2664
104817,440077763,Jose,Aller,2665
104818,652734510,Jose Carlos,Ropero,2666
104819,373059338,Osvaldo,Benito,2667
104820,401014292,Jorge,Rosado,2668
104821,800004892,Paula,Pardo,2669
104822,262893908,Azeneth,Aviles,2670
104823,602758647,Reyes,Melero,2671
104824,620280078,Febe,Garrido,2672
104825,922087187,Buenaventura,Roura,2673
104826,587660619,Amor,Camps,2674
104827,435563295,Gertrudis,Lucena,2675
104828,739731700,Rosario,Tejada,2676
104829,764615047,Ruben,Jover,2677
104830,707693581,Carmela,Montenegro,2678
104831,118001002,Gabriela,Alberto,2679
104832,323116750,Jose Antonio,Lamas,2680
104833,408163563,Samu,Montero,2681
104834,280976914,Segismundo,Yuste,2682
104835,952372950,Reyes,Marin,2683
104836,193604464,Natalio,Batlle,2684
104837,726196373,Gerardo,Santiago,2685
104838,449486622,Benjamin,Cabello,2686
104839,773559750,Carlos,Ariza,2687
104840,765349918,Alfonso,Hurtado,2688
104841,627737990,Crescencia,Aramburu,2689
104842,398358129,Melisa,Marquez,2690
104843,951221780,Aristides,Tomas,2691
104844,941559237,Benigna,Cepeda,2692
104845,165780448,Borja,Acevedo,2693
104846,832814893,Pascual,Hierro,2694
104847,343017850,Wilfredo,Chaparro,2695
104848,554833536,Salomon,Priego,2696
104849,472781659,Javier,Carrillo,2697
104850,340119557,Candida,Rebollo,2698
104851,829766595,Maria Dolores,Santana,2699
104852,889166597,Adalberto,Conesa,2700
104853,293543414,Sara,Piquer,2701
104854,363371546,Marco,Moliner,2702
104855,684978151,Rodolfo,Segovia,2703
104856,276657586,Asdrubal,Macias,2704
104857,938519044,Paco,Lopez,2705
104858,389173619,Jose Luis,Salgado,2706
104859,346045994,Amalia,Hernando,2707
104860,597929643,Leticia,Roman,2708
104861,301934460,Miguela,Codina,2709
104862,158740783,Danilo,Vergara,2710
104863,737981355,Prudencia,Mendez,2711
104864,679415166,Ruperto,Jodar,2712
104865,648700322,Teodosio,Bautista,2713
104866,123730290,Jose Luis,Corral,2714
104867,497969234,Pia,Perez,2715
104868,271418851,Omar,Gonzalo,2716
104869,314921740,Azahar,Puente,2717
104870,713191714,Ildefonso,Diaz,2718
104871,858778788,Calixta,Sala,2719
104872,835189698,Azahara,Silva,2720
104873,752253261,Hector,Trillo,2721
104874,259388035,Teodoro,Corbacho,2722
104875,481073892,Fortunata,Villanueva,2723
104876,683272163,Susana,Sanmiguel,2724
104877,845379535,Abril,Madrid,2725
104878,589391752,Charo,Alvarez,2726
104879,413082271,Gema,Julia,2727
104880,959096611,Bienvenida,Suarez,2728
104881,818343112,Priscila,Pinto,2729
104882,399507114,Carolina,Matas,2730
104883,887146399,Nico,Checa,2731
104884,867892492,Roberto,Querol,2732
104885,610961886,Regulo,Valenzuela,2733
104886,503384120,Leocadio,Acuna,2734
104887,705138273,Mohamed,Morillo,2735
104888,548469039,Rosendo,Palacio,2736
104889,854362736,Manola,Becerra,2737
104890,497099832,Pedro,Pelayo,2738
104891,502652221,Eliana,Coello,2739
104892,695006180,Anastasia,Carreno,2740
104893,578239755,Eliana,Luis,2741
104894,800488634,Saturnina,Sureda,2742
104895,352059961,Roque,Bosch,2743
104896,600249112,Dorita,Baron,2744
104897,397314458,Alfredo,Belda,2745
104898,722426794,Isabel,Diaz,2746
104899,196668674,Nicanor,Salas,2747
104900,615839775,Tiburcio,Carlos,2748
104901,686222073,Sergio,Prat,2749
104902,427197622,Adelina,Font,2750
104903,161352199,Mario,Yuste,2751
104904,536692017,Rafaela,Martinez,2752
104905,162837901,Jose Maria,Jordan,2753
104906,634226429,Florina,Botella,2754
104907,762786360,Piedad,Arana,2755
104908,759379984,Isaias,Agudo,2756
104909,191339803,Juliana,Calderon,2757
104910,650505901,Florinda,Heredia,2758
104911,306580179,Pepe,Rius,2759
104912,863998269,Apolonia,Lopez,2760
104913,249101357,Perlita,Ferrero,2761
104914,756427794,Adelia,Diego,2762
104915,414581877,Azeneth,Gimenez,2763
104916,649340013,Lupe,Aranda,2764
104917,462795176,Cornelio,Iriarte,2765
104918,281109730,Gema,Maestre,2766
104919,875486068,Soledad,Casas,2767
104920,885581538,Fabiola,Vall,2768
104921,452768998,Clarisa,Carretero,2769
104922,227082968,Paulina,Iniguez,2770
104923,804784725,Edu,Azorin,2771
104924,148201434,Maria Jesus,Garriga,2772
104925,908980600,Odalis,Rojas,2773
104926,674547129,Encarnita,Esteban,2774
104927,770737509,Joaquin,Pizarro,2775
104928,116725925,Amada,Laguna,2776
104929,269384466,Wilfredo,Carretero,2777
104930,224842324,Feliciano,Catalan,2778
104931,929252288,Florencio,Gilabert,2779
104932,633485352,Segismundo,Lloret,2780
104933,621877228,Jose Angel,Angel,2781
104934,684419834,Azeneth,Rivas,2782
104935,406007783,Anibal,Iniesta,2783
104936,933308858,Salomon,Llado,2784
104937,692974198,Moises,Casal,2785
104938,693243569,Leonor,Vazquez,2786
104939,749416237,Calixta,Valle,2787
104940,419763470,Cristian,Pol,2788
104941,942411944,Obdulia,Figuerola,2789
104942,932248593,Jose Mari,Torralba,2790
104943,659267431,Saturnina,Pozuelo,2791
104944,698665192,Mohamed,Duque,2792
104945,379473174,Sandalio,Landa,2793
104946,579572181,Ruperto,Barros,2794
104947,460992163,Emilia,Carranza,2795
104948,990927243,Clementina,Hervas,2796
104949,812418202,Juan Pablo,Rodenas,2797
104950,142079431,Ana,Noguera,2798
104951,423507184,Leonardo,Uria,2799
104952,788992723,Elisa,Duarte,2800
104953,798719454,Damian,Andreu,2801
104954,814418014,Teresa,Royo,2802
104955,897323738,Dionisio,Goicoechea,2803
104956,233152868,Purificacion,Uriarte,2804
104957,912223345,Apolonia,Canet,2805
104958,259181635,Manuel,Agullo,2806
104959,612953875,Maite,Tejero,2807
104960,576111435,Ivan,Navas,2808
104961,450629803,Jonatan,Galvez,2809
104962,918087023,Teresita,Cuervo,2810
104963,973002942,Genoveva,Castells,2811
104964,167182206,Eva Maria,Abascal,2812
104965,300071833,Onofre,Figueras,2813
104966,756219001,Elisabet,Buendia,2814
104967,163177029,Encarnacion,Barrio,2815
104968,860018089,Juliana,Pavon,2816
104969,633057475,Jordan,Torralba,2817
104970,267962476,Severino,Quiros,2818
104971,687844814,Agustin,Mendizabal,2819
104972,523588506,Eusebio,Arenas,2820
104973,605758935,Julio Cesar,Aramburu,2821
104974,532820003,Leandro,Mateo,2822
104975,248380498,Aaron,Franch,2823
104976,822920809,Odalys,Cobos,2824
104977,212831420,Barbara,Tirado,2825
104978,425349036,Macarena,Taboada,2826
104979,715570718,Edu,Cerro,2827
104980,920262198,Vilma,Lamas,2828
104981,917162003,Julio,Barrena,2829
104982,883244619,Tristan,Carreras,2830
104983,480296368,Elisa,Llanos,2831
104984,301683706,Beatriz,Lledo,2832
104985,225756364,Cristian,Lucena,2833
104986,456446310,Ema,Arias,2834
104987,574474999,Leandra,Prats,2835
104988,857848384,Lucila,Aznar,2836
104989,691992160,Serafina,Cervantes,2837
104990,203581028,Mireia,Falco,2838
104991,935351163,Ruben,Calvo,2839
104992,688856833,Amilcar,Velez,2840
104993,415600787,Serafina,Godoy,2841
104994,137669880,Ruben,Santamaria,2842
104995,292141609,Isaura,Boix,2843
104996,314166198,Tadeo,Sanjuan,2844
104997,539548366,Marisela,Hurtado,2845
104998,563990451,Marta,Borrell,2846
104999,969667339,Luis,Manrique,2847
105000,619924095,Reynaldo,Caballero,2848
105001,825993859,Xavier,Paredes,2849
105002,325629908,Jose Carlos,Campo,2850
105003,677430225,Sonia,Sainz,2851
105004,261270146,Alfonso,Blazquez,2852
105005,888408237,Loida,Carbajo,2853
105006,288595803,Julian,Alba,2854
105007,823482446,Maria Teresa,Azorin,2855
105008,763827244,Melchor,Urena,2856
105009,554458771,Gonzalo,Carrion,2857
105010,539741379,Consuela,Alamo,2858
105011,861970860,Guadalupe,Ropero,2859
105012,527943027,Jose Angel,Melendez,2860
105013,252827447,Daniela,Rios,2861
105014,190578923,Joaquin,Madrigal,2862
105015,275259699,Julio Cesar,Olivera,2863
105016,395161093,Marcelino,Pujol,2864
105017,600745314,Adriana,Pi,2865
105018,321552229,Pepe,Bermejo,2866
105019,841859447,Guillermo,Roman,2867
105020,726161164,Amparo,Pardo,2868
105021,800671673,Antonia,Moya,2869
105022,957341222,Modesta,Belda,2870
105023,740021942,Jonatan,Marmol,2871
105024,500599377,Adalberto,Crespi,2872
105025,271663093,Cipriano,Gamez,2873
105026,594631016,Fabio,Muro,2874
105027,673538555,Maria Luisa,Tello,2875
105028,622917976,Leticia,Pedraza,2876
105029,810291566,Victoria,Cuenca,2877
105030,220939928,Walter,Briones,2878
105031,216398668,Nelida,Fuster,2879
105032,194535025,Jose Ramon,Reyes,2880
105033,344537388,Segismundo,Rossello,2881
105034,378059068,Carmina,Amor,2882
105035,373765872,Graciano,Olmo,2883
105036,921814317,Emperatriz,Garcia,2884
105037,962201399,Alondra,Madrigal,2885
105038,804056568,Francisco Javier,Donoso,2886
105039,899052318,Jose Ignacio,Infante,2887
105040,514169024,Dulce,Tomas,2888
105041,204940145,Gaspar,Blanes,2889
105042,545921348,Emperatriz,Naranjo,2890
105043,560892700,Carmelita,Escriva,2891
105044,969184758,Juan Manuel,Cabezas,2892
105045,430860903,Teofila,Briones,2893
105046,289870098,Pili,Olivares,2894
105047,923414621,Donato,Gomis,2895
105048,355956199,Elena,Duenas,2896
105049,762448761,Pancho,Navarrete,2897
105050,232974718,Nicolas,Casanova,2898
105051,470177677,Veronica,Esparza,2899
105052,742273560,Chelo,Trujillo,2900
105053,718146802,Maite,Camara,2901
105054,294152193,Rogelio,Tome,2902
105055,965497907,Jennifer,Segovia,2903
105056,784553579,Chucho,Bayo,2904
105057,514628261,Leocadio,Iglesias,2905
105058,253710686,Dolores,Monreal,2906
105059,986168898,Mateo,Benavides,2907
105060,969931417,Mariano,Acuna,2908
105061,190834962,Carolina,Castellanos,2909
105062,955701823,Daniela,Capdevila,2910
105063,432466213,Ana,Pou,2911
105064,635875276,Pablo,Anglada,2912
105065,839425342,Angelina,Ramirez,2913
105066,834516622,Montserrat,Arnal,2914
105067,982915831,Rosa Maria,Redondo,2915
105068,331841834,Irma,Nogues,2916
105069,751979699,Natividad,Bertran,2917
105070,222811461,Paloma,Cuenca,2918
105071,581567755,Florencia,Galan,2919
105072,349473615,Eligio,Cortina,2920
105073,763443735,Anna,Baeza,2921
105074,581539829,Irene,Badia,2922
105075,766406136,Vera,Rosello,2923
105076,119041324,Narciso,Bou,2924
105077,155048807,Edmundo,Agusti,2925
105078,184902352,Eliana,Aguado,2926
105079,175912530,Marcial,Cortina,2927
105080,503532871,Moreno,Molina,2928
105081,326059810,Reina,Roma,2929
105082,608695533,Isidro,Oliver,2930
105083,320210695,Jose Ignacio,Barragan,2931
105084,806291572,Abigail,Gallart,2932
105085,903295600,Rosa Maria,Galvan,2933
105086,645210176,Nicolasa,Rocamora,2934
105087,953394709,Ana Belen,Rodrigo,2935
105088,105602954,Ale,Saldana,2936
105089,477039939,Elpidio,Cal,2937
105090,100749063,Noelia,Herranz,2938
105091,364631922,Noelia,Carpio,2939
105092,358046249,Amaya,Valderrama,2940
105093,127442817,Teresa,Galan,2941
105094,943527176,Jorge,Prats,2942
105095,868042889,Herberto,Aranda,2943
105096,321232888,Chema,Cabo,2944
105097,540240982,Sebastian,Cuenca,2945
105098,662902865,Alberto,Blanes,2946
105099,762489173,Maria Cristina,Gascon,2947
105100,174989717,Anselma,Amoros,2948
105101,866966959,Matilde,Villalonga,2949
105102,365354128,Victor,Bas,2950
105103,340591203,Nazaret,Clavero,2951
105104,965191265,Eusebia,Escolano,2952
105105,108806433,Nacho,Garate,2953
105106,509239143,Marcelino,Elias,2954
105107,191665151,Tono,Talavera,2955
105108,215730389,Tomasa,Mate,2956
105109,657716591,Juan Manuel,Villalonga,2957
105110,800280031,Erasmo,Gil,2958
105111,958965379,Wilfredo,Pinedo,2959
105112,970326722,Adolfo,Duque,2960
105113,928559464,Agapito,Canellas,2961
105114,719029296,Julie,Pomares,2962
105115,615865430,Jose Manuel,Suarez,2963
105116,264979328,Arturo,Sobrino,2964
105117,689521421,Edmundo,Acosta,2965
105118,407475206,Eloisa,Santana,2966
105119,330616467,Jeronimo,Alfonso,2967
105120,943703520,Marisela,Real,2968
105121,434917920,Luisina,Gaya,2969
105122,833706543,Mauricio,Alemany,2970
105123,645967352,Pepita,Mendizabal,2971
105124,986269228,Cecilia,Rozas,2972
105125,535645913,Caridad,Bonet,2973
105126,328821710,Maria,Morcillo,2974
105127,114662001,Clara,Solis,2975
105128,858494198,Yaiza,Iglesia,2976
105129,523525992,Lucho,Cervantes,2977
105130,470763731,Rodrigo,Salazar,2978
105131,508355874,Charo,Lerma,2979
105132,628147030,Andres Felipe,Diez,2980
105133,907505735,Timoteo,Olive,2981
105134,386001661,Heliodoro,Ortega,2982
105135,760520550,Paca,Velazquez,2983
105136,887754867,Angel,Iglesia,2984
105137,361873255,Jose Miguel,Valera,2985
105138,413832794,Maria Teresa,Camara,2986
105139,548828354,Buenaventura,Vives,2987
105140,607767015,Vicenta,Anaya,2988
105141,449169306,Urbano,Burgos,2989
105142,538398703,Victoriano,Andres,2990
105143,690873640,Benigno,Guzman,2991
105144,972624330,Anacleto,Coello,2992
105145,387173757,Cornelio,Gras,2993
105146,536570131,Romulo,Benitez,2994
105147,332110963,Chus,Guardiola,2995
105148,645261852,Merche,Martinez,2996
105149,218852893,Eladio,Valera,2997
105150,770030332,Luis,Farre,2998
105151,325501857,Donato,Sevilla,2999
105152,246538499,Nieves,Trillo,3000
105153,542292949,Juan Francisco,Torre,3001
105154,703697803,Anita,Dominguez,3002
105155,920057838,Guiomar,Villegas,3003
105156,366358792,Manola,Nieto,3004
105157,940380461,Ileana,Delgado,3005
105158,421105177,Adela,Bayon,3006
105159,392686389,Mario,Cabanas,3007
105160,184858968,Amando,Busquets,3008
105161,425525049,Apolonia,Valcarcel,3009
105162,232127739,Edgar,Iglesias,3010
105163,880361592,David,Redondo,3011
105164,907265207,Buenaventura,Caballero,3012
105165,272823824,Zoraida,Varela,3013
105166,877082071,Cebrian,Mancebo,3014
105167,576149507,Candelaria,Bustamante,3015
105168,729320811,Ernesto,Alvarado,3016
105169,692938831,Domingo,Pont,3017
105170,816791703,Feliciana,Valero,3018
105171,159262351,Nadia,Azcona,3019
105172,382932566,Regina,Manzanares,3020
105173,445319391,Maria Cristina,Mascaro,3021
105174,514363499,Nilda,Sole,3022
105175,786714136,Martin,Salazar,3023
105176,444522792,Ciriaco,Bello,3024
105177,524691947,Julia,Aller,3025
105178,163006326,Oriana,Diez,3026
105179,304186503,Marco,Carrillo,3027
105180,979081761,Fabian,Lucas,3028
105181,998448120,Eduardo,Cuellar,3029
105182,923477660,Mercedes,Espada,3030
105183,875301100,Elba,Jauregui,3031
105184,254231644,Jenaro,Falcon,3032
105185,225611715,Jacobo,Alcala,3033
105186,587610968,Natalia,Pulido,3034
105187,893802190,Edgar,Navas,3035
105188,888194802,Lorenzo,Rey,3036
105189,655382724,Mirta,Yanez,3037
105190,827910255,Paulina,Reguera,3038
105191,307873498,Roque,Colom,3039
105192,404937510,Ruy,Taboada,3040
105193,512019120,Purificacion,Amores,3041
105194,775608483,Flora,Cruz,3042
105195,348739449,Amor,Sanabria,3043
105196,552528108,Aura,Gallo,3044
105197,239365579,Casandra,Serna,3045
105198,663541993,Rosa,Corral,3046
105199,111866344,Belen,Royo,3047
105200,239903945,Rosa,Amat,3048
105201,988311923,Chita,Reguera,3049
105202,328107103,Jose Francisco,Sans,3050
105203,592433291,Juan Carlos,Rebollo,3051
105204,476057260,Edu,Rivero,3052
105205,207815208,Lilia,Arroyo,3053
105206,737330202,Alejandra,Fajardo,3054
105207,108947659,Mauricio,Saenz,3055
105208,574749415,Emelina,Rey,3056
105209,857284713,Mateo,Alsina,3057
105210,573852793,Elisabet,Bellido,3058
105211,458741867,Fatima,Casado,3059
105212,564201028,Malena,Alamo,3060
105213,801003224,Inmaculada,Fonseca,3061
105214,428602862,Evita,Guillen,3062
105215,682592927,Sergio,Figueras,3063
105216,852269891,Maria Teresa,Cifuentes,3064
105217,692853230,Pelayo,Dieguez,3065
105218,357045994,Pascuala,Luna,3066
105219,625378486,Inocencio,Iniguez,3067
105220,741270430,Severo,Torre,3068
105221,665017330,Azahara,Martorell,3069
105222,809498745,Victoria,Solsona,3070
105223,789602902,Maria,Hurtado,3071
105224,108501553,Alfredo,Plaza,3072
105225,905607691,Adelia,Ayllon,3073
105226,673326437,Pepita,Aznar,3074
105227,557853530,Dora,Camara,3075
105228,948592510,Teo,Escamilla,3076
105229,704513322,Javi,Izquierdo,3077
105230,535430489,Geraldo,Pina,3078
105231,630672889,Felicidad,Rodriguez,3079
105232,958371500,Candido,Lago,3080
105233,215052349,Epifanio,Cazorla,3081
105234,447106771,Fanny,Tome,3082
105235,752566865,Maximo,Borrell,3083
105236,634631972,Rosenda,Rodenas,3084
105237,498268086,Noe,Pons,3085
105238,505979726,Teobaldo,Roldan,3086
105239,387177088,Jose Manuel,Arana,3087
105240,177865304,Tatiana,Roman,3088
105241,444728908,Leandra,Tenorio,3089
105242,827584107,Inocencio,Cruz,3090
105243,885960387,Noelia,Vinas,3091
105244,765325621,Leoncio,Parejo,3092
105245,365617448,Odalys,Mateo,3093
105246,464800806,Gracia,Recio,3094
105247,525096885,Roman,Mendez,3095
105248,867812410,Salud,Sedano,3096
105249,293055548,Miguel,Valentin,3097
105250,497786826,Irene,Penalver,3098
105251,357514245,Cecilio,Banos,3099
105252,252652226,Ema,Ferran,3100
105253,394790339,Jose Luis,Sureda,3101
105254,543243114,Jose Ignacio,Roldan,3102
105255,559919469,Pablo,Parra,3103
105256,601554232,Maria Angeles,Montesinos,3104
105257,528687622,Panfilo,Bermejo,3105
105258,928024753,Xavier,Galvan,3106
105259,289767130,Jonatan,Morillo,3107
105260,685416235,Violeta,Amores,3108
105261,962392462,Amarilis,Bayo,3109
105262,732721455,Maria Carmen,Fuster,3110
105263,947565066,Manu,Batlle,3111
105264,283962178,Roberta,Toledo,3112
105265,241219451,Iris,Padilla,3113
105266,700903631,Etelvina,Sureda,3114
105267,787339535,Ignacio,Aleman,3115
105268,938764281,Paz,Guerra,3116
105269,824134825,Rosenda,Navarrete,3117
105270,459457869,Petrona,Baena,3118
105271,135463997,Dorotea,Alvaro,3119
105272,441982922,Quique,Manuel,3120
105273,422280606,Teo,Diez,3121
105274,654826605,Prudencia,Velez,3122
105275,140849333,Teobaldo,Pozuelo,3123
105276,218331344,Isa,Oller,3124
105277,698721691,Nelida,Anaya,3125
105278,537167578,Dulce,Ramis,3126
105279,556532023,Rafael,Mas,3127
105280,697142155,Jose,Montalban,3128
105281,848329310,Antonio,Aller,3129
105282,293043589,Irene,Baena,3130
105283,443041786,Vera,Mugica,3131
105284,869944770,Toni,Martin,3132
105285,323767309,Leon,Canizares,3133
105286,314833555,Felicidad,Tormo,3134
105287,386083322,Jacinta,Lopez,3135
105288,996914140,Juan,Moliner,3136
105289,636315847,Eutimio,Muniz,3137
105290,467798489,Maria Dolores,Galiano,3138
105291,840563446,Celestina,Fernandez,3139
105292,262506463,Panfilo,Gonzalo,3140
105293,811745835,Crescencia,Plana,3141
105294,825798683,Paulino,Benavides,3142
105295,647412512,Salud,Lobato,3143
105296,212252122,Bernabe,Diez,3144
105297,653830231,Hector,Arce,3145
105298,238833909,Rafael,Figueras,3146
105299,399405011,Carmina,Cerezo,3147
105300,811666297,Tristan,Garces,3148
105301,508504336,Abril,Macias,3149
105302,756114302,Begona,Canete,3150
105303,398862679,Melisa,Cornejo,3151
105304,928622189,Georgina,Anguita,3152
105305,636760997,Aranzazu,Perera,3153
105306,990670532,Alcides,Aguilera,3154
105307,995249183,Bonifacio,Torrent,3155
105308,457412241,Sergio,Perales,3156
105309,845915935,Teofila,Ripoll,3157
105310,623031952,Imelda,Verdu,3158
105311,617502987,Luis,Sales,3159
105312,915624587,Maria Teresa,Maldonado,3160
105313,380235011,Eulalia,Rios,3161
105314,219953901,Loreto,Galindo,3162
105315,624953782,Loreto,Espinosa,3163
105316,461319268,Victor,Iniguez,3164
105317,717491115,Lorenza,Berenguer,3165
105318,510151610,Nilo,Villalobos,3166
105319,690169771,Pepito,Jaume,3167
105320,562225058,Albert,Domingo,3168
105321,356351028,Pepe,Exposito,3169
105322,198712301,Vito,Alamo,3170
105323,509060323,Curro,Cervantes,3171
105324,122177442,Consuela,Morante,3172
105325,592259025,Ingrid,Roig,3173
105326,215038218,Irma,Guardia,3174
105327,189838089,Emiliana,Pi,3175
105328,443863349,Jose Maria,Arellano,3176
105329,804176554,Micaela,Zabala,3177
105330,960281954,Vera,Riquelme,3178
105331,896807374,Brunilda,Vara,3179
105332,265169014,Leandro,Llanos,3180
105333,800156133,Glauco,Luna,3181
105334,930192779,Iker,Rivero,3182
105335,269398996,Jose Manuel,Somoza,3183
105336,318290983,Amada,Cortes,3184
105337,448632382,Tomas,Sanz,3185
105338,989829600,Francisco Javier,Simo,3186
105339,738406026,Ceferino,Boada,3187
105340,472880860,Marta,Llorente,3188
105341,353532043,Teodora,Alberto,3189
105342,406822354,Micaela,Perea,3190
105343,550511064,Delia,Matas,3191
105344,164097936,Piedad,Ballesteros,3192
105345,874773620,Jose Angel,Rodrigo,3193
105346,382388206,Lara,Garcia,3194
105347,884076140,Porfirio,Figueras,3195
105348,228640421,Montserrat,Pena,3196
105349,609390295,Xavier,Nunez,3197
105350,663776760,Roldan,Peralta,3198
105351,364140693,Eric,Estevez,3199
105352,457757361,Amando,Cerda,3200
105353,605916773,Marcos,Cabanas,3201
105354,785946578,Leonel,Borrell,3202
105355,244450499,Patricio,Aliaga,3203
105356,646328703,Roxana,Duque,3204
105357,394629722,Fanny,Ramirez,3205
105358,435010988,Teofilo,Delgado,3206
105359,920205181,Adela,Martin,3207
105360,126337717,Nazaret,Camino,3208
105361,635748845,Remedios,Marco,3209
105362,568181103,Timoteo,Palacios,3210
105363,832007405,Santiago,Duran,3211
105364,603029006,Aitana,Murillo,3212
105365,878403257,Candelaria,Rivera,3213
105366,593686420,Xavier,Nicolas,3214
105367,593589379,Melisa,Amador,3215
105368,604616545,Hipolito,Santamaria,3216
105369,774426289,Tecla,Capdevila,3217
105370,562897422,Guadalupe,Villar,3218
105371,619645017,Antonio,Tome,3219
105372,796269178,Nelida,Arellano,3220
105373,940123445,Gertrudis,Pinto,3221
105374,718250847,Nerea,Borrego,3222
105375,920456403,Rico,Duran,3223
105376,998090357,Miguela,Sole,3224
105377,497898767,Samu,Luis,3225
105378,823334038,Belen,Amor,3226
105379,234811593,Marcos,Lloret,3227
105380,675133479,Albert,Palomo,3228
105381,576929944,Maximiano,Angel,3229
105382,108936018,Ariel,Delgado,3230
105383,812617010,Sigfrido,Neira,3231
105384,144163759,Marcio,Ramon,3232
105385,708917635,Luis Angel,Yuste,3233
105386,616392488,Julie,Barreda,3234
105387,543482824,Rosenda,Alvarez,3235
105388,513356823,Josep,Toro,3236
105389,356886237,Josefina,Garrido,3237
105390,793396197,Claudio,Castell,3238
105391,640842317,Sofia,Gual,3239
105392,724993895,Clarisa,Mosquera,3240
105393,600487634,Alberto,Echeverria,3241
105394,173178024,Cristobal,Cerezo,3242
105395,384235973,Jose Mari,Castejon,3243
105396,313579191,Ambrosio,Espanol,3244
105397,303540635,Pili,Acosta,3245
105398,342692973,Chus,Maza,3246
105399,232799691,Julieta,Roig,3247
105400,884783660,Carmelo,Reguera,3248
105401,353460420,Lupe,Ferrandez,3249
105402,610837129,Tomasa,Conesa,3250
105403,412638817,Luisa,Villaverde,3251
105404,109238355,Imelda,Villalonga,3252
105405,308190154,Sabas,Pla,3253
105406,651398474,Chucho,Amigo,3254
105407,418022366,Bernardo,Sevillano,3255
105408,624360332,Sancho,Galvez,3256
105409,135267664,Lucas,Alvarez,3257
105410,756395843,Mercedes,Jara,3258
105411,205705165,Encarna,Marmol,3259
105412,238909810,Florencio,Valcarcel,3260
105413,605886094,Elisabet,Caballero,3261
105414,946446987,Fabio,Angel,3262
105415,274786743,Obdulia,Borras,3263
105416,646430143,Encarnacion,Pera,3264
105417,554508515,Leandra,Amaya,3265
105418,557836946,Sofia,Peralta,3266
105419,597256701,Octavio,Palmer,3267
105420,700291870,Fanny,Blazquez,3268
105421,497172425,Faustino,Pombo,3269
105422,965209149,Morena,Aguilo,3270
105423,327056832,Concha,Castello,3271
105424,884345139,Encarna,Barragan,3272
105425,572816310,Roberto,Ruano,3273
105426,458810097,Nidia,Marcos,3274
105427,973684975,Fidela,Collado,3275
105428,142469844,Rafael,Comas,3276
105429,922118920,Pepito,Perales,3277
105430,247146689,Godofredo,Collado,3278
105431,805833344,Eva,Casares,3279
105432,345639314,Lope,Calatayud,3280
105433,945028058,Amancio,Teruel,3281
105434,646740682,Domitila,Madrid,3282
105435,345896560,Leandro,Aragon,3283
105436,683026481,Amador,Bilbao,3284
105437,657468057,Rafa,Sanabria,3285
105438,409580337,Dorita,Salcedo,3286
105439,789814378,Malena,Rocamora,3287
105440,815739579,Hernan,Lluch,3288
105441,632245753,Patricia,Miguel,3289
105442,964804737,Rodolfo,Bustos,3290
105443,192649234,Nacio,Diez,3291
105444,712326046,Luisina,Montoya,3292
105445,716998722,Hipolito,Gisbert,3293
105446,172742118,Plinio,Morell,3294
105447,744949993,Eulalia,Baez,3295
105448,398612810,Graciano,Soriano,3296
105449,281169245,Gil,Galvez,3297
105450,250436721,Noa,Gelabert,3298
105451,699796229,Ignacio,Vizcaino,3299
105452,845887765,Eva,Velasco,3300
105453,148853637,Inocencio,Gascon,3301
105454,292194728,Fabio,Pacheco,3302
105455,509602204,Vinicio,Franch,3303
105456,687603143,Sigfrido,Juarez,3304
105457,523453729,Clarisa,Parejo,3305
105458,341217537,Fabricio,Valverde,3306
105459,231053729,Ernesto,Riba,3307
105460,203818389,Loida,Vila,3308
105461,111901490,Felix,Sala,3309
105462,187552514,Carmen,Chico,3310
105463,252197807,Julia,Corral,3311
105464,859075137,Nelida,Somoza,3312
105465,354309724,Narcisa,Vina,3313
105466,656731438,Reina,Girona,3314
105467,640395627,Hilario,Palma,3315
105468,893264727,Violeta,Arnaiz,3316
105469,646773446,Reynaldo,Morell,3317
105470,137856331,Leopoldo,Torre,3318
105471,726422865,Hector,Lluch,3319
105472,252367614,Severiano,Serna,3320
105473,322134901,Guiomar,Manzano,3321
105474,405092924,Eugenio,Alberdi,3322
105475,726738058,Emiliano,Artigas,3323
105476,783278568,Anibal,Perello,3324
105477,418738723,Jenaro,Sanmiguel,3325
105478,876507130,Cleto,Alvarado,3326
105479,729680441,Armida,Miguel,3327
105480,833495084,Leonardo,Pages,3328
105481,592196573,Victorino,Tellez,3329
105482,210251002,Priscila,Martinez,3330
105483,709061053,Fortunata,Verdu,3331
105484,532168718,Samanta,Cuellar,3332
105485,147926801,Chita,Bustamante,3333
105486,970264196,Fabricio,Duque,3334
105487,127801534,Melisa,Calatayud,3335
105488,451784652,Balduino,Torrens,3336
105489,893205773,Gilberto,Oliva,3337
105490,338397180,Marcia,Alamo,3338
105491,860771809,Susanita,Comas,3339
105492,382479916,Francisco Javier,Fernandez,3340
105493,753171249,Vanesa,Cerezo,3341
105494,116509912,Luna,Colomer,3342
105495,384194396,Adelina,Prada,3343
105496,720047322,Africa,Blazquez,3344
105497,337931966,Hugo,Royo,3345
105498,950576545,Visitacion,Rey,3346
105499,533092520,Onofre,Jara,3347
105500,360742809,Candelaria,Calderon,3348
105501,266646542,Telmo,Galvan,3349
105502,539070238,Conrado,Gisbert,3350
105503,607594841,Regina,Cepeda,3351
105504,999280153,Leocadia,Revilla,3352
105505,288894186,Graciana,Bautista,3353
105506,125444544,Virginia,Iglesias,3354
105507,101166557,Sigfrido,Carrasco,3355
105508,422234338,Dorita,Ricart,3356
105509,284082393,Graciano,Font,3357
105510,989414242,Balduino,Heras,3358
105511,872213260,Bernardita,Anton,3359
105512,191555644,Aurelio,Terron,3360
105513,344331503,Herminio,Aliaga,3361
105514,597625226,Che,Valls,3362
105515,522490620,Carmina,Viana,3363
105516,751917150,Jose Ramon,Saldana,3364
105517,154780992,Vinicio,Ordonez,3365
105518,700308020,Ruperta,Torrens,3366
105519,257535124,Pia,Garay,3367
105520,622594628,Barbara,Paniagua,3368
105521,582452722,Azeneth,Morante,3369
105522,130327808,Valentina,Canton,3370
105523,975478528,Florentina,Rueda,3371
105524,797589897,Santiago,Coronado,3372
105525,466625222,Azahar,Cuellar,3373
105526,407013452,Luis,Macias,3374
105527,325174301,Glauco,Bermudez,3375
105528,346953676,Luciana,Lumbreras,3376
105529,177519440,Tono,Ugarte,3377
105530,757521868,Clemente,Navas,3378
105531,370883001,Blanca,Poza,3379
105532,170591499,Anibal,Acero,3380
105533,733445172,Pacifica,Gargallo,3381
105534,463140532,Alvaro,Naranjo,3382
105535,322234118,Ruperto,Exposito,3383
105536,360800353,Ainoa,Izaguirre,3384
105537,963062349,Jordan,Neira,3385
105538,763392077,Carmelo,Cabanas,3386
105539,602089114,Norberto,Hoz,3387
105540,318525884,Mamen,Mata,3388
105541,299053177,Roldan,Saenz,3389
105542,907507992,Julio Cesar,Guzman,3390
105543,244528106,Amalia,Taboada,3391
105544,416350851,Joel,Llorente,3392
105545,144801581,Jenny,Puente,3393
105546,286491468,Inigo,Gisbert,3394
105547,150790544,Fortunato,Palacio,3395
105548,340139485,Gilberto,Hernandez,3396
105549,451578402,Anastasio,Murcia,3397
105550,849023092,Martin,Cervera,3398
105551,337790889,Baltasar,Guillen,3399
105552,560461501,Merche,Collado,3400
105553,485235479,Glauco,Lamas,3401
105554,585040964,Ruperta,Villar,3402
105555,277273872,Gema,Talavera,3403
105556,869331440,Bernarda,Carretero,3404
105557,685632422,Soledad,Escribano,3405
105558,325145959,Custodio,Arjona,3406
105559,591379126,Samu,Mendez,3407
105560,615764064,Eric,Bermudez,3408
105561,263274607,Carlos,Quiroga,3409
105562,406213997,Emelina,Cobos,3410
105563,552802474,Albert,Minguez,3411
105564,187466717,Reyna,Jauregui,3412
105565,737259447,Ramona,Rueda,3413
105566,687251542,Fabian,Palomar,3414
105567,555270886,Aura,Cuadrado,3415
105568,516697725,Dalila,Solis,3416
105569,602662969,Nazaret,Posada,3417
105570,947329618,Leyre,Llorens,3418
105571,116255408,Hernando,Sanabria,3419
105572,172494633,Anacleto,Roma,3420
105573,671488972,Joel,Amaya,3421
105574,876182533,Lara,Conesa,3422
105575,496651437,Elisabet,Juan,3423
105576,807263186,Maricela,Rosello,3424
105577,280933734,Tere,Alberto,3425
105578,950068642,Marc,Ramirez,3426
105579,422781793,Nicolas,Gisbert,3427
105580,343869172,Luciano,Jimenez,3428
105581,166650324,Eduardo,Ferrero,3429
105582,439835123,Candelario,Raya,3430
105583,931903497,Adalberto,Barrera,3431
105584,950339456,Jose Angel,Ortiz,3432
105585,991514299,Aitor,Bou,3433
105586,716335135,Claudio,Machado,3434
105587,536866617,Guadalupe,Portero,3435
105588,213125521,Victoriano,Castello,3436
105589,667595310,Estela,Palomares,3437
105590,224521638,Candida,Avila,3438
105591,515491046,Consuela,Polo,3439
105592,609692520,Nayara,Tellez,3440
105593,723882890,Dorita,Blanes,3441
105594,898127026,Martina,Marcos,3442
105595,207437063,Alexandra,Aguilo,3443
105596,627753582,Baldomero,Cabo,3444
105597,129183420,Encarnacion,Palau,3445
105598,755931471,Ariel,Herranz,3446
105599,299684911,Pio,Verdu,3447
105600,451422617,Nestor,Carbo,3448
105601,864790351,Reina,Acuna,3449
105602,410228403,Santos,Pino,3450
105603,234341995,Pio,Gutierrez,3451
105604,711789790,Samanta,Torrents,3452
105605,677446580,Camila,Luz,3453
105606,519794859,Candelas,Juarez,3454
105607,181165344,Selena,Mate,3455
105608,824285055,Maria Manuela,Pomares,3456
105609,325798641,Begona,Carbo,3457
105610,725900201,Nazaret,Arenas,3458
105611,754800089,Angelica,Solsona,3459
105612,528871501,Ale,Cardenas,3460
105613,785574657,Martin,Checa,3461
105614,854024956,Aitana,Bayon,3462
105615,903581043,Eusebia,Mariscal,3463
105616,16096132,Miguel Angel,Castell,3464
105617,767487205,Ramiro,Figueroa,3465
105618,596543502,Josefa,Bejarano,3466
105619,977511194,Bernabe,Garriga,3467
105620,214866753,Heraclio,Bustos,3468
105621,901376190,Amanda,Alamo,3469
105622,115871710,Lorena,Novoa,3470
105623,542040831,Daniela,Rueda,3471
105624,167415836,Nadia,Arteaga,3472
105625,830144237,Custodia,Zabaleta,3473
105626,314369541,Ruperto,Alfonso,3474
105627,157821739,Juanita,Borrego,3475
105628,864396088,Valerio,Morillo,3476
105629,778917730,Jose Manuel,Sainz,3477
105630,713991005,Sonia,Acevedo,3478
105631,831496014,Marisa,Font,3479
105632,272806462,Cristian,Amores,3480
105633,298885292,Ofelia,Navarrete,3481
105634,589504399,Blas,Guillen,3482
105635,146112745,Ana Sofia,Barroso,3483
105636,512533649,Aura,Valverde,3484
105637,480923656,Morena,Oller,3485
105638,450831239,Chita,Iglesia,3486
105639,424957906,Evelia,Martinez,3487
105640,313803047,Sarita,Tejada,3488
105641,209992083,Gabriela,Porta,3489
105642,107311602,Consuelo,Pulido,3490
105643,548900359,Berta,Beltran,3491
105644,728711942,Bartolome,Guitart,3492
105645,927259303,Albina,Mendizabal,3493
105646,188613436,Sol,Solis,3494
105647,844576366,Demetrio,Ferrero,3495
105648,737775782,Andrea,Marquez,3496
105649,464888170,Hugo,Bello,3497
105650,909076329,Moises,Torrecilla,3498
105651,239191794,Azahara,Lasa,3499
105652,696524090,Miguel Angel,Canals,3500
105653,761244989,Leocadia,Gascon,3501
105654,108689401,Alexandra,Anaya,3502
105655,862729447,Blanca,Palomo,3503
105656,867088137,Amilcar,Reina,3504
105657,175733452,Fermin,Giralt,3505
105658,436572807,Walter,Porcel,3506
105659,761212531,Armida,Fuertes,3507
105660,268044623,Ildefonso,Anglada,3508
105661,490254678,Rosalva,Gascon,3509
105662,895858959,Juana,Daza,3510
105663,654625541,Vanesa,Ariza,3511
105664,859029047,Merche,Laguna,3512
105665,102663911,Tania,Arino,3513
105666,980729928,Calisto,Flores,3514
105667,631279567,Cayetano,Lillo,3515
105668,961526272,Prudencia,Farre,3516
105669,619737191,Loreto,Melero,3517
105670,683928351,Rocio,Rosales,3518
105671,173550340,Roque,Morata,3519
105672,594750045,Haydee,Valenciano,3520
105673,833482773,Macaria,Uribe,3521
105674,314592264,Aurea,Casals,3522
105675,690383241,Graciano,Alegre,3523
105676,902515026,Trinidad,Gomis,3524
105677,365918722,Modesto,Pareja,3525
105678,356543944,Yolanda,Juan,3526
105679,284039936,Graciana,Barbero,3527
105680,615947631,Olimpia,Santamaria,3528
105681,946129847,Ambrosio,Oliver,3529
105682,784792783,Anastasia,Perales,3530
105683,718411021,Guiomar,Vizcaino,3531
105684,822489589,Federico,Cuesta,3532
105685,587579464,Lisandro,Oller,3533
105686,934689593,Antonio,Andres,3534
105687,851154873,Alba,Torrijos,3535
105688,653077024,Herberto,Amores,3536
105689,597436878,Atilio,Bastida,3537
105690,489988693,Lalo,Roldan,3538
105691,255314757,Rosaura,Bernat,3539
105692,886649817,Ambrosio,Osuna,3540
105693,304273266,Alejandra,Penalver,3541
105694,643927797,Gilberto,Galiano,3542
105695,961761392,Victoria,Borrego,3543
105696,108897297,Cebrian,Puerta,3544
105697,472000296,Evaristo,Solera,3545
105698,686979756,Miguel Angel,Barros,3546
105699,662053562,Yesica,Valles,3547
105700,889334303,Regina,Molina,3548
105701,304587371,Nicodemo,Jara,3549
105702,367714291,Eliana,Rivas,3550
105703,706908705,Ale,Salcedo,3551
105704,860954772,Yolanda,Diego,3552
105705,593949047,Tania,Gras,3553
105706,450543514,Lucia,Roura,3554
105707,686387728,Valerio,Gras,3555
105708,559418282,Ruben,Rodrigo,3556
105709,239895889,Daniela,Feliu,3557
105710,197398559,Severiano,Casado,3558
105711,846975464,Javiera,Aviles,3559
105712,481843566,Rafaela,Galan,3560
105713,202403167,Sebastian,Feliu,3561
105714,664093119,Ivan,Mata,3562
105715,218071821,Luna,Garcia,3563
105716,122562021,Tomasa,Morante,3564
105717,516066078,Charo,Davila,3565
105718,953120507,Tania,Heras,3566
105719,612607555,Maria Jose,Camino,3567
105720,363503238,Salome,Solera,3568
105721,398648593,Lalo,Salamanca,3569
105722,447560682,Ale,Cepeda,3570
105723,317769712,Narciso,Bermudez,3571
105724,358525873,Marcela,Ribas,3572
105725,388947702,Nicodemo,Pina,3573
105726,842925467,Celia,Arana,3574
105727,592514642,Victoria,Lucena,3575
105728,204799226,Iris,Alvarez,3576
105729,469796269,Sofia,Carbajo,3577
105730,975372810,Heliodoro,Donaire,3578
105731,871739945,Pio,Azcona,3579
105732,868598108,Fernanda,Villena,3580
105733,799969555,Alejandro,Cuenca,3581
105734,867507141,Florencia,Almagro,3582
105735,825905839,Nereida,Marco,3583
105736,260443621,Vidal,Herranz,3584
105737,476309902,Corona,Canales,3585
105738,589464031,Efrain,Blanca,3586
105739,920219434,Marcos,Caparros,3587
105740,998080007,Rico,Aramburu,3588
105741,832866486,Calixto,Ricart,3589
105742,992470737,Celestina,Duque,3590
105743,493205837,Rebeca,Querol,3591
105744,682441980,Sebastian,Angulo,3592
105745,273041854,Casandra,Bejarano,3593
105746,163051413,Adelia,Beltran,3594
105747,844656548,Galo,Martorell,3595
105748,361740010,Nadia,Yuste,3596
105749,578763253,Juan Carlos,Fernandez,3597
105750,320678980,Gustavo,Hidalgo,3598
105751,833495451,Evaristo,Castejon,3599
105752,824354003,Victoriano,Falcon,3600
105753,336148399,Loida,Gelabert,3601
105754,171167930,Miguela,Gil,3602
105755,740590635,Florina,Mascaro,3603
105756,503993378,Quique,Garcia,3604
105757,979875775,Camilo,Juan,3605
105758,349436656,Berta,Marquez,3606
105759,292333105,Juanita,Cortina,3607
105760,244223566,Bienvenida,Tome,3608
105761,186833170,Fausto,Camino,3609
105762,610401008,Adalberto,Marin,3610
105763,572467995,Cintia,Morcillo,3611
105764,649222690,Miguela,Fabra,3612
105765,669367601,Desiderio,Colom,3613
105766,827131755,Leandro,Reguera,3614
105767,181039101,Jose Carlos,Rojas,3615
105768,295719429,Tania,Galan,3616
105769,257443334,Crescencia,Salvador,3617
105770,932210421,Carla,Ricart,3618
105771,275615043,Gabriel,Soria,3619
105772,625593801,Alejandra,Zabaleta,3620
105773,600492858,Carmen,Menendez,3621
105774,438978141,Tito,Cano,3622
105775,918886377,Chucho,Carreno,3623
105776,339977840,Emelina,Sedano,3624
105777,247974868,Candelas,Simo,3625
105778,574280645,Silvia,Bellido,3626
105779,548349385,Flora,Roman,3627
105780,723346096,Jenaro,Hoz,3628
105781,300932979,Prudencia,Isern,3629
105782,525497202,Arcelia,Blanco,3630
105783,205745299,Florina,Riquelme,3631
105784,597061983,Jacinta,Jordan,3632
105785,823365812,Graciela,Arellano,3633
105786,133009360,Marino,Pina,3634
105787,447174000,Carmelita,Alcolea,3635
105788,866467173,Candela,Gordillo,3636
105789,917665715,Victoria,Oliveras,3637
105790,207155729,Cruz,Mosquera,3638
105791,976905107,Maria Jose,Plana,3639
105792,172505969,Lidia,Alba,3640
105793,364883160,Curro,Calzada,3641
105794,192516582,Hipolito,Santos,3642
105795,825645295,Javi,Prado,3643
105796,267327583,Juan Antonio,Aguilar,3644
105797,979191864,Agata,Castrillo,3645
105798,249989819,Leopoldo,Alsina,3646
105799,680535683,Emilio,Santos,3647
105800,590444833,Amando,Cadenas,3648
105801,418061902,Eric,Rios,3649
105802,439834029,Humberto,Ruiz,3650
105803,193076727,Sofia,Toro,3651
105804,785913913,Cristian,Jodar,3652
105805,335981517,Florencia,Sevilla,3653
105806,492982939,Perlita,Cortina,3654
105807,655094240,Haroldo,Morales,3655
105808,264885434,Ana Sofia,Revilla,3656
105809,924023850,Hilda,Fabra,3657
105810,541690198,Maria Teresa,Guillen,3658
105811,613001462,Anunciacion,Cantero,3659
105812,383719093,Santiago,Reyes,3660
105813,259133882,Palmira,Carpio,3661
105814,143626364,Kike,Borja,3662
105815,176670975,Dionisio,Bermejo,3663
105816,714513482,Agustina,Roman,3664
105817,783464629,Fausto,Lucas,3665
105818,225854583,Celia,Ugarte,3666
105819,751816979,Soraya,Gelabert,3667
105820,184670594,Chuy,Bilbao,3668
105821,660726330,Claudia,Berenguer,3669
105822,800222303,Nelida,Carbajo,3670
105823,984326146,German,Torrens,3671
105824,414029224,Paco,Barrio,3672
105825,904046916,Eligia,Infante,3673
105826,481763739,Segismundo,Amo,3674
105827,273669390,Virginia,Ledesma,3675
105828,263247441,Elias,Morcillo,3676
105829,636192378,Lope,Roda,3677
105830,431122309,Cecilio,Bertran,3678
105831,349404015,Ofelia,Arteaga,3679
105832,148501968,Azeneth,Sarabia,3680
105833,845507893,Jose Manuel,Bilbao,3681
105834,221499485,Florentina,Baez,3682
105835,899588856,Mariana,Montesinos,3683
105836,620510950,Heliodoro,Salom,3684
105837,210663062,Odalis,Sanz,3685
105838,209797017,Aranzazu,Raya,3686
105839,618581326,Encarna,Cepeda,3687
105840,397733451,Emiliana,Gonzalo,3688
105841,830238363,Eduardo,Oliva,3689
105842,572489377,Marta,Aramburu,3690
105843,697879487,Tono,Solis,3691
105844,629282372,Barbara,Pedro,3692
105845,246877334,Viviana,Llano,3693
105846,651883705,Monica,Sans,3694
105847,174576152,Pepe,Cabezas,3695
105848,102919598,Guadalupe,Torre,3696
105849,476998134,Amancio,Busquets,3697
105850,885578966,Rosaura,Nogueira,3698
105851,107499661,Rafa,Bustamante,3699
105852,581739216,Clotilde,Yanez,3700
105853,912872395,Aura,Tur,3701
105854,418034510,Vicenta,Beltran,3702
105855,590474124,Chelo,Quesada,3703
105856,956786739,Eva Maria,Canals,3704
105857,740647862,Tatiana,Alcala,3705
105858,682213097,Ale,Solsona,3706
105859,932099164,Ramona,Frias,3707
105860,388190839,Isaura,Camara,3708
105861,403317209,Georgina,Cruz,3709
105862,877765957,Yessica,Becerra,3710
105863,285147101,Rosalinda,Asensio,3711
105864,288863087,Jacinta,Barriga,3712
105865,345676682,Aranzazu,Moraleda,3713
105866,916990136,Adela,Mancebo,3714
105867,129129497,Isaac,Llamas,3715
105868,418301431,Ernesto,Muro,3716
105869,248628546,Marciano,Neira,3717
105870,836429655,Tomas,Herrera,3718
105871,508608777,Sergio,Camps,3719
105872,818115849,Climaco,Donaire,3720
105873,887544501,Edmundo,Ramos,3721
105874,999422792,Anastasio,Gomila,3722
105875,953880825,Isa,Quintero,3723
105876,614109806,Olimpia,Mateu,3724
105877,426135845,Juliana,Teruel,3725
105878,641793385,Ramona,Diaz,3726
105879,541354168,Agueda,Benavent,3727
105880,916082007,Marcelo,Pablo,3728
105881,253389427,Cecilio,Salgado,3729
105882,895690510,Rene,Zorrilla,3730
105883,796649507,Camila,Jove,3731
105884,433369232,Adela,Segura,3732
105885,754580131,Jenaro,Lucas,3733
105886,551742184,Benigno,Blanch,3734
105887,444334524,Casandra,Arana,3735
105888,892305620,Mirta,Ferrandiz,3736
105889,193534523,Soledad,Ojeda,3737
105890,222976120,Teofila,Pinedo,3738
105891,626995968,Isidoro,Acero,3739
105892,756481534,Milagros,Moreno,3740
105893,740962730,Cirino,Santamaria,3741
105894,931241629,Paulina,Iniguez,3742
105895,336581267,Chus,Prat,3743
105896,195549552,Alexandra,Zamora,3744
105897,647355677,Natalio,Llopis,3745
105898,857319268,Azahara,Lozano,3746
105899,170170739,Chelo,Parejo,3747
105900,663034475,Isidora,Bru,3748
105901,978740983,Macarena,Muniz,3749
105902,678721269,Adoracion,Miro,3750
105903,995556423,Hilario,Villalonga,3751
105904,499896534,Sara,Taboada,3752
105905,978840584,Celia,Prats,3753
105906,657667295,Severiano,Pol,3754
105907,862585375,David,Canovas,3755
105908,484218843,Sandalio,Cal,3756
105909,253736076,Domingo,Carbajo,3757
105910,561702017,Ciriaco,Belmonte,3758
105911,744196524,Fatima,Pol,3759
105912,793265735,Rodrigo,Novoa,3760
105913,478723414,Africa,Benito,3761
105914,455029097,Fabiola,Baena,3762
105915,144356929,Nadia,Alegria,3763
105916,248518884,Pio,Avila,3764
105917,834756533,Primitiva,Nicolau,3765
105918,760527574,Julio Cesar,Galiano,3766
105919,536359187,Maria Cristina,Somoza,3767
105920,899165220,Azucena,Lorenzo,3768
105921,577717891,Jose Antonio,Mate,3769
105922,837493904,Fatima,Correa,3770
105923,927608328,Begona,Alvarez,3771
105924,619452020,Amaya,Salmeron,3772
105925,640557013,Emelina,Barba,3773
105926,525093513,Espiridion,Ferrera,3774
105927,786264618,Javiera,Trujillo,3775
105928,587348236,Rosendo,Pinto,3776
105929,324899474,Mamen,Soria,3777
105930,746059570,Clementina,Salom,3778
105931,772874674,Edmundo,Puga,3779
105932,803715012,Dalila,Lujan,3780
105933,904493641,Artemio,Nicolau,3781
105934,211627906,Santos,Rodrigo,3782
105935,394350403,David,Rossello,3783
105936,348365990,Valerio,Acosta,3784
105937,721113546,Graciano,Clavero,3785
105938,358670849,Mariana,Arranz,3786
105939,923856323,Glauco,Giner,3787
105940,544756535,Julia,Garces,3788
105941,328946221,Angelica,Dominguez,3789
105942,820637369,Bautista,Izquierdo,3790
105943,177554148,Cintia,Gonzalez,3791
105944,144559709,Berto,Villalonga,3792
105945,962282335,Arcelia,Cadenas,3793
105946,775554367,Lucho,Tomas,3794
105947,231756610,Ramon,Cobo,3795
105948,187116397,Isabela,Donaire,3796
105949,286963325,Herminia,Vaquero,3797
105950,869654725,Danilo,Leon,3798
105951,596085143,Climaco,Belmonte,3799
105952,446011805,Judith,Valcarcel,3800
105953,262654689,Vanesa,Fabregat,3801
105954,682210954,Cruz,Carrillo,3802
105955,567960379,Diego,Carrillo,3803
105956,712459605,Juan Antonio,Mascaro,3804
105957,785426004,Mercedes,Madrigal,3805
105958,132116911,Manola,Lasa,3806
105959,977352177,Ramiro,Ortiz,3807
105960,197247583,Roxana,Armengol,3808
105961,854353036,Sarita,Miguel,3809
105962,764989413,Narcisa,Navarrete,3810
105963,191538480,Clara,Dalmau,3811
105964,289480567,Jose Luis,Duarte,3812
105965,279423605,Prudencio,Sabater,3813
105966,159233875,Evangelina,Ledesma,3814
105967,268016008,Juan Jose,Fabregat,3815
105968,851287434,Atilio,Martinez,3816
105969,554142638,Dolores,Jorda,3817
105970,208204226,Veronica,Anaya,3818
105971,969875976,Amada,Alarcon,3819
105972,519966647,Estrella,Puga,3820
105973,994902519,Rogelio,Llopis,3821
105974,364107105,Fidel,Nunez,3822
105975,689448072,Clara,Marcos,3823
105976,977707802,Gala,Infante,3824
105977,266193368,Nereida,Monreal,3825
105978,872534829,Inmaculada,Velazquez,3826
105979,935233936,Isidora,Folch,3827
105980,391807904,Cristina,Canizares,3828
105981,175912634,Griselda,Dominguez,3829
105982,502563885,Olimpia,Villalba,3830
105983,765561192,Anacleto,Espana,3831
105984,124460986,Nereida,Rio,3832
105985,957347197,Fabiola,Velazquez,3833
105986,612307721,Nando,Llano,3834
105987,542649653,Paca,Torrecilla,3835
105988,442127319,Carina,Barrera,3836
105989,910002573,Gertrudis,Peinado,3837
105990,567254955,Espiridion,Cerdan,3838
105991,849099850,Merche,Mir,3839
105992,480621928,Luz,Requena,3840
105993,205382141,Gil,Pareja,3841
105994,339936138,Amador,Burgos,3842
105995,673804055,Eliana,Giron,3843
105996,735844265,Tomasa,Porras,3844
105997,361625657,Martina,Quintana,3845
105998,202185608,Visitacion,Carro,3846
105999,692199632,Elisa,Francisco,3847
106000,530279699,Regina,Guerra,3848
106001,852201187,Ale,Guardiola,3849
106002,574150634,Nidia,Torrents,3850
106003,216980141,Teobaldo,Arnau,3851
106004,556345523,Fernanda,Puga,3852
106005,388379165,Cebrian,Huertas,3853
106006,272986509,Angel,Ayuso,3854
106007,264485837,Nicanor,Solsona,3855
106008,635370165,Manu,Coll,3856
106009,287399883,Carmela,Sureda,3857
106010,946490809,Benita,Olivera,3858
106011,326228078,Jafet,Almeida,3859
106012,171475569,Fabian,Cuellar,3860
106013,581704796,Manuela,Guzman,3861
106014,249735180,Galo,Torre,3862
106015,648642684,Maura,Clavero,3863
106016,149963663,Feliciano,Gimeno,3864
106017,613363326,Amador,Cid,3865
106018,266223804,Borja,Blanes,3866
106019,708228196,Eusebia,Carballo,3867
106020,511489457,Nicodemo,Aparicio,3868
106021,674455622,Elvira,Nadal,3869
106022,397661653,Lorenza,Saldana,3870
106023,909184773,Urbano,Gabaldon,3871
106024,144114284,Jimena,Quero,3872
106025,248971906,Marcia,Duenas,3873
106026,889139007,Soledad,Dalmau,3874
106027,825184254,Lorena,Solera,3875
106028,466021653,Jordi,Varela,3876
106029,208190241,Ainara,Giner,3877
106030,923858432,Regulo,Llanos,3878
106031,643656435,Roxana,Antunez,3879
106032,178778573,Emiliana,Colomer,3880
106033,269740834,Sabina,Armengol,3881
106034,339848609,Hugo,Palacio,3882
106035,303689695,Conrado,Jimenez,3883
106036,495565988,Mariana,Valero,3884
106037,964564758,Jose,Torrecilla,3885
106038,584328320,Ligia,Arroyo,3886
106039,369501354,Reyes,Carreras,3887
106040,428330085,Chus,Molins,3888
106041,204912892,Apolonia,Sainz,3889
106042,207236362,Ariel,Llobet,3890
106043,757568193,Porfirio,Alcolea,3891
106044,450825885,Miriam,Bejarano,3892
106045,781259784,Noelia,Manzano,3893
106046,378937462,Dulce,Mendez,3894
106047,399147318,Seve,Llopis,3895
106048,825831705,Isidora,Mari,3896
106049,815646863,Susanita,Palomino,3897
106050,483591386,Anabel,Beltran,3898
106051,259905096,Pepe,Ferrandez,3899
106052,384593952,Charo,Manrique,3900
106053,594448058,Jose Manuel,Castello,3901
106054,738628610,Jose Carlos,Manjon,3902
106055,810916566,Gustavo,Lillo,3903
106056,146576575,Luna,Feijoo,3904
106057,781623915,Josefina,Galan,3905
106058,757148556,Eugenia,Moles,3906
106059,325056891,Lucio,Guardiola,3907
106060,114950410,Pepita,Pla,3908
106061,598175788,Isaac,Linares,3909
106062,776476295,Concepcion,Martinez,3910
106063,399768178,Bonifacio,Marin,3911
106064,695505061,Sandalio,Esteve,3912
106065,875928895,Ciriaco,Saldana,3913
106066,269598249,Gilberto,Tellez,3914
106067,913915538,Pastor,Palomar,3915
106068,715184920,Azeneth,Artigas,3916
106069,399704091,Fortunato,Cuervo,3917
106070,432496368,Albert,Artigas,3918
106071,420303161,Rufina,Aparicio,3919
106072,564492308,Marcial,Cabrero,3920
106073,194828847,Placido,Morales,3921
106074,852109220,Jose Mari,Hurtado,3922
106075,994552977,Jacinta,Varela,3923
106076,742143878,Anselmo,Iglesia,3924
106077,725026279,Maite,Galindo,3925
106078,813066670,Dionisia,Reyes,3926
106079,995145951,Sandra,Jorda,3927
106080,892987366,Prudencia,Llamas,3928
106081,365640745,Flavia,Coello,3929
106082,154062666,Patricia,Cozar,3930
106083,349728386,Chelo,Verdugo,3931
106084,296697374,Leon,Vina,3932
106085,197010023,Nadia,Garzon,3933
106086,585279087,Angelita,Ojeda,3934
106087,682725671,Leandra,Lara,3935
106088,841933223,Edgar,Cantero,3936
106089,575324067,Pelayo,Banos,3937
106090,719007793,Cristina,Rosado,3938
106091,864459170,Rufino,Mateo,3939
106092,537447820,Luis,Moran,3940
106093,453593187,Carmelo,Domingo,3941
106094,381315302,Blas,Pla,3942
106095,258013748,Vicenta,Nevado,3943
106096,451928923,Javier,Rosell,3944
106097,410890395,Sandalio,Ferreras,3945
106098,452356709,Pancho,Valero,3946
106099,623784125,Miguel,Solana,3947
106100,480076737,Benigno,Salva,3948
106101,121671351,Noelia,Campo,3949
106102,175914036,Jose,Ferrera,3950
106103,408560293,Rodrigo,Oliveras,3951
106104,441267564,Dorotea,Aguilera,3952
106105,771136222,Cosme,Ferrer,3953
106106,382067739,Rocio,Herrera,3954
106107,988416404,Dominga,Vives,3955
106108,874357249,Eladio,Lucena,3956
106109,786485089,Vilma,Jauregui,3957
106110,857904213,Maria Luisa,Pareja,3958
106111,575707890,Samu,Santiago,3959
106112,583649462,Danilo,Huguet,3960
106113,950314459,Primitivo,Alcantara,3961
106114,446584490,Esther,Arino,3962
106115,810965232,Manolo,Cabeza,3963
106116,151894267,Sosimo,Villena,3964
106117,522824362,Eleuterio,Aroca,3965
106118,270926743,Alvaro,Villena,3966
106119,333809274,Pepe,Medina,3967
106120,983687941,Che,Casas,3968
106121,773467435,Onofre,Cortes,3969
106122,215864273,Anacleto,Pina,3970
106123,784229478,Antonia,Oliveras,3971
106124,944424967,Remedios,Serna,3972
106125,859901169,Gustavo,Santana,3973
106126,768904689,Bernarda,Lastra,3974
106127,966745817,David,Ramon,3975
106128,701961576,Americo,Rovira,3976
106129,600642550,Juanita,Miguel,3977
106130,538213798,Pablo,Orozco,3978
106131,447646306,Jose Angel,Guzman,3979
106132,847324041,Cruz,Quintana,3980
106133,214597538,Eladio,Perez,3981
106134,660676882,Juan Carlos,Ordonez,3982
106135,772946484,Hilda,Arnaiz,3983
106136,569288308,Jose,Conde,3984
106137,196039819,Nazaret,Escalona,3985
106138,788358608,Tadeo,Saavedra,3986
106139,737799156,Tristan,Dieguez,3987
106140,128001158,Natividad,Munoz,3988
106141,272781920,Alejo,Sanchez,3989
106142,702068328,Borja,Alarcon,3990
106143,446780336,Felix,Palmer,3991
106144,303529846,Alcides,Benito,3992
106145,712567499,Enrique,Escudero,3993
106146,579237740,Jose Manuel,Arino,3994
106147,223931920,Joel,Nebot,3995
106148,900973249,Aurelio,Oliveras,3996
106149,173740640,Soledad,Pino,3997
106150,245303597,Faustino,Torre,3998
106151,722220183,Flavio,Mayo,3999
106152,707076740,Borja,Roldan,4000
106153,920211230,Nicanor,Azorin,4001
106154,708677170,Amancio,Chacon,4002
106155,857708834,Jose Luis,Anglada,4003
106156,701971952,Modesta,Sales,4004
106157,190481539,Pepito,Caceres,4005
106158,363298008,Marcial,Mari,4006
106159,121082785,Nicanor,Roma,4007
106160,244338691,Adelina,Paniagua,4008
106161,292089330,Apolonia,Royo,4009
106162,364078228,Raimundo,Casal,4010
106163,793414329,Edu,Portillo,4011
106164,910886318,Candelario,Guardiola,4012
106165,491108406,Nilo,Gomez,4013
106166,635681720,Inocencio,Valera,4014
106167,343444927,Basilio,Lumbreras,4015
106168,690329962,Flor,Carbajo,4016
106169,510503988,Bibiana,Fabra,4017
106170,254496890,Augusto,Higueras,4018
106171,806342334,Pablo,Palma,4019
106172,762538035,Lara,Domingo,4020
106173,428882049,Abel,Gallo,4021
106174,187459196,Glauco,Revilla,4022
106175,745135850,Horacio,Escamilla,4023
106176,184229118,Sofia,Somoza,4024
106177,118423452,Amanda,Dalmau,4025
106178,981368269,Anunciacion,Solana,4026
106179,316466617,Norberto,Robledo,4027
106180,228533842,Sigfrido,Marti,4028
106181,196745339,Guillermo,Amo,4029
106182,300749810,David,Torre,4030
106183,975702677,Armando,Roura,4031
106184,583336501,Mirta,Bernad,4032
106185,886621156,Diana,Baena,4033
106186,508856416,Arturo,Canovas,4034
106187,629957112,Gilberto,Hoz,4035
106188,542333294,Edmundo,Tenorio,4036
106189,784586604,Vicenta,Burgos,4037
106190,445557456,Ramon,Godoy,4038
106191,171483470,Inocencio,Lago,4039
106192,182893978,Vilma,Pozo,4040
106193,983526909,Clementina,Baquero,4041
106194,826433398,Manolo,Morales,4042
106195,995881594,Adelardo,Piquer,4043
106196,162508112,Anacleto,Chacon,4044
106197,686133114,Jenny,Frias,4045
106198,803775133,Jose Angel,Fabregas,4046
106199,598244540,Elias,Ballester,4047
106200,248405091,Modesta,Ibarra,4048
106201,528126424,Pascuala,Saura,4049
106202,288200582,Ramiro,Olivares,4050
106203,452819029,Lorenzo,Fortuny,4051
106204,306452560,Maria Cristina,Salmeron,4052
106205,826392392,Purificacion,Blasco,4053
106206,268828958,Iker,Castellanos,4054
106207,502865797,Jose,Barcena,4055
106208,791515243,Inocencio,Hierro,4056
106209,352136950,Barbara,Gamez,4057
106210,217828608,Macario,Sierra,4058
106211,420229132,Luisa,Fiol,4059
106212,651939823,Etelvina,Manzano,4060
106213,825988931,Julian,Garate,4061
106214,326811274,Alejandra,Gras,4062
106215,198906813,Isidora,Ferrero,4063
106216,953780164,Flor,Canton,4064
106217,496747282,Celestino,Valderrama,4065
106218,586351014,Feliciana,Pavon,4066
106219,348483531,Rosendo,Miguel,4067
106220,314174393,Nilo,Valle,4068
106221,785667223,Nando,Herranz,4069
106222,954196736,America,Torres,4070
106223,201971291,Edgardo,Yuste,4071
106224,688715386,Dani,Manso,4072
106225,687454126,Josep,Rios,4073
106226,214145096,Jose Carlos,Blazquez,4074
106227,773542760,Leonel,Hervia,4075
106228,516316179,Sergio,Chico,4076
106229,702643056,Anabel,Barrio,4077
106230,804127628,Cosme,Esteban,4078
106231,346793842,Leon,Badia,4079
106232,842504541,Isaura,Blasco,4080
106233,328891872,Albano,Campo,4081
106234,650014683,Felisa,Llanos,4082
106235,377334836,Amador,Paniagua,4083
106236,888564313,Pili,Montana,4084
106237,437129352,Florentina,Ripoll,4085
106238,391241818,Eufemia,Andres,4086
106239,162081766,Amada,Godoy,4087
106240,506619640,Ciriaco,Laguna,4088
106241,862148989,Salud,Tapia,4089
106242,437440957,Celso,Sainz,4090
106243,963957345,Nilo,Herranz,4091
106244,754482773,Flora,Pazos,4092
106245,934980865,Aroa,Baeza,4093
106246,980332520,Rafa,Pedrosa,4094
106247,429333452,Teodosio,Recio,4095
106248,856940361,Palmira,Zabaleta,4096
106249,676374075,Herminia,Bustamante,4097
106250,649748976,Vanesa,Calatayud,4098
106251,887980034,Isidoro,Castrillo,4099
106252,825420554,Sandra,Mosquera,4100
106253,833244397,Yessica,Gutierrez,4101
106254,325246283,Marcela,Arco,4102
106255,445219712,Adelia,Oliveras,4103
106256,645351493,Aurelio,Sanmiguel,4104
106257,586637116,Enrique,Guardiola,4105
106258,878227715,Rosalva,Arias,4106
106259,353741872,Elias,Echeverria,4107
106260,347249155,Maria Teresa,Espinosa,4108
106261,312521871,Nicanor,Moll,4109
106262,897518438,Anna,Maestre,4110
106263,804370297,Rosendo,Carvajal,4111
106264,612472735,Asdrubal,Ortiz,4112
106265,776642505,Amalia,Abellan,4113
106266,639862326,Calisto,Ruiz,4114
106267,411020779,Amanda,Fiol,4115
106268,719210839,Valeria,Leiva,4116
106269,745715706,Glauco,Quintero,4117
106270,929221899,Rufino,Portero,4118
106271,456615154,Roldan,Roura,4119
106272,732214957,Graciano,Salmeron,4120
106273,248877896,Ana,Alarcon,4121
106274,516851694,Ruperta,Iborra,4122
106275,903751233,Amanda,Cobo,4123
106276,900776338,Edgar,Amaya,4124
106277,935197580,Mariano,Noriega,4125
106278,718252579,Alfonso,Marti,4126
106279,534453682,Mauricio,Manso,4127
106280,842788280,Rosalinda,Almagro,4128
106281,297324684,Tecla,Agudo,4129
106282,453485417,Soledad,Fuente,4130
106283,948416786,Pacifica,Vigil,4131
106284,729027356,Ruben,Borras,4132
106285,906383291,Iris,Escalona,4133
106286,364341283,Flavia,Leon,4134
106287,298543143,Rosario,Villegas,4135
106288,654190282,Anabel,Guerra,4136
106289,985204179,Jesusa,Villalba,4137
106290,663365950,Maria Belen,Roman,4138
106291,401583448,Sandra,Adan,4139
106292,164311022,Mariana,Pozuelo,4140
106293,302567416,Azeneth,Menendez,4141
106294,896696687,Bienvenida,Blanco,4142
106295,225751725,Carmen,Bellido,4143
106296,165721967,Flor,Silva,4144
106297,804571776,Francisca,Andrade,4145
106298,178061123,Emperatriz,Oliva,4146
106299,316942121,Fortunato,Cabezas,4147
106300,875319901,Morena,Sobrino,4148
106301,413993188,Abril,Almeida,4149
106302,226908063,Mariana,Alfaro,4150
106303,732514940,America,Valles,4151
106304,601659159,Cristian,Casado,4152
106305,728155313,Adelardo,Huguet,4153
106306,348683559,Nelida,Marmol,4154
106307,568720202,Catalina,Gual,4155
106308,928725664,Agustina,Jauregui,4156
106309,538452803,Sabina,Marmol,4157
106310,970816719,Danilo,Luis,4158
106311,437633396,Sebastian,Valencia,4159
106312,833796162,Nieves,Manrique,4160
106313,653835412,Flavia,Rey,4161
106314,660087179,Leoncio,Paniagua,4162
106315,762501919,Plinio,Lara,4163
106316,260999333,Zacarias,Parra,4164
106317,708745913,Sarita,Terron,4165
106318,328466014,Nico,Pulido,4166
106319,587564719,Ambar,Lluch,4167
106320,788700805,Alba,Bastida,4168
106321,375165570,Ramon,Benito,4169
106322,316466213,Herminio,Pacheco,4170
106323,964456741,Nicanor,Gimenez,4171
106324,596684499,Onofre,Figuerola,4172
106325,909284837,Cornelio,Almeida,4173
106326,540115430,Marcelino,Alfaro,4174
106327,689113678,Manu,Carvajal,4175
106328,299994052,Francisco,Vera,4176
106329,737973957,Carmelo,Llopis,4177
106330,603402119,Adora,Canals,4178
106331,949493043,Arcelia,Parejo,4179
106332,723935197,Leopoldo,Nunez,4180
106333,831593702,Abril,Antunez,4181
106334,965431058,Lucia,Bosch,4182
106335,230960035,Aitana,Catala,4183
106336,186171717,Amando,Ayala,4184
106337,217649246,Nydia,Moles,4185
106338,274767326,Albert,Borras,4186
106339,952934587,Alondra,Godoy,4187
106340,452921432,Modesto,Anguita,4188
106341,384651943,Alondra,Peinado,4189
106342,369677900,Jose Angel,Ramis,4190
106343,822225372,Miguel Angel,Melendez,4191
106344,718096078,Xavier,Paez,4192
106345,993634285,Rosalia,Saez,4193
106346,734463740,Custodia,Gabaldon,4194
106347,929559377,Regulo,Tejada,4195
106348,433805321,Marcial,Bravo,4196
106349,643860230,Luna,Alberto,4197
106350,499013058,Eufemia,Comas,4198
106351,622292585,Carmen,Olivera,4199
106352,197716049,Cleto,Martin,4200
106353,363542591,Ambar,Boada,4201
106354,578252081,Aroa,Clemente,4202
106355,452974026,Cornelio,Sanchez,4203
106356,740416522,Maria Dolores,Peinado,4204
106357,407034799,Gregorio,Rosa,4205
106358,206197517,Paca,Calatayud,4206
106359,265314930,Loida,Calderon,4207
106360,311639050,Gilberto,Garay,4208
106361,625125946,Aurelia,Pineiro,4209
106362,265346104,Angelita,Belmonte,4210
106363,975885087,Sabina,Anglada,4211
106364,728669684,Noelia,Cadenas,4212
106365,434050770,Marcos,Raya,4213
106366,774765083,Maria Manuela,Yanez,4214
106367,293038223,Albano,Lledo,4215
106368,222046438,Isidoro,Arregui,4216
106369,403573339,Aroa,Cervantes,4217
106370,545663160,Francisco Javier,Criado,4218
106371,896901672,Alma,Segovia,4219
106372,523202874,Amanda,Salmeron,4220
106373,318074498,Emiliano,Prieto,4221
106374,816793859,Elisa,Chamorro,4222
106375,505165749,Cruz,Ledesma,4223
106376,586223140,Eliseo,Pera,4224
106377,161001647,Pili,Monreal,4225
106378,497187267,Edgar,Fuertes,4226
106379,813394618,Sabas,Piquer,4227
106380,970919655,Jafet,Saenz,4228
106381,474671296,Lorena,Fuentes,4229
106382,135507860,Ulises,Molins,4230
106383,860060319,Nieves,Tome,4231
106384,403877482,Alex,Rueda,4232
106385,998417630,Venceslas,Navarro,4233
106386,693465377,Serafina,Bonilla,4234
106387,191116699,Hipolito,Barranco,4235
106388,476183163,Raul,Agustin,4236
106389,358229979,Roque,Galiano,4237
106390,427177865,Narciso,Puig,4238
106391,746161695,Celso,Calderon,4239
106392,570777563,Calixta,Donoso,4240
106393,654756932,Heliodoro,Andres,4241
106394,685326790,Gustavo,Antunez,4242
106395,868193609,Narcisa,Madrigal,4243
106396,142755174,Aroa,Arjona,4244
106397,318094481,Sofia,Caparros,4245
106398,758443113,Romulo,Acedo,4246
106399,135376357,Guiomar,Arribas,4247
106400,825842657,Omar,Julia,4248
106401,496044672,Aura,Pavon,4249
106402,352142511,Graciana,Viana,4250
106403,407567516,Domingo,Morata,4251
106404,805218529,Danilo,Valera,4252
106405,226347832,Ani,Iglesias,4253
106406,318124580,Amilcar,Prat,4254
106407,514526628,Lola,Neira,4255
106408,483968747,Adalberto,Jauregui,4256
106409,603428159,Cecilio,Batlle,4257
106410,922628351,Paola,Maldonado,4258
106411,739173422,Hector,Costa,4259
106412,204140874,Maria Jesus,Banos,4260
106413,278450432,Urbano,Mayoral,4261
106414,289389246,Marc,Camino,4262
106415,769631834,Valero,Montserrat,4263
106416,403738639,Silvia,Baquero,4264
106417,228247636,Florinda,Montoya,4265
106418,172888337,Eugenia,Borrego,4266
106419,184694226,Samanta,Pallares,4267
106420,199248550,Omar,Llano,4268
106421,281238920,Cruz,Gamez,4269
106422,541550489,Olivia,Canales,4270
106423,374855695,Bernardita,Peiro,4271
106424,916233151,Carolina,Ibarra,4272
106425,721344092,Jennifer,Arroyo,4273
106426,729593363,Anastasio,Larrea,4274
106427,591778849,Mamen,Daza,4275
106428,889367438,Otilia,Farre,4276
106429,125202804,Rosendo,Exposito,4277
106430,461297147,Elodia,Zamorano,4278
106431,436023707,Pedro,Aroca,4279
106432,561032355,Glauco,Saez,4280
106433,721823929,Galo,Alcaraz,4281
106434,739047274,Carmelo,Campoy,4282
106435,556569764,Georgina,Abellan,4283
106436,672805542,Gisela,Madrid,4284
106437,201556067,Brigida,Naranjo,4285
106438,155265631,Lucila,Requena,4286
106439,444857549,Vicenta,Blasco,4287
106440,550070138,Trinidad,Camara,4288
106441,352336745,Ale,Recio,4289
106442,995683122,Ana Belen,Pujol,4290
106443,922239964,Griselda,Tudela,4291
106444,301625226,Maxima,Duran,4292
106445,791098158,Samuel,Pina,4293
106446,731905461,Elisa,Briones,4294
106447,791386173,Modesto,Hierro,4295
106448,341934860,Jaime,Mancebo,4296
106449,701722104,Angel,Bueno,4297
106450,787658944,Loida,Alegre,4298
106451,607601085,Cayetano,Pedrero,4299
106452,399462208,Marino,Rivero,4300
106453,763837945,Daniela,Estevez,4301
106454,406272668,Inocencio,Iglesia,4302
106455,712774945,Dionisio,Artigas,4303
106456,457046360,Urbano,Rubio,4304
106457,136736640,Augusto,Clavero,4305
106458,687063023,Aureliano,Crespi,4306
106459,220146818,Fidel,Ojeda,4307
106460,430206946,Graciano,Hidalgo,4308
106461,977004241,Amado,Ramon,4309
106462,196347901,Coral,Martinez,4310
106463,525497172,Alvaro,Ruiz,4311
106464,768249020,Jose Maria,Guillen,4312
106465,281651966,Cleto,Montesinos,4313
106466,964614950,Cleto,Belda,4314
106467,813017001,Esperanza,Calleja,4315
106468,603509930,Bienvenida,Aleman,4316
106469,139116534,Coral,Gallo,4317
106470,616100290,Salud,Ferrer,4318
106471,429177111,Silvia,Llobet,4319
106472,546942004,Amelia,Sedano,4320
106473,667439213,Ainoa,Beltran,4321
106474,555182809,Adela,Perera,4322
106475,390322424,Carla,Ledesma,4323
106476,176581039,Victor Manuel,Almagro,4324
106477,656774545,Isidro,Pont,4325
106478,239363345,Concepcion,Ferrero,4326
106479,705179687,Aurea,Rozas,4327
106480,246025285,Candelas,Corbacho,4328
106481,925692913,Borja,Melendez,4329
106482,811793223,Luis Miguel,Mena,4330
106483,341205083,Aurea,Alegria,4331
106484,799042334,Melchor,Mata,4332
106485,105350303,Daniel,Marino,4333
106486,389828881,Estefania,Artigas,4334
106487,255487113,Baudelio,Chamorro,4335
106488,597377859,Joel,Minguez,4336
106489,348165047,Panfilo,Alcazar,4337
106490,749524952,Marc,Gallo,4338
106491,732973264,Adela,Sainz,4339
106492,983115151,Alcides,Botella,4340
106493,883347833,Juliana,Amor,4341
106494,970069123,Anabel,Guerrero,4342
106495,351976914,Fabiana,Milla,4343
106496,729262416,Delia,Requena,4344
106497,653094877,Ale,Martin,4345
106498,553336635,Adalberto,Quesada,4346
106499,780379988,Olegario,Tormo,4347
106500,669970242,Luisina,Caro,4348
106501,561304181,Santiago,Solano,4349
106502,354858951,Gabriela,Aliaga,4350
106503,452109963,Toni,Cardenas,4351
106504,886679105,Ariel,Serna,4352
106505,497113065,Jafet,Vendrell,4353
106506,713116413,Venceslas,Fernandez,4354
106507,925061887,Dionisia,Belmonte,4355
106508,818783103,Ines,Falcon,4356
106509,985937897,Hector,Salva,4357
106510,850978937,Agata,Ochoa,4358
106511,406419928,Guadalupe,Esteban,4359
106512,791947419,Aureliano,Naranjo,4360
106513,208671677,Sancho,Franco,4361
106514,401486461,Carmina,Ballesteros,4362
106515,938913666,Marita,Reig,4363
106516,760360081,Goyo,Araujo,4364
106517,375495597,Abraham,Cerro,4365
106518,654757043,Maria Carmen,Pintor,4366
106519,380049985,Graciana,Alegria,4367
106520,979193119,Cecilia,Sanjuan,4368
106521,603271614,Juan Antonio,Lucena,4369
106522,973383839,Morena,Bejarano,4370
106523,761377550,Chelo,Calderon,4371
106524,548190505,Valero,Rius,4372
106525,506899024,Carolina,Zabala,4373
106526,445613217,Leocadio,Calderon,4374
106527,755602828,Ximena,Herrero,4375
106528,564775073,Lucio,Adan,4376
106529,458246832,Hernando,Vallejo,4377
106530,754972966,Kike,Pablo,4378
106531,229423039,Yaiza,Carnero,4379
106532,454343597,Cirino,Sales,4380
106533,684895123,Abilio,Reina,4381
106534,352478301,Baldomero,Nicolau,4382
106535,352616482,Seve,Seco,4383
106536,886572637,Lucho,Criado,4384
106537,425106870,Jose Angel,Fuster,4385
106538,379908665,Dora,Escudero,4386
106539,369736435,Ale,Duran,4387
106540,831818335,Claudio,Aguilar,4388
106541,625596422,Cleto,Jerez,4389
106542,564074161,Dorita,Ferrando,4390
106543,328038169,Esther,Mur,4391
106544,673507170,Oscar,Dominguez,4392
106545,945357787,Amanda,Carbonell,4393
106546,607051952,Jordi,Vicens,4394
106547,888759490,Graciana,Salom,4395
106548,827001930,Roldan,Carrasco,4396
106549,650600680,Ariadna,Larranaga,4397
106550,821719472,Angela,Garay,4398
106551,938131174,Juan,Torrens,4399
106552,489340039,Ramiro,Gargallo,4400
106553,393287690,Sosimo,Camino,4401
106554,106786703,Goyo,Castells,4402
106555,878612051,Cristian,Valderrama,4403
106556,524714958,Armando,Rivera,4404
106557,253584647,Luciana,Muniz,4405
106558,454646528,Emilia,Pacheco,4406
106559,811498613,Marco,Saldana,4407
106560,250723561,Maria Del Carmen,Laguna,4408
106561,367095009,Jose,Rincon,4409
106562,382052008,Tamara,Corominas,4410
106563,231237067,Joel,Cepeda,4411
106564,435134293,Javier,Marquez,4412
106565,150372802,Graciela,Recio,4413
106566,952616477,Plinio,Pedrosa,4414
106567,803303318,Jose,Pelayo,4415
106568,101709471,Albert,Colom,4416
106569,174931040,Ricardo,Leon,4417
106570,352078493,Emelina,Carbo,4418
106571,777513673,Hector,Valbuena,4419
106572,246603704,Chita,Bonet,4420
106573,769177806,Ruperto,Puga,4421
106574,120790014,Maria Dolores,Peral,4422
106575,802451693,Francisco,Suarez,4423
106576,258852197,Camilo,Trujillo,4424
106577,837835442,Febe,Marquez,4425
106578,512067430,Geronimo,Penalver,4426
106579,114930843,Miriam,Amador,4427
106580,498509312,Barbara,Cano,4428
106581,540506395,Armando,Guitart,4429
106582,406155743,Rosario,Pelaez,4430
106583,262249593,Sandalio,Calderon,4431
106584,947632339,Valerio,Hidalgo,4432
106585,139898943,Valentin,Serra,4433
106586,530036695,Bernardo,Samper,4434
106587,693187703,Marina,Guijarro,4435
106588,652054721,Chelo,Farre,4436
106589,805971652,Pedro,Montalban,4437
106590,106082417,Benjamin,Camino,4438
106591,538650828,Pili,Ayllon,4439
106592,212282972,Fito,Bayona,4440
106593,849409730,Dimas,Galan,4441
106594,166199826,Sofia,Canet,4442
106595,449960310,Fernando,Torrens,4443
106596,923466580,Juan Francisco,Chaves,4444
106597,332552917,Candelario,Leon,4445
106598,163189037,Herminia,Exposito,4446
106599,400468344,Manuel,Gonzalez,4447
106600,787047667,Teodoro,Villaverde,4448
106601,930537616,Victoria,Cuadrado,4449
106602,366182431,Benigno,Pareja,4450
106603,840992625,Manuelita,Toledo,4451
106604,633690412,Soraya,Pineiro,4452
106605,378413159,Aitor,Nicolas,4453
106606,221501064,Gema,Villar,4454
106607,715604640,Geronimo,Valle,4455
106608,803027350,Domitila,Anglada,4456
106609,843216025,Chucho,Carro,4457
106610,820683031,Mariana,Higueras,4458
106611,470279354,Esmeralda,Arino,4459
106612,870003472,Ileana,Lucena,4460
106613,899617095,Heliodoro,Velasco,4461
106614,615024234,Pepe,Novoa,4462
106615,412087877,Quique,Pardo,4463
106616,454256913,Lupe,Hervia,4464
106617,917548013,Josep,Real,4465
106618,245795900,Miguel,Sanabria,4466
106619,297499673,Natalia,Casal,4467
106620,414720166,Veronica,Vives,4468
106621,247839368,Anselma,Llabres,4469
106622,993836765,Ximena,Carlos,4470
106623,255583791,Leyre,Guzman,4471
106624,464418760,Florina,Araujo,4472
106625,568004698,Amando,Cuevas,4473
106626,414150931,Joaquin,Tenorio,4474
106627,273484379,Visitacion,Silva,4475
106628,256761380,Ramona,Ruiz,4476
106629,717942815,Inmaculada,Barrio,4477
106630,618805229,Clotilde,Mir,4478
106631,425126775,Cosme,Robles,4479
106632,703798154,Renato,Huerta,4480
106633,121356676,Morena,Falcon,4481
106634,409647993,David,Dominguez,4482
106635,318959421,Marisa,Guardiola,4483
106636,393375195,Joaquin,Mas,4484
106637,789762822,Silvia,Guerrero,4485
106638,416100347,Martin,Camino,4486
106639,226788657,Ariel,Casanova,4487
106640,990855178,Guiomar,Minguez,4488
106641,751900947,Dorotea,Barrio,4489
106642,225611031,Carlos,Santana,4490
106643,488127087,Angeles,Rincon,4491
106644,397313062,Nydia,Bermudez,4492
106645,373551775,Eva,Galvez,4493
106646,363951236,Benjamin,Larrea,4494
106647,551684831,Modesto,Daza,4495
106648,515586238,Octavia,Izaguirre,4496
106649,876009232,Glauco,Solera,4497
106650,909183584,Vidal,Pablo,4498
106651,630073162,Delfina,Palomar,4499
106652,333505362,Miguel,Morante,4500
106653,107944818,Guadalupe,Gargallo,4501
106654,433261831,Florentino,Castrillo,4502
106655,648213244,Rosaura,Arias,4503
106656,132895638,Eugenia,Maza,4504
106657,519056996,Mariana,Batalla,4505
106658,798158948,Concha,Barral,4506
106659,381954247,Pascual,Hernandez,4507
106660,520764216,Custodio,Asenjo,4508
106661,675727641,Perla,Espada,4509
106662,287774291,Poncio,Gomez,4510
106663,352425934,Gracia,Casals,4511
106664,696316818,Candida,Pons,4512
106665,333264047,Emilio,Noguera,4513
106666,495523817,Abigail,Alcaraz,4514
106667,975184555,Carolina,Martin,4515
106668,528308478,Fausto,Espana,4516
106669,127629671,Rufina,Perales,4517
106670,121249798,Antonia,Arevalo,4518
106671,394662913,Leoncio,Vilar,4519
106672,273470840,Sara,Quevedo,4520
106673,776901163,Jose Manuel,Rey,4521
106674,544026463,Albino,Vina,4522
106675,204292799,Fulgencio,Malo,4523
106676,279291151,Osvaldo,Melendez,4524
106677,112097491,Trinidad,Urena,4525
106678,331481030,Rita,Camps,4526
106679,281691293,Mireia,Vizcaino,4527
106680,277775579,Nicanor,Gabaldon,4528
106681,966600232,Pastora,Francisco,4529
106682,737096867,Eugenia,Corbacho,4530
106683,601448277,Maura,Manzano,4531
106684,389651750,Gabino,Saura,4532
106685,269039981,Araceli,Cardona,4533
106686,342697358,Panfilo,Bas,4534
106687,540691541,Fernanda,Lluch,4535
106688,785826342,Isidro,Reina,4536
106689,241036564,Samanta,Robles,4537
106690,671606040,Eduardo,Tudela,4538
106691,685941357,Bruno,Sole,4539
106692,619041693,Tatiana,Gaya,4540
106693,753662476,Casemiro,Quesada,4541
106694,852978956,Javiera,Perera,4542
106695,695930202,Cecilia,Romeu,4543
106696,398613888,Loreto,Izaguirre,4544
106697,899420952,Nazaret,Cardenas,4545
106698,564525829,Tatiana,Benitez,4546
106699,568473210,Nilo,Linares,4547
106700,204895814,Macarena,Herranz,4548
106701,275391604,Leon,Carbonell,4549
106702,152129569,Otilia,Ibanez,4550
106703,989953521,Noemi,Feliu,4551
106704,914138651,Evangelina,Molina,4552
106705,791271200,Soraya,Canton,4553
106706,907646577,Josue,Olive,4554
106707,388214208,Clarisa,Melendez,4555
106708,115443588,Mirta,Belmonte,4556
106709,816338154,Tomasa,Oliveras,4557
106710,163927643,Artemio,Bas,4558
106711,704000079,Tomasa,Arroyo,4559
106712,798713332,Jose Miguel,Puga,4560
106713,596511009,Fabiana,Jodar,4561
106714,674442355,Regulo,Gelabert,4562
106715,879227662,Fabian,Uribe,4563
106716,779109738,Juana,Benitez,4564
106717,574844143,Griselda,Teruel,4565
106718,731613395,Aitana,Artigas,4566
106719,825301589,Nicodemo,Soria,4567
106720,421250854,Hugo,Calvet,4568
106721,494290392,Galo,Toledo,4569
106722,329584359,Eulalia,Maldonado,4570
106723,833481509,Brigida,Pareja,4571
106724,454829686,Yessica,Diaz,4572
106725,401202390,Leonardo,Sierra,4573
106726,524927873,Albano,Armas,4574
106727,165083263,Silvio,Bilbao,4575
106728,209585825,Rosalia,Diego,4576
106729,752092128,Renata,Samper,4577
106730,621156093,Cecilia,Camacho,4578
106731,406876722,Salomon,Goni,4579
106732,735808307,Valentin,Quesada,4580
106733,202403159,Lupita,Bastida,4581
106734,919890192,Itziar,Rossello,4582
106735,237607917,Anastasia,Zabaleta,4583
106736,273758963,Hermenegildo,Tomas,4584
106737,266526100,Selena,Fuertes,4585
106738,567204108,Jenny,Ibanez,4586
106739,211978857,Pancho,Bertran,4587
106740,802798011,Ulises,Llano,4588
106741,388858817,Nacho,Morera,4589
106742,660486121,Zacarias,Exposito,4590
106743,425931972,Jordana,Azcona,4591
106744,779427190,Jacobo,Osorio,4592
106745,236874389,Valeria,Benavent,4593
106746,364337121,Gabriela,Cuenca,4594
106747,689101434,Seve,Conde,4595
106748,835257950,Jaime,Calderon,4596
106749,696976821,Leandra,Lerma,4597
106750,703116509,Lupita,Cid,4598
106751,920575447,Nayara,Alonso,4599
106752,409764432,Cosme,Angel,4600
106753,914177958,Francisca,Cordero,4601
106754,441494682,Cayetano,Roman,4602
106755,626129040,Francisco,Izaguirre,4603
106756,532856635,Belen,Beltran,4604
106757,487737059,Laura,Aguado,4605
106758,772822689,Ariel,Andres,4606
106759,332058559,Sigfrido,Torres,4607
106760,107246188,Timoteo,Aguila,4608
106761,263894734,Encarnita,Alberdi,4609
106762,173257174,Heliodoro,Agustin,4610
106763,811442711,Carlota,Bosch,4611
106764,756391458,Victor Manuel,Nunez,4612
106765,594816856,Isa,Bejarano,4613
106766,916929424,Maria Jesus,Cadenas,4614
106767,781905963,Angela,Delgado,4615
106768,893327881,Tadeo,Figueroa,4616
106769,241707675,Evita,Moles,4617
106770,902328926,Reina,Campillo,4618
106771,427984148,Enrique,Garcia,4619
106772,608204713,Manolo,Collado,4620
106773,489637577,Malena,Figueroa,4621
106774,185954255,Graciela,Calatayud,4622
106775,156237838,Alcides,Salom,4623
106776,556198523,Marcia,Sosa,4624
106777,176442982,Fortunata,Salmeron,4625
106778,193684347,Cesar,Escalona,4626
106779,416153826,Evaristo,Lucas,4627
106780,619729124,Josep,Giner,4628
106781,736341973,Gabriel,Sabater,4629
106782,239234581,Sebastian,Ferreras,4630
106783,658145531,Cecilia,Aguilo,4631
106784,185811843,Adrian,Nebot,4632
106785,988518661,Cristian,Saez,4633
106786,460773823,Guadalupe,Jove,4634
106787,670075260,Blanca,Acuna,4635
106788,709471894,Carlota,Alemany,4636
106789,641440716,Manola,Salamanca,4637
106790,847436273,Regina,Pera,4638
106791,602351762,Damian,Rodriguez,4639
106792,209564008,Graciano,Guerra,4640
106793,669603610,Basilio,Moya,4641
106794,653045083,Maria Luisa,Corominas,4642
106795,972116888,Gaston,Gallo,4643
106796,410908326,Agata,Gomez,4644
106797,121784792,Vicente,Galiano,4645
106798,360066186,Paca,Revilla,4646
106799,226153596,Artemio,Miguel,4647
106800,407797075,Gil,Estrada,4648
106801,623357235,Julieta,Echevarria,4649
106802,775531933,Jenaro,Barcelo,4650
106803,200000777,Maria Del Carmen,Rincon,4651
106804,516951862,Javiera,Amoros,4652
106805,285725423,Yago,Arjona,4653
106806,188659904,Juliana,Andrade,4654
106807,302951515,Sandalio,Delgado,4655
106808,149300953,Leandro,Pages,4656
106809,706944388,Julia,Ropero,4657
106810,682663628,Corona,Redondo,4658
106811,881665418,Jose Ramon,Barco,4659
106812,652610085,Cristina,Aragon,4660
106813,531449030,Chema,Corominas,4661
106814,123433620,Selena,Casanovas,4662
106815,896584861,Fito,Amor,4663
106816,798963673,Marcio,Pedrosa,4664
106817,104301940,Ramon,Taboada,4665
106818,293971234,Tristan,Llopis,4666
106819,271082660,Macaria,Baron,4667
106820,571602542,Esther,Ruiz,4668
106821,307805152,Noa,Oliveras,4669
106822,195638348,Ciriaco,Cid,4670
106823,340948386,Filomena,Lerma,4671
106824,309928921,Jeronimo,Talavera,4672
106825,956608454,Sofia,Morante,4673
106826,780350878,Felicia,Sarmiento,4674
106827,450874777,Maria Belen,Llamas,4675
106828,497101550,Celestino,Carranza,4676
106829,264314131,Alicia,Infante,4677
106830,130965200,Maria Fernanda,Sevilla,4678
106831,733280613,Nilo,Llanos,4679
106832,112660331,Cesar,Sanmiguel,4680
106833,689014195,Adolfo,Menendez,4681
106834,976068900,Fulgencio,Tena,4682
106835,570558636,Griselda,Montes,4683
106836,840823318,Miguela,Quiroga,4684
106837,338221183,Demetrio,Sotelo,4685
106838,864069402,Pio,Vera,4686
106839,258044914,Leyre,Bayon,4687
106840,139611290,Paulina,Estevez,4688
106841,718563700,Anita,Palau,4689
106842,297433906,Marcelino,Marcos,4690
106843,577147338,Felix,Montana,4691
106844,262366238,Concha,Murillo,4692
106845,213256996,Imelda,Ayala,4693
106846,822421553,Feliciana,Garces,4694
106847,807447848,Emma,Sevillano,4695
106848,723815235,Desiderio,Arcos,4696
106849,867871231,Asuncion,Santamaria,4697
106850,312103239,Josefa,Galiano,4698
106851,561411623,Albert,Valera,4699
106852,435568339,Cosme,Cabello,4700
106853,543312665,Joaquina,Iborra,4701
106854,671171886,Andres,Hidalgo,4702
106855,390197566,Dalila,Pinilla,4703
106856,891242323,Josefa,Vendrell,4704
106857,800717159,Rafael,Fuente,4705
106858,177052059,Angelino,Donoso,4706
106859,418654301,Natanael,Lopez,4707
106860,274574222,Encarnacion,Herrero,4708
106861,983807733,Paco,Villalobos,4709
106862,663246623,Lino,Recio,4710
106863,483184123,Luisa,Serrano,4711
106864,536796171,Baltasar,Cabello,4712
106865,523997421,Feliciano,Hoyos,4713
106866,693215355,Climaco,Gallardo,4714
106867,498506555,Eulalia,Haro,4715
106868,520357641,Natanael,Nicolau,4716
106869,290939488,Gabriel,Mate,4717
106870,633287600,Leyre,Carpio,4718
106871,395347353,Pelayo,Gonzalez,4719
106872,773923206,Nilo,Pareja,4720
106873,397444348,Mamen,Cordoba,4721
106874,182290624,Lucho,Burgos,4722
106875,338959554,Zaira,Torre,4723
106876,140541519,Graciana,Gisbert,4724
106877,336711583,Isidoro,Arregui,4725
106878,166497106,Felicidad,Mesa,4726
106879,344398315,Cornelio,Adan,4727
106880,733608512,Evita,Larranaga,4728
106881,818410991,Palmira,Alarcon,4729
106882,596896879,Isaac,Cano,4730
106883,438846000,Marciano,Moliner,4731
106884,884823503,Charo,Alcalde,4732
106885,567008119,Valerio,Anaya,4733
106886,895950680,Yesica,Novoa,4734
106887,239593905,Daniela,Mateo,4735
106888,747448531,Herminia,Leiva,4736
106889,944076316,Cecilio,Gimenez,4737
106890,432314138,Estela,Maldonado,4738
106891,559834752,Celestina,Mendizabal,4739
106892,858345795,Gracia,Morales,4740
106893,964448200,Lorenzo,Cervantes,4741
106894,931058961,Francisco,Pinilla,4742
106895,132068266,Gabino,Valcarcel,4743
106896,931050863,Glauco,Sala,4744
106897,835702130,Paola,Cisneros,4745
106898,220952459,Pascual,Fabregat,4746
106899,992424808,Maria Belen,Vinas,4747
106900,626749193,Nilda,Sosa,4748
106901,245344849,Iris,Ferran,4749
106902,584969937,Olegario,Pascual,4750
106903,511304938,Olivia,Olmo,4751
106904,478802739,Efrain,Benavente,4752
106905,111053846,Pilar,Suarez,4753
106906,736134874,Manuela,Moles,4754
106907,600686581,Aroa,Fajardo,4755
106908,747138055,Elvira,Pino,4756
106909,477948146,Hugo,Pallares,4757
106910,421200548,Eva Maria,Calderon,4758
106911,221274006,Elba,Torrents,4759
106912,909106193,Isaura,Cardona,4760
106913,598588341,Luisina,Caballero,4761
106914,331379606,Manuela,Mateos,4762
106915,386771635,Ruy,Fabregas,4763
106916,588353602,Magdalena,Valles,4764
106917,956745171,Raimundo,Merino,4765
106918,889823340,Alejandra,Porcel,4766
106919,294980613,Xiomara,Barbero,4767
106920,117708445,Isidoro,Cueto,4768
106921,119051871,Rosalinda,Cid,4769
106922,643629365,Jovita,Oliver,4770
106923,875775022,Angel,Vizcaino,4771
106924,107725124,Alonso,Mate,4772
106925,307824878,Maria,Amor,4773
106926,229726849,Eloisa,Bravo,4774
106927,794762920,Noelia,Gracia,4775
106928,887091098,Pia,Vina,4776
106929,363474616,Alejandro,Tovar,4777
106930,201747607,Gaston,Garces,4778
106931,574055790,Maria Jose,Tolosa,4779
106932,169968255,Roque,Sanjuan,4780
106933,452973207,Nelida,Corominas,4781
106934,686447819,Javiera,Puig,4782
106935,173049524,Rosalinda,Morante,4783
106936,260366024,Hortensia,Fabra,4784
106937,920838262,Maximo,Pallares,4785
106938,300255109,Ileana,Barros,4786
106939,746693810,Cipriano,Gutierrez,4787
106940,596323520,Carlito,Prada,4788
106941,811768842,Cecilio,Gomez,4789
106942,890758068,Rico,Garmendia,4790
106943,730666570,Dominga,Maestre,4791
106944,407293999,Severino,Verdugo,4792
106945,938304282,Ildefonso,Martin,4793
106946,904168555,Custodio,Verdejo,4794
106947,889917883,Juan Manuel,Grau,4795
106948,304370020,Teresa,Villalonga,4796
106949,732862148,Eduardo,Reig,4797
106950,896735858,Josep,Solano,4798
106951,139370830,Osvaldo,Portillo,4799
106952,149746878,Jessica,Baeza,4800
106953,111525286,Jose Francisco,Frias,4801
106954,318945163,Javiera,Bilbao,4802
106955,719659043,Juan Francisco,Palau,4803
106956,976664370,Edelmiro,Vinas,4804
106957,734394371,Hernan,Sanmartin,4805
106958,683514539,Luciana,Tudela,4806
106959,445694178,Berta,Silva,4807
106960,682376205,Erasmo,Mosquera,4808
106961,603685421,Sandalio,Folch,4809
106962,184436449,Elba,Romeu,4810
106963,873605978,Norberto,Villalonga,4811
106964,787225133,Onofre,Villena,4812
106965,409191164,Julia,Acero,4813
106966,619537517,Natanael,Gordillo,4814
106967,615184022,Ruben,Salva,4815
106968,984445147,Loida,Molins,4816
106969,677573006,Prudencia,Rebollo,4817
106970,630398334,Leonor,Campillo,4818
106971,375364655,Graciano,Carbo,4819
106972,387322572,Narciso,Ayala,4820
106973,132364997,Maricela,Menendez,4821
106974,125908919,Reyna,Molina,4822
106975,762805443,Concha,Coca,4823
106976,133243748,Nico,Almeida,4824
106977,748918809,Candido,Penas,4825
106978,124383060,German,Riera,4826
106979,526484219,Eusebia,Asenjo,4827
106980,296573621,Nadia,Alemany,4828
106981,554041210,Clarisa,Borras,4829
106982,382060652,Ruben,Patino,4830
106983,869497128,Teodora,Pardo,4831
106984,798429835,Camila,Lopez,4832
106985,881462610,Emigdio,Plaza,4833
106986,542970477,Manuela,Mendez,4834
106987,489626408,Eva Maria,Aguilar,4835
106988,640416946,Vinicio,Plaza,4836
106989,541513862,Blanca,Bou,4837
106990,618269661,Jose,Rius,4838
106991,671334024,Jimena,Arrieta,4839
106992,368731732,Lalo,Muro,4840
106993,471236459,Eduardo,Chaves,4841
106994,332531155,Ainara,Mendizabal,4842
106995,302227753,Maria Cristina,Gabaldon,4843
106996,727396028,Tono,Belda,4844
106997,835855711,Pastor,Olivera,4845
106998,341184985,Ildefonso,Vizcaino,4846
106999,784975288,Romulo,Clemente,4847
107000,190223855,Nilo,Pastor,4848
107001,324667116,Juan Manuel,Puig,4849
107002,911143605,Brigida,Calleja,4850
107003,981761624,Severo,Lloret,4851
107004,837227207,Marina,Boada,4852
107005,329685615,Jose Ramon,Cardona,4853
107006,830969267,Anunciacion,Colom,4854
107007,927000792,Fabian,Barriga,4855
107008,294627073,Marcio,Mosquera,4856
107009,990962882,Alejandro,Royo,4857
107010,306828988,Alma,Tellez,4858
107011,106125139,Chus,Carrion,4859
107012,688692772,Ascension,Ferreras,4860
107013,980291355,Vicente,Guzman,4861
107014,931074586,Teodosio,Quevedo,4862
107015,286513965,Cesar,Oliva,4863
107016,817556920,Macarena,Beltran,4864
107017,894688097,Nicanor,Vazquez,4865
107018,842806097,Tatiana,Duarte,4866
107019,197892939,Isaias,Diego,4867
107020,273818782,Yessica,Calderon,4868
107021,389822709,Mirta,Yuste,4869
107022,539882801,Diego,Manso,4870
107023,415761471,Moreno,Mendizabal,4871
107024,407084219,Merche,Morante,4872
107025,828523695,Natalia,Collado,4873
107026,559676135,Maricruz,Poza,4874
107027,787029881,Eusebia,Duran,4875
107028,566762813,Graciela,Araujo,4876
107029,233404789,Mar,Flor,4877
107030,491508369,Roberta,Baron,4878
107031,707221868,Eleuterio,Izaguirre,4879
107032,179585906,Maria Pilar,Collado,4880
107033,880367030,Agueda,Suarez,4881
107034,940096472,Eulalia,Ribas,4882
107035,895907372,Maria Luisa,Luz,4883
107036,129991009,Paca,Blanes,4884
107037,134957812,Febe,Navas,4885
107038,419070354,Evangelina,Penas,4886
107039,303049279,Vera,Anton,4887
107040,591424189,Estrella,Ballester,4888
107041,458638605,Clemente,Camps,4889
107042,620801772,Vilma,Frias,4890
107043,615667182,Tania,Fernandez,4891
107044,154809799,Susanita,Alcazar,4892
107045,181222041,Ruben,Bru,4893
107046,247854349,Conrado,Enriquez,4894
107047,863694699,Leire,Calvo,4895
107048,986259796,Melchor,Isern,4896
107049,309334310,Felix,Vergara,4897
107050,197199879,Jose Francisco,Gutierrez,4898
107051,332446330,Abril,Santiago,4899
107052,637303323,Clotilde,Llorente,4900
107053,362614579,Guiomar,Coca,4901
107054,981829438,Dominga,Quiros,4902
107055,523592096,Ana Sofia,Batalla,4903
107056,545392218,Ricardo,Monreal,4904
107057,417415377,Valero,Armas,4905
107058,624297553,Teodora,Piquer,4906
107059,625498793,Eloy,Ariza,4907
107060,283531239,Moreno,Beltran,4908
107061,177590088,Nidia,Iniesta,4909
107062,589798035,Camilo,Rodrigo,4910
107063,914713021,Irma,Alberdi,4911
107064,962839918,Febe,Cerdan,4912
107065,279579613,Adelia,Fabra,4913
107066,186865887,Julian,Perez,4914
107067,695762008,Eloy,Leiva,4915
107068,745492754,Encarna,Osorio,4916
107069,855343781,Anastasio,Riera,4917
107070,198927370,Rosalva,Barreda,4918
107071,362772947,Eutropio,Comas,4919
107072,481377262,Asdrubal,Canovas,4920
107073,219288972,Berta,Bermudez,4921
107074,478912262,Rosaura,Ripoll,4922
107075,415540677,Edelmira,Bonilla,4923
107076,674482089,Agueda,Canas,4924
107077,398704492,Oscar,Camacho,4925
107078,949774518,German,Aller,4926
107079,962111924,Felipe,Bueno,4927
107080,395244794,Abril,Alberola,4928
107081,901650364,Chelo,Campos,4929
107082,107941838,Martin,Sanz,4930
107083,991225208,Roman,Roma,4931
107084,758666402,Loreto,Noriega,4932
107085,924260130,Esteban,Rueda,4933
107086,654989693,Josefa,Mayoral,4934
107087,767930260,Bonifacio,Esparza,4935
107088,911112805,Oscar,Infante,4936
107089,216260746,Sofia,Zorrilla,4937
107090,609741380,Emigdio,Pelaez,4938
107091,349283555,Bernarda,Correa,4939
107092,787858110,Daniela,Bauza,4940
107093,507274126,Irma,Arnaiz,4941
107094,981279512,Federico,Casal,4942
107095,349639039,Visitacion,Serra,4943
107096,604652918,Nerea,Carretero,4944
107097,569900707,Ulises,Torrent,4945
107098,842535134,Felix,Mate,4946
107099,876373749,Victoria,Prado,4947
107100,839243424,Odalis,Marin,4948
107101,218235681,Asuncion,Suarez,4949
107102,248012590,Walter,Rosado,4950
107103,860479014,Manolo,Botella,4951
107104,939488967,Damian,Soler,4952
107105,368877503,Porfirio,Salvador,4953
107106,107230756,Nazario,Ordonez,4954
107107,411435355,Obdulia,Soria,4955
107108,437593251,Teodosio,Perez,4956
107109,736263128,Josep,Conesa,4957
107110,727085237,Timoteo,Franco,4958
107111,378319911,Coral,Mayoral,4959
107112,454031209,Pia,Fuente,4960
107113,893367501,Evaristo,Sobrino,4961
107114,547680818,Jose Angel,Riera,4962
107115,208450792,Ema,Gomila,4963
107116,332391654,Tristan,Corral,4964
107117,955041204,Albano,Cifuentes,4965
107118,544665807,Severino,Galiano,4966
107119,281059060,Jafet,Ballester,4967
107120,192037978,Antonia,Hernando,4968
107121,443772566,Valeria,Querol,4969
107122,229861006,Moreno,Sanmiguel,4970
107123,481101558,Teodosio,Vargas,4971
107124,324205659,Graciano,Camps,4972
107125,250617600,Odalis,Cortina,4973
107126,290276128,Estela,Cerdan,4974
107127,706068617,Aura,Gutierrez,4975
107128,640397178,Abraham,Solsona,4976
107129,461620082,Valero,Salvador,4977
107130,274431759,Berta,Arino,4978
107131,851470202,Jordana,Pedraza,4979
107132,594718370,Jesus,Serra,4980
107133,921444833,Anselma,Roldan,4981
107134,965285402,Anita,Barros,4982
107135,353283410,Roque,Cuadrado,4983
107136,535637909,Yolanda,Espanol,4984
107137,826779527,Teodora,Sancho,4985
107138,594215352,Candelario,Ortiz,4986
107139,987243880,Jenaro,Izaguirre,4987
107140,504020783,Reynaldo,Samper,4988
107141,119486565,Valeria,Blasco,4989
107142,388081332,Benigna,Ordonez,4990
107143,392548199,Isaias,Pi,4991
107144,562059639,Manola,Barrera,4992
107145,747670180,Lara,Quintanilla,4993
107146,919562531,Amilcar,Marques,4994
107147,153853581,Salvador,Coloma,4995
107148,120300813,Tere,Soto,4996
107149,273803377,Serafina,Armas,4997
107150,218190668,Violeta,Ibanez,4998
107151,768638033,Carlos,Ugarte,4999
107152,594399521,Angelica,Torrijos,5000
107153,313941014,Vanesa,Alberto,5001
107154,636987114,Celestina,Nicolas,5002
107155,117237279,Nuria,Villa,5003
107156,885285103,Ricardo,Llado,5004
107157,134924340,Renato,Mariscal,5005
107158,425687745,Erasmo,Espanol,5006
107159,546986748,Antonio,Izaguirre,5007
107160,529507319,Victor,Puerta,5008
107161,773477784,Ezequiel,Sans,5009
107162,364067248,Azahar,Almazan,5010
107163,622977785,Cristina,Capdevila,5011
107164,340876152,Inocencio,Canovas,5012
107165,910686248,Feliciana,Tejero,5013
107166,503430588,Vinicio,Abascal,5014
107167,813477595,Elena,Barral,5015
107168,250113091,Jose Antonio,Arnaiz,5016
107169,351853723,Herminia,Luis,5017
107170,417534388,Fatima,Arino,5018
107171,131886088,Josefa,Ferrandiz,5019
107172,204150529,Mariano,Ibanez,5020
107173,334850720,Feliciano,Cadenas,5021
107174,728829093,Lucho,Amigo,5022
107175,400785346,Salomon,Penalver,5023
107176,654136346,Federico,Galan,5024
107177,475228801,Hernan,Cabello,5025
107178,978835930,Reina,Macias,5026
107179,752217570,Perla,Gutierrez,5027
107180,282226277,Basilio,Penas,5028
107181,352403940,Melania,Carmona,5029
107182,162682442,Isaias,Ripoll,5030
107183,364238671,Azeneth,Cisneros,5031
107184,963230010,Nicolasa,Nicolas,5032
107185,445971776,Miguela,Salom,5033
107186,835259420,Aristides,Cabo,5034
107187,976191865,Alicia,Leal,5035
107188,265347510,Claudio,Garzon,5036
107189,637916940,Silvia,Manrique,5037
107190,614986721,Angelina,Bermejo,5038
107191,547286400,Angelina,Baeza,5039
107192,976049462,Martirio,Iriarte,5040
107193,752835651,Almudena,Hoyos,5041
107194,728346293,Desiderio,Blazquez,5042
107195,526843103,Marino,Cepeda,5043
107196,366115452,Candelario,Amoros,5044
107197,302521187,Soraya,Oller,5045
107198,700430720,Ciriaco,Robles,5046
107199,396052148,Tere,Jodar,5047
107200,864739839,Tania,Pages,5048
107201,852927305,Tecla,Oller,5049
107202,872146596,Marisa,Rosello,5050
107203,954465956,Edgar,Pina,5051
107204,659792108,Inocencio,Sevillano,5052
107205,130591497,Valero,Diez,5053
107206,685946888,Ignacia,Bustos,5054
107207,443427031,Seve,Simo,5055
107208,223762474,Pilar,Marino,5056
107209,350724802,Chuy,Alamo,5057
107210,715252188,Sandalio,Acedo,5058
107211,703844747,Evita,Agudo,5059
107212,785985472,Pedro,Rio,5060
107213,809043728,Cecilia,Solera,5061
107214,557405350,Josue,Madrid,5062
107215,273735869,Fernanda,Pozuelo,5063
107216,408826801,Natanael,Vilaplana,5064
107217,827565482,Edmundo,Bernat,5065
107218,129465880,Ricarda,Estevez,5066
107219,703022889,Nadia,Goicoechea,5067
107220,219655950,Dionisio,Catala,5068
107221,383547979,Dora,Salamanca,5069
107222,880188486,Eutimio,Vidal,5070
107223,527258447,Marino,Macias,5071
107224,274472017,Magdalena,Hierro,5072
107225,890332100,Carina,Mayo,5073
107226,101528207,Sabina,Amor,5074
107227,993187356,Albert,Benitez,5075
107228,832532220,Melania,Benet,5076
107229,475241136,Juan Manuel,Giralt,5077
107230,785629343,Manu,Exposito,5078
107231,852077692,Adora,Calvet,5079
107232,884013681,Esmeralda,Pla,5080
107233,361998690,Narciso,Gomila,5081
107234,492189179,Chucho,Sanabria,5082
107235,245370456,Jeronimo,Calleja,5083
107236,546915973,Gabriel,Molina,5084
107237,593279948,Clara,Toledo,5085
107238,734384834,Abril,Alvaro,5086
107239,265565632,Wilfredo,Casares,5087
107240,108687923,Victor Manuel,Arregui,5088
107241,262990100,Josefina,Pazos,5089
107242,543450826,Marcia,Arellano,5090
107243,258740872,Juan Manuel,Espana,5091
107244,476202568,Candelaria,Roda,5092
107245,426138943,Maristela,Duenas,5093
107246,894047610,Climaco,Bueno,5094
107247,994628168,Alba,Llobet,5095
107248,312450182,Dario,Ramon,5096
107249,635623937,Matilde,Ricart,5097
107250,738005122,Candelaria,Granados,5098
107251,344273949,Fabricio,Donoso,5099
107252,494103554,Javiera,Aguirre,5100
107253,580390325,Alma,Barrios,5101
107254,301927516,Mercedes,Alberola,5102
107255,323938856,Leon,Villanueva,5103
107256,572136541,Raimundo,Valcarcel,5104
107257,757271972,Edu,Malo,5105
107258,524830304,Fidela,Pombo,5106
107259,444302742,Adela,Avila,5107
107260,336717508,Febe,Sanz,5108
107261,177326045,Samuel,Escribano,5109
107262,205842598,Remedios,Contreras,5110
107263,192370514,Cipriano,Vives,5111
107264,637397890,Basilio,Anaya,5112
107265,460581466,Patricia,Pineiro,5113
107266,361078403,Nelida,Uribe,5114
107267,625386640,Beatriz,Carro,5115
107268,280981658,Concha,Marmol,5116
107269,330017292,Jose Mari,Cortes,5117
107270,829009163,Ivan,Pelayo,5118
107271,243122241,Eligia,Rebollo,5119
107272,645254476,Prudencio,Segura,5120
107273,490123545,Roman,Manrique,5121
107274,515083093,Pepe,Arregui,5122
107275,385803723,Maxi,Uribe,5123
107276,182961983,Amelia,Lucena,5124
107277,713876325,Rosa Maria,Mas,5125
107278,917688776,Natalio,Pelayo,5126
107279,568073503,Samu,Montenegro,5127
107280,488481513,Maximino,Anaya,5128
107281,823417008,Martin,Valenzuela,5129
107282,228254886,Paulina,Daza,5130
107283,828960729,Olimpia,Bautista,5131
107284,281172399,Rosalia,Vicente,5132
107285,318308748,Celestino,Toro,5133
107286,537835240,Pastora,Landa,5134
107287,142291635,Antonia,Moles,5135
107288,978370389,Ignacio,Flor,5136
107289,430360585,Carlito,Vidal,5137
107290,908059228,Renato,Sebastian,5138
107291,493803568,Marcela,Planas,5139
107292,639194862,Tristan,Castaneda,5140
107293,895902789,Pepita,Chamorro,5141
107294,743520930,Valentina,Otero,5142
107295,885981828,Climaco,Cuevas,5143
107296,196289786,Lalo,Arrieta,5144
107297,588472071,Horacio,Vazquez,5145
107298,900585247,Ignacia,Bustos,5146
107299,372061158,Martina,Valcarcel,5147
107300,607370479,Encarna,Alvarez,5148
107301,680555314,Sigfrido,Segarra,5149
107302,362325997,Lidia,Planas,5150
107303,412518512,Lola,Gelabert,5151
107304,879498699,Julian,Laguna,5152
107305,847137722,Leyre,Lerma,5153
107306,349566922,Lorenzo,Padilla,5154
107307,809279407,Clara,Tejera,5155
107308,202455367,Haroldo,Valera,5156
107309,985113329,Severo,Palma,5157
107310,333400149,Ignacia,Amores,5158
107311,418468952,Vito,Iniesta,5159
107312,737887952,Blanca,Nunez,5160
107313,417605967,Ignacio,Pons,5161
107314,770750514,Isidro,Carrillo,5162
107315,584156946,Crescencia,Gras,5163
107316,189139014,Geraldo,Fernandez,5164
107317,843920956,Maria Jose,Marmol,5165
107318,826222430,Gaspar,Calvo,5166
107319,214189132,Sosimo,Gimenez,5167
107320,808640490,Angel,Mesa,5168
107321,455124933,Fortunato,Franco,5169
107322,407887840,Cecilia,Vina,5170
107323,224611906,Leon,Alcalde,5171
107324,727695771,Moises,Pelayo,5172
107325,571167000,Morena,Mayol,5173
107326,813825801,Florencio,Gargallo,5174
107327,491380240,Timoteo,Almeida,5175
107328,204280130,Eugenia,Julian,5176
107329,913395643,Jesus,Zurita,5177
107330,730139365,Tadeo,Franco,5178
107331,159525016,Ale,Almagro,5179
107332,819369715,Hermenegildo,Salgado,5180
107333,468131756,Nayara,Crespo,5181
107334,481556808,Leticia,Cazorla,5182
107335,330222149,Edelmira,Arcos,5183
107336,371501424,Maximo,Aguirre,5184
107337,907928803,Isidro,Aguilar,5185
107338,906743941,Ovidio,Tellez,5186
107339,199817893,Aitor,Palacio,5187
107340,172347236,Viviana,Casal,5188
107341,144021753,Mariana,Vergara,5189
107342,474264380,Roman,Salom,5190
107343,794595176,Alonso,Cornejo,5191
107344,773532214,Francisco Javier,Suarez,5192
107345,649626563,Estrella,Nunez,5193
107346,238781699,Porfirio,Albero,5194
107347,706596507,Elisa,Rincon,5195
107348,412956502,Luis Angel,Goicoechea,5196
107349,328774112,Griselda,Calderon,5197
107350,858355574,Dionisio,Valbuena,5198
107351,494239454,Georgina,Naranjo,5199
107352,650878993,Graciano,Fernandez,5200
107353,556985861,Samanta,Miranda,5201
107354,781526883,Clementina,Colom,5202
107355,546020080,Nacho,Mendez,5203
107356,787943109,Emelina,Bermejo,5204
107357,415858301,Odalis,Cuervo,5205
107358,363850767,Urbano,Sala,5206
107359,413654540,Debora,Jaen,5207
107360,437711711,Martin,Villaverde,5208
107361,828712870,Joel,Lorenzo,5209
107362,372137950,Jesus,Grande,5210
107363,603734117,Hipolito,Palomares,5211
107364,854378258,Jose,Ferreras,5212
107365,951830920,Fernando,Torres,5213
107366,912298337,Jeremias,Cueto,5214
107367,438097125,Alcides,Pallares,5215
107368,101305979,Paulino,Codina,5216
107369,423500901,Maria Jesus,Pomares,5217
107370,784012928,Ricardo,Menendez,5218
107371,681385972,Eli,Vilanova,5219
107372,180475056,Susanita,Marino,5220
107373,514880861,Xiomara,Atienza,5221
107374,887469813,Florencio,Miguel,5222
107375,585472343,Eduardo,Escolano,5223
107376,168034942,Evita,Hierro,5224
107377,361520594,Ramon,Lluch,5225
107378,535266000,Luna,Palomo,5226
107379,143718544,Aitana,Pina,5227
107380,259690243,Zaida,Canellas,5228
107381,979741849,Alejandro,Espejo,5229
107382,559523280,Gloria,Amoros,5230
107383,537900751,Che,Salas,5231
107384,186810960,Fabiana,Vilar,5232
107385,725398053,Sancho,Cano,5233
107386,799203214,Ildefonso,Neira,5234
107387,478418101,Nilo,Trujillo,5235
107388,413112625,Rafa,Arenas,5236
107389,426619314,Concha,Boada,5237
107390,606417527,Simon,Valle,5238
107391,158177625,Ligia,Barranco,5239
107392,204916411,Maximo,Bermudez,5240
107393,588312636,Leonardo,Acero,5241
107394,201626676,Roberta,Briones,5242
107395,820780089,Josue,Trillo,5243
107396,944603248,Oscar,Ponce,5244
107397,369239435,Marcela,Yanez,5245
107398,200010818,Ana Sofia,Acuna,5246
107399,445455629,Alejandra,Mora,5247
107400,251849708,Eugenio,Mir,5248
107401,580871178,Hortensia,Pozo,5249
107402,407545216,Caridad,Jerez,5250
107403,224731661,Cayetana,Cerezo,5251
107404,299102839,Ezequiel,Lluch,5252
107405,907574131,Manu,Cuesta,5253
107406,167253353,Eutropio,Merino,5254
107407,610895818,Juliana,Cerdan,5255
107408,521896827,Alejandro,Rubio,5256
107409,899977681,Agustina,Menendez,5257
107410,116924449,Maria Belen,Pi,5258
107411,206105675,Sabina,Dieguez,5259
107412,627936594,Marianela,Arjona,5260
107413,995156508,Rosenda,Baez,5261
107414,810802802,Martin,Diaz,5262
107415,338978932,Concha,Dominguez,5263
107416,694804969,Asdrubal,Huertas,5264
107417,630452258,Teo,Pedraza,5265
107418,799593938,Eligia,Saenz,5266
107419,421258568,Porfirio,Zabala,5267
107420,910996128,Obdulia,Comas,5268
107421,573914866,Alberto,Huerta,5269
107422,526156918,Marcela,Estevez,5270
107423,448689977,Hector,Gomila,5271
107424,204329685,Hortensia,Alberola,5272
107425,661515246,Isidro,Domingo,5273
107426,456210224,Dionisia,Casas,5274
107427,346072676,Esmeralda,Valbuena,5275
107428,456631074,Luis Angel,Blazquez,5276
107429,269808236,Chuy,Moll,5277
107430,203743129,Primitiva,Marin,5278
107431,265899508,Jeremias,Jover,5279
107432,664146977,Xavier,Ferreras,5280
107433,752098438,Jordana,Guillen,5281
107434,293636156,Maria Teresa,Solsona,5282
107435,958567390,Leocadia,Coca,5283
107436,755239723,Miguela,Aguado,5284
107437,812119780,Teresita,Menendez,5285
107438,869952659,Horacio,Ruano,5286
107439,236577029,Josue,Luque,5287
107440,584039718,Roman,Pedraza,5288
107441,278888658,Adan,Vilanova,5289
107442,796044059,Gustavo,Ramon,5290
107443,223369351,Serafina,Pina,5291
107444,876147597,Lourdes,Vega,5292
107445,247539154,Odalis,Valencia,5293
107446,616684618,Alma,Folch,5294
107447,485147110,Brigida,Mancebo,5295
107448,678224512,Venceslas,Llorens,5296
107449,499880658,Marina,Zorrilla,5297
107450,430953397,Tono,Barros,5298
107451,619349984,Araceli,Valbuena,5299
107452,107266598,Marcos,Hernando,5300
107453,972979214,Imelda,Castell,5301
107454,674376900,Octavia,Palacios,5302
107455,592543222,Gabino,Gisbert,5303
107456,367572732,Gilberto,Palau,5304
107457,659898007,Reinaldo,Suarez,5305
107458,725972570,Elisabet,Noguera,5306
107459,350637161,Amparo,Armengol,5307
107460,298424883,Florentina,Moliner,5308
107461,959169129,Enrique,Salvador,5309
107462,372399077,Sabina,Elias,5310
107463,978353526,Luisina,Feliu,5311
107464,435956145,Porfirio,Valles,5312
107465,821623495,Ruperta,Canet,5313
107466,898672112,Lucia,Peral,5314
107467,682896928,Mar,Acedo,5315
107468,162843467,Roberto,Nieto,5316
107469,688947242,Lucio,Jimenez,5317
107470,326089873,Soraya,Mulet,5318
107471,164291075,Jordan,Quintana,5319
107472,289012321,Jose Carlos,Vicente,5320
107473,209448258,Vera,Armengol,5321
107474,271135708,Bautista,Porcel,5322
107475,689959225,Florinda,Guerrero,5323
107476,251034209,Nadia,Lobo,5324
107477,359611899,Lucia,Bonilla,5325
107478,774292459,Ezequiel,Barba,5326
107479,612153248,Hernando,Rossello,5327
107480,217510595,Rodolfo,Maza,5328
107481,492497726,Lupe,Tellez,5329
107482,532540727,Rafa,Rosa,5330
107483,625154093,Jaime,Mendoza,5331
107484,567570438,Martin,Rius,5332
107485,884017616,Gil,Molina,5333
107486,736993703,Iris,Barrera,5334
107487,382391568,Teofila,Solsona,5335
107488,244257534,Martin,Vidal,5336
107489,603809751,Tere,Reina,5337
107490,127779019,Carmen,Montenegro,5338
107491,512535618,Pacifica,Godoy,5339
107492,655264751,Esperanza,Angulo,5340
107493,484838121,Ciriaco,Cruz,5341
107494,271394072,Guillermo,Acevedo,5342
107495,971872404,Joaquina,Marques,5343
107496,270300953,Mohamed,Coca,5344
107497,567432634,Amador,Carrasco,5345
107498,677568515,Eloisa,Roda,5346
107499,147894403,Claudio,Ramirez,5347
107500,520554599,Bonifacio,Toledo,5348
107501,118249592,Francisco,Pazos,5349
107502,887164878,Jimena,Prieto,5350
107503,228144237,Benito,Blazquez,5351
107504,416075016,Iker,Cabrero,5352
107505,687670097,Alfredo,Peiro,5353
107506,854335363,Hernando,Valenciano,5354
107507,567438720,Federico,Pelayo,5355
107508,875026947,Guadalupe,Barbero,5356
107509,305696501,Trinidad,Acero,5357
107510,708094831,Samanta,Diez,5358
107511,545942889,Telmo,Dominguez,5359
107512,935896052,Cecilio,Guardiola,5360
107513,254303866,Rosalia,Bernad,5361
107514,101841568,Ester,Moliner,5362
107515,607850665,Evelia,Lorenzo,5363
107516,184119010,Maricruz,Roma,5364
107517,394566108,Albino,Noriega,5365
107518,369789216,Diana,Ramos,5366
107519,573466564,Osvaldo,Pont,5367
107520,131499693,Maxima,Robles,5368
107521,561102625,Vinicio,Ros,5369
107522,522690052,Eufemia,Rosa,5370
107523,202207662,Cecilia,Domenech,5371
107524,980472128,Xiomara,Barrera,5372
107525,585908366,Guillermo,Morales,5373
107526,157798080,Federico,Marino,5374
107527,345575888,Horacio,Cantero,5375
107528,510324476,Melisa,Borja,5376
107529,747069015,Narcisa,Zapata,5377
107530,994418071,Ovidio,Nevado,5378
107531,813594435,Eva Maria,Valls,5379
107532,243391269,Artemio,Perello,5380
107533,652637102,Amaya,Marquez,5381
107534,413047735,Cayetano,Ribes,5382
107535,725506824,Miguela,Mateos,5383
107536,472266649,Bonifacio,Beltran,5384
107537,186881709,Luz,Gascon,5385
107538,704608574,Dominga,Lozano,5386
107539,102842228,Evangelina,Gabaldon,5387
107540,380521184,Geronimo,Morera,5388
107541,528655851,Haydee,Ruiz,5389
107542,267779093,Rebeca,Ribas,5390
107543,880698223,Rolando,Rovira,5391
107544,749868072,Maria Belen,Carreno,5392
107545,524742739,Erasmo,Requena,5393
107546,986414054,Lola,Ferrandez,5394
107547,113838134,Miguel Angel,Herrera,5395
107548,626991847,Gema,Cuellar,5396
107549,392556733,Haydee,Casanovas,5397
107550,544780463,Luciana,Toro,5398
107551,998602770,Esther,Vicens,5399
107552,958913428,Marcelo,Blanch,5400
107553,878871818,Rosendo,Manjon,5401
107554,898216024,Ariel,Cabeza,5402
107555,628669469,Tecla,Robles,5403
107556,580006191,Jose Luis,Villanueva,5404
107557,467039024,Vinicio,Diaz,5405
107558,930631972,Gonzalo,Paez,5406
107559,927024308,Nadia,Morillo,5407
107560,212790921,Rita,Blasco,5408
107561,553032202,Ciro,Estevez,5409
107562,917662756,Alondra,Hoz,5410
107563,597071411,Desiderio,Iniguez,5411
107564,623313381,Melisa,Bejarano,5412
107565,223522939,Ismael,Zapata,5413
107566,788751291,Celestino,Izaguirre,5414
107567,358682836,Carlota,Burgos,5415
107568,309493723,Samuel,Miranda,5416
107569,235675181,Amancio,Llorens,5417
107570,617258576,Clotilde,Santos,5418
107571,351737841,Yaiza,Granados,5419
107572,356207877,Graciela,Martin,5420
107573,544695952,Magdalena,Carreno,5421
107574,794347102,Artemio,Almeida,5422
107575,367823722,Fermin,Vaquero,5423
107576,591239235,Rosario,Rius,5424
107577,486103259,Luciano,Rio,5425
107578,436639375,Jose Francisco,Montero,5426
107579,590087945,Javiera,Feliu,5427
107580,887304329,Julia,Carbajo,5428
107581,451486705,Marisol,Hierro,5429
107582,877888492,Merche,Baron,5430
107583,776048793,Marcela,Sacristan,5431
107584,209768730,Lucio,Sastre,5432
107585,214971876,Angel,Torrens,5433
107586,857858283,Hector,Herranz,5434
107587,180611259,Albert,Garate,5435
107588,962801271,Cristian,Valera,5436
107589,493068814,Emperatriz,Esteban,5437
107590,919539168,Eli,Benavent,5438
107591,487095845,Macarena,Pombo,5439
107592,688530051,Dorita,Soler,5440
107593,334142923,Yolanda,Chaves,5441
107594,832533159,Hipolito,Anton,5442
107595,279030577,Plinio,Roman,5443
107596,345181598,Ambar,Verdu,5444
107597,966776985,Natanael,Mesa,5445
107598,495844476,Octavio,Hernandez,5446
107599,146267455,Carmelo,Atienza,5447
107600,925414174,Kike,Guitart,5448
107601,143550485,Guiomar,Rosado,5449
107602,190234306,Rogelio,Marin,5450
107603,541603291,Emiliana,Iniguez,5451
107604,195398071,Jose Luis,Jodar,5452
107605,189195965,Pia,Zapata,5453
107606,456398066,Clara,Montenegro,5454
107607,401932155,Chita,Fabra,5455
107608,500843700,Rosario,Pena,5456
107609,189829392,Miriam,Mir,5457
107610,816348635,Vinicio,Bonet,5458
107611,146429453,Perlita,Castejon,5459
107612,867567105,Alma,Salvador,5460
107613,825824074,Olivia,Tamayo,5461
107614,264137291,Maria Dolores,Rodrigo,5462
107615,638353195,Eva,Vidal,5463
107616,167662361,Leonor,Martorell,5464
107617,590503796,Juan Antonio,Posada,5465
107618,547882731,Amor,Nunez,5466
107619,714085201,Jonatan,Dominguez,5467
107620,308810887,Nando,Romero,5468
107621,139569589,Alfonso,Barreda,5469
107622,183011434,Isaias,Casas,5470
107623,104173788,Felix,Nebot,5471
107624,311388869,Eutropio,Bernal,5472
107625,658160811,Tono,Hernandez,5473
107626,980894967,Cleto,Canals,5474
107627,357278893,Alma,Sotelo,5475
107628,874376145,Gala,Lerma,5476
107629,493846756,Cristian,Tamayo,5477
107630,280617857,Andrea,Rozas,5478
107631,539635777,Flor,Lorenzo,5479
107632,189954078,Jaime,Cazorla,5480
107633,957057714,Bernarda,Ariza,5481
107634,782770612,Santiago,Cuevas,5482
107635,232125240,Atilio,Villena,5483
107636,218499241,Florentino,Jauregui,5484
107637,898828639,Dulce,Silva,5485
107638,413035612,Aroa,Grande,5486
107639,718401550,Antonia,Quero,5487
107640,137629926,Amor,Llano,5488
107641,452158512,Febe,Gomez,5489
107642,212129244,Daniel,Luque,5490
107643,668662371,Micaela,Marcos,5491
107644,849970458,Walter,Pomares,5492
107645,967662455,Lucila,Marcos,5493
107646,138913441,Pascual,Verdu,5494
107647,494810063,Rafaela,Arana,5495
107648,927541526,Juliana,Olmo,5496
107649,776871088,Debora,Nadal,5497
107650,393138497,Chuy,Gaya,5498
107651,913201616,Teresita,Rodrigo,5499
107652,383666816,Adrian,Carro,5500
107653,278278997,Eligia,Vizcaino,5501
107654,268831656,Alvaro,Zaragoza,5502
107655,360762501,Ariel,Gargallo,5503
107656,880179504,Alfredo,Cifuentes,5504
107657,477921312,Rosalva,Barcena,5505
107658,535099444,Clementina,Alcazar,5506
107659,594594817,Belen,Saenz,5507
107660,439185586,Nico,Arellano,5508
107661,554640811,Noemi,Tena,5509
107662,674372393,Inigo,Rossello,5510
107663,998190720,Aurea,Malo,5511
107664,414706157,Guiomar,Penas,5512
107665,597311550,Macaria,Aguila,5513
107666,307386843,Teofilo,Alberdi,5514
107667,232490681,Cristian,Pina,5515
107668,530171768,Cecilia,Leon,5516
107669,764408162,Victoriano,Salmeron,5517
107670,621264589,Samu,Campoy,5518
107671,134896529,Luis Angel,Grande,5519
107672,266723077,Marisol,Cabeza,5520
107673,733042809,Diego,Albero,5521
107674,101205619,Esther,Cueto,5522
107675,610908378,Maura,Ibanez,5523
107676,717563972,Paola,Falco,5524
107677,744844517,Victorino,Velez,5525
107678,864425327,Abel,Rodriguez,5526
107679,945757536,German,Bertran,5527
107680,753396782,Delfina,Prieto,5528
107681,789360473,Damian,Rodenas,5529
107682,771132200,Donato,Rincon,5530
107683,212815592,Rico,Julia,5531
107684,779393930,Maximino,Cepeda,5532
107685,913287210,Fernando,Cabezas,5533
107686,485520215,Xavier,Vinas,5534
107687,509133967,Sabina,Sarmiento,5535
107688,631931902,Maximo,Perera,5536
107689,479552057,Malena,Alonso,5537
107690,664156866,Elias,Alcantara,5538
107691,755025114,Ceferino,Mayoral,5539
107692,479099226,Fernanda,Reyes,5540
107693,725412099,Consuelo,Manuel,5541
107694,980281861,Leon,Menendez,5542
107695,535713475,Teodoro,Olmedo,5543
107696,287761424,Delia,Canals,5544
107697,219715134,Inigo,Ribes,5545
107698,782560284,Eusebio,Ramis,5546
107699,750048376,Ernesto,Cisneros,5547
107700,398440688,Herminia,Bermudez,5548
107701,169593849,Emiliano,Goni,5549
107702,732826314,Agueda,Lamas,5550
107703,787912998,Nicodemo,Gamez,5551
107704,191923477,Marcio,Escobar,5552
107705,614227623,Efrain,Correa,5553
107706,551926265,Hernando,Pintor,5554
107707,817304811,Silvia,Herrera,5555
107708,711702395,Reinaldo,Pages,5556
107709,436176294,Candela,Casal,5557
107710,437483745,Albano,Roldan,5558
107711,528254655,Marcelino,Almansa,5559
107712,940045422,Ruben,Aliaga,5560
107713,125243796,Casandra,Jaume,5561
107714,427774049,Maxima,Cerdan,5562
107715,503093177,Celia,Pons,5563
107716,850889443,Dionisia,Carbo,5564
107717,214872865,Nazario,Salom,5565
107718,364521500,Nadia,Diego,5566
107719,808410376,Juan Jose,Ferrera,5567
107720,393438376,Adriana,Paz,5568
107721,605714177,Petrona,Carrasco,5569
107722,436971855,Rebeca,Angel,5570
107723,583222084,Mirta,Penalver,5571
107724,327245896,Remigio,Belda,5572
107725,942262966,Bernardita,Arregui,5573
107726,906809787,Jorge,Jordan,5574
107727,680289934,Natanael,Menendez,5575
107728,305417791,Romulo,Quintero,5576
107729,461056617,Anastasio,Vergara,5577
107730,639371023,Maria Jose,Cid,5578
107731,979808994,Melisa,Canizares,5579
107732,580063824,Eric,Jara,5580
107733,457552631,Hector,Rocha,5581
107734,608726552,Leon,Campos,5582
107735,478903650,Elisa,Campoy,5583
107736,714296039,Maite,Burgos,5584
107737,604578084,Candelaria,Riquelme,5585
107738,516956796,Federico,Domingo,5586
107739,718958499,Herberto,Becerra,5587
107740,367876917,Juliana,Cerdan,5588
107741,516278297,Aristides,Lobo,5589
107742,696400940,Rosalia,Blasco,5590
107743,549013591,Evita,Peralta,5591
107744,848207354,Nicanor,Blasco,5592
107745,636832675,Lucila,Donaire,5593
107746,161464547,Sandalio,Guerrero,5594
107747,344692387,Chus,Aguado,5595
107748,702313053,Mercedes,Palacios,5596
107749,241098951,Adora,Nieto,5597
107750,748450136,Fabiola,Solera,5598
107751,159990663,Leon,Serra,5599
107752,896897552,Josue,Pedrosa,5600
107753,644770619,Maria Pilar,Yanez,5601
107754,292750601,Miguel,Lorenzo,5602
107755,219098738,Florina,Albero,5603
107756,858884162,Perlita,Pages,5604
107757,564255623,Tamara,Machado,5605
107758,900773378,Amor,Montana,5606
107759,919544583,Blas,Arnau,5607
107760,653908846,Rodrigo,Baro,5608
107761,842472560,Renata,Bonilla,5609
107762,747216172,Hugo,Codina,5610
107763,577636392,Joan,Mir,5611
107764,402883878,Herberto,Soto,5612
107765,949934192,Fortunata,Mayol,5613
107766,669560897,Adelia,Quero,5614
107767,731742953,Reinaldo,Anaya,5615
107768,416142851,Eliana,Melendez,5616
107769,641745294,Sonia,Verdejo,5617
107770,789104423,Poncio,Ariza,5618
107771,292636621,Zaida,Cid,5619
107772,539692003,Humberto,Villa,5620
107773,617321221,Magdalena,Valera,5621
107774,663847648,Remigio,Feliu,5622
107775,434005047,Benita,Puga,5623
107776,568048136,Ainoa,Espanol,5624
107777,110039890,Damian,Botella,5625
107778,857259054,Francisco,Vilalta,5626
107779,803224117,Salomon,Romeu,5627
107780,578544626,Amaya,Barrio,5628
107781,709602846,Brigida,Piquer,5629
107782,635701729,Aaron,Calvo,5630
107783,587610012,Renato,Ojeda,5631
107784,368963973,Abigail,Monreal,5632
107785,598428516,Xiomara,Rey,5633
107786,422936530,Marciano,Nogueira,5634
107787,313053376,Trini,Rincon,5635
107788,513951262,Perla,Barrio,5636
107789,854719752,Maria Jose,Saez,5637
107790,436767776,Andres Felipe,Bou,5638
107791,955439667,Jose Antonio,Cabanas,5639
107792,769178705,Vera,Miro,5640
107793,689107366,Conrado,Ramirez,5641
107794,786240542,Melisa,Ballester,5642
107795,336494686,Camilo,Valentin,5643
107796,292468844,Paulino,Franco,5644
107797,227559170,Ligia,Velez,5645
107798,135726801,Ricardo,Hervia,5646
107799,151764887,Maribel,Caro,5647
107800,253905794,Celso,Aguilera,5648
107801,401599076,Itziar,Valle,5649
107802,162146706,Primitiva,Gelabert,5650
107803,402074563,Pepito,Elias,5651
107804,816769982,Guiomar,Asensio,5652
107805,613247098,Melchor,Merino,5653
107806,706109672,Gloria,Merino,5654
107807,537822164,Rosalia,Jauregui,5655
107808,283281488,Juanita,Galan,5656
107809,125238002,Socorro,Morcillo,5657
107810,652478481,Imelda,Valverde,5658
107811,128345403,Cosme,Arco,5659
107812,767955845,Isaura,Lastra,5660
107813,979070124,Ofelia,Franch,5661
107814,139659120,Nilo,Mateos,5662
107815,725792335,Cintia,Garcia,5663
107816,782927819,Gaston,Vidal,5664
107817,183028234,Eligio,Trujillo,5665
107818,916144404,Bonifacio,Crespi,5666
107819,655826091,Ruperto,Oller,5667
107820,727735324,Primitiva,Lastra,5668
107821,680093785,Eva,Grau,5669
107822,758790309,Esperanza,Mendez,5670
107823,471777461,Ambrosio,Artigas,5671
107824,526440181,Aitana,Montserrat,5672
107825,780690875,Tere,Vidal,5673
107826,105577458,Paco,Berenguer,5674
107827,877379793,Cirino,Bauza,5675
107828,126110433,Chema,Pozo,5676
107829,481088396,Salvador,Valverde,5677
107830,422659197,Beatriz,Montes,5678
107831,553028774,Charo,Canals,5679
107832,125865324,Esmeralda,Carranza,5680
107833,803517275,Venceslas,Nevado,5681
107834,636978212,Gabriela,Nicolau,5682
107835,223483879,Angelica,Amo,5683
107836,835816805,Rafael,Olivera,5684
107837,173952411,Lucio,Alamo,5685
107838,213318088,Teodoro,Boada,5686
107839,541750554,Eduardo,Ramirez,5687
107840,394356408,Guillermo,Guardiola,5688
107841,714708942,Chus,Infante,5689
107842,983062603,Candelaria,Pomares,5690
107843,288989391,Olalla,Cases,5691
107844,758079012,Priscila,Garzon,5692
107845,225956966,Benito,Escriva,5693
107846,446259671,Maria Luisa,Serna,5694
107847,402356446,Ceferino,Parejo,5695
107848,823674714,Martirio,Patino,5696
107849,857317872,Jonatan,Carlos,5697
107850,847914996,Irma,Lucena,5698
107851,974617742,Melisa,Llorens,5699
107852,880918710,Yolanda,Camino,5700
107853,953758033,Juan,Navas,5701
107854,260143231,Carlos,Daza,5702
107855,407171131,Viviana,Corbacho,5703
107856,586908764,Narcisa,Ortiz,5704
107857,771310797,Amador,Gomis,5705
107858,540693648,Leoncio,Miro,5706
107859,289686497,Carmina,Bru,5707
107860,209236584,Paola,Navarro,5708
107861,885066113,Agueda,Ramon,5709
107862,612185762,Carolina,Badia,5710
107863,635366399,Begona,Rey,5711
107864,386031811,Brunilda,Barbera,5712
107865,685657158,Paulina,Verdugo,5713
107866,542282330,Flora,Caceres,5714
107867,857323804,Demetrio,Ramos,5715
107868,855740957,Lucho,Sabater,5716
107869,813051749,Ainara,Ojeda,5717
107870,606309386,Isaac,Paniagua,5718
107871,148157426,Placido,Jover,5719
107872,250584332,Azahar,Alegre,5720
107873,159023455,Evelia,Barreda,5721
107874,458332103,Paulina,Cabanillas,5722
107875,736895489,Catalina,Fajardo,5723
107876,554621138,Balduino,Medina,5724
107877,439307431,Santiago,Flores,5725
107878,637389010,Paola,Rebollo,5726
107879,118775126,Teodora,Duran,5727
107880,410826950,Rosalina,Garcia,5728
107881,943438429,Ramon,Borja,5729
107882,257872882,Victor,Ferrandez,5730
107883,624441934,Paca,Salamanca,5731
107884,932262691,Cayetano,Serrano,5732
107885,517309058,Regina,Pereira,5733
107886,616969904,Walter,Collado,5734
107887,253904545,Remigio,Blazquez,5735
107888,988125652,Antonia,Bou,5736
107889,478539339,Lupe,Mancebo,5737
107890,444219832,Nereida,Reig,5738
107891,462035562,Felipa,Pascual,5739
107892,353578134,Armida,Nogueira,5740
107893,205141246,Florencio,Romero,5741
107894,305834180,Edgardo,Prieto,5742
107895,173774800,Jose Angel,Segui,5743
107896,881312104,Miriam,Seco,5744
107897,554192910,Ricardo,Arnal,5745
107898,658940670,Ariel,Requena,5746
107899,120975292,Xiomara,Cepeda,5747
107900,673043748,Jimena,Mosquera,5748
107901,225725232,Remedios,Arranz,5749
107902,564256365,Melania,Donaire,5750
107903,866175217,Jose Antonio,Baena,5751
107904,888063504,Moises,Estevez,5752
107905,289170347,Maribel,Benitez,5753
107906,307150175,Josep,Noguera,5754
107907,555342957,Dora,Pelaez,5755
107908,681160627,Eduardo,Saura,5756
107909,528929060,Anacleto,Morales,5757
107910,180884840,Juanito,Mulet,5758
107911,397674322,Fausto,Carreno,5759
107912,167748606,Pio,Ruano,5760
107913,192521570,Gilberto,Lumbreras,5761
107914,503169745,Rocio,Almazan,5762
107915,780472116,Clotilde,Contreras,5763
107916,659488338,Ivan,Verdugo,5764
107917,842415503,Ignacia,Cabeza,5765
107918,286055370,Lucila,Pol,5766
107919,159182978,Anita,Leal,5767
107920,490919284,Maria Fernanda,Barbera,5768
107921,243373005,Chucho,Lozano,5769
107922,137107648,Elba,Valenciano,5770
107923,375008648,Ricarda,Davila,5771
107924,518929490,Ale,Roura,5772
107925,560620551,Calisto,Leiva,5773
107926,286357374,Lina,Valles,5774
107927,896125749,Hugo,Barragan,5775
107928,748277682,Ruperto,Fabra,5776
107929,279011613,Elisa,Alcala,5777
107930,752488817,Luciana,Valenciano,5778
107931,569645613,Vito,Marin,5779
107932,361345305,Maxi,Roca,5780
107933,458261613,Priscila,Gomez,5781
107934,160876244,Maria Dolores,Barrio,5782
107935,325402759,Maxima,Aliaga,5783
107936,507219049,Virgilio,Solis,5784
107937,817701853,Adriana,Palomares,5785
107938,846788939,Moreno,Hernando,5786
107939,416974023,Eustaquio,Chamorro,5787
107940,334068296,Silvestre,Carreno,5788
107941,783983336,Cristian,Rojas,5789
107942,277668731,Purificacion,Beltran,5790
107943,405953276,Pelayo,Gascon,5791
107944,371891200,Liliana,Pujadas,5792
107945,710690049,Tiburcio,Benavides,5793
107946,536387963,Leyre,Mateo,5794
107947,504382517,Gloria,Mancebo,5795
107948,123591023,Macario,Osuna,5796
107949,297225707,Francisco,Peiro,5797
107950,614699370,Eutimio,Andreu,5798
107951,621099419,Ramona,Samper,5799
107952,752462758,Custodio,Espejo,5800
107953,793011934,Perla,Iglesias,5801
107954,784950789,Candelas,Bilbao,5802
107955,491786341,Azahara,Fabra,5803
107956,943146112,Omar,Cabezas,5804
107957,106515965,Inmaculada,Fabregat,5805
107958,514810618,Eutimio,Salvador,5806
107959,171687134,Juana,Ortiz,5807
107960,688404647,Angeles,Martorell,5808
107961,338224191,Kike,Iglesias,5809
107962,713059086,Maxima,Calvet,5810
107963,228073904,Marcia,Chacon,5811
107964,560203416,Emelina,Alcolea,5812
107965,935496459,Ulises,Segura,5813
107966,997367388,Rosalia,Dominguez,5814
107967,773983694,Tecla,Alcalde,5815
107968,895670937,Noe,Alvaro,5816
107969,916721800,Francisco Javier,Sanchez,5817
107970,893227175,Marisela,Perez,5818
107971,879596754,Elisa,Montana,5819
107972,480482697,Pia,Martin,5820
107973,163352849,Marcial,Garmendia,5821
107974,101689277,Judith,Diaz,5822
107975,545057001,Jose Antonio,Sevilla,5823
107976,701151597,Valentin,Manrique,5824
107977,618160972,Ainoa,Angulo,5825
107978,864572570,Ale,Plana,5826
107979,665046663,Alcides,Rocha,5827
107980,616053746,Odalis,Beltran,5828
107981,113568743,Isabela,Posada,5829
107982,775704522,Flavio,Angulo,5830
107983,868040802,Marianela,Cal,5831
107984,699896042,Anna,Pineiro,5832
107985,360836647,America,Lloret,5833
107986,709339858,Evelia,Carrion,5834
107987,942236215,Amando,Ferrer,5835
107988,511853092,Itziar,Cortina,5836
107989,504002573,Blanca,Esteban,5837
107990,857185969,Jordana,Abellan,5838
107991,334549311,Miriam,Blanco,5839
107992,733131511,Maximiliano,Alamo,5840
107993,398161270,Adoracion,Canton,5841
107994,493646649,Almudena,Olive,5842
107995,982346759,Manuel,Roura,5843
107996,115049688,Candelario,Perales,5844
107997,262946752,Zaida,Lago,5845
107998,645517999,Dorotea,Canizares,5846
107999,233981881,Guiomar,Jerez,5847
108000,302316830,Piedad,Gamez,5848
108001,354006847,Teresa,Cruz,5849
108002,431893909,Juan Carlos,Adadia,5850
108003,973512244,Nicolas,Cerezo,5851
108004,374108349,Adelardo,Mateu,5852
108005,190791418,Espiridion,Minguez,5853
108006,713583604,Aitana,Torrens,5854
108007,183433514,Fernando,Sanabria,5855
108008,276402682,Maria Carmen,Saez,5856
108009,374865862,Ale,Fernandez,5857
108010,264327692,Tomasa,Melero,5858
108011,761285411,Edmundo,Laguna,5859
108012,243891197,Isabel,Zabaleta,5860
108013,614543968,Natalia,Arteaga,5861
108014,411634163,Anselma,Pavon,5862
108015,390789829,Fito,Aleman,5863
108016,764401781,Odalis,Marquez,5864
108017,564913443,Yesica,Barrena,5865
108018,632023468,Rolando,Samper,5866
108019,780078331,Quique,Lopez,5867
108020,478464093,Hernando,Barcelo,5868
108021,744808291,Haroldo,Bauza,5869
108022,362305575,Juan Carlos,Madrid,5870
108023,543505429,Carmelo,Tur,5871
108024,860407492,Tomasa,Castejon,5872
108025,502549287,Encarnacion,Fabregat,5873
108026,103780872,Abril,Lillo,5874
108027,517560257,Jose Ignacio,Daza,5875
108028,161677193,Xavier,Cruz,5876
108029,321291763,Reinaldo,Villegas,5877
108030,947411862,Cruz,Casado,5878
108031,905134129,Rogelio,Salgado,5879
108032,360176250,Gerardo,Granados,5880
108033,967194727,Rosa,Pereira,5881
108034,372407644,Mohamed,Conde,5882
108035,245483232,Andres,Mateo,5883
108036,869685560,Liliana,Pina,5884
108037,377930850,Hector,Garcia,5885
108038,889990309,Gilberto,Corbacho,5886
108039,573169220,Gustavo,Cabrera,5887
108040,302401288,Pepe,Mercader,5888
108041,341825935,Mariana,Moran,5889
108042,372758480,Martin,Moles,5890
108043,337171297,Claudia,Bautista,5891
108044,741765590,Benito,Rey,5892
108045,794328130,Arsenio,Carvajal,5893
108046,800025818,Ciriaco,Lamas,5894
108047,217507476,Nicanor,Rivera,5895
108048,189223760,Eligia,Gamez,5896
108049,359795454,Mariana,Blazquez,5897
108050,282284136,Raimundo,Busquets,5898
108051,791847725,Rene,Penas,5899
108052,536383707,Paca,Rubio,5900
108053,462592435,Luisa,Ramis,5901
108054,143116065,Flor,Guerrero,5902
108055,681565716,Plinio,Ojeda,5903
108056,489473282,Roque,Borras,5904
108057,168045954,Balduino,Rios,5905
108058,696747446,Mariana,Valdes,5906
108059,435742657,Guiomar,Zamorano,5907
108060,925974117,Fabio,Samper,5908
108061,548930814,Rocio,Blasco,5909
108062,810120018,Angela,Mateo,5910
108063,908651204,Javi,Angulo,5911
108064,248970894,Paula,Pizarro,5912
108065,263757373,Epifanio,Salvador,5913
108066,695154991,Magdalena,Aguilar,5914
108067,832808747,Eva,Madrigal,5915
108068,209751496,Santos,Bueno,5916
108069,553810280,Josep,Gracia,5917
108070,487988465,Blanca,Bernal,5918
108071,178376392,Ismael,Escobar,5919
108072,783781726,Santos,Valdes,5920
108073,788684031,Noemi,Gisbert,5921
108074,233787976,Julia,Heredia,5922
108075,757431663,Chuy,Enriquez,5923
108076,326006191,Jeremias,Canals,5924
108077,188139615,Jose Manuel,Mosquera,5925
108078,175838355,Benita,Aliaga,5926
108079,749833959,Luciana,Plaza,5927
108080,406958969,Morena,Llopis,5928
108081,290982131,Alonso,Aguilo,5929
108082,515392111,Silvestre,Montero,5930
108083,859902552,Trini,Folch,5931
108084,693577706,Brigida,Arroyo,5932
108085,119571801,Perla,Barrios,5933
108086,735974289,Nicodemo,Roig,5934
108087,817701013,Amador,Barranco,5935
108088,286563765,Ruperta,Rivero,5936
108089,731074839,Apolinar,Olmedo,5937
108090,147454146,Reynaldo,Manso,5938
108091,998224260,Cornelio,Pareja,5939
108092,391106276,Roxana,Ayllon,5940
108093,178872948,Eutropio,Bolanos,5941
108094,592195271,Guillermo,Conesa,5942
108095,242777384,Eligia,Marmol,5943
108096,385240759,Cruz,Cortina,5944
108097,969423424,Emiliana,Perales,5945
108098,101937477,Severino,Amador,5946
108099,147364163,Eric,Montes,5947
108100,397780374,Consuelo,Ayllon,5948
108101,422014128,Luis Miguel,Ros,5949
108102,326663880,Perla,Amador,5950
108103,859270059,Custodio,Porcel,5951
108104,448942789,Eusebia,Cabanas,5952
108105,908440155,Paola,Estevez,5953
108106,396427301,Benito,Sanchez,5954
108107,573363661,David,Rio,5955
108108,213252372,Armando,Vazquez,5956
108109,143437898,Maria Manuela,Canas,5957
108110,817922597,Albert,Vall,5958
108111,114937793,Paco,Pineiro,5959
108112,753436114,Debora,Nino,5960
108113,363413477,Dafne,Hidalgo,5961
108114,238384153,Charo,Lopez,5962
108115,803509595,Clara,Paniagua,5963
108116,251653014,Manu,Velazquez,5964
108117,232537086,Nicolasa,Calderon,5965
108118,242606419,Encarnita,Campo,5966
108119,410248712,Maria Jose,Montenegro,5967
108120,728944787,Maria Cristina,Cepeda,5968
108121,690139741,Aura,Mateos,5969
108122,642986932,Marcos,Hervas,5970
108123,540197961,Cipriano,Llanos,5971
108124,905584849,Anastasio,Peralta,5972
108125,330439108,Vinicio,Ojeda,5973
108126,588939601,Silvio,Chaves,5974
108127,122534279,Malena,Pereira,5975
108128,787366392,Isaura,Riquelme,5976
108129,174203113,Claudio,Palma,5977
108130,997807452,Rosario,Mulet,5978
108131,865546943,Teofila,Andreu,5979
108132,153738074,Pablo,Fuente,5980
108133,266646871,Baudelio,Belmonte,5981
108134,413858033,Tomas,Escalona,5982
108135,401024666,Valero,Miranda,5983
108136,885305121,Duilio,Alcazar,5984
108137,198083406,Margarita,Aroca,5985
108138,830936557,Paulina,Soler,5986
108139,589314536,Segismundo,Catala,5987
108140,832192526,Lara,Vicens,5988
108141,736395614,Eliana,Palomar,5989
108142,832661273,Lilia,Romero,5990
108143,278529847,Noemi,Rocamora,5991
108144,313423777,Amaro,Fuente,5992
108145,829826618,Xiomara,Nogueira,5993
108146,923532933,Adora,Cerezo,5994
108147,829008046,Lucas,Vera,5995
108148,239176548,Gabriel,Cabello,5996
108149,565962012,Geronimo,Manso,5997
108150,728672907,Fito,Quesada,5998
108151,936147381,Dolores,Atienza,5999
108152,684684309,Victor,Criado,6000
108153,557892061,Maria,Zamora,6001
108154,446069974,Florencia,Revilla,6002
108155,283743192,Malena,Baquero,6003
108156,606459079,Elias,Garces,6004
108157,211771655,Bernardino,Catalan,6005
108158,798713635,Nereida,Vilanova,6006
108159,837373829,Maria Manuela,Rodriguez,6007
108160,964151063,Roldan,Olive,6008
108161,542528714,Jenny,Martin,6009
108162,248734628,Paco,Calvet,6010
108163,805137513,Eufemia,Caro,6011
108164,228610084,Julio,Roura,6012
108165,894935981,Primitivo,Andrade,6013
108166,887881093,Rosario,Campillo,6014
108167,855369835,Ricarda,Quero,6015
108168,903246362,Morena,Alvaro,6016
108169,853947291,Lucas,Trillo,6017
108170,532505618,Blanca,Penalver,6018
108171,267234982,Isaac,Romeu,6019
108172,916831800,Emigdio,Armengol,6020
108173,757809361,Ambar,Zabala,6021
108174,206353865,Norberto,Alvarado,6022
108175,268268838,Marcela,Bustos,6023
108176,107003101,Carolina,Figuerola,6024
108177,199433601,Lina,Borja,6025
108178,266474770,Amando,Saenz,6026
108179,208456446,Ivan,Toro,6027
108180,394074001,Jose Maria,Roman,6028
108181,839533407,Gabriela,Alcantara,6029
108182,135672376,Cayetano,Real,6030
108183,516810405,Leocadio,Mendizabal,6031
108184,507725567,Omar,Lledo,6032
108185,283008296,Nestor,Santamaria,6033
108186,111990264,Edelmira,Querol,6034
108187,619551834,Bernabe,Benavides,6035
108188,999513964,Maximiano,Grande,6036
108189,236676252,Nazario,Guzman,6037
108190,195687169,Estela,Mayol,6038
108191,109023406,Trini,Valera,6039
108192,612810796,Trinidad,Coca,6040
108193,454684205,Jose Manuel,Sales,6041
108194,391668531,Ariel,Morcillo,6042
108195,222394283,Primitiva,Davila,6043
108196,309553853,Asuncion,Paniagua,6044
108197,214875822,Chus,Arroyo,6045
108198,714086830,Ignacio,Valderrama,6046
108199,436620949,Teodosio,Pena,6047
108200,335012861,Reyna,Izaguirre,6048
108201,616987831,Bruno,Luque,6049
108202,279777539,Adela,Fernandez,6050
108203,679740942,Maria Luisa,Sedano,6051
108204,775501199,Josefa,Guardiola,6052
108205,553939885,Apolinar,Palmer,6053
108206,249699565,Inigo,Pou,6054
108207,873407636,Pelayo,Garate,6055
108208,404121289,Rita,Benitez,6056
108209,454563267,Nieves,Marquez,6057
108210,753260338,Sancho,Bayona,6058
108211,282326468,Adriana,Moles,6059
108212,835744265,Florinda,Canizares,6060
108213,956366599,Aurelio,Santiago,6061
108214,917748502,Magdalena,Aragon,6062
108215,138558688,Aitana,Muro,6063
108216,450806357,Violeta,Rodriguez,6064
108217,996867413,Teodora,Andres,6065
108218,578900376,Ana Sofia,Castrillo,6066
108219,131081465,Dominga,Barbero,6067
108220,615092873,Ruperto,Abad,6068
108221,129252724,Benito,Ballester,6069
108222,667367828,Noelia,Dominguez,6070
108223,274780166,Severino,Jorda,6071
108224,421514408,Cristian,Perea,6072
108225,366654620,Maxi,Barrio,6073
108226,621598820,Edelmiro,Prat,6074
108227,914446556,Nerea,Izaguirre,6075
108228,607669328,Demetrio,Blasco,6076
108229,829719084,Pastor,Chaparro,6077
108230,786714059,Mayte,Franco,6078
108231,182281425,Pascual,Torrijos,6079
108232,731801106,Edelmiro,Bilbao,6080
108233,509321747,Sabas,Galvez,6081
108234,450207073,Inmaculada,Leon,6082
108235,782309563,Dario,Tejero,6083
108236,683071746,Amando,Gallego,6084
108237,424156099,Mohamed,Riba,6085
108238,197149335,Gaspar,Tapia,6086
108239,107020802,Eloisa,Morillo,6087
108240,415985869,Chelo,Valverde,6088
108241,111704403,Rodrigo,Ramos,6089
108242,829236557,Lorenzo,Torrijos,6090
108243,638569898,Serafina,Montoya,6091
108244,258442910,Consuela,Requena,6092
108245,772400166,Valeria,Zapata,6093
108246,789130396,Basilio,Cervera,6094
108247,640453002,Merche,Beltran,6095
108248,172168905,Nando,Acuna,6096
108249,970148908,Geronimo,Neira,6097
108250,964087484,Haroldo,Aranda,6098
108251,553545514,Daniela,Cortes,6099
108252,327601149,Elodia,Paz,6100
108253,629117475,Rebeca,Vives,6101
108254,838032697,Otilia,Lago,6102
108255,474404662,Claudia,Penalver,6103
108256,780005432,Regulo,Contreras,6104
108257,894511232,German,Sobrino,6105
108258,471960097,Marcos,Villar,6106
108259,648524357,Begona,Priego,6107
108260,639025478,Norberto,Morillo,6108
108261,275829693,Candido,Moran,6109
108262,983161094,Gracia,Soriano,6110
108263,121604696,Custodia,Cantero,6111
108264,381947814,Sandalio,Guzman,6112
108265,808849556,Maria Carmen,Alfaro,6113
108266,855581241,Candelaria,Cerezo,6114
108267,852600215,Jose Antonio,Vera,6115
108268,668057646,Fortunata,Arranz,6116
108269,647892612,Martirio,Duran,6117
108270,721039946,Nilda,Arce,6118
108271,847935571,Ximena,Vigil,6119
108272,143225984,Gaston,Azcona,6120
108273,434052885,Lazaro,Solera,6121
108274,248726481,Osvaldo,Carreras,6122
108275,810868146,Aurea,Garzon,6123
108276,546049211,Isaura,Pi,6124
108277,661500158,Maria Cristina,Garay,6125
108278,873099232,Marcia,Agudo,6126
108279,266592144,Ani,Gimenez,6127
108280,313810079,Curro,Llanos,6128
108281,658853110,Rufina,Borrego,6129
108282,911933447,Brunilda,Bernat,6130
108283,514927974,Raquel,Elorza,6131
108284,677531457,Ileana,Ferrandiz,6132
108285,658058241,Clementina,Ruano,6133
108286,364288284,Olga,Gelabert,6134
108287,312812987,Ale,Cisneros,6135
108288,805557898,Soledad,Collado,6136
108289,548508860,Pancho,Leiva,6137
108290,555366917,Lina,Miguel,6138
108291,808768334,Elpidio,Boix,6139
108292,778361050,Mateo,Adan,6140
108293,111043827,Ricarda,Alcolea,6141
108294,147794968,Esther,Rosa,6142
108295,731233291,Epifanio,Trujillo,6143
108296,779810575,Ciriaco,Guijarro,6144
108297,938784487,Encarnita,Munoz,6145
108298,842182064,Hilario,Francisco,6146
108299,988198556,Florinda,Ricart,6147
108300,648885966,Nacio,Agusti,6148
108301,529901053,Quirino,Duran,6149
108302,422686243,Ulises,Saura,6150
108303,693096620,Dionisio,Viana,6151
108304,447417527,Manu,Alfonso,6152
108305,707402821,Cebrian,Gimeno,6153
108306,426896861,Amor,Gimenez,6154
108307,544566247,Juan Antonio,Cervera,6155
108308,492907900,Aroa,Sarmiento,6156
108309,593715935,Adan,Otero,6157
108310,221421689,Apolinar,Martin,6158
108311,611529810,Diana,Marmol,6159
108312,940495031,Samu,Moll,6160
108313,990165569,Ambrosio,Campoy,6161
108314,933370352,Leandro,Arnaiz,6162
108315,300192385,Joan,Valderrama,6163
108316,526710515,Basilio,Valls,6164
108317,372037302,Aurelio,Pallares,6165
108318,662079077,Rosalina,Torres,6166
108319,419458552,Asdrubal,Cruz,6167
108320,962697699,Maria Dolores,Cabo,6168
108321,306560084,Calisto,Trillo,6169
108322,769431267,Jenny,Mas,6170
108323,463783361,Amado,Mendez,6171
108324,868920520,Iris,Ariza,6172
108325,617278816,Rosario,Uriarte,6173
108326,503269993,Emperatriz,Minguez,6174
108327,770709334,Placido,Pedrero,6175
108328,430309847,Priscila,Perello,6176
108329,158528970,Flavia,Cabeza,6177
108330,861441733,Iris,Barragan,6178
108331,670786421,Candela,Palau,6179
108332,908941147,Alondra,Moya,6180
108333,909505792,Nacio,Tomas,6181
108334,197453513,Elisabet,Camacho,6182
108335,836449015,Clotilde,Lastra,6183
108336,140146488,Inigo,Blasco,6184
108337,809330231,Rico,Tomas,6185
108338,969851405,Martin,Salgado,6186
108339,383743125,Susana,Cozar,6187
108340,160467032,Petrona,Llobet,6188
108341,537008494,Juan Pablo,Avila,6189
108342,428442926,Narciso,Lujan,6190
108343,622502154,Jose,Font,6191
108344,379613002,Elodia,Zamorano,6192
108345,506362651,Quique,Morera,6193
108346,202741101,Amanda,Amores,6194
108347,750980146,Marino,Manrique,6195
108348,570158097,Guadalupe,Carrasco,6196
108349,900269755,Urbano,Roldan,6197
108350,172250313,Elba,Gilabert,6198
108351,464339010,Alicia,Villalobos,6199
108352,351497544,Leire,Lloret,6200
108353,546339957,Ariadna,Bermudez,6201
108354,719000457,Isidora,Antunez,6202
108355,904733012,Jose Luis,Santiago,6203
108356,715637497,Dan,Daza,6204
108357,436252391,Abigail,Blanca,6205
108358,626442025,Jonatan,Sedano,6206
108359,864369680,Angelino,Olivera,6207
108360,236185131,Guadalupe,Tejada,6208
108361,923372759,Bernardita,Cuevas,6209
108362,909032454,Jose Manuel,Canet,6210
108363,537450871,Sonia,Caparros,6211
108364,699251129,Santiago,Tomas,6212
108365,111091644,Edelmiro,Quero,6213
108366,280509639,Faustino,Jover,6214
108367,156856356,Tristan,Esparza,6215
108368,480520200,Marcos,Fiol,6216
108369,214098180,Anita,Alegria,6217
108370,950889803,Tere,Bustamante,6218
108371,543284453,Nando,Manzanares,6219
108372,899612582,Ciriaco,Falco,6220
108373,959152426,Ramona,Pena,6221
108374,239794267,Julia,Juarez,6222
108375,820059136,Andres,Gonzalez,6223
108376,653035410,Pancho,Corral,6224
108377,242831693,Chema,Iglesia,6225
108378,413371883,Fito,Velez,6226
108379,531846732,Inmaculada,Ramis,6227
108380,247817521,Severino,Fernandez,6228
108381,652779124,Ambrosio,Abascal,6229
108382,521369757,Ale,Elorza,6230
108383,145177168,Lourdes,Casanovas,6231
108384,131957685,Odalys,Poza,6232
108385,556437266,Flora,Tapia,6233
108386,567919298,Victoria,Benavides,6234
108387,458459566,Teo,Rosales,6235
108388,127689610,Salome,Cabello,6236
108389,408027627,Nico,Villegas,6237
108390,671169820,Daniel,Lucas,6238
108391,359942705,Noemi,Tomas,6239
108392,100649563,Estefania,Arjona,6240
108393,854173564,Magdalena,Vizcaino,6241
108394,857209355,Chuy,Guzman,6242
108395,206538264,Fabian,Rodrigo,6243
108396,991774404,Azucena,Caparros,6244
108397,887443726,Dionisia,Serna,6245
108398,207372032,Perlita,Carbonell,6246
108399,887481164,Tadeo,Lerma,6247
108400,956655141,Juan Francisco,Martorell,6248
108401,188911200,Walter,Marques,6249
108402,834954653,Serafina,Navarro,6250
108403,571331838,Dimas,Jara,6251
108404,858009828,Tere,Marin,6252
108405,656921550,Violeta,Figuerola,6253
108406,721236899,Maria Angeles,Balaguer,6254
108407,889408250,Josep,Aragon,6255
108408,783188205,Alejandra,Vargas,6256
108409,508421486,Ivan,Garcia,6257
108410,536010355,Azahara,Quesada,6258
108411,479756453,Marisa,Urena,6259
108412,815721992,Ema,Solano,6260
108413,579667711,Josefa,Vilar,6261
108414,584653242,Maribel,Ortega,6262
108415,889247372,Graciano,Suarez,6263
108416,741257632,Seve,Espejo,6264
108417,851455931,Feliciano,Suarez,6265
108418,205049032,Adora,Elias,6266
108419,985862177,Juan Pablo,Navas,6267
108420,454358372,Omar,Valenciano,6268
108421,153064028,Elena,Prat,6269
108422,642795106,Ramona,Contreras,6270
108423,739136194,Silvia,Arjona,6271
108424,185718017,Nidia,Jordan,6272
108425,496660534,Adriana,Lasa,6273
108426,174771569,Amado,Salazar,6274
108427,284776940,Tiburcio,Valero,6275
108428,675711751,Edgar,Ferreras,6276
108429,957015751,Seve,Carmona,6277
108430,762644632,Lupe,Rios,6278
108431,297980587,Placido,Valle,6279
108432,333467888,Eduardo,Otero,6280
108433,865673362,Alexandra,Alamo,6281
108434,330050605,Marciano,Cases,6282
108435,115882446,Anita,Castrillo,6283
108436,499120770,Elias,Escriva,6284
108437,155201452,Eduardo,Mancebo,6285
108438,598672993,Fausto,Valera,6286
108439,264893017,Graciela,Andres,6287
108440,720048739,Damian,Aranda,6288
108441,862754073,Chus,Riba,6289
108442,426131678,Francisco Jose,Barrios,6290
108443,810900281,Marcela,Chaves,6291
108444,846656267,Alcides,Vaquero,6292
108445,578347169,Juan Luis,Camino,6293
108446,683617103,Isabela,Barbero,6294
108447,939760587,Javier,Aguilar,6295
108448,985686896,Valentin,Araujo,6296
108449,470014274,Andrea,Lobato,6297
108450,542205866,Maite,Chaparro,6298
108451,613941841,Florencia,Hidalgo,6299
108452,874097370,Florencio,Abella,6300
108453,461540156,Begona,Bernad,6301
108454,709105175,America,Zorrilla,6302
108455,875360525,Mohamed,Hernando,6303
108456,763017719,Cecilia,Guerrero,6304
108457,166857488,Rene,Berrocal,6305
108458,985223095,Regulo,Suarez,6306
108459,589687054,Onofre,Font,6307
108460,332107250,Aranzazu,Penas,6308
108461,309583858,Albina,Llopis,6309
108462,844584922,Jacobo,Sureda,6310
108463,565245834,Diana,Rodriguez,6311
108464,110283582,Leonel,Vergara,6312
108465,877741526,Albert,Salmeron,6313
108466,907521117,Maximiliano,Alvaro,6314
108467,415660512,Balduino,Jodar,6315
108468,146493905,Poncio,Montenegro,6316
108469,142820595,Leyre,Tormo,6317
108470,349087202,Tamara,Abad,6318
108471,502327059,Gil,Reguera,6319
108472,819125091,Aureliano,Yanez,6320
108473,907972770,Nelida,Guerra,6321
108474,276442251,Silvia,Estevez,6322
108475,938972916,Brunilda,Soria,6323
108476,216024597,Benito,Valls,6324
108477,205162198,Lazaro,Ordonez,6325
108478,220774700,Primitivo,Almansa,6326
108479,114788868,Graciano,Fuente,6327
108480,247196898,Maria Carmen,Cuenca,6328
108481,582146348,Jorge,Merino,6329
108482,747208989,Isaias,Boada,6330
108483,628872445,Teobaldo,Gimenez,6331
108484,507837180,Abril,Mena,6332
108485,914536013,Lorena,Blasco,6333
108486,951301938,Aitana,Pineiro,6334
108487,360583634,Nacio,Ros,6335
108488,149768925,Isa,Colomer,6336
108489,127708443,Fabiana,Bolanos,6337
108490,888413282,Chema,Espana,6338
108491,561149527,Silvio,Gutierrez,6339
108492,545968813,Azahara,Coronado,6340
108493,841737200,Hortensia,Araujo,6341
108494,379538519,Vilma,Gallardo,6342
108495,690143726,Francisco,Oller,6343
108496,989689656,Epifanio,Suarez,6344
108497,773505823,Angelita,Montero,6345
108498,487475836,Jafet,Laguna,6346
108499,307783572,Casemiro,Sanmartin,6347
108500,780111113,Samuel,Tejada,6348
108501,692904052,Fanny,Baez,6349
108502,906456610,Apolinar,Moll,6350
108503,727929131,Virgilio,Cuadrado,6351
108504,785060830,Ramona,Peinado,6352
108505,812336331,Teofila,Llabres,6353
108506,198935147,Custodio,Mulet,6354
108507,854499807,Bernardita,Andreu,6355
108508,879436006,Lorenzo,Blanes,6356
108509,430673152,Amador,Noriega,6357
108510,705001725,Jacinto,Balaguer,6358
108511,630103650,Aranzazu,Rivera,6359
108512,875374947,Candelas,Benavente,6360
108513,243607891,Emilio,Alberdi,6361
108514,645273994,Anselma,Nicolas,6362
108515,943790165,Amaya,Cervera,6363
108516,994956241,Marisela,Mur,6364
108517,812419011,Baltasar,Mata,6365
108518,958064140,Brigida,Ibanez,6366
108519,102161039,Nicanor,Santiago,6367
108520,113951620,Alba,Barco,6368
108521,637386564,Ricardo,Grande,6369
108522,443787404,Camilo,Llopis,6370
108523,553575751,Ale,Barroso,6371
108524,534695744,Adalberto,Cortes,6372
108525,110967232,Florencia,Barcelo,6373
108526,747643318,Celestina,Marmol,6374
108527,484616531,Belen,Rius,6375
108528,327124441,Maristela,Arino,6376
108529,122813025,Isa,Romeu,6377
108530,976147385,Jose Mari,Santamaria,6378
108531,950190215,Iker,Manzano,6379
108532,195560666,Faustino,Toro,6380
108533,194743475,Carlos,Feliu,6381
108534,787700411,Ciriaco,Baez,6382
108535,475965550,Miriam,Ferrero,6383
108536,770835969,Merche,Salas,6384
108537,424874961,Cintia,Moran,6385
108538,950102747,Purificacion,Montalban,6386
108539,277128043,Carolina,Ojeda,6387
108540,597002736,Luisina,Sanmartin,6388
108541,385854678,Poncio,Garcia,6389
108542,518548861,Elvira,Lumbreras,6390
108543,567667520,Bernardino,Banos,6391
108544,800449480,Juan,Ayuso,6392
108545,805211838,Esmeralda,Tur,6393
108546,857809676,Hipolito,Isern,6394
108547,114530561,Julio,Pablo,6395
108548,356252053,Nereida,Cuellar,6396
108549,971204196,Hilda,Abascal,6397
108550,554911823,Baltasar,Trillo,6398
108551,870477590,Bautista,Ayllon,6399
108552,399412387,Tadeo,Iglesia,6400
108553,169214378,Chus,Diego,6401
108554,639144280,Rosenda,Monreal,6402
108555,613601398,Panfilo,Marquez,6403
108556,864321544,Gerardo,Comas,6404
108557,912972349,Jesusa,Garcia,6405
108558,436152127,Maxi,Escribano,6406
108559,688388601,Belen,Valls,6407
108560,456005490,Dulce,Jerez,6408
108561,551569545,Enrique,Albero,6409
108562,254832864,Ximena,Valverde,6410
108563,250683087,Graciela,Diaz,6411
108564,265203894,Hernando,Carreras,6412
108565,946841424,Silvestre,Sancho,6413
108566,738608635,Celestina,Baro,6414
108567,262101497,Dorotea,Aguilera,6415
108568,970998601,Dulce,Mur,6416
108569,103193212,Norberto,Valdes,6417
108570,705061210,Alejo,Mendoza,6418
108571,319186471,Severo,Bellido,6419
108572,998955053,Baltasar,Montana,6420
108573,496199826,Dolores,Sureda,6421
108574,795637066,Maxi,Garmendia,6422
108575,373736051,Hilario,Canas,6423
108576,645822944,Encarna,Mateo,6424
108577,909395090,Begona,Cortes,6425
108578,821105377,Nelida,Cuellar,6426
108579,242189645,Ambar,Mena,6427
108580,687393526,Gonzalo,Balaguer,6428
108581,877359688,Tamara,Garate,6429
108582,789049777,Veronica,Castellanos,6430
108583,691105696,Romulo,Guerrero,6431
108584,888533985,Anabel,Agusti,6432
108585,337563375,Pascual,Nicolau,6433
108586,677409086,Claudia,Cal,6434
108587,883226665,Lisandro,Molina,6435
108588,434073025,Ariel,Roldan,6436
108589,830865528,Ildefonso,Nunez,6437
108590,421569786,Ovidio,Blanch,6438
108591,573286165,Andres,Sanjuan,6439
108592,922896181,Ezequiel,Comas,6440
108593,565962224,Andres,Molina,6441
108594,471413835,Rebeca,Riera,6442
108595,649910433,Gabriel,Lastra,6443
108596,797495321,Rosa Maria,Vergara,6444
108597,110495838,Sonia,Soto,6445
108598,801308334,Flavio,Calvo,6446
108599,588717232,Dan,Cantero,6447
108600,441373512,Angeles,Milla,6448
108601,602739736,Hernando,Marquez,6449
108602,928799877,Arsenio,Cortes,6450
108603,584146732,Mar,Ribas,6451
108604,930036154,Alba,Barros,6452
108605,849166203,Gabriel,Mayoral,6453
108606,970261665,Lalo,Gabaldon,6454
108607,208146878,Esther,Vinas,6455
108608,734762279,Patricia,Millan,6456
108609,827013592,Visitacion,Quintanilla,6457
108610,397497172,Cirino,Guzman,6458
108611,524940300,Joel,Falcon,6459
108612,135186824,Caridad,Giron,6460
108613,360962310,Josue,Cazorla,6461
108614,561491877,Cesar,Mas,6462
108615,382502122,Angel,Heredia,6463
108616,218840970,Dorotea,Carreno,6464
108617,346657217,Liliana,Aviles,6465
108618,276510846,Regina,Diaz,6466
108619,172972731,Carina,Aparicio,6467
108620,974829969,Juana,Gordillo,6468
108621,830856216,Galo,Domingo,6469
108622,450291969,Adolfo,Amo,6470
108623,668876198,Rosendo,Alberdi,6471
108624,961124562,Ruben,Garmendia,6472
108625,177587916,Trinidad,Mendez,6473
108626,335911066,Sandalio,Estevez,6474
108627,316012980,Belen,Julian,6475
108628,485567072,Odalis,Avila,6476
108629,783834456,Roberta,Pena,6477
108630,267922496,Casandra,Arribas,6478
108631,473736628,Ana Belen,Arcos,6479
108632,623581529,Berto,Priego,6480
108633,734461605,Rodolfo,Cordero,6481
108634,461215875,Luisa,Caparros,6482
108635,185164394,Eusebio,Anaya,6483
108636,515917608,Manolo,Cornejo,6484
108637,352602402,Eutimio,Porcel,6485
108638,269081211,Toni,Ocana,6486
108639,398020806,Valero,Ramirez,6487
108640,388439318,Martirio,Arce,6488
108641,315897147,Azucena,Bautista,6489
108642,298386805,Salome,Marquez,6490
108643,365318898,Leonardo,Canovas,6491
108644,123133118,Pacifica,Minguez,6492
108645,574366638,Febe,Yanez,6493
108646,142942911,Julian,Duarte,6494
108647,191917509,Severiano,Camino,6495
108648,659725680,Dan,Gascon,6496
108649,802623080,Dani,Jorda,6497
108650,272757992,Luciana,Ripoll,6498
108651,824006418,Arsenio,Lucas,6499
108652,490566828,Heliodoro,Costa,6500
108653,518720904,Cirino,Fuster,6501
108654,946796677,Teresita,Carbonell,6502
108655,569341618,Ruperta,Estrada,6503
108656,408668258,Marisela,Quintana,6504
108657,203813780,Josue,Puente,6505
108658,658830120,Adan,Ibarra,6506
108659,370718633,Javiera,Yanez,6507
108660,574651052,Emilia,Caro,6508
108661,438515823,Adan,Girona,6509
108662,169582295,Ramon,Barreda,6510
108663,612254266,Dora,Guillen,6511
108664,954812568,Victor,Paredes,6512
108665,789352862,Guadalupe,Chamorro,6513
108666,236902561,Mauricio,Arnal,6514
108667,824062618,Buenaventura,Pascual,6515
108668,125545215,Xiomara,Marin,6516
108669,596422348,Alma,Rey,6517
108670,816653442,Anibal,Pavon,6518
108671,573689511,Esmeralda,Mulet,6519
108672,964095339,Pastor,Jerez,6520
108673,965961376,Crescencia,Rios,6521
108674,855362787,Tecla,Escolano,6522
108675,409614087,Rodrigo,Fonseca,6523
108676,491112383,Merche,Mateos,6524
108677,446583571,Teresa,Manzanares,6525
108678,938486628,Juanita,Luna,6526
108679,144104083,Aaron,Villanueva,6527
108680,997267363,Donato,Casado,6528
108681,994627319,Carmelita,Puente,6529
108682,189927744,Marco,Plaza,6530
108683,776810237,Fabiana,Llado,6531
108684,833520100,Andres,Rodrigo,6532
108685,390123571,Lorena,Bayon,6533
108686,415626357,Itziar,Gras,6534
108687,323511579,Pepita,Ribes,6535
108688,293299158,Leoncio,Bermudez,6536
108689,179758912,Adora,Tellez,6537
108690,251798566,Carlos,Anglada,6538
108691,300620606,Roberto,Zurita,6539
108692,158893442,Toribio,Gamez,6540
108693,516153255,Teresa,Ortuno,6541
108694,287919219,Iban,Canet,6542
108695,513599250,Maria Del Carmen,Mora,6543
108696,613118479,Sonia,Fuentes,6544
108697,593178682,Aureliano,Cervera,6545
108698,344746172,Sergio,Madrigal,6546
108699,782211616,Salome,Carreno,6547
108700,302014319,Jose Antonio,Marquez,6548
108701,902552362,Diana,Cornejo,6549
108702,458034189,Romulo,Cervera,6550
108703,309268741,Renata,Nogues,6551
108704,335626155,Olimpia,Muro,6552
108705,194098551,Valeria,Noriega,6553
108706,590294028,Lucio,Rozas,6554
108707,329191944,Roberta,Jordan,6555
108708,928419286,Sonia,Cuenca,6556
108709,854761010,Mercedes,Fabra,6557
108710,317043926,Elodia,Garay,6558
108711,705869890,Ruperto,Rios,6559
108712,642063420,Lucia,Alamo,6560
108713,681389673,Febe,Berrocal,6561
108714,928532467,Andrea,Marquez,6562
108715,833961432,Martin,Ruano,6563
108716,256780212,Jose Angel,Azcona,6564
108717,889530969,Wilfredo,Escamilla,6565
108718,423162979,Carlos,Calatayud,6566
108719,878427537,Lucas,Guardiola,6567
108720,200140859,Elodia,Nunez,6568
108721,278477616,Porfirio,Duenas,6569
108722,386478942,Gregorio,Benitez,6570
108723,626216464,Mariano,Cabo,6571
108724,999331478,Lola,Valencia,6572
108725,549411008,Arcelia,Batlle,6573
108726,449171374,Mauricio,Lago,6574
108727,628767711,Felisa,Penalver,6575
108728,896808168,Hector,Nogues,6576
108729,951821525,Guiomar,Tamarit,6577
108730,763714265,Rosenda,Canet,6578
108731,743884219,Isaac,Manrique,6579
108732,751642122,Omar,Giner,6580
108733,864851909,Amaya,Tomas,6581
108734,398316471,Luis Angel,Olivera,6582
108735,763117143,Fidel,Tena,6583
108736,773430225,Quirino,Espinosa,6584
108737,722494904,Nilda,Crespo,6585
108738,951528447,Rosa Maria,Zamorano,6586
108739,805109921,Estefania,Cuesta,6587
108740,356719628,Emilio,Moraleda,6588
108741,267877200,Rufino,Asensio,6589
108742,485077723,Evangelina,Pelaez,6590
108743,119323083,Ciro,Hidalgo,6591
108744,635112480,Alex,Leon,6592
108745,922507280,Luis Angel,Gomila,6593
108746,820108265,Oriana,Gamez,6594
108747,999297464,Xiomara,Otero,6595
108748,585837090,Nayara,Quero,6596
108749,771528477,Narcisa,Valbuena,6597
108750,793301386,Quirino,Quintanilla,6598
108751,309870803,Adela,Benito,6599
108752,338351947,Cipriano,Villanueva,6600
108753,841290962,Adalberto,Sanmiguel,6601
108754,844920198,Lope,Calzada,6602
108755,468847415,Maximiano,Rossello,6603
108756,434287540,Calixto,Naranjo,6604
108757,760985315,Brunilda,Torrent,6605
108758,254511314,Iker,Mosquera,6606
108759,466156392,Aurelio,Tudela,6607
108760,777655829,Amanda,Camara,6608
108761,665843017,Florina,Lluch,6609
108762,681292008,Aurelia,Benavent,6610
108763,869658667,Borja,Tirado,6611
108764,713981335,Prudencio,Salinas,6612
108765,541448487,Vanesa,Fuertes,6613
108766,533095503,Dionisio,Landa,6614
108767,860933972,Heliodoro,Cisneros,6615
108768,513540951,Porfirio,Solis,6616
108769,132877339,Tamara,Vilar,6617
108770,312189503,Gilberto,Oliva,6618
108771,466977674,Abraham,Aviles,6619
108772,559076001,Nicodemo,Duran,6620
108773,384290455,Tere,Arcos,6621
108774,492619707,Silvio,Portillo,6622
108775,709084549,Adoracion,Guillen,6623
108776,280770651,Fulgencio,Baena,6624
108777,133177364,Jacinta,Simo,6625
108778,597895262,Arturo,Santiago,6626
108779,959462163,Dominga,Posada,6627
108780,797325293,Vasco,Ledesma,6628
108781,853591050,Marc,Pont,6629
108782,764540507,Nieves,Garcia,6630
108783,104985162,Rosalinda,Urrutia,6631
108784,294682507,Javier,Uribe,6632
108785,997224326,Amado,Huerta,6633
108786,551430160,Adriana,Izquierdo,6634
108787,506825007,Jose Manuel,Esteve,6635
108788,571092846,Maria Cristina,Paez,6636
108789,380791594,Albert,Frias,6637
108790,481790533,Cipriano,Carreras,6638
108791,431541461,Evelia,Clavero,6639
108792,944705334,Ariel,Casado,6640
108793,630432456,Maria Angeles,Ropero,6641
108794,872832777,Felix,Torrents,6642
108795,393463955,Benita,Frias,6643
108796,331933898,Mateo,Carrillo,6644
108797,822427743,Goyo,Querol,6645
108798,546990675,Rosalina,Jaume,6646
108799,588836127,Zaida,Torrens,6647
108800,277860176,Olivia,Pina,6648
108801,441773929,Quirino,Leon,6649
108802,736338520,Ruben,Balaguer,6650
108803,542362154,Socorro,Llorente,6651
108804,643612213,Marcelino,Morcillo,6652
108805,280490934,Elvira,Robles,6653
108806,812796608,Paula,Donaire,6654
108807,569008192,Sancho,Giner,6655
108808,239510711,Cruz,Uria,6656
108809,121067259,Pacifica,Zapata,6657
108810,430655509,Saturnino,Manrique,6658
108811,615546813,Nereida,Palomo,6659
108812,696539916,Santiago,Cuenca,6660
108813,560751509,Victorino,Franch,6661
108814,212566620,Gaston,Berrocal,6662
108815,484828872,Augusto,Chaves,6663
108816,249022477,Nazaret,Barroso,6664
108817,976485659,Lalo,Rosado,6665
108818,895050165,Gregorio,Agullo,6666
108819,935769193,Olalla,Juan,6667
108820,847832013,Gema,Manso,6668
108821,733635386,Pascual,Pina,6669
108822,771739260,Salomon,Ortuno,6670
108823,788653065,Artemio,Cervera,6671
108824,982282960,Tere,Moles,6672
108825,109188223,Horacio,Cid,6673
108826,861776731,Yago,Verdu,6674
108827,886413369,Marina,Leon,6675
108828,849782716,Marisa,Mari,6676
108829,657732266,Horacio,Solis,6677
108830,991252334,Arcelia,Azcona,6678
108831,944388455,Jose Ramon,Luna,6679
108832,656212524,Mario,Corral,6680
108833,200525722,Anselmo,Casares,6681
108834,256200744,Manu,Tejedor,6682
108835,695645462,Elba,Zurita,6683
108836,290535091,Wilfredo,Toro,6684
108837,151990720,Socorro,Sanchez,6685
108838,171842713,Agata,Beltran,6686
108839,775715391,Venceslas,Mateo,6687
108840,621064901,Flor,Calleja,6688
108841,925272543,Elisa,Salvador,6689
108842,448525547,Bienvenida,Cadenas,6690
108843,512161614,Dorotea,Menendez,6691
108844,330706995,Jose Luis,Bueno,6692
108845,643681940,Marcia,Ibarra,6693
108846,556351359,Macaria,Bejarano,6694
108847,394449242,Carina,Blanch,6695
108848,192187912,Ruth,Alcazar,6696
108849,609317517,Goyo,Bauza,6697
108850,984745174,Alfredo,Goicoechea,6698
108851,219758862,Matilde,Alvarez,6699
108852,306311946,Leopoldo,Losada,6700
108853,356476138,Arsenio,Villalonga,6701
108854,507293176,Eduardo,Manzanares,6702
108855,703983678,Mireia,Canton,6703
108856,664772443,Bartolome,Coello,6704
108857,100961661,Marisela,Querol,6705
108858,409976889,Melisa,Melero,6706
108859,270152474,Adalberto,Benet,6707
108860,812931812,Paola,Roura,6708
108861,329884634,Marta,Abascal,6709
108862,223253360,Gabino,Pareja,6710
108863,211514451,Trini,Fernandez,6711
108864,753737778,Rosa,Navas,6712
108865,584997571,Lucila,Cepeda,6713
108866,860352285,Azahara,Capdevila,6714
108867,326125576,Aranzazu,Posada,6715
108868,885427326,Arcelia,Olive,6716
108869,978826702,Maria Dolores,Espinosa,6717
108870,791040225,Benita,Miro,6718
108871,559060513,Arsenio,Narvaez,6719
108872,949133615,Regina,Yuste,6720
108873,630447750,Rolando,Zamorano,6721
108874,909272026,Marita,Jerez,6722
108875,987931718,Manuela,Armengol,6723
108876,691727954,Laura,Escobar,6724
108877,236639004,Vicenta,Baron,6725
108878,687034843,Regina,Casanovas,6726
108879,678089109,Alejo,Abascal,6727
108880,798041008,Cleto,Valencia,6728
108881,896191854,Espiridion,Villa,6729
108882,465385305,Juanita,Solana,6730
108883,488171569,Adriana,Pineda,6731
108884,644929981,Brigida,Alberola,6732
108885,279266307,Angeles,Espejo,6733
108886,824038518,Rodrigo,Segui,6734
108887,112981354,Gloria,Espana,6735
108888,436404637,Maristela,Perello,6736
108889,113494700,Fatima,Gimenez,6737
108890,842932647,Primitiva,Navarrete,6738
108891,531056471,Ariel,Rius,6739
108892,187583342,Josue,Noguera,6740
108893,377094802,Carolina,Codina,6741
108894,632668995,Consuela,Millan,6742
108895,648987901,Chus,Olivera,6743
108896,681836673,Purificacion,Saenz,6744
108897,447737258,Odalis,Domenech,6745
108898,296174130,Amarilis,Vilalta,6746
108899,489308367,Maximiano,Tello,6747
108900,931574417,Rebeca,Cortes,6748
108901,552569258,Dorita,Ugarte,6749
108902,974141474,Eutimio,Serna,6750
108903,630525918,Dalila,Vidal,6751
108904,348584057,Edelmiro,Granados,6752
108905,326796773,Horacio,Ferrandez,6753
108906,569599139,Amado,Mugica,6754
108907,275376361,Noelia,Folch,6755
108908,518334511,Teofilo,Vega,6756
108909,235076488,Salvador,Quintanilla,6757
108910,106010097,Elena,Cabello,6758
108911,215840757,Alexandra,Gimenez,6759
108912,689212177,Bibiana,Calvo,6760
108913,489310427,Cristian,Saldana,6761
108914,504247424,Victorino,Cuevas,6762
108915,486137781,Pascuala,Quiros,6763
108916,262706240,Reinaldo,Olivera,6764
108917,781841854,Saturnina,Molina,6765
108918,430443400,Miriam,Bonilla,6766
108919,646074313,Nico,Benet,6767
108920,359612319,Romulo,Villalonga,6768
108921,960634649,Constanza,Gascon,6769
108922,749714785,Candelas,Pedrosa,6770
108923,991691921,Eulalia,Canovas,6771
108924,473985330,Juanito,Clavero,6772
108925,343123773,Asdrubal,Gallo,6773
108926,354976120,Lucia,Bernat,6774
108927,393492356,Jose,Alegre,6775
108928,368349890,Florencio,Miranda,6776
108929,458624399,Vidal,Tomas,6777
108930,960438530,Maria Del Carmen,Barrera,6778
108931,322542719,Ovidio,Torrent,6779
108932,861450249,Curro,Arribas,6780
108933,730222642,Alejandro,Dominguez,6781
108934,825833953,Heriberto,Plana,6782
108935,613156392,Maximiliano,Hernandez,6783
108936,113908659,Albino,Rodriguez,6784
108937,423424437,Tania,Parra,6785
108938,340952508,Julieta,Borras,6786
108939,178762741,Eulalia,Zaragoza,6787
108940,139409558,Guadalupe,Garate,6788
108941,364235636,Nazaret,Segovia,6789
108942,743249050,Vilma,Haro,6790
108943,622086638,Esteban,Amo,6791
108944,993024807,Yesica,Duarte,6792
108945,425494440,Anselmo,Rey,6793
108946,553764715,Amado,Canas,6794
108947,490085052,Gregorio,Pareja,6795
108948,754949557,Sara,Romero,6796
108949,734408911,Florencio,Llorente,6797
108950,660456309,Natanael,Bravo,6798
108951,878262528,Monica,Avila,6799
108952,782054486,Adan,Llorens,6800
108953,140556586,Soledad,Izaguirre,6801
108954,176884327,Rogelio,Canales,6802
108955,925150078,Juan Manuel,Riba,6803
108956,293847294,Yessica,Mayoral,6804
108957,762629729,Albano,Cabo,6805
108958,581376490,Samuel,Tejedor,6806
108959,281553812,Alejandra,Iniesta,6807
108960,613931426,Eli,Cardona,6808
108961,453278210,Mateo,Estrada,6809
108962,986245751,Pastor,Lobo,6810
108963,682204766,Humberto,Manso,6811
108964,899813417,Eva Maria,Jerez,6812
108965,469769558,Asuncion,Manzano,6813
108966,231617251,Patricio,Reig,6814
108967,337482201,Lorena,Losa,6815
108968,464719771,Emma,Zamorano,6816
108969,281486414,Angelino,Acedo,6817
108970,620755835,Coral,Leiva,6818
108971,215741294,Rosa,Bru,6819
108972,601915289,Adora,Anglada,6820
108973,788233460,Maria,Rios,6821
108974,900875428,Noelia,Nebot,6822
108975,183103558,Amaro,Uria,6823
108976,396118406,Augusto,Llano,6824
108977,123064068,Jennifer,Nicolau,6825
108978,126712641,Ainoa,Toledo,6826
108979,883708514,Zacarias,Carreno,6827
108980,328731065,Corona,Torres,6828
108981,923852046,Elpidio,Ortiz,6829
108982,579549645,Primitivo,Mateo,6830
108983,778633871,Teofilo,Luz,6831
108984,113434693,Emiliano,Bas,6832
108985,334324008,Pili,Llado,6833
108986,340338836,Amilcar,Campo,6834
108987,561243359,Jorge,Leon,6835
108988,893455941,Bernardino,Flores,6836
108989,106983709,Isidro,Carrion,6837
108990,215914548,Fermin,Vicens,6838
108991,774946634,Joel,Alberola,6839
108992,652764831,Jordi,Llorente,6840
108993,526443072,Lucia,Menendez,6841
108994,992796154,Ambrosio,Jover,6842
108995,637581714,Julieta,Bonilla,6843
108996,735294057,Rafa,Sola,6844
108997,899326377,Ceferino,Jodar,6845
108998,888604597,Jimena,Camps,6846
108999,827430922,Amaro,Nevado,6847
109000,487236761,Mercedes,Acevedo,6848
109001,560152260,Lalo,Donoso,6849
109002,720787972,Susana,Gabaldon,6850
109003,503329760,Hermenegildo,Izquierdo,6851
109004,466686777,Encarna,Tormo,6852
109005,549287713,Elena,Rivera,6853
109006,626215957,Ulises,Adadia,6854
109007,572090466,Dominga,Berenguer,6855
109008,359776742,Claudia,Riba,6856
109009,909623714,Virgilio,Castaneda,6857
109010,168182645,Silvio,Rico,6858
109011,574983383,Tania,Colom,6859
109012,837763488,Gabriela,Peralta,6860
109013,595631017,Americo,Uribe,6861
109014,692827150,Baltasar,Macias,6862
109015,597330300,Nico,Losada,6863
109016,118211824,Reyes,Mulet,6864
109017,110301273,Sebastian,Conesa,6865
109018,544134308,Jeronimo,Garmendia,6866
109019,415670696,Ana Sofia,Frias,6867
109020,684333698,Dulce,Parra,6868
109021,337174768,Leocadio,Ballester,6869
109022,340944275,Felicidad,Alcala,6870
109023,196894167,Eutimio,Urena,6871
109024,721089636,Aaron,Mateu,6872
109025,309901509,Moises,Alvarado,6873
109026,511549555,Maria Luisa,Mateos,6874
109027,103642393,Encarnacion,Canals,6875
109028,600328718,Esmeralda,Morales,6876
109029,933934205,Elpidio,Romeu,6877
109030,172923413,Coral,Buendia,6878
109031,864214373,Magdalena,Saura,6879
109032,927418434,Heriberto,Arranz,6880
109033,643072652,Albano,Falco,6881
109034,448534704,Guadalupe,Villalba,6882
109035,506039230,Febe,Blasco,6883
109036,240676873,Aura,Mendez,6884
109037,236137472,Francisco Javier,Vina,6885
109038,151885047,Jose,Ribera,6886
109039,245712352,Moises,Vina,6887
109040,597571697,Desiderio,Fuente,6888
109041,189809474,Lola,Hidalgo,6889
109042,613795574,Melisa,Figueras,6890
109043,942639681,Jacinto,Abellan,6891
109044,714601355,Rosalva,Puerta,6892
109045,770844535,Ramona,Angel,6893
109046,739423419,Caridad,Galvan,6894
109047,564392593,Fabiola,Canas,6895
109048,137851517,Loreto,Saura,6896
109049,147884329,Felipa,Barriga,6897
109050,593289346,Tomas,Aguado,6898
109051,407670701,Serafina,Herrero,6899
109052,422883098,Eligia,Vinas,6900
109053,240675324,Arcelia,Losada,6901
109054,255281255,Cipriano,Ramos,6902
109055,537445772,Carla,Uribe,6903
109056,540923183,Cruz,Porras,6904
109057,586942861,Anibal,Nadal,6905
109058,400167782,Eloisa,Valverde,6906
109059,605607581,Maximiliano,Paz,6907
109060,800919015,Julio Cesar,Goicoechea,6908
109061,292204345,Lucia,Medina,6909
109062,796938054,Aitor,Galvez,6910
109063,308545220,Georgina,Aguado,6911
109064,348666234,Tatiana,Izaguirre,6912
109065,704895313,Armida,Toledo,6913
109066,907474030,German,Losa,6914
109067,342588248,Salome,Cordero,6915
109068,981177247,Narciso,Lucas,6916
109069,413340853,Rosalina,Esparza,6917
109070,236770939,Quique,Muniz,6918
109071,499238032,Sonia,Lamas,6919
109072,708379857,Silvia,Sola,6920
109073,937949944,Lucio,Luz,6921
109074,527272250,Aurelia,Urena,6922
109075,910945703,Regulo,Galvan,6923
109076,356978456,Geronimo,Aguilera,6924
109077,386592982,Isa,Abascal,6925
109078,887335709,Jesusa,Ramon,6926
109079,107096648,Efrain,Ferrer,6927
109080,344015530,Paca,Rico,6928
109081,737188176,Hipolito,Pastor,6929
109082,623342681,Teresa,Alemany,6930
109083,859896984,Maite,Pina,6931
109084,120294301,Noemi,Cantero,6932
109085,561119721,Eva Maria,Ballester,6933
109086,180623986,Florentino,Carnero,6934
109087,520794150,Rosalina,Pizarro,6935
109088,738365875,Leticia,Borrego,6936
109089,996446729,Noelia,Blazquez,6937
109090,905756014,Alejandro,Aranda,6938
109091,902294078,Anabel,Rojas,6939
109092,166276432,Sandra,Angel,6940
109093,669596395,Amancio,Barranco,6941
109094,510367204,Renato,Solis,6942
109095,680390997,Ruben,Luna,6943
109096,163643440,Jenny,Guerrero,6944
109097,215636902,Teofilo,Guijarro,6945
109098,607947384,Felix,Jordan,6946
109099,725542881,Gervasio,Mas,6947
109100,856799698,Octavia,Canales,6948
109101,547368703,Natanael,Ricart,6949
109102,785978965,Rodrigo,Cuadrado,6950
109103,199130752,Lola,Aguirre,6951
109104,854902786,Pancho,Coloma,6952
109105,125342649,Dorotea,Cabrera,6953
109106,816363514,Caridad,Duque,6954
109107,578083166,Jordana,Mercader,6955
109108,439731666,Marcela,Bou,6956
109109,158023220,Elba,Blanco,6957
109110,944327628,Eladio,Nunez,6958
109111,109693304,Iban,Diego,6959
109112,859934207,Reyes,Palomares,6960
109113,771737134,Poncio,Pol,6961
109114,194960237,Custodia,Losada,6962
109115,825627626,Jose,Padilla,6963
109116,643262618,Virgilio,Marti,6964
109117,185516501,Remedios,Pera,6965
109118,328886759,Emiliano,Pena,6966
109119,585314202,Zaida,Rios,6967
109120,877906063,Clarisa,Izaguirre,6968
109121,495153876,Aura,Carretero,6969
109122,112889577,Yolanda,Bartolome,6970
109123,764874595,Espiridion,Albero,6971
109124,560790699,Angel,Cabrera,6972
109125,728709790,Walter,Bustamante,6973
109126,119387046,Nicodemo,Ocana,6974
109127,859964186,Aurea,Cuervo,6975
109128,759883840,Juanita,Garate,6976
109129,324613108,Urbano,Alegria,6977
109130,624055677,Alicia,Baena,6978
109131,231911252,Alvaro,Mateu,6979
109132,769851423,Marcelo,Canales,6980
109133,990891500,Ainara,Farre,6981
109134,288472440,Cleto,Vives,6982
109135,877395352,Rafa,Casal,6983
109136,846965730,Lidia,Blanca,6984
109137,400969536,Chema,Bonet,6985
109138,480036851,Lalo,Rivas,6986
109139,184548728,Maricela,Jove,6987
109140,316318223,Ariel,Feijoo,6988
109141,485449823,Heriberto,Murillo,6989
109142,479558932,Maxi,Arana,6990
109143,540903834,Inmaculada,Rozas,6991
109144,172739163,Jose Mari,Fabregat,6992
109145,556642155,Fidel,Luz,6993
109146,122643176,Socorro,Castello,6994
109147,941399648,Encarnacion,Mendez,6995
109148,574653880,Maite,Barcelo,6996
109149,976625572,Ciriaco,Bermudez,6997
109150,801058087,Elba,Escolano,6998
109151,218407668,Lina,Galindo,6999
109152,736732573,Maria Jesus,Pombo,7000
109153,670974672,Conrado,Aragones,7001
109154,914816938,Mariano,Guillen,7002
109155,541409779,Candela,Vega,7003
109156,923822651,Mamen,Ferrandez,7004
109157,945100945,Marisa,Verdejo,7005
109158,690177214,Lola,Mur,7006
109159,485258583,Jimena,Porras,7007
109160,996647515,Valentin,Torrijos,7008
109161,658257550,Julia,Valle,7009
109162,427166080,Herminia,Mir,7010
109163,729575111,Florencia,Garriga,7011
109164,973756763,Abril,Garmendia,7012
109165,764043387,Inocencio,Barbero,7013
109166,214299318,Febe,Lorenzo,7014
109167,841398093,Laura,Pineiro,7015
109168,425772773,Tomas,Pons,7016
109169,700820104,Carla,Zamora,7017
109170,564896249,Oscar,Serrano,7018
109171,835873766,Aura,Pomares,7019
109172,253356480,Asdrubal,Fernandez,7020
109173,254702408,Lope,Granados,7021
109174,462045064,Maria Jose,Sabater,7022
109175,392735959,Albino,Rivas,7023
109176,578398221,Teobaldo,Cisneros,7024
109177,420731079,Efrain,Oliva,7025
109178,917927097,Zaira,Zabaleta,7026
109179,455062351,Inigo,Ramirez,7027
109180,386183814,Eloisa,Salvador,7028
109181,370204439,Primitivo,Muniz,7029
109182,474376790,Guillermo,Madrigal,7030
109183,784841081,Monica,Moreno,7031
109184,889314975,Jose Ramon,Camps,7032
109185,865335072,Celestina,Gonzalez,7033
109186,768884024,Nicolas,Cordoba,7034
109187,108129240,Reyes,Ortuno,7035
109188,173822929,Felicidad,Quevedo,7036
109189,621818830,Norberto,Vargas,7037
109190,368921788,Olimpia,Porcel,7038
109191,415332023,Apolonia,Novoa,7039
109192,839085812,Maria Jose,Barros,7040
109193,461073532,Daniel,Calvet,7041
109194,306517687,Luis Miguel,Guardiola,7042
109195,922783079,Leonor,Tovar,7043
109196,370447465,Fabio,Parra,7044
109197,860913567,Octavia,Lara,7045
109198,515191832,Jordi,Osorio,7046
109199,152496903,Jose Luis,Armengol,7047
109200,559841713,Raul,Solana,7048
109201,203158575,Perlita,Perez,7049
109202,726505784,Cristian,Olivares,7050
109203,999831681,Ana,Alberto,7051
109204,113351880,Federico,Aleman,7052
109205,467692744,Marita,Ferrando,7053
109206,340495126,Sabina,Carrion,7054
109207,972397343,Sebastian,Ferrero,7055
109208,424449056,Maria Fernanda,Vendrell,7056
109209,841082190,Gertrudis,Sarmiento,7057
109210,131100854,Jose Carlos,Cuadrado,7058
109211,242211649,Hipolito,Ferrando,7059
109212,174351944,Bernardo,Vicente,7060
109213,299671815,Luciana,Tapia,7061
109214,476797438,Gabino,Manuel,7062
109215,672990430,Isaias,Zurita,7063
109216,441414438,Rafaela,Lluch,7064
109217,715001509,Nayara,Haro,7065
109218,717330621,Faustino,Serrano,7066
109219,648571904,Sebastian,Martin,7067
109220,251601475,Emma,Sierra,7068
109221,342586321,Araceli,Mendez,7069
109222,687607584,Leandro,Zabala,7070
109223,131652470,Debora,Valentin,7071
109224,343517227,Buenaventura,Cervantes,7072
109225,829954006,Sol,Belda,7073
109226,821476908,Carlito,Abad,7074
109227,910730626,Aaron,Escriva,7075
109228,589012377,Agapito,Llamas,7076
109229,582779858,Amanda,Godoy,7077
109230,810720552,Gregorio,Canals,7078
109231,235447095,Angelino,Cabrero,7079
109232,598264390,Gil,Gamez,7080
109233,192118552,Martina,Pelaez,7081
109234,405976502,Ofelia,Castells,7082
109235,540051211,Eutimio,Calvo,7083
109236,754841021,Consuela,Canete,7084
109237,379876021,Evelia,Nicolas,7085
109238,295565543,Miguela,Baena,7086
109239,346059364,Calista,Antunez,7087
109240,530297583,Prudencia,Quevedo,7088
109241,897924832,Salud,Losada,7089
109242,192367551,Casandra,Peral,7090
109243,543246894,Leoncio,Poza,7091
109244,820009441,Agustin,Quero,7092
109245,673754901,Eugenio,Miguel,7093
109246,118249496,Maria Cristina,Sans,7094
109247,396677937,Salomon,Santos,7095
109248,505190368,Pelayo,Donoso,7096
109249,387948460,Faustino,Ros,7097
109250,332432535,Juan Carlos,Ayala,7098
109251,896668174,Lucho,Ballesteros,7099
109252,943447016,Ana,Pont,7100
109253,986836163,Reyes,Pino,7101
109254,746323687,Zacarias,Ugarte,7102
109255,461469335,Calista,Tirado,7103
109256,769974181,Purificacion,Varela,7104
109257,507726322,Zacarias,Palma,7105
109258,303920041,Lina,Lago,7106
109259,619759472,Inmaculada,Parra,7107
109260,357318652,Teresita,Araujo,7108
109261,396827688,Esteban,Barros,7109
109262,382952297,Geronimo,Carreras,7110
109263,125330092,Donato,Moreno,7111
109264,563448604,Nieves,Soria,7112
109265,677034696,Maura,Reguera,7113
109266,297028115,Efrain,Peral,7114
109267,660098738,Brunilda,Bayo,7115
109268,716451919,Andres Felipe,Vergara,7116
109269,948266436,Jenny,Matas,7117
109270,777778631,Lola,Catalan,7118
109271,388287447,Quirino,Sarmiento,7119
109272,673078419,Rodolfo,Cueto,7120
109273,198409705,Estefania,Adadia,7121
109274,779259286,Marcia,Gutierrez,7122
109275,885074997,Segismundo,Cepeda,7123
109276,824674227,Chelo,Bustamante,7124
109277,440681515,Maria Manuela,Casanovas,7125
109278,708419494,Joan,Gras,7126
109279,440336817,Judith,Solis,7127
109280,590311986,Ulises,Elorza,7128
109281,199945122,Ligia,Vall,7129
109282,976270583,Hector,Fernandez,7130
109283,326735905,Tadeo,Alegre,7131
109284,648249568,Wilfredo,Romeu,7132
109285,955433922,Albino,Somoza,7133
109286,830463301,Maria Jesus,Noriega,7134
109287,938758359,Jose Antonio,Carvajal,7135
109288,852213007,Bibiana,Olivera,7136
109289,860341353,Valerio,Mulet,7137
109290,391828153,Paulino,Prieto,7138
109291,372969647,Ruy,Amor,7139
109292,642235852,Gilberto,Bas,7140
109293,962793029,Roxana,Escolano,7141
109294,275681039,Evita,Uribe,7142
109295,818466525,Manolo,Gomez,7143
109296,752678218,Horacio,Salamanca,7144
109297,447028726,Rocio,Valle,7145
109298,623627775,Manuelita,Ordonez,7146
109299,751616439,Paca,Armas,7147
109300,591258705,Luis,Cerro,7148
109301,107679222,Flavia,Bastida,7149
109302,949960912,Rafael,Iniguez,7150
109303,702673700,Aurora,Abellan,7151
109304,669191835,Jose Maria,Lujan,7152
109305,768008941,Marina,Fiol,7153
109306,325522173,Carmina,Espada,7154
109307,257183333,Yesica,Matas,7155
109308,243337671,Timoteo,Fortuny,7156
109309,295181300,Jafet,Duque,7157
109310,897916456,Jaime,Castro,7158
109311,282567659,Constanza,Amat,7159
109312,591510630,Jose,Vina,7160
109313,475960407,Isidoro,Rebollo,7161
109314,977213833,Heliodoro,Aparicio,7162
109315,424872169,Mamen,Peral,7163
109316,949490997,Guadalupe,Prieto,7164
109317,251251292,Americo,Jordan,7165
109318,640624401,Sarita,Llamas,7166
109319,992027716,Cayetano,Lopez,7167
109320,101634667,Bonifacio,Barreda,7168
109321,876861035,Galo,Aragon,7169
109322,253163091,Hermenegildo,Barrena,7170
109323,338024830,Perla,Pinedo,7171
109324,296890117,Candida,Tello,7172
109325,699743135,Hernan,Sanjuan,7173
109326,471811484,Esperanza,Sanmiguel,7174
109327,551640500,Aurea,Tejero,7175
109328,219393861,Lazaro,Torrents,7176
109329,141251520,Violeta,Perello,7177
109330,252118261,Delfina,Pera,7178
109331,848403222,Vasco,Juan,7179
109332,168960442,Loida,Azorin,7180
109333,452889407,Fatima,Muniz,7181
109334,762039294,Alvaro,Posada,7182
109335,378115689,Efrain,Pineiro,7183
109336,435992282,America,Diego,7184
109337,655472606,Atilio,Canizares,7185
109338,774705855,Cleto,Barros,7186
109339,260239131,Atilio,Mari,7187
109340,644449961,Wilfredo,Bayo,7188
109341,518988936,Patricio,Lumbreras,7189
109342,636452044,Berto,Coronado,7190
109343,440267442,Vicente,Palma,7191
109344,326144105,Carmelita,Frias,7192
109345,604689467,Alonso,Campillo,7193
109346,138522391,Ainoa,Hoyos,7194
109347,653945777,Maria Cristina,Valverde,7195
109348,249176837,Alfredo,Garzon,7196
109349,661925863,Ruperta,Pascual,7197
109350,178843258,Sandalio,Vidal,7198
109351,881782332,Haroldo,Ordonez,7199
109352,661268922,Jose,Gomis,7200
109353,234272992,Julio Cesar,Conesa,7201
109354,239198642,Miguela,Alarcon,7202
109355,542435429,Nerea,Carrillo,7203
109356,448340834,Valentina,Reyes,7204
109357,160275731,Tatiana,Nino,7205
109358,458668600,Desiderio,Torrijos,7206
109359,688490519,Leandra,Colom,7207
109360,598746247,Pascuala,Sotelo,7208
109361,709333634,Piedad,Perez,7209
109362,618356830,Alejandra,Campo,7210
109363,149459142,Adelia,Barcelo,7211
109364,931288416,Caridad,Castrillo,7212
109365,892320131,Fabiana,Blanco,7213
109366,857611638,Jose Carlos,Martin,7214
109367,548295918,Pancho,Mateos,7215
109368,355424388,Eva Maria,Pablo,7216
109369,277832745,Sancho,Marcos,7217
109370,539146564,Hernando,Alonso,7218
109371,385753745,Ofelia,Criado,7219
109372,330873115,Modesto,Mercader,7220
109373,998754463,Eli,Vergara,7221
109374,841978367,Apolonia,Huertas,7222
109375,876603911,Mohamed,Alegria,7223
109376,415603873,Maria Pilar,Haro,7224
109377,861472458,Filomena,Noriega,7225
109378,800784889,Miguel Angel,Aguilera,7226
109379,337765605,Valerio,Soto,7227
109380,757744087,Daniel,Salinas,7228
109381,644435162,Milagros,Alegre,7229
109382,558680466,Esperanza,Roldan,7230
109383,781770320,Crescencia,Barco,7231
109384,404671715,Priscila,Robledo,7232
109385,387294566,Mar,Lucena,7233
109386,226020393,Flavio,Tomas,7234
109387,398679935,Eugenia,Prats,7235
109388,262874103,Fabio,Arribas,7236
109389,317930943,Lucio,Canete,7237
109390,519399419,Reina,Macias,7238
109391,190819237,Goyo,Matas,7239
109392,259839774,Ingrid,Oller,7240
109393,667488647,Tiburcio,Cruz,7241
109394,691544528,Gonzalo,Baena,7242
109395,403071754,Jaime,Baquero,7243
109396,216725794,Eutropio,Velazquez,7244
109397,225824320,Herminia,Sosa,7245
109398,577007384,Haydee,Cerdan,7246
109399,436433898,Ascension,Espada,7247
109400,155242583,Cruz,Canton,7248
109401,906324272,Cristina,Rodrigo,7249
109402,184101816,Benito,Nieto,7250
109403,933703240,Dionisia,Calvo,7251
109404,643570915,Toribio,Andres,7252
109405,869185834,Wilfredo,Talavera,7253
109406,895579960,Josefina,Gil,7254
109407,145633020,Jose,Cid,7255
109408,327633077,Sabina,Vina,7256
109409,661980608,Dorita,Alcolea,7257
109410,970832891,Heraclio,Peiro,7258
109411,608480082,Encarnacion,Alarcon,7259
109412,977878253,Toni,Ibarra,7260
109413,518139815,Agapito,Perez,7261
109414,584519559,Benito,Espana,7262
109415,623606529,Vicenta,Arcos,7263
109416,436752539,Hipolito,Santamaria,7264
109417,446565424,Rosalinda,Aviles,7265
109418,334502459,Efrain,Garriga,7266
109419,667253027,Pascual,Porcel,7267
109420,377637393,Xiomara,Terron,7268
109421,753273454,Feliciano,Canales,7269
109422,679418285,Nelida,Gibert,7270
109423,315902525,Beatriz,Bastida,7271
109424,758376268,Eloisa,Oliver,7272
109425,445120531,Dionisia,Salom,7273
109426,176771479,Marita,Redondo,7274
109427,120608808,Martina,Martinez,7275
109428,176329348,Macario,Cardenas,7276
109429,684268055,Anselma,Segui,7277
109430,456078043,Lucia,Poza,7278
109431,507651910,Ligia,Cerda,7279
109432,120681222,Hermenegildo,Solera,7280
109433,299028314,Pascual,Esteve,7281
109434,437242542,Guiomar,Juan,7282
109435,324137706,Carmela,Esteve,7283
109436,290367709,Amado,Melendez,7284
109437,999374475,Cayetana,Lluch,7285
109438,758702539,Ruben,Giner,7286
109439,667515866,Fernando,Trillo,7287
109440,308175799,Gonzalo,Toro,7288
109441,193353067,Rolando,Soler,7289
109442,146099322,Renato,Robledo,7290
109443,566881956,Conrado,Iniguez,7291
109444,628821884,Nelida,Grau,7292
109445,974160645,Eutimio,Morales,7293
109446,803388283,Jorge,Calleja,7294
109447,739132658,Ale,Juarez,7295
109448,801763278,America,Romeu,7296
109449,226782411,Clemente,Rosa,7297
109450,233222562,Pablo,Morante,7298
109451,763375060,Evaristo,Gual,7299
109452,574609332,Malena,Baro,7300
109453,183933197,Cristobal,Riba,7301
109454,929151826,Ana Sofia,Tamayo,7302
109455,259710165,Emigdio,Diaz,7303
109456,994920338,Nilo,Segura,7304
109457,547758405,Purificacion,Prats,7305
109458,712505856,Marco,Arnau,7306
109459,328189241,Oriana,Lastra,7307
109460,728214658,Maria Dolores,Amo,7308
109461,993437931,Leopoldo,Iglesia,7309
109462,835819520,Odalys,Montalban,7310
109463,381692760,Teofilo,Novoa,7311
109464,267642080,Juan Antonio,Galan,7312
109465,426750942,Manu,Atienza,7313
109466,724550516,Felipa,Bertran,7314
109467,997577790,Marc,Rodrigo,7315
109468,964804378,Encarnacion,Cabeza,7316
109469,793740025,Nazaret,Benavente,7317
109470,492874678,Luis,Villena,7318
109471,133579483,Adoracion,Ruiz,7319
109472,320713248,Julio,Maldonado,7320
109473,712321531,Lalo,Arribas,7321
109474,480883151,Regina,Beltran,7322
109475,798453414,Adelaida,Morcillo,7323
109476,533995528,Aurelio,Alcaraz,7324
109477,548302299,Maria Cristina,Corral,7325
109478,859808620,Nazaret,Sebastian,7326
109479,983594274,Iban,Simo,7327
109480,832444133,Iban,Barragan,7328
109481,145910518,Rufina,Roma,7329
109482,206187121,Alfonso,Aroca,7330
109483,424523361,Josep,Montero,7331
109484,924595546,Nilda,Franco,7332
109485,861799491,Marisol,Naranjo,7333
109486,988672683,Florencio,Villena,7334
109487,525614210,Gema,Mendez,7335
109488,881826080,Cesar,Blazquez,7336
109489,326807592,Loreto,Romeu,7337
109490,106506720,Che,Sosa,7338
109491,330500927,Lorenzo,Castillo,7339
109492,817231055,Anselmo,Corbacho,7340
109493,211293050,Ligia,Vidal,7341
109494,972287661,Celestino,Agusti,7342
109495,951491047,Elena,Rivera,7343
109496,204301802,Florinda,Barba,7344
109497,817130942,Tomasa,Pozuelo,7345
109498,797901642,Leopoldo,Rivero,7346
109499,443775842,Abel,Fernandez,7347
109500,329772526,Anacleto,Acosta,7348
109501,995422991,Soraya,Amaya,7349
109502,875618422,Herminia,Salgado,7350
109503,910753294,Chita,Perera,7351
109504,764222744,Feliciana,Matas,7352
109505,327696748,Vidal,Galvan,7353
109506,363746341,Dani,Colom,7354
109507,904309169,Albano,Garcia,7355
109508,264466815,Abraham,Diaz,7356
109509,220995222,Adan,Oliver,7357
109510,489945828,Aristides,Iniguez,7358
109511,791112003,Cecilio,Aliaga,7359
109512,330803638,Maite,Fabra,7360
109513,110839699,Eligio,Bertran,7361
109514,872668283,Zaida,Caparros,7362
109515,536191287,Macarena,Valenzuela,7363
109516,429111334,Tere,Boix,7364
109517,670030138,Iris,Clemente,7365
109518,129086102,Caridad,Montenegro,7366
109519,227542193,Luis Angel,Lerma,7367
109520,833995809,Cruz,Salazar,7368
109521,930885253,Sandra,Galan,7369
109522,728672155,Eladio,Perez,7370
109523,589342222,Rosenda,Cordoba,7371
109524,331443183,Pio,Bayon,7372
109525,592759994,Ruy,Campoy,7373
109526,884708437,Eladio,Tormo,7374
109527,746429911,Sebastian,Aliaga,7375
109528,345515207,Consuela,Gabaldon,7376
109529,554851808,Vilma,Mora,7377
109530,248945933,Maximiano,Rubio,7378
109531,781972483,Nicodemo,Calleja,7379
109532,528239035,Noelia,Valencia,7380
109533,874123034,Estrella,Hoz,7381
109534,978108989,Emilio,Coello,7382
109535,745439609,Alejandra,Amat,7383
109536,935197899,Poncio,Carretero,7384
109537,262332380,Jeremias,Vicente,7385
109538,513533940,Aranzazu,Gimenez,7386
109539,802883927,Maria Teresa,Perera,7387
109540,409547366,Marita,Nino,7388
109541,677036756,Geronimo,Merino,7389
109542,472563207,Olivia,Solera,7390
109543,896421948,Juan Francisco,Murcia,7391
109544,272057740,Hipolito,Castells,7392
109545,922090750,Paulina,Granados,7393
109546,209081849,Aura,Jimenez,7394
109547,533224107,Lucho,Cabanillas,7395
109548,284723630,Gaston,Rius,7396
109549,639199728,Alejandro,Estevez,7397
109550,932975774,Marisol,Verdugo,7398
109551,347669557,Brigida,Gimeno,7399
109552,747377548,Arturo,Tome,7400
109553,844142190,Casemiro,Bayon,7401
109554,658714767,Sabina,Sedano,7402
109555,815310035,Julia,Perea,7403
109556,740256482,Gervasio,Ferreras,7404
109557,736359808,Elodia,Lobato,7405
109558,435531605,Faustino,Figueroa,7406
109559,108292539,Hilda,Diaz,7407
109560,316286681,Aitana,Benet,7408
109561,116009989,Lorena,Pedrero,7409
109562,236481333,Inocencio,Espada,7410
109563,369979249,Aura,Jimenez,7411
109564,513861408,Jafet,Sarabia,7412
109565,235416481,Rico,Carmona,7413
109566,892175358,Corona,Rivas,7414
109567,865853503,Hernando,Redondo,7415
109568,237967610,Cloe,Tapia,7416
109569,912517247,Yesica,Saldana,7417
109570,311982993,Blanca,Aguila,7418
109571,316325919,Lope,Cuenca,7419
109572,497914647,Leon,Sanz,7420
109573,272564305,Georgina,Bayona,7421
109574,541256584,Carmela,Pintor,7422
109575,401890793,Adrian,Rivas,7423
109576,835524900,Urbano,Arco,7424
109577,740403086,Candida,Exposito,7425
109578,907548526,Heriberto,Botella,7426
109579,828589226,Irene,Benitez,7427
109580,492983535,Juan Pablo,Arribas,7428
109581,655169185,Teodoro,Lerma,7429
109582,751190565,Lola,Molins,7430
109583,359649890,Cebrian,Camps,7431
109584,877572992,Primitivo,Berrocal,7432
109585,198754665,Albert,Ayala,7433
109586,621419260,Venceslas,Folch,7434
109587,380950046,Evaristo,Paz,7435
109588,862038038,Maricela,Aragon,7436
109589,411725914,Camila,Codina,7437
109590,735579216,Macaria,Coll,7438
109591,391530661,Paulina,Arco,7439
109592,441789912,Javi,Casal,7440
109593,207166631,Valero,Ruano,7441
109594,333568182,Marta,Blanco,7442
109595,911452732,Adoracion,Torrijos,7443
109596,996402703,Noe,Garate,7444
109597,277538539,Margarita,Conesa,7445
109598,447369490,Ale,Andreu,7446
109599,784066890,Brigida,Santana,7447
109600,987770426,Lupe,Salgado,7448
109601,297056035,Jordi,Escudero,7449
109602,131730008,Alba,Ferran,7450
109603,794626249,Morena,Abril,7451
109604,297282928,Anselma,Castell,7452
109605,402298110,Aura,Naranjo,7453
109606,433743898,Emelina,Collado,7454
109607,358409539,Leocadia,Lorenzo,7455
109608,975914789,Nereida,Querol,7456
109609,385582211,Abigail,Tello,7457
109610,437906716,Ema,Lucena,7458
109611,989616393,Jenaro,Fernandez,7459
109612,444284247,Ciriaco,Morell,7460
109613,581280865,Pastor,Suarez,7461
109614,256347220,Felipa,Plaza,7462
109615,764140447,Javier,Palomares,7463
109616,366962325,Calixto,Varela,7464
109617,931573820,Fortunata,Pereira,7465
109618,159056531,Erasmo,Ribas,7466
109619,762329405,Reina,Iniesta,7467
109620,291072224,Cloe,Andres,7468
109621,331297213,Lola,Arregui,7469
109622,768089616,Jose Mari,Quintanilla,7470
109623,528091334,Rodolfo,Bellido,7471
109624,676497563,Victoriano,Carrera,7472
109625,430726535,Maxi,Ochoa,7473
109626,164478181,Rodolfo,Infante,7474
109627,789405107,Sandra,Querol,7475
109628,627730618,Marcos,Carrion,7476
109629,155023440,Javiera,Pou,7477
109630,484635582,Bernardita,Poza,7478
109631,545217309,Feliciana,Gelabert,7479
109632,872866852,Curro,Baro,7480
109633,968289121,Nidia,Aragones,7481
109634,238019866,Eutimio,Colom,7482
109635,508764224,Emilia,Escolano,7483
109636,395132648,Amada,Royo,7484
109637,698311653,Roman,Montero,7485
109638,552575458,Celia,Cobos,7486
109639,456466538,Aristides,Arias,7487
109640,536923650,Marcio,Borras,7488
109641,866229250,Ileana,Arnau,7489
109642,907163028,Amaro,Seco,7490
109643,160214198,Aitor,Murcia,7491
109644,725738644,Laura,Zorrilla,7492
109645,486414015,Demetrio,Marti,7493
109646,625634829,Ruperto,Peralta,7494
109647,255660537,Feliciana,Melero,7495
109648,581092487,Ursula,Miralles,7496
109649,898264890,Nidia,Sancho,7497
109650,496224505,Chucho,Anguita,7498
109651,462972883,Ulises,Quintanilla,7499
109652,208484242,Corona,Salva,7500
109653,162524773,Eusebio,Avila,7501
109654,215306634,Ale,Caparros,7502
109655,684124938,Maria Jose,Coloma,7503
109656,278192499,Feliciano,Acero,7504
109657,232321081,Trinidad,Colom,7505
109658,514939021,Dafne,Castellanos,7506
109659,660401491,Teodora,Milla,7507
109660,323346398,Rebeca,Pozuelo,7508
109661,185955917,Reyes,Boada,7509
109662,540721901,Melchor,Salas,7510
109663,511754574,Sofia,Mari,7511
109664,106455320,Jose Angel,Luis,7512
109665,331633143,Gaston,Castaneda,7513
109666,399705329,Luciano,Calleja,7514
109667,267989821,Gil,Farre,7515
109668,416390613,Celestina,Cueto,7516
109669,247038599,Elpidio,Asenjo,7517
109670,584186420,Jose Ignacio,Reguera,7518
109671,178932468,Adelia,Sarmiento,7519
109672,265358392,Caridad,Cerro,7520
109673,254748900,Lara,Peral,7521
109674,701699887,Segismundo,Mariscal,7522
109675,117350621,Alex,Perez,7523
109676,424644643,Esperanza,Castellanos,7524
109677,955508702,Daniela,Cabello,7525
109678,855604367,Amanda,Camara,7526
109679,728333370,Alfredo,Roma,7527
109680,603831613,Juan,Hervia,7528
109681,960284769,Francisco Javier,Perello,7529
109682,632352758,Glauco,Barranco,7530
109683,882799676,Ambar,Santamaria,7531
109684,409493479,Nicolas,Olivares,7532
109685,307792988,Clara,Cadenas,7533
109686,242527118,Maxi,Nicolau,7534
109687,606137969,Nestor,Murillo,7535
109688,212850161,Anastasio,Pol,7536
109689,352747681,Bibiana,Palomino,7537
109690,415868710,Rodrigo,Enriquez,7538
109691,585394218,Nestor,Arnaiz,7539
109692,882328039,Hipolito,Ripoll,7540
109693,984783085,Maricruz,Iniesta,7541
109694,154939262,Gil,Larrea,7542
109695,207421424,Sebastian,Ferrandiz,7543
109696,336397936,Camila,Calvo,7544
109697,500506776,Ainara,Peral,7545
109698,416647970,Carmela,Sole,7546
109699,877544902,Paloma,Aleman,7547
109700,787650240,Clementina,Cuadrado,7548
109701,278225369,Teo,Jaume,7549
109702,530067977,Salomon,Andres,7550
109703,681159541,Veronica,Sabater,7551
109704,735474156,Paloma,Lamas,7552
109705,780120554,Chucho,Amor,7553
109706,532575408,Anselmo,Maldonado,7554
109707,234552891,Custodia,Suarez,7555
109708,632451297,Calixta,Sanjuan,7556
109709,507531138,Carmen,Barbera,7557
109710,943346071,Efrain,Solana,7558
109711,584146324,Fanny,Atienza,7559
109712,523053532,Ale,Arino,7560
109713,963392099,Azeneth,Escriva,7561
109714,326799930,Inigo,Pla,7562
109715,633030929,Zaira,Pineiro,7563
109716,697016238,Jose,Guerra,7564
109717,924601785,Benita,Vendrell,7565
109718,547869862,Roberta,Sureda,7566
109719,957561048,Zoraida,Pelaez,7567
109720,335216765,Dorotea,Coca,7568
109721,527147022,Juanito,Campoy,7569
109722,537057217,Irene,Castro,7570
109723,583023056,Primitivo,Olivera,7571
109724,974344651,Iris,Salinas,7572
109725,231017099,Evita,Gaya,7573
109726,198036272,Ascension,Clemente,7574
109727,191573168,Bonifacio,Salmeron,7575
109728,933856503,Maxima,Garrido,7576
109729,824769825,Fulgencio,Martorell,7577
109730,117206126,Victoria,Cazorla,7578
109731,156311535,Lope,Bartolome,7579
109732,255323935,Cecilia,Diaz,7580
109733,843190487,Palmira,Herrero,7581
109734,432638140,Edelmiro,Carbonell,7582
109735,606195869,Diana,Tellez,7583
109736,147612751,Amor,Cuevas,7584
109737,375960894,Matilde,Galvan,7585
109738,355678451,Angel,Barrios,7586
109739,177743593,Martin,Iniguez,7587
109740,796145932,Jose Francisco,Canton,7588
109741,885476987,Carlota,Aleman,7589
109742,281494597,Vidal,Mayol,7590
109743,166550233,Marcos,Arrieta,7591
109744,443156725,Genoveva,Boix,7592
109745,157916634,Carlota,Benet,7593
109746,162315026,Hilda,Escudero,7594
109747,669068426,Leoncio,Salvador,7595
109748,262655505,Consuela,Arnal,7596
109749,321405523,Fito,Vallejo,7597
109750,708932663,Trinidad,Coronado,7598
109751,922110746,Yago,Alfonso,7599
109752,359867606,Manuelita,Torrecilla,7600
109753,389578963,Octavia,Barrena,7601
109754,203868746,Paula,Bernat,7602
109755,304991671,Trinidad,Fernandez,7603
109756,652184754,Roldan,Rosado,7604
109757,866795086,Maura,Roca,7605
109758,599025708,Luz,Perea,7606
109759,789056048,Conrado,Uria,7607
109760,964345720,Eliana,Gallardo,7608
109761,931815980,Cristobal,Mari,7609
109762,647774405,Claudia,Salmeron,7610
109763,361707805,Leoncio,Santana,7611
109764,529623121,Elodia,Patino,7612
109765,172563974,Baltasar,Pedrero,7613
109766,825835089,Saturnina,Falco,7614
109767,924221863,Edelmiro,Briones,7615
109768,176572648,Jose Angel,Berrocal,7616
109769,535907292,Irene,Balaguer,7617
109770,329144876,Zaira,Campo,7618
109771,564816606,Josefa,Jimenez,7619
109772,139202958,Evaristo,Calatayud,7620
109773,119877270,Nuria,Delgado,7621
109774,477588651,Marcos,Pavon,7622
109775,294823067,Fanny,Llobet,7623
109776,740997117,Goyo,Manso,7624
109777,725192152,Miriam,Navas,7625
109778,292698844,Gervasio,Toro,7626
109779,178099885,Carmelita,Molina,7627
109780,821620238,Mireia,Sainz,7628
109781,941993026,Marco,Nadal,7629
109782,849108100,Alejandro,Benito,7630
109783,568140222,Javier,Viana,7631
109784,753139425,Teofilo,Egea,7632
109785,550272505,Erasmo,Ruano,7633
109786,387541545,Zaida,Almeida,7634
109787,685420053,Charo,Mateos,7635
109788,979633124,Eutimio,Azorin,7636
109789,474922137,Serafina,Ribes,7637
109790,522227345,Flavia,Roma,7638
109791,240990356,Caridad,Guzman,7639
109792,387511420,Susanita,Gomis,7640
109793,621286783,Maria Luisa,Nevado,7641
109794,621710586,Danilo,Aguilo,7642
109795,659484112,Lucio,Soria,7643
109796,649870189,Candelaria,Blasco,7644
109797,327928844,Adolfo,Teruel,7645
109798,786684958,Mamen,Plaza,7646
109799,261727858,Charo,Galindo,7647
109800,318695254,Cecilio,Pinto,7648
109801,499843026,Rosaura,Blanca,7649
109802,339654638,Emma,Valverde,7650
109803,740514723,Hilda,Aguila,7651
109804,109028477,Albert,Plaza,7652
109805,772790540,Ofelia,Machado,7653
109806,334456418,Eulalia,Garcia,7654
109807,285887593,Inigo,Ferreras,7655
109808,671584803,Calixto,Dominguez,7656
109809,910392388,Samu,Farre,7657
109810,397997560,Virginia,Manzano,7658
109811,808565811,Baldomero,Ordonez,7659
109812,501176639,Victoriano,Morera,7660
109813,239303217,Fatima,Laguna,7661
109814,771848443,Vicenta,Lamas,7662
109815,156664598,Ildefonso,Crespi,7663
109816,259290113,Ovidio,Rojas,7664
109817,514849538,Ainoa,Garces,7665
109818,197950150,Manola,Boada,7666
109819,440360052,Esther,Aguirre,7667
109820,525520562,Luis,Ferran,7668
109821,165013276,Carina,Cases,7669
109822,381887644,Yaiza,Sancho,7670
109823,183526680,Gerardo,Carbajo,7671
109824,247364204,Telmo,Lastra,7672
109825,964183246,Casemiro,Bru,7673
109826,918079774,Eva Maria,Garzon,7674
109827,777937693,Lupe,Ibanez,7675
109828,729587493,Ruy,Melendez,7676
109829,767530260,Gabriela,Reyes,7677
109830,173046012,Simon,Carmona,7678
109831,611423903,Jonatan,Santamaria,7679
109832,793067663,Anacleto,Fajardo,7680
109833,913395885,Eva Maria,Cabezas,7681
109834,689387393,Ester,Guillen,7682
109835,413053074,Sol,Juan,7683
109836,386324079,Joan,Molina,7684
109837,479968464,Ildefonso,Borja,7685
109838,840168553,Bernardino,Trujillo,7686
109839,805401765,Elena,Espana,7687
109840,135768748,Ariel,Galvez,7688
109841,857415232,Abril,Asenjo,7689
109842,714845619,Aroa,Reyes,7690
109843,399309163,Vicente,Lledo,7691
109844,604246778,Mayte,Guardia,7692
109845,104913772,Tomas,Berrocal,7693
109846,981025480,Encarnacion,Cuesta,7694
109847,863924009,Angeles,Montoya,7695
109848,910293775,Jose Ramon,Calvo,7696
109849,381676554,Matilde,Campoy,7697
109850,702689499,Graciana,Sanz,7698
109851,618495915,Calisto,Tur,7699
109852,156683192,Guadalupe,Lara,7700
109853,386905447,Ciro,Borrell,7701
109854,545241547,Eustaquio,Teruel,7702
109855,102505641,Magdalena,Pino,7703
109856,362492864,Chuy,Alvarado,7704
109857,124854377,Rosario,Alberto,7705
109858,549477934,Fernando,Morera,7706
109859,129781937,Blas,Fuentes,7707
109860,651108475,Jimena,Gargallo,7708
109861,236755819,Cecilio,Nogues,7709
109862,213943478,Inocencio,Checa,7710
109863,354201859,Juana,Tamarit,7711
109864,258433434,Diana,Martin,7712
109865,186759975,Efrain,Colomer,7713
109866,937700934,Fermin,Ayuso,7714
109867,849843315,Cruz,Gimenez,7715
109868,686948363,Anibal,Alegria,7716
109869,449653739,Eric,Reig,7717
109870,612434911,Iker,Flor,7718
109871,821504301,Encarna,Torralba,7719
109872,192457886,Soraya,Rossello,7720
109873,281102395,Xiomara,Arnau,7721
109874,971892934,Hugo,Salcedo,7722
109875,232776972,Jose Antonio,Navarro,7723
109876,638351785,Eva,Jordan,7724
109877,624555937,Salome,Trujillo,7725
109878,143572871,Mercedes,Garces,7726
109879,761424172,Elisabet,Alfonso,7727
109880,910606083,Abilio,Espana,7728
109881,387446990,Roberto,Peiro,7729
109882,362441532,Reyes,Palmer,7730
109883,306179473,Federico,Bas,7731
109884,631672769,Saturnino,Ramon,7732
109885,496322492,Ligia,Rocha,7733
109886,362556739,Sol,Clavero,7734
109887,419648999,Ani,Sanchez,7735
109888,780669790,Remedios,Montes,7736
109889,796205240,Jimena,Calvet,7737
109890,673439770,Rosalina,Mulet,7738
109891,157959444,Dan,Mayoral,7739
109892,592153009,Nazaret,Acedo,7740
109893,852097054,Victor,Arribas,7741
109894,196284332,Paco,Sosa,7742
109895,448034513,Nilda,Isern,7743
109896,240400161,Delfina,Amigo,7744
109897,786060664,Jacinto,Barbero,7745
109898,409604886,Amador,Marti,7746
109899,351702730,Felipe,Mora,7747
109900,782195614,Damian,Mendoza,7748
109901,742526843,Guiomar,Cerdan,7749
109902,294027783,Vilma,Cuenca,7750
109903,642401503,Marcos,Elorza,7751
109904,595402160,Dorita,Menendez,7752
109905,564775992,Ricarda,Rovira,7753
109906,459658416,Cleto,Villa,7754
109907,388539131,Maria Manuela,Leon,7755
109908,674033968,Leonardo,Carbonell,7756
109909,289938146,Roxana,Clemente,7757
109910,897244030,Jose Luis,Sarabia,7758
109911,881632229,Ramiro,Mesa,7759
109912,727811215,Ingrid,Crespo,7760
109913,265426057,Gertrudis,Moya,7761
109914,771357158,Ricardo,Mayoral,7762
109915,812101046,Anacleto,Blazquez,7763
109916,578021235,Jose Maria,Martin,7764
109917,491408440,Gonzalo,Bastida,7765
109918,302927322,Beatriz,Arroyo,7766
109919,226235633,Maria,Rosado,7767
109920,104179861,Miriam,Escolano,7768
109921,197378762,Albina,Ferran,7769
109922,916278333,Fabricio,Gonzalo,7770
109923,945010132,Raquel,Baeza,7771
109924,916242626,Berta,Nicolas,7772
109925,727236466,Isabela,Torre,7773
109926,698123099,Oscar,Azcona,7774
109927,679870135,Feliciano,Burgos,7775
109928,264813213,Marcelo,Verdejo,7776
109929,677601173,Celia,Cabrera,7777
109930,204858480,Alicia,Suarez,7778
109931,934753428,Isabel,Muro,7779
109932,245568187,Marcela,Polo,7780
109933,873231853,Mariano,Higueras,7781
109934,109550943,Ignacia,Martorell,7782
109935,545159165,Julia,Aragon,7783
109936,599112847,Tono,Barros,7784
109937,492238088,Lupe,Acero,7785
109938,205556663,Nieves,Segura,7786
109939,615205708,Jose,Mugica,7787
109940,885345264,Yesica,Martorell,7788
109941,678247925,Emigdio,Vizcaino,7789
109942,178977264,Juan,Arco,7790
109943,527569826,Reina,Casanova,7791
109944,395440586,Omar,Ballester,7792
109945,791772364,Lazaro,Munoz,7793
109946,945817365,Filomena,Montenegro,7794
109947,955641915,Josep,Alamo,7795
109948,673602262,Enrique,Rosales,7796
109949,674476807,Pedro,Prieto,7797
109950,991303196,Victoria,Linares,7798
109951,957164792,Elisa,Duran,7799
109952,212106847,Urbano,Villaverde,7800
109953,266151130,Emiliana,Ferreras,7801
109954,110291512,Dolores,Paez,7802
109955,138509286,Angela,Serrano,7803
109956,319834865,Yago,Clemente,7804
109957,508573581,Sara,Jove,7805
109958,204187067,Amaya,Cortes,7806
109959,726673487,Ximena,Sole,7807
109960,845337817,Nuria,Castello,7808
109961,736181111,Ciriaco,Guerra,7809
109962,739616228,Epifanio,Iniesta,7810
109963,217993525,Rosalina,Cepeda,7811
109964,360055943,Carolina,Pacheco,7812
109965,337265662,Aristides,Aguila,7813
109966,902880445,Salvador,Morata,7814
109967,272796911,Remigio,Mendizabal,7815
109968,386096232,Pablo,Jaume,7816
109969,372628943,Epifanio,Mateos,7817
109970,938084883,Gisela,Santana,7818
109971,929842696,Narciso,Bonilla,7819
109972,429202334,Tito,Viana,7820
109973,380811784,Ciriaco,Girona,7821
109974,849614369,Nidia,Gonzalo,7822
109975,549103925,Zacarias,Perez,7823
109976,872990847,Irene,Jara,7824
109977,880153901,Loida,Naranjo,7825
109978,129143307,Mariano,Dominguez,7826
109979,799804445,Begona,Marquez,7827
109980,661487447,Aurea,Canellas,7828
109981,574971952,Eligia,Ferrandez,7829
109982,354652456,Ignacio,Morillo,7830
109983,389345941,Julio,Exposito,7831
109984,313558983,Pia,Pi,7832
109985,778668415,Miguela,Palomino,7833
109986,985139158,Jose Manuel,Moran,7834
109987,116436624,Josep,Mur,7835
109988,102833645,Ruben,Esparza,7836
109989,266018378,Maria Luisa,Fernandez,7837
109990,592995794,Benita,Canton,7838
109991,718349457,Custodia,Rios,7839
109992,889420464,Teodora,Cardona,7840
109993,116723785,Hugo,Silva,7841
109994,553520701,Carmelo,Saez,7842
109995,352083747,Cloe,Grande,7843
109996,709246617,Manuel,Vega,7844
109997,492972086,Miguel Angel,Sabater,7845
109998,369986732,Ale,Bravo,7846
109999,233984911,Bernardino,Herrero,7847
110000,702791353,Vera,Coca,7848
110001,425100999,Fatima,Alcazar,7849
110002,318823804,Aranzazu,Santiago,7850
110003,524458741,Raul,Cisneros,7851
110004,351096184,Susanita,Valbuena,7852
110005,391453652,Petrona,Canizares,7853
110006,199330279,Aitor,Torrents,7854
110007,972002244,Paulina,Segovia,7855
110008,518524234,Ruben,Milla,7856
110009,971857920,Ariel,Urena,7857
110010,713764838,Adela,Acevedo,7858
110011,504691821,Esteban,Pujol,7859
110012,502089384,Bernarda,Alcaraz,7860
110013,954641755,Martina,Jordan,7861
110014,962000840,Victorino,Arteaga,7862
110015,492101483,Maricela,Chaves,7863
110016,241525609,Toni,Paniagua,7864
110017,558456748,Carmelita,Alcala,7865
110018,902039429,Leandra,Salcedo,7866
110019,700240107,Gabriel,Canellas,7867
110020,648284846,Marcos,Quevedo,7868
110021,785159511,Hector,Sureda,7869
110022,101854126,Mayte,Ballester,7870
110023,739026643,Carolina,Gomez,7871
110024,149762603,Maria,Cuesta,7872
110025,423475581,Griselda,Seco,7873
110026,576105895,Pio,Ramon,7874
110027,202039812,Rosa,Abascal,7875
110028,242516785,Azeneth,Gabaldon,7876
110029,498511794,Gustavo,Donaire,7877
110030,775811222,Amaya,Pulido,7878
110031,372987908,Nilda,Alarcon,7879
110032,512491627,Luz,Lumbreras,7880
110033,521049233,Edelmiro,Alcalde,7881
110034,448181112,Manuela,Figuerola,7882
110035,772443311,Tania,Cuesta,7883
110036,531677433,Conrado,Sanmartin,7884
110037,871248141,Margarita,Fiol,7885
110038,834263691,Rosario,Rio,7886
110039,992806446,Olalla,Rincon,7887
110040,442745566,Maria Cristina,Paz,7888
110041,993809709,Simon,Naranjo,7889
110042,668360442,Calixto,Ramos,7890
110043,782184094,Poncio,Moreno,7891
110044,458751216,Lola,Izaguirre,7892
110045,279989369,Azucena,Gutierrez,7893
110046,332925605,Aurea,Godoy,7894
110047,966901306,Raul,Borras,7895
110048,783094834,Juan,Carbo,7896
110049,102421236,Belen,Rodriguez,7897
110050,852062166,Saturnino,Farre,7898
110051,768908648,Gisela,Sotelo,7899
110052,219253329,Paola,Gallardo,7900
110053,840757816,Visitacion,Azorin,7901
110054,552445055,Hortensia,Maldonado,7902
110055,894567206,Abilio,Barbera,7903
110056,782297427,Carlos,Prats,7904
110057,669572205,Luz,Company,7905
110058,362065226,Morena,Cervantes,7906
110059,355650711,Lucio,Amat,7907
110060,630798095,Irma,Redondo,7908
110061,744399934,Elena,Carrillo,7909
110062,646144450,Teodoro,Mendizabal,7910
110063,480055321,Wilfredo,Canete,7911
110064,981735776,Silvia,Vicente,7912
110065,662731793,Esteban,Laguna,7913
110066,331881203,Sarita,Verdejo,7914
110067,356085769,Danilo,Gibert,7915
110068,892323652,Lorenza,Fuster,7916
110069,388825552,Yessica,Valero,7917
110070,906191525,Rosalia,Granados,7918
110071,486219164,Rocio,Carbonell,7919
110072,620290560,Gema,Mulet,7920
110073,223314519,Albina,Marin,7921
110074,793173642,Maxi,Benitez,7922
110075,934188153,Leocadia,Diaz,7923
110076,889722255,Nico,Aroca,7924
110077,528958644,Fernanda,Ramirez,7925
110078,267302712,Soraya,Vizcaino,7926
110079,776627986,Ximena,Perez,7927
110080,877202352,Amada,Ferrero,7928
110081,161530928,Alejo,Hernando,7929
110082,996151022,Jessica,Marco,7930
110083,759541557,German,Araujo,7931
110084,188540737,Joaquina,Falco,7932
110085,724108109,Pablo,Gabaldon,7933
110086,484245129,Soledad,Miralles,7934
110087,360677968,Albert,Ortuno,7935
110088,805419055,Sofia,Arcos,7936
110089,976320539,Belen,Ricart,7937
110090,720831781,Carmelo,Prat,7938
110091,593783860,Emma,Ramos,7939
110092,683799418,Azeneth,Azorin,7940
110093,798251073,Moreno,Artigas,7941
110094,518105323,Victor,Quintanilla,7942
110095,196276129,Eloy,Talavera,7943
110096,154527049,Belen,Roca,7944
110097,903557430,Nicolasa,Sales,7945
110098,433198646,Encarnita,Correa,7946
110099,607107566,Florina,Izquierdo,7947
110100,242841429,Sabas,Ugarte,7948
110101,296688037,Julian,Alsina,7949
110102,710217997,Aura,Martinez,7950
110103,917681402,Maxi,Mendez,7951
110104,363207944,Maricruz,Tapia,7952
110105,735679502,Eligio,Gallart,7953
110106,235467702,Carina,Roldan,7954
110107,496249874,Isaac,Planas,7955
110108,688445337,Eladio,Egea,7956
110109,609468449,Luisina,Nunez,7957
110110,851961084,Paulina,Malo,7958
110111,186489898,Jose Miguel,Carreno,7959
110112,528774335,Estrella,Carbonell,7960
110113,114611174,Perla,Royo,7961
110114,145919954,Rufino,Azcona,7962
110115,674031792,Nidia,Moliner,7963
110116,341728410,Clarisa,Perez,7964
110117,934607194,Perla,Fajardo,7965
110118,505773736,Pili,Anguita,7966
110119,729528515,Consuela,Sanz,7967
110120,522408182,Gervasio,Palomino,7968
110121,381995501,Ariadna,Gutierrez,7969
110122,626849996,Juanito,Vilar,7970
110123,140729942,Adelina,Torralba,7971
110124,467822404,Custodia,Ripoll,7972
110125,363068483,Timoteo,Cordero,7973
110126,160938611,Sebastian,Tello,7974
110127,777325348,Jenny,Miranda,7975
110128,222786596,Carmen,Alcalde,7976
110129,374896041,Buenaventura,Aramburu,7977
110130,986737752,Mercedes,Manzano,7978
110131,292293058,Zacarias,Menendez,7979
110132,536794844,Maria Dolores,Pintor,7980
110133,805104766,Paulina,Martinez,7981
110134,156110691,Placido,Gual,7982
110135,395476021,Anunciacion,Alsina,7983
110136,150296399,Saturnino,Pacheco,7984
110137,566690432,Maria Pilar,Canizares,7985
110138,534752039,Coral,Requena,7986
110139,290804275,Sosimo,Vara,7987
110140,425757619,Haroldo,Velazquez,7988
110141,485056570,Jafet,Rosello,7989
110142,220212414,Cosme,Lastra,7990
110143,226453810,Apolonia,Criado,7991
110144,853209798,Rosa,Olivares,7992
110145,202864624,Arcelia,Jodar,7993
110146,685091898,Jordi,Ramirez,7994
110147,323126814,Vinicio,Revilla,7995
110148,185224813,Ruben,Mayol,7996
110149,976514254,Concha,Seco,7997
110150,883422572,Susana,Cornejo,7998
110151,683535596,Gaston,Jara,7999
110152,243777654,Eulalia,Cardona,8000
110153,863701288,Miriam,Sanmartin,8001
110154,643551595,Miguel Angel,Cuervo,8002
110155,384562965,Fanny,Hernando,8003
110156,253750310,Jordana,Morante,8004
110157,367684973,Chucho,Navarro,8005
110158,797240407,Samuel,Bayon,8006
110159,949117345,Edmundo,Castell,8007
110160,489932357,Isabela,Guzman,8008
110161,184018061,Jose Antonio,Bayon,8009
110162,507752200,Abraham,Pellicer,8010
110163,915476969,Modesto,Guardiola,8011
110164,889643576,Juan Jose,Muniz,8012
110165,161022037,Lalo,Calatayud,8013
110166,227206353,Maria Dolores,Luz,8014
110167,366236139,Jonatan,Nebot,8015
110168,320666066,Paca,Bayon,8016
110169,322063735,Regina,Samper,8017
110170,248392188,Juan,Cardona,8018
110171,711802181,Adelia,Aguirre,8019
110172,755944545,Dolores,Manjon,8020
110173,136512187,Nereida,Pla,8021
110174,620848967,Ambar,Cobo,8022
110175,810068608,Valerio,Sole,8023
110176,837270382,Guillermo,Galiano,8024
110177,454260129,Renata,Ugarte,8025
110178,419081015,Marco,Borrell,8026
110179,966521532,Fito,Nebot,8027
110180,442161228,Leandro,Domenech,8028
110181,112778600,Eugenia,Riba,8029
110182,408550736,Reyna,Ferrandiz,8030
110183,674872290,Amancio,Sobrino,8031
110184,637569057,Ramon,Fabra,8032
110185,220708972,Amaya,Higueras,8033
110186,160987093,Montserrat,Cerda,8034
110187,769872250,Artemio,Godoy,8035
110188,435442711,Marisol,Abad,8036
110189,666512289,Rosario,Lopez,8037
110190,349690272,Morena,Porta,8038
110191,112462287,Lope,Haro,8039
110192,146342094,Jesusa,Arana,8040
110193,111405843,German,Osorio,8041
110194,359948144,Hugo,Ugarte,8042
110195,854816877,Amor,Pinol,8043
110196,645534412,Tecla,Cases,8044
110197,627332124,Purificacion,Peral,8045
110198,377395377,Espiridion,Lorenzo,8046
110199,355977753,Azeneth,Robledo,8047
110200,783053034,Julieta,Salamanca,8048
110201,107910860,Domingo,Coronado,8049
110202,966737417,Bernardino,Godoy,8050
110203,304856933,Vito,Enriquez,8051
110204,921048945,Ismael,Roman,8052
110205,958834394,Tristan,Cifuentes,8053
110206,615893925,Pastor,Carmona,8054
110207,407022200,Candido,Plaza,8055
110208,290585974,Patricio,Arino,8056
110209,882618777,Albino,Montserrat,8057
110210,311586744,Bernardino,Varela,8058
110211,583808207,Calisto,Alcaraz,8059
110212,991011277,Luis,Almansa,8060
110213,217677773,Angel,Bernad,8061
110214,861450996,Nestor,Fabregat,8062
110215,652808537,Lucio,Codina,8063
110216,211622847,Purificacion,Pla,8064
110217,906319685,Rosalinda,Grau,8065
110218,987789874,Lucas,Ferrera,8066
110219,371981342,Ramiro,Castilla,8067
110220,384315466,Elena,Murcia,8068
110221,551517662,Lorenza,Canellas,8069
110222,703673944,Andres Felipe,Bernat,8070
110223,132121095,Nicodemo,Manjon,8071
110224,311153484,Nadia,Elias,8072
110225,422759198,Ariadna,Angulo,8073
110226,689967983,Adelina,Vilar,8074
110227,356991431,Marciano,Vaquero,8075
110228,818408514,Josue,Huertas,8076
110229,758401665,Jose Manuel,Tamayo,8077
110230,512033230,Simon,Casas,8078
110231,869622579,Olimpia,Escriva,8079
110232,656096995,Martina,Amigo,8080
110233,108016394,Marcelo,Puente,8081
110234,334280514,Abel,Pla,8082
110235,585633255,Aroa,Hernandez,8083
110236,610641186,Teresa,Luz,8084
110237,999238174,Andrea,Valverde,8085
110238,852435235,Ceferino,Fuentes,8086
110239,292377440,Rufino,Planas,8087
110240,222246860,Mercedes,Revilla,8088
110241,918843288,Lazaro,Bejarano,8089
110242,437753501,Rosa,Ferran,8090
110243,396909482,Fabian,Izquierdo,8091
110244,702767538,Gala,Palomar,8092
110245,642441902,Candelas,Moreno,8093
110246,840930478,Jacobo,Cifuentes,8094
110247,741264072,Samu,Aliaga,8095
110248,322202358,Adelina,Rojas,8096
110249,990517549,Manolo,Bastida,8097
110250,666485760,Antonio,Campos,8098
110251,906719148,Rogelio,Quevedo,8099
110252,734092325,Joaquin,Jordan,8100
110253,956227357,Dionisio,Olivares,8101
110254,363939920,Leandro,Hidalgo,8102
110255,689822791,Ciriaco,Mena,8103
110256,309269911,Pili,Ugarte,8104
110257,258074590,Leonel,Portillo,8105
110258,459469523,Fabian,Rey,8106
110259,555116455,Clementina,Sedano,8107
110260,641363885,Victoria,Morales,8108
110261,112077398,Vito,Pou,8109
110262,199021485,Anibal,Alegre,8110
110263,154489083,Rosenda,Royo,8111
110264,820995610,Jose Antonio,Rebollo,8112
110265,446154076,Pia,Ferrero,8113
110266,470911245,Visitacion,Herranz,8114
110267,961975798,Aroa,Tolosa,8115
110268,741647226,Amancio,Amoros,8116
110269,834472196,Rosalva,Solis,8117
110270,813918745,Teofilo,Espinosa,8118
110271,844168534,Teodoro,Gutierrez,8119
110272,800953949,Pedro,Gil,8120
110273,883031643,Modesta,Luis,8121
110274,203383106,Salud,Escamilla,8122
110275,146597689,Samu,Mendizabal,8123
110276,840499947,Encarnacion,Ferran,8124
110277,917014662,Borja,Mulet,8125
110278,608326401,Goyo,Beltran,8126
110279,495241015,Luis Miguel,Tomas,8127
110280,840122309,Julia,Arenas,8128
110281,406857679,Leoncio,Cortina,8129
110282,194196621,Juliana,Manso,8130
110283,689927561,Duilio,Miranda,8131
110284,118802137,Ariadna,Bautista,8132
110285,170412700,Chus,Anton,8133
110286,138493243,Iban,Hervas,8134
110287,647766689,Ariel,Rueda,8135
110288,172564318,Ainoa,Palomar,8136
110289,623247208,Ale,Cadenas,8137
110290,186828958,Cintia,Planas,8138
110291,878104471,Abigail,Castell,8139
110292,547496239,Mariana,Peralta,8140
110293,400670277,Monica,Mayo,8141
110294,905267806,Encarnacion,Palacio,8142
110295,574959918,Alberto,Carvajal,8143
110296,960445509,Rosendo,Manrique,8144
110297,480537534,Pilar,Cabello,8145
110298,718070384,Luz,Planas,8146
110299,529820996,Sara,Fuentes,8147
110300,548331040,Florencio,Guzman,8148
110301,223178508,Venceslas,Toledo,8149
110302,639333146,Maximiliano,Pont,8150
110303,993224126,Nacio,Gras,8151
110304,569156610,Maria Dolores,Verdugo,8152
110305,558487424,Matias,Neira,8153
110306,815330382,Dulce,Saez,8154
110307,505546947,Severiano,Alvarez,8155
110308,111810793,Noe,Villalonga,8156
110309,120731216,Nereida,Bustos,8157
110310,524248905,Elodia,Avila,8158
110311,586462739,Nayara,Lerma,8159
110312,770222285,Mamen,Lujan,8160
110313,122349849,Cesar,Cerdan,8161
110314,291425282,Duilio,Gonzalez,8162
110315,797228146,Regina,Peral,8163
110316,416163831,Maria Manuela,Guzman,8164
110317,388132838,Martin,Duran,8165
110318,425935208,Jeremias,Marquez,8166
110319,563015204,Oscar,Carmona,8167
110320,643102149,Pepe,Albero,8168
110321,811251082,Jaime,Villaverde,8169
110322,943586767,Ileana,Agusti,8170
110323,786768771,Luciana,Hervas,8171
110324,887800607,Jorge,Ferrero,8172
110325,659189965,Olga,Sevilla,8173
110326,999838086,Quique,Sancho,8174
110327,134957854,Aaron,Valdes,8175
110328,754420324,Lupe,Salmeron,8176
110329,102041795,Cayetana,Codina,8177
110330,752931130,Samanta,Porcel,8178
110331,647094992,Samuel,Davila,8179
110332,334580792,Rogelio,Carretero,8180
110333,466209386,Elvira,Carbo,8181
110334,153635484,Cosme,Llorens,8182
110335,531708279,Simon,Canas,8183
110336,688604660,Jose Manuel,Pelaez,8184
110337,709855972,Rosario,Bermudez,8185
110338,742535315,Nicolas,Castillo,8186
110339,611155889,Ale,Fortuny,8187
110340,993040779,Joaquina,Blanco,8188
110341,353061919,Serafina,Valles,8189
110342,254282145,Aura,Escamilla,8190
110343,416996110,Arcelia,Valdes,8191
110344,893251717,Antonio,Ibarra,8192
110345,687709207,Juana,Melendez,8193
110346,437650658,Carlito,Blanch,8194
110347,231911852,Jose Angel,Manrique,8195
110348,649156290,Leticia,Figueroa,8196
110349,827991199,Rosario,Cardenas,8197
110350,854148143,Teodoro,Benito,8198
110351,231365250,Damian,Marcos,8199
110352,599617726,Aurelia,Sole,8200
110353,808698887,Teofilo,Noriega,8201
110354,302751886,Genoveva,Aguilo,8202
110355,625030820,Nilda,Enriquez,8203
110356,384534555,Domitila,Escribano,8204
110357,386022046,Loida,Bustos,8205
110358,657508017,Cecilia,Terron,8206
110359,906481648,Raimundo,Martorell,8207
110360,670040832,Victor,Barcena,8208
110361,174793410,Sofia,Arce,8209
110362,117042960,Eutropio,Borrell,8210
110363,603745159,Miguela,Olmo,8211
110364,249600120,Anabel,Diez,8212
110365,613081805,Calixta,Fabregat,8213
110366,141366064,Salud,Palacio,8214
110367,914627201,Pascuala,Pavon,8215
110368,312917535,Ana Belen,Izquierdo,8216
110369,686023501,Claudio,Rodenas,8217
110370,220385782,Diego,Belmonte,8218
110371,258845442,Odalis,Bermudez,8219
110372,887459868,Danilo,Pozuelo,8220
110373,194685402,Lina,Figuerola,8221
110374,418835803,Gustavo,Vila,8222
110375,883776175,Carmina,Andreu,8223
110376,237088168,Amor,Donoso,8224
110377,192342521,Josefina,Andrade,8225
110378,279835254,Nacho,Aguilera,8226
110379,645997657,Narciso,Guitart,8227
110380,429155412,Raquel,Escalona,8228
110381,733327854,Armando,Alvarez,8229
110382,417796271,Jesus,Almansa,8230
110383,805639853,Ursula,Marti,8231
110384,622258713,Sofia,Marcos,8232
110385,692107162,Casemiro,Serra,8233
110386,415159817,Jonatan,Calzada,8234
110387,440578809,Candelaria,Herranz,8235
110388,884492134,Porfirio,Vazquez,8236
110389,655742903,Olalla,Salvador,8237
110390,921544076,Purificacion,Salazar,8238
110391,890694537,Jovita,Cerda,8239
110392,122839083,Victor,Diez,8240
110393,497685034,Natividad,Cuenca,8241
110394,880985943,Sancho,Ramon,8242
110395,420744055,Eligio,Alcala,8243
110396,646311759,Marta,Quiroga,8244
110397,913537961,Maximiano,Oliver,8245
110398,120232967,Elena,Maldonado,8246
110399,864862211,Salome,Hervia,8247
110400,242710894,Sonia,Alcolea,8248
110401,397078516,Lucho,Baena,8249
110402,905932894,Remedios,Gascon,8250
110403,916140690,Cruz,Vilalta,8251
110404,370586541,Juanito,Velez,8252
110405,514383593,Armida,Pina,8253
110406,154718988,Yesica,Cuesta,8254
110407,526397982,Adalberto,Solsona,8255
110408,553096884,Gaspar,Amaya,8256
110409,256605701,Belen,Velazquez,8257
110410,298226280,Hortensia,Garcia,8258
110411,986004692,Clarisa,Nogueira,8259
110412,840754737,Lucila,Riba,8260
110413,336869200,Samu,Araujo,8261
110414,549414487,Asdrubal,Pascual,8262
110415,774662444,Loida,Viana,8263
110416,993490803,Isabela,Pou,8264
110417,268350425,Ruperta,Galan,8265
110418,531835166,Wilfredo,Jimenez,8266
110419,754491301,Lourdes,Nicolas,8267
110420,212409304,Paula,Morillo,8268
110421,710049908,Dorita,Revilla,8269
110422,383947604,Hortensia,Uria,8270
110423,556845372,Ruy,Royo,8271
110424,894332526,Alonso,Barrena,8272
110425,886217830,Walter,Vidal,8273
110426,253877984,Eleuterio,Marco,8274
110427,901782100,Danilo,Mir,8275
110428,753255143,Ani,Aguila,8276
110429,455620899,Florentino,Bayona,8277
110430,718491144,Ruth,Gual,8278
110431,762787585,Lorenza,Sobrino,8279
110432,929576737,Jose Luis,Bello,8280
110433,169840413,Alicia,Bas,8281
110434,869886591,Kike,Aguilar,8282
110435,486223289,Fermin,Bayona,8283
110436,198815063,Isidoro,Barco,8284
110437,937752207,Fulgencio,Delgado,8285
110438,464259856,Oscar,Revilla,8286
110439,263765341,Bartolome,Amat,8287
110440,674349468,Calixta,Luna,8288
110441,676711077,Regina,Carbajo,8289
110442,203744879,Pelayo,Villar,8290
110443,382708325,Luz,Cozar,8291
110444,173508015,Jose Maria,Andreu,8292
110445,354673535,Jose Mari,Mayoral,8293
110446,991346346,Tito,Olive,8294
110447,887943576,Laura,Zapata,8295
110448,497095127,Marisela,Capdevila,8296
110449,340843659,Modesto,Bernad,8297
110450,400971049,Fabiola,Calderon,8298
110451,398509001,Evangelina,Llano,8299
110452,607657983,Heriberto,Estevez,8300
110453,961307089,Danilo,Priego,8301
110454,190296880,Candelario,Miralles,8302
110455,653893780,Andrea,Verdu,8303
110456,451069075,Inigo,Vera,8304
110457,180405482,Juan Carlos,Jimenez,8305
110458,427412564,Yessica,Aragones,8306
110459,276614738,Rodrigo,Rodenas,8307
110460,977582467,Amanda,Goni,8308
110461,604862177,Noa,Ballester,8309
110462,520641442,Elodia,Barranco,8310
110463,446626443,Francisco Jose,Ortuno,8311
110464,883956324,Brunilda,Bolanos,8312
110465,974964412,Azucena,Samper,8313
110466,892064725,Rocio,Echevarria,8314
110467,581358186,Domingo,Solana,8315
110468,387660484,Panfilo,Posada,8316
110469,450498982,Eusebia,Casas,8317
110470,699100443,Amaro,Carbonell,8318
110471,120220079,Judith,Almagro,8319
110472,239812979,Manuel,Espada,8320
110473,113191961,Eduardo,Osorio,8321
110474,751674622,Amado,Villena,8322
110475,534232978,Alvaro,Comas,8323
110476,637009119,Celso,Cobos,8324
110477,322514580,Piedad,Balaguer,8325
110478,543807422,Magdalena,Escalona,8326
110479,516906268,Elias,Jordan,8327
110480,732931598,Marcia,Pina,8328
110481,167564712,Samu,Castellanos,8329
110482,502435071,Loida,Salas,8330
110483,623994793,Demetrio,Sosa,8331
110484,400401411,Priscila,Bayon,8332
110485,999570927,Maria,Arnaiz,8333
110486,699356253,Ana,Valle,8334
110487,308821654,Cipriano,Guijarro,8335
110488,769857718,Perla,Calvo,8336
110489,843714830,Belen,Pelaez,8337
110490,456767620,Montserrat,Iniesta,8338
110491,501794984,Maria Jose,Marquez,8339
110492,448066035,Silvia,Checa,8340
110493,475819796,Etelvina,Quintanilla,8341
110494,241403190,Herminio,Quintanilla,8342
110495,703663901,Godofredo,Pombo,8343
110496,449404447,Fabricio,Garriga,8344
110497,539533734,Aura,Acosta,8345
110498,456850982,Virginia,Exposito,8346
110499,777869968,Dani,Cordero,8347
110500,569882444,Albino,Villaverde,8348
110501,303948798,Conrado,Espejo,8349
110502,467521021,Maximo,Peinado,8350
110503,956315292,Ramiro,Samper,8351
110504,916845805,Inmaculada,Mascaro,8352
110505,663949013,Luz,Vega,8353
110506,794718069,Reinaldo,Iriarte,8354
110507,633999914,Agueda,Tapia,8355
110508,453289556,Blas,Bartolome,8356
110509,633234241,Flavio,Gual,8357
110510,238097670,Haydee,Pulido,8358
110511,457952225,Laura,Puga,8359
110512,420979883,Maria Carmen,Mulet,8360
110513,287969637,Jose Antonio,Heras,8361
110514,579117577,Manolo,Morcillo,8362
110515,870339264,Emelina,Cordero,8363
110516,487942298,Nestor,Menendez,8364
110517,833546466,Amelia,Nadal,8365
110518,212129506,Julio Cesar,Plaza,8366
110519,496468416,Felisa,Palomo,8367
110520,795018760,Amador,Mur,8368
110521,242503274,Simon,Marmol,8369
110522,335874377,Arturo,Porcel,8370
110523,231038819,Efrain,Simo,8371
110524,233781815,Mauricio,Vargas,8372
110525,280805525,Primitiva,Moll,8373
110526,725741485,Dolores,Cobo,8374
110527,259568570,Marisol,Olivares,8375
110528,805735400,Sebastian,Giner,8376
110529,314807668,Alejandra,Capdevila,8377
110530,566711170,Artemio,Gonzalez,8378
110531,464743097,Nicanor,Luis,8379
110532,144525931,Victoria,Andres,8380
110533,716820233,Urbano,Navas,8381
110534,142887336,Ofelia,Morera,8382
110535,482259790,Marcos,Cueto,8383
110536,632866171,Inigo,Garay,8384
110537,872114164,Duilio,Andreu,8385
110538,900211456,Obdulia,Domingo,8386
110539,316584682,Nayara,Canas,8387
110540,859526978,Debora,Paredes,8388
110541,271448906,Elba,Fuster,8389
110542,970118685,Nicolasa,Botella,8390
110543,128700216,Vanesa,Yanez,8391
110544,790598118,Leticia,Robles,8392
110545,575545060,Zacarias,Grande,8393
110546,573034913,Jose Maria,Hernandez,8394
110547,441919937,Cristian,Puga,8395
110548,712807427,Eufemia,Rocamora,8396
110549,170283333,Apolonia,Novoa,8397
110550,983011686,Balduino,Carrasco,8398
110551,277271381,Jose Mari,Salom,8399
110552,890368121,Godofredo,Mur,8400
110553,726595915,Maxima,Solis,8401
110554,660668535,Isidora,Vives,8402
110555,549198282,Lola,Navarrete,8403
110556,728123147,Edmundo,Andrade,8404
110557,305435633,Julie,Vigil,8405
110558,132626259,Marisol,Valdes,8406
110559,793442741,Consuela,Solana,8407
110560,951816970,Bernardita,Rocamora,8408
110561,731835784,Abraham,Ordonez,8409
110562,105024650,Florentina,Camino,8410
110563,326712300,Gonzalo,Prat,8411
110564,155222372,Silvestre,Amaya,8412
110565,559335296,Pili,Busquets,8413
110566,676289049,Encarna,Millan,8414
110567,949901257,Dora,Arteaga,8415
110568,596576859,Clemente,Cuervo,8416
110569,411304650,Abilio,Planas,8417
110570,243656842,Dan,Buendia,8418
110571,940488340,Gaston,Fiol,8419
110572,704383326,Cloe,Aramburu,8420
110573,320137438,Casandra,Ferrer,8421
110574,854782841,Alfonso,Sole,8422
110575,893111113,Herminio,Azcona,8423
110576,700284515,Rosendo,Blanch,8424
110577,639779662,Cristobal,Izquierdo,8425
110578,883793637,Amaro,Sosa,8426
110579,354194511,Alfonso,Ayllon,8427
110580,248219202,Reinaldo,Duarte,8428
110581,858429636,Renata,Barrio,8429
110582,183548868,Simon,Linares,8430
110583,918750035,Tania,Villanueva,8431
110584,446849987,Cirino,Torrents,8432
110585,733396835,Socorro,Delgado,8433
110586,357098050,Irene,Caro,8434
110587,903449322,Cristobal,Lopez,8435
110588,546666784,Marcelino,Pineda,8436
110589,413783115,Antonio,Pacheco,8437
110590,727796824,Matias,Checa,8438
110591,828272677,Barbara,Galan,8439
110592,383765256,Etelvina,Vendrell,8440
110593,630996197,Leonardo,Campoy,8441
110594,496179937,Trinidad,Paniagua,8442
110595,462757237,Miriam,Solana,8443
110596,928292353,Catalina,Espanol,8444
110597,945339326,Miguela,Bauza,8445
110598,490231631,Felix,Rocha,8446
110599,422121147,Itziar,Conde,8447
110600,583242212,Victorino,Cadenas,8448
110601,344530459,Modesto,Terron,8449
110602,571530537,Amor,Ibanez,8450
110603,591374329,Roberta,Mata,8451
110604,259813335,Felix,Puga,8452
110605,357562725,Juan Luis,Velasco,8453
110606,922838782,Amado,Torrent,8454
110607,481468862,Morena,Gutierrez,8455
110608,484250139,Feliciana,Lopez,8456
110609,497786416,Pacifica,Pou,8457
110610,838433270,Febe,Gimeno,8458
110611,926470265,Patricio,Costa,8459
110612,907979829,Prudencio,Iglesias,8460
110613,546346509,Irene,Perea,8461
110614,259085535,Araceli,Pelayo,8462
110615,280580608,Florencia,Pages,8463
110616,313682526,Armando,Luque,8464
110617,913492653,Bernardo,Arnal,8465
110618,894783615,Marino,Galvez,8466
110619,869879924,Carmelo,Ribera,8467
110620,429772334,Efrain,Castillo,8468
110621,208104742,Geronimo,Almeida,8469
110622,814140715,Tatiana,Elias,8470
110623,744012048,Heriberto,Carpio,8471
110624,211394918,Celestina,Camara,8472
110625,724434355,Regulo,Solsona,8473
110626,487591862,Bernardita,Guzman,8474
110627,563578673,Vidal,Arias,8475
110628,584384794,Chema,Alberdi,8476
110629,762811680,Fortunata,Gelabert,8477
110630,759066935,Rosario,Quintero,8478
110631,368463200,Natalia,Matas,8479
110632,173503626,Marcial,Llopis,8480
110633,605480896,Bruno,Narvaez,8481
110634,588477289,Natividad,Molins,8482
110635,139340444,Paulino,Calvet,8483
110636,346755892,Eufemia,Pareja,8484
110637,209708499,Plinio,Rodriguez,8485
110638,582583774,Isaura,Murillo,8486
110639,300841039,Osvaldo,Llorens,8487
110640,275811305,Andres Felipe,Vaquero,8488
110641,501475714,Clemente,Guardiola,8489
110642,398492455,Amaya,Busquets,8490
110643,484768124,Artemio,Mendoza,8491
110644,374004512,Angelita,Cerda,8492
110645,580874175,Estrella,Cantero,8493
110646,173118991,Santos,Prieto,8494
110647,207329697,Cecilio,Porta,8495
110648,684285205,Georgina,Salva,8496
110649,836032224,Prudencia,Camara,8497
110650,221022400,Fabio,Ayllon,8498
110651,281851496,Emilia,Cases,8499
110652,390102192,Juan Bautista,Morante,8500
110653,918769202,Jorge,Abad,8501
110654,398693247,Anibal,Sancho,8502
110655,341039903,Celso,Gaya,8503
110656,710452749,Marisol,Criado,8504
110657,360527533,Flor,Coloma,8505
110658,519239221,Ernesto,Almeida,8506
110659,425290354,Nadia,Sola,8507
110660,542965035,Panfilo,Herrero,8508
110661,371088388,Gaston,Arino,8509
110662,496143612,Marcia,Giner,8510
110663,577446849,Aitor,Ramos,8511
110664,782146406,Eulalia,Aller,8512
110665,899174539,Ruperto,Calvo,8513
110666,344265504,Ursula,Santos,8514
110667,756134041,Aaron,Sales,8515
110668,830876205,Alicia,Blanco,8516
110669,810646579,Vinicio,Montenegro,8517
110670,627882837,Dafne,Riera,8518
110671,775405639,Vito,Gaya,8519
110672,293494141,Agustina,Segura,8520
110673,644597755,Maria Pilar,Fuster,8521
110674,272982092,Fabiola,Hernandez,8522
110675,475429036,Juliana,Verdejo,8523
110676,394578988,Alfredo,Marin,8524
110677,404355854,Morena,Saura,8525
110678,707628714,Sabina,Vega,8526
110679,728223586,Leon,Ripoll,8527
110680,705841407,Malena,Manzano,8528
110681,635179061,Kike,Calderon,8529
110682,675724605,Reynaldo,Pallares,8530
110683,340057152,Apolonia,Gomez,8531
110684,830850666,Sandra,Esteve,8532
110685,841366423,Baudelio,Perez,8533
110686,810472596,Evelia,Sans,8534
110687,687999376,Manolo,Mari,8535
110688,479041977,Aaron,Castejon,8536
110689,591281394,Jessica,Ugarte,8537
110690,492680299,Cirino,Arco,8538
110691,972812924,Hilario,Torrijos,8539
110692,632714753,Adan,Contreras,8540
110693,127829193,Silvio,Calvo,8541
110694,820135359,Florina,Coello,8542
110695,886928405,Luciana,Cuellar,8543
110696,586633363,Elena,Marino,8544
110697,175284474,Vinicio,Ripoll,8545
110698,337900556,Eladio,Morante,8546
110699,602837108,Adelia,Revilla,8547
110700,788782305,Josue,Pino,8548
110701,605817592,Eva,Morell,8549
110702,448555195,Ramona,Zaragoza,8550
110703,203913394,Herminia,Ribas,8551
110704,654941498,Iban,Cordero,8552
110705,243450950,Rufino,Benitez,8553
110706,484329347,Remedios,Olivares,8554
110707,776900304,Evaristo,Duran,8555
110708,807433124,Elvira,Casals,8556
110709,361088013,Elisabet,Ribes,8557
110710,469050792,Yessica,Cabello,8558
110711,198847490,Alexandra,Fajardo,8559
110712,859946692,Cristian,Roldan,8560
110713,572662610,Joan,Paez,8561
110714,308228118,Maria Jose,Cabo,8562
110715,460125204,Amando,Tome,8563
110716,185207885,Sara,Moreno,8564
110717,100853089,Adelia,Ramirez,8565
110718,846310102,Reynaldo,Urena,8566
110719,294041043,Eliana,Berrocal,8567
110720,692650566,Irma,Uria,8568
110721,343730447,Jennifer,Almansa,8569
110722,396272911,Sebastian,Francisco,8570
110723,288386356,Celestino,Coloma,8571
110724,189991630,Rosa,Perera,8572
110725,151602874,Inmaculada,Company,8573
110726,511277657,Trinidad,Salas,8574
110727,650439666,Miguela,Cardenas,8575
110728,299028827,Priscila,Cerdan,8576
110729,785621786,Juan Pablo,Frutos,8577
110730,944690389,Esther,Villaverde,8578
110731,918232604,Porfirio,Morcillo,8579
110732,833303517,Tatiana,Carpio,8580
110733,620899142,Brunilda,Artigas,8581
110734,595493934,Pastora,Velasco,8582
110735,962708231,Brigida,Sastre,8583
110736,211717012,Isa,Iniguez,8584
110737,121260472,Maxima,Valles,8585
110738,515512908,Atilio,Zabaleta,8586
110739,816965841,Micaela,Herranz,8587
110740,569182600,Julian,Cabo,8588
110741,631302577,Luna,Llobet,8589
110742,822863250,Flavio,Oliveras,8590
110743,384213715,Paz,Nino,8591
110744,526158760,Anastasio,Barco,8592
110745,231614096,Amada,Bautista,8593
110746,186347542,Trinidad,Falcon,8594
110747,449666822,Eloy,Ayllon,8595
110748,930503391,Enrique,Querol,8596
110749,115293186,Eufemia,Sevilla,8597
110750,447746445,Hilda,Bastida,8598
110751,579849401,Salome,Gimenez,8599
110752,739974039,Maria Cristina,Escobar,8600
110753,234264469,Elena,Alberola,8601
110754,800425244,Isidoro,Manzanares,8602
110755,147995211,Matilde,Izaguirre,8603
110756,955634056,Dafne,Muniz,8604
110757,255619516,Florentino,Mur,8605
110758,822687490,Evelia,Checa,8606
110759,125315345,Abraham,Rubio,8607
110760,597155613,Elisabet,Cerda,8608
110761,791194511,Camilo,Coronado,8609
110762,958736955,Casemiro,Andrade,8610
110763,698281356,Espiridion,Mancebo,8611
110764,404979537,Adelardo,Jodar,8612
110765,920356683,Adrian,Vilar,8613
110766,695235735,Jose,Rico,8614
110767,177923504,Segismundo,Maza,8615
110768,789874700,Dionisia,Velez,8616
110769,929585764,Jovita,Almeida,8617
110770,998894309,Ascension,Sureda,8618
110771,895790575,Renata,Verdejo,8619
110772,182196451,Gustavo,Martorell,8620
110773,912035327,Desiderio,Mancebo,8621
110774,162982783,Vilma,Gimenez,8622
110775,584263489,Jacobo,Guardia,8623
110776,555989195,Encarnita,Ayuso,8624
110777,341753947,Lucio,Esteve,8625
110778,766795094,Fito,Sobrino,8626
110779,844561802,Andres Felipe,Menendez,8627
110780,369215980,Julie,Vara,8628
110781,710538647,Sandalio,Andres,8629
110782,648028273,Julio,Mosquera,8630
110783,647513229,Jovita,Jara,8631
110784,228441749,Florentina,Coello,8632
110785,412764408,Juana,Vizcaino,8633
110786,104678444,Borja,Cobos,8634
110787,851397428,Candelario,Melendez,8635
110788,222046940,Dionisia,Franch,8636
110789,830624911,Heraclio,Ramos,8637
110790,873755751,Carina,Paniagua,8638
110791,613376468,Patricia,Tapia,8639
110792,900994013,Joaquina,Peinado,8640
110793,320871529,Calixto,Jordan,8641
110794,355607148,Quique,Estevez,8642
110795,976798873,Primitiva,Penas,8643
110796,926629980,Herminio,Saez,8644
110797,120771096,Pablo,Olmedo,8645
110798,468985584,Maria,Cuadrado,8646
110799,402501363,Reina,Marco,8647
110800,841696017,Carmina,Sanjuan,8648
110801,592469554,Fabiana,Flor,8649
110802,297973096,Gema,Berrocal,8650
110803,301554840,Teodora,Ocana,8651
110804,295823753,Juan Luis,Ferrando,8652
110805,848256786,Marianela,Villalba,8653
110806,495358843,Feliciana,Borrell,8654
110807,312095822,Heliodoro,Chaparro,8655
110808,903182554,Jose Luis,Milla,8656
110809,472080700,Porfirio,Mercader,8657
110810,581805550,Emilio,Isern,8658
110811,241992651,Adelia,Pulido,8659
110812,401463737,Juanita,Torrents,8660
110813,242924154,Juliana,Izaguirre,8661
110814,926571105,Juanito,Cueto,8662
110815,157529894,Tito,Sevillano,8663
110816,350014018,Gracia,Marti,8664
110817,498478925,Reina,Moreno,8665
110818,715543266,Herberto,Cardona,8666
110819,605501341,Serafina,Abad,8667
110820,119331583,Salvador,Carbajo,8668
110821,888344170,Santos,Tomas,8669
110822,586760233,Selena,Borja,8670
110823,813522932,Tristan,Manjon,8671
110824,974637304,Leocadio,Arnaiz,8672
110825,127512608,Gilberto,Quiros,8673
110826,878408200,Humberto,Adan,8674
110827,228917023,Paulina,Cuevas,8675
110828,919422479,Susana,Caballero,8676
110829,329542299,Susana,Ferrer,8677
110830,202819863,Maria Fernanda,Tormo,8678
110831,531072475,Marcela,Bernal,8679
110832,229757573,Jose Mari,Abella,8680
110833,383773399,Juan,Zabaleta,8681
110834,106959356,Ceferino,Porras,8682
110835,262249799,Adrian,Quero,8683
110836,292480109,Eugenio,Guerrero,8684
110837,483805021,David,Torrens,8685
110838,517782692,Tadeo,Sastre,8686
110839,265853009,Josefina,Aguilo,8687
110840,906635641,Silvio,Somoza,8688
110841,230725059,Iban,Jordan,8689
110842,557337843,Guiomar,Barrio,8690
110843,931899965,Guiomar,Tello,8691
110844,757920375,Luis Angel,Maza,8692
110845,315084893,Sol,Soriano,8693
110846,336451472,Guadalupe,Anglada,8694
110847,393451129,Joaquina,Blazquez,8695
110848,317960859,Octavia,Vinas,8696
110849,879709949,Alfredo,Prieto,8697
110850,714180229,Ascension,Reyes,8698
110851,122309762,Luisina,Pablo,8699
110852,317148199,Melchor,Guerra,8700
110853,309240191,Jose Manuel,Colomer,8701
110854,934697010,Montserrat,Santos,8702
110855,748220125,Encarnita,Serrano,8703
110856,579442580,Clotilde,Acevedo,8704
110857,123227166,Atilio,Gaya,8705
110858,418840466,Gilberto,Santos,8706
110859,162602328,Nacho,Blanch,8707
110860,127403487,Horacio,Lucas,8708
110861,560020124,Jacinto,Corral,8709
110862,754643881,Juan Manuel,Segura,8710
110863,951654572,Leonor,Luz,8711
110864,202110486,Maximino,Ferrandiz,8712
110865,740573927,Adelia,Benavides,8713
110866,489405593,America,Canete,8714
110867,684319446,Violeta,Dominguez,8715
110868,113938740,Salvador,Mayoral,8716
110869,290229035,Danilo,Palomares,8717
110870,177532962,Julie,Lloret,8718
110871,974041073,Tecla,Donoso,8719
110872,515150501,Ema,Guillen,8720
110873,472501552,Victoria,Bayona,8721
110874,623382177,Araceli,Palacio,8722
110875,692758570,Maricruz,Palomares,8723
110876,206394696,Miriam,Ferrera,8724
110877,615744598,Priscila,Collado,8725
110878,256022170,Francisca,Requena,8726
110879,923910583,Encarna,Tellez,8727
110880,525138622,Roberto,Olmo,8728
110881,714421135,Concha,Pla,8729
110882,410240324,Dulce,Mateu,8730
110883,463585383,Armida,Hidalgo,8731
110884,150743130,Pacifica,Caro,8732
110885,689298239,Angelica,Galvez,8733
110886,226425921,Elisa,Bartolome,8734
110887,630541897,Haydee,Yanez,8735
110888,412188025,Eutimio,Munoz,8736
110889,845513309,Febe,Rios,8737
110890,718916755,Melisa,Galindo,8738
110891,107045061,Jose Francisco,Bravo,8739
110892,918992068,Maura,Pazos,8740
110893,169961759,Nerea,Perea,8741
110894,555740911,Pancho,Andreu,8742
110895,511292289,Joaquin,Nunez,8743
110896,182375229,Celestina,Pelayo,8744
110897,975363601,Diego,Toro,8745
110898,903376311,Reyes,Pellicer,8746
110899,137247629,Amparo,Barrio,8747
110900,352168225,Nazaret,Farre,8748
110901,347554246,Edmundo,Posada,8749
110902,523089577,Adelina,Calderon,8750
110903,239818880,Trini,Codina,8751
110904,593925220,Mauricio,Tapia,8752
110905,924652525,Leticia,Hoyos,8753
110906,775233000,Felix,Alfonso,8754
110907,458266799,Rosaura,Machado,8755
110908,209414178,Miguel Angel,Vilanova,8756
110909,518048909,Guadalupe,Fabra,8757
110910,735334117,Severo,Mateu,8758
110911,223792293,Natalia,Abad,8759
110912,306653046,Bernardo,Bernad,8760
110913,824654751,Marisela,Ibanez,8761
110914,206282790,Francisco Jose,Sainz,8762
110915,783075599,Eutimio,Benitez,8763
110916,922360832,Carmela,Exposito,8764
110917,909115582,Estrella,Pena,8765
110918,598511138,Pastora,Jodar,8766
110919,838811303,Primitivo,Pastor,8767
110920,186413344,Vera,Duran,8768
110921,781044557,Chita,Valdes,8769
110922,456157294,Leocadia,Campillo,8770
110923,771817791,Genoveva,Higueras,8771
110924,775853048,Lupe,Ros,8772
110925,725155072,Vera,Monreal,8773
110926,799376686,Fatima,Madrid,8774
110927,993817296,Luisina,Bellido,8775
110928,843510917,Griselda,Marti,8776
110929,708728657,Claudia,Piquer,8777
110930,946230313,Anna,Ropero,8778
110931,668582493,Nadia,Delgado,8779
110932,717826483,Severo,Barral,8780
110933,482960865,Tomas,Gracia,8781
110934,175036263,Nilo,Rueda,8782
110935,643134399,Reyes,Oller,8783
110936,166060221,Delia,Gomez,8784
110937,573141403,Cleto,Pizarro,8785
110938,458819945,Sergio,Bolanos,8786
110939,726122778,Jose Luis,Montenegro,8787
110940,140300712,Mayte,Nicolau,8788
110941,322741644,Cebrian,Roca,8789
110942,578172790,Emperatriz,Guijarro,8790
110943,163740615,Diego,Becerra,8791
110944,472435540,Felicidad,Carrera,8792
110945,924004234,Amor,Ochoa,8793
110946,949286903,Nico,Cantero,8794
110947,214606318,Remigio,Tolosa,8795
110948,854210161,Lucas,Pena,8796
110949,877371299,Benito,Cruz,8797
110950,127301885,Juanita,Barrio,8798
110951,175093569,Azahara,Salcedo,8799
110952,690929802,Loreto,Castells,8800
110953,163334260,Felipa,Oller,8801
110954,263569549,Virgilio,Hoz,8802
110955,799241998,Benigna,Trujillo,8803
110956,120503112,Micaela,Carreras,8804
110957,734798983,Felipe,Pineda,8805
110958,500980114,Angelica,Hervia,8806
110959,148150171,Arsenio,Elorza,8807
110960,833374494,Azahar,Soriano,8808
110961,651432507,Jafet,Oliva,8809
110962,976270232,Fabricio,Parra,8810
110963,551433761,Bautista,Marin,8811
110964,500376314,Anastasio,Rius,8812
110965,428257420,David,Lluch,8813
110966,396111082,Javiera,Tejero,8814
110967,678209757,Pastor,Conde,8815
110968,355203243,Fatima,Fuentes,8816
110969,114449582,Elvira,Rojas,8817
110970,537969663,Encarnacion,Gallego,8818
110971,875227967,Omar,Luz,8819
110972,455489123,Quique,Quiros,8820
110973,421127086,Ascension,Lara,8821
110974,225448730,America,Cifuentes,8822
110975,835271415,Emperatriz,Varela,8823
110976,646571005,Haydee,Flor,8824
110977,361562557,Domingo,Segarra,8825
110978,377445124,Remedios,Botella,8826
110979,928264078,Horacio,Yuste,8827
110980,483940795,Caridad,Agustin,8828
110981,140045495,Virginia,Llado,8829
110982,141211577,Edgar,Raya,8830
110983,293922481,Saturnino,Campoy,8831
110984,940816066,Susana,Mir,8832
110985,185877661,Andrea,Tudela,8833
110986,728090289,Juana,Villalba,8834
110987,468829082,Heraclio,Arenas,8835
110988,880656216,Eustaquio,Pardo,8836
110989,791087000,Ignacia,Toro,8837
110990,831396056,Eustaquio,Vergara,8838
110991,280791077,Maricela,Bernad,8839
110992,514499368,Claudio,Sanjuan,8840
110993,902997492,Maxi,Valencia,8841
110994,139794292,Maria Jose,Piquer,8842
110995,347998124,Teodosio,Barcena,8843
110996,106774484,Mohamed,Romeu,8844
110997,470148869,Daniel,Llanos,8845
110998,362946064,Tatiana,Mateo,8846
110999,993748700,Sebastian,Espada,8847
111000,321875121,Francisco Jose,Aparicio,8848
111001,288256700,Juan Jose,Arroyo,8849
111002,840703373,Cruz,Maza,8850
111003,892906067,Simon,Pol,8851
111004,466874346,Consuelo,Rozas,8852
111005,575532193,Yolanda,Poza,8853
111006,905525423,Francisca,Zapata,8854
111007,947649893,Candido,Roman,8855
111008,883776267,Adolfo,Barrios,8856
111009,685459792,Amador,Rodriguez,8857
111010,602422645,Victoria,Marcos,8858
111011,939438917,Soledad,Torre,8859
111012,900731829,Gonzalo,Mulet,8860
111013,456849713,Saturnina,Cuevas,8861
111014,846601974,Isidro,Ferrera,8862
111015,783002094,Juan Carlos,Tamarit,8863
111016,297786614,Flora,Benet,8864
111017,710529860,Lara,Ledesma,8865
111018,272580036,Emiliano,Avila,8866
111019,131938066,Maria Pilar,Barral,8867
111020,565151108,Serafina,Olmo,8868
111021,455443046,Salvador,Esteve,8869
111022,719808377,Lalo,Banos,8870
111023,214948455,Tatiana,Fabra,8871
111024,372121184,Cristian,Figuerola,8872
111025,670016457,Eustaquio,Llorens,8873
111026,847245640,Leandra,Escalona,8874
111027,420151445,Eladio,Coronado,8875
111028,466973628,Jenny,Santamaria,8876
111029,585302524,Marina,Peralta,8877
111030,210605779,Andrea,Atienza,8878
111031,119553486,Hector,Canales,8879
111032,131005049,Rufina,Pinol,8880
111033,455847279,Amelia,Lastra,8881
111034,709309137,Emiliano,Ferrera,8882
111035,976027006,Herminia,Pujadas,8883
111036,977999035,Curro,Carretero,8884
111037,731679417,Maria Jesus,Chamorro,8885
111038,291154300,Matilde,Alegre,8886
111039,973231011,Eufemia,Zurita,8887
111040,178063405,Maristela,Diez,8888
111041,324921836,Juan Pablo,Polo,8889
111042,596147250,Olegario,Pera,8890
111043,201074121,Hernan,Pozuelo,8891
111044,907075874,Gerardo,Machado,8892
111045,636739655,Iris,Velasco,8893
111046,105492245,Ambrosio,Moraleda,8894
111047,502747839,Eulalia,Saldana,8895
111048,205846524,Ciriaco,Badia,8896
111049,407736039,Miguela,Navarro,8897
111050,399593916,Norberto,Hernandez,8898
111051,367953213,Adelardo,Medina,8899
111052,328813238,Marcia,Nunez,8900
111053,447207347,Eusebio,Segovia,8901
111054,179259918,Rodolfo,Gomila,8902
111055,297768598,Victoriano,Arrieta,8903
111056,649400903,Hilario,Escalona,8904
111057,708033591,Carlos,Navarro,8905
111058,553841443,Sara,Martinez,8906
111059,972628471,Elena,Solana,8907
111060,121640107,Melania,Castro,8908
111061,495492306,Eutimio,Maldonado,8909
111062,541860183,Macaria,Lucena,8910
111063,416163034,Nilda,Carpio,8911
111064,569385787,Eloisa,Vazquez,8912
111065,467248061,Rene,Aramburu,8913
111066,892491171,Feliciano,Hidalgo,8914
111067,247481245,Teobaldo,Flores,8915
111068,732134888,Iris,Almansa,8916
111069,213031976,Lucas,Redondo,8917
111070,557374700,Vidal,Olive,8918
111071,451152130,Mario,Collado,8919
111072,623396290,Modesto,Giner,8920
111073,751746697,Fabricio,Polo,8921
111074,727827763,Juan Manuel,Manuel,8922
111075,950037151,Cornelio,Macias,8923
111076,196557883,Araceli,Mayol,8924
111077,803837851,Agustin,Feliu,8925
111078,496189596,Lupe,Guardiola,8926
111079,564379612,Rocio,Costa,8927
111080,878488306,Azahara,Infante,8928
111081,699491479,Anacleto,Frutos,8929
111082,114305406,Tono,Rebollo,8930
111083,885147279,Marianela,Pascual,8931
111084,339871409,Arturo,Almagro,8932
111085,676363132,Juan Antonio,Asensio,8933
111086,763074809,Belen,Fuentes,8934
111087,965931394,Gabino,Cuadrado,8935
111088,352570383,Dominga,Yanez,8936
111089,702982755,Olga,Arteaga,8937
111090,665219624,Berta,Barcena,8938
111091,496807830,Teofila,Contreras,8939
111092,663586126,Salome,Solis,8940
111093,597638750,Ruben,Villa,8941
111094,247954143,Haroldo,Barrio,8942
111095,662952798,Ester,Juan,8943
111096,849828378,Yessica,Baez,8944
111097,874208485,Horacio,Lopez,8945
111098,145604498,Angela,Amat,8946
111099,825424274,Amaya,Pellicer,8947
111100,976384131,Maura,Peinado,8948
111101,880664752,Rico,Avila,8949
111102,187390116,Adelaida,Manjon,8950
111103,383818011,Luis Miguel,Herrera,8951
111104,531026651,Lazaro,Juan,8952
111105,988752957,Ofelia,Frias,8953
111106,128101763,Heraclio,Arrieta,8954
111107,555736364,Celestina,Gutierrez,8955
111108,685455899,Alba,Bauza,8956
111109,387197066,Herminio,Campos,8957
111110,980967443,Ciro,Puerta,8958
111111,901488899,Eladio,Leon,8959
111112,668314000,Dario,Cespedes,8960
111113,817088253,Emma,Borras,8961
111114,880413402,Jose,Ibanez,8962
111115,772322392,Bernarda,Crespi,8963
111116,423447802,Sonia,Juarez,8964
111117,842608280,Olivia,Alberto,8965
111118,207289443,Rufina,Ochoa,8966
111119,176887186,Noemi,Gual,8967
111120,705702282,Moreno,Cases,8968
111121,563859311,Olga,Codina,8969
111122,437084891,Candela,Ibanez,8970
111123,513597559,Albert,Duran,8971
111124,133070682,Hortensia,Carreno,8972
111125,506849494,Victoria,Galiano,8973
111126,627608301,Maximiano,Alcolea,8974
111127,477945974,Adrian,Prieto,8975
111128,182230778,Regina,Lluch,8976
111129,244624247,Domingo,Segui,8977
111130,227850021,Nadia,Zamora,8978
111131,361938446,Encarnita,Mir,8979
111132,242779102,Macaria,Azcona,8980
111133,644122788,Climaco,Tenorio,8981
111134,116254387,Urbano,Llado,8982
111135,397326828,Odalis,Pelayo,8983
111136,230491867,Nando,Montesinos,8984
111137,898360100,Agata,Peiro,8985
111138,432581872,Omar,Vila,8986
111139,558982949,Leonardo,Alcolea,8987
111140,734985848,Modesta,Paredes,8988
111141,150360299,Jafet,Tormo,8989
111142,460866594,Nadia,Blazquez,8990
111143,981973558,Amor,Pastor,8991
111144,113807468,Pilar,Barros,8992
111145,794052786,Amarilis,Pinto,8993
111146,369029313,Elvira,Hervia,8994
111147,834536467,Herminio,Somoza,8995
111148,911140462,Rosaura,Acedo,8996
111149,283708265,Eutropio,Parejo,8997
111150,913906820,Fabio,Bonilla,8998
111151,310561020,Pancho,Chaves,8999
111152,151817379,Isabela,Quiroga,9000
111153,703145957,Felicidad,Lorenzo,9001
111154,880048112,Malena,Haro,9002
111155,328208319,Reinaldo,Roura,9003
111156,709374456,Inigo,Bolanos,9004
111157,706239326,Fernando,Silva,9005
111158,194298290,Eloisa,Clemente,9006
111159,841017884,Ramon,Puig,9007
111160,189239886,Ainara,Barba,9008
111161,580856347,Vito,Cepeda,9009
111162,422098431,Leyre,Sanmartin,9010
111163,473249603,Carolina,Barranco,9011
111164,163109784,Pascual,Miguel,9012
111165,526270478,Dulce,Sanabria,9013
111166,569413175,Arturo,Pizarro,9014
111167,646462309,Fulgencio,Cano,9015
111168,947962309,Cristian,Sevillano,9016
111169,351641407,Emiliana,Moraleda,9017
111170,711769268,Liliana,Berenguer,9018
111171,927429584,Yago,Zorrilla,9019
111172,702934346,Amilcar,Amoros,9020
111173,848898830,Rufina,Mur,9021
111174,756491886,Seve,Albero,9022
111175,116968997,Florentina,Pareja,9023
111176,683942768,Emma,Guijarro,9024
111177,383837903,Seve,Palau,9025
111178,383882534,Norberto,Canales,9026
111179,591439585,Flavia,Fuentes,9027
111180,662950764,Ciro,Almansa,9028
111181,901921343,Virgilio,Francisco,9029
111182,224001236,Leonel,Armengol,9030
111183,976729203,Bautista,Torrijos,9031
111184,331549617,Domingo,Borrego,9032
111185,498237068,Tamara,Blasco,9033
111186,201114546,Armando,Gomis,9034
111187,717903255,Borja,Miro,9035
111188,413387577,Baudelio,Castillo,9036
111189,487024674,Roberto,Vaquero,9037
111190,994410801,Flavio,Calderon,9038
111191,355267053,Reina,Oller,9039
111192,789498072,Guiomar,Vila,9040
111193,578899584,Noa,Jerez,9041
111194,397339145,Roxana,Exposito,9042
111195,373368633,Placido,Angel,9043
111196,293988775,Pascual,Cordero,9044
111197,388417863,Julio,Rios,9045
111198,362066748,Leoncio,Baez,9046
111199,431890219,Rebeca,Vila,9047
111200,692779173,Heraclio,Pedrosa,9048
111201,998745833,Custodia,Rocha,9049
111202,592309868,Bernabe,Ledesma,9050
111203,310097622,Heraclio,Marmol,9051
111204,136076595,Sebastian,Armengol,9052
111205,776245838,Nieves,Codina,9053
111206,712658512,Jordi,Manzanares,9054
111207,218111493,Julio,Vizcaino,9055
111208,781072233,Remedios,Torrent,9056
111209,739170421,Haydee,Lillo,9057
111210,280416160,Jose Antonio,Mosquera,9058
111211,771663436,Joel,Granados,9059
111212,204814091,Osvaldo,Portillo,9060
111213,352943453,Julio,Vives,9061
111214,876369067,Cirino,Luis,9062
111215,458702565,Anita,Varela,9063
111216,355928594,Andrea,Acedo,9064
111217,208229034,Begona,Villalobos,9065
111218,791944317,Guadalupe,Vidal,9066
111219,379996476,Jose Antonio,Rodriguez,9067
111220,534253534,Sergio,Mata,9068
111221,944325245,Eloy,Casas,9069
111222,850815520,Georgina,Riera,9070
111223,989806436,Fabio,Macias,9071
111224,295274672,Julio,Castellanos,9072
111225,913776552,Jeronimo,Sedano,9073
111226,448405661,Clara,Espana,9074
111227,709869201,Maricela,Castell,9075
111228,733730052,Lara,Bayon,9076
111229,922071405,Jacobo,Barreda,9077
111230,598846749,Marcela,Pedro,9078
111231,905260208,Esther,Busquets,9079
111232,572852542,Nydia,Amador,9080
111233,699016414,Fabricio,Morell,9081
111234,396053403,Asdrubal,Mendizabal,9082
111235,994307232,Maxima,Calderon,9083
111236,529555027,Ainoa,Rosello,9084
111237,251412077,Regina,Rovira,9085
111238,867753844,Americo,Gimeno,9086
111239,860727216,Jose Miguel,Gallego,9087
111240,270686717,Candelas,Palmer,9088
111241,488042407,Yago,Frias,9089
111242,471643109,Julieta,Garriga,9090
111243,737313149,Adalberto,Casado,9091
111244,157891938,Benito,Castejon,9092
111245,446022041,Valentin,Ayllon,9093
111246,933751893,Pepita,Garcia,9094
111247,558037154,Paco,Gabaldon,9095
111248,649805127,Carmelita,Jurado,9096
111249,476415045,Juan Manuel,Blazquez,9097
111250,471579449,Virgilio,Delgado,9098
111251,683776942,Andres Felipe,Vigil,9099
111252,659223470,Toribio,Mugica,9100
111253,978060929,Pia,Landa,9101
111254,387843290,Oscar,Alvarado,9102
111255,435431951,Nerea,Cardona,9103
111256,712941459,Mirta,Hervas,9104
111257,249447639,Purificacion,Ballester,9105
111258,824889052,Albert,Ochoa,9106
111259,882593657,Anacleto,Baez,9107
111260,190512065,Nidia,Ballester,9108
111261,937734903,Hipolito,Francisco,9109
111262,311224262,Mercedes,Pascual,9110
111263,320455792,Pastor,Garrido,9111
111264,117701163,Jennifer,Duarte,9112
111265,416299653,Juliana,Cuevas,9113
111266,276366673,Aurelio,Izaguirre,9114
111267,138875135,Narcisa,Rios,9115
111268,164288824,Marc,Guerrero,9116
111269,853202283,Marisela,Guijarro,9117
111270,362494544,Eric,Marino,9118
111271,146787650,Sandra,Iniesta,9119
111272,550138677,Loreto,Puerta,9120
111273,514056081,Vanesa,Cuenca,9121
111274,439705048,Severiano,Oliva,9122
111275,169657922,Chema,Pineiro,9123
111276,635796625,Febe,Barba,9124
111277,287684383,Joan,Pazos,9125
111278,337464216,Vidal,Manrique,9126
111279,266516843,Iris,Lozano,9127
111280,402297237,Marita,Alamo,9128
111281,459478889,Luis,Valls,9129
111282,553594639,Leire,Saura,9130
111283,433888190,Florentina,Aguila,9131
111284,858316457,Ana Belen,Merino,9132
111285,913265289,Sarita,Mascaro,9133
111286,989996764,Panfilo,Galiano,9134
111287,269667268,Nuria,Tovar,9135
111288,835054016,Bonifacio,Puente,9136
111289,514127366,Carlota,Garay,9137
111290,313514819,Bernabe,Sosa,9138
111291,109385650,Lazaro,Fiol,9139
111292,745329678,Eladio,Suarez,9140
111293,281778375,Clotilde,Anaya,9141
111294,139711361,Aitana,Pacheco,9142
111295,702980274,Rosario,Saenz,9143
111296,117643374,Maxi,Jerez,9144
111297,507773787,Luisa,Herrera,9145
111298,229508560,Eleuterio,Rodriguez,9146
111299,920791343,Flor,Jover,9147
111300,429552829,Celestino,Garay,9148
111301,538354077,Primitivo,Canales,9149
111302,648532308,Jose Ignacio,Zorrilla,9150
111303,582022606,Ignacia,Cases,9151
111304,293537237,Pia,Royo,9152
111305,554832707,Begona,Rico,9153
111306,199815593,Paca,Aleman,9154
111307,358237305,Filomena,Priego,9155
111308,217978760,Amalia,Alvarado,9156
111309,534407047,Primitiva,Ramos,9157
111310,510444337,Concha,Prat,9158
111311,443447158,Coral,Cobo,9159
111312,312026012,Efrain,Arranz,9160
111313,604506801,Guadalupe,Alsina,9161
111314,973077159,Celia,Tolosa,9162
111315,772064580,Donato,Gomila,9163
111316,287013832,Paz,Crespi,9164
111317,126276605,Faustino,Calderon,9165
111318,997525705,Evaristo,Soriano,9166
111319,679259706,Dan,Rico,9167
111320,395504363,Bernardita,Mendoza,9168
111321,978346185,Celso,Arnal,9169
111322,595538292,Bibiana,Ledesma,9170
111323,281344257,Nicodemo,Montenegro,9171
111324,295440711,Ana Sofia,Gallo,9172
111325,383489806,Natanael,Penalver,9173
111326,516237086,Juan,Cabo,9174
111327,759794056,Felisa,Barriga,9175
111328,566971582,Flora,Sedano,9176
111329,842339407,Marino,Valenciano,9177
111330,769553465,Edmundo,Criado,9178
111331,143670039,Belen,Valero,9179
111332,479038052,Albano,Cabanas,9180
111333,630404763,Valentina,Baeza,9181
111334,660302644,Aitana,Galiano,9182
111335,896872217,Isidoro,Cabrero,9183
111336,391458789,Iban,Vergara,9184
111337,516210970,David,Castell,9185
111338,930841426,Candelaria,Avila,9186
111339,154820824,Horacio,Pinto,9187
111340,490564157,Vanesa,Llado,9188
111341,215533377,Abigail,Olmo,9189
111342,413175041,Zacarias,Vargas,9190
111343,675938219,Baltasar,Jimenez,9191
111344,511317644,Lino,Tejero,9192
111345,331020909,Abigail,Lozano,9193
111346,191138565,Maura,Palomo,9194
111347,741749348,Maxi,Parejo,9195
111348,113606141,Virginia,Dieguez,9196
111349,316225872,Rosenda,Giralt,9197
111350,348381387,Camila,Jover,9198
111351,619575904,Ildefonso,Duran,9199
111352,411337436,Alvaro,Elorza,9200
111353,396220153,Leocadia,Mir,9201
111354,143557420,Jordan,Tudela,9202
111355,230335285,Jacobo,Guijarro,9203
111356,240342062,Benita,Sans,9204
111357,434043499,Pancho,Ojeda,9205
111358,625930032,Rogelio,Gibert,9206
111359,647315080,Domingo,Lopez,9207
111360,598376363,Maria Jesus,Real,9208
111361,290093119,Emiliana,Ferrando,9209
111362,946485759,Genoveva,Borrell,9210
111363,109334508,Cristian,Barriga,9211
111364,899090579,Tadeo,Vendrell,9212
111365,956643784,Hermenegildo,Girona,9213
111366,920492520,Eligio,Bauza,9214
111367,269526395,Angelita,Iniesta,9215
111368,617951789,Valentin,Hidalgo,9216
111369,280961916,Fermin,Gallego,9217
111370,999924817,Ale,Benito,9218
111371,270846109,Consuelo,Cuesta,9219
111372,544189952,Erasmo,Navarrete,9220
111373,747151493,Che,Albero,9221
111374,941041419,Elias,Benet,9222
111375,240966153,Yago,Domenech,9223
111376,538764817,Ana Belen,Carballo,9224
111377,801853821,Martirio,Grande,9225
111378,505748881,Placido,Bayona,9226
111379,838703214,Severiano,Abril,9227
111380,973978997,Manola,Marco,9228
111381,431727870,Rebeca,Royo,9229
111382,155122680,Nieves,Perera,9230
111383,191476307,Gisela,Vallejo,9231
111384,759702504,Paola,Checa,9232
111385,134494922,Severino,Catalan,9233
111386,479852608,Isaac,Lujan,9234
111387,887839885,Tomasa,Ferrero,9235
111388,188331263,Fortunata,Gimenez,9236
111389,834397347,Victoria,Palacio,9237
111390,829252766,Magdalena,Orozco,9238
111391,183332071,Hortensia,Barbero,9239
111392,213069047,Ximena,Lorenzo,9240
111393,599362602,Cristian,Sans,9241
111394,294264052,Marcela,Prada,9242
111395,490664318,Francisco Javier,Clemente,9243
111396,474852896,Maria,Roman,9244
111397,488221620,Maricruz,Marti,9245
111398,585099122,Raul,Alba,9246
111399,876160884,Marcial,Prat,9247
111400,122660734,Teresa,Ibanez,9248
111401,551369757,Ovidio,Boix,9249
111402,350771137,Candido,Albero,9250
111403,245997123,Piedad,Agustin,9251
111404,468301075,Angelina,Vilanova,9252
111405,767845089,Serafina,Grande,9253
111406,646941088,Basilio,Raya,9254
111407,130350831,Xavier,Amigo,9255
111408,493868375,Chucho,Molina,9256
111409,529766433,Maxi,Tamayo,9257
111410,793702771,Natanael,Vina,9258
111411,112954621,Ramon,Parejo,9259
111412,544316985,Ovidio,Rios,9260
111413,383793319,Dafne,Prada,9261
111414,794980026,Pia,Abella,9262
111415,153164410,Dario,Duran,9263
111416,800324482,Adora,Marin,9264
111417,606057554,Guiomar,Rodenas,9265
111418,246617478,Carlos,Segovia,9266
111419,274055156,Graciano,Sebastian,9267
111420,939147858,Ema,Antunez,9268
111421,670217913,Mayte,Sanz,9269
111422,865653420,Valeria,Vall,9270
111423,991742968,Heraclio,Aguirre,9271
111424,389875111,Hilario,Medina,9272
111425,440699906,Manuel,Llado,9273
111426,235407058,Leandro,Rodriguez,9274
111427,964359042,Pepito,Codina,9275
111428,772736470,Montserrat,Balaguer,9276
111429,765279453,Ani,Penas,9277
111430,699270329,Manu,Viana,9278
111431,741773216,Gervasio,Castells,9279
111432,613235277,Sabina,Gomis,9280
111433,445554473,Maria Angeles,Paniagua,9281
111434,748479713,Clarisa,Gaya,9282
111435,785446777,Casemiro,Moran,9283
111436,783614694,Jenny,Morell,9284
111437,296368026,Rosalia,Huguet,9285
111438,286455135,Anna,Guerra,9286
111439,654623751,Roldan,Aguila,9287
111440,104740904,Eugenia,Paz,9288
111441,949266448,Odalis,Martin,9289
111442,247534303,Alcides,Lledo,9290
111443,373087148,Clarisa,Valero,9291
111444,109174487,Rosalinda,Verdejo,9292
111445,947807302,David,Yanez,9293
111446,861277212,Andres,Verdejo,9294
111447,293666638,Ingrid,Trillo,9295
111448,162300690,Aaron,Castellanos,9296
111449,522086409,Valero,Galindo,9297
111450,610100555,Duilio,Hernando,9298
111451,398184201,Ariel,Quero,9299
111452,340078976,Agueda,Borras,9300
111453,658775723,Yago,Suarez,9301
111454,631170733,Leon,Garriga,9302
111455,991938505,Jeronimo,Llabres,9303
111456,721294403,Octavia,Robledo,9304
111457,715550869,Manuel,Coll,9305
111458,544160072,Federico,Moll,9306
111459,642933317,Vidal,Vives,9307
111460,244476785,Amarilis,Ruiz,9308
111461,519587371,Epifanio,Menendez,9309
111462,492335302,Nando,Amat,9310
111463,503651229,Norberto,Roman,9311
111464,212229893,Duilio,Mercader,9312
111465,755957016,Jose Antonio,Montalban,9313
111466,322440381,Adriana,Villanueva,9314
111467,556095083,Luis,Morell,9315
111468,767554571,America,Guardia,9316
111469,419756702,Abigail,Gallart,9317
111470,762610722,Candelas,Tur,9318
111471,790258235,Yolanda,Murillo,9319
111472,893315731,Barbara,Rodrigo,9320
111473,830080468,Joel,Jaen,9321
111474,755603166,Ingrid,Lopez,9322
111475,407645418,Inocencio,Bernad,9323
111476,166657285,Luisa,Simo,9324
111477,978512371,Eufemia,Riba,9325
111478,586088608,Calixto,Yanez,9326
111479,328694053,Victorino,Lastra,9327
111480,570229233,Charo,Arcos,9328
111481,361805713,Olivia,Chaves,9329
111482,787015509,Guiomar,Andres,9330
111483,545506095,Macaria,Diego,9331
111484,493595087,Graciano,Angulo,9332
111485,506037736,Eligio,Nunez,9333
111486,542046667,Godofredo,Manzanares,9334
111487,218024459,Veronica,Jimenez,9335
111488,879354304,Jacinta,Arranz,9336
111489,811776631,Begona,Serna,9337
111490,266973634,Ramona,Marin,9338
111491,518808410,Sabas,Toro,9339
111492,878549240,Maria Carmen,Palacio,9340
111493,386328752,Miguel Angel,Morales,9341
111494,285613656,Benito,Pelayo,9342
111495,717438944,Kike,Casanova,9343
111496,616895063,Albina,Benavente,9344
111497,565215650,Sabina,Aragones,9345
111498,423569176,Adriana,Lobo,9346
111499,709681055,Eloisa,Collado,9347
111500,417355061,Jacinto,Torrents,9348
111501,173418496,Vidal,Duenas,9349
111502,722268771,Alvaro,Gracia,9350
111503,406459096,Maria Del Carmen,Verdu,9351
111504,829966340,Bibiana,Roca,9352
111505,695075914,Dionisio,Pedrero,9353
111506,423983627,Leoncio,Vilar,9354
111507,855356003,Clemente,Farre,9355
111508,531135301,Dani,Reig,9356
111509,349321021,Felisa,Corral,9357
111510,789188906,Gregorio,Rodriguez,9358
111511,102027612,Jose Francisco,Estevez,9359
111512,491751896,Fidel,Marin,9360
111513,322825929,Soledad,Duran,9361
111514,431268908,Maria,Vallejo,9362
111515,171307778,Charo,Dominguez,9363
111516,208779842,Cebrian,Morata,9364
111517,545896550,Blanca,Moliner,9365
111518,797743385,Clotilde,Mari,9366
111519,381384941,Leonor,Banos,9367
111520,900147644,Salud,Badia,9368
111521,504568453,Alexandra,Herrera,9369
111522,351449874,Maria,Plana,9370
111523,521657640,Agata,Atienza,9371
111524,416359763,Alfredo,Pujol,9372
111525,478879792,Jimena,Alcazar,9373
111526,305161024,Benigno,Araujo,9374
111527,240332732,Isabela,Artigas,9375
111528,164566377,Che,Granados,9376
111529,861767835,Tecla,Briones,9377
111530,493264132,Gabriel,Linares,9378
111531,617346320,Anacleto,Hernando,9379
111532,865316751,Valentin,Araujo,9380
111533,712983753,Lucio,Quesada,9381
111534,724055191,Heliodoro,Alsina,9382
111535,293388140,Coral,Pujol,9383
111536,319464836,Emilio,Tormo,9384
111537,247898815,Jesus,Chaparro,9385
111538,547862131,Chelo,Marino,9386
111539,424534756,Leticia,Aliaga,9387
111540,746030912,Maristela,Herrera,9388
111541,167528410,Federico,Pinedo,9389
111542,475145820,Leonor,Hernandez,9390
111543,789177652,Juan Carlos,Dalmau,9391
111544,891249708,Soledad,Alarcon,9392
111545,401533709,Isabel,Angel,9393
111546,175198494,Maria Luisa,Trujillo,9394
111547,929374908,Teodoro,Reig,9395
111548,766316177,Susana,Losa,9396
111549,107192674,Nerea,Vendrell,9397
111550,105664327,Demetrio,Salamanca,9398
111551,531764442,Elisa,Vendrell,9399
111552,248732879,Reyna,Vinas,9400
111553,479027422,Jose Mari,Artigas,9401
111554,598403184,Dorita,Antunez,9402
111555,307239229,Quique,Cepeda,9403
111556,638887338,Ernesto,Reyes,9404
111557,478983036,Priscila,Fajardo,9405
111558,102481600,Carolina,Bravo,9406
111559,810542461,Rosa,Bolanos,9407
111560,287389416,Tania,Cortes,9408
111561,953784816,Venceslas,Rivero,9409
111562,225594809,Yessica,Chacon,9410
111563,307704534,Olimpia,Garcia,9411
111564,336284420,Salvador,Tamarit,9412
111565,408975012,Victorino,Ramos,9413
111566,936116245,Francisco Jose,Pellicer,9414
111567,598928669,Etelvina,Sierra,9415
111568,950870879,Ramon,Melero,9416
111569,686096142,Gabriela,Valcarcel,9417
111570,147501830,Seve,Pombo,9418
111571,278622385,Basilio,Cuellar,9419
111572,144142332,Carmelo,Morante,9420
111573,361173122,Jacinta,Royo,9421
111574,642914901,Sandra,Haro,9422
111575,203115990,Tatiana,Castellanos,9423
111576,543053086,Marcelo,Trujillo,9424
111577,768631382,Alondra,Ropero,9425
111578,126013218,Alondra,Heredia,9426
111579,158685870,Eufemia,Blanco,9427
111580,251134867,Mamen,Jaume,9428
111581,714951114,Maribel,Arrieta,9429
111582,794150537,Tere,Dalmau,9430
111583,144708351,Pelayo,Vigil,9431
111584,576322789,Mamen,Pintor,9432
111585,726898454,Juan Luis,Aroca,9433
111586,984543564,Vidal,Amo,9434
111587,857991840,Julie,Catalan,9435
111588,209559258,Eulalia,Abellan,9436
111589,210246787,Domingo,Goicoechea,9437
111590,604078571,Concha,Valero,9438
111591,475464370,Lucio,Canet,9439
111592,905644720,German,Borja,9440
111593,302437518,Sergio,Saldana,9441
111594,928831817,Maribel,Chacon,9442
111595,215094020,Florencio,Huguet,9443
111596,165542281,Paulino,Sierra,9444
111597,584180853,Luna,Pera,9445
111598,606666458,Jose Angel,Lloret,9446
111599,541155662,Juanita,Sainz,9447
111600,106176254,Eutropio,Saez,9448
111601,613789324,Inmaculada,Coronado,9449
111602,813245836,Melchor,Soriano,9450
111603,996262273,Adela,Ramos,9451
111604,119042467,Maria Jesus,Sierra,9452
111605,540694100,Fernando,Pellicer,9453
111606,914255500,Luciano,Torre,9454
111607,196303057,Candida,Miranda,9455
111608,578934493,Vidal,Marino,9456
111609,937064366,Borja,Gutierrez,9457
111610,945937385,Fermin,Rios,9458
111611,911236289,Begona,Pulido,9459
111612,744086721,Hernan,Arregui,9460
111613,231706496,Jesus,Cabeza,9461
111614,602900594,Daniela,Fabregat,9462
111615,450926403,Fabio,Pavon,9463
111616,889902305,Isabela,Bertran,9464
111617,756620428,Natanael,Buendia,9465
111618,534961653,Fabiola,Dominguez,9466
111619,788982946,Dolores,Hoyos,9467
111620,709217791,Caridad,Matas,9468
111621,781285979,Rafael,Arellano,9469
111622,426536098,Elisa,Arnaiz,9470
111623,655616481,Andres,Arteaga,9471
111624,188376666,Rafa,Roca,9472
111625,474829278,Basilio,Portillo,9473
111626,418517526,Adora,Garcia,9474
111627,106023882,Leyre,Morera,9475
111628,463950229,Maricruz,Villar,9476
111629,105333622,Casandra,Duenas,9477
111630,513059116,Debora,Nunez,9478
111631,323583552,Severiano,Sanz,9479
111632,690755044,Hernan,Dalmau,9480
111633,756867183,Sandra,Serna,9481
111634,822964201,Olalla,Bastida,9482
111635,558764321,Maria Pilar,Carro,9483
111636,812487986,Narcisa,Urena,9484
111637,408270950,Zacarias,Olmo,9485
111638,621066146,Ismael,Echevarria,9486
111639,786558191,Rene,Somoza,9487
111640,820881439,Baudelio,Fiol,9488
111641,178070119,Pacifica,Porras,9489
111642,529930266,Trinidad,Pastor,9490
111643,498728159,Fidela,Acuna,9491
111644,382129200,Candelas,Ribas,9492
111645,351514851,Evaristo,Guardiola,9493
111646,176906761,Javier,Ballester,9494
111647,573566799,Felisa,Herrero,9495
111648,821500700,Ciro,Iglesias,9496
111649,204212708,Heriberto,Grande,9497
111650,144240413,Encarnita,Carvajal,9498
111651,280261543,Lucas,Valentin,9499
111652,909108298,Virginia,Casares,9500
111653,245753196,Marco,Lago,9501
111654,767306782,Osvaldo,Nunez,9502
111655,922761946,Jose Maria,Urena,9503
111656,110229338,Joan,Cuervo,9504
111657,864585289,Celestina,Rosado,9505
111658,521625188,Juan Manuel,Martin,9506
111659,482060024,Pascual,Ortega,9507
111660,386080667,Marcela,Polo,9508
111661,293804523,Armando,Bartolome,9509
111662,375370968,Modesta,Santos,9510
111663,137113827,Nadia,Robles,9511
111664,759490297,Angelica,Aguirre,9512
111665,930819726,Iris,Merino,9513
111666,663735592,Sofia,Montesinos,9514
111667,983952268,Gil,Lillo,9515
111668,248686463,Georgina,Munoz,9516
111669,657855726,Agueda,Padilla,9517
111670,686195176,Anastasia,Conesa,9518
111671,228851366,Octavio,Roura,9519
111672,924251091,Bartolome,Uriarte,9520
111673,756590955,Martin,Fabra,9521
111674,199427354,Eutropio,Seco,9522
111675,410993605,Amelia,Huguet,9523
111676,391823902,Silvio,Falcon,9524
111677,444805068,Elias,Riera,9525
111678,186459016,Espiridion,Aleman,9526
111679,499434217,Judith,Nebot,9527
111680,173830101,Liliana,Pacheco,9528
111681,815131086,Ricarda,Lastra,9529
111682,222464513,Jose Ramon,Bosch,9530
111683,787102023,Nidia,Vargas,9531
111684,286394812,Arsenio,Beltran,9532
111685,919189499,Manolo,Galiano,9533
111686,488627954,Herberto,Gonzalez,9534
111687,564369235,Violeta,Baquero,9535
111688,199381026,Hernan,Fernandez,9536
111689,574527346,Flavia,Montenegro,9537
111690,136003717,Carmelo,Vilar,9538
111691,823397646,Jose Antonio,Vicens,9539
111692,426060733,Celia,Aguilera,9540
111693,751641078,Julio Cesar,Noriega,9541
111694,163026524,Victor,Benitez,9542
111695,567222149,Humberto,Trillo,9543
111696,953042004,Ruben,Otero,9544
111697,821665412,Albino,Bernad,9545
111698,488509197,Mariano,Valdes,9546
111699,332079779,Andres,Duenas,9547
111700,396433018,Severo,Quintero,9548
111701,942406457,Heriberto,Jaen,9549
111702,906026584,Joan,Prado,9550
111703,404692235,Anselmo,Samper,9551
111704,889019897,Cesar,Rio,9552
111705,715437837,Azahara,Paz,9553
111706,994577910,Roberto,Guillen,9554
111707,955018159,Jonatan,Borrell,9555
111708,983248369,Olimpia,Batalla,9556
111709,259562835,Rico,Amores,9557
111710,165805990,Corona,Ferreras,9558
111711,488440265,Florencio,Castrillo,9559
111712,222959668,Teodosio,Canellas,9560
111713,313234240,Geronimo,Canals,9561
111714,118541982,Salomon,Lumbreras,9562
111715,928570631,Dionisia,Romero,9563
111716,963760504,Olalla,Quiros,9564
111717,856492470,Guadalupe,Tejada,9565
111718,391283544,Celestina,Cal,9566
111719,461328003,Ingrid,Gomis,9567
111720,850646318,Francisca,Mari,9568
111721,728388813,Jenaro,Ibanez,9569
111722,431709847,Leonel,Amador,9570
111723,805019072,Eloisa,Garmendia,9571
111724,916301699,Poncio,Valbuena,9572
111725,393387475,Leyre,Maestre,9573
111726,186069265,Edelmira,Jimenez,9574
111727,595960926,Trinidad,Huerta,9575
111728,816154632,Albert,Carro,9576
111729,826972569,Paloma,Francisco,9577
111730,855471716,Ramona,Anguita,9578
111731,692930819,Walter,Aragon,9579
111732,616607315,Abel,Gutierrez,9580
111733,116435854,Nestor,Barrios,9581
111734,602821326,Feliciana,Iriarte,9582
111735,145875630,Adolfo,Vendrell,9583
111736,882530833,Nuria,Carvajal,9584
111737,195530259,Edgardo,Escudero,9585
111738,174885448,Emma,Gonzalez,9586
111739,123279557,Prudencio,Fabregas,9587
111740,218529746,Liliana,Solano,9588
111741,628791019,Vicenta,Baeza,9589
111742,409356502,Eliana,Salva,9590
111743,566731852,Ruperto,Barbero,9591
111744,925816432,Ruy,Molina,9592
111745,681227850,Olivia,Amat,9593
111746,164232515,Adelia,Lobo,9594
111747,485738895,Maria Luisa,Iglesia,9595
111748,251523824,Carmina,Carballo,9596
111749,580178821,Jose Angel,Aller,9597
111750,218413698,Lourdes,Sanmiguel,9598
111751,689389783,Joan,Villaverde,9599
111752,499823927,Eli,Domenech,9600
111753,922541049,Marino,Alberdi,9601
111754,526457996,Valentin,Guerrero,9602
111755,809494849,Nieves,Penalver,9603
111756,514059058,Natividad,Roig,9604
111757,196913988,Eric,Linares,9605
111758,939373686,Tecla,Goicoechea,9606
111759,239014879,Isidora,Peiro,9607
111760,996843586,Manuelita,Rozas,9608
111761,839050258,Luis,Manso,9609
111762,566466302,Bonifacio,Ribera,9610
111763,475713700,Sara,Boada,9611
111764,955547949,Jenny,Vina,9612
111765,324017471,Oscar,Simo,9613
111766,254245202,Celestina,Juarez,9614
111767,198749000,Adora,Aviles,9615
111768,457461645,Jose Miguel,Pol,9616
111769,672777138,Elisa,Pedrosa,9617
111770,862845429,Hector,Vigil,9618
111771,365731522,Belen,Bru,9619
111772,499889374,Jose Carlos,Recio,9620
111773,287288865,Anacleto,Dalmau,9621
111774,587033625,Matilde,Uriarte,9622
111775,536757330,Fabio,Sanabria,9623
111776,258857628,Caridad,Espada,9624
111777,988146231,Dulce,Montalban,9625
111778,211615462,Rafael,Ordonez,9626
111779,185140100,Javiera,Velez,9627
111780,661502569,Luis Miguel,Somoza,9628
111781,316562904,Luis,Jurado,9629
111782,544169123,Teobaldo,Bejarano,9630
111783,566600155,Octavia,Guardia,9631
111784,719407342,Clemente,Grau,9632
111785,158929129,Emperatriz,Alsina,9633
111786,614089329,Isaac,Porras,9634
111787,900436413,Pascuala,Martinez,9635
111788,432653775,Loreto,Garcia,9636
111789,507855444,Agueda,Castells,9637
111790,352383571,Maxi,Beltran,9638
111791,528866424,Clemente,Perales,9639
111792,297300237,Marcela,Muniz,9640
111793,888749068,Martin,Pinol,9641
111794,437760734,Luz,Cuenca,9642
111795,765943008,Eustaquio,Tormo,9643
111796,446817662,Amilcar,Alberdi,9644
111797,218681664,Benigna,Baro,9645
111798,260501722,Espiridion,Larranaga,9646
111799,687657431,Jose Miguel,Parra,9647
111800,465844196,Manuelita,Castro,9648
111801,995932716,Nereida,Hervia,9649
111802,882319780,Santiago,Amat,9650
111803,992384532,Clementina,Gutierrez,9651
111804,629489073,Omar,Carreras,9652
111805,312028574,Candelario,Saenz,9653
111806,126516136,Loreto,Agullo,9654
111807,210317836,Ovidio,Vazquez,9655
111808,916200241,Judith,Buendia,9656
111809,696682561,Magdalena,Padilla,9657
111810,795257628,Joan,Galan,9658
111811,859200233,Joaquina,Flor,9659
111812,920471992,Lorenzo,Gallego,9660
111813,926230253,Arcelia,Becerra,9661
111814,179045634,Pelayo,Salva,9662
111815,810907283,Juanita,Riquelme,9663
111816,721796010,Adora,Acevedo,9664
111817,322986457,Marcial,Gordillo,9665
111818,770232509,Fernando,Elias,9666
111819,378209593,Pascuala,Terron,9667
111820,711459914,Estela,Balaguer,9668
111821,483963507,Chus,Pareja,9669
111822,218971368,Florina,Mir,9670
111823,130313977,Anita,Baron,9671
111824,903545845,Albino,Rico,9672
111825,792451251,Leonel,Polo,9673
111826,204732334,Fidela,Ibanez,9674
111827,984884811,Diego,Escriva,9675
111828,113128444,Judith,Almeida,9676
111829,628802965,Lupe,Pi,9677
111830,129111811,Jose Miguel,Blanca,9678
111831,968465321,Piedad,Chaves,9679
111832,269369931,Azucena,Ibarra,9680
111833,932028156,Elias,Fuertes,9681
111834,189686325,Rita,Navarro,9682
111835,947849291,Elisa,Morera,9683
111836,336287543,Sosimo,Losa,9684
111837,477239492,Hernando,Rueda,9685
111838,745960433,Jeronimo,Patino,9686
111839,203714762,Pepita,Molina,9687
111840,333607394,Lucila,Marquez,9688
111841,734162521,Armida,Perello,9689
111842,781594140,Clara,Amo,9690
111843,891572195,Chelo,Diego,9691
111844,160312749,Timoteo,Camacho,9692
111845,954066334,Alondra,Padilla,9693
111846,483266345,Josep,Gimeno,9694
111847,956531539,Octavia,Pujol,9695
111848,301886956,Evangelina,Casals,9696
111849,105318441,Ursula,Camara,9697
111850,684904117,Matias,Vidal,9698
111851,121682706,Amado,Leon,9699
111852,496158291,Camilo,Martorell,9700
111853,307061452,Romulo,Sales,9701
111854,548024776,Maricela,Amoros,9702
111855,369989890,Graciana,Navarrete,9703
111856,365728248,Flora,Barrio,9704
111857,122473196,Asuncion,Serna,9705
111858,435975548,Nydia,Gelabert,9706
111859,896020943,Reyes,Botella,9707
111860,264607680,Dario,Perez,9708
111861,623079317,Obdulia,Melendez,9709
111862,969280998,Roberto,Grau,9710
111863,998998956,Piedad,Rocamora,9711
111864,526299114,Eligia,Prada,9712
111865,770020679,Emperatriz,Quiroga,9713
111866,783715344,Isidro,Jove,9714
111867,927150701,Eufemia,Tena,9715
111868,595694389,Perlita,Ferrando,9716
111869,350257121,Renata,Mugica,9717
111870,414430217,Timoteo,Bustos,9718
111871,473090798,Leopoldo,Reguera,9719
111872,519375304,Quique,Bauza,9720
111873,840318910,Amando,Batalla,9721
111874,770624161,Guiomar,Sastre,9722
111875,866025358,Nico,Rosello,9723
111876,202858559,Brunilda,Hervas,9724
111877,358115987,Guadalupe,Cuevas,9725
111878,807381512,Candelaria,Heredia,9726
111879,273522158,Vicente,Alfonso,9727
111880,144299888,Vanesa,Torrens,9728
111881,141910154,Vasco,Donoso,9729
111882,579526660,Barbara,Vergara,9730
111883,358333695,Julieta,Valentin,9731
111884,418164089,Guadalupe,Pedro,9732
111885,622189754,Reyna,Paez,9733
111886,995820743,Alba,Llobet,9734
111887,289082799,Clara,Vara,9735
111888,513499706,Amor,Lasa,9736
111889,555727825,Paola,Heras,9737
111890,936487017,Sofia,Lasa,9738
111891,543596058,Natanael,Benito,9739
111892,770224159,Rebeca,Palacio,9740
111893,489667187,Benito,Baro,9741
111894,995693326,Nacio,Becerra,9742
111895,999404703,Bibiana,Millan,9743
111896,939842761,Jacinto,Corral,9744
111897,928461993,Rogelio,Escamilla,9745
111898,611149792,Anita,Iglesia,9746
111899,669257458,Felix,Cuellar,9747
111900,781725087,Luisa,Escribano,9748
111901,689610642,Candido,Franch,9749
111902,740438572,Lazaro,Arce,9750
111903,909998492,Margarita,Mancebo,9751
111904,345932956,Manu,Cuadrado,9752
111905,278803921,Esperanza,Hervas,9753
111906,310049557,Salvador,Toledo,9754
111907,286776899,Ximena,Tomas,9755
111908,101144518,Mariana,Marin,9756
111909,441873627,Maria Teresa,Vizcaino,9757
111910,187790234,Jeronimo,Vizcaino,9758
111911,407598457,Javi,Alonso,9759
111912,907867391,Sergio,Mora,9760
111913,801358290,Eladio,Barros,9761
111914,957941246,Rosalva,Carranza,9762
111915,803939857,Saturnina,Conde,9763
111916,707031389,Sigfrido,Gonzalez,9764
111917,883648363,Ariel,Benavent,9765
111918,353255112,Jose Manuel,Calzada,9766
111919,319196839,Mirta,Maldonado,9767
111920,214038485,Haroldo,Uria,9768
111921,629377147,Candela,Solsona,9769
111922,809917226,Martina,Uriarte,9770
111923,208128704,Rafael,Tur,9771
111924,683189774,Julia,Arnal,9772
111925,559537188,Gonzalo,Garces,9773
111926,594752314,Claudio,Canete,9774
111927,900460774,Hector,Arteaga,9775
111928,254133952,Ruben,Juarez,9776
111929,586554653,Azucena,Rincon,9777
111930,813854373,Ani,Almagro,9778
111931,503672761,Marciano,Daza,9779
111932,373564855,Victor,Pinilla,9780
111933,491546000,Nico,Ballester,9781
111934,202544108,Angela,Colom,9782
111935,276784329,Vicente,Calderon,9783
111936,896012346,Lola,Fabra,9784
111937,772025130,Fabricio,Vargas,9785
111938,276263854,Etelvina,Vergara,9786
111939,157953955,Marta,Querol,9787
111940,213314177,Corona,Contreras,9788
111941,735605894,Ezequiel,Rosado,9789
111942,139013537,Cristian,Soria,9790
111943,599592026,Caridad,Melendez,9791
111944,971252161,Jesusa,Montes,9792
111945,235407679,Celestino,Peralta,9793
111946,891569257,Araceli,Pereira,9794
111947,405458835,Edgardo,Font,9795
111948,161926825,Victorino,Camino,9796
111949,140552166,Jesusa,Bejarano,9797
111950,638407435,Flora,Porta,9798
111951,100872356,Miriam,Arranz,9799
111952,503403280,Silvio,Hidalgo,9800
111953,891521204,Martin,Olmedo,9801
111954,666528146,Urbano,Poza,9802
111955,434402367,Chus,Orozco,9803
111956,436776141,Gilberto,Mayol,9804
111957,188014131,Barbara,Gargallo,9805
111958,644402403,Pilar,Valenzuela,9806
111959,153483150,Elena,Carro,9807
111960,908801759,Fabricio,Soto,9808
111961,750738364,Jacinto,Morante,9809
111962,952087998,Sol,Araujo,9810
111963,311027422,Josefa,Montoya,9811
111964,881602115,Felix,Moraleda,9812
111965,681149325,Amor,Pedro,9813
111966,662044562,Carlota,Enriquez,9814
111967,150085630,Adelina,Feijoo,9815
111968,853270165,Perla,Clavero,9816
111969,334378084,Josue,Duarte,9817
111970,247675005,Trini,Minguez,9818
111971,633327194,Felicia,Pelaez,9819
111972,114651953,Alejandro,Uriarte,9820
111973,432850706,Emperatriz,Molins,9821
111974,271651847,Alvaro,Sevilla,9822
111975,124986046,Roberta,Ayllon,9823
111976,459690524,Eric,Rojas,9824
111977,475029359,Fatima,Santamaria,9825
111978,918142495,Damian,Luna,9826
111979,700380593,Fortunata,Beltran,9827
111980,949553702,Ignacia,Marin,9828
111981,469184790,Dolores,Rovira,9829
111982,748487727,Renata,Rossello,9830
111983,300403175,Efrain,Segui,9831
111984,754281237,Febe,Parejo,9832
111985,889523290,Benigno,Velez,9833
111986,797306668,Ramona,Sanmartin,9834
111987,694748736,Emelina,Valero,9835
111988,289610452,Maria Teresa,Linares,9836
111989,801348533,Onofre,Colom,9837
111990,865872935,Fortunata,Cazorla,9838
111991,858250612,Gracia,Padilla,9839
111992,654996308,Martina,Barbera,9840
111993,379974658,Estrella,Lluch,9841
111994,892679724,Cruz,Quintana,9842
111995,533967564,Anibal,Guillen,9843
111996,510662085,Reina,Flores,9844
111997,838052978,Romulo,Ruano,9845
111998,479623244,Ramiro,Marmol,9846
111999,208399306,Pascual,Calzada,9847
112000,660857816,Maristela,Quero,9848
112001,530020312,Nazario,Millan,9849
112002,925694047,Isaura,Torrijos,9850
112003,357748499,Susanita,Puente,9851
112004,539289439,Gertrudis,Carbonell,9852
112005,278308229,Aaron,Tapia,9853
112006,273031383,Margarita,Menendez,9854
112007,960933687,Pio,Rio,9855
112008,818421051,Hector,Avila,9856
112009,875929381,Melchor,Toledo,9857
112010,748077204,Victor Manuel,Molina,9858
112011,490251894,Esmeralda,Cifuentes,9859
112012,203777573,Azahar,Samper,9860
112013,196071562,Estela,Tejedor,9861
112014,794929090,Dulce,Cortes,9862
112015,397597885,Manola,Rozas,9863
112016,537674178,Isaac,Borrell,9864
112017,308405310,Fulgencio,Fortuny,9865
112018,888296264,Candelaria,Figueroa,9866
112019,570547399,Evangelina,Cozar,9867
112020,351972416,Maria Belen,Rozas,9868
112021,372927479,Delia,Ramos,9869
112022,476523588,Dario,Rocha,9870
112023,980049371,Serafina,Rueda,9871
112024,699695547,Aurora,Peralta,9872
112025,574722094,Faustino,Ortega,9873
112026,899879769,Jose,Caceres,9874
112027,801453262,Lupe,Carreno,9875
112028,335965837,Maria Manuela,Zapata,9876
112029,307471927,Angelino,Portillo,9877
112030,630791759,Poncio,Ocana,9878
112031,907930895,Marcio,Sastre,9879
112032,864702265,Maria Teresa,Mendez,9880
112033,797228328,Severiano,Bautista,9881
112034,767186497,Maria Fernanda,Quiroga,9882
112035,984660962,Juan Francisco,Canovas,9883
112036,221755550,Julie,Valenciano,9884
112037,927292295,Amarilis,Solano,9885
112038,262034582,Tamara,Navarrete,9886
112039,652018023,Eugenio,Angulo,9887
112040,573196375,Maristela,Acuna,9888
112041,758669921,Maria Carmen,Corral,9889
112042,297852009,Ximena,Carvajal,9890
112043,456736504,Ximena,Hervia,9891
112044,499978154,Jenaro,Machado,9892
112045,902678332,Juana,Manso,9893
112046,932398066,Pepe,Sola,9894
112047,659759327,Zoraida,Blasco,9895
112048,676268965,Nydia,Calvet,9896
112049,720785516,Armida,Borja,9897
112050,559213192,Sancho,Soriano,9898
112051,84680256,Tristan,Figueroa,9899
112052,167482798,Diego,Cortina,9900
112053,368492859,Luz,Garate,9901
112054,350599780,Edgar,Cazorla,9902
112055,506912421,Ruben,Ibanez,9903
112056,464562744,Isidro,Gabaldon,9904
112057,924225184,Ricardo,Peralta,9905
112058,488735479,Luisina,Aguirre,9906
112059,313724390,Santos,Vergara,9907
112060,556277207,Efrain,Penas,9908
112061,342575499,Feliciano,Grau,9909
112062,285467454,Melania,Barrena,9910
112063,652390701,Ambar,Bayona,9911
112064,831947026,Severiano,Roman,9912
112065,778210425,Africa,Pedraza,9913
112066,760537431,Teofila,Cuadrado,9914
112067,191231524,Amor,Aparicio,9915
112068,437195609,Martin,Salazar,9916
112069,625074480,Ani,Fortuny,9917
112070,112903875,Saturnina,Ruiz,9918
112071,298960404,Noelia,Batalla,9919
112072,634428237,Luisina,Benavente,9920
112073,837461745,Noemi,Cabrero,9921
112074,128970337,Paco,Flor,9922
112075,644805638,Amado,Cuevas,9923
112076,828163187,Tamara,Campoy,9924
112077,911508919,Fanny,Riera,9925
112078,689025674,Miguela,Lucena,9926
112079,562875134,Berto,Padilla,9927
112080,915741864,Emelina,Perera,9928
112081,864002098,Salome,Franco,9929
112082,302099628,Jorge,Nebot,9930
112083,701184182,Rene,Valbuena,9931
112084,872553685,Fabian,Beltran,9932
112085,191229539,Renato,Montserrat,9933
112086,762147358,Evelia,Antunez,9934
112087,171981905,Azeneth,Blazquez,9935
112088,878523784,Remigio,Almagro,9936
112089,834936629,Valero,Requena,9937
112090,288920890,Hilda,Cuevas,9938
112091,150611435,Paca,Sole,9939
112092,783159281,Perlita,Clemente,9940
112093,658373238,Zoraida,Baena,9941
112094,931714639,Maria Angeles,Suarez,9942
112095,979408824,Maria,Baquero,9943
112096,957147275,Ulises,Rosado,9944
112097,196608780,Leonor,Conesa,9945
112098,183527836,Marcia,Galvez,9946
112099,505214751,Americo,Chaparro,9947
112100,430859964,Victorino,Aleman,9948
112101,916967264,Donato,Vizcaino,9949
112102,531682925,Amando,Mugica,9950
112103,403219589,Delfina,Nunez,9951
112104,273103044,Estrella,Elorza,9952
112105,819936287,Ovidio,Parra,9953
112106,136847178,Laura,Barbero,9954
112107,765793863,Paulino,Anguita,9955
112108,597602525,Pio,Cordero,9956
112109,508358688,Leyre,Araujo,9957
112110,618694572,Delfina,Hoz,9958
112111,981776790,Amando,Pont,9959
112112,158925966,Gonzalo,Gonzalez,9960
112113,812229153,Evaristo,Blasco,9961
112114,215076017,Teresita,Coello,9962
112115,689919762,Esperanza,Blazquez,9963
112116,465207431,Perlita,Zapata,9964
112117,293017055,Jose Ignacio,Llabres,9965
112118,977097434,Celso,Cano,9966
112119,939196159,Casandra,Morillo,9967
112120,179453423,Berta,Riera,9968
112121,210143411,Zacarias,Barral,9969
112122,810840728,Esmeralda,Redondo,9970
112123,573850226,Veronica,Hidalgo,9971
112124,276559475,Lucia,Porcel,9972
112125,602055285,Manuel,Fiol,9973
112126,750398988,Herminio,Gascon,9974
112127,303357537,Anabel,Fortuny,9975
112128,267182672,Silvestre,Tamarit,9976
112129,570264562,Eugenia,Comas,9977
112130,204280936,Juan,Rico,9978
112131,226086782,Florencia,Moreno,9979
112132,869469152,Mar,Monreal,9980
112133,745126070,Carmelita,Carrasco,9981
112134,217231341,Cristina,Tejada,9982
112135,151533930,Elvira,Noriega,9983
112136,378230604,Laura,Hoyos,9984
112137,255311602,Marcial,Redondo,9985
112138,795030100,Jose Ramon,Bernat,9986
112139,188282864,Paca,Guzman,9987
112140,890050301,Adan,Quevedo,9988
112141,269149341,Mariano,Quevedo,9989
112142,926627518,Gala,Sabater,9990
112143,205829213,Cintia,Salvador,9991
112144,682863227,Alejo,Carbonell,9992
112145,599582169,Julio Cesar,Ribes,9993
112146,783753585,Obdulia,Anaya,9994
112147,274296222,Olimpia,Guzman,9995
112148,446487216,Julie,Mendez,9996
112149,905504603,Gil,Morante,9997
112150,549586237,Flavio,Amigo,9998
112151,241322380,Macaria,Figueroa,9999
112152,631876353,Juan,Castello,10000
112153,200558209,Saturnina,Espinosa,10001
112154,976773607,Mamen,Rico,10002
112155,699826561,Faustino,Trillo,10003
112156,472853876,Maricela,Sobrino,10004
112157,926788383,Albert,Ayala,10005
112158,110817718,Nacio,Laguna,10006
112159,517748753,Balduino,Martin,10007
112160,593111724,Tristan,Julian,10008
112161,986560914,Socorro,Pineiro,10009
112162,275846977,Maximino,Cid,10010
112163,292687598,Ignacia,Zorrilla,10011
112164,377286774,Benito,Caballero,10012
112165,745357538,Margarita,Soriano,10013
112166,113100101,Josefina,Royo,10014
112167,598440524,Aranzazu,Pages,10015
112168,616843917,Valentin,Ribera,10016
112169,847996778,Teresa,Machado,10017
112170,963814993,Haydee,Duenas,10018
112171,939027464,Xavier,Peralta,10019
112172,767932328,Bernardino,Acosta,10020
112173,843337685,Berto,Belda,10021
112174,921473823,Ligia,Becerra,10022
112175,141237128,Anita,Jodar,10023
112176,414814401,Nacho,Aragones,10024
112177,524209995,Maxi,Nunez,10025
112178,326188278,Armida,Cisneros,10026
112179,713881385,Macaria,Arias,10027
112180,117299846,Rodolfo,Rodriguez,10028
112181,694509083,Felix,Ordonez,10029
112182,448687203,Carmen,Huertas,10030
112183,872739708,Anastasio,Bueno,10031
112184,498606166,Eugenia,Martin,10032
112185,254176217,Marcelino,Carrion,10033
112186,668543429,Eva Maria,Arranz,10034
112187,659313237,Eladio,Marcos,10035
112188,785508947,Conrado,Morante,10036
112189,253238183,Feliciano,Bou,10037
112190,558298229,Cristian,Roldan,10038
112191,982201043,Ramiro,Rosales,10039
112192,336150906,Panfilo,Gallart,10040
112193,627441582,Pacifica,Menendez,10041
112194,471756226,Agata,Tejera,10042
112195,935483609,Aitor,Peiro,10043
112196,904259033,Amor,Elorza,10044
112197,379972805,Margarita,Alvarado,10045
112198,843508023,Eloy,Escriva,10046
112199,578201724,Adela,Losa,10047
112200,698419963,Fabian,Lujan,10048
112201,619527609,Matias,Revilla,10049
112202,933549627,Maria Jose,Tovar,10050
112203,344003967,Nilo,Rey,10051
112204,774260712,Martirio,Patino,10052
112205,197259903,Angel,Ramis,10053
112206,924667599,Barbara,Sanmartin,10054
112207,900797894,Julio Cesar,Caballero,10055
112208,400278251,Aurora,Maestre,10056
112209,236663576,Damian,Osorio,10057
112210,821531253,Sancho,Duque,10058
112211,734268421,Ricardo,Bermudez,10059
112212,896118224,Rafaela,Gutierrez,10060
112213,839694741,Reyes,Peinado,10061
112214,700748195,Rosenda,Segovia,10062
112215,439760316,Jose Francisco,Galindo,10063
112216,626467732,Sonia,Canton,10064
112217,791869441,Elodia,Olivera,10065
112218,492992326,Hernan,Arregui,10066
112219,180878619,Itziar,Arribas,10067
112220,959252603,Maria Dolores,Chacon,10068
112221,200422598,Ovidio,Farre,10069
112222,975404959,Francisco,Rius,10070
112223,952521274,Nilda,Baro,10071
112224,279991897,Angela,Arana,10072
112225,553964745,Ines,Figuerola,10073
112226,353519326,Aaron,Benavente,10074
112227,433908214,Dafne,Beltran,10075
112228,582800950,Ismael,Perales,10076
112229,614346763,Josefina,Pujol,10077
112230,284584948,Gabriela,Gilabert,10078
112231,677877882,Juan Jose,Balaguer,10079
112232,332850518,Rodrigo,Duque,10080
112233,918242681,Celestina,Prieto,10081
112234,801748248,Claudio,Saura,10082
112235,474656174,Renato,Cuenca,10083
112236,939981170,Azahara,Burgos,10084
112237,533396872,Emperatriz,Rojas,10085
112238,420965268,Saturnina,Amoros,10086
112239,451622774,Liliana,Arana,10087
112240,733982344,Lola,Frutos,10088
112241,974049359,Bernardo,Alcolea,10089
112242,983587527,Damian,Benito,10090
112243,617283167,Segismundo,Amores,10091
112244,317246915,Julio Cesar,Donaire,10092
112245,396314330,Luis Angel,Bermudez,10093
112246,717949609,Emelina,Cabanas,10094
112247,705853349,Narciso,Casado,10095
112248,244477808,Zacarias,Belmonte,10096
112249,600731473,Evelia,Velez,10097
112250,981975257,Macario,Soto,10098
112251,504823628,Georgina,Aparicio,10099
112252,645251236,Victor Manuel,Miralles,10100
112253,621916032,Martin,Arevalo,10101
112254,544008100,Victor,Taboada,10102
112255,668630634,Encarna,Peral,10103
112256,418473573,Guadalupe,Anton,10104
112257,403321652,Baudelio,Calvo,10105
112258,579430552,Ceferino,Franco,10106
112259,553699750,Eligia,Mari,10107
112260,290603414,Luisina,Dominguez,10108
112261,636834662,Baldomero,Aller,10109
112262,902984663,Valerio,Lopez,10110
112263,698323785,Cruz,Leon,10111
112264,106620429,Debora,Guzman,10112
112265,566480094,Hilda,Menendez,10113
112266,710273936,Rosalina,Barcena,10114
112267,240046888,Arturo,Robledo,10115
112268,957534316,Priscila,Mur,10116
112269,285459454,Sabas,Moles,10117
112270,879914452,Ema,Garate,10118
112271,340340097,Heraclio,Nino,10119
112272,845142690,Josefa,Maestre,10120
112273,722568692,Azucena,Parra,10121
112274,294022596,Ramon,Aleman,10122
112275,188042358,Eutropio,Torres,10123
112276,211718940,Juan Antonio,Gordillo,10124
112277,147723231,Juan Manuel,Sanjuan,10125
112278,472515908,Ricardo,Tejera,10126
112279,390896723,Lidia,Bello,10127
112280,423509093,Patricio,Salmeron,10128
112281,395430125,Gertrudis,Prat,10129
112282,589202598,Dalila,Campillo,10130
112283,118402266,Xavier,Rosell,10131
112284,849709273,Merche,Gimeno,10132
112285,371340368,Agueda,Castrillo,10133
112286,199495711,Felisa,Verdugo,10134
112287,429400171,Pascuala,Yanez,10135
112288,327652494,Alonso,Pera,10136
112289,977964049,Paola,Rio,10137
112290,124510783,Francisco Jose,Palmer,10138
112291,121473451,Violeta,Mateo,10139
112292,840560604,Amilcar,Palma,10140
112293,746994662,Edgar,Leiva,10141
112294,150860105,Herberto,Salvador,10142
112295,843026523,Dulce,Carreras,10143
112296,923059677,Raimundo,Cabrero,10144
112297,937982966,Alfredo,Bernat,10145
112298,472781981,Melchor,Alberto,10146
112299,396441162,Jose,Isern,10147
112300,542969457,Emma,Pintor,10148
112301,767854540,Nadia,Company,10149
112302,574580488,Berto,Escudero,10150
112303,326794228,Maximino,Gutierrez,10151
112304,459658705,Margarita,Morera,10152
112305,896294118,Azucena,Gimeno,10153
112306,901338674,Glauco,Giner,10154
112307,556504718,Belen,Lerma,10155
112308,398987276,Marta,Haro,10156
112309,546993748,Aurelia,Serrano,10157
112310,218238705,Lourdes,Garay,10158
112311,432868413,Agustina,Bayona,10159
112312,905507942,Hector,Palmer,10160
112313,341925150,Vicenta,Gutierrez,10161
112314,675868082,Ruy,Pou,10162
112315,572944741,Micaela,Moll,10163
112316,892508341,Herberto,Saura,10164
112317,568726888,Nereida,Sancho,10165
112318,630284750,Amando,Cadenas,10166
112319,848201957,Timoteo,Polo,10167
112320,645277418,Encarna,Amat,10168
112321,291608592,Vanesa,Frias,10169
112322,130493300,Jacobo,Prats,10170
112323,166639523,Perla,Iniguez,10171
112324,262462336,Mireia,Garces,10172
112325,788127551,Segismundo,Leon,10173
112326,679911072,Mariano,Coronado,10174
112327,452091656,Desiderio,Vallejo,10175
112328,887230639,Cecilio,Cal,10176
112329,739975750,David,Sedano,10177
112330,296174248,Enrique,Esteve,10178
112331,982981268,Renato,Cardona,10179
112332,691967322,Eufemia,Campo,10180
112333,111175195,Ruben,Fabregas,10181
112334,369294820,Bernardita,Almeida,10182
112335,526676821,Violeta,Canete,10183
112336,196493642,Elba,Bernat,10184
112337,795678115,Montserrat,Exposito,10185
112338,833182849,Carmina,Clavero,10186
112339,520113401,Victorino,Larrea,10187
112340,776957211,Lucas,Pont,10188
112341,950938181,Eusebio,Palomino,10189
112342,890542442,Lisandro,Querol,10190
112343,688805084,Carina,Torre,10191
112344,425812088,Patricia,Vendrell,10192
112345,777590261,Josep,Ballesteros,10193
112346,676365663,Elvira,Rosa,10194
112347,944462331,Tomas,Ponce,10195
112348,399857088,Che,Amores,10196
112349,638433527,Araceli,Carretero,10197
112350,794630347,Victor,Carballo,10198
112351,376050127,Santos,Iglesia,10199
112352,699997691,Aitana,Dieguez,10200
112353,137137775,Aureliano,Alberto,10201
112354,249188683,Clemente,Ferrer,10202
112355,826712124,Cecilia,Campoy,10203
112356,713622583,Adrian,Carvajal,10204
112357,105448878,Calista,Prada,10205
112358,626322416,Jose Antonio,Manuel,10206
112359,767929650,Prudencia,Hurtado,10207
112360,604155468,Rosalinda,Pascual,10208
112361,451136982,Odalis,Blanca,10209
112362,679520894,Juliana,Uribe,10210
112363,181266310,Florencio,Pereira,10211
112364,579443170,Diego,Valderrama,10212
112365,901903777,Tania,Tormo,10213
112366,637434111,Artemio,Salinas,10214
112367,754244618,Fermin,Vega,10215
112368,239713458,Ainara,Lobo,10216
112369,703457655,Fortunata,Jaen,10217
112370,414934941,Juan Manuel,Lloret,10218
112371,804146386,Manu,Manrique,10219
112372,759657741,Inocencio,Bosch,10220
112373,107557425,Elvira,Canet,10221
112374,196266886,Toni,Batlle,10222
112375,851741871,Encarnacion,Bustamante,10223
112376,379511500,Abel,Sainz,10224
112377,404233354,Marciano,Comas,10225
112378,934593938,Yolanda,Lujan,10226
112379,157907631,Jose,Agustin,10227
112380,856073904,Tomasa,Briones,10228
112381,659591809,Chelo,Villena,10229
112382,781254725,Andres Felipe,Penas,10230
112383,271677892,Maxi,Jimenez,10231
112384,727746246,Selena,Coloma,10232
112385,532062002,Adrian,Reig,10233
112386,597653487,Clemente,Garmendia,10234
112387,585430898,Silvia,Infante,10235
112388,877530083,Virginia,Maestre,10236
112389,167914945,Guadalupe,Feliu,10237
112390,236064719,Palmira,Fajardo,10238
112391,494302750,Monica,Cerdan,10239
112392,600720010,Gonzalo,Rey,10240
112393,133936604,Jesusa,Botella,10241
112394,826953567,Macarena,Acevedo,10242
112395,275992668,Asuncion,Neira,10243
112396,526308224,Nidia,Calvo,10244
112397,754221579,Emelina,Lluch,10245
112398,382603500,Cesar,Cifuentes,10246
112399,802892067,Hipolito,Marti,10247
112400,109717843,Gala,Vega,10248
112401,281007325,Aroa,Zabaleta,10249
112402,376687645,Nerea,Clemente,10250
112403,752095835,Itziar,Cabezas,10251
112404,369588181,Miguel Angel,Camacho,10252
112405,587663215,Nerea,Macias,10253
112406,566486622,Evangelina,Rosado,10254
112407,691596627,Victor Manuel,Pina,10255
112408,868512434,Maria Dolores,Sebastian,10256
112409,251731853,Natalio,Aznar,10257
112410,753789049,Jovita,Cortina,10258
112411,215588561,Tadeo,Cordero,10259
112412,612381857,Valerio,Muniz,10260
112413,318290721,Edelmira,Amigo,10261
112414,115404144,Elba,Leal,10262
112415,145952389,Africa,Peiro,10263
112416,510427345,Adelia,Pardo,10264
112417,822962416,Silvia,Perera,10265
112418,375182145,Teresita,Pareja,10266
112419,137902772,Socorro,Pedraza,10267
112420,427680952,Francisco,Canas,10268
112421,505128994,Ovidio,Bauza,10269
112422,206643829,Ale,Acuna,10270
112423,985023821,Abigail,Roda,10271
112424,230861107,Federico,Patino,10272
112425,310898494,Enrique,Gimeno,10273
112426,302325957,Amada,Flor,10274
112427,712695338,Lisandro,Cerezo,10275
112428,609286852,Baudelio,Roman,10276
112429,322759127,Candelas,Cabrero,10277
112430,479857906,Celestino,Sanmartin,10278
112431,971507529,Benigna,Jara,10279
112432,153178672,Emelina,Almansa,10280
112433,609841959,Josep,Rivero,10281
112434,543292641,Encarnita,Miro,10282
112435,561300809,Nerea,Ribera,10283
112436,791289672,Eloisa,Cifuentes,10284
112437,396908120,Trinidad,Albero,10285
112438,301301292,Serafina,Duran,10286
112439,631413372,Inigo,Rey,10287
112440,928800837,Delfina,Pavon,10288
112441,554097881,Eusebio,Fuertes,10289
112442,654811670,Valero,Espejo,10290
112443,707137900,Benigno,Iglesias,10291
112444,782867390,Gustavo,Bernat,10292
112445,477115100,Quique,Flor,10293
112446,967441064,Itziar,Agullo,10294
112447,828369455,Francisco Javier,Mercader,10295
112448,317791496,Ovidio,Pedro,10296
112449,829041812,Dora,Sainz,10297
112450,976646340,Jose,Moles,10298
112451,549078266,Nando,Escobar,10299
112452,425269982,Aranzazu,Garmendia,10300
112453,578867737,Emilia,Carbajo,10301
112454,434919772,Josep,Herrero,10302
112455,101617763,Anacleto,Flores,10303
112456,455201700,Vinicio,Abellan,10304
112457,333123356,Sancho,Saez,10305
112458,377555383,Nuria,Cabo,10306
112459,972798741,Esteban,Almagro,10307
112460,371261777,Consuelo,Blazquez,10308
112461,551391635,Atilio,Tamayo,10309
112462,384325171,Sebastian,Ariza,10310
112463,128823167,Mirta,Peralta,10311
112464,604467178,Tamara,Sebastian,10312
112465,126889742,Manu,Castejon,10313
112466,693540546,Nidia,Pujadas,10314
112467,530181310,Ulises,Rovira,10315
112468,642694177,Reyna,Pena,10316
112469,288961628,Jose Francisco,Acuna,10317
112470,409592119,Brunilda,Bolanos,10318
112471,311881623,Marcelo,Naranjo,10319
112472,760359091,Natalia,Gracia,10320
112473,742680054,Irma,Ayuso,10321
112474,818512473,Felicidad,Muniz,10322
112475,588980473,Chucho,Amaya,10323
112476,731455387,Cirino,Rey,10324
112477,657248495,Dominga,Robles,10325
112478,605915557,Roque,Mascaro,10326
112479,273353158,Cleto,Aparicio,10327
112480,344398629,Bernarda,Tejada,10328
112481,182097497,Benjamin,Baez,10329
112482,274922686,Yesica,Machado,10330
112483,682387736,Remedios,Aller,10331
112484,859513509,Gisela,Balaguer,10332
112485,877501159,Amador,Macias,10333
112486,233397356,Dafne,Fortuny,10334
112487,770655191,Aurora,Canas,10335
112488,690629638,Lourdes,Mascaro,10336
112489,511180478,Porfirio,Rossello,10337
112490,940309931,Leopoldo,Pinto,10338
112491,616984158,Florentina,Pereira,10339
112492,846662425,Zacarias,Vazquez,10340
112493,761831583,Salomon,Davila,10341
112494,327347065,Candelario,Quevedo,10342
112495,166787450,Cecilio,Marcos,10343
112496,923198751,Octavio,Asenjo,10344
112497,165929953,Ciriaco,Perez,10345
112498,194928849,Cecilio,Ledesma,10346
112499,326151847,Hernando,Albero,10347
112500,845289594,Eli,Reyes,10348
112501,568070972,Anastasio,Murillo,10349
112502,707053947,Manuel,Iniguez,10350
112503,492689196,Rodolfo,Pena,10351
112504,838856343,Jordan,Bosch,10352
112505,645897517,Mauricio,Gras,10353
112506,366156567,Fabio,Anaya,10354
112507,639150694,Leon,Salinas,10355
112508,318838219,Vito,Borja,10356
112509,718697687,Carmelita,Mugica,10357
112510,985593154,Florinda,Valbuena,10358
112511,237843056,Eliseo,Tena,10359
112512,815796103,Ruben,Garay,10360
112513,866013061,Juan Bautista,Adan,10361
112514,259140123,Josep,Jurado,10362
112515,911193811,Efrain,Roda,10363
112516,228134229,Clementina,Fuertes,10364
112517,386776858,Tomas,Barbero,10365
112518,339218899,Andres,Canellas,10366
112519,447943775,Adolfo,Marquez,10367
112520,907473885,Jovita,Prieto,10368
112521,951968283,Ruben,Frutos,10369
112522,181681441,Pastora,Carretero,10370
112523,838278992,Perlita,Hoz,10371
112524,744252907,Jose Angel,Reig,10372
112525,520332448,Victor,Estevez,10373
112526,574962444,Haroldo,Montana,10374
112527,914372030,Maria,Burgos,10375
112528,632804312,Josep,Trillo,10376
112529,641549682,Consuela,Rosado,10377
112530,369942924,Maximiliano,Font,10378
112531,463976538,Jose Ramon,Haro,10379
112532,696046861,Valeria,Franch,10380
112533,919794379,Luis Angel,Ribas,10381
112534,933396996,Ingrid,Jordan,10382
112535,728968573,Micaela,Mora,10383
112536,941899471,Dorita,Gracia,10384
112537,397973620,Tamara,Noguera,10385
112538,270167107,Melisa,Llano,10386
112539,168361114,Florina,Menendez,10387
112540,564672620,Jenny,Sevillano,10388
112541,262380133,Marcio,Franch,10389
112542,520545887,Marina,Enriquez,10390
112543,113757476,Martina,Mata,10391
112544,241631109,Sancho,Arnaiz,10392
112545,966622202,Celestino,Bautista,10393
112546,520745025,Mauricio,Ribas,10394
112547,529475702,Isidro,Luis,10395
112548,822077705,Inigo,Aranda,10396
112549,410758378,Domitila,Juan,10397
112550,436552347,Wilfredo,Sanz,10398
112551,858157299,Zoraida,Gallardo,10399
112552,971784548,Jose Francisco,Ocana,10400
112553,224183489,Maricela,Montoya,10401
112554,623395038,Candelaria,Losa,10402
112555,888616977,Alejo,Hervia,10403
112556,113657663,Cintia,Carbo,10404
112557,335991938,Rosalinda,Bernad,10405
112558,439594655,Rafa,Benitez,10406
112559,180715827,Tito,Tejera,10407
112560,791657498,Maria Dolores,Bermejo,10408
112561,896384579,Macario,Arjona,10409
112562,363286161,Santiago,Guillen,10410
112563,481938783,Diana,Laguna,10411
112564,610130703,Gabriela,Cases,10412
112565,358219572,Mateo,Pombo,10413
112566,260391840,Regina,Arellano,10414
112567,849523253,Domingo,Andrade,10415
112568,524268256,Angelita,Neira,10416
112569,602476185,Ema,Colom,10417
112570,175023237,Flavia,Diego,10418
112571,169610533,Camilo,Reig,10419
112572,988002874,Francisco Javier,Palacio,10420
112573,349246960,Anastasio,Bernal,10421
112574,956350846,Pelayo,Gordillo,10422
112575,872936008,Noelia,Bonet,10423
112576,271483327,Eloy,Carrion,10424
112577,114989598,Virginia,Ferrandez,10425
112578,507570917,Claudia,Batalla,10426
112579,949570650,Melchor,Parra,10427
112580,969736046,Teofila,Andrade,10428
112581,320519953,Luis Miguel,Ayllon,10429
112582,286179650,Seve,Mancebo,10430
112583,951380308,Ruperta,Olmedo,10431
112584,119837968,Conrado,Baquero,10432
112585,533879213,Perla,Castilla,10433
112586,145667963,Primitiva,Ros,10434
112587,114082535,Maribel,Blazquez,10435
112588,678028345,Aurelio,Cabeza,10436
112589,105666062,Octavia,Ballesteros,10437
112590,950579499,Florencia,Pulido,10438
112591,746608121,Priscila,Fuster,10439
112592,823697542,Rufino,Segui,10440
112593,829626107,Juan Luis,Ordonez,10441
112594,371709899,Cecilia,Toledo,10442
112595,474664213,Leandra,Riquelme,10443
112596,426908469,Severiano,Blanch,10444
112597,424986057,Pili,Oller,10445
112598,185543958,Cesar,Prats,10446
112599,556079769,Celestina,Garrido,10447
112600,280213217,Dulce,Guitart,10448
112601,846297806,Olalla,Alegre,10449
112602,367349046,Paz,Davila,10450
112603,487336581,Griselda,Baena,10451
112604,823329528,Teresita,Berrocal,10452
112605,604493424,Pili,Molins,10453
112606,315527154,Tatiana,Barriga,10454
112607,964206893,Camila,Vicens,10455
112608,428877226,Javiera,Villaverde,10456
112609,634680293,Haydee,Julian,10457
112610,675273494,Arsenio,Maza,10458
112611,428891164,Maximino,Barrena,10459
112612,551428804,Nelida,Diaz,10460
112613,160865633,Lisandro,Estevez,10461
112614,486642991,Marcio,Barros,10462
112615,136612121,Rolando,Campoy,10463
112616,714172720,Nazario,Pou,10464
112617,120361738,Ildefonso,Recio,10465
112618,175264486,Horacio,Canizares,10466
112619,588151883,Florentina,Palomo,10467
112620,641545777,Angelina,Madrigal,10468
112621,457402561,Juana,Morales,10469
112622,226024337,Roldan,Yuste,10470
112623,650680268,Marisa,Pena,10471
112624,845111829,Gustavo,Morera,10472
112625,700560391,Toni,Burgos,10473
112626,148812557,Miriam,Arana,10474
112627,129025439,Kike,Canals,10475
112628,406849705,Matias,Espejo,10476
112629,495692912,Rosalinda,Amat,10477
112630,696666266,Nicolas,Orozco,10478
112631,155491658,Celia,Rosello,10479
112632,978150985,Crescencia,Garcia,10480
112633,733833819,Socorro,Boada,10481
112634,773307014,Gregorio,Nunez,10482
112635,726761597,Ingrid,Gras,10483
112636,349147098,Marcio,Saura,10484
112637,695481168,Galo,Andres,10485
112638,207480636,Olga,Alcolea,10486
112639,755353852,Jessica,Guitart,10487
112640,820713524,Custodia,Ribera,10488
112641,254539493,Nieves,Garzon,10489
112642,570490549,Natalia,Muniz,10490
112643,973399282,Rafa,Duque,10491
112644,733990121,Ivan,Casal,10492
112645,709208917,Sosimo,Barcelo,10493
112646,272528035,Isabela,Botella,10494
112647,779977694,Brunilda,Murcia,10495
112648,395081310,Juan,Galvan,10496
112649,484448013,Gustavo,Coloma,10497
112650,605566846,Telmo,Otero,10498
112651,996577131,Loreto,Mayol,10499
112652,651514832,Casemiro,Atienza,10500
112653,765450502,Alejandro,Sobrino,10501
112654,618270265,Pelayo,Raya,10502
112655,270346424,Raquel,Lasa,10503
112656,588190267,Arturo,Porras,10504
112657,546943320,Lino,Sarabia,10505
112658,358800067,Socorro,Andreu,10506
112659,363067480,Natanael,Toledo,10507
112660,837763628,Mateo,Medina,10508
112661,435776160,Florencia,Pol,10509
112662,422845939,Cecilio,Colom,10510
112663,987193594,Elisa,Gelabert,10511
112664,188561899,Nico,Mayo,10512
112665,680832749,Isaias,Gascon,10513
112666,115820716,Micaela,Sevilla,10514
112667,805906533,Dolores,Ferrer,10515
112668,553765599,Luis,Barrena,10516
112669,902580745,Juan Antonio,Escobar,10517
112670,781518128,Joel,Llado,10518
112671,764161082,Adrian,Tena,10519
112672,403852538,Venceslas,Cordero,10520
112673,116427699,Jesusa,Garces,10521
112674,387538410,Nidia,Revilla,10522
112675,642488308,Zacarias,Exposito,10523
112676,805735655,Loreto,Alcazar,10524
112677,190348235,Calista,Arcos,10525
112678,749846434,Juan Carlos,Melero,10526
112679,435333399,Apolinar,Giralt,10527
112680,919931766,Cesar,Pena,10528
112681,362175881,Aurelio,Benavente,10529
112682,138644250,Adelina,Bou,10530
112683,790988920,Marina,Pascual,10531
112684,494645165,Heriberto,Vila,10532
112685,369964453,Ariel,Escudero,10533
112686,388065373,Ciriaco,Ortiz,10534
112687,539918399,Gloria,Escolano,10535
112688,296951604,Miguel Angel,Canales,10536
112689,197544194,Marino,Zabaleta,10537
112690,555236124,Rosa,Pera,10538
112691,455425913,Zaira,Bernad,10539
112692,158381592,Mariana,Arroyo,10540
112693,109938518,Marcos,Guzman,10541
112694,391248758,Isabel,Rosado,10542
112695,313698853,Lazaro,Rosado,10543
112696,918177695,Emiliana,Guerrero,10544
112697,315543866,Adela,Coello,10545
112698,113343962,Lisandro,Blazquez,10546
112699,720216715,Susana,Andrade,10547
112700,944135069,Paulina,Carnero,10548
112701,490942770,Candelario,Barrera,10549
112702,706909967,Rita,Crespi,10550
112703,750816299,Azucena,Solana,10551
112704,184183247,Valeria,Esteve,10552
112705,903355029,Duilio,Ariza,10553
112706,458426665,Lalo,Mosquera,10554
112707,391568464,Amador,Cerro,10555
112708,115877296,Baldomero,Pino,10556
112709,898696897,Mauricio,Becerra,10557
112710,257996599,Nieves,Arevalo,10558
112711,823796018,Flavia,Velasco,10559
112712,596911849,Florentina,Rius,10560
112713,312638861,Mohamed,Cabeza,10561
112714,272000443,Jose Antonio,Urrutia,10562
112715,296913490,Marcelo,Verdu,10563
112716,317647237,Ximena,Mur,10564
112717,180859036,Marcos,Oliveras,10565
112718,871117048,Florentino,Vergara,10566
112719,127867803,Eusebia,Nunez,10567
112720,256798186,Feliciana,Oliveras,10568
112721,252959451,Lucila,Olmo,10569
112722,586239673,Mohamed,Tomas,10570
112723,337314200,Ulises,Orozco,10571
112724,966139074,Luis Miguel,Salgado,10572
112725,386292763,Hilario,Fonseca,10573
112726,749651718,Iker,Company,10574
112727,197344305,Calixto,Pelayo,10575
112728,217046843,Eva Maria,Julia,10576
112729,457909713,Cesar,Sans,10577
112730,189785964,Severiano,Pazos,10578
112731,357645053,Florencia,Nieto,10579
112732,260838220,Iban,Osuna,10580
112733,269897800,Tecla,Duenas,10581
112734,613674352,Purificacion,Lloret,10582
112735,334612658,Fabio,Rivera,10583
112736,811196354,Pia,Leon,10584
112737,272458270,Noelia,Pareja,10585
112738,787772692,Romulo,Torrents,10586
112739,967533321,Vasco,Ramon,10587
112740,383444760,Teo,Canas,10588
112741,674926686,Cristian,Pena,10589
112742,255957193,Febe,Herrero,10590
112743,192426207,Ruth,Codina,10591
112744,325780140,Anacleto,Exposito,10592
112745,910325465,Victor,Porcel,10593
112746,985658527,Norberto,Fuertes,10594
112747,558933832,Adora,Alvaro,10595
112748,129375134,Jesusa,Gargallo,10596
112749,337987820,Carla,Royo,10597
112750,850950229,Nacho,Campillo,10598
112751,753576832,Alfredo,Vilaplana,10599
112752,670253993,Crescencia,Alvarado,10600
112753,877901675,Telmo,Pina,10601
112754,267788389,Gregorio,Beltran,10602
112755,996221841,Josefina,Silva,10603
112756,446260632,Emma,Parra,10604
112757,118828740,Nerea,Galvez,10605
112758,675226508,Ruy,Cisneros,10606
112759,246575251,Odalys,Lopez,10607
112760,867850922,Nidia,Carrasco,10608
112761,767332751,Concha,Torrijos,10609
112762,723992275,Berta,Ripoll,10610
112763,750723303,Felipa,Mas,10611
112764,635911644,Isaac,Gelabert,10612
112765,142217209,Fermin,Leal,10613
112766,501770553,Isabela,Torrijos,10614
112767,741066614,Nicodemo,Villena,10615
112768,942265971,Ani,Mosquera,10616
112769,709977155,Estefania,Escribano,10617
112770,733240866,Gala,Nunez,10618
112771,872757716,Natividad,Gonzalo,10619
112772,747303245,Joaquin,Carbonell,10620
112773,404400380,Noelia,Montana,10621
112774,219841389,Imelda,Villa,10622
112775,688321066,Griselda,Toledo,10623
112776,584490589,Conrado,Pablo,10624
112777,130421697,Graciano,Azorin,10625
112778,176019991,Ulises,Canas,10626
112779,974412418,Jeremias,Jordan,10627
112780,644520374,Ambar,Barroso,10628
112781,528254750,Maricela,Olmo,10629
112782,235051949,Leon,Pedro,10630
112783,712873026,Reyna,Lucas,10631
112784,984109144,Jose,Campos,10632
112785,659851641,Sebastian,Donaire,10633
112786,965944656,Lucho,Menendez,10634
112787,179802313,Lola,Llabres,10635
112788,911275397,Alberto,Espada,10636
112789,744447428,Nacio,Vara,10637
112790,488678865,Fortunato,Arnal,10638
112791,465617281,Matias,Jover,10639
112792,401344663,Nacio,Vila,10640
112793,408747439,Florentino,Ibanez,10641
112794,646537038,Angeles,Adan,10642
112795,524204788,Candelas,Moll,10643
112796,502445466,Maria Manuela,Canales,10644
112797,270237896,Salud,Bernal,10645
112798,646698698,Jordan,Mate,10646
112799,166475006,Julian,Nogueira,10647
112800,508644845,Leandra,Villegas,10648
112801,589590498,Esmeralda,Galan,10649
112802,839522384,Sigfrido,Falcon,10650
112803,476462308,Nerea,Gimenez,10651
112804,603613603,Candido,Cuervo,10652
112805,784477132,Iker,Andres,10653
112806,562531135,Tomasa,Parejo,10654
112807,949139130,Desiderio,Solana,10655
112808,176740057,Judith,Garcia,10656
112809,578474248,Perlita,Jauregui,10657
112810,548245303,Melania,Zamorano,10658
112811,973786293,Maria Dolores,Ramon,10659
112812,478127192,Luis,Luis,10660
112813,735600801,Jafet,Revilla,10661
112814,553196515,Felisa,Porta,10662
112815,814702173,Jose Francisco,Ros,10663
112816,824423631,Alfonso,Frutos,10664
112817,748052744,Baldomero,Zamora,10665
112818,520074091,Tadeo,Ibarra,10666
112819,804714676,Eli,Sosa,10667
112820,248075883,Heriberto,Bauza,10668
112821,210645992,Albano,Arnal,10669
112822,925521356,Sara,Velez,10670
112823,921486387,Arsenio,Poza,10671
112824,805744869,Primitivo,Luque,10672
112825,307886497,Calista,Mancebo,10673
112826,281311097,Osvaldo,Vaquero,10674
112827,640173735,Lucho,Pinto,10675
112828,346644951,Matias,Caballero,10676
112829,727901952,Jose Ramon,Burgos,10677
112830,494749833,Vera,Marin,10678
112831,316663144,Renato,Mendez,10679
112832,415134498,Gracia,Heras,10680
112833,220020494,Jonatan,Gras,10681
112834,946285576,Debora,Hurtado,10682
112835,766446693,Joaquina,Revilla,10683
112836,450744280,Saturnina,Querol,10684
112837,685287182,Glauco,Diaz,10685
112838,615108232,Clarisa,Nogueira,10686
112839,463992380,Hernan,Cabrera,10687
112840,235142645,Alberto,Puente,10688
112841,668060211,Rebeca,Hoyos,10689
112842,591957078,Nerea,Marmol,10690
112843,833589436,Sergio,Gual,10691
112844,704717814,Loreto,Gomez,10692
112845,576905383,Nicanor,Querol,10693
112846,557324560,Carmelita,Boix,10694
112847,547640309,Serafina,Guardia,10695
112848,791896877,Goyo,Ayala,10696
112849,919152038,Ana Sofia,Manuel,10697
112850,425070344,Marcia,Jauregui,10698
112851,687025681,Valeria,Riba,10699
112852,884216933,Felicia,Sedano,10700
112853,482502073,Juliana,Arana,10701
112854,610239842,Estela,Pages,10702
112855,877775854,Malena,Carretero,10703
112856,835429544,Silvio,Muro,10704
112857,670038654,Jenaro,Barranco,10705
112858,827074726,Esperanza,Sacristan,10706
112859,611049066,Fulgencio,Armas,10707
112860,729253143,Modesta,Cifuentes,10708
112861,315113553,Aitor,Barcena,10709
112862,264862653,Albino,Lumbreras,10710
112863,520996639,Fernanda,Villena,10711
112864,218770720,Adalberto,Melendez,10712
112865,100838290,Jessica,Figuerola,10713
112866,267838182,Adan,Pavon,10714
112867,465900995,Roxana,Pineiro,10715
112868,222662102,Romulo,Pallares,10716
112869,295378418,Emiliano,Rosello,10717
112870,604764192,Asdrubal,Pou,10718
112871,385646404,Juliana,Valle,10719
112872,838933405,Federico,Reguera,10720
112873,571550946,Carla,Escribano,10721
112874,128257114,Humberto,Arranz,10722
112875,630351371,Gregorio,Bernat,10723
112876,398306209,Calista,Giron,10724
112877,102294701,Ascension,Pedrero,10725
112878,376485536,Rosario,Olivera,10726
112879,561378322,Visitacion,Garay,10727
112880,539913238,Aureliano,Lamas,10728
112881,725169348,Nicolasa,Quiroga,10729
112882,660718823,Lucia,Calvet,10730
112883,177846516,Francisco Javier,Morillo,10731
112884,487545636,Dominga,Aguilo,10732
112885,504272827,Alma,Tudela,10733
112886,667039105,Miguel Angel,Sarmiento,10734
112887,161938193,Benigna,Arribas,10735
112888,529102894,Azahara,Cruz,10736
112889,510873492,Selena,Goni,10737
112890,378101524,Remedios,Grande,10738
112891,830766186,Juan Manuel,Parejo,10739
112892,642175343,Basilio,Figueras,10740
112893,297704452,Apolinar,Osuna,10741
112894,356183810,Victor,Robles,10742
112895,255293921,Zaira,Castillo,10743
112896,717191789,Alvaro,Contreras,10744
112897,701213046,Edgardo,Soriano,10745
112898,279285402,Alejo,Cerro,10746
112899,169235532,Romulo,Hervia,10747
112900,296817995,Roldan,Amigo,10748
112901,518895854,Rogelio,Piquer,10749
112902,927972511,Roberto,Duenas,10750
112903,309490118,Rodolfo,Morcillo,10751
112904,403879022,Juan,Rius,10752
112905,365361552,Sergio,Pelaez,10753
112906,497484341,Paco,Mercader,10754
112907,187740551,Jesusa,Goicoechea,10755
112908,968884416,Dario,Luis,10756
112909,116940246,Perlita,Murillo,10757
112910,497928463,Pascual,Bernal,10758
112911,888673739,Tiburcio,Trujillo,10759
112912,509966697,Lucas,Cortes,10760
112913,251585665,Angelino,Flores,10761
112914,575373175,Eva,Quero,10762
112915,996154149,Marisela,Marques,10763
112916,618595886,Rene,Barcena,10764
112917,670549021,Angelita,Sacristan,10765
112918,417143680,Salud,Quiroga,10766
112919,406788958,Edmundo,Santiago,10767
112920,355137187,Manuela,Torrents,10768
112921,584568261,Luz,Benitez,10769
112922,109976878,Lupita,Ferrando,10770
112923,539399398,Angelita,Jara,10771
112924,730322822,Hermenegildo,Sevillano,10772
112925,811936616,Matias,Narvaez,10773
112926,651054971,Carolina,Borja,10774
112927,731708083,Angelina,Pinol,10775
112928,495443498,Almudena,Lerma,10776
112929,687599294,Berto,Cortes,10777
112930,332896321,Isaac,Cisneros,10778
112931,993748806,Jose,Bustamante,10779
112932,153532684,Cloe,Cordoba,10780
112933,843856879,Flavia,Valcarcel,10781
112934,871885656,Cristian,Sacristan,10782
112935,608323435,Cesar,Galvan,10783
112936,988103614,Rolando,Checa,10784
112937,153630483,Che,Luque,10785
112938,312809728,Candela,Barranco,10786
112939,488795622,Oscar,Aranda,10787
112940,162150540,Mauricio,Salazar,10788
112941,300427037,Paloma,Hoyos,10789
112942,282279460,Agueda,Leiva,10790
112943,592245190,Arcelia,Navarro,10791
112944,541954073,Imelda,Samper,10792
112945,105983236,Omar,Martinez,10793
112946,653573585,Mariana,Pol,10794
112947,886360959,Sigfrido,Cornejo,10795
112948,512333750,Ciriaco,Canovas,10796
112949,280303606,Vanesa,Gomez,10797
112950,483312146,Albano,Villegas,10798
112951,386713505,Geronimo,Tenorio,10799
112952,720593409,Fabiana,Roura,10800
112953,932048203,Josefa,Cabo,10801
112954,794146822,Esperanza,Baron,10802
112955,495040234,Itziar,Caro,10803
112956,257464934,Susanita,Ripoll,10804
112957,364504180,Gonzalo,Antunez,10805
112958,862170889,Fulgencio,Munoz,10806
112959,395493017,Maria Belen,Marco,10807
112960,335461362,Lorenza,Melero,10808
112961,710995580,Martina,Gomis,10809
112962,302826221,Emilio,Escalona,10810
112963,572875366,Encarna,Cardona,10811
112964,922412153,Jafet,Llorens,10812
112965,915445473,Maria Teresa,Ojeda,10813
112966,161482740,Panfilo,Cabanas,10814
112967,889993116,Jesus,Armengol,10815
112968,290890608,Rufino,Duenas,10816
112969,751216763,Graciano,Luis,10817
112970,680225126,Ana Sofia,Pages,10818
112971,159591935,Almudena,Tejedor,10819
112972,163847205,Romulo,Cisneros,10820
112973,101084670,Violeta,Rosell,10821
112974,523688604,Isabel,Blanch,10822
112975,249514622,Visitacion,Talavera,10823
112976,699924359,Nando,Lumbreras,10824
112977,414789859,Jose Angel,Herrera,10825
112978,635317696,Toni,Bermudez,10826
112979,128854263,Iker,Canales,10827
112980,533216596,Reynaldo,Aguila,10828
112981,796631399,Basilio,Vega,10829
112982,527830751,Maria Del Carmen,Casanova,10830
112983,335743064,Elvira,Bonet,10831
112984,230366683,Dario,Muniz,10832
112985,562432830,Albina,Urena,10833
112986,713792721,Candida,Montoya,10834
112987,766469229,Severo,Esteban,10835
112988,244011352,Amaya,Fortuny,10836
112989,466336509,Fermin,Urrutia,10837
112990,650118768,Victor,Mas,10838
112991,690778343,Lorenzo,Hidalgo,10839
112992,723012235,Ruy,Elorza,10840
112993,251104559,Hugo,Ocana,10841
112994,672729962,Clotilde,Roldan,10842
112995,828969884,Jenny,Cuenca,10843
112996,973184645,Carmen,Marques,10844
112997,736510218,Isidora,Sacristan,10845
112998,769369420,Alba,Bartolome,10846
112999,158038768,Pedro,Canton,10847
113000,272738431,Jordi,Alvaro,10848
113001,423330458,Carlito,Carro,10849
113002,105573418,Ofelia,Cardona,10850
113003,410704898,Concepcion,Vila,10851
113004,608383543,Lucio,Soria,10852
113005,395893513,Lucia,Mulet,10853
113006,871632567,Jordi,Blazquez,10854
113007,545066751,Herminia,Guzman,10855
113008,578061578,Dimas,Tapia,10856
113009,414962733,Febe,Rivas,10857
113010,150381650,Glauco,Hierro,10858
113011,228092905,Emiliano,Cornejo,10859
113012,682722934,Raul,Barros,10860
113013,208655100,Pia,Llanos,10861
113014,329150228,Dimas,Guillen,10862
113015,995702263,Marcelo,Roldan,10863
113016,189555671,Eliana,Canete,10864
113017,516098196,Luis Angel,Perales,10865
113018,114141201,Noelia,Amigo,10866
113019,896836399,Maria,Salamanca,10867
113020,658487374,Isabela,Pi,10868
113021,160727776,Victor Manuel,Escalona,10869
113022,372855860,Anselma,Ramirez,10870
113023,757362621,Asdrubal,Espana,10871
113024,433293091,Ema,Andreu,10872
113025,309797052,Rodolfo,Alcaraz,10873
113026,768061711,Gervasio,Calatayud,10874
113027,179813862,Xavier,Araujo,10875
113028,204423366,Gabriela,Barral,10876
113029,347002342,Delia,Rodriguez,10877
113030,940085660,Salome,Sarabia,10878
113031,267649028,Amalia,Catalan,10879
113032,313976196,Nicodemo,Carpio,10880
113033,877915622,Anastasio,Farre,10881
113034,256418411,Hilda,Barba,10882
113035,914653345,Beatriz,Rivas,10883
113036,102801764,Leire,Rocamora,10884
113037,952009548,Tiburcio,Alberola,10885
113038,745415086,Juan Pablo,Abad,10886
113039,301017184,Sarita,Valcarcel,10887
113040,463693167,Calisto,Velazquez,10888
113041,285831159,Hilario,Criado,10889
113042,548949657,Abel,Reyes,10890
113043,950699325,Josefina,Franch,10891
113044,886496844,Bernardo,Hierro,10892
113045,409483669,Maria Pilar,Bustos,10893
113046,998579851,Maria Jesus,Roig,10894
113047,266992221,Lupe,Bas,10895
113048,146186606,Ema,Lasa,10896
113049,247953745,Judith,Quero,10897
113050,571330285,Lalo,Canete,10898
113051,913839713,Esther,Marcos,10899
113052,828554082,Tiburcio,Dieguez,10900
113053,882603989,Eleuterio,Campillo,10901
113054,487201512,Remigio,Soriano,10902
113055,227000984,Maria Jesus,Fernandez,10903
113056,598645111,Espiridion,Huerta,10904
113057,520117726,Jessica,Calvet,10905
113058,212382021,Marisela,Ponce,10906
113059,385234053,Nazaret,Pizarro,10907
113060,211894203,Albano,Recio,10908
113061,215829879,Palmira,Guitart,10909
113062,189558707,Carmela,Mendez,10910
113063,464479137,Andrea,Guitart,10911
113064,898631786,Vidal,Quevedo,10912
113065,989788346,Cruz,Ayuso,10913
113066,624940353,Natalia,Peralta,10914
113067,961566174,Georgina,Valentin,10915
113068,417532574,Macario,Cozar,10916
113069,961441128,Luciana,Yuste,10917
113070,613749144,Oriana,Ricart,10918
113071,217204335,Virginia,Quintero,10919
113072,113431910,Raul,Nunez,10920
113073,977468524,Xavier,Verdugo,10921
113074,559672156,Reyes,Goicoechea,10922
113075,555688333,Placido,Zabala,10923
113076,555320694,Anastasia,Isern,10924
113077,258331665,Maria Cristina,Crespi,10925
113078,766663855,Cleto,Sabater,10926
113079,847351128,Pastor,Chaves,10927
113080,914938458,Telmo,Blanes,10928
113081,325546113,Reyna,Falco,10929
113082,232895969,Adelaida,Molins,10930
113083,784509279,Noe,Querol,10931
113084,735370347,Amalia,Lluch,10932
113085,314409436,Moises,Llorente,10933
113086,716642658,Vilma,Samper,10934
113087,665413150,Maria,Mateo,10935
113088,985541968,Eloisa,Pereira,10936
113089,442189777,Javiera,Falcon,10937
113090,509415648,Paula,Aragon,10938
113091,775871396,Rufino,Gascon,10939
113092,403228569,Benigno,Casanova,10940
113093,982300500,Bernardita,Ferrandez,10941
113094,333224852,Consuelo,Bas,10942
113095,702405670,Nilda,Alarcon,10943
113096,691800489,Malena,Gonzalo,10944
113097,118342023,Paco,Ferrando,10945
113098,282647389,Dora,Sanabria,10946
113099,387667807,Guadalupe,Huertas,10947
113100,416649217,Salud,Lledo,10948
113101,193119827,Pepita,Calzada,10949
113102,231685919,Noemi,Rey,10950
113103,115271975,Nazario,Arjona,10951
113104,903005118,Adela,Rivero,10952
113105,219851091,Ale,Torrens,10953
113106,578709991,Teresa,Aragon,10954
113107,679716695,Maria Angeles,Lopez,10955
113108,422055461,Nacio,Jorda,10956
113109,925437691,Rosaura,Bernal,10957
113110,459142937,Abilio,Moles,10958
113111,825256839,Agapito,Carmona,10959
113112,731906228,Eusebia,Quiroga,10960
113113,541802995,Maria Manuela,Valdes,10961
113114,345900871,Mohamed,Cruz,10962
113115,666934869,Buenaventura,Carballo,10963
113116,793009726,Haydee,Marino,10964
113117,691972384,Amador,Montenegro,10965
113118,188213319,Espiridion,Sarabia,10966
113119,317069538,Donato,Domenech,10967
113120,194742245,Vicente,Cabanillas,10968
113121,236108488,Ulises,Tormo,10969
113122,226552902,Gustavo,Marin,10970
113123,608985345,Cloe,Fuentes,10971
113124,918977053,Toribio,Soto,10972
113125,288472734,Priscila,Lerma,10973
113126,767718441,Gloria,Font,10974
113127,266583780,Dani,Huguet,10975
113128,555166807,Luis Miguel,Pavon,10976
113129,790490726,Micaela,Maldonado,10977
113130,698615476,Maura,Mercader,10978
113131,542285029,Lina,Cazorla,10979
113132,367139573,Edgar,Albero,10980
113133,916260437,Yessica,Blanca,10981
113134,576626087,Filomena,Nebot,10982
113135,352093895,Maria Manuela,Sedano,10983
113136,982862683,Joan,Borja,10984
113137,341246623,Ernesto,Alberola,10985
113138,923423419,Moises,Puig,10986
113139,43665832,Silvestre,Marques,10987
113140,504735143,Charo,Caro,10988
113141,414531432,Andrea,Carranza,10989
113142,794953858,Evita,Tapia,10990
113143,588828620,Osvaldo,Valenzuela,10991
113144,785776187,Ale,Bayo,10992
113145,194147646,Victor,Mora,10993
113146,282434981,Cayetana,Alvaro,10994
113147,489406305,Carolina,Nadal,10995
113148,895788954,Zaida,Leal,10996
113149,156073138,Leyre,Arteaga,10997
113150,888940903,Cloe,Caro,10998
113151,449898721,Ricarda,Cardona,10999
113152,274197649,Renata,Canals,11000
113153,476701103,Paulino,Cortes,11001
113154,542642974,Juliana,Pedraza,11002
113155,906517601,Julio,Barros,11003
113156,343783060,Ruperto,Samper,11004
113157,849165990,Emelina,Mayo,11005
113158,297886062,Rogelio,Puente,11006
113159,650758909,Paola,Pelaez,11007
113160,875638433,Pia,Suarez,11008
113161,502033391,Alondra,Corral,11009
113162,951761915,Casandra,Cuervo,11010
113163,416909033,Asuncion,Escriva,11011
113164,887265253,Erasmo,Bas,11012
113165,175310334,Victorino,Escribano,11013
113166,723222521,Maxi,Penas,11014
113167,667470581,Elpidio,Caro,11015
113168,489568838,Edu,Egea,11016
113169,393711762,Ricarda,Melendez,11017
113170,417331880,Celestina,Jaume,11018
113171,707475275,Coral,Montana,11019
113172,597974650,Rico,Peinado,11020
113173,544025629,Isidro,Roma,11021
113174,821409443,Eric,Estrada,11022
113175,144574533,Pastora,Alvarez,11023
113176,916477668,Aitor,Castellanos,11024
113177,441217884,German,Beltran,11025
113178,140841566,Bonifacio,Boix,11026
113179,676165721,Augusto,Navarro,11027
113180,276977497,Luciano,Barba,11028
113181,107560111,Fito,Aleman,11029
113182,508864729,Graciana,Mas,11030
113183,254359411,Abilio,Milla,11031
113184,251009015,Ingrid,Pazos,11032
113185,697499014,Cecilia,Grau,11033
113186,922347622,Domingo,Cabello,11034
113187,958746738,Manuelita,Lucena,11035
113188,160592048,Florentino,Torrens,11036
113189,303741268,Aurelia,Uria,11037
113190,694852879,Saturnino,Galan,11038
113191,150613859,Amaro,Sanchez,11039
113192,685777657,Ariel,Pazos,11040
113193,180849342,Estrella,Rivera,11041
113194,786827899,Nicolasa,Olive,11042
113195,677214118,Serafina,Iglesias,11043
113196,747896812,Encarnita,Benitez,11044
113197,479893218,Ani,Palomo,11045
113198,534407992,Clotilde,Mayoral,11046
113199,337469720,Dario,Aguirre,11047
113200,830547354,Che,Egea,11048
113201,839963193,Dimas,Ugarte,11049
113202,886616478,Eulalia,Jaume,11050
113203,325234224,Nicolas,Taboada,11051
113204,617822545,Lorenzo,Trujillo,11052
113205,724442608,Jordan,Armas,11053
113206,469149570,Regulo,Juarez,11054
113207,544985933,Fausto,Madrid,11055
113208,588948784,Mateo,Garcia,11056
113209,400389687,Piedad,Pedrero,11057
113210,626496426,Adan,Lumbreras,11058
113211,436006088,Panfilo,Giron,11059
113212,699171791,Roldan,Palomar,11060
113213,475188767,Modesta,Solano,11061
113214,970155087,Leocadia,Ojeda,11062
113215,525321190,Rosendo,Plana,11063
113216,723627858,Dionisia,Fabregas,11064
113217,572093293,Bruno,Marin,11065
113218,863613384,Placido,Cobo,11066
113219,946102328,Josep,Gibert,11067
113220,594449241,Baldomero,Barriga,11068
113221,374168261,Donato,Nevado,11069
113222,454612307,Manu,Haro,11070
113223,707272133,Joaquin,Rebollo,11071
113224,479415351,Pelayo,Requena,11072
113225,320043463,Adriana,Cazorla,11073
113226,577677986,Venceslas,Bonilla,11074
113227,396868016,Lidia,Borras,11075
113228,845728984,Duilio,Rivas,11076
113229,720050436,Dani,Quintanilla,11077
113230,698952083,Georgina,Murillo,11078
113231,616818083,Reyna,Gutierrez,11079
113232,884753321,Mateo,Millan,11080
113233,734259257,Wilfredo,Lamas,11081
113234,506473150,Jose Angel,Arana,11082
113235,970664618,Eva Maria,Neira,11083
113236,749676125,Quique,Goni,11084
113237,334464152,Wilfredo,Aguirre,11085
113238,146801882,Jesusa,Clemente,11086
113239,619606729,Urbano,Cordoba,11087
113240,334442377,Aitana,Aguilo,11088
113241,311080798,Olalla,Gelabert,11089
113242,144954040,German,Mariscal,11090
113243,908267834,Fidel,Cabezas,11091
113244,616340648,Calisto,Prat,11092
113245,550013050,Sarita,Urrutia,11093
113246,433645183,Julia,Pascual,11094
113247,711770910,Abril,Tudela,11095
113248,801086871,Rosa Maria,Pujol,11096
113249,426827725,Ivan,Riquelme,11097
113250,503955716,Alicia,Lujan,11098
113251,216865132,Eligia,Saez,11099
113252,262749884,Javier,Canals,11100
113253,896791464,Guadalupe,Bonilla,11101
113254,475861788,Calisto,Elorza,11102
113255,465346204,Melchor,Pedrero,11103
113256,201105337,Erasmo,Valdes,11104
113257,756077389,Aureliano,Salazar,11105
113258,548278416,Roberta,Caceres,11106
113259,807948862,Agata,Sobrino,11107
113260,878871906,Saturnino,Oliver,11108
113261,751936480,Beatriz,Vicens,11109
113262,111664759,Damian,Crespi,11110
113263,987304017,Esmeralda,Narvaez,11111
113264,155343972,Juan Pablo,Fuente,11112
113265,808856086,Adalberto,Bustamante,11113
113266,806501642,Aura,Carvajal,11114
113267,133643702,Maria Angeles,Mariscal,11115
113268,768539408,Lalo,Martinez,11116
113269,726818317,Lazaro,Giron,11117
113270,276602192,Felicidad,Requena,11118
113271,266308244,Leticia,Carrera,11119
113272,769006300,Ana,Contreras,11120
113273,199040796,Mariano,Villalba,11121
113274,873526387,Julian,Perez,11122
113275,428525173,Erasmo,Porras,11123
113276,668317802,Amor,Vazquez,11124
113277,582660207,Vicente,Corral,11125
113278,960780231,Dani,Hidalgo,11126
113279,380935176,Angela,Aleman,11127
113280,158488795,Gabriela,Lerma,11128
113281,287171210,Cesar,Franco,11129
113282,319083028,Antonio,Salgado,11130
113283,876122775,Chus,Calderon,11131
113284,177646910,Cesar,Lozano,11132
113285,586710070,Estefania,Carnero,11133
113286,452995911,Fatima,Bautista,11134
113287,784841561,Macarena,Arroyo,11135
113288,886754805,Vilma,Valle,11136
113289,120417082,Wilfredo,Serrano,11137
113290,420389910,Ruben,Oliver,11138
113291,695513682,Francisca,Artigas,11139
113292,869817895,Evelia,Huertas,11140
113293,502137112,Wilfredo,Moles,11141
113294,506432822,Cebrian,Moreno,11142
113295,528840625,Ainara,Gonzalez,11143
113296,156699208,Maria Luisa,Sanchez,11144
113297,460701906,Ignacia,Casals,11145
113298,164347490,Leopoldo,Abellan,11146
113299,529713353,Alba,Camara,11147
113300,784963032,Zaira,Barcelo,11148
113301,429418669,Serafina,Alvaro,11149
113302,375361983,Maura,Rojas,11150
113303,950414631,Juan Bautista,Iglesias,11151
113304,999478337,Nilda,Pedro,11152
113305,528353438,Pedro,Sanabria,11153
113306,232076860,Lara,Nogues,11154
113307,179267036,Albert,Aroca,11155
113308,181706178,Nando,Rincon,11156
113309,791700935,Edelmira,Guillen,11157
113310,793909754,Mohamed,Llamas,11158
113311,625069807,Inocencio,Ibanez,11159
113312,433344241,Remigio,Gallo,11160
113313,791894821,Fermin,Carretero,11161
113314,707868139,Adriana,Gallego,11162
113315,383591974,Toribio,Alvarez,11163
113316,919096872,Amarilis,Arcos,11164
113317,140503483,Mercedes,Puga,11165
113318,393922696,Nidia,Agudo,11166
113319,405776825,Edmundo,Diaz,11167
113320,355145490,Domitila,Criado,11168
113321,762148660,Nereida,Barrena,11169
113322,134729500,Primitiva,Barreda,11170
113323,815800517,Demetrio,Pelayo,11171
113324,989467277,Climaco,Cuesta,11172
113325,399667341,Soledad,Perea,11173
113326,475458779,Carina,Marquez,11174
113327,555325567,Mar,Corbacho,11175
113328,731058302,Vicente,Jover,11176
113329,202203047,Maribel,Maestre,11177
113330,938266907,Alvaro,Acuna,11178
113331,537130992,Jose Maria,Cervantes,11179
113332,383568723,Maria Luisa,Montesinos,11180
113333,861630009,Cornelio,Infante,11181
113334,652994812,Galo,Ribas,11182
113335,572097115,Maria Dolores,Girona,11183
113336,939289322,Agata,Aznar,11184
113337,681543182,Atilio,Serra,11185
113338,749245297,Marcela,Bayon,11186
113339,618795515,Agustina,Becerra,11187
113340,649927199,Perlita,Castejon,11188
113341,899002467,Americo,Abril,11189
113342,398116470,Fatima,Villar,11190
113343,269395029,Otilia,Burgos,11191
113344,249865057,Tamara,Peinado,11192
113345,685871210,Sancho,Flores,11193
113346,735758308,Mariano,Nadal,11194
113347,891780341,Rosa Maria,Jodar,11195
113348,794463338,Aitor,Galindo,11196
113349,417082901,Alfonso,Sierra,11197
113350,607551406,Ciriaco,Rey,11198
113351,404246448,Julia,Roldan,11199
113352,383170863,Vera,Enriquez,11200
113353,472672876,Benigno,Fabra,11201
113354,162259610,Patricia,Rodrigo,11202
113355,680174329,Walter,Jove,11203
113356,706353616,Duilio,Vara,11204
113357,782299361,Narcisa,Casanova,11205
113358,859317251,Hugo,Casals,11206
113359,338991108,Jordana,Aller,11207
113360,166678701,Milagros,Nogueira,11208
113361,387861248,Pascual,Tejedor,11209
113362,830354782,Nicodemo,Hervas,11210
113363,883314092,Hector,Font,11211
113364,780297736,Carlos,Matas,11212
113365,598949133,Jose Angel,Carlos,11213
113366,522125297,Tomasa,Garzon,11214
113367,446074638,Simon,Bolanos,11215
113368,772534095,Liliana,Elorza,11216
113369,387103135,Nestor,Gargallo,11217
113370,540155620,Cristian,Gibert,11218
113371,812322890,Nicanor,Riera,11219
113372,915083070,Guadalupe,Taboada,11220
113373,133673092,Celestino,Rivas,11221
113374,883134154,Teodoro,Robledo,11222
113375,196189017,Irene,Jerez,11223
113376,568482799,Evangelina,Becerra,11224
113377,652213037,Tiburcio,Galvez,11225
113378,682318010,Luis Angel,Bautista,11226
113379,145344150,Encarnacion,Girona,11227
113380,436192587,Jose Mari,Marti,11228
113381,150210544,Montserrat,Diez,11229
113382,541989146,Santiago,Alarcon,11230
113383,842255026,Jose Ramon,Baez,11231
113384,517992299,Che,Salazar,11232
113385,998686206,Sebastian,Chacon,11233
113386,103660999,Aurelia,Bermudez,11234
113387,329865939,Marisa,Palacio,11235
113388,856616925,Perlita,Lara,11236
113389,203868946,Blanca,Gascon,11237
113390,931798784,Evaristo,Pujadas,11238
113391,152866330,Jose Maria,Caballero,11239
113392,277425701,Morena,Chaves,11240
113393,821864825,Emma,Riba,11241
113394,761688427,Ruy,Ballester,11242
113395,697565849,Tamara,Puente,11243
113396,217733917,German,Suarez,11244
113397,681813806,Jacinta,Sanjuan,11245
113398,877154433,Salome,Anton,11246
113399,991047580,Sandalio,Fabra,11247
113400,476164121,Virginia,Mateu,11248
113401,943557911,Modesto,Orozco,11249
113402,908140574,Tomas,Ariza,11250
113403,127676878,Dionisio,Mugica,11251
113404,708871529,Loida,Sanchez,11252
113405,196135613,Micaela,Vigil,11253
113406,262240023,Petrona,Valero,11254
113407,379827631,Felipa,Vallejo,11255
113408,279207929,Griselda,Barrera,11256
113409,769812480,Gloria,Bustos,11257
113410,583015457,Adolfo,Catalan,11258
113411,950026295,Ciriaco,Pera,11259
113412,497449631,Candelas,Codina,11260
113413,194639444,Balduino,Macias,11261
113414,743238132,Rufina,Orozco,11262
113415,187976479,Graciana,Cerezo,11263
113416,568408307,Ivan,Martin,11264
113417,979256273,Mirta,Arnal,11265
113418,122338140,Nicolasa,Izaguirre,11266
113419,864913985,Lidia,Priego,11267
113420,933772892,Hermenegildo,Toro,11268
113421,252860444,Jorge,Carrion,11269
113422,745215393,Hernando,Pozuelo,11270
113423,205238571,Leon,Llorens,11271
113424,652204021,Lidia,Salamanca,11272
113425,785690833,Clarisa,Trujillo,11273
113426,991406417,Elias,Marin,11274
113427,662590441,Marisol,Villena,11275
113428,422575720,Lucila,Rosa,11276
113429,763776963,Anselma,Arregui,11277
113430,521205574,Ambrosio,Vicente,11278
113431,434895895,Alma,Artigas,11279
113432,124997912,Bartolome,Varela,11280
113433,146856043,Borja,Oliveras,11281
113434,609498687,Dafne,Bellido,11282
113435,158034934,Florentina,Pi,11283
113436,459104894,Mamen,Garzon,11284
113437,168351041,Nico,Rodriguez,11285
113438,825325278,Edgar,Pardo,11286
113439,422130339,Climaco,Quintana,11287
113440,564054161,Zaida,Villanueva,11288
113441,617675196,Rocio,Vergara,11289
113442,500291882,Aurea,Quiroga,11290
113443,348453606,Jonatan,Sastre,11291
113444,275474578,Evelia,Marti,11292
113445,486325319,Celestina,Bravo,11293
113446,571572140,Wilfredo,Valle,11294
113447,917250485,Edelmiro,Rocha,11295
113448,323368671,Aaron,Pina,11296
113449,387328572,Trini,Cortina,11297
113450,152377293,Leire,Alba,11298
113451,918560038,Alfonso,Minguez,11299
113452,282965781,Gervasio,Garay,11300
113453,643784013,Herminio,Valero,11301
113454,338270056,Ismael,Ayllon,11302
113455,461560405,Cecilio,Bartolome,11303
113456,417234552,Olivia,Beltran,11304
113457,383406757,Albano,Taboada,11305
113458,222213797,Santiago,Cases,11306
113459,782318341,Renata,Ponce,11307
113460,174958789,Juan Pablo,Castells,11308
113461,384433390,Josep,Bellido,11309
113462,847405913,Juan Jose,Sevilla,11310
113463,594428161,Anabel,Oliva,11311
113464,713549468,Omar,Corominas,11312
113465,573509418,Silvia,Giner,11313
113466,537579161,Jesus,Simo,11314
113467,288158918,Sabina,Benito,11315
113468,950580514,Carmela,Miguel,11316
113469,830115726,Narciso,Palma,11317
113470,858915923,Hector,Guijarro,11318
113471,637901352,Romulo,Esteban,11319
113472,467287068,Zaida,Balaguer,11320
113473,991079767,Eufemia,Lasa,11321
113474,256651151,Vanesa,Beltran,11322
113475,826688332,Olivia,Jorda,11323
113476,147287424,Onofre,Fiol,11324
113477,899513684,Macaria,Sureda,11325
113478,666047925,Hernan,Mancebo,11326
113479,752845407,Dorita,Paniagua,11327
113480,275518825,Adalberto,Castellanos,11328
113481,377676043,Eliana,Granados,11329
113482,849626472,Vinicio,Prada,11330
113483,368116610,Artemio,Yuste,11331
113484,915471396,Isaac,Franco,11332
113485,940474628,Jeronimo,Mena,11333
113486,558483081,Wilfredo,Acosta,11334
113487,821518313,Salome,Pujol,11335
113488,780016894,Rosa Maria,Goni,11336
113489,629510024,Severo,Aguirre,11337
113490,892711148,Amarilis,Cabo,11338
113491,225291745,Jose Manuel,Borrego,11339
113492,588149651,Lupe,Vinas,11340
113493,532252066,Tatiana,Echeverria,11341
113494,627251397,Evaristo,Manrique,11342
113495,968606752,Maria Dolores,Luna,11343
113496,903626562,Macario,Vall,11344
113497,890024117,Reyna,Huertas,11345
113498,701340795,Ruperta,Cazorla,11346
113499,894414668,Geraldo,Delgado,11347
113500,164856792,Ruben,Capdevila,11348
113501,493314630,Felipe,Contreras,11349
113502,784464159,Pia,Fiol,11350
113503,745647884,Eusebio,Casas,11351
113504,162170778,Aroa,Crespo,11352
113505,761808635,Jenaro,Bartolome,11353
113506,946336664,Mar,Atienza,11354
113507,548477425,Tecla,Bernat,11355
113508,419832119,Irene,Perea,11356
113509,549331468,Monica,Fuente,11357
113510,920096161,Celso,Posada,11358
113511,227046822,Miguel,Padilla,11359
113512,617615543,Rebeca,Munoz,11360
113513,635610045,Nilo,Cisneros,11361
113514,366524774,Juan Carlos,Rivera,11362
113515,589386225,Francisco Javier,Bayona,11363
113516,706831795,Sergio,Grande,11364
113517,966096033,Jose,Pinedo,11365
113518,245385396,Amador,Bonet,11366
113519,407482551,Amaro,Atienza,11367
113520,330790383,Dolores,Rosales,11368
113521,254927306,Cristina,Alegria,11369
113522,955462919,Sarita,Castrillo,11370
113523,275984643,Sigfrido,Donoso,11371
113524,282744158,Angel,Alegria,11372
113525,254455774,Agata,Rosell,11373
113526,119004425,Berto,Goicoechea,11374
113527,910016324,Encarnacion,Molins,11375
113528,343580285,Imelda,Cisneros,11376
113529,858388154,Fermin,Silva,11377
113530,156757254,Hilda,Gras,11378
113531,731027718,Cayetana,Estevez,11379
113532,726983409,Lucas,Iborra,11380
113533,943494930,Vito,Sastre,11381
113534,748154943,Edgar,Espejo,11382
113535,283651919,Africa,Rojas,11383
113536,501523635,Pili,Pallares,11384
113537,878907297,Delia,Bueno,11385
113538,636589320,Candida,Dominguez,11386
113539,183724658,Judith,Gisbert,11387
113540,519869630,Goyo,Barreda,11388
113541,540327339,Samuel,Dieguez,11389
113542,588838568,Fortunato,Mata,11390
113543,167436922,Jose Manuel,Guardiola,11391
113544,820581146,Liliana,Ripoll,11392
113545,714208444,Milagros,Ferran,11393
113546,925044677,Candelaria,Pelaez,11394
113547,716662054,Miguela,Varela,11395
113548,498175577,Monica,Monreal,11396
113549,770809768,Bibiana,Pavon,11397
113550,848963283,Anselmo,Gelabert,11398
113551,781017064,Valentina,Rodenas,11399
113552,425746543,Amador,Aznar,11400
113553,485694520,Luis Angel,Lago,11401
113554,154201934,Luis,Domenech,11402
113555,785870025,Jenny,Valcarcel,11403
113556,457353984,Alba,Azcona,11404
113557,950526565,Gerardo,Olmedo,11405
113558,822425949,Evelia,Nunez,11406
113559,103258001,Marcela,Julia,11407
113560,551219903,Claudio,Ochoa,11408
113561,780074941,Edmundo,Quiros,11409
113562,272321048,Noa,Leiva,11410
113563,445662149,Brunilda,Montoya,11411
113564,884320387,Emilio,Jimenez,11412
113565,650079474,Victor Manuel,Rivero,11413
113566,317294467,Severo,Vigil,11414
113567,360280796,Reyna,Salvador,11415
113568,773094540,Marisol,Batalla,11416
113569,286404369,Juan Bautista,Muro,11417
113570,969361999,Maribel,Ordonez,11418
113571,737750740,Irene,Gracia,11419
113572,709311243,Olimpia,Real,11420
113573,926398575,Seve,Pinilla,11421
113574,556986331,Fernanda,Carbonell,11422
113575,858940371,Agueda,Sebastian,11423
113576,977307449,Alicia,Jimenez,11424
113577,262460804,Celestino,Arce,11425
113578,448335559,Sabas,Cervantes,11426
113579,889960104,Jose Antonio,Terron,11427
113580,963517649,Ismael,Aguilar,11428
113581,843632762,Gertrudis,Egea,11429
113582,499594601,Eustaquio,Catala,11430
113583,736353581,Irene,Codina,11431
113584,857231432,Palmira,Leal,11432
113585,896778500,Sancho,Ortiz,11433
113586,549239391,Fortunata,Franch,11434
113587,567628414,Visitacion,Abril,11435
113588,741890467,Soraya,Gordillo,11436
113589,783419113,Elpidio,Mateo,11437
113590,478070954,Fernanda,Gimenez,11438
113591,210252280,Segismundo,Garcia,11439
113592,242377957,Vinicio,Armas,11440
113593,223353356,Onofre,Sala,11441
113594,760576534,Reyna,Pizarro,11442
113595,723611941,Visitacion,Noguera,11443
113596,325961177,Azucena,Solana,11444
113597,451816793,Angel,Escamilla,11445
113598,443144102,Yessica,Ojeda,11446
113599,534593423,Reyes,Iniguez,11447
113600,300307188,Alejandro,Marin,11448
113601,371530749,Francisco Jose,Prada,11449
113602,747483078,Lucho,Calleja,11450
113603,639942233,Clemente,Benavent,11451
113604,937563007,Ariel,Benito,11452
113605,461902950,Tere,Cordoba,11453
113606,333637430,Sigfrido,Tellez,11454
113607,400268713,Raul,Vallejo,11455
113608,116582186,Vidal,Higueras,11456
113609,438464885,Paulino,Sabater,11457
113610,220665351,Azahar,Zamorano,11458
113611,102070552,Ester,Comas,11459
113612,321795822,Berto,Salinas,11460
113613,191257313,Sergio,Aviles,11461
113614,746735890,Mariano,Valle,11462
113615,601529731,Pio,Mateu,11463
113616,780911985,Yesica,Romeu,11464
113617,204366634,Tatiana,Pedrosa,11465
113618,528837033,Anabel,Urena,11466
113619,948719988,Chus,Ribera,11467
113620,851599166,Genoveva,Pavon,11468
113621,204578420,Loreto,Vilanova,11469
113622,403060907,Hector,Perez,11470
113623,307035091,Salomon,Palacios,11471
113624,651138750,Porfirio,Valdes,11472
113625,105169913,Sabas,Agusti,11473
113626,390881324,Leyre,Vicens,11474
113627,803082553,Roberto,Gonzalez,11475
113628,321166971,Almudena,Gras,11476
113629,433065592,Ruben,Rio,11477
113630,124544016,Juanito,Roig,11478
113631,806500345,Florencio,Dieguez,11479
113632,745494634,Adelia,Navarrete,11480
113633,457370053,Rufina,Linares,11481
113634,855077970,Mateo,Nieto,11482
113635,819668371,Malena,Blazquez,11483
113636,677937664,Manu,Saez,11484
113637,654447315,Enrique,Cobos,11485
113638,650307302,Dionisio,Olivera,11486
113639,734218472,Florentina,Llano,11487
113640,506121538,Albino,Guzman,11488
113641,880247125,Amparo,Plana,11489
113642,618639974,Julio Cesar,Solano,11490
113643,336210136,Lucho,Aguilera,11491
113644,174507913,Pepita,Barros,11492
113645,831013861,Edu,Rios,11493
113646,151784772,Lorenzo,Escriva,11494
113647,725128681,Renato,Sans,11495
113648,815475000,Maxi,Gallardo,11496
113649,260524950,Americo,Oller,11497
113650,255103545,Severiano,Millan,11498
113651,586573703,Maribel,Valdes,11499
113652,464342441,Amando,Madrid,11500
113653,753232873,Eligia,Mas,11501
113654,848964686,Andres Felipe,Julia,11502
113655,807478499,Ileana,Ros,11503
113656,494655187,Tamara,Ordonez,11504
113657,986694019,Eugenia,Barros,11505
113658,678090035,Natalio,Carretero,11506
113659,557694499,Espiridion,Llorente,11507
113660,279903598,Corona,Estrada,11508
113661,602623456,Danilo,Aramburu,11509
113662,657337310,Adolfo,Correa,11510
113663,489276303,Jose Antonio,Miguel,11511
113664,128695278,Dora,Martin,11512
113665,425697112,Rosalia,Andrade,11513
113666,806317615,Teo,Tirado,11514
113667,860246133,Inocencio,Clemente,11515
113668,225857650,Jose Mari,Ramirez,11516
113669,138882287,Delfina,Quiroga,11517
113670,878495693,Fidel,Valderrama,11518
113671,849723797,Aurelia,Giron,11519
113672,187492874,Adelina,Carrasco,11520
113673,240579532,Sol,Alegre,11521
113674,800399109,Bernardo,Espada,11522
113675,595999628,Anastasio,Robledo,11523
113676,600166061,Jenny,Galiano,11524
113677,920968120,Esperanza,Muniz,11525
113678,879917332,Ambrosio,Jorda,11526
113679,969487631,Sergio,Arenas,11527
113680,364754188,Celso,Iriarte,11528
113681,564496012,Candelaria,Conde,11529
113682,800932675,Remigio,Cerro,11530
113683,280740328,Cesar,Ramis,11531
113684,736170131,Ismael,Cepeda,11532
113685,465169943,Obdulia,Pombo,11533
113686,774978391,Javier,Cadenas,11534
113687,319033403,Griselda,Amoros,11535
113688,865283295,Joaquina,Paniagua,11536
113689,776943085,Jose Manuel,Armengol,11537
113690,522014678,Tristan,Anglada,11538
113691,405845072,Rufina,Rey,11539
113692,205594911,Melania,Ferrandez,11540
113693,271475085,Mar,Carvajal,11541
113694,163186191,Eloisa,Chaparro,11542
113695,979005191,Begona,Calderon,11543
113696,478155380,Elena,Chacon,11544
113697,200566605,Anastasio,Acuna,11545
113698,278130158,Ascension,Marquez,11546
113699,594471152,Crescencia,Mora,11547
113700,341666379,Nilda,Gelabert,11548
113701,580778974,Heriberto,Palma,11549
113702,965674445,Jeremias,Blanco,11550
113703,411957146,Leocadio,Cervera,11551
113704,721145475,Flavio,Castejon,11552
113705,730740432,Victor Manuel,Tomas,11553
113706,762241073,Clementina,Fiol,11554
113707,750242715,Martina,Ochoa,11555
113708,488766006,Visitacion,Briones,11556
113709,195892635,Vinicio,Espejo,11557
113710,155667197,Edelmiro,Noriega,11558
113711,827702197,Alejo,Menendez,11559
113712,317574144,Susanita,Gomis,11560
113713,915253564,Silvia,Casanovas,11561
113714,624196645,Juan Pablo,Vila,11562
113715,808353030,Eloy,Ortuno,11563
113716,473118655,Clotilde,Ortuno,11564
113717,321744833,Natividad,Viana,11565
113718,970544822,Monica,Valdes,11566
113719,230311868,Placido,Alcala,11567
113720,422295102,Juan Pablo,Navas,11568
113721,469634811,Calixta,Leon,11569
113722,232232899,Cristina,Arellano,11570
113723,911257567,Mayte,Perez,11571
113724,753853248,Paola,Girona,11572
113725,681184082,Genoveva,Pino,11573
113726,238700604,Regulo,Acero,11574
113727,281783590,Venceslas,Garces,11575
113728,828711447,Teo,Acosta,11576
113729,418265820,Isidora,Milla,11577
113730,117445847,Federico,Landa,11578
113731,230182122,Adelina,Hoyos,11579
113732,293824185,Romulo,Minguez,11580
113733,382641706,Guiomar,Nino,11581
113734,379477136,Cayetana,Duenas,11582
113735,503284855,Javiera,Marmol,11583
113736,824294665,Anunciacion,Busquets,11584
113737,915663103,Juan Manuel,Muro,11585
113738,861087639,Geraldo,Zapata,11586
113739,218875638,Purificacion,Carrasco,11587
113740,712690262,Felix,Barranco,11588
113741,505617678,Epifanio,Perea,11589
113742,359799985,Tono,Guardia,11590
113743,694303218,Maximo,Canet,11591
113744,366702587,Dafne,Ramon,11592
113745,967775144,Rufino,Higueras,11593
113746,164073669,Delfina,Ferrando,11594
113747,327195296,Dani,Calvo,11595
113748,752797219,Maribel,Roma,11596
113749,215502539,Ariel,Batlle,11597
113750,704045931,Nicolasa,Daza,11598
113751,975768162,Nelida,Pintor,11599
113752,428245465,Ana Belen,Guardiola,11600
113753,997746567,Marciano,Pino,11601
113754,781094304,Cintia,Ariza,11602
113755,178357620,Amalia,Portero,11603
113756,459878720,David,Fabra,11604
113757,242297676,Julie,Saavedra,11605
113758,887603161,Nicolas,Hidalgo,11606
113759,341642070,Lupe,Jauregui,11607
113760,440342609,Tere,Vinas,11608
113761,895820150,Heliodoro,Salom,11609
113762,153170496,Carlota,Morell,11610
113763,453421328,Vasco,Tudela,11611
113764,470696214,Belen,Bayo,11612
113765,985849756,Eugenia,Bonet,11613
113766,280175500,Priscila,Llobet,11614
113767,310889092,Segismundo,Ferrandez,11615
113768,912392604,Virginia,Cazorla,11616
113769,520839269,Santiago,Nogues,11617
113770,180398131,Regina,Torrijos,11618
113771,804893487,Jose,Alegre,11619
113772,959891852,Gisela,Nicolau,11620
113773,522113582,Lope,Dominguez,11621
113774,545785775,Victoriano,Anglada,11622
113775,787697830,Iker,Marquez,11623
113776,364561093,Antonio,Suarez,11624
113777,799644783,Ema,Calvet,11625
113778,850005221,Magdalena,Aguirre,11626
113779,246244123,Marina,Sevilla,11627
113780,526710583,Manu,Elorza,11628
113781,493135814,Eugenio,Mulet,11629
113782,736671835,Florentino,Amores,11630
113783,777633618,Luisina,Fuente,11631
113784,651216551,Caridad,Gomila,11632
113785,757136351,Isidro,Coello,11633
113786,452797240,Roberto,Penas,11634
113787,203419532,Lucia,Cerdan,11635
113788,533106489,Gracia,Menendez,11636
113789,501880733,Cristina,Codina,11637
113790,156504242,Luna,Pons,11638
113791,360210939,Juanita,Tello,11639
113792,392347902,Silvestre,Rius,11640
113793,262297812,Gisela,Blanco,11641
113794,486026904,Perla,Barragan,11642
113795,264607147,Poncio,Gascon,11643
113796,696814134,Belen,Tellez,11644
113797,305559232,Aura,Garmendia,11645
113798,666567127,Silvestre,Pascual,11646
113799,384199783,Ligia,Buendia,11647
113800,468750873,Flavia,Angulo,11648
113801,684983247,Zacarias,Perez,11649
113802,178139769,Araceli,Huguet,11650
113803,607308147,Pascual,Rios,11651
113804,899669576,Gregorio,Bosch,11652
113805,729177353,Juan Bautista,Molins,11653
113806,751665409,Sergio,Amor,11654
113807,837677514,Maria Cristina,Tejada,11655
113808,680837413,Berto,Sala,11656
113809,659866771,Hernan,Mora,11657
113810,516274956,Roberto,Carballo,11658
113811,359740150,Ana,Rosa,11659
113812,462944595,Josue,Soto,11660
113813,731634341,Flora,Galan,11661
113814,357185483,Ambar,Coca,11662
113815,246731182,Amada,Diego,11663
113816,220098171,Eufemia,Valencia,11664
113817,993906406,Silvestre,Huertas,11665
113818,829263568,Gonzalo,Pablo,11666
113819,901297615,Lope,Angulo,11667
113820,543821137,Iker,Real,11668
113821,904648764,Paula,Moraleda,11669
113822,515525687,Aurelio,Terron,11670
113823,565262897,Alcides,Barral,11671
113824,286016473,Fabian,Grande,11672
113825,279980792,Candela,Barrena,11673
113826,445839092,Leandra,Ortega,11674
113827,786470659,Ceferino,Agullo,11675
113828,226818683,Lucio,Caparros,11676
113829,621755622,Albert,Morante,11677
113830,780303828,Joaquina,Bayo,11678
113831,216455536,Judith,Roma,11679
113832,148583136,Jennifer,Moran,11680
113833,519281461,Juan Antonio,Machado,11681
113834,190813714,Juan,Sierra,11682
113835,847647592,Francisca,Pombo,11683
113836,551907682,Brigida,Verdejo,11684
113837,106924703,Nazaret,Checa,11685
113838,179259313,Marco,Manuel,11686
113839,917329346,Melania,Vila,11687
113840,797344583,Rocio,Nogues,11688
113841,370538059,Fernando,Oliver,11689
113842,394982397,Adelia,Corral,11690
113843,101421379,Carlota,Berenguer,11691
113844,481305856,Seve,Franco,11692
113845,731828527,Bernardita,Riera,11693
113846,145308682,Reyes,Pombo,11694
113847,424648794,Che,Duran,11695
113848,880887054,Marciano,Toro,11696
113849,653069159,Florentino,Ayuso,11697
113850,282393398,Goyo,Arnaiz,11698
113851,405065614,Alejandro,Solana,11699
113852,598624376,Anastasia,Valle,11700
113853,349592584,Carmina,Casanovas,11701
113854,859613543,Esmeralda,Sans,11702
113855,669855255,Evangelina,Sobrino,11703
113856,467786794,Gerardo,Luis,11704
113857,565844125,Toribio,Carretero,11705
113858,671415411,Encarna,Cervera,11706
113859,834609908,Natividad,Vara,11707
113860,841722705,Vinicio,Jimenez,11708
113861,215314682,Ines,Diaz,11709
113862,654252514,Samuel,Fabregat,11710
113863,329712267,Petrona,Caballero,11711
113864,432766863,Adela,Navas,11712
113865,821665306,Ana Belen,Arteaga,11713
113866,325756466,Paulino,Puerta,11714
113867,926601631,Custodia,Andreu,11715
113868,787197533,Climaco,Mena,11716
113869,112593424,Chus,Porras,11717
113870,655779958,Victor Manuel,Castejon,11718
113871,831261940,Yesica,Carbo,11719
113872,447934395,Otilia,Arana,11720
113873,133210992,Maxima,Valbuena,11721
113874,346764044,Vidal,Nogues,11722
113875,994812891,Yaiza,Rey,11723
113876,536697690,Horacio,Lujan,11724
113877,455451124,Jeremias,Cervera,11725
113878,539017518,Gema,Baron,11726
113879,878467331,Benigna,Ibanez,11727
113880,242717306,Juan Antonio,Mendez,11728
113881,291307841,Ileana,Sureda,11729
113882,923724917,Paz,Pereira,11730
113883,866137826,Gaston,Atienza,11731
113884,432335091,Luis,Benavente,11732
113885,486797322,Borja,Muro,11733
113886,179243037,Paco,Lastra,11734
113887,149961547,Aurea,Blanco,11735
113888,515177383,Calixto,Polo,11736
113889,105146872,Araceli,Campoy,11737
113890,375457882,Hilario,Llamas,11738
113891,437150544,Maria Pilar,Pinedo,11739
113892,226094118,Leonardo,Paez,11740
113893,915583290,Dan,Berrocal,11741
113894,496924685,Baltasar,Reguera,11742
113895,144404835,Amilcar,Lasa,11743
113896,568460479,Elba,Dieguez,11744
113897,799198971,Vanesa,Hernando,11745
113898,588260151,Benjamin,Marques,11746
113899,783439739,Maricruz,Lucena,11747
113900,371651246,Vidal,Torrijos,11748
113901,253013537,Laura,Aroca,11749
113902,328130521,Venceslas,Llopis,11750
113903,347989552,Francisco,Isern,11751
113904,919637564,Segismundo,Rubio,11752
113905,904990490,Jose,Velazquez,11753
113906,577963514,Bernardino,Cadenas,11754
113907,546583291,Nadia,Vega,11755
113908,648314527,Tatiana,Vinas,11756
113909,531060202,Santos,Gomez,11757
113910,874037136,Perla,Aguilera,11758
113911,130778728,Laura,Aguirre,11759
113912,968293639,Evangelina,Baquero,11760
113913,145092943,Angela,Ros,11761
113914,418923262,Timoteo,Barriga,11762
113915,515423444,Herminia,Falcon,11763
113916,997249199,Calisto,Olive,11764
113917,205880016,Javiera,Llorente,11765
113918,120556690,Ana,Figuerola,11766
113919,410520770,Hector,Andreu,11767
113920,162420823,Hugo,Alcala,11768
113921,171232774,Luis,Rebollo,11769
113922,861104748,Roxana,Dominguez,11770
113923,514303852,Sofia,Blanes,11771
113924,195579410,Andres Felipe,Losada,11772
113925,524686435,Eva Maria,Criado,11773
113926,847947021,Rosendo,Manjon,11774
113927,989145084,Enrique,Lago,11775
113928,288443490,Isabel,Valentin,11776
113929,748268992,Lupita,Alcalde,11777
113930,497946984,Maximiliano,Galvez,11778
113931,952609979,Leire,Cortina,11779
113932,825349102,Adriana,Pineda,11780
113933,270002097,Octavia,Galvan,11781
113934,630615964,Ainara,Talavera,11782
113935,363298133,Marcial,Alvarez,11783
113936,840932421,Consuelo,Gabaldon,11784
113937,209523177,Juliana,Madrigal,11785
113938,288514262,Vanesa,Prada,11786
113939,194163488,Albina,Casal,11787
113940,532335220,Clarisa,Roma,11788
113941,598388601,Luis,Narvaez,11789
113942,448967544,Sancho,Munoz,11790
113943,258864244,Nayara,Francisco,11791
113944,445712953,Elisabet,Acero,11792
113945,160613304,Estela,Paniagua,11793
113946,801273347,Americo,Rossello,11794
113947,400056493,Barbara,Luis,11795
113948,545259038,Silvia,Linares,11796
113949,265442591,Salud,Gallego,11797
113950,460378721,Remigio,Armas,11798
113951,835290763,Virginia,Pallares,11799
113952,249896482,Cayetano,Tellez,11800
113953,676327573,Poncio,Mir,11801
113954,831167764,Pastor,Cobos,11802
113955,821189812,Eligia,Hierro,11803
113956,272674129,Nilo,Vaquero,11804
113957,522172816,Maria Angeles,Quesada,11805
113958,746315545,Brigida,Sanmiguel,11806
113959,237445358,Felicidad,Borrell,11807
113960,767954701,Brunilda,Jodar,11808
113961,481365924,Mauricio,Cabello,11809
113962,285505245,Prudencia,Botella,11810
113963,650671206,Custodio,Duarte,11811
113964,526202792,Ruben,Ariza,11812
113965,447588205,Carmen,Rico,11813
113966,528880500,Joaquina,Castro,11814
113967,813963807,Maricruz,Anaya,11815
113968,582227623,Gabino,Saura,11816
113969,373298372,Arturo,Pujol,11817
113970,381697831,Kike,Tamayo,11818
113971,972548062,Eric,Roda,11819
113972,374337965,Loida,Manso,11820
113973,876439426,Anselma,Costa,11821
113974,257347350,Martin,Zurita,11822
113975,686419450,Dionisia,Cifuentes,11823
113976,337472061,Eva,Casals,11824
113977,902881024,Fabiola,Viana,11825
113978,397308191,Florencio,Sacristan,11826
113979,853281247,Eva Maria,Moliner,11827
113980,830951267,Candela,Velasco,11828
113981,212665304,Victor,Prats,11829
113982,339978928,Blas,Carlos,11830
113983,755071894,Gonzalo,Tejedor,11831
113984,618194498,Calista,Bayona,11832
113985,851033335,Feliciano,Fiol,11833
113986,906866197,Eva,Mayol,11834
113987,630295107,Jose Maria,Montserrat,11835
113988,960386480,Hortensia,Villena,11836
113989,568274383,Dan,Pereira,11837
113990,506659069,Severiano,Bayona,11838
113991,116488540,Pepito,Torrecilla,11839
113992,210544295,Oscar,Herrero,11840
113993,689037233,Leire,Ramirez,11841
113994,536603325,Jacinto,Berenguer,11842
113995,899755183,Isabela,Lillo,11843
113996,600309603,Rosendo,Botella,11844
113997,301636734,Manola,Izaguirre,11845
113998,120210595,Perla,Zurita,11846
113999,950347261,Albert,Chico,11847
114000,242704597,Edu,Ramirez,11848
114001,374952874,Seve,Gamez,11849
114002,795617362,Anacleto,Botella,11850
114003,865024882,Aitor,Mayol,11851
114004,940697095,Amilcar,Polo,11852
114005,612388037,Juan Jose,Valderrama,11853
114006,724527957,Norberto,Leon,11854
114007,466755097,Ariel,Batalla,11855
114008,680201196,Benigna,Sainz,11856
114009,413191809,Antonio,Arco,11857
114010,950976368,Eloy,Ribera,11858
114011,641665516,Antonia,Benet,11859
114012,696913414,Aurelio,Redondo,11860
114013,520358484,Natividad,Domingo,11861
114014,209470938,Reynaldo,Moran,11862
114015,675331752,Raul,Acosta,11863
114016,273335175,Saturnino,Nunez,11864
114017,483686652,Ciriaco,Tejedor,11865
114018,315962361,Ricarda,Viana,11866
114019,524778599,Carlos,Rivero,11867
114020,730619640,Martina,Pozo,11868
114021,672596153,Gervasio,Penas,11869
114022,732430800,Macaria,Guijarro,11870
114023,855146242,Teofilo,Bueno,11871
114024,300532997,Concepcion,Bilbao,11872
114025,898758361,Marciano,Fiol,11873
114026,865283463,Angelita,Anguita,11874
114027,957867242,Dario,Gargallo,11875
114028,908912373,Pia,Mariscal,11876
114029,213169371,Emelina,Ferreras,11877
114030,920147449,Jacinta,Calderon,11878
114031,893912469,Jafet,Paz,11879
114032,803196311,Ciro,Ballesteros,11880
114033,826839075,Venceslas,Mulet,11881
114034,571804940,Felix,Galiano,11882
114035,533234354,Yessica,Montes,11883
114036,299611432,Nerea,Rios,11884
114037,384558411,Felisa,Barroso,11885
114038,273997107,Ismael,Gomez,11886
114039,760546501,Chus,Bou,11887
114040,566524562,Benjamin,Cabrera,11888
114041,445332722,Nilda,Castilla,11889
114042,460978540,Carmelo,Gimenez,11890
114043,284294950,Walter,Real,11891
114044,858308046,Marc,Alarcon,11892
114045,603426164,Pepito,Chaparro,11893
114046,402356147,Ariel,Hervia,11894
114047,289793570,Galo,Villegas,11895
114048,544412882,Maria Manuela,Barrios,11896
114049,815248483,Mayte,Montesinos,11897
114050,326354220,Xavier,Alba,11898
114051,163394132,Sergio,Salamanca,11899
114052,857109573,Edu,Morcillo,11900
114053,922524135,Jose Francisco,Gomez,11901
114054,278542448,Marino,Hernandez,11902
114055,171427133,Lorenzo,Benitez,11903
114056,782620289,Marc,Mateos,11904
114057,843951516,Reynaldo,Ferreras,11905
114058,794113883,Amaro,Gutierrez,11906
114059,316865849,Armida,Larranaga,11907
114060,568147187,Geraldo,Peral,11908
114061,266020644,Aroa,Jove,11909
114062,223083280,Ale,Canete,11910
114063,531171169,Jose Luis,Valles,11911
114064,643694668,Segismundo,Pacheco,11912
114065,561227143,Lupita,Ariza,11913
114066,465407057,Carlito,Ripoll,11914
114067,352283172,Jose Maria,Bernal,11915
114068,209300583,Lucho,Blanca,11916
114069,728282107,Jacobo,Ripoll,11917
114070,923515754,Jose Francisco,Nevado,11918
114071,914602417,Diana,Luz,11919
114072,931524393,Arsenio,Bolanos,11920
114073,295971977,Africa,Villa,11921
114074,191866353,Felix,Anguita,11922
114075,947137226,Jeronimo,Blanca,11923
114076,598380760,Visitacion,Rincon,11924
114077,187870525,Elodia,Penas,11925
114078,494764874,Maribel,Llorens,11926
114079,868401528,Angeles,Huertas,11927
114080,908145730,Sabina,Giron,11928
114081,141128668,Modesto,Rubio,11929
114082,492910853,Priscila,Calvet,11930
114083,616086337,Pilar,Peral,11931
114084,285998226,Gracia,Bravo,11932
114085,977642833,Curro,Arteaga,11933
114086,114828114,Elodia,Cordoba,11934
114087,159661743,Aitana,Garcia,11935
114088,798804705,Encarnacion,Pardo,11936
114089,330601665,Chema,Belmonte,11937
114090,122670436,Lucila,Verdugo,11938
114091,241415635,Almudena,Pastor,11939
114092,589759285,Silvestre,Maldonado,11940
114093,673401990,Pancho,Toledo,11941
114094,152771598,Marita,Anton,11942
114095,176971704,Sabina,Escamilla,11943
114096,490169977,Herminia,Lujan,11944
114097,589171667,Alejandra,Castilla,11945
114098,107411817,Agata,Antunez,11946
114099,739367167,Jovita,Maldonado,11947
114100,194898070,Ascension,Julia,11948
114101,774143583,Rodrigo,Pons,11949
114102,751315022,Rafael,Pinol,11950
114103,375048293,Raul,Guerrero,11951
114104,995032192,Nacio,Mendizabal,11952
114105,259972024,Tamara,Checa,11953
114106,236559730,Gala,Montenegro,11954
114107,660292949,Maria Fernanda,Contreras,11955
114108,733658075,Flavia,Galvan,11956
114109,869424228,Teofilo,Amo,11957
114110,350124435,Fanny,Arribas,11958
114111,238407493,Roberta,Valcarcel,11959
114112,141880398,Heraclio,Galan,11960
114113,638703645,Rosalia,Sanjuan,11961
114114,858210695,Jovita,Barragan,11962
114115,183153568,David,Rivero,11963
114116,215233594,Javi,Francisco,11964
114117,563803885,Melchor,Gamez,11965
114118,993017938,Federico,Gimeno,11966
114119,810971270,Ascension,Mate,11967
114120,468337112,Marcos,Burgos,11968
114121,711985109,Xiomara,Gimeno,11969
114122,421608372,Erasmo,Cerezo,11970
114123,687472475,Carina,Trillo,11971
114124,316235454,Balduino,Terron,11972
114125,893133087,Micaela,Sales,11973
114126,547466690,Adalberto,Sancho,11974
114127,342352548,Anselmo,Serna,11975
114128,412631320,Pepita,Blanco,11976
114129,919918442,Cruz,Molins,11977
114130,909129933,Rafa,Simo,11978
114131,957249560,Pio,Padilla,11979
114132,735467471,Arsenio,Uria,11980
114133,687271700,Carmela,Baron,11981
114134,271262021,Yessica,Pla,11982
114135,167035307,Maximo,Castilla,11983
114136,745332475,Maristela,Bermudez,11984
114137,160918276,Asdrubal,Marti,11985
114138,994144370,Jenny,Rivero,11986
114139,364102729,Jordi,Escobar,11987
114140,212562177,Modesto,Iriarte,11988
114141,671168644,Martin,Duran,11989
114142,886622449,Morena,Cantero,11990
114143,699622340,Pascual,Bartolome,11991
114144,200805559,Charo,Azorin,11992
114145,238678927,Rosario,Abella,11993
114146,810979928,Pascual,Gras,11994
114147,712854912,Jaime,Zamora,11995
114148,562216139,Ursula,Melero,11996
114149,683110545,Sabina,Uria,11997
114150,613137746,Roque,Diego,11998
114151,883153007,Armida,Muro,11999
114152,434496072,Leon,Vicente,12000
114153,575278988,Inocencio,Solana,12001
114154,229649989,Candido,Cano,12002
114155,325153260,Eliseo,Bayo,12003
114156,491255653,Urbano,Guijarro,12004
114157,818450056,Maricela,Gomis,12005
114158,976628304,Reinaldo,Uriarte,12006
114159,746902844,Ignacia,Arnal,12007
114160,174723681,Azahara,Diez,12008
114161,187180023,Isidro,Ribas,12009
114162,749695425,Obdulia,Leal,12010
114163,262300738,Samu,Pino,12011
114164,294809627,Augusto,Galiano,12012
114165,293453654,Juanita,Zabala,12013
114166,585948153,Urbano,Marcos,12014
114167,818861379,Marisol,Camara,12015
114168,290930272,Fermin,Rius,12016
114169,619272387,Amaro,Caro,12017
114170,615346328,Hermenegildo,Jodar,12018
114171,323158915,Sara,Menendez,12019
114172,259529423,Wilfredo,Montes,12020
114173,376045656,Belen,Perea,12021
114174,584749449,Maria Pilar,Fonseca,12022
114175,531202832,Lorenzo,Alba,12023
114176,858694970,Ciriaco,Ferrera,12024
114177,125797387,Nazario,Busquets,12025
114178,709019415,Sebastian,Alberola,12026
114179,498828633,Ani,Aviles,12027
114180,929897076,Alfonso,Mancebo,12028
114181,265827378,German,Maestre,12029
114182,585817507,Rocio,Olive,12030
114183,864956880,Graciano,Azorin,12031
114184,672146148,Jordan,Nunez,12032
114185,203417150,Silvia,Colom,12033
114186,797339216,Lorena,Rincon,12034
114187,374333134,Eulalia,Riera,12035
114188,335252988,Olga,Barcelo,12036
114189,464418124,Alba,Amador,12037
114190,240495793,Renato,Castrillo,12038
114191,904026229,Custodia,Caro,12039
114192,769896257,Jose Angel,Flores,12040
114193,625328206,Daniela,Losada,12041
114194,237603613,Pastora,Orozco,12042
114195,219027222,Eufemia,Pujol,12043
114196,338518200,Adelina,Pou,12044
114197,693602891,Melania,Gonzalo,12045
114198,249011298,Alejandra,Hernandez,12046
114199,701901798,Jorge,Nevado,12047
114200,356355553,Javiera,Guerra,12048
114201,451885647,Jose Angel,Garrido,12049
114202,391682926,Isaura,Fajardo,12050
114203,371866641,Bernarda,Esparza,12051
114204,917460592,Juan Antonio,Sastre,12052
114205,162011190,Flavio,Vilar,12053
114206,164332544,Cleto,Uribe,12054
114207,202544533,Renata,Garces,12055
114208,598637355,Mario,Gimenez,12056
114209,914804699,Maximino,Flores,12057
114210,320604324,Toni,Llorente,12058
114211,286699420,Loreto,Pinol,12059
114212,196050650,Gaspar,Guerrero,12060
114213,618005083,Clemente,Ferrandiz,12061
114214,573457537,Apolonia,Amador,12062
114215,558483966,Salomon,Lujan,12063
114216,658783238,Brigida,Bou,12064
114217,383565704,Tere,Jimenez,12065
114218,166239400,Bonifacio,Tirado,12066
114219,841281617,Eliana,Juarez,12067
114220,651226064,Josue,Alcaraz,12068
114221,688785628,Severino,Rodriguez,12069
114222,110198982,Alfredo,Carbo,12070
114223,870982721,Encarna,Villalobos,12071
114224,631899019,Dani,Ballester,12072
114225,591438806,Eutimio,Pintor,12073
114226,761577351,Marcela,Lluch,12074
114227,848754362,Flavia,Calvet,12075
114228,292052505,Jose Francisco,Coca,12076
114229,482588716,Tatiana,Melero,12077
114230,432092716,Juanita,Ortuno,12078
114231,654523103,Manuel,Jove,12079
114232,567673374,Amelia,Franch,12080
114233,237908007,Tomas,Sales,12081
114234,748874861,Omar,Rivero,12082
114235,682674896,Victoria,Quintero,12083
114236,425621588,Moises,Sola,12084
114237,387171644,Maria Del Carmen,Arroyo,12085
114238,721039445,Cesar,Artigas,12086
114239,679050478,Candela,Montalban,12087
114240,201601055,Claudia,Pujadas,12088
114241,278693133,Priscila,Rivera,12089
114242,614767515,Tono,Tellez,12090
114243,155812933,Macario,Saldana,12091
114244,443956122,Lilia,Quiroga,12092
114245,719243017,Vicenta,Adadia,12093
114246,846319178,Candelas,Conesa,12094
114247,711434772,Pablo,Molina,12095
114248,595790240,Loida,Cifuentes,12096
114249,984015241,Alex,Beltran,12097
114250,354223403,Alba,Rossello,12098
114251,302469083,Baltasar,Torrecilla,12099
114252,173359742,Fermin,Burgos,12100
114253,546142935,Emelina,Calvet,12101
114254,640243570,Esteban,Moliner,12102
114255,798176692,Adalberto,Martinez,12103
114256,227112615,Josefa,Vilanova,12104
114257,487965782,Ariel,Exposito,12105
114258,362928757,Rosalia,Collado,12106
114259,999525786,Jose Luis,Baquero,12107
114260,216042562,Moreno,Silva,12108
114261,157829236,Rico,Rubio,12109
114262,197659793,Pastor,Ferrero,12110
114263,714786930,Paola,Sebastian,12111
114264,217728766,Eva,Manuel,12112
114265,475991296,Pacifica,Ariza,12113
114266,409474851,Sigfrido,Comas,12114
114267,226078691,Ulises,Moliner,12115
114268,165734196,Maricruz,Camps,12116
114269,797022856,Isaura,Guerra,12117
114270,766142196,Liliana,Quintanilla,12118
114271,773200618,Elena,Quintana,12119
114272,879070369,Felix,Anton,12120
114273,596109971,Nacho,Arce,12121
114274,854500199,Guiomar,Tena,12122
114275,575232460,Estela,Casanova,12123
114276,648984443,Adan,Morata,12124
114277,162436017,Melisa,Gimenez,12125
114278,225674579,Perlita,Barros,12126
114279,201421795,Leire,Martinez,12127
114280,171690745,Cecilio,Infante,12128
114281,327464792,Araceli,Bolanos,12129
114282,526008400,Esther,Gallardo,12130
114283,204320856,Fanny,Egea,12131
114284,101223681,Amalia,Miranda,12132
114285,426234713,Antonio,Martin,12133
114286,765163120,Clara,Luis,12134
114287,819189510,Leocadio,Bustamante,12135
114288,679217050,Moises,Marques,12136
114289,661141016,Felipa,Balaguer,12137
114290,515207671,Nazaret,Marco,12138
114291,864541870,Delia,Lucena,12139
114292,684313736,Juan Manuel,Valero,12140
114293,547887310,Morena,Aguirre,12141
114294,269054265,Leire,Medina,12142
114295,506124253,Pastor,Roman,12143
114296,403939434,Ramiro,Alvarez,12144
114297,520306554,Lorenzo,Pavon,12145
114298,449205855,Eligio,Soriano,12146
114299,674239759,Lorenzo,Piquer,12147
114300,265095019,Ines,Costa,12148
114301,397156481,Celso,Manzano,12149
114302,582185471,Vicenta,Agustin,12150
114303,218965491,Marisol,Carvajal,12151
114304,256172218,Zacarias,Carreno,12152
114305,914727514,Fatima,Riba,12153
114306,540140420,Glauco,Gomez,12154
114307,103598859,Sara,Rodrigo,12155
114308,333079269,Francisco Javier,Mate,12156
114309,634657705,Joaquin,Lucena,12157
114310,201327862,Candido,Alvaro,12158
114311,481705608,Pastora,Peral,12159
114312,819372534,Tono,Castejon,12160
114313,192951932,Maria Cristina,Pomares,12161
114314,515081961,Arcelia,Losada,12162
114315,518011678,Jacinta,Salvador,12163
114316,643437652,Roxana,Frutos,12164
114317,262497537,Quirino,Torrent,12165
114318,435950872,Angel,Madrid,12166
114319,675388754,Celso,Donoso,12167
114320,462937944,Roxana,Iborra,12168
114321,567288773,Raquel,Arana,12169
114322,305977075,Ligia,Pera,12170
114323,465110036,Florinda,Blanch,12171
114324,138805221,Marita,Piquer,12172
114325,525000385,Leyre,Tolosa,12173
114326,656707948,Lidia,Gibert,12174
114327,624435991,Aaron,Castro,12175
114328,209484589,Rogelio,Calzada,12176
114329,110213193,Edgardo,Cabezas,12177
114330,857764346,Filomena,Tamarit,12178
114331,681129900,Erasmo,Roman,12179
114332,123070322,Emilia,Fernandez,12180
114333,257956419,Rosendo,Belmonte,12181
114334,488659005,Pacifica,Toledo,12182
114335,791431197,Elena,Andreu,12183
114336,401664639,Isidro,Gisbert,12184
114337,747613735,Anselmo,Benito,12185
114338,528876363,Maria,Aviles,12186
114339,877034038,Adelia,Martin,12187
114340,278633749,Merche,Ferrandez,12188
114341,766573187,Josep,Adan,12189
114342,293866010,Sandalio,Espana,12190
114343,399401637,Rosalina,Calderon,12191
114344,295013146,Obdulia,Goicoechea,12192
114345,414751072,Ines,Pombo,12193
114346,145008352,Damian,Cabeza,12194
114347,328625564,Arturo,Pages,12195
114348,335479849,Matilde,Vargas,12196
114349,609136352,Olegario,Valles,12197
114350,576019551,Olimpia,Nicolau,12198
114351,748751386,Gustavo,Ibanez,12199
114352,608010791,Georgina,Beltran,12200
114353,819287304,Jennifer,Alemany,12201
114354,828433162,Carolina,Portero,12202
114355,580358435,Adelia,Villalobos,12203
114356,168391039,Felix,Redondo,12204
114357,761592847,Corona,Saavedra,12205
114358,181183147,Seve,Gomez,12206
114359,914435295,Nicodemo,Cardona,12207
114360,752098544,Emelina,Herranz,12208
114361,240070807,Galo,Silva,12209
114362,547954690,Saturnino,Clavero,12210
114363,400978803,Corona,Fortuny,12211
114364,494919930,Lisandro,Navarrete,12212
114365,989862472,Clotilde,Vives,12213
114366,914303037,Adelaida,Iniguez,12214
114367,419100331,Sabina,Coca,12215
114368,473707595,Flavio,Mas,12216
114369,900847366,Feliciana,Rebollo,12217
114370,120461739,Maria,Quero,12218
114371,288108259,Modesta,Escamilla,12219
114372,272643590,Lara,Rios,12220
114373,975281918,Tatiana,Atienza,12221
114374,234316446,Luciana,Figueras,12222
114375,937138641,Eutimio,Villena,12223
114376,843715992,Jonatan,Chaves,12224
114377,117677657,Edelmira,Amat,12225
114378,533899232,Tiburcio,Rozas,12226
114379,742902139,Pascuala,Salgado,12227
114380,890167853,Edgar,Casares,12228
114381,792145709,Candida,Marin,12229
114382,504158066,Alejandra,Donoso,12230
114383,259209406,Miriam,Guillen,12231
114384,526261616,Anacleto,Sancho,12232
114385,723847501,Edu,Carrion,12233
114386,436340556,Ciriaco,Ugarte,12234
114387,390294758,Cruz,Salva,12235
114388,222917713,Isaias,Julian,12236
114389,524388336,Albano,Cerdan,12237
114390,961183151,Isaias,Pinilla,12238
114391,868694700,Serafina,Espada,12239
114392,332579201,Norberto,Vilanova,12240
114393,134139805,Camilo,Bernat,12241
114394,481934888,Paulina,Menendez,12242
114395,255580005,Fabian,Porta,12243
114396,685196709,Rafa,Frutos,12244
114397,621995020,Gema,Cortes,12245
114398,525671545,Arsenio,Amo,12246
114399,881111528,Teodosio,Escudero,12247
114400,110189147,Paz,Bustamante,12248
114401,800153281,Valentina,Bosch,12249
114402,390206722,Jose Ignacio,Mercader,12250
114403,771361730,Raul,Valera,12251
114404,593549201,Irene,Machado,12252
114405,210445154,Clara,Guzman,12253
114406,484667658,Adora,Rico,12254
114407,126644539,Amarilis,Costa,12255
114408,451722518,Maria Angeles,Cuellar,12256
114409,535720206,Segismundo,Amor,12257
114410,572354849,Atilio,Garces,12258
114411,606099109,Alma,Navarro,12259
114412,430949803,Roberta,Alvarez,12260
114413,452311051,Silvestre,Navarro,12261
114414,915998853,Felicia,Reyes,12262
114415,289662208,Chita,Cruz,12263
114416,243836862,Beatriz,Nogueira,12264
114417,945173974,Leandra,Barcelo,12265
114418,992373595,Nicanor,Muro,12266
114419,161340476,Modesto,Arias,12267
114420,428448959,Gervasio,Llorens,12268
114421,977493495,Pepita,Villalba,12269
114422,777186538,Florentino,Zabala,12270
114423,654479225,Rosario,Quesada,12271
114424,116762438,Mercedes,Aliaga,12272
114425,774522979,Hernan,Cuevas,12273
114426,722461358,Isaura,Camacho,12274
114427,898023611,Maristela,Solana,12275
114428,983152450,Remigio,Company,12276
114429,460925333,Erasmo,Hoyos,12277
114430,857212790,Mamen,Bello,12278
114431,191429219,Nerea,Baquero,12279
114432,463654176,Hector,Camino,12280
114433,462686513,Evangelina,Girona,12281
114434,234348722,Augusto,Porcel,12282
114435,744487626,Edu,Domenech,12283
114436,266712619,Ana Belen,Hervas,12284
114437,141776933,Angeles,Baquero,12285
114438,618819622,Herminio,Aguila,12286
114439,378756309,Anselmo,Carvajal,12287
114440,292101110,Alondra,Cisneros,12288
114441,490766736,Agata,Dieguez,12289
114442,703798890,Paz,Marti,12290
114443,248700735,Jafet,Amaya,12291
114444,180809190,Bonifacio,Ferrandez,12292
114445,405513855,Carmela,Pizarro,12293
114446,145518158,Brigida,Sanz,12294
114447,398196899,Lupe,Oliveras,12295
114448,622510742,Rene,Ferrandez,12296
114449,666865634,Lucila,Pozuelo,12297
114450,386952157,Rita,Manrique,12298
114451,511645553,Otilia,Arenas,12299
114452,546611528,Rosalia,Martinez,12300
114453,125430974,Marciano,Duenas,12301
114454,698284628,Modesto,Abella,12302
114455,589841920,Lucia,Guardiola,12303
114456,524800722,Carlota,Bejarano,12304
114457,726130283,Fabricio,Izaguirre,12305
114458,347216226,Chus,Coello,12306
114459,584773089,Flavio,Arcos,12307
114460,632789264,Odalis,Soria,12308
114461,433195769,Francisca,Diez,12309
114462,551994876,Danilo,Jaen,12310
114463,734626530,Saturnino,Bermejo,12311
114464,834277823,Leoncio,Gomila,12312
114465,993789740,Serafina,Carballo,12313
114466,221292533,Feliciano,Monreal,12314
114467,891112558,Dionisio,Alberola,12315
114468,207226910,Ruth,Alcantara,12316
114469,897631225,Rosalinda,Caceres,12317
114470,567061085,Romulo,Rosa,12318
114471,776831956,Ofelia,Francisco,12319
114472,787619857,Cecilia,Solano,12320
114473,508999770,Jose Maria,Trillo,12321
114474,595090666,Ainara,Alvarado,12322
114475,451854281,Juan Francisco,Villaverde,12323
114476,388267992,Adolfo,Arjona,12324
114477,600080169,Cesar,Exposito,12325
114478,635556528,Victoriano,Murcia,12326
114479,886576616,Marcia,Sacristan,12327
114480,513837113,Carla,Villalonga,12328
114481,812366190,Samu,Orozco,12329
114482,638513803,Ofelia,Morcillo,12330
114483,948833298,Lourdes,Isern,12331
114484,162101004,Demetrio,Olivera,12332
114485,345057879,Ruy,Donoso,12333
114486,301894257,Cristina,Cerro,12334
114487,438944633,Cebrian,Casado,12335
114488,372019916,Leonor,Catala,12336
114489,722356610,Blas,Terron,12337
114490,840270789,Marisa,Ledesma,12338
114491,189637340,Rosario,Munoz,12339
114492,635579552,Marcos,Arcos,12340
114493,518165045,Aranzazu,Rubio,12341
114494,954429011,Gaspar,Teruel,12342
114495,848981042,Selena,Vicente,12343
114496,917483747,Paz,Casal,12344
114497,729962200,Chucho,Martinez,12345
114498,920593054,Melania,Villar,12346
114499,504243088,Catalina,Mayo,12347
114500,980457848,Asuncion,Santana,12348
114501,143809575,Elvira,Cuellar,12349
114502,131355444,Lina,Caro,12350
114503,382844633,Edmundo,Alsina,12351
114504,767964241,Odalis,Baena,12352
114505,929175927,Baudelio,Higueras,12353
114506,670762536,Alcides,Roman,12354
114507,101429503,Flavio,Carrasco,12355
114508,144600878,Nico,Moraleda,12356
114509,196499775,Eufemia,Nebot,12357
114510,815653300,Trinidad,Amat,12358
114511,539387330,Aitana,Alcantara,12359
114512,473452642,Abril,Carrillo,12360
114513,794693185,Asdrubal,Mulet,12361
114514,664760715,Jose Miguel,Pina,12362
114515,695289846,Jeremias,Mari,12363
114516,442830227,Rosalinda,Roldan,12364
114517,841528733,Chus,Leon,12365
114518,590223444,Eric,Ayuso,12366
114519,923689036,Roldan,Garces,12367
114520,643441892,Pascuala,Acero,12368
114521,882910159,Felipa,Belmonte,12369
114522,625074060,Vicenta,Palau,12370
114523,266957759,Pia,Soriano,12371
114524,918988416,Maria Manuela,Rubio,12372
114525,137732616,Narcisa,Guerra,12373
114526,519059605,Asdrubal,Castejon,12374
114527,636660334,Dulce,Gracia,12375
114528,818033985,Jose Angel,Riera,12376
114529,743972689,Marta,Espinosa,12377
114530,211940671,Simon,Melendez,12378
114531,955219009,Zaira,Urrutia,12379
114532,709616675,Perlita,Rojas,12380
114533,182344893,Jose Maria,Garrido,12381
114534,857819271,Josep,Naranjo,12382
114535,655003867,Geraldo,Mata,12383
114536,495769063,Encarnacion,Barroso,12384
114537,166591874,Yaiza,Tormo,12385
114538,867910061,Basilio,Blazquez,12386
114539,920688232,Maristela,Tovar,12387
114540,191679833,Norberto,Canete,12388
114541,417800976,Nereida,Lopez,12389
114542,397172460,Alondra,Piquer,12390
114543,568452616,Victorino,Carnero,12391
114544,533761978,Jacinto,Villa,12392
114545,678688179,Octavia,Osorio,12393
114546,797397029,Hugo,Canals,12394
114547,347410965,Manu,Alcolea,12395
114548,960124090,Ruth,Ramirez,12396
114549,703626201,Donato,Pazos,12397
114550,266979146,Noelia,Donaire,12398
114551,479116016,Reyna,Palmer,12399
114552,147422828,Marco,Jerez,12400
114553,467703863,Eustaquio,Valderrama,12401
114554,635689339,Baldomero,Ibanez,12402
114555,226593369,Arturo,Valverde,12403
114556,503771699,Nicolas,Iborra,12404
114557,637253090,Juan Antonio,Lopez,12405
114558,904644079,Jose Angel,Vazquez,12406
114559,323473582,Hortensia,Alcantara,12407
114560,102057457,Cruz,Valencia,12408
114561,397522678,Candido,Guerrero,12409
114562,768545325,Benigno,Cal,12410
114563,608036224,Leopoldo,Ros,12411
114564,242058434,Paulino,Alberdi,12412
114565,869803111,Amelia,Molina,12413
114566,461399288,Isa,Artigas,12414
114567,836811849,Natalia,Manrique,12415
114568,860170015,Ines,Coca,12416
114569,820736038,Aureliano,Duarte,12417
114570,310347981,Che,Gimenez,12418
114571,608818009,Edu,Arias,12419
114572,190675412,Belen,Palacios,12420
114573,288355861,Cayetano,Quesada,12421
114574,519658282,Consuela,Coca,12422
114575,433472617,Carmen,Priego,12423
114576,499757731,Juan Luis,Rios,12424
114577,752535568,Eugenio,Cuellar,12425
114578,361289599,Belen,Carrion,12426
114579,899247946,Nilda,Crespi,12427
114580,189622642,Severino,Leon,12428
114581,200568416,Teresa,Suarez,12429
114582,969370052,Magdalena,Sevilla,12430
114583,178128596,Fabiola,Redondo,12431
114584,118672456,Juan Jose,Cobos,12432
114585,918776970,Narcisa,Pera,12433
114586,863651643,Laura,Pascual,12434
114587,468161586,Eric,Romero,12435
114588,860689236,Inigo,Nicolau,12436
114589,123161280,Dominga,Pineda,12437
114590,633706492,Fabio,Leiva,12438
114591,912893243,Gervasio,Verdejo,12439
114592,447396905,Inmaculada,Penalver,12440
114593,724239266,Roberta,Alsina,12441
114594,328553147,Americo,Vilalta,12442
114595,180947984,Susana,Catala,12443
114596,904547514,Adelaida,Codina,12444
114597,671738392,Fidela,Melero,12445
114598,705173127,Cornelio,Tome,12446
114599,667860432,Nydia,Vazquez,12447
114600,417548271,Paola,Huguet,12448
114601,637951831,Ileana,Ferrera,12449
114602,207328297,Nydia,Rosales,12450
114603,112661187,Apolinar,Almansa,12451
114604,489311516,Rufino,Andrade,12452
114605,145867821,Octavia,Madrigal,12453
114606,170305415,Quique,Pellicer,12454
114607,671577967,Ulises,Melero,12455
114608,691905259,Florina,Pont,12456
114609,308395993,Jennifer,Martin,12457
114610,366590042,Leonardo,Saez,12458
114611,304244627,Francisco Javier,Caparros,12459
114612,200073685,Liliana,Canas,12460
114613,622669925,Jaime,Palacio,12461
114614,567228523,Ciriaco,Ayala,12462
114615,340104762,Clementina,Morera,12463
114616,161637064,Florentino,Samper,12464
114617,331274650,Leire,Vilar,12465
114618,245128626,Marcelo,Noguera,12466
114619,880336438,Narcisa,Lozano,12467
114620,430165930,Rosalia,Pereira,12468
114621,252147698,Adriana,Sancho,12469
114622,361619624,Gabriel,Carbonell,12470
114623,264121344,Fabiana,Reyes,12471
114624,382133966,Perla,Morales,12472
114625,461366294,Teresa,Quiros,12473
114626,689788845,Toribio,Gonzalez,12474
114627,539353979,Severino,Barrena,12475
114628,273228889,Cipriano,Belda,12476
114629,203852949,Mamen,Bou,12477
114630,970994609,Bienvenida,Ibanez,12478
114631,446078487,Lorena,Ferrando,12479
114632,940829171,Lino,Barral,12480
114633,483675413,Petrona,Solsona,12481
114634,235947243,Teo,Vara,12482
114635,185896725,Trinidad,Villar,12483
114636,515323318,Guadalupe,Escolano,12484
114637,672169937,Anibal,Canton,12485
114638,369247430,Leoncio,Murcia,12486
114639,757780687,Benita,Paz,12487
114640,207760106,Susanita,Villa,12488
114641,331309366,Manuela,Marquez,12489
114642,998968869,Salomon,Sanmartin,12490
114643,688037823,Pastora,Benito,12491
114644,866163090,Luciana,Macias,12492
114645,916333926,Jose Carlos,Melero,12493
114646,445442555,Manolo,Verdugo,12494
114647,849911588,Leire,Segarra,12495
114648,935871486,Juan Luis,Mayol,12496
114649,794411056,Encarna,Rincon,12497
114650,811307521,Cirino,Ribera,12498
114651,948396620,Anna,Aznar,12499
114652,984159033,Azahara,Company,12500
114653,126176674,Barbara,Bauza,12501
114654,651355148,Carmelita,Barbero,12502
114655,610157461,Leire,Prats,12503
114656,344195700,Melchor,Alegria,12504
114657,107863335,Tadeo,Badia,12505
114658,278628799,Vito,Cerdan,12506
114659,707108135,Dafne,Bayo,12507
114660,968297623,Santiago,Jauregui,12508
114661,492688972,Virgilio,Marin,12509
114662,105324380,Reyes,Diego,12510
114663,765278458,Rosalinda,Borras,12511
114664,335142870,Flora,Canovas,12512
114665,406432463,Feliciana,Aragones,12513
114666,473502015,Felicidad,Munoz,12514
114667,850226272,Adolfo,Contreras,12515
114668,635489199,Maria Dolores,Manjon,12516
114669,413253191,Eligio,Morales,12517
114670,999952166,Silvia,Fortuny,12518
114671,795815782,Rodrigo,Vendrell,12519
114672,686883529,Haydee,Carbonell,12520
114673,376238184,Gracia,Fiol,12521
114674,503870894,Judith,Davila,12522
114675,306491122,Jenny,Leal,12523
114676,626460415,Inmaculada,Escalona,12524
114677,721230571,Marciano,Posada,12525
114678,866315942,Pedro,Tejera,12526
114679,812422491,Lino,Uria,12527
114680,867793920,Leire,Hervas,12528
114681,148048624,Loida,Blanes,12529
114682,176608030,Elvira,Llano,12530
114683,118064516,Emilio,Llorente,12531
114684,881343659,Calixta,Salgado,12532
114685,463988404,Rufino,Ledesma,12533
114686,305594918,Ana,Lozano,12534
114687,996822909,Graciano,Sedano,12535
114688,832306259,Juana,Hernandez,12536
114689,376015423,Fernando,Anguita,12537
114690,152683151,Benigna,Mur,12538
114691,260280754,Berta,Mercader,12539
114692,806665940,Andres,Espana,12540
114693,185058421,Guadalupe,Bru,12541
114694,550191411,Anunciacion,Aragon,12542
114695,930354915,Reinaldo,Gallart,12543
114696,289218765,Itziar,Diez,12544
114697,848262805,Jose,Martin,12545
114698,844402604,Javi,Gilabert,12546
114699,905012709,Eusebia,Castrillo,12547
114700,363675286,Carina,Fernandez,12548
114701,329879950,Lope,Ripoll,12549
114702,103816394,Reyes,Ledesma,12550
114703,377553973,Rodrigo,Boix,12551
114704,912217384,Hernan,Riera,12552
114705,107927863,Alex,Rios,12553
114706,188082590,Epifanio,Vinas,12554
114707,498955596,Federico,Mendez,12555
114708,222377032,Xavier,Diez,12556
114709,618346702,Paulino,Bru,12557
114710,473151835,Maria Teresa,Herranz,12558
114711,200374955,Oscar,Marino,12559
114712,612310307,Sergio,Laguna,12560
114713,117819704,Ruy,Ramirez,12561
114714,487784830,Carmela,Aramburu,12562
114715,140317747,Kike,Fabregat,12563
114716,169733112,Aristides,Abascal,12564
114717,627395663,Genoveva,Linares,12565
114718,280437427,Virginia,Carbajo,12566
114719,670405296,Cosme,Solis,12567
114720,349659016,Carina,Estrada,12568
114721,364475186,Primitiva,Quintanilla,12569
114722,183403390,Jonatan,Caparros,12570
114723,130482959,Alejandra,Carrera,12571
114724,173956939,Aroa,Sabater,12572
114725,497517285,Isaias,Belda,12573
114726,832385531,Teodoro,Donaire,12574
114727,186001722,Pastor,Crespo,12575
114728,186925980,Tere,Marquez,12576
114729,136902406,Nerea,Cerdan,12577
114730,532736610,Paulina,Caballero,12578
114731,499726441,Agustin,Vicente,12579
114732,246772894,Fidel,Campo,12580
114733,722307301,Valentina,Cortes,12581
114734,250089305,Flor,Barral,12582
114735,576849623,Maxi,Prada,12583
114736,617847072,Venceslas,Camps,12584
114737,710915068,Chuy,Yuste,12585
114738,560858570,Severo,Lopez,12586
114739,828212649,Hilda,Mayo,12587
114740,938866624,Graciela,Abril,12588
114741,964126281,Luis Angel,Pelaez,12589
114742,183476636,Azucena,Rivero,12590
114743,862212764,Dionisia,Escolano,12591
114744,851410685,Goyo,Solana,12592
114745,101983933,Raul,Manzanares,12593
114746,421290001,Florencio,Lorenzo,12594
114747,863626764,Alondra,Vera,12595
114748,579414652,Prudencio,Martorell,12596
114749,207784160,Emiliana,Linares,12597
114750,142923823,Crescencia,Llanos,12598
114751,457849777,Marisela,Lara,12599
114752,320551318,Haroldo,Artigas,12600
114753,843165733,Regulo,Castello,12601
114754,304045687,Emelina,Alegre,12602
114755,134159199,Celestino,Calvo,12603
114756,755013246,Fortunato,Gallego,12604
114757,212022839,Zaira,Espanol,12605
114758,620635850,Marcelino,Azcona,12606
114759,699494502,Micaela,Llorente,12607
114760,741970088,Nerea,Villegas,12608
114761,224414387,Perlita,Gomis,12609
114762,133428501,Melchor,Donoso,12610
114763,756492923,Isaac,Duque,12611
114764,502097373,Asdrubal,Castrillo,12612
114765,599276437,Ricarda,Company,12613
114766,396003323,Josefa,Clavero,12614
114767,444271820,Bernardino,Losa,12615
114768,307382466,Daniela,Paniagua,12616
114769,489733729,Baldomero,Rios,12617
114770,851397239,Leticia,Luque,12618
114771,489772681,Agata,Uriarte,12619
114772,775590648,Calixta,Terron,12620
114773,256795160,Gloria,Garrido,12621
114774,715463578,Mayte,Baquero,12622
114775,155936107,Tadeo,Almazan,12623
114776,478550132,Salomon,Arino,12624
114777,993874228,Balduino,Bosch,12625
114778,284919288,Ariel,Gargallo,12626
114779,926027631,Georgina,Roman,12627
114780,620570168,Gertrudis,Gonzalo,12628
114781,443921428,Miriam,Terron,12629
114782,252300360,Samu,Varela,12630
114783,486604082,Salvador,Melero,12631
114784,150038447,Marcela,Almansa,12632
114785,332943152,Valeria,Leal,12633
114786,978907650,Severo,Arce,12634
114787,360952672,Fabricio,Arnaiz,12635
114788,184883870,Glauco,Borja,12636
114789,343045953,Ariel,Luis,12637
114790,461473195,Jose Antonio,Bonet,12638
114791,288219463,Adriana,Rodriguez,12639
114792,193342606,Rico,Rebollo,12640
114793,141475489,Belen,Jodar,12641
114794,381941677,Elodia,Valle,12642
114795,477701248,Consuela,Fuentes,12643
114796,178120860,Mar,Ros,12644
114797,773218613,Dorita,Chico,12645
114798,346865587,Geraldo,Moreno,12646
114799,464626952,Luis,Roman,12647
114800,348029922,Juan Bautista,Roda,12648
114801,887876114,Encarnacion,Catalan,12649
114802,560083560,Vidal,Fernandez,12650
114803,623189407,Violeta,Baena,12651
114804,220692206,Edgar,Campoy,12652
114805,323417793,Oscar,Vilar,12653
114806,554017895,Amador,Marmol,12654
114807,182663918,Dimas,Almagro,12655
114808,939476201,Leticia,Bayona,12656
114809,854181804,Gonzalo,Vazquez,12657
114810,907403375,Paola,Montesinos,12658
114811,421388219,Saturnino,Pina,12659
114812,119779116,Bienvenida,Campo,12660
114813,183968933,Georgina,Rivera,12661
114814,390420483,Lourdes,Priego,12662
114815,516707233,Ruth,Priego,12663
114816,283202562,Julie,Chacon,12664
114817,888408820,Paca,Carlos,12665
114818,504705233,Ale,Cueto,12666
114819,315571085,Esteban,Figuerola,12667
114820,813184378,Jesus,Quiros,12668
114821,270835767,Rosaura,Penalver,12669
114822,753954197,Ezequiel,Menendez,12670
114823,945369922,Aroa,Tejera,12671
114824,172875861,Montserrat,Rico,12672
114825,948482531,Carlos,Baeza,12673
114826,712037541,Julia,Rozas,12674
114827,106556654,Vasco,Iriarte,12675
114828,179481776,Goyo,Herranz,12676
114829,256880217,Olimpia,Barbero,12677
114830,365150387,Melisa,Paniagua,12678
114831,385326768,Palmira,Palau,12679
114832,768479247,Pedro,Sandoval,12680
114833,487992689,Leandra,Varela,12681
114834,930757392,Azucena,Lledo,12682
114835,166279620,Leticia,Aguila,12683
114836,545909569,Elpidio,Mayo,12684
114837,764997752,Micaela,Ibanez,12685
114838,183032721,Paz,Cabrero,12686
114839,494967437,Serafina,Hoz,12687
114840,900273678,Lucila,Cardona,12688
114841,129923237,Victoria,Adadia,12689
114842,277251988,Odalis,Riquelme,12690
114843,892356664,Ulises,Exposito,12691
114844,934130546,Leandra,Campos,12692
114845,819637403,Paulina,Villalobos,12693
114846,279093031,Modesta,Carmona,12694
114847,392048770,Guadalupe,Ayuso,12695
114848,622432679,Bruno,Valera,12696
114849,525501560,Salvador,Francisco,12697
114850,635248773,Maria Angeles,Fuertes,12698
114851,257261635,Amador,Alegre,12699
114852,617849859,Carmina,Aragon,12700
114853,861414246,Serafina,Cordero,12701
114854,512536605,Bruno,Roma,12702
114855,557409451,Alfonso,Valenciano,12703
114856,407626281,Isaura,Roldan,12704
114857,917957743,Modesto,Palau,12705
114858,463933056,Jose Mari,Uriarte,12706
114859,817617535,Jaime,Escriva,12707
114860,874579191,Pia,Pinol,12708
114861,887890206,Silvestre,Orozco,12709
114862,994136749,Yago,Ferreras,12710
114863,288028672,Joel,Gonzalez,12711
114864,252490560,Angelica,Torralba,12712
114865,581041556,Marc,Boix,12713
114866,581499665,Jose Antonio,Portillo,12714
114867,374087755,Sigfrido,Fajardo,12715
114868,958909596,Rosalina,Ibanez,12716
114869,151824856,Cristobal,Sanchez,12717
114870,583136453,Zaira,Rodriguez,12718
114871,358947006,Fabian,Bustos,12719
114872,919719216,Eleuterio,Bou,12720
114873,353195347,Anastasio,Aller,12721
114874,640192974,Lupe,Ibanez,12722
114875,780150196,Albina,Talavera,12723
114876,749043127,Enrique,Moliner,12724
114877,140021535,Celestina,Santiago,12725
114878,525174559,Olegario,Rosello,12726
114879,231351718,Alejandro,Diaz,12727
114880,430948405,Noa,Cuevas,12728
114881,679012221,Ignacia,Muro,12729
114882,807175925,Roberta,Soler,12730
114883,403725179,Jeremias,Morera,12731
114884,788980424,Elisabet,Huerta,12732
114885,450605330,Bernardino,Pineda,12733
114886,533541366,Samuel,Verdu,12734
114887,630346060,Milagros,Carreno,12735
114888,184218005,Manuela,Pou,12736
114889,207034142,Alejandro,Frutos,12737
114890,755492899,Severino,Lucas,12738
114891,658144190,Pacifica,Alcazar,12739
114892,862389322,Victoriano,Isern,12740
114893,424414363,Nayara,Criado,12741
114894,154850434,Maria Jesus,Aller,12742
114895,254464824,Nicolas,Riquelme,12743
114896,285237508,Fabiana,Estevez,12744
114897,557079869,Valero,Arco,12745
114898,528642267,Teodosio,Diez,12746
114899,924086943,Ani,Castellanos,12747
114900,524001979,Anacleto,Terron,12748
114901,540727939,Pascual,Querol,12749
114902,288255250,Celestino,Alcala,12750
114903,495572265,Luciana,Marin,12751
114904,767722971,Odalis,Rivas,12752
114905,380909971,Cayetana,Penas,12753
114906,580643829,Gisela,Duque,12754
114907,813591030,Modesta,Carrera,12755
114908,285901907,Ciriaco,Rosello,12756
114909,986618395,Jennifer,Montserrat,12757
114910,383275272,Constanza,Cisneros,12758
114911,693545670,Ariadna,Duran,12759
114912,448321827,Lidia,Arino,12760
114913,300807586,Beatriz,Rueda,12761
114914,600998899,Soraya,Novoa,12762
114915,773280337,Marisela,Vazquez,12763
114916,245085154,Chus,Acero,12764
114917,724901349,Emiliano,Andreu,12765
114918,396585837,Chus,Somoza,12766
114919,799884288,Buenaventura,Luis,12767
114920,358810312,Agapito,Capdevila,12768
114921,663154116,Albert,Escobar,12769
114922,559298151,Emilio,Giron,12770
114923,979918051,Belen,Coca,12771
114924,390863854,Montserrat,Casals,12772
114925,805842792,Ruy,Aranda,12773
114926,528784863,Dimas,Arnal,12774
114927,676988793,Isaura,Gamez,12775
114928,775345537,Hipolito,Arias,12776
114929,936156406,Viviana,Suarez,12777
114930,597148847,Noe,Moya,12778
114931,295566090,Zaida,Munoz,12779
114932,159269637,Amor,Laguna,12780
114933,632199967,Jordan,Balaguer,12781
114934,798452939,Rico,Murcia,12782
114935,922518081,Espiridion,Castilla,12783
114936,155764632,Timoteo,Salom,12784
114937,197694049,Jesus,Arevalo,12785
114938,297064639,Eufemia,Tovar,12786
114939,952433596,Lola,Caparros,12787
114940,663552477,Marcelino,Losada,12788
114941,655902074,Jose,Amador,12789
114942,232182758,Soledad,Angel,12790
114943,781583220,Manuela,Manjon,12791
114944,945087646,Herminia,Lucas,12792
114945,930302875,Paulina,Rubio,12793
114946,455727708,Marcio,Torrijos,12794
114947,321739721,Concha,Pla,12795
114948,808637087,Tadeo,Roldan,12796
114949,354871096,Gustavo,Ortiz,12797
114950,350812891,Susanita,Cobo,12798
114951,140967516,Lisandro,Nevado,12799
114952,468644096,Valentina,Izaguirre,12800
114953,218186901,Sara,Llanos,12801
114954,509777407,Nicolas,Manrique,12802
114955,740647014,Teofilo,Cardona,12803
114956,353226513,Ainoa,Patino,12804
114957,342654496,Piedad,Novoa,12805
114958,391352698,Luisina,Alcazar,12806
114959,706443942,Africa,Alegria,12807
114960,929167254,Raimundo,Heredia,12808
114961,333601115,Gaspar,Nicolas,12809
114962,212634020,Flavia,Pedraza,12810
114963,120042824,Lourdes,Busquets,12811
114964,809214266,Severo,Cornejo,12812
114965,293578597,Jose Antonio,Becerra,12813
114966,782484404,Joaquin,Ordonez,12814
114967,927408894,Rufino,Ribes,12815
114968,486120967,Iban,Alvarez,12816
114969,360499195,Gabriel,Montserrat,12817
114970,792149709,Casemiro,Ortega,12818
114971,592033369,Cebrian,Fuente,12819
114972,884380745,Rosaura,Sainz,12820
114973,397461213,Leandra,Palacio,12821
114974,170409540,Baltasar,Cases,12822
114975,573842268,Juan Manuel,Salinas,12823
114976,884879078,Mauricio,Aviles,12824
114977,871764139,Kike,Espinosa,12825
114978,208889398,Herminio,Perea,12826
114979,600505279,Benito,Cobo,12827
114980,633361226,Teodosio,Quero,12828
114981,765405099,Anabel,Baena,12829
114982,787069560,Oscar,Sans,12830
114983,750859615,Gertrudis,Barreda,12831
114984,447655291,Emiliano,Urena,12832
114985,752526834,Calista,Porta,12833
114986,800620658,Amador,Uribe,12834
114987,868464747,Azahar,Enriquez,12835
114988,393034369,Quirino,Peiro,12836
114989,653142616,Jordi,Ortiz,12837
114990,262556068,Agueda,Giron,12838
114991,362553559,Jose,Perales,12839
114992,561429957,Cesar,Guardia,12840
114993,779526993,Anna,Canton,12841
114994,460524324,Felicia,Bonet,12842
114995,731383950,Fanny,Noguera,12843
114996,754585902,Americo,Aguilo,12844
114997,374734796,Maria Manuela,Dominguez,12845
114998,209306741,Rolando,Rosell,12846
114999,295841324,Isabela,Moliner,12847
115000,586900959,Kike,Reina,12848
115001,314558506,Lola,Donoso,12849
115002,794372631,Brigida,Royo,12850
115003,503884329,Adrian,Herranz,12851
115004,183248100,Ambar,Zorrilla,12852
115005,682597266,Fausto,Moya,12853
115006,138802161,Simon,Company,12854
115007,381212432,Victorino,Aragon,12855
115008,634957112,Patricia,Santamaria,12856
115009,156194057,Bartolome,Gomez,12857
115010,451859840,Sabina,Ramos,12858
115011,207767189,Benigna,Plaza,12859
115012,371658842,Eli,Bertran,12860
115013,446957346,Marc,Arnal,12861
115014,420329301,Guiomar,Bru,12862
115015,626872768,Benigna,Manso,12863
115016,973727303,Guiomar,Baeza,12864
115017,761926841,Primitiva,Maldonado,12865
115018,157892951,Amada,Goni,12866
115019,910307123,Nando,Lledo,12867
115020,244831389,Javi,Bonet,12868
115021,739308433,Epifanio,Delgado,12869
115022,399481884,Rebeca,Barba,12870
115023,869382048,Candido,Clavero,12871
115024,407068844,Angeles,Benito,12872
115025,956040125,Amilcar,Romeu,12873
115026,678619911,Cirino,Solera,12874
115027,113444012,Apolinar,Sanz,12875
115028,645082684,Alfredo,Martinez,12876
115029,215361781,Beatriz,Paz,12877
115030,351352720,Felix,Calvo,12878
115031,778789960,Bernardita,Garcia,12879
115032,961114339,Cristina,Rico,12880
115033,854993972,Felix,Frias,12881
115034,499065314,Ulises,Casal,12882
115035,225195117,Feliciana,Leon,12883
115036,224056523,Reyes,Goni,12884
115037,262540645,Jaime,Alberto,12885
115038,546315043,Natividad,Quintero,12886
115039,668213073,Ariel,Marti,12887
115040,618720460,Gervasio,Pages,12888
115041,240502966,Adelardo,Verdu,12889
115042,955051689,Constanza,Rodriguez,12890
115043,333894636,Prudencia,Arevalo,12891
115044,816974103,Maximiano,Cespedes,12892
115045,917514752,Remedios,Guardiola,12893
115046,539791420,Mariano,Valls,12894
115047,469596103,Jose Ramon,Campillo,12895
115048,826054088,Emelina,Pinedo,12896
115049,420799844,Maximo,Tudela,12897
115050,156533179,Victoria,Villa,12898
115051,493142520,Arturo,Guzman,12899
115052,203883765,Juan Luis,Duran,12900
115053,885523610,Catalina,Sanchez,12901
115054,939941116,Quirino,Espada,12902
115055,312438373,Reinaldo,Marquez,12903
115056,366557052,Hilda,Rodriguez,12904
115057,406894875,Victor,Verdu,12905
115058,833397787,Nestor,Chaparro,12906
115059,537321753,Delfina,Bauza,12907
115060,371862811,Felipa,Murcia,12908
115061,237618153,Noa,Palomares,12909
115062,445754807,Lope,Torrents,12910
115063,949671371,Urbano,Azcona,12911
115064,613149657,Yaiza,Morante,12912
115065,764098814,Nuria,Ferrero,12913
115066,200622039,Visitacion,Santana,12914
115067,265043759,Enrique,Leiva,12915
115068,508558970,Carmelo,Salvador,12916
115069,107776267,Paulina,Escalona,12917
115070,666487977,Amanda,Sabater,12918
115071,312282033,Azahar,Cortina,12919
115072,293947467,Isaias,Garate,12920
115073,847746250,Onofre,Gabaldon,12921
115074,671566356,Dionisio,Bernat,12922
115075,816432597,Elias,Colomer,12923
115076,343573675,Elpidio,Garcia,12924
115077,344951582,Maria Jesus,Guitart,12925
115078,670487154,Benita,Salas,12926
115079,421730721,Aurora,Rivas,12927
115080,929274507,Samanta,Portillo,12928
115081,921921898,Lorenza,Gimeno,12929
115082,596238131,Felix,Criado,12930
115083,178651498,Gema,Salva,12931
115084,767787236,Leoncio,Romeu,12932
115085,926560662,Jenaro,Quintero,12933
115086,158451602,Tomas,Catalan,12934
115087,839223919,Elisa,Mercader,12935
115088,933972343,Purificacion,Alonso,12936
115089,294646177,Julia,Aleman,12937
115090,936130194,Maria Fernanda,Adan,12938
115091,846898476,Noe,Lobato,12939
115092,695613687,Irma,Torrecilla,12940
115093,448437560,Rufino,Rius,12941
115094,451081551,Maria Belen,Pons,12942
115095,335935118,Dorotea,Cuesta,12943
115096,243480093,Rogelio,Bravo,12944
115097,770889205,Marino,Menendez,12945
115098,846084648,Guadalupe,Andrade,12946
115099,365031169,Aura,Pizarro,12947
115100,587656183,Marcela,Estrada,12948
115101,618409228,Juan Jose,Rodriguez,12949
115102,604052107,Alfonso,Ortiz,12950
115103,785083517,Tania,Nino,12951
115104,443091933,Genoveva,Fabregat,12952
115105,182613157,Luis Miguel,Pizarro,12953
115106,281058314,Quirino,Marques,12954
115107,226919070,Eligio,Mercader,12955
115108,125822898,Candida,Abascal,12956
115109,354098892,Vinicio,Miguel,12957
115110,235952516,Azahara,Segarra,12958
115111,680142082,Elpidio,Gonzalez,12959
115112,604594635,Graciela,Solano,12960
115113,816780543,Juan Pablo,Moll,12961
115114,285378719,Jose Manuel,Rubio,12962
115115,530463667,Dulce,Solis,12963
115116,536395127,Gertrudis,Querol,12964
115117,447855323,Georgina,Martinez,12965
115118,800902910,Cruz,Ferreras,12966
115119,540335053,Sergio,Abella,12967
115120,646025524,Feliciano,Miro,12968
115121,423818086,Saturnina,Ortiz,12969
115122,652846005,Pascuala,Arco,12970
115123,493700980,Hortensia,Lluch,12971
115124,126046928,Cesar,Haro,12972
115125,903987514,Nereida,Cadenas,12973
115126,112363421,Blas,Sanmartin,12974
115127,290361423,Rosalina,Prats,12975
115128,293283466,Fulgencio,Rebollo,12976
115129,475910878,Eugenia,Escobar,12977
115130,290913239,Ruben,Sebastian,12978
115131,936384143,Jacinto,Herrera,12979
115132,283140719,Nayara,Balaguer,12980
115133,723906901,Edgar,Lillo,12981
115134,469805333,Anastasio,Daza,12982
115135,259837274,Remedios,Verdugo,12983
115136,159258737,Maria Carmen,Costa,12984
115137,289707131,Lucho,Marquez,12985
115138,900345683,Geraldo,Carretero,12986
115139,344379860,Rodolfo,Otero,12987
115140,549650033,Julio Cesar,Gracia,12988
115141,824626176,Paola,Company,12989
115142,261879721,Encarnacion,Amat,12990
115143,988990459,Juan Jose,Espejo,12991
115144,112978023,Domitila,Gonzalez,12992
115145,797184009,Ariel,Diaz,12993
115146,454903999,Jafet,Martorell,12994
115147,240959461,Jessica,Roig,12995
115148,866910946,Jose Luis,Moraleda,12996
115149,625769794,Donato,Zapata,12997
115150,266954744,Graciana,Fernandez,12998
115151,173827822,Olivia,Mayoral,12999
115152,792955683,Luisina,Carrion,13000
115153,668589898,Severino,Azcona,13001
115154,744668235,Benita,Pina,13002
115155,850211786,Ursula,Robledo,13003
115156,941573228,Africa,Pizarro,13004
115157,902690588,Abigail,Arce,13005
115158,552871811,Mohamed,Pineda,13006
115159,177586306,Jovita,Bayon,13007
115160,264043158,Carlito,Cruz,13008
115161,714566802,Modesto,Calvo,13009
115162,174037184,Herminio,Hidalgo,13010
115163,740597368,Daniela,Millan,13011
115164,313109621,Baudelio,Marti,13012
115165,395377568,Godofredo,Rueda,13013
115166,259690362,Mohamed,Luque,13014
115167,185709919,Nacho,Carrion,13015
115168,459381837,Maura,Gordillo,13016
115169,103266434,Marcia,Armas,13017
115170,739965324,Constanza,Canete,13018
115171,887212557,Flora,Diez,13019
115172,495338725,Tamara,Cardenas,13020
115173,830950927,Gracia,Clemente,13021
115174,865934019,Elvira,Ayllon,13022
115175,626574763,Zacarias,Chacon,13023
115176,873143300,Dan,Padilla,13024
115177,468616333,Emigdio,Morante,13025
115178,464332217,Victoria,Orozco,13026
115179,647256155,Felix,Fernandez,13027
115180,188206789,Sancho,Pozo,13028
115181,936397566,Estrella,Jara,13029
115182,499338365,Julie,Sarmiento,13030
115183,776368091,Clara,Ricart,13031
115184,966056443,Martin,Morcillo,13032
115185,317261481,Luisina,Barrio,13033
115186,930925348,Carmen,Sureda,13034
115187,905492881,Noe,Sans,13035
115188,558860194,Mauricio,Mayol,13036
115189,609828102,Flavia,Galan,13037
115190,280128535,Serafina,Carretero,13038
115191,926380835,Estela,Mendez,13039
115192,137582543,Maricela,Becerra,13040
115193,304086430,Telmo,Vall,13041
115194,615363968,Nilo,Galan,13042
115195,715143709,Moreno,Plana,13043
115196,854228794,Emigdio,Soriano,13044
115197,871908884,Sarita,Jove,13045
115198,535629035,Carmelo,Revilla,13046
115199,734248584,Francisco,Canete,13047
115200,232781505,Consuelo,Pintor,13048
115201,205965144,Olivia,Pardo,13049
115202,250804049,Dan,Saenz,13050
115203,255458530,Alicia,Arnal,13051
115204,718732865,Silvestre,Guerra,13052
115205,623278439,Calista,Sainz,13053
115206,913869003,Maria,Vallejo,13054
115207,558349093,Julia,Gascon,13055
115208,615418810,Javiera,Casals,13056
115209,584776246,Jaime,Bermejo,13057
115210,646830493,Anastasio,Izquierdo,13058
115211,860321065,Juan Manuel,Cadenas,13059
115212,166539178,Atilio,Salvador,13060
115213,539687826,Goyo,Frias,13061
115214,651609404,Armida,Coronado,13062
115215,361112983,Augusto,Montana,13063
115216,432221177,Calisto,Torrent,13064
115217,199164005,Teobaldo,Velazquez,13065
115218,175609585,Arturo,Vina,13066
115219,181360076,Maristela,Ferran,13067
115220,857589730,Jennifer,Rozas,13068
115221,527740329,Dorotea,Porras,13069
115222,417776405,Jacobo,Torrens,13070
115223,804278623,Javiera,Vendrell,13071
115224,357313230,Eusebia,Aguilo,13072
115225,914606652,Bernardino,Criado,13073
115226,315536918,Chus,Rivera,13074
115227,993665884,Cristian,Serrano,13075
115228,975109457,Renato,Exposito,13076
115229,553310460,Domingo,Pozo,13077
115230,286782867,Jacinta,Gual,13078
115231,258044788,Beatriz,Pombo,13079
115232,715427339,Panfilo,Acedo,13080
115233,263217401,Graciela,Alcantara,13081
115234,481903200,Victor Manuel,Folch,13082
115235,212129654,Ale,Gisbert,13083
115236,706733433,Anna,Ropero,13084
115237,135504910,Encarnacion,Mulet,13085
115238,305152666,Perlita,Pujol,13086
115239,841928080,Tatiana,Baro,13087
115240,476192117,Bernardita,Barbera,13088
115241,404760931,Reina,Garriga,13089
115242,450673179,Cristina,Calleja,13090
115243,846517436,Vera,Alegria,13091
115244,477820962,Haroldo,Tudela,13092
115245,417580528,Jeremias,Tomas,13093
115246,623203634,Edu,Valls,13094
115247,370739720,Jose Luis,Amat,13095
115248,826922188,Bibiana,Arjona,13096
115249,339798187,Rosalia,Cespedes,13097
115250,158566274,Dulce,Contreras,13098
115251,353097252,Pepito,Luis,13099
115252,932140406,Merche,Costa,13100
115253,739081366,Juan Carlos,Marino,13101
115254,892569700,Valerio,Pavon,13102
115255,979580055,Leonardo,Tomas,13103
115256,177495844,Emma,Ros,13104
115257,746386877,Humberto,Rosell,13105
115258,884372849,Amilcar,Campos,13106
115259,452646807,Martirio,Villegas,13107
115260,777074406,Maite,Melero,13108
115261,279888938,Juan Antonio,Moles,13109
115262,745382597,Joaquina,Guerra,13110
115263,707116644,Marcos,Luque,13111
115264,428959730,Lara,Barbera,13112
115265,660848064,Ainara,Anton,13113
115266,985613618,Estela,Alcaraz,13114
115267,114887120,Custodia,Quintana,13115
115268,365845806,Marisol,Tormo,13116
115269,793865159,Joaquina,Leon,13117
115270,932756520,Calisto,Medina,13118
115271,790167264,Felix,Villanueva,13119
115272,902673481,Jafet,Torralba,13120
115273,954312010,Gisela,Aguado,13121
115274,873915197,Roxana,Bustamante,13122
115275,895846494,Luz,Aranda,13123
115276,178527476,Santos,Prieto,13124
115277,838747204,Silvio,Marquez,13125
115278,319495468,Onofre,Barros,13126
115279,151622594,Rebeca,Iglesia,13127
115280,855822867,Loida,Gracia,13128
115281,218467263,Eligio,Corominas,13129
115282,502986483,Mayte,Raya,13130
115283,629617345,Reyes,Lerma,13131
115284,648692954,Guillermo,Ayllon,13132
115285,577143518,Candida,Folch,13133
115286,282381882,Alma,Santamaria,13134
115287,306530130,Esther,Llopis,13135
115288,113965830,Flavia,Pineiro,13136
115289,519293083,Gaston,Pintor,13137
115290,421918773,Damian,Figueras,13138
115291,102385096,Sara,Bastida,13139
115292,138137085,Lupe,Gelabert,13140
115293,200110204,Eleuterio,Aparicio,13141
115294,602015644,Flavia,Rincon,13142
115295,565632040,Melchor,Cuesta,13143
115296,505792110,Leticia,Pereira,13144
115297,771816674,Cecilio,Giron,13145
115298,801441385,Berto,Sabater,13146
115299,378103516,Aaron,Diego,13147
115300,888988358,Epifanio,Banos,13148
115301,443813870,Edelmira,Coronado,13149
115302,902503534,Marco,Bayo,13150
115303,282245126,Dalila,Dieguez,13151
115304,293289290,Edgardo,Elorza,13152
115305,688236329,Jose Angel,Pinilla,13153
115306,255713958,Marciano,Tejedor,13154
115307,146276686,Alejandra,Fiol,13155
115308,563596151,Wilfredo,Mora,13156
115309,421591205,Cristian,Arteaga,13157
115310,515296916,Atilio,Arino,13158
115311,869535783,Lupe,Castaneda,13159
115312,443678506,Maria,Tejedor,13160
115313,596452632,Eusebio,Benavent,13161
115314,418841078,Olegario,Pacheco,13162
115315,194868150,Adelaida,Ugarte,13163
115316,227734420,Sonia,Martinez,13164
115317,890972651,Panfilo,Casado,13165
115318,606247181,Isabela,Albero,13166
115319,284833862,Dionisio,Blanca,13167
115320,885932694,Agustin,Barco,13168
115321,884106507,Benito,Echevarria,13169
115322,928949082,Ema,Sala,13170
115323,737729920,Maria Manuela,Julian,13171
115324,927343574,Victor,Aguilar,13172
115325,354500015,Glauco,Soriano,13173
115326,413330211,Marisa,Cortes,13174
115327,629377285,Domingo,Guerrero,13175
115328,183813043,Agustin,Soriano,13176
115329,564289373,Liliana,Pulido,13177
115330,234940720,Tomas,Linares,13178
115331,625799455,Dionisia,Lucena,13179
115332,736905385,Ani,Gabaldon,13180
115333,516913253,Iris,Tomas,13181
115334,574984523,Fabiola,Checa,13182
115335,332081635,Che,Torrecilla,13183
115336,749802495,Guillermo,Plaza,13184
115337,927060183,Eustaquio,Laguna,13185
115338,392509701,Bibiana,Sanabria,13186
115339,195992767,Walter,Acedo,13187
115340,603398450,Carlota,Llado,13188
115341,239926462,Xavier,Moran,13189
115342,865780612,Silvestre,Canas,13190
115343,638744520,Felix,Canales,13191
115344,353335991,Mireia,Pena,13192
115345,176206327,Antonio,Salvador,13193
115346,702482630,Dionisia,Pages,13194
115347,613577820,Chita,Lumbreras,13195
115348,177452568,Paola,Solis,13196
115349,421053029,Rico,Aguirre,13197
115350,183556351,Balduino,Leiva,13198
115351,369041800,Pascuala,Losada,13199
115352,870705154,Rafaela,Ballester,13200
115353,983626948,Rufino,Adan,13201
115354,994781223,Dani,Ordonez,13202
115355,314266055,Rufino,Fernandez,13203
115356,209521596,Casandra,Moles,13204
115357,923709221,Olegario,Gimenez,13205
115358,975213264,Jose Miguel,Ayllon,13206
115359,375925527,Tomasa,Machado,13207
115360,275973820,Hortensia,Tome,13208
115361,131916232,Charo,Cepeda,13209
115362,336987395,Anibal,Urena,13210
115363,907137056,Susanita,Saenz,13211
115364,629501869,Montserrat,Castrillo,13212
115365,960382555,Chus,Marti,13213
115366,147777445,Dario,Riba,13214
115367,718349958,Abigail,Miralles,13215
115368,862196619,Vicente,Benavent,13216
115369,581121568,Ambar,Luna,13217
115370,286292474,Yessica,Suarez,13218
115371,379159237,Danilo,Padilla,13219
115372,535631659,Fabricio,Izaguirre,13220
115373,816115419,Fidela,Galvez,13221
115374,695837466,Gracia,Ruano,13222
115375,275194936,Leticia,Castilla,13223
115376,508028667,Eric,Andreu,13224
115377,697950116,Valero,Narvaez,13225
115378,903514604,Gema,Vall,13226
115379,987808122,Amaya,Benitez,13227
115380,245423304,Maria Jesus,Escudero,13228
115381,876237531,Palmira,Calvo,13229
115382,765338574,Lina,Chaves,13230
115383,191518120,Leonor,Carnero,13231
115384,983267065,Simon,Elias,13232
115385,133460516,Adora,Valera,13233
115386,860381802,Sarita,Jordan,13234
115387,627736843,Leocadia,Cuesta,13235
115388,739879692,Venceslas,Mendoza,13236
115389,624938018,Estefania,Sanchez,13237
115390,923877869,Adelaida,Gallart,13238
115391,357979587,Serafina,Paredes,13239
115392,443214800,Rolando,Neira,13240
115393,461741803,Angel,Gil,13241
115394,250382538,Federico,Cid,13242
115395,254409435,Ligia,Robles,13243
115396,717568733,Salome,Frutos,13244
115397,522868101,Paco,Montalban,13245
115398,571847061,Iris,Arnal,13246
115399,403061595,Lupe,Sole,13247
115400,429140112,Ana Sofia,Rodrigo,13248
115401,100407555,Eutimio,Jover,13249
115402,878055437,Valero,Fernandez,13250
115403,688248121,Nico,Francisco,13251
115404,472943398,Pastora,Saldana,13252
115405,772911628,Carina,Rivera,13253
115406,835321137,Alberto,Seco,13254
115407,590023394,Basilio,Giralt,13255
115408,599983089,Dionisia,Olivera,13256
115409,475541884,Abigail,Somoza,13257
115410,976042990,Leonor,Granados,13258
115411,252983932,Marcelino,Sancho,13259
115412,782365138,Rolando,Bastida,13260
115413,168139168,Carmelita,Escamilla,13261
115414,848608023,Rebeca,Domenech,13262
115415,772513450,Efrain,Monreal,13263
115416,954239896,Miguel,Sanz,13264
115417,426654533,Amilcar,Pedrero,13265
115418,949590236,Itziar,Rocha,13266
115419,460009968,Alonso,Gascon,13267
115420,282689236,Vito,Vera,13268
115421,223919904,Eugenia,Terron,13269
115422,836008436,Jose Manuel,Canales,13270
115423,966045161,Zaida,Coca,13271
115424,676752275,Esperanza,Verdejo,13272
115425,573434863,Iker,Pinilla,13273
115426,296591144,Narciso,Andrade,13274
115427,566128442,Alondra,Dieguez,13275
115428,601971944,Silvia,Guijarro,13276
115429,114902159,Margarita,Gisbert,13277
115430,599348254,Jose Angel,Moreno,13278
115431,563132871,Jose,Zabaleta,13279
115432,822342918,Pastor,Sales,13280
115433,279522892,Florentino,Garces,13281
115434,695110823,Maricruz,Pino,13282
115435,364799788,Zacarias,Trujillo,13283
115436,581171640,Climaco,Bastida,13284
115437,376929569,Adalberto,Heredia,13285
115438,414595409,Juan Carlos,Huerta,13286
115439,838790596,Ursula,Cadenas,13287
115440,994965471,Lorenza,Huguet,13288
115441,433951210,Angela,Barreda,13289
115442,560817770,Ramona,Roda,13290
115443,917076120,Pacifica,Barragan,13291
115444,244523952,Africa,Rius,13292
115445,599769228,Fabiana,Vega,13293
115446,652648471,Cayetana,Pedrosa,13294
115447,455663427,Febe,Arenas,13295
115448,326159794,Zaida,Prada,13296
115449,656662227,Rafael,Bonet,13297
115450,583972729,Maxima,Mateo,13298
115451,518593683,Coral,Nieto,13299
115452,176211886,Ruy,Calzada,13300
115453,955986366,Lilia,Escudero,13301
115454,273312653,Tomas,Moreno,13302
115455,958245817,Clemente,Abellan,13303
115456,312500669,Tono,Pujadas,13304
115457,777481098,Curro,Castello,13305
115458,759531735,Ariel,Lloret,13306
115459,754642561,Marc,Redondo,13307
115460,323260356,Severo,Abril,13308
115461,254261883,Vasco,Camara,13309
115462,565634902,Jose Miguel,Mas,13310
115463,445495564,Hilario,Jaume,13311
115464,249957033,Adoracion,Quero,13312
115465,235648256,Abigail,Mancebo,13313
115466,915224895,Aurea,Hernando,13314
115467,908661406,Cristian,Cal,13315
115468,612549761,Samuel,Amor,13316
115469,927358876,Juan Pablo,Rocamora,13317
115470,533331384,Samu,Catala,13318
115471,727174449,Flor,Bernal,13319
115472,585025325,Calixto,Lucena,13320
115473,412270613,Fabian,Bermudez,13321
115474,842819365,Bautista,Guijarro,13322
115475,438023356,Claudio,Valverde,13323
115476,462568698,Jordi,Mas,13324
115477,347962907,Pelayo,Mateo,13325
115478,483347002,Ale,Catala,13326
115479,359087917,Fabio,Macias,13327
115480,652578895,Carla,Campillo,13328
115481,827261829,Belen,Pedrero,13329
115482,875936767,Dionisio,Valenzuela,13330
115483,902540754,Gabino,Sacristan,13331
115484,374543823,Debora,Rios,13332
115485,200121762,Leocadio,Serra,13333
115486,260877065,Marisela,Samper,13334
115487,354160133,Elba,Yanez,13335
115488,993217809,Jeronimo,Vaquero,13336
115489,418281130,Bernarda,Puga,13337
115490,227182764,Fidel,Madrid,13338
115491,950134005,Marina,Beltran,13339
115492,781203312,Belen,Gomis,13340
115493,772762050,Florentina,Santiago,13341
115494,900015644,Lupe,Cuevas,13342
115495,892231593,Federico,Gonzalez,13343
115496,689470668,Esmeralda,Cabanillas,13344
115497,960334596,Leoncio,Planas,13345
115498,638422361,Baldomero,Girona,13346
115499,678945102,David,Anton,13347
115500,101129139,Melisa,Alberdi,13348
115501,131975761,Adelaida,Nunez,13349
115502,420630360,Brigida,Aleman,13350
115503,230179872,Julian,Rodrigo,13351
115504,122045682,Lucila,Calderon,13352
115505,787060678,Flavio,Giner,13353
115506,753174373,Crescencia,Puig,13354
115507,292962928,Concha,Aguilo,13355
115508,495790338,Africa,Macias,13356
115509,253036222,Iris,Carbajo,13357
115510,986387096,Lucas,Pujol,13358
115511,132416141,Rosendo,Cobos,13359
115512,153384176,Ale,Palomares,13360
115513,124521460,Pedro,Lledo,13361
115514,512388512,Luis Miguel,Arellano,13362
115515,353980857,Maria,Lopez,13363
115516,581185953,Maria Fernanda,Boada,13364
115517,745487149,Claudio,Guardia,13365
115518,861654260,Nilo,Feliu,13366
115519,236877217,Fortunata,Carpio,13367
115520,736805810,Manuelita,Tellez,13368
115521,763325290,Lisandro,Chacon,13369
115522,314375833,Agata,Quevedo,13370
115523,121659083,Cristobal,Pavon,13371
115524,243355188,Jacinta,Porta,13372
115525,275914243,Rosaura,Pedraza,13373
115526,558050976,Custodia,Araujo,13374
115527,258397707,Agustin,Llorens,13375
115528,257879225,Jenaro,Ledesma,13376
115529,160971485,Pepito,Alegria,13377
115530,339690792,Florinda,Bermudez,13378
115531,822344997,Luisa,Sevilla,13379
115532,673512469,Mayte,Cervera,13380
115533,132292033,Olga,Calvet,13381
115534,650661451,Andres Felipe,Granados,13382
115535,825287453,Amparo,Galvez,13383
115536,405757648,Irma,Talavera,13384
115537,696295233,Agata,Lara,13385
115538,331932578,Fortunato,Garriga,13386
115539,889080210,Cloe,Salinas,13387
115540,322450138,Margarita,Alcaraz,13388
115541,592177367,Victor,Medina,13389
115542,546806607,Cecilia,Valera,13390
115543,900438096,Josefa,Cabo,13391
115544,835203348,Edelmira,Caceres,13392
115545,856401929,Etelvina,Gabaldon,13393
115546,894836660,Esperanza,Clavero,13394
115547,937075411,Ramona,Ramirez,13395
115548,512450022,Vanesa,Correa,13396
115549,716347568,Nicolasa,Rodrigo,13397
115550,745066013,Elias,Romero,13398
115551,467413711,Artemio,Gras,13399
115552,862245614,Remedios,Gordillo,13400
115553,965701067,Eligio,Zamora,13401
115554,926517712,Amaya,Valera,13402
115555,543396516,Antonia,Millan,13403
115556,680170547,Jorge,Urrutia,13404
115557,585026508,Virgilio,Santiago,13405
115558,299085861,Leticia,Mur,13406
115559,735505885,Valentina,Sierra,13407
115560,955078883,Jimena,Tur,13408
115561,762146659,Clementina,Amat,13409
115562,727164931,Flora,Huguet,13410
115563,212879732,Urbano,Pereira,13411
115564,758095060,Yesica,Ferrandez,13412
115565,342741570,David,Rosa,13413
115566,929713484,Miriam,Torrents,13414
115567,713044221,Ismael,Talavera,13415
115568,441690633,Ildefonso,Chaves,13416
115569,847797555,Isabel,Echeverria,13417
115570,546507694,Jeronimo,Alberola,13418
115571,155294847,Emiliano,Jurado,13419
115572,697210421,Soledad,Hidalgo,13420
115573,535252962,Maria Carmen,Delgado,13421
115574,222139530,Nazario,Gomila,13422
115575,771295525,Joaquina,Murillo,13423
115576,511009018,Alfonso,Marques,13424
115577,331945371,Jordan,Dalmau,13425
115578,704162780,Gabriela,Sanjuan,13426
115579,214764512,Sol,Buendia,13427
115580,760562364,Manolo,Nino,13428
115581,479187870,Lazaro,Marquez,13429
115582,292994611,Elvira,Manso,13430
115583,326444397,Marisol,Leiva,13431
115584,102735559,Rosario,Duenas,13432
115585,700180273,Leonardo,Caballero,13433
115586,122918870,Maxima,Nunez,13434
115587,495294413,Pepe,Esteve,13435
115588,256812251,Evangelina,Saavedra,13436
115589,935951168,Marcio,Blanco,13437
115590,360160799,Quirino,Nunez,13438
115591,835249107,Cayetana,Velasco,13439
115592,428003998,Rosario,Cantero,13440
115593,383993703,Aristides,Martin,13441
115594,695394124,Bernardita,Carreras,13442
115595,968677735,Samanta,Losada,13443
115596,869625951,Jordi,Fernandez,13444
115597,571898435,Marino,Cortes,13445
115598,245834025,Aura,Santamaria,13446
115599,694152123,Isidora,Sevillano,13447
115600,861043907,Jose Francisco,Arevalo,13448
115601,877710709,Florina,Mascaro,13449
115602,161336399,Severo,Vera,13450
115603,556527137,Jimena,Garcia,13451
115604,928625726,Judith,Pinedo,13452
115605,983975654,Amarilis,Esteban,13453
115606,280502035,Olivia,Portillo,13454
115607,551076469,Ignacio,Colom,13455
115608,650741028,Godofredo,Mendoza,13456
115609,921190602,Edgardo,Jaen,13457
115610,145424000,Vilma,Cuervo,13458
115611,440215725,Augusto,Contreras,13459
115612,885329892,Nando,Iniguez,13460
115613,971992719,Edgar,Lledo,13461
115614,744847476,Martin,Menendez,13462
115615,147775919,Teofilo,Amo,13463
115616,704135873,Nadia,Uriarte,13464
115617,819796378,Adalberto,Barrios,13465
115618,788037109,Alberto,Julia,13466
115619,598975114,Laura,Blanch,13467
115620,272259349,Lidia,Rebollo,13468
115621,475103564,Raquel,Ibanez,13469
115622,611389259,Pascual,Gimeno,13470
115623,332035629,Amancio,Macias,13471
115624,661730647,Pancho,Castaneda,13472
115625,798570200,Aurelia,Amores,13473
115626,982233707,Maxima,Lucena,13474
115627,126682460,Cecilio,Pinol,13475
115628,903703864,Morena,Corbacho,13476
115629,940749928,Amaya,Suarez,13477
115630,111144162,Nerea,Roman,13478
115631,810610143,Daniela,Rodrigo,13479
115632,445509937,Iker,Granados,13480
115633,520328408,Gustavo,Rico,13481
115634,366190251,Fabiana,Francisco,13482
115635,473153721,Porfirio,Aznar,13483
115636,159368561,Dionisia,Lujan,13484
115637,974971263,Vilma,Lamas,13485
115638,195276196,Eugenia,Jover,13486
115639,894124990,Xiomara,Gil,13487
115640,648737996,Leocadio,Segui,13488
115641,690708706,Lorena,Torre,13489
115642,330179092,Narcisa,Almansa,13490
115643,821911922,Agustin,Frias,13491
115644,841039867,Julio,Perea,13492
115645,772265739,Ruperta,Vigil,13493
115646,709879824,Catalina,Valverde,13494
115647,286169793,Cristobal,Caro,13495
115648,568256694,Sosimo,Flor,13496
115649,369830275,Natalia,Palau,13497
115650,612042436,Alicia,Tenorio,13498
115651,411752272,Macarena,Garriga,13499
115652,550780806,Graciela,Ayllon,13500
115653,612213315,Alba,Alcalde,13501
115654,421823171,Noa,Villegas,13502
115655,716695099,Gaspar,Mariscal,13503
115656,476844047,Ines,Arregui,13504
115657,433719596,Toribio,Pedraza,13505
115658,524183826,Xiomara,Iniesta,13506
115659,292342338,Marcela,Marino,13507
115660,936630127,Oscar,Cueto,13508
115661,748302136,Carlos,Carvajal,13509
115662,336865581,Carlota,Guillen,13510
115663,666415918,Saturnina,Villena,13511
115664,120492450,Martirio,Galvan,13512
115665,417763688,Andres Felipe,Dieguez,13513
115666,356717916,Florencia,Mate,13514
115667,621886947,Lilia,Bejarano,13515
115668,709680490,Isaura,Mulet,13516
115669,355085636,Adelia,Tenorio,13517
115670,969411917,Hilario,Blanch,13518
115671,433552635,Corona,Villena,13519
115672,351197848,Calixta,Poza,13520
115673,668940815,Ariel,Dominguez,13521
115674,800859009,Gema,Riquelme,13522
115675,506417602,Paulina,Sancho,13523
115676,498025466,Julia,Villalobos,13524
115677,260123314,Leandra,Blazquez,13525
115678,947883709,Fabiana,Miranda,13526
115679,628615301,Pilar,Vargas,13527
115680,312493943,Wilfredo,Cal,13528
115681,440501319,Samanta,Ortiz,13529
115682,401061884,Dan,Yanez,13530
115683,637041307,Jose Antonio,Asensio,13531
115684,942845150,Pastor,Prado,13532
115685,316761245,Claudia,Baena,13533
115686,702429743,Perlita,Haro,13534
115687,478605190,Lorenza,Carrasco,13535
115688,465851800,Azahar,Almagro,13536
115689,476053946,Primitivo,Granados,13537
115690,633391817,Roman,Amat,13538
115691,659916931,Leonor,Roman,13539
115692,138769484,Felicia,Pardo,13540
115693,853680407,Rafael,Paredes,13541
115694,238617259,Alvaro,Huerta,13542
115695,782650120,Marianela,Requena,13543
115696,483631617,Estefania,Rueda,13544
115697,995138228,Antonia,Balaguer,13545
115698,103769261,Inocencio,Andres,13546
115699,573653386,Martin,Estevez,13547
115700,783265942,Cecilia,Mir,13548
115701,349276641,Segismundo,Patino,13549
115702,437771764,Estefania,Saldana,13550
115703,977673910,Josefa,Zamorano,13551
115704,110757717,Albano,Catala,13552
115705,838250953,Noelia,Canizares,13553
115706,316223836,Herminio,Valencia,13554
115707,973262360,Gil,Casanovas,13555
115708,501450428,Leandra,Montesinos,13556
115709,803582418,Romulo,Polo,13557
115710,272518367,Evangelina,Pedraza,13558
115711,269392801,Ismael,Leiva,13559
115712,618806433,Gervasio,Blanca,13560
115713,677046654,Josep,Bas,13561
115714,526545633,Blanca,Morante,13562
115715,865792654,Pia,Mendez,13563
115716,668142402,Andrea,Caceres,13564
115717,863421239,Josefa,Arribas,13565
115718,803073820,Marcela,Riera,13566
115719,981047664,Lourdes,Morcillo,13567
115720,851307530,Angela,Alvarez,13568
115721,428554349,Flor,Barcelo,13569
115722,761451120,Selena,Ferrera,13570
115723,961087874,Nidia,Alvarado,13571
115724,713201324,Luis,Anglada,13572
115725,546232076,Juan Jose,Ibanez,13573
115726,347833224,Encarnita,Espada,13574
115727,153988154,Dani,Simo,13575
115728,349624302,Lorenzo,Parejo,13576
115729,428730537,Emigdio,Aguilera,13577
115730,757481589,Juan Carlos,Anaya,13578
115731,880475565,Lucio,Castello,13579
115732,892861058,Lupita,Ribera,13580
115733,199938550,Maria Belen,Vazquez,13581
115734,758467918,Milagros,Menendez,13582
115735,861912721,Vicenta,Amoros,13583
115736,523988563,Haydee,Villalobos,13584
115737,610408269,Jimena,Sacristan,13585
115738,605012475,Gerardo,Leiva,13586
115739,930336152,Blanca,Plaza,13587
115740,683421291,Santos,Verdugo,13588
115741,652075310,Carlos,Vizcaino,13589
115742,806423237,Trinidad,Tellez,13590
115743,583682733,Macaria,Alegre,13591
115744,431179140,Paulino,Martinez,13592
115745,674767889,Gaston,Santamaria,13593
115746,810323403,Reina,Iniesta,13594
115747,993236306,Marc,Teruel,13595
115748,868871584,Clarisa,Roca,13596
115749,674942252,Angeles,Cazorla,13597
115750,364369985,Luisina,Carro,13598
115751,290136651,Eligio,Garmendia,13599
115752,557146366,Jessica,Tolosa,13600
115753,141441483,Jordi,Marquez,13601
115754,641527816,Jenny,Ariza,13602
115755,456834564,Borja,Aznar,13603
115756,371099610,Bernardo,Bayon,13604
115757,562061425,Salome,Salazar,13605
115758,292874546,Amador,Olive,13606
115759,883553248,Jordan,Marco,13607
115760,773172754,Ambar,Rius,13608
115761,291491402,Nereida,Colomer,13609
115762,689100036,Juan Bautista,Pino,13610
115763,196512961,Remigio,Andres,13611
115764,554347924,Otilia,Hoyos,13612
115765,748424731,Odalys,Rodrigo,13613
115766,382204251,Custodio,Pena,13614
115767,613056444,Rafa,Alberdi,13615
115768,356303387,Felicia,Rodriguez,13616
115769,117106657,Estrella,Sanabria,13617
115770,957279477,Camila,Sole,13618
115771,480925590,Virginia,Vera,13619
115772,885487413,Elisa,Valenciano,13620
115773,103953271,Baltasar,Raya,13621
115774,851381054,Heraclio,Guillen,13622
115775,977554873,Maristela,Pinto,13623
115776,159193790,Noe,Nevado,13624
115777,886222317,Matilde,Barrena,13625
115778,947509338,Concha,Velasco,13626
115779,533951670,Maite,Aguila,13627
115780,366034922,German,Mas,13628
115781,844581778,Ingrid,Tello,13629
115782,905714664,Ruth,Pena,13630
115783,189745893,Prudencio,Alcalde,13631
115784,483159448,Pepito,Nicolau,13632
115785,424659214,Cristian,Priego,13633
115786,102909733,Edmundo,Pi,13634
115787,150104508,Marcial,Coello,13635
115788,560495415,Eufemia,Bayo,13636
115789,112777646,Filomena,Macias,13637
115790,314140633,Silvia,Ramirez,13638
115791,356331711,Lorenzo,Gomis,13639
115792,549061394,Alex,Alberdi,13640
115793,626031035,Nazario,Barcena,13641
115794,702957435,Ceferino,Novoa,13642
115795,372269877,Anna,Diego,13643
115796,863364742,Vera,Jimenez,13644
115797,258465195,Pascuala,Ocana,13645
115798,192100323,Fidela,Jover,13646
115799,663925782,Maria Carmen,Ibarra,13647
115800,205612847,Remigio,Amo,13648
115801,149963802,Leyre,Aguila,13649
115802,621756952,Osvaldo,Bertran,13650
115803,495363466,Severiano,Mugica,13651
115804,755926406,Teofila,Llanos,13652
115805,990076080,Nicanor,Artigas,13653
115806,559004901,Lara,Ferreras,13654
115807,225888500,Urbano,Gallo,13655
115808,300075993,Leocadia,Solana,13656
115809,456033324,Claudia,Valentin,13657
115810,951513170,Xiomara,Jorda,13658
115811,228891568,Camilo,Mugica,13659
115812,119292846,Victoria,Ferrandez,13660
115813,661408857,Lola,Manso,13661
115814,864511093,Miguel Angel,Noguera,13662
115815,536848165,Roberto,Briones,13663
115816,573213739,Alejandro,Gomez,13664
115817,854477982,Eufemia,Alcalde,13665
115818,626345932,Maria Del Carmen,Caballero,13666
115819,466091978,Ramona,Pazos,13667
115820,664026997,Yago,Abascal,13668
115821,366610128,Pia,Parra,13669
115822,543198219,Victor Manuel,Canete,13670
115823,103019829,Amalia,Tomas,13671
115824,997414918,Baldomero,Samper,13672
115825,941253291,Palmira,Carro,13673
115826,934928389,Rosa,Cozar,13674
115827,467534172,Evita,Elias,13675
115828,228886984,Encarnita,Riquelme,13676
115829,115921675,Rufina,Estevez,13677
115830,815902054,Jacinto,Ariza,13678
115831,835666643,Bautista,Salinas,13679
115832,696946878,Odalis,Corbacho,13680
115833,224134022,Octavia,Sevillano,13681
115834,165599084,Adriana,Santos,13682
115835,811198166,Montserrat,Davila,13683
115836,945053146,Jordan,Muniz,13684
115837,880504656,Manuelita,Bautista,13685
115838,659372674,Nilo,Arrieta,13686
115839,739330892,Brunilda,Sabater,13687
115840,907604849,Leyre,Montes,13688
115841,104804640,Raul,Bello,13689
115842,694378253,Nacho,Exposito,13690
115843,672977243,Iker,Sabater,13691
115844,940601490,Reyes,Cozar,13692
115845,939493862,Cruz,Catala,13693
115846,903029598,Miguela,Borras,13694
115847,688665444,Paulino,Rossello,13695
115848,930389039,Nazaret,Pol,13696
115849,956653346,Teo,Ballesteros,13697
115850,655342625,Regina,Pintor,13698
115851,760054236,Pedro,Salom,13699
115852,790994202,Sara,Manrique,13700
115853,999445504,Roberto,Calzada,13701
115854,505969145,Montserrat,Rocha,13702
115855,404941069,Ainoa,Ribera,13703
115856,823449303,Macarena,Barrena,13704
115857,556473870,Modesto,Sanchez,13705
115858,554822311,Virginia,Carvajal,13706
115859,879333480,Teresa,Valcarcel,13707
115860,931708044,Azahara,Jerez,13708
115861,837317311,Jose Luis,Paniagua,13709
115862,247218816,Manu,Tenorio,13710
115863,468750593,Evelia,Elias,13711
115864,448692440,Rosa Maria,Gallego,13712
115865,195070906,Rogelio,Canellas,13713
115866,947834226,Evita,Tovar,13714
115867,188014199,Leon,Real,13715
115868,201540718,Lucio,Gomis,13716
115869,492469965,Nacio,Llabres,13717
115870,866802503,Guadalupe,Cozar,13718
115871,229603250,Manu,Aguilera,13719
115872,591974959,Timoteo,Plana,13720
115873,862264924,Manuel,Beltran,13721
115874,965762006,Isidora,Canet,13722
115875,463016384,Dorita,Vicente,13723
115876,970466826,Faustino,Bas,13724
115877,141769052,Joel,Esteve,13725
115878,860628212,Nacio,Toro,13726
115879,211451921,Tristan,Gimenez,13727
115880,335940343,Jose Luis,Vargas,13728
115881,828880012,Aitana,Duran,13729
115882,825623556,Celestino,Lorenzo,13730
115883,617990115,Belen,Ortega,13731
115884,694027433,Damian,Estevez,13732
115885,672787704,Maricela,Rius,13733
115886,644882042,Sol,Millan,13734
115887,259054244,Marianela,Julia,13735
115888,440089298,Ruperta,Zabaleta,13736
115889,157069779,Baltasar,Asenjo,13737
115890,627936177,Leonardo,Aleman,13738
115891,668388189,Bienvenida,Leon,13739
115892,914360252,Rosalina,Escribano,13740
115893,288276340,Olalla,Rey,13741
115894,893489467,Teresita,Velazquez,13742
115895,576035710,Zaida,Segovia,13743
115896,959976565,Jose Angel,Vilalta,13744
115897,150707117,Hilario,Recio,13745
115898,522071575,Julio Cesar,Ayllon,13746
115899,871128646,Martin,Bayona,13747
115900,792255173,Juan Francisco,Gonzalo,13748
115901,949318282,Rosalinda,Saavedra,13749
115902,818681407,Ariadna,Merino,13750
115903,897145589,Tomasa,Olivera,13751
115904,858789713,Gaspar,Paniagua,13752
115905,791724910,Jose Mari,Ruiz,13753
115906,612432950,Elba,Clemente,13754
115907,911848292,Jaime,Ramos,13755
115908,681609947,Nelida,Colom,13756
115909,530676347,Purificacion,Zamora,13757
115910,935328953,Ovidio,Balaguer,13758
115911,401703178,Emelina,Robles,13759
115912,668538948,Nacio,Alvaro,13760
115913,851061113,Gil,Cid,13761
115914,347617168,Cristina,Torrijos,13762
115915,201654833,Nilo,Blanes,13763
115916,546679676,Nerea,Iglesia,13764
115917,863344150,Andres,Alsina,13765
115918,657615356,Felipa,Camacho,13766
115919,643823418,Melania,Manzanares,13767
115920,811634886,Julian,Rincon,13768
115921,886278080,Encarnita,Moles,13769
115922,123035632,Andrea,Zamorano,13770
115923,643742282,Bartolome,Solis,13771
115924,849459471,Bonifacio,Boada,13772
115925,134067425,Venceslas,Mancebo,13773
115926,206464814,Candida,Olivera,13774
115927,427308181,Tecla,Navas,13775
115928,169006287,Ulises,Nogues,13776
115929,633226164,Adalberto,Davila,13777
115930,902670315,Feliciana,Yuste,13778
115931,357790551,Norberto,Ocana,13779
115932,968377400,Maite,Rocamora,13780
115933,987249499,Olivia,Lastra,13781
115934,728608465,Evaristo,Bou,13782
115935,952024965,Maria Luisa,Checa,13783
115936,779733308,Valentina,Ferrero,13784
115937,680942298,Anastasia,Clemente,13785
115938,456054460,Susanita,Solana,13786
115939,627390008,Jose Angel,Montoya,13787
115940,186916166,Maxima,Vera,13788
115941,248718890,Beatriz,Banos,13789
115942,770747590,Anna,Boix,13790
115943,739453256,Estrella,Sobrino,13791
115944,798295188,Soledad,Pedro,13792
115945,967058015,Leon,Aranda,13793
115946,742042514,Joel,Canet,13794
115947,437841671,Sol,Amaya,13795
115948,777355976,Valeria,Pinilla,13796
115949,272818150,Baudelio,Medina,13797
115950,931973924,Paz,Oliveras,13798
115951,146314424,Leonardo,Pelayo,13799
115952,341374418,Fermin,Mendizabal,13800
115953,901930949,Yesica,Davila,13801
115954,792376661,Lupita,Cervantes,13802
115955,959916044,Maria Dolores,Prada,13803
115956,176685734,Adan,Peralta,13804
115957,683612172,Amaro,Bastida,13805
115958,606901424,Tristan,Calatayud,13806
115959,439468007,Dimas,Camps,13807
115960,697346550,Maristela,Pera,13808
115961,652826936,Cesar,Patino,13809
115962,170157801,Ovidio,Pena,13810
115963,329448241,Poncio,Gonzalez,13811
115964,845382361,Faustino,Portero,13812
115965,275220575,Javier,Laguna,13813
115966,369249784,Eloy,Carvajal,13814
115967,605150741,Lidia,Tur,13815
115968,662598628,Adelia,Villar,13816
115969,263515341,Inigo,Calatayud,13817
115970,331587959,Leoncio,Llorente,13818
115971,910269052,Ileana,Zorrilla,13819
115972,916803338,Heraclio,Herranz,13820
115973,785174935,Cesar,Garrido,13821
115974,640977934,Ciro,Vergara,13822
115975,963044302,Rodrigo,Artigas,13823
115976,717971400,Ruben,Calvet,13824
115977,671923306,Leire,Canals,13825
115978,645776779,Mireia,Ferrera,13826
115979,786482992,Paulina,Machado,13827
115980,579825088,Octavia,Guillen,13828
115981,928907895,Dario,Canton,13829
115982,520718149,Josefina,Alvarez,13830
115983,602840540,Gisela,Torre,13831
115984,665092371,Roberto,Bolanos,13832
115985,293570996,Rene,Tirado,13833
115986,441692860,Maria Dolores,Casal,13834
115987,539700859,Domingo,Baena,13835
115988,104764308,Maria Manuela,Arroyo,13836
115989,744897029,Urbano,Baeza,13837
115990,233993401,Noemi,Rocamora,13838
115991,366915453,Maria Luisa,Almeida,13839
115992,399580455,Sabina,Gordillo,13840
115993,852363497,Isaac,Campillo,13841
115994,465490677,Tomasa,Jimenez,13842
115995,790267726,Dorita,Franco,13843
115996,147092825,Cornelio,Aroca,13844
115997,640124596,Ezequiel,Palomares,13845
115998,576284318,Narcisa,Alvarez,13846
115999,719483193,Candida,Cerdan,13847
116000,797615467,Cecilia,Valbuena,13848
116001,449036878,Oriana,Morell,13849
116002,250934719,Emilio,Alsina,13850
116003,926994949,Viviana,Arevalo,13851
116004,299451011,Curro,Duran,13852
116005,662648860,Marco,Carreras,13853
116006,857947319,German,Prats,13854
116007,342518179,Mohamed,Carmona,13855
116008,640188110,Raul,Banos,13856
116009,445671270,Anna,Toledo,13857
116010,854536491,Julio,Plana,13858
116011,899035709,Maxi,Sala,13859
116012,480780936,Raimundo,Mate,13860
116013,867347692,Dafne,Contreras,13861
116014,480357568,Cirino,Ramirez,13862
116015,371716567,Rafael,Portero,13863
116016,917103273,Venceslas,Iglesia,13864
116017,983330633,Rico,Gibert,13865
116018,970519847,Irma,Lamas,13866
116019,897496870,Tania,Salmeron,13867
116020,539095218,Hector,Santana,13868
116021,533492352,Prudencio,Moles,13869
116022,797949150,Yesica,Reguera,13870
116023,533893370,Ofelia,Salgado,13871
116024,186080690,Eric,Bermudez,13872
116025,573372862,Timoteo,Murillo,13873
116026,595196412,Epifanio,Fabregat,13874
116027,155657800,Amilcar,Sanmiguel,13875
116028,972870521,Saturnina,Company,13876
116029,102047269,Berto,Luque,13877
116030,794946463,Haydee,Batalla,13878
116031,512090622,Francisco,Almeida,13879
116032,505824913,Clotilde,Buendia,13880
116033,730138182,Jaime,Anglada,13881
116034,646915433,Lorenzo,Roma,13882
116035,915186604,Africa,Sosa,13883
116036,690948742,Jacinta,Puente,13884
116037,452649157,Leopoldo,Estevez,13885
116038,226599457,Candido,Pino,13886
116039,691851936,Edmundo,Exposito,13887
116040,716300217,Maria Jesus,Marmol,13888
116041,469891069,Buenaventura,Melendez,13889
116042,638175198,Alonso,Marmol,13890
116043,360749420,Blanca,Estrada,13891
116044,942703799,Espiridion,Chaves,13892
116045,721861241,Vidal,Alsina,13893
116046,442053032,Aurelia,Galan,13894
116047,523543298,Felipe,Buendia,13895
116048,306207330,Noelia,Mari,13896
116049,216442344,Rogelio,Collado,13897
116050,431050798,Natividad,Vilar,13898
116051,965023679,Laura,Tolosa,13899
116052,770237192,Ileana,Bayo,13900
116053,355614806,Gonzalo,Alberola,13901
116054,288576348,Candela,Estrada,13902
116055,241335406,Juan Pablo,Menendez,13903
116056,883920657,Chuy,Moles,13904
116057,776245868,Feliciano,Amador,13905
116058,519094580,Etelvina,Hoyos,13906
116059,886223507,Esmeralda,Fernandez,13907
116060,289825723,Abilio,Castro,13908
116061,822801632,Victor,Domingo,13909
116062,702838870,Lidia,Cardona,13910
116063,569178108,Soledad,Cespedes,13911
116064,384634660,Delia,Peinado,13912
116065,176832349,Agapito,Gomez,13913
116066,978607190,Tristan,Luz,13914
116067,381203242,Renata,Mugica,13915
116068,492486798,Juan Luis,Valverde,13916
116069,985196061,Nieves,Arnau,13917
116070,462159109,Amilcar,Peinado,13918
116071,931790284,Aurelia,Rosado,13919
116072,900154838,Emma,Varela,13920
116073,784938972,Maximiliano,Rico,13921
116074,779257800,Manu,Cisneros,13922
116075,647244047,Carmelo,Bayo,13923
116076,208525755,Walter,Ordonez,13924
116077,319521945,Selena,Alarcon,13925
116078,357932006,Griselda,Llano,13926
116079,187301507,Nydia,Mugica,13927
116080,455143362,Chuy,Garces,13928
116081,360564726,Jacinto,Bueno,13929
116082,574983020,Sosimo,Cardona,13930
116083,460299150,Joan,Casal,13931
116084,973886909,Pepito,Patino,13932
116085,645212524,Miriam,Arco,13933
116086,496356490,Marcela,Pina,13934
116087,166894829,Cristobal,Francisco,13935
116088,198082791,Balduino,Arenas,13936
116089,463000327,Sancho,Adan,13937
116090,868485358,Etelvina,Boix,13938
116091,982319864,Telmo,Alcaraz,13939
116092,255205310,Noa,Marin,13940
116093,744673103,Chita,Gisbert,13941
116094,360768886,Piedad,Ferrera,13942
116095,743251665,Borja,Fabregas,13943
116096,284752658,Calista,Somoza,13944
116097,232439660,Melchor,Galiano,13945
116098,227092737,Noelia,Cordero,13946
116099,898904838,Paula,Losa,13947
116100,207176870,Candelario,Garcia,13948
116101,202590624,Dani,Daza,13949
116102,498307147,Agueda,Jorda,13950
116103,568176978,Marcos,Nunez,13951
116104,849432852,Claudio,Segovia,13952
116105,453213144,Hector,Frias,13953
116106,709019888,Fabiana,Linares,13954
116107,942921218,Maribel,Barba,13955
116108,339345186,Adan,Pinilla,13956
116109,555153137,Isa,Diego,13957
116110,459095843,Margarita,Gomez,13958
116111,165379934,Josefa,Castell,13959
116112,522647099,Trinidad,Goni,13960
116113,768607792,Rosalia,Frias,13961
116114,146698049,Adrian,Manzanares,13962
116115,763620049,Dominga,Lamas,13963
116116,445280842,America,Coll,13964
116117,408238647,Timoteo,Ballesteros,13965
116118,451596195,Roldan,Arroyo,13966
116119,696590589,Encarnacion,Pozo,13967
116120,869113359,Regulo,Santamaria,13968
116121,865000913,Marcia,Figueras,13969
116122,600107787,Estela,Aguilo,13970
116123,187918578,Teobaldo,Huguet,13971
116124,591070553,Maria Pilar,Valbuena,13972
116125,480671186,Francisco,Muniz,13973
116126,978711155,Cleto,Llado,13974
116127,368993086,Feliciano,Yuste,13975
116128,275835284,Miguel Angel,Bonilla,13976
116129,114801435,Gema,Almansa,13977
116130,550514594,Marina,Abascal,13978
116131,684779673,Albina,Rivero,13979
116132,469307507,Emperatriz,Somoza,13980
116133,452209010,Roque,Mur,13981
116134,565537128,Belen,Heredia,13982
116135,244588339,Maximo,Cabanas,13983
116136,327879227,Agustin,Llabres,13984
116137,564523121,Ambar,Valverde,13985
116138,849576436,Fabiola,Pineda,13986
116139,685793633,Ambar,Perez,13987
116140,855241413,Buenaventura,Rocamora,13988
116141,998875277,Juanito,Girona,13989
116142,640289762,Fulgencio,Gibert,13990
116143,166752705,Aaron,Rosello,13991
116144,680465339,Flavio,Barreda,13992
116145,656629051,Albert,Feijoo,13993
116146,819176721,Severiano,Mulet,13994
116147,493433939,Eva,Andreu,13995
116148,986040529,Florinda,Tudela,13996
116149,118641942,Maria,Julian,13997
116150,888033283,Mario,Canals,13998
116151,326597699,Elisa,Canas,13999
116152,875600001,Toribio,Vilalta,14000
116153,137456508,Virgilio,Nebot,14001
116154,597235921,Luisina,Morell,14002
116155,190787834,Victorino,Sans,14003
116156,383537920,Heriberto,Tena,14004
116157,225428305,Gertrudis,Rossello,14005
116158,677103134,Claudio,Bou,14006
116159,909584679,Ruperta,Uribe,14007
116160,723374634,Jose Manuel,Landa,14008
116161,837339266,Bonifacio,Barbero,14009
116162,961880649,Paulino,Bustamante,14010
116163,339496524,Maxi,Marquez,14011
116164,810344957,Luciana,Jorda,14012
116165,735404870,Hipolito,Raya,14013
116166,289058302,Olegario,Cornejo,14014
116167,775088783,Clotilde,Tirado,14015
116168,128630951,Moises,Nunez,14016
116169,509513609,Ceferino,Terron,14017
116170,592441959,Luciano,Bertran,14018
116171,812857061,Enrique,Sevilla,14019
116172,268632625,Andres,Belda,14020
116173,875015960,Lino,Pera,14021
116174,630983042,Toribio,Palma,14022
116175,570379931,Pia,Riquelme,14023
116176,919310779,Gil,Tur,14024
116177,947986275,Maximino,Segui,14025
116178,375399964,Andres Felipe,Higueras,14026
116179,534693457,Pastor,Lasa,14027
116180,301009926,Yago,Montenegro,14028
116181,890490226,Cirino,Bolanos,14029
116182,735122277,Mirta,Roldan,14030
116183,130900139,Antonia,Sedano,14031
116184,977467728,Ramon,Puga,14032
116185,176766912,Bernardita,Busquets,14033
116186,808959136,Consuelo,Sabater,14034
116187,398887800,Jonatan,Fajardo,14035
116188,322202460,Leocadio,Castro,14036
116189,793837462,Fermin,Vazquez,14037
116190,228427513,Fidela,Ros,14038
116191,604707618,Nando,Cabo,14039
116192,989909165,Fulgencio,Uria,14040
116193,124142924,Apolonia,Novoa,14041
116194,625906568,Jesus,Villa,14042
116195,767905636,Lola,Torrecilla,14043
116196,868766817,Carmina,Quiros,14044
116197,719302829,Alex,Escriva,14045
116198,371319632,Francisco Jose,Salgado,14046
116199,979790671,Fernanda,Rojas,14047
116200,251765806,Romulo,Alegria,14048
116201,641000562,Isaura,Vilalta,14049
116202,254390355,Maria Manuela,Acero,14050
116203,609758629,Candela,Caballero,14051
116204,149255469,Griselda,Tejero,14052
116205,634614929,Jose Carlos,Otero,14053
116206,897299563,Sol,Hoyos,14054
116207,573241626,Marcio,Luna,14055
116208,476905297,Oscar,Castillo,14056
116209,415796633,Adelina,Pina,14057
116210,534096288,Alma,Pulido,14058
116211,936191964,Claudia,Oliva,14059
116212,293931591,Nazaret,Alvarez,14060
116213,910660086,Ana Sofia,Amoros,14061
116214,493825116,Arcelia,Pont,14062
116215,502723642,Rosario,Roldan,14063
116216,572941616,Anna,Aliaga,14064
116217,655936270,Victorino,Sales,14065
116218,642560074,Isaura,Verdugo,14066
116219,506945879,Francisco,Salva,14067
116220,753957368,Lupe,Catala,14068
116221,122989580,Lisandro,Velasco,14069
116222,808061092,Adelaida,Bernal,14070
116223,161363023,Carmina,Farre,14071
116224,918557681,Juan Antonio,Segarra,14072
116225,569141444,Eufemia,Carreno,14073
116226,815454920,Chita,Espada,14074
116227,247909600,Maribel,Urrutia,14075
116228,611126254,Jose Antonio,Leiva,14076
116229,776887470,Rosalia,Sales,14077
116230,402009599,Maria Belen,Barco,14078
116231,479435491,Primitivo,Ordonez,14079
116232,309557678,Amanda,Ibanez,14080
116233,373843595,Jesusa,Checa,14081
116234,794743742,Camilo,Robledo,14082
116235,308282600,Jose Luis,Aramburu,14083
116236,513573388,Hector,Arellano,14084
116237,815429279,Azahar,Redondo,14085
116238,750585519,Martina,Antunez,14086
116239,756482825,Edgardo,Llanos,14087
116240,602655129,Laura,Mayo,14088
116241,329490805,Consuelo,Duque,14089
116242,910456843,Aurora,Cobos,14090
116243,600482872,Humberto,Soler,14091
116244,124178645,Joaquin,Portillo,14092
116245,698454781,Melchor,Acero,14093
116246,461803791,Pepito,Orozco,14094
116247,247874382,Nazaret,Moran,14095
116248,493136887,Raimundo,Lorenzo,14096
116249,882748674,Omar,Porta,14097
116250,927219876,Amancio,Carreno,14098
116251,957871344,Desiderio,Cardenas,14099
116252,987011558,Elisa,Galvan,14100
116253,439624836,Eugenia,Gimeno,14101
116254,114250757,Lucas,Cuesta,14102
116255,942042129,Natanael,Valverde,14103
116256,358004618,Julio,Pelaez,14104
116257,858831442,Encarna,Sabater,14105
116258,725477509,Ildefonso,Cueto,14106
116259,391290041,Gaspar,Pomares,14107
116260,361368247,Javier,Serna,14108
116261,654725008,Natanael,Segovia,14109
116262,927344983,Eloisa,Tomas,14110
116263,829744552,Mohamed,Gonzalo,14111
116264,583395407,Romulo,Roldan,14112
116265,464097145,Adriana,Alonso,14113
116266,526779934,Noe,Palomares,14114
116267,848108145,Carmina,Carbo,14115
116268,878341510,Florencia,Garcia,14116
116269,444774180,Rufino,Ferrero,14117
116270,444521506,Georgina,Adan,14118
116271,556991844,Paulino,Ortega,14119
116272,188756566,Teodoro,Bonilla,14120
116273,338195466,Barbara,Roura,14121
116274,693035641,Marianela,Company,14122
116275,237323223,Victoriano,Pacheco,14123
116276,600826477,Mayte,Estevez,14124
116277,495514016,Timoteo,Saura,14125
116278,211697656,Alvaro,Jordan,14126
116279,281716092,Guadalupe,Calzada,14127
116280,334474274,Blas,Hervia,14128
116281,409274982,Maria Belen,Mate,14129
116282,297778842,Francisco Jose,Ugarte,14130
116283,814332191,Haydee,Camino,14131
116284,603454660,Marc,Ramis,14132
116285,820139089,Alba,Gabaldon,14133
116286,591277726,Jose Antonio,Bas,14134
116287,753542313,Ani,Anguita,14135
116288,502617966,Susanita,Llopis,14136
116289,363863257,Domingo,Quero,14137
116290,562752257,Anacleto,Costa,14138
116291,152154291,Maria,Conde,14139
116292,641912798,Nazaret,Casado,14140
116293,373479083,Teodora,Saez,14141
116294,216341976,Alba,Alberola,14142
116295,207570329,Nazaret,Nadal,14143
116296,278918461,Pancho,Sotelo,14144
116297,545581191,Apolinar,Solsona,14145
116298,642274663,Febe,Benavent,14146
116299,713634359,Luz,Llanos,14147
116300,993807050,Isabela,Ferreras,14148
116301,387581580,Juanita,Recio,14149
116302,580334724,Judith,Pedro,14150
116303,947302883,Javier,Muro,14151
116304,568184573,Edu,Dieguez,14152
116305,473896022,Rosalva,Diaz,14153
116306,462398032,Fortunato,Cabanas,14154
116307,696414685,Julie,Ferrer,14155
116308,457198513,Agustin,Colom,14156
116309,627269057,Fidel,Berrocal,14157
116310,831261922,Manolo,Escribano,14158
116311,996470566,Quirino,Baquero,14159
116312,546258770,Araceli,Guerra,14160
116313,855866333,Clementina,Gallo,14161
116314,232294557,Chelo,Pujol,14162
116315,403878021,Luis Miguel,Acuna,14163
116316,992053400,Josep,Becerra,14164
116317,161955325,Fabian,Chaparro,14165
116318,163064917,Beatriz,Franco,14166
116319,322577150,Carmen,Marti,14167
116320,491383913,Leocadia,Comas,14168
116321,788586578,Fabiana,Navarro,14169
116322,396050855,Chema,Quiros,14170
116323,440235991,Adela,Perea,14171
116324,813817830,Gema,Carnero,14172
116325,316434874,Leandra,Varela,14173
116326,261888707,Maria Belen,Urrutia,14174
116327,402572876,Reynaldo,Sevilla,14175
116328,483159419,Gerardo,Sandoval,14176
116329,687753955,Jose,Castillo,14177
116330,299471507,Telmo,Sanmartin,14178
116331,119880459,Teobaldo,Madrigal,14179
116332,967365093,Graciana,Posada,14180
116333,743288107,Vicenta,Rueda,14181
116334,797402923,Oscar,Chamorro,14182
116335,870053415,Eric,Azcona,14183
116336,551955068,Odalis,Arenas,14184
116337,554935176,Ramiro,Feijoo,14185
116338,596771893,Cruz,Abril,14186
116339,197467304,Macaria,Ricart,14187
116340,918613855,Roman,Marin,14188
116341,673535704,Emiliana,Escribano,14189
116342,672080574,Elvira,Perales,14190
116343,470644618,Eugenio,Rivero,14191
116344,564212055,Maricela,Guillen,14192
116345,624063721,Cayetano,Rivas,14193
116346,383343174,Clotilde,Barcelo,14194
116347,130532543,Maria Luisa,Zabaleta,14195
116348,841523732,Ignacia,Carbajo,14196
116349,488281264,Alejandro,Olmedo,14197
116350,581964042,Nazaret,Canovas,14198
116351,494799260,Alicia,Sobrino,14199
116352,657399888,Matilde,Lorenzo,14200
116353,276677579,Odalis,Tudela,14201
116354,734030847,Baltasar,Pinedo,14202
116355,436115844,Gabriel,Portero,14203
116356,763444222,Asdrubal,Mate,14204
116357,132382456,Jonatan,Rosello,14205
116358,789072132,Chelo,Flores,14206
116359,612792783,Rosalia,Villalobos,14207
116360,202221013,Tristan,Colomer,14208
116361,292372615,Ariel,Barriga,14209
116362,255762910,Ofelia,Reina,14210
116363,159561680,Alma,Barrena,14211
116364,201626357,Lucas,Diez,14212
116365,836723915,Roldan,Santiago,14213
116366,924557295,Pepita,Pages,14214
116367,746520051,Leire,Manzanares,14215
116368,630630168,Berta,Martorell,14216
116369,126052111,Serafina,Matas,14217
116370,591252139,Rosario,Marcos,14218
116371,158608268,Maximo,Salmeron,14219
116372,349799733,Gervasio,Garzon,14220
116373,872763151,Basilio,Roura,14221
116374,102013000,Luna,Paez,14222
116375,878946986,Rita,Pozuelo,14223
116376,649613288,Nilo,Sanabria,14224
116377,213736538,Cloe,Boada,14225
116378,516616460,Valeria,Montalban,14226
116379,735855332,Isidoro,Casas,14227
116380,674182934,Pastora,Amigo,14228
116381,847509957,Evangelina,Manzanares,14229
116382,493586161,Fatima,Exposito,14230
116383,956686984,Jose Angel,Leiva,14231
116384,941375844,Feliciano,Cabanillas,14232
116385,892019987,Olimpia,Montserrat,14233
116386,672677781,Emiliana,Salom,14234
116387,167635395,Loreto,Giner,14235
116388,533087950,Teodoro,Porras,14236
116389,414252404,Xavier,Merino,14237
116390,548098147,Candelario,Azorin,14238
116391,200128825,Liliana,Salgado,14239
116392,424041375,Macario,Torre,14240
116393,691260100,Joaquin,Bermudez,14241
116394,479983847,Miguel,Gracia,14242
116395,466162617,Olalla,Conesa,14243
116396,601218326,Pablo,Tirado,14244
116397,267295026,Saturnino,Abella,14245
116398,461994744,Alicia,Collado,14246
116399,862823148,Carmen,Alberto,14247
116400,822813136,Vicente,Pardo,14248
116401,237829311,Renata,Barba,14249
116402,674978990,Nilo,Tome,14250
116403,536875581,Alex,Baeza,14251
116404,840040235,Vera,Verdugo,14252
116405,818210879,Marisol,Pelayo,14253
116406,917101838,Ramona,Ribes,14254
116407,152548344,Jose Antonio,Quero,14255
116408,681947787,Danilo,Aguilar,14256
116409,449269367,Flavia,Camps,14257
116410,376885479,Ignacio,Valderrama,14258
116411,703201759,Heriberto,Jorda,14259
116412,805343826,Gerardo,Silva,14260
116413,133677991,Sabas,Casals,14261
116414,270022309,Jose Carlos,Juan,14262
116415,586922974,Armida,Falco,14263
116416,466996394,Eugenia,Porcel,14264
116417,730330276,Pablo,Frias,14265
116418,115354852,Che,Manrique,14266
116419,641347362,Mireia,Cabo,14267
116420,206155374,Valeria,Frutos,14268
116421,850830979,Lupe,Santamaria,14269
116422,981872509,America,Valenzuela,14270
116423,271634796,Alejandra,Gonzalez,14271
116424,770233679,Faustino,Roda,14272
116425,550762437,Haydee,Villanueva,14273
116426,140716714,Timoteo,Vendrell,14274
116427,361613732,Leticia,Canovas,14275
116428,647160771,Urbano,Real,14276
116429,762748437,Chita,Casals,14277
116430,426607791,Samanta,Cabanillas,14278
116431,473931227,Eliana,Cabo,14279
116432,281972438,Nacio,Bilbao,14280
116433,479378197,Amaro,Mendoza,14281
116434,278032766,Aurelio,Ibanez,14282
116435,612687031,Adelia,Cisneros,14283
116436,746889230,Jose Manuel,Arteaga,14284
116437,136405152,Graciana,Caro,14285
116438,479891502,Arsenio,Morales,14286
116439,658696670,Ursula,Jove,14287
116440,222407715,Iban,Cadenas,14288
116441,595283601,Susanita,Vall,14289
116442,569134734,Candida,Mateo,14290
116443,847734674,Manu,Carvajal,14291
116444,822435625,Anunciacion,Guillen,14292
116445,609527281,Urbano,Galvan,14293
116446,534638074,Noe,Puig,14294
116447,290774405,Ainara,Castrillo,14295
116448,462296223,Timoteo,Caballero,14296
116449,384342543,Nadia,Belmonte,14297
116450,634710038,Eli,Valentin,14298
116451,609336669,Pascuala,Borras,14299
116452,487563371,Roldan,Manzanares,14300
116453,497507391,Ingrid,Calderon,14301
116454,524736487,Reina,Cabo,14302
116455,407245579,Pia,Acedo,14303
116456,880664830,Valentina,Valdes,14304
116457,264555979,Amada,Carretero,14305
116458,324535797,Encarna,Sevilla,14306
116459,746381038,Ramona,Pellicer,14307
116460,876084061,Candido,Fuentes,14308
116461,523648653,Prudencio,Parra,14309
116462,476926584,Evelia,Marcos,14310
116463,563638161,Febe,Requena,14311
116464,309595503,Manolo,Moya,14312
116465,307934803,Bibiana,Portero,14313
116466,521784795,Edelmira,Portillo,14314
116467,509864744,Isidora,Cruz,14315
116468,311536217,Adalberto,Reina,14316
116469,161549668,Encarnita,Pont,14317
116470,887126110,Luna,Camps,14318
116471,585158473,Noa,Salvador,14319
116472,586353548,Narcisa,Planas,14320
116473,612331877,Adan,Francisco,14321
116474,102957849,Ligia,Pallares,14322
116475,501762276,Candelas,Losada,14323
116476,947172619,Asdrubal,Riba,14324
116477,341948575,Sabina,Trillo,14325
116478,893389731,Silvio,Batalla,14326
116479,473827630,Eva Maria,Romeu,14327
116480,625432713,Angeles,Talavera,14328
116481,650664520,Carla,Jordan,14329
116482,734861300,Eligia,Pera,14330
116483,541690259,Felicia,Aleman,14331
116484,446234548,Herminia,Talavera,14332
116485,582535738,Ricardo,Garcia,14333
116486,735587216,Heriberto,Lucena,14334
116487,566916906,Marc,Alegria,14335
116488,559320104,Sebastian,Soria,14336
116489,419425023,Odalys,Gutierrez,14337
116490,917700328,Trinidad,Botella,14338
116491,449871399,Miguel,Caparros,14339
116492,206313954,Amilcar,Pedrosa,14340
116493,713310760,Angeles,Sabater,14341
116494,208595296,Manu,Arroyo,14342
116495,253251458,Faustino,Jimenez,14343
116496,177444644,Estela,Saenz,14344
116497,970042987,Jose Carlos,Mateos,14345
116498,689388261,Casemiro,Rubio,14346
116499,589622833,Samanta,Cabeza,14347
116500,319557780,Ainara,Ros,14348
116501,317785926,Maria Carmen,Donaire,14349
116502,656059454,Elvira,Bermejo,14350
116503,772033882,Benigno,Oller,14351
116504,173788056,Xavier,Luis,14352
116505,476246279,Amelia,Lledo,14353
116506,908052034,Debora,Perello,14354
116507,513171716,Felipe,Merino,14355
116508,558068522,Salud,Pons,14356
116509,407092802,Eli,Blazquez,14357
116510,951191634,Eusebia,Nino,14358
116511,372243617,Miguel,Polo,14359
116512,731757274,Jose Luis,Orozco,14360
116513,835879698,Nereida,Valle,14361
116514,835847539,Gaston,Fuentes,14362
116515,265339392,Moises,Blanes,14363
116516,298622654,Marta,Segovia,14364
116517,489232947,Genoveva,Roma,14365
116518,130423191,Susana,Cifuentes,14366
116519,547799840,Ariel,Ferrandiz,14367
116520,886560114,Ildefonso,Busquets,14368
116521,273408922,Patricio,Rovira,14369
116522,731961156,Leonardo,Soler,14370
116523,778953013,Edelmira,Tello,14371
116524,850655544,Marisa,Carrera,14372
116525,542160405,Encarnacion,Lillo,14373
116526,204460544,Chema,Cadenas,14374
116527,849795973,Francisco,Carbajo,14375
116528,549909791,Dionisia,Seco,14376
116529,827089428,Amado,Guardiola,14377
116530,963168391,Maria Fernanda,Fernandez,14378
116531,779714277,Pia,Tamarit,14379
116532,761558963,Ricarda,Santamaria,14380
116533,578002244,Nilda,Folch,14381
116534,212230978,Paola,Bayona,14382
116535,723123736,Amanda,Briones,14383
116536,150812195,Olegario,Arce,14384
116537,957389840,Charo,Juarez,14385
116538,600056059,Eloy,Taboada,14386
116539,338719237,Cristian,Font,14387
116540,517131036,Saturnino,Rios,14388
116541,356524828,Rosalinda,Rio,14389
116542,114200776,Pascual,Zamorano,14390
116543,782065915,Crescencia,Guitart,14391
116544,129152383,Maria Angeles,Fortuny,14392
116545,510904154,Nazaret,Elorza,14393
116546,511934779,Dorotea,Ayllon,14394
116547,843065496,Mariana,Iglesia,14395
116548,198126170,Emilia,Velasco,14396
116549,584889522,Clotilde,Asensio,14397
116550,997667765,Loreto,Barral,14398
116551,996385816,Rogelio,Zamorano,14399
116552,127462875,Cayetana,Zaragoza,14400
116553,923680903,Herminio,Morales,14401
116554,176721301,Melisa,Marino,14402
116555,575927289,Fortunata,Barrio,14403
116556,592121137,Agueda,Sabater,14404
116557,470601365,Gala,Lloret,14405
116558,771675621,Ismael,Vicens,14406
116559,824198653,Merche,Porcel,14407
116560,558359923,Vasco,Blanch,14408
116561,705423638,Regina,Cerda,14409
116562,766362069,Jose Manuel,Escamilla,14410
116563,843076695,Amanda,Jove,14411
116564,389179767,Elena,Vilar,14412
116565,355895685,Felix,Anguita,14413
116566,380398388,Fabio,Ayllon,14414
116567,606042817,Maria Pilar,Salom,14415
116568,690146763,Fanny,Llopis,14416
116569,694492638,Dolores,Fernandez,14417
116570,772388138,Mariana,Cerda,14418
116571,177938605,Alicia,Duran,14419
116572,159646140,Carlito,Ramirez,14420
116573,102750398,Manuelita,Herrera,14421
116574,193648912,Vicenta,Banos,14422
116575,924083458,Benjamin,Pou,14423
116576,905774753,Vicenta,Mur,14424
116577,597737494,Tamara,Llorens,14425
116578,177325509,Basilio,Asenjo,14426
116579,436035308,Teofilo,Figuerola,14427
116580,746584760,Tecla,Fernandez,14428
116581,745918185,Severiano,Marin,14429
116582,663140609,Claudio,Collado,14430
116583,143689283,Edelmira,Barbero,14431
116584,274458613,Armida,Hernandez,14432
116585,982975386,Candelaria,Arteaga,14433
116586,712220775,Luis,Zorrilla,14434
116587,656237004,Rocio,Rubio,14435
116588,421683985,Lucas,Tejera,14436
116589,598622585,Edmundo,Almeida,14437
116590,853453788,Olegario,Villalonga,14438
116591,584165071,Julian,Carretero,14439
116592,311795589,Jaime,Pedro,14440
116593,123332132,Guillermo,Barranco,14441
116594,114698944,Elodia,Buendia,14442
116595,941583868,Brigida,Espada,14443
116596,480771581,Agueda,Sebastian,14444
116597,746878826,Guillermo,Menendez,14445
116598,749055958,Violeta,Martinez,14446
116599,900218977,Gaspar,Palomar,14447
116600,546340661,Odalis,Pla,14448
116601,794831313,Miguel,Estevez,14449
116602,300966415,Concepcion,Naranjo,14450
116603,296004093,Paula,Mateos,14451
116604,866057761,Dionisia,Elias,14452
116605,104523509,Teo,Zaragoza,14453
116606,319430387,Custodio,Calatayud,14454
116607,852461493,Lorena,Carreras,14455
116608,211104837,Felix,Riba,14456
116609,262493564,Delfina,Mascaro,14457
116610,909496549,Vito,Milla,14458
116611,512994564,Fortunato,Ledesma,14459
116612,227038156,Abilio,Manjon,14460
116613,515060787,Rosa Maria,Guillen,14461
116614,933075308,Jose Miguel,Nevado,14462
116615,558314855,Aitor,Goni,14463
116616,635923756,Samu,Lledo,14464
116617,859316324,Calista,Canton,14465
116618,753295154,Ciriaco,Barrio,14466
116619,419576038,Sancho,Canovas,14467
116620,114763776,Quirino,Chico,14468
116621,689126038,Jacobo,Nunez,14469
116622,181081526,Aaron,Benavente,14470
116623,246599796,Tadeo,Agudo,14471
116624,162272477,Martirio,Hernandez,14472
116625,717792982,Delia,Sanjuan,14473
116626,616043147,Jorge,Benavente,14474
116627,751455925,Julio,Ruano,14475
116628,853803981,Hilda,Morell,14476
116629,214683462,Salome,Izquierdo,14477
116630,683399240,Guadalupe,Alegre,14478
116631,423417882,Rosalva,Barroso,14479
116632,952752253,Dulce,Garrido,14480
116633,377413996,Severino,Sevilla,14481
116634,493129047,Cristian,Hernandez,14482
116635,653881698,Caridad,Barbera,14483
116636,533000502,Nazaret,Torrent,14484
116637,744966556,Gabriela,Monreal,14485
116638,641613386,Piedad,Matas,14486
116639,259833477,Chema,Menendez,14487
116640,558617778,Tito,Nicolau,14488
116641,542108062,Gregorio,Ibanez,14489
116642,604659231,Febe,Alba,14490
116643,780120247,Odalys,Serna,14491
116644,197903373,Alberto,Cruz,14492
116645,648550128,Rebeca,Mendez,14493
116646,902750073,Isaura,Oliver,14494
116647,201302410,Asuncion,Cornejo,14495
116648,507121718,Leonel,Cabeza,14496
116649,341000408,Virgilio,Sosa,14497
116650,491578457,Ariadna,Olmo,14498
116651,436700092,Clementina,Morell,14499
116652,678403313,Sol,Vazquez,14500
116653,568179985,Micaela,Pomares,14501
116654,216612991,Maria Luisa,Amores,14502
116655,821347731,Ursula,Ruiz,14503
116656,939747100,Rocio,Miranda,14504
116657,180427261,Maxi,Palmer,14505
116658,471868123,Mamen,Solsona,14506
116659,161732790,Isaac,Gisbert,14507
116660,769891646,Maria Fernanda,Navarro,14508
116661,467763765,Oriana,Borrego,14509
116662,562467071,Rogelio,Carballo,14510
116663,547130521,Diana,Canovas,14511
116664,950391093,Benigno,Nadal,14512
116665,387081936,Calisto,Manuel,14513
116666,414878688,Amalia,Barrios,14514
116667,815197643,Angeles,Pintor,14515
116668,827813880,Martina,Canovas,14516
116669,915793497,Mayte,Rovira,14517
116670,770104565,Luis Miguel,Alcolea,14518
116671,183313494,Fortunato,Prat,14519
116672,526519596,Pastora,Herrera,14520
116673,280386118,Almudena,Galan,14521
116674,537879589,Noa,Oliveras,14522
116675,456630404,Susana,Rojas,14523
116676,380171531,Joel,Campos,14524
116677,874139517,Morena,Rodrigo,14525
116678,715243030,Humberto,Puga,14526
116679,844307406,Roldan,Piquer,14527
116680,910572147,Anacleto,Vargas,14528
116681,242497159,Calixta,Vendrell,14529
116682,302756128,Conrado,Casanovas,14530
116683,949706447,Oscar,Roldan,14531
116684,777646077,Plinio,Olmedo,14532
116685,325806128,Cristobal,Puerta,14533
116686,730001048,Marcela,Figuerola,14534
116687,715900552,Calixto,Duque,14535
116688,122489295,Inocencio,Prada,14536
116689,968364262,Onofre,Sancho,14537
116690,880204756,Bruno,Torre,14538
116691,837034469,Roxana,Simo,14539
116692,883636492,Mamen,Pedrosa,14540
116693,944021705,Diana,Alberto,14541
116694,630178293,Nuria,Alcazar,14542
116695,735489837,Yolanda,Penas,14543
116696,646848461,Natividad,Carlos,14544
116697,805238390,Manuelita,Cardona,14545
116698,158189888,Alejandra,Esteban,14546
116699,710876846,Josep,Tellez,14547
116700,139811430,Carlota,Boada,14548
116701,941897760,Abilio,Goni,14549
116702,172301985,Reyna,Cervantes,14550
116703,382282385,Leandra,Mascaro,14551
116704,934738824,Prudencio,Leiva,14552
116705,718306647,Javi,Uribe,14553
116706,946127847,Nicolasa,Sans,14554
116707,608404244,Teodoro,Alegria,14555
116708,697905250,Chuy,Barrio,14556
116709,942657060,Humberto,Leiva,14557
116710,826520844,Ariadna,Salmeron,14558
116711,330570797,Roldan,Polo,14559
116712,704375181,Felix,Casals,14560
116713,704620808,Alexandra,Llopis,14561
116714,146986510,Regina,Ruano,14562
116715,155543872,Jeremias,Olive,14563
116716,522623502,Mauricio,Crespo,14564
116717,848680043,Abigail,Mariscal,14565
116718,364086630,Edgardo,Ibanez,14566
116719,924723957,Paco,Puente,14567
116720,113143080,Florencio,Espana,14568
116721,996720359,Modesta,Prada,14569
116722,611827110,Rosario,Garriga,14570
116723,958261488,Concha,Escribano,14571
116724,977010252,Leocadio,Planas,14572
116725,843905030,Fernando,Romero,14573
116726,134764338,Nilo,Palma,14574
116727,227961388,Maria Jose,Valero,14575
116728,499767617,Rosenda,Vinas,14576
116729,909603195,Vera,Amador,14577
116730,188398439,Reyes,Osuna,14578
116731,458084212,Aranzazu,Ortuno,14579
116732,781833517,Eugenio,Osorio,14580
116733,721095738,Martin,Valverde,14581
116734,214661790,Pepe,Salva,14582
116735,308975941,Leyre,Iglesias,14583
116736,117700200,Horacio,Escudero,14584
116737,384026143,Ismael,Torrent,14585
116738,947849593,Eulalia,Barrio,14586
116739,480009881,Herminia,Canovas,14587
116740,947510513,Gerardo,Perea,14588
116741,578056451,Gilberto,Carrion,14589
116742,433749388,Azahar,Lerma,14590
116743,948481416,Apolonia,Losada,14591
116744,560836458,Juan Carlos,Sureda,14592
116745,819890064,Fabricio,Cruz,14593
116746,735823011,Inocencio,Lujan,14594
116747,705005338,Dionisio,Cuevas,14595
116748,713670749,Severo,Posada,14596
116749,151865644,Eligia,Bonilla,14597
116750,665735503,Clara,Camino,14598
116751,533569930,Octavia,Rivero,14599
116752,978901242,Arcelia,Pina,14600
116753,754573685,Epifanio,Arnal,14601
116754,956078793,Camilo,Montoya,14602
116755,717037249,Pablo,Pascual,14603
116756,274640480,Rosario,Bilbao,14604
116757,628873494,Miriam,Lorenzo,14605
116758,426926676,Jenaro,Mate,14606
116759,112147920,Fabian,Penalver,14607
116760,456003029,Ovidio,Cifuentes,14608
116761,640622313,Alonso,Mayoral,14609
116762,376309159,Rosalinda,Dieguez,14610
116763,756365316,Panfilo,Huerta,14611
116764,166256616,Beatriz,Manzano,14612
116765,387438059,Gonzalo,Abad,14613
116766,982047544,Aura,Villena,14614
116767,341068422,Jose,Garate,14615
116768,969022010,Rosenda,Borrego,14616
116769,935870605,Lucho,Barroso,14617
116770,775159380,Primitiva,Laguna,14618
116771,420283616,Casandra,Heredia,14619
116772,269879858,Teofila,Aranda,14620
116773,601125479,Goyo,Llanos,14621
116774,984131437,Selena,Prada,14622
116775,751999692,Maximiano,Cespedes,14623
116776,120138750,Fabiana,Jauregui,14624
116777,411144376,Javi,Agustin,14625
116778,658359405,Barbara,Osorio,14626
116779,893414189,Carmen,Castejon,14627
116780,680908434,Juan Carlos,Bonilla,14628
116781,741036196,Alejo,Gibert,14629
116782,501850393,Tono,Pera,14630
116783,376036430,Rosenda,Penas,14631
116784,849390901,Brunilda,Alemany,14632
116785,106387927,Chuy,Arteaga,14633
116786,414741541,Loreto,Oliver,14634
116787,549922164,Carlos,Briones,14635
116788,732141710,Albino,Torres,14636
116789,143840684,Emigdio,Collado,14637
116790,497132112,Jenny,Farre,14638
116791,466193298,Angelino,Figuerola,14639
116792,290844753,Gabriela,Valderrama,14640
116793,888407541,Pastor,Carrillo,14641
116794,286852772,Alonso,Pinol,14642
116795,791750825,Salvador,Alamo,14643
116796,723033309,Jacinta,Crespo,14644
116797,260662699,Flor,Acuna,14645
116798,307127968,Virginia,Coll,14646
116799,747892351,Sabas,Muniz,14647
116800,942043646,Poncio,Tormo,14648
116801,955541964,Maria Manuela,Collado,14649
116802,870863689,Dolores,Vidal,14650
116803,483931212,Flavio,Torrens,14651
116804,159720405,Celia,Carreras,14652
116805,382511371,Zaira,Rivera,14653
116806,422478991,Seve,Ribera,14654
116807,465719890,Magdalena,Murcia,14655
116808,969047320,Felix,Barco,14656
116809,411976882,Marta,Gomez,14657
116810,425383802,Valerio,Jaume,14658
116811,638722990,Azucena,Roldan,14659
116812,300020309,Espiridion,Cuenca,14660
116813,428227865,Martina,Soria,14661
116814,383830683,Lucila,Soriano,14662
116815,192662977,Tatiana,Esteve,14663
116816,280438978,Alejandro,Uriarte,14664
116817,433798833,Selena,Olivera,14665
116818,743833280,Hermenegildo,Lobato,14666
116819,127934405,Carmela,Ferran,14667
116820,820715118,Salud,Saenz,14668
116821,148763784,Arturo,Molins,14669
116822,836713899,Calixta,Pacheco,14670
116823,242107499,Armida,Gras,14671
116824,133083594,Carmela,Borrego,14672
116825,398273258,Calisto,Comas,14673
116826,458510216,Lina,Tejera,14674
116827,558035692,Alex,Ruano,14675
116828,469848040,Violeta,Gabaldon,14676
116829,405193340,Baldomero,Martinez,14677
116830,264362111,Socorro,Fortuny,14678
116831,818518054,Ignacio,Saura,14679
116832,126573071,Dora,Samper,14680
116833,100555579,Cirino,Calzada,14681
116834,789930759,Bernardita,Arenas,14682
116835,619039541,Lorenza,Paniagua,14683
116836,130812796,Ariadna,Morillo,14684
116837,965582234,Alcides,Fernandez,14685
116838,667493869,Josefa,Esteve,14686
116839,515184130,Simon,Carreno,14687
116840,373501468,Barbara,Quiroga,14688
116841,278996526,Silvestre,Andrade,14689
116842,838269098,Gabriela,Bautista,14690
116843,803105711,Andres Felipe,Cabezas,14691
116844,276440901,Virginia,Linares,14692
116845,666835253,Tiburcio,Iriarte,14693
116846,161093534,Jesusa,Saura,14694
116847,356163123,Roque,Bermudez,14695
116848,814782098,Ildefonso,Barrena,14696
116849,733372203,Victorino,Prieto,14697
116850,940744926,Candida,Llano,14698
116851,866527678,Apolonia,Puerta,14699
116852,134086520,Sancho,Amigo,14700
116853,202783293,Jeremias,Mata,14701
116854,396268196,Fidel,Barroso,14702
116855,924652940,Cipriano,Viana,14703
116856,543361943,Ruben,Pelaez,14704
116857,690058746,Joaquina,Leon,14705
116858,894219137,Epifanio,Lucas,14706
116859,729833349,Amilcar,Llado,14707
116860,968145500,Ambrosio,Arjona,14708
116861,933608831,Angel,Cabrero,14709
116862,943240257,Dorotea,Estevez,14710
116863,452783674,Leandro,Somoza,14711
116864,508023983,Joel,Palacio,14712
116865,543820454,Clemente,Ferrera,14713
116866,172821809,Nilo,Alcantara,14714
116867,497631887,Nilo,Teruel,14715
116868,391925321,Hernan,Iglesias,14716
116869,766885730,Prudencia,Cabo,14717
116870,296639158,Tristan,Garcia,14718
116871,143220443,Leocadio,Pont,14719
116872,666858446,Andrea,Roig,14720
116873,557252338,Yaiza,Requena,14721
116874,529058819,Juan Luis,Verdugo,14722
116875,498924635,Lilia,Porta,14723
116876,593078952,Abraham,Briones,14724
116877,515821472,Erasmo,Sotelo,14725
116878,310867234,Raquel,Girona,14726
116879,571527173,Clotilde,Colom,14727
116880,726171658,Pastor,Grande,14728
116881,604149768,Macario,Sosa,14729
116882,554896985,Andres,Casal,14730
116883,311210821,Esperanza,Peinado,14731
116884,990488179,Tiburcio,Moll,14732
116885,149708386,Luz,Rosa,14733
116886,879130297,Anastasio,Sanchez,14734
116887,473517032,Gertrudis,Abella,14735
116888,667882710,Azeneth,Pol,14736
116889,404058410,Miriam,Jurado,14737
116890,584552698,Jose Ignacio,Pallares,14738
116891,234332038,Estefania,Vives,14739
116892,303937184,Horacio,Carbonell,14740
116893,698304268,Fabricio,Castilla,14741
116894,478969146,Juanito,Gabaldon,14742
116895,518790561,Chema,Campo,14743
116896,971445239,Juan Manuel,Conde,14744
116897,816986347,Teofila,Gonzalez,14745
116898,653436190,Pascual,Franch,14746
116899,784383186,Hilario,Carmona,14747
116900,736102667,Jose Luis,Medina,14748
116901,693600427,Luciano,Ropero,14749
116902,960617198,German,Arjona,14750
116903,710216480,Encarnita,Reguera,14751
116904,505366160,Teodosio,Rocha,14752
116905,530695717,Berta,Cortina,14753
116906,494567132,Cayetano,Sevillano,14754
116907,634442288,Quirino,Prat,14755
116908,199074336,Gregorio,Bertran,14756
116909,330222032,Agapito,Falcon,14757
116910,822697452,Alex,Bueno,14758
116911,131765967,David,Bru,14759
116912,508953338,Clotilde,Colom,14760
116913,968846809,Artemio,Querol,14761
116914,868645329,Herberto,Hernandez,14762
116915,709879810,Teodoro,Hernandez,14763
116916,980703892,Ivan,Elorza,14764
116917,333999191,Rolando,Mosquera,14765
116918,986258410,Delia,Perez,14766
116919,376389429,Asuncion,Salgado,14767
116920,266975119,Armando,Alfaro,14768
116921,453950737,Jose Antonio,Trillo,14769
116922,459802342,Cebrian,Canovas,14770
116923,531255431,Federico,Solera,14771
116924,518039243,Manolo,Cardona,14772
116925,724079159,Isaac,Coca,14773
116926,231310206,Iban,Rivas,14774
116927,590718631,Candelas,Camino,14775
116928,456395578,Camilo,Carranza,14776
116929,668342674,Miguela,Egea,14777
116930,505143866,Omar,Adan,14778
116931,886361315,Tomas,Nunez,14779
116932,330049045,Josefa,Escobar,14780
116933,597753800,America,Raya,14781
116934,664294808,Socorro,Gargallo,14782
116935,716862168,Adolfo,Canellas,14783
116936,380422194,Lorenza,Prada,14784
116937,363581005,Genoveva,Valls,14785
116938,349627942,Renata,Ropero,14786
116939,918806450,Maximo,Losada,14787
116940,118856563,Walter,Moraleda,14788
116941,981469713,Urbano,Isern,14789
116942,563143729,Fidel,Coloma,14790
116943,816336061,Toni,Sebastian,14791
116944,319566489,Custodia,Isern,14792
116945,134579794,Natividad,Segui,14793
116946,472524101,Maricela,Fernandez,14794
116947,269557475,Maria Del Carmen,Cordero,14795
116948,212696084,Florinda,Aguilo,14796
116949,629870283,Teresita,Zurita,14797
116950,552717238,Odalis,Zabaleta,14798
116951,148577630,Luna,Rodriguez,14799
116952,138650567,Quirino,Valdes,14800
116953,985704792,Diego,Blanch,14801
116954,341360177,Ofelia,Segura,14802
116955,221502452,Moises,Ferrera,14803
116956,853221545,Ruben,Pinto,14804
116957,791936516,Agueda,Manrique,14805
116958,992704199,Ruperto,Quintana,14806
116959,895243090,Samanta,Gibert,14807
116960,824120652,Ester,Falco,14808
116961,894296944,Carolina,Gutierrez,14809
116962,197931850,Julio Cesar,Leiva,14810
116963,102623753,Sol,Codina,14811
116964,299982193,Estela,Aragon,14812
116965,775183930,Santiago,Navarro,14813
116966,237053273,Azeneth,Puig,14814
116967,133195455,Jenny,Saura,14815
116968,111886292,Araceli,Font,14816
116969,939001520,Zoraida,Alcalde,14817
116970,235554251,Francisca,Agudo,14818
116971,591231538,Virgilio,Barba,14819
116972,126217864,Teo,Soler,14820
116973,719827283,Toni,Ripoll,14821
116974,554345409,Faustino,Lorenzo,14822
116975,129165130,Gabriela,Adadia,14823
116976,208108414,Vinicio,Garces,14824
116977,771976600,Hernan,Ribas,14825
116978,331800792,Aitor,Caceres,14826
116979,808307228,Jose Luis,Carvajal,14827
116980,788913558,Aurelia,Cabezas,14828
116981,756225094,Fernando,Perera,14829
116982,831785255,Timoteo,Sales,14830
116983,535628829,Reyes,Bejarano,14831
116984,766354000,Alonso,Amores,14832
116985,825849619,Alfonso,Rueda,14833
116986,461430921,Zacarias,Pont,14834
116987,679675662,Maria Teresa,Roca,14835
116988,659495012,Panfilo,Verdugo,14836
116989,988200659,Remedios,Gisbert,14837
116990,175481921,Osvaldo,Suarez,14838
116991,689015738,Saturnina,Peinado,14839
116992,578644925,Anselmo,Minguez,14840
116993,219366346,Pascual,Iriarte,14841
116994,421826071,Teodoro,Riquelme,14842
116995,235820140,Quique,Alberdi,14843
116996,945680940,Rafa,Cadenas,14844
116997,976408128,Evaristo,Torre,14845
116998,917184687,Iker,Sebastian,14846
116999,110235396,Alex,Salgado,14847
117000,480362179,Ramona,Lloret,14848
117001,559524397,Bernardita,Bilbao,14849
117002,772283067,Elisabet,Madrigal,14850
117003,720853579,Candela,Mugica,14851
117004,851126040,Aaron,Garcia,14852
117005,576807528,Lisandro,Jerez,14853
117006,783910418,Regina,Exposito,14854
117007,586437651,Conrado,Tenorio,14855
117008,462026494,David,Sacristan,14856
117009,709114122,Camilo,Santiago,14857
117010,728082478,Bonifacio,Diez,14858
117011,783985062,Melisa,Santiago,14859
117012,209759741,Isidro,Ramon,14860
117013,289556732,Lorena,Ramirez,14861
117014,511492570,Pili,Mateo,14862
117015,371780867,Ursula,Ferran,14863
117016,821643936,Lucia,Gutierrez,14864
117017,397191342,Chelo,Rodriguez,14865
117018,759739449,Dionisia,Canas,14866
117019,759936379,Ana Sofia,Ballesteros,14867
117020,342912983,Cintia,Enriquez,14868
117021,782617914,Samu,Echevarria,14869
117022,926794593,Candida,Vilanova,14870
117023,653997919,Leocadio,Guitart,14871
117024,199121286,Liliana,Lorenzo,14872
117025,136221037,Azahar,Barrios,14873
117026,549739151,Remedios,Pujadas,14874
117027,629904168,Nydia,Guardia,14875
117028,361358188,Geronimo,Huerta,14876
117029,510133109,Manu,Cortina,14877
117030,989147506,Maximo,Molins,14878
117031,330834777,Alicia,Santamaria,14879
117032,592524418,Lazaro,Navarrete,14880
117033,516003795,Atilio,Roldan,14881
117034,474048820,Jose Carlos,Chamorro,14882
117035,783049075,Eligio,Villalba,14883
117036,756000221,Nilda,Berenguer,14884
117037,680987641,Amador,Juarez,14885
117038,602091910,Macario,Rey,14886
117039,749953455,Ambrosio,Cabanillas,14887
117040,253900309,Manuelita,Salamanca,14888
117041,108222066,Evita,Gomez,14889
117042,292363199,Jonatan,Calvet,14890
117043,663203396,Xavier,Font,14891
117044,312635517,Pancho,Pena,14892
117045,941939098,Vera,Guerrero,14893
117046,612353625,Olimpia,Carnero,14894
117047,478475799,Leopoldo,Redondo,14895
117048,299470842,Nestor,Zurita,14896
117049,716432433,Roque,Casals,14897
117050,667048208,Laura,Palacios,14898
117051,532620851,Armando,Espejo,14899
117052,678851695,Maristela,Puente,14900
117053,575229339,Odalys,Silva,14901
117054,986089676,Nicanor,Llorens,14902
117055,565601668,Jesus,Varela,14903
117056,499289056,Ani,Amoros,14904
117057,975674588,Bernardino,Cerezo,14905
117058,161010989,Anastasia,Gual,14906
117059,274135268,Manuelita,Calderon,14907
117060,171402127,Aureliano,Lara,14908
117061,271359588,Loida,Duran,14909
117062,679960327,Hipolito,Pina,14910
117063,561329304,Monica,Trillo,14911
117064,687539549,Mohamed,Carpio,14912
117065,443308402,Caridad,Gomis,14913
117066,912784325,Evaristo,Saez,14914
117067,103429996,Sandra,Marcos,14915
117068,331205815,Zacarias,Querol,14916
117069,559310080,Josefina,Casals,14917
117070,911087226,Sigfrido,Valencia,14918
117071,139217270,Pilar,Pulido,14919
117072,208785173,Teobaldo,Mayo,14920
117073,924269677,Sandra,Jimenez,14921
117074,264079243,Sarita,Briones,14922
117075,793935095,Jose Mari,Cordoba,14923
117076,910147611,Esperanza,Saez,14924
117077,689778453,Chema,Parejo,14925
117078,991720757,Javier,Tamarit,14926
117079,922853014,Eladio,Orozco,14927
117080,760152985,Remedios,Aramburu,14928
117081,882164026,Ivan,Villalba,14929
117082,255221618,Manola,Sanchez,14930
117083,837784722,Reynaldo,Azorin,14931
117084,665126846,Jose,Tolosa,14932
117085,595066255,Antonia,Pineiro,14933
117086,876925875,Eloisa,Nino,14934
117087,798055142,Araceli,Arenas,14935
117088,144567988,Glauco,Moraleda,14936
117089,892834430,Eutimio,Vidal,14937
117090,776433890,Gabriel,Luque,14938
117091,310296306,Valerio,Ayllon,14939
117092,727226716,Flora,Cantero,14940
117093,137347901,Amancio,Bauza,14941
117094,162242201,Fito,Cortina,14942
117095,123821611,Amilcar,Barral,14943
117096,136392060,Fulgencio,Arteaga,14944
117097,237173184,Porfirio,Valverde,14945
117098,367840457,Pedro,Montserrat,14946
117099,804187437,Cosme,Ibanez,14947
117100,630294194,Angelina,Estevez,14948
117101,764790752,Celestino,Barrena,14949
117102,381242648,Francisco Jose,Miro,14950
117103,126341901,Ale,Alvarez,14951
117104,234250948,Charo,Coello,14952
117105,968398874,Regulo,Becerra,14953
117106,841807109,Ceferino,Garcia,14954
117107,677801594,Rafael,Guardia,14955
117108,798659408,Simon,Zaragoza,14956
117109,379695275,Rocio,Lloret,14957
117110,366665263,Toribio,Valenciano,14958
117111,204671459,Hilda,Santos,14959
117112,828354479,Luz,Plaza,14960
117113,143314441,Hernan,Lorenzo,14961
117114,685879281,Gil,Ramos,14962
117115,232224161,Eugenia,Canizares,14963
117116,157789016,Samuel,Calzada,14964
117117,779889990,Leticia,Luis,14965
117118,800157994,Maristela,Montero,14966
117119,947199810,Ismael,Iriarte,14967
117120,461360751,Emiliana,Segura,14968
117121,164010389,Lupita,Pacheco,14969
117122,718606689,Joel,Tejada,14970
117123,919185595,Leire,Asenjo,14971
117124,228187818,Veronica,Manzanares,14972
117125,165287606,Evita,Tovar,14973
117126,667302196,Jose Miguel,Vergara,14974
117127,677167892,Obdulia,Toledo,14975
117128,327254378,Leonel,Lopez,14976
117129,704531000,Nando,Canellas,14977
117130,128148684,Cecilio,Lobato,14978
117131,690837716,Ricarda,Prieto,14979
117132,905609114,Encarnacion,Amor,14980
117133,918746118,Nereida,Calderon,14981
117134,708389626,Carmelita,Espana,14982
117135,798003391,Jeremias,Valbuena,14983
117136,102771764,Valerio,Cifuentes,14984
117137,952463951,Toribio,Borrego,14985
117138,298374614,Ana Sofia,Chico,14986
117139,652597351,Soraya,Rueda,14987
117140,474501455,Yaiza,Arias,14988
117141,539527236,Domitila,Neira,14989
117142,631569942,Jonatan,Silva,14990
117143,347472712,Abigail,Arroyo,14991
117144,232523373,Leyre,Pareja,14992
117145,419603653,Amanda,Casanovas,14993
117146,735145044,Trinidad,Aznar,14994
117147,761824919,Jose Manuel,Mercader,14995
117148,647724382,Berto,Morell,14996
117149,698169414,Rico,Arce,14997
117150,637072042,Carmina,Pinilla,14998
117151,140304586,Consuelo,Peiro,14999
117152,431231157,Juliana,Barrios,15000
117153,516365368,Soledad,Caballero,15001
117154,136247838,Fabiola,Lluch,15002
117155,171991628,Irma,Ropero,15003
117156,292268052,Epifanio,Marin,15004
117157,368558966,Jordan,Munoz,15005
117158,127825525,Mayte,Cortes,15006
117159,825745183,Belen,Marcos,15007
117160,745408723,Ivan,Chamorro,15008
117161,497076507,Yaiza,Saura,15009
117162,324904926,Guadalupe,Palomo,15010
117163,894402378,Clementina,Lucas,15011
117164,375774693,Abel,Arce,15012
117165,976403860,Juan Carlos,Puerta,15013
117166,609134867,Anastasia,Cabeza,15014
117167,756110361,Remedios,Feliu,15015
117168,901274083,Guiomar,Campos,15016
117169,640865797,Calixta,Mur,15017
117170,247482834,Ingrid,Ariza,15018
117171,318232563,Adela,Hurtado,15019
117172,503888235,Jose Ignacio,Bellido,15020
117173,424657271,Julieta,Arevalo,15021
117174,310816261,Reinaldo,Gamez,15022
117175,464017312,Alonso,Rosa,15023
117176,868150266,Esperanza,Jordan,15024
117177,688234430,Joel,Talavera,15025
117178,341546030,Ceferino,Mariscal,15026
117179,319194311,Loreto,Pastor,15027
117180,368163768,Vera,Pla,15028
117181,988076099,Isidro,Corominas,15029
117182,988478420,Maria Dolores,Jove,15030
117183,282967436,Palmira,Chaves,15031
117184,144521668,Benigna,Taboada,15032
117185,411802576,Alonso,Valcarcel,15033
117186,868917831,Lupe,Sans,15034
117187,840072433,Belen,Cobo,15035
117188,879178127,Victorino,Castells,15036
117189,307584882,Gabino,Marin,15037
117190,972481487,Andres,Aguado,15038
117191,500772048,Elisabet,Pulido,15039
117192,909562292,Zacarias,Alemany,15040
117193,925889937,Aranzazu,Cerro,15041
117194,964721285,Elodia,Iborra,15042
117195,673136612,Perlita,Echeverria,15043
117196,467132564,Cayetana,Estrada,15044
117197,988381048,Reynaldo,Quintana,15045
117198,513269170,Nereida,Pinol,15046
117199,729143918,Estrella,Campillo,15047
117200,184705861,Jaime,Mari,15048
117201,873669786,Eustaquio,Lillo,15049
117202,153922526,Patricia,Mendizabal,15050
117203,549267652,Heraclio,Roura,15051
117204,999948965,Andrea,Donaire,15052
117205,860891544,Elias,Porta,15053
117206,273045620,Jimena,Valles,15054
117207,475043353,Hortensia,Arenas,15055
117208,901547909,Inocencio,Jaen,15056
117209,596732710,Edelmiro,Aguilera,15057
117210,926321831,Carmelo,Rocha,15058
117211,187945933,Julia,Nebot,15059
117212,427817295,Marita,Cerezo,15060
117213,933582067,Mayte,Rius,15061
117214,550695587,Sofia,Izaguirre,15062
117215,585654740,Candela,Canales,15063
117216,994865764,Felix,Cortes,15064
117217,813470956,Pepita,Macias,15065
117218,154605678,Poncio,Valverde,15066
117219,285370093,Anabel,Fuente,15067
117220,871373050,Eligia,Carro,15068
117221,964624561,Martin,Gibert,15069
117222,428301996,Epifanio,Lobo,15070
117223,902525999,Maricela,Cuesta,15071
117224,714386432,Nuria,Guzman,15072
117225,119767770,Dan,Adan,15073
117226,558569627,Juan Carlos,Garces,15074
117227,802891130,Felicia,Barcena,15075
117228,551554322,Jordan,Mayoral,15076
117229,854805035,Azahara,Cabello,15077
117230,424766037,Loreto,Izquierdo,15078
117231,800298668,Cesar,Madrigal,15079
117232,886147948,Apolinar,Vilanova,15080
117233,497025968,Lidia,Maestre,15081
117234,433432416,Samu,Zamorano,15082
117235,621695971,Amarilis,Landa,15083
117236,873652786,Priscila,Nogueira,15084
117237,305456209,Juan Manuel,Simo,15085
117238,837008259,Yessica,Lara,15086
117239,567938034,Luis Angel,Anglada,15087
117240,573645011,Aurelio,Solsona,15088
117241,431968229,Lina,Patino,15089
117242,981762948,Evaristo,Ferrandez,15090
117243,965007042,Marisa,Varela,15091
117244,308932202,Narcisa,Barcelo,15092
117245,803387171,Aitor,Aranda,15093
117246,275576362,Mayte,Calleja,15094
117247,201819885,Ricarda,Tomas,15095
117248,880124223,Maria Cristina,Alcantara,15096
117249,746498733,Olimpia,Cobos,15097
117250,262878628,Dionisia,Morata,15098
117251,154913626,Hortensia,Valenciano,15099
117252,152967569,Hector,Porras,15100
117253,907321632,Azeneth,Crespi,15101
117254,393068185,Zaida,Higueras,15102
117255,500110903,Ingrid,Elias,15103
117256,414826958,Narcisa,Baez,15104
117257,771442066,Evaristo,Rubio,15105
117258,712956211,Luciano,Jauregui,15106
117259,389344493,Cayetana,Galvez,15107
117260,446095199,Rosaura,Mulet,15108
117261,886769521,Manuelita,Pascual,15109
117262,856328637,Maria,Galan,15110
117263,171126548,Remedios,Carreras,15111
117264,286720717,Benjamin,Lillo,15112
117265,393489168,Ciriaco,Peralta,15113
117266,210878027,Griselda,Carpio,15114
117267,644830262,Isaac,Feliu,15115
117268,470032862,Graciano,Moreno,15116
117269,386398145,Anselma,Sarmiento,15117
117270,557297886,Oscar,Bilbao,15118
117271,126939173,Salome,Chamorro,15119
117272,145262980,Lalo,Casas,15120
117273,974505830,Flora,Corbacho,15121
117274,820433751,Espiridion,Guardia,15122
117275,360967345,Cebrian,Gallo,15123
117276,309423965,Zoraida,Ramirez,15124
117277,831451619,Tatiana,Oliva,15125
117278,599145622,Bernarda,Bernal,15126
117279,945713139,Casemiro,Vera,15127
117280,510167987,Aurelia,Navarrete,15128
117281,188820289,Mirta,Adan,15129
117282,325602945,Albina,Agudo,15130
117283,886686366,Leonardo,Baro,15131
117284,338625890,Juan Manuel,Pacheco,15132
117285,355102088,Flavia,Folch,15133
117286,733517076,Cruz,Ugarte,15134
117287,813564700,Fidela,Cifuentes,15135
117288,445097436,Fermin,Ribes,15136
117289,757301246,Duilio,Mateos,15137
117290,206692780,Rene,Recio,15138
117291,472056030,Angelino,Verdugo,15139
117292,631174467,Sonia,Almazan,15140
117293,311248935,Albano,Ledesma,15141
117294,980392147,Jose Maria,Piquer,15142
117295,118252111,Eulalia,Alonso,15143
117296,315858372,Alejandro,Arregui,15144
117297,950316878,Maximo,Pujol,15145
117298,812564154,Vicenta,Amigo,15146
117299,522716840,Esteban,Ayuso,15147
117300,321382629,Lucho,Folch,15148
117301,250075331,Eliseo,Mosquera,15149
117302,410810669,Mariana,Bartolome,15150
117303,232629489,Cristian,Ferreras,15151
117304,694917589,Jacinta,Juarez,15152
117305,860512932,Pilar,Correa,15153
117306,298352642,Eustaquio,Rios,15154
117307,165531710,Celso,Clemente,15155
117308,807778432,Leocadio,Elias,15156
117309,886556258,Ruperto,Tirado,15157
117310,721944614,Anunciacion,Pina,15158
117311,348149919,Haydee,Medina,15159
117312,465856503,Abigail,Prats,15160
117313,353867752,Jose Mari,Colom,15161
117314,909278390,Haroldo,Prada,15162
117315,221499624,Marisela,Sola,15163
117316,969614146,Javiera,Hidalgo,15164
117317,872511680,Debora,Calzada,15165
117318,706083285,Nazaret,Santiago,15166
117319,351588891,Reinaldo,Martin,15167
117320,136706309,Jose Manuel,Asensio,15168
117321,960794730,Judith,Almeida,15169
117322,201566080,Marita,Andres,15170
117323,757551011,Victorino,Puig,15171
117324,323821823,Cornelio,Rocha,15172
117325,450373635,Olegario,Sevillano,15173
117326,415869205,Maura,Solis,15174
117327,985423528,Ruperta,Barco,15175
117328,106737170,Vicenta,Correa,15176
117329,590136653,Pelayo,Herrero,15177
117330,697698036,Gregorio,Sanmartin,15178
117331,994527190,Sonia,Romeu,15179
117332,492767626,Adalberto,Cortina,15180
117333,379205324,Diana,Neira,15181
117334,792717489,Goyo,Calderon,15182
117335,241809310,Mauricio,Talavera,15183
117336,984694613,Andres,Galindo,15184
117337,396551849,Maria Jose,Isern,15185
117338,160799713,Dionisio,Menendez,15186
117339,610968366,Aura,Cerro,15187
117340,379939705,Balduino,Olmedo,15188
117341,848872205,Ildefonso,Vizcaino,15189
117342,797410271,Judith,Castaneda,15190
117343,621265905,Antonio,Aguado,15191
117344,785793015,Armida,Nunez,15192
117345,949461240,Hipolito,Albero,15193
117346,530445692,Amarilis,Yuste,15194
117347,346429051,Pastora,Robledo,15195
117348,591879449,Sebastian,Sola,15196
117349,572251763,Asdrubal,Porcel,15197
117350,140780211,Elvira,Hernandez,15198
117351,426305246,Jacinto,Galindo,15199
117352,181160541,Danilo,Solera,15200
117353,733348314,Adan,Artigas,15201
117354,358434113,Mercedes,Dieguez,15202
117355,285306468,Jose Manuel,Bonet,15203
117356,438052138,Isabel,Barba,15204
117357,748961590,Luciano,Roura,15205
117358,666980418,Artemio,Penalver,15206
117359,223170059,Chuy,Cabanillas,15207
117360,876188517,Manuel,Marquez,15208
117361,660530555,Toribio,Zabaleta,15209
117362,951705510,Marc,Alcolea,15210
117363,534244656,Graciano,Ramos,15211
117364,424753392,Luciana,Donoso,15212
117365,903198335,Maxi,Millan,15213
117366,679805054,Leocadio,Anguita,15214
117367,753859759,Mario,Vina,15215
117368,607045583,Hector,Sole,15216
117369,393990414,Luciano,Gutierrez,15217
117370,715409682,Dario,Cespedes,15218
117371,728269700,Jenaro,Hidalgo,15219
117372,788733579,Ulises,Anton,15220
117373,799552764,Pepe,Anton,15221
117374,995861089,Ovidio,Jodar,15222
117375,917867045,Fernanda,Bernal,15223
117376,107004391,Amancio,Miguel,15224
117377,361538748,Olimpia,Hoyos,15225
117378,911115268,Arsenio,Mulet,15226
117379,869672735,Luis Miguel,Portillo,15227
117380,386867756,Candida,Barcelo,15228
117381,617383010,Jose Luis,Villalobos,15229
117382,496148441,Desiderio,Casal,15230
117383,294063840,Elvira,Tirado,15231
117384,805405271,Felipe,Barrio,15232
117385,429283488,Florina,Castilla,15233
117386,206123712,Jaime,Figueroa,15234
117387,675801313,Andres,Linares,15235
117388,369875304,Guillermo,Becerra,15236
117389,470285069,Aura,Cardona,15237
117390,206720779,Carla,Verdugo,15238
117391,484398992,Celia,Bellido,15239
117392,479642559,Gilberto,Anton,15240
117393,544920861,Imelda,Novoa,15241
117394,440373404,Pepita,Ortuno,15242
117395,476834570,Magdalena,Cespedes,15243
117396,766371290,Loreto,Grau,15244
117397,851545503,Guiomar,Valls,15245
117398,323183496,Pelayo,Porras,15246
117399,631350678,Primitiva,Pinto,15247
117400,625623492,Chus,Figueroa,15248
117401,257914373,Rodolfo,Mariscal,15249
117402,483114897,Jesusa,Soriano,15250
117403,640623437,Azahar,Chaves,15251
117404,584940126,Dimas,Lujan,15252
117405,469434582,Ildefonso,Adadia,15253
117406,590586873,Petrona,Malo,15254
117407,565477455,Calista,Cerdan,15255
117408,419385406,Inmaculada,Uriarte,15256
117409,364977321,Renato,Nicolau,15257
117410,782819625,Miguel Angel,Barrio,15258
117411,281761202,Marco,Otero,15259
117412,270803730,Victoria,Pelayo,15260
117413,176992178,Iban,Anglada,15261
117414,994650527,Rosalinda,Casas,15262
117415,611554824,Lupita,Osuna,15263
117416,562097960,Jose,Castilla,15264
117417,583699366,Carolina,Blazquez,15265
117418,781757257,Paulino,Izquierdo,15266
117419,844294435,Mario,Noguera,15267
117420,687230503,Albert,Busquets,15268
117421,939217921,Belen,Lobo,15269
117422,914546388,Rosario,Oliveras,15270
117423,217549113,Veronica,Borras,15271
117424,424305429,Tatiana,Julia,15272
117425,213422037,Victoriano,Lucas,15273
117426,622919777,Hector,Coronado,15274
117427,905009717,Candela,Ricart,15275
117428,318244997,Leyre,Blasco,15276
117429,382632589,Baldomero,Armas,15277
117430,330774376,Federico,Zabala,15278
117431,390932450,Begona,Canellas,15279
117432,601162930,Albano,Hierro,15280
117433,152584845,Leyre,Gelabert,15281
117434,797786271,Anastasia,Rodenas,15282
117435,762790435,Alexandra,Flores,15283
117436,764563182,Ligia,Pujol,15284
117437,220619360,Regulo,Mateos,15285
117438,401968180,Bonifacio,Quintero,15286
117439,737928775,Hernan,Beltran,15287
117440,699502608,Zoraida,Alvarez,15288
117441,221037384,Ulises,Font,15289
117442,608377811,Macario,Gonzalez,15290
117443,614992701,Juan Jose,Villegas,15291
117444,136927156,Emiliana,Belmonte,15292
117445,448742747,Flor,Morillo,15293
117446,293147033,Bernabe,Grande,15294
117447,846911548,Abraham,Casal,15295
117448,458051550,Flora,Bustamante,15296
117449,828715258,Santiago,Carpio,15297
117450,817575538,Coral,Santamaria,15298
117451,523393089,Remedios,Fajardo,15299
117452,166199162,Chuy,Bayona,15300
117453,279878349,Sarita,Montalban,15301
117454,269673243,Ramon,Carreno,15302
117455,413152629,Jesus,Davila,15303
117456,259266225,Ursula,Ropero,15304
117457,272638837,Clarisa,Alarcon,15305
117458,422004226,Juan Jose,Borja,15306
117459,513833399,Lucio,Galindo,15307
117460,344666295,Paco,Giralt,15308
117461,362893984,Itziar,Mora,15309
117462,171468679,Ambrosio,Beltran,15310
117463,494780739,Maria Jose,Acedo,15311
117464,121890724,Timoteo,Villalonga,15312
117465,776621717,Geronimo,Maza,15313
117466,265931340,Alejandro,Penalver,15314
117467,171613941,Jacinto,Vergara,15315
117468,606335697,Zaida,Santos,15316
117469,606435391,Octavio,Ribera,15317
117470,547045161,Carmina,Salinas,15318
117471,258990881,Esther,Busquets,15319
117472,468962855,Jordan,Clavero,15320
117473,972917744,Xavier,Barranco,15321
117474,528252989,Jose Luis,Barriga,15322
117475,572158679,Florina,Hoyos,15323
117476,352777174,Macarena,Mesa,15324
117477,551473973,Pepito,Mas,15325
117478,566247765,Merche,Elorza,15326
117479,319418895,Patricio,Iniguez,15327
117480,603941304,Olalla,Bermudez,15328
117481,391018863,Jacinta,Flores,15329
117482,173853767,Ambrosio,Castellanos,15330
117483,939718816,Mario,Gisbert,15331
117484,180534937,Pacifica,Andres,15332
117485,513524851,Mohamed,Carretero,15333
117486,860691839,Alba,Caparros,15334
117487,450167305,Eulalia,Pinol,15335
117488,815493015,Purificacion,Campo,15336
117489,923716311,Ruben,Mosquera,15337
117490,946105589,Edgar,Iglesias,15338
117491,730003597,Ariel,Nieto,15339
117492,256659304,Carmelo,Pi,15340
117493,679937347,Carmina,Busquets,15341
117494,925489573,Georgina,Pla,15342
117495,398321620,Gracia,Arnaiz,15343
117496,765556884,Teodora,Crespo,15344
117497,419121693,Moises,Puerta,15345
117498,752660258,Ambar,Lorenzo,15346
117499,759895610,Gregorio,Cobo,15347
117500,850979104,Maria Jose,Benavente,15348
117501,405287115,Ovidio,Cases,15349
117502,285688504,Berta,Vilalta,15350
117503,343899856,Malena,Aviles,15351
117504,282559185,Ale,Aragon,15352
117505,764590325,Dionisio,Naranjo,15353
117506,881392082,Delfina,Gordillo,15354
117507,230706927,Angelina,Cardona,15355
117508,281050235,Custodio,Olivera,15356
117509,171079759,Fortunata,Urena,15357
117510,301440235,Isa,Clemente,15358
117511,289472779,Yaiza,Simo,15359
117512,128461535,Trinidad,Barreda,15360
117513,542614094,Cristian,Zaragoza,15361
117514,481724443,Apolonia,Palomares,15362
117515,296483713,Edu,Herranz,15363
117516,452359895,Ofelia,Marquez,15364
117517,234737867,Benjamin,Leiva,15365
117518,739151272,Cornelio,Pino,15366
117519,310825174,Marianela,Antunez,15367
117520,701231793,Julio,Robledo,15368
117521,490425423,Flavio,Mena,15369
117522,779115118,Bartolome,Segarra,15370
117523,896979370,Victoria,Pastor,15371
117524,336125265,Walter,Sureda,15372
117525,152213535,Aitor,Parejo,15373
117526,867697073,Dora,Calvet,15374
117527,697953675,Toni,Alcazar,15375
117528,114352989,Florina,Andres,15376
117529,153694513,Sandra,Ballesteros,15377
117530,974504965,Vicenta,Paniagua,15378
117531,300608131,Amancio,Acedo,15379
117532,762468315,Hortensia,Morillo,15380
117533,924795208,Dafne,Pou,15381
117534,959475318,Ariadna,Espinosa,15382
117535,396356039,Haroldo,Arevalo,15383
117536,218606449,David,Montserrat,15384
117537,921057344,Adalberto,Tejero,15385
117538,931955034,Lola,Sanmiguel,15386
117539,467746823,Elena,Arnau,15387
117540,945607361,Primitiva,Amaya,15388
117541,715326320,Telmo,Gonzalez,15389
117542,491984247,Andres,Ferrera,15390
117543,120292761,Rita,Sarmiento,15391
117544,851512873,Yolanda,Fonseca,15392
117545,640957609,Luciano,Carro,15393
117546,257279166,Aurora,Arribas,15394
117547,316953858,Ale,Gimenez,15395
117548,762887401,Adelina,Pons,15396
117549,847408030,Mariana,Cespedes,15397
117550,395820877,Maria Fernanda,Busquets,15398
117551,828059213,Corona,Lujan,15399
117552,443594894,Alicia,Torre,15400
117553,578384924,Fabiana,Tudela,15401
117554,283994362,Jessica,Mayoral,15402
117555,155859856,Pacifica,Carrion,15403
117556,350616952,Teofilo,Simo,15404
117557,336650333,Florina,Mosquera,15405
117558,802870726,Jimena,Rosell,15406
117559,682536771,Nadia,Fuster,15407
117560,414603840,Marcio,Ortiz,15408
117561,696648982,Hortensia,Mariscal,15409
117562,205445163,Amaya,Folch,15410
117563,500854942,Ricardo,Morales,15411
117564,257398842,Gloria,Barranco,15412
117565,181431607,Florentina,Luna,15413
117566,186498021,Maxi,Carro,15414
117567,247358693,Emilio,Heras,15415
117568,447933080,Tatiana,Miralles,15416
117569,241695642,Patricia,Haro,15417
117570,197181825,Lupita,Quintero,15418
117571,308222715,Leocadio,Iniguez,15419
117572,805006572,Basilio,Amor,15420
117573,276220557,Isidoro,Arnal,15421
117574,722489804,Heraclio,Sabater,15422
117575,168747878,Julio,Pino,15423
117576,891376093,Bernardita,Becerra,15424
117577,176319833,Godofredo,Real,15425
117578,531329889,Francisco Jose,Gimenez,15426
117579,574061835,Dolores,Reguera,15427
117580,725681724,Tere,Marti,15428
117581,972233292,Marco,Roldan,15429
117582,632553460,Anita,Infante,15430
117583,817375412,Vanesa,Pelaez,15431
117584,806530504,Cruz,Sevillano,15432
117585,896893144,Sebastian,Arana,15433
117586,720621017,Rogelio,Verdejo,15434
117587,806999674,Natalio,Dominguez,15435
117588,830722465,Santiago,Maza,15436
117589,136208635,Candela,Albero,15437
117590,578645366,Nerea,Simo,15438
117591,222071277,Amancio,Castejon,15439
117592,839876442,Jordana,Calvet,15440
117593,746320367,Petrona,Falco,15441
117594,559504166,Jennifer,Marco,15442
117595,866226775,Vinicio,Castello,15443
117596,269776122,Jose,Carreno,15444
117597,200111160,Inigo,Benito,15445
117598,630179941,Bienvenida,Teruel,15446
117599,866878968,Sabas,Morales,15447
117600,899982177,Melisa,Bolanos,15448
117601,431006624,Teresita,Alsina,15449
117602,928146149,Marina,Giralt,15450
117603,293440713,Manuel,Blazquez,15451
117604,593238489,Gervasio,Escalona,15452
117605,393437579,Matias,Palacios,15453
117606,561474124,Casemiro,Palma,15454
117607,272801896,Jimena,Tomas,15455
117608,334942569,Haroldo,Roca,15456
117609,328053432,Marcia,Alemany,15457
117610,685112771,Emigdio,Losada,15458
117611,576168760,Martirio,Cabo,15459
117612,805067118,Anacleto,Mas,15460
117613,445556305,Regulo,Mur,15461
117614,243499346,Candida,Espinosa,15462
117615,809705481,Pepe,Tejero,15463
117616,181012309,Luis,Mosquera,15464
117617,857146483,Cruz,Tur,15465
117618,491621439,Marcelino,Porcel,15466
117619,171938732,Aaron,Moraleda,15467
117620,669288043,Elisabet,Mir,15468
117621,789381530,Aurea,Muniz,15469
117622,206233228,Claudia,Jodar,15470
117623,906261104,Porfirio,Melendez,15471
117624,455257190,Graciela,Correa,15472
117625,907347051,Camila,Penalver,15473
117626,778861216,Marita,Montserrat,15474
117627,417075850,Eloisa,Moreno,15475
117628,591402350,Saturnina,Ayala,15476
117629,876933223,Jose,Ibanez,15477
117630,298441718,Cristobal,Andres,15478
117631,238655678,Carlito,Alegria,15479
117632,505563988,Custodio,Guitart,15480
117633,672726956,Calisto,Castilla,15481
117634,632188537,Angelina,Jover,15482
117635,569557449,Pia,Sacristan,15483
117636,543820918,Javi,Pablo,15484
117637,353658528,Candelas,Barbero,15485
117638,518656481,Adan,Rubio,15486
117639,180573112,Carmela,Oller,15487
117640,909053581,Gracia,Bayona,15488
117641,692786165,Brigida,Muniz,15489
117642,523359297,Cesar,Cerdan,15490
117643,265690421,Olimpia,Pablo,15491
117644,109758731,Benito,Gordillo,15492
117645,731181520,Cesar,Sotelo,15493
117646,610519050,Andres Felipe,Folch,15494
117647,809143405,Adelardo,Izaguirre,15495
117648,577047282,Donato,Alegre,15496
117649,805162520,Celestina,Tena,15497
117650,252423577,Sandalio,Vera,15498
117651,716493416,Guiomar,Sureda,15499
117652,465978420,Elba,Saldana,15500
117653,348417372,Adrian,Zamora,15501
117654,287967733,Ainoa,Moya,15502
117655,968498895,Delfina,Cornejo,15503
117656,944227799,Graciana,Gomez,15504
117657,633677191,Felicidad,Hurtado,15505
117658,193860284,Sergio,Lamas,15506
117659,961117276,Reyes,Acuna,15507
117660,118323919,Feliciana,Fernandez,15508
117661,826178443,Perlita,Cortes,15509
117662,231618951,Jordi,Vila,15510
117663,249435658,Fatima,Cobos,15511
117664,918682472,Melisa,Escobar,15512
117665,378214387,Gustavo,Grande,15513
117666,349587725,Celia,Jaen,15514
117667,408273657,Herminia,Campo,15515
117668,294187939,Casemiro,Figuerola,15516
117669,928230337,Mauricio,Ramirez,15517
117670,391937257,Joaquina,Company,15518
117671,479780617,Nazario,Maestre,15519
117672,229890581,Aureliano,Barragan,15520
117673,533616437,Daniela,Domenech,15521
117674,944570217,Rene,Font,15522
117675,257902774,Dan,Pombo,15523
117676,275983491,Teresa,Rosado,15524
117677,693142915,Borja,Miro,15525
117678,430861245,Lisandro,Teruel,15526
117679,851356634,Florencio,Armas,15527
117680,549235269,Ileana,Pou,15528
117681,926281854,Anibal,Corominas,15529
117682,479892861,Eligio,Carrion,15530
117683,640718660,Ricardo,Nieto,15531
117684,695080344,Wilfredo,Benavides,15532
117685,242546532,Luis,Arnaiz,15533
117686,477871608,Jacinta,Mesa,15534
117687,926657263,Dani,Moles,15535
117688,233495660,Segismundo,Chacon,15536
117689,775202351,Amaya,Olivares,15537
117690,992552470,Quirino,Chaparro,15538
117691,986297918,Borja,Roman,15539
117692,685335775,Chus,Terron,15540
117693,544477620,Tecla,Sarmiento,15541
117694,276803042,Amparo,Suarez,15542
117695,650701893,Angelita,Ayllon,15543
117696,387921801,Dulce,Moliner,15544
117697,905431095,Evita,Rosello,15545
117698,271030202,Renata,Abril,15546
117699,960744348,Erasmo,Arroyo,15547
117700,657541170,Dorita,Baena,15548
117701,409677211,Isaura,Higueras,15549
117702,845322267,Sergio,Ochoa,15550
117703,631873567,Begona,Borrego,15551
117704,217583533,Mamen,Gonzalez,15552
117705,934074466,Berto,Pascual,15553
117706,909344700,Teresa,Vargas,15554
117707,416350068,Ana Belen,Guitart,15555
117708,815543916,Narciso,Morillo,15556
117709,821295778,Amelia,Suarez,15557
117710,643474942,Arturo,Olive,15558
117711,460582751,Cosme,Moreno,15559
117712,773301859,Morena,Cozar,15560
117713,445342221,Benigno,Bosch,15561
117714,116601527,Dani,Vergara,15562
117715,156348054,Calixto,Albero,15563
117716,465612101,Elisa,Herrero,15564
117717,882865141,Severino,Tome,15565
117718,634573770,Bernardino,Alemany,15566
117719,943385332,Silvestre,Canizares,15567
117720,608530962,Anna,Ramis,15568
117721,532457148,Cecilia,Saez,15569
117722,186349107,Urbano,Parejo,15570
117723,295113665,Oscar,Jover,15571
117724,368464242,Eloy,Gual,15572
117725,996410153,Coral,Gimenez,15573
117726,653069769,Melisa,Lozano,15574
117727,566938208,Clemente,Bertran,15575
117728,903281328,Ruth,Gaya,15576
117729,845461169,Gabriela,Marti,15577
117730,404652650,Eduardo,Recio,15578
117731,463810058,Ani,Bilbao,15579
117732,551800905,Mamen,Arranz,15580
117733,355191368,Saturnina,Acevedo,15581
117734,781083434,Carmelo,Ruiz,15582
117735,498428045,Lidia,Cerezo,15583
117736,482527010,Calista,Fabregat,15584
117737,217471519,Sabina,Vinas,15585
117738,451388618,Nelida,Campo,15586
117739,327251788,Andrea,Lillo,15587
117740,377354128,Nazaret,Diego,15588
117741,647530124,Jose Manuel,Navarro,15589
117742,999637328,Dorita,Zaragoza,15590
117743,179052170,Angelino,Cardenas,15591
117744,742176768,Pepe,Arteaga,15592
117745,193954959,Candida,Duran,15593
117746,111062707,Gabriela,Melendez,15594
117747,268323221,Felipa,Alcalde,15595
117748,469836280,Tecla,Recio,15596
117749,467400952,Nereida,Arana,15597
117750,261722830,Amada,Cortes,15598
117751,235019986,Desiderio,Castro,15599
117752,991203088,Mirta,Soler,15600
117753,279165098,Fermin,Rosello,15601
117754,286111688,Daniel,Vinas,15602
117755,310620037,Mar,Cases,15603
117756,828319505,Adrian,Lamas,15604
117757,924302099,Edgar,Vega,15605
117758,193547818,Jose Mari,Melendez,15606
117759,953873235,Sandalio,Torrens,15607
117760,218134993,Araceli,Llorens,15608
117761,645979037,Reynaldo,Fabregat,15609
117762,839745794,Sandalio,Quiros,15610
117763,136903771,Teodosio,Agudo,15611
117764,536468684,Juan Antonio,Pallares,15612
117765,605599416,Pepito,Roldan,15613
117766,586257720,Regina,Alcaraz,15614
117767,127461088,Lorena,Calvo,15615
117768,126996138,Merche,Rodriguez,15616
117769,678621989,Miguela,Lobo,15617
117770,774630018,Julian,Peralta,15618
117771,348754381,Candelaria,Gibert,15619
117772,257186499,Lisandro,Valverde,15620
117773,196492000,Francisco,Navas,15621
117774,832464381,Marcia,Otero,15622
117775,651405837,Angelina,Ribes,15623
117776,344078061,Teodora,Blanca,15624
117777,255731263,Jeremias,Robles,15625
117778,977584783,Xiomara,Montes,15626
117779,533437339,Alvaro,Marti,15627
117780,306376378,Cristian,Colom,15628
117781,971335371,Crescencia,Guerra,15629
117782,374906148,Lalo,Valenzuela,15630
117783,395676650,Nayara,Alberto,15631
117784,978635637,Isidro,Pera,15632
117785,258189501,Guillermo,Zurita,15633
117786,418541964,Rufina,Pomares,15634
117787,361243246,Primitiva,Azorin,15635
117788,840704631,Aureliano,Muniz,15636
117789,945691165,Nadia,Urena,15637
117790,751727782,Diana,Bustos,15638
117791,735496938,Anabel,Gomila,15639
117792,165588346,Natalia,Olivares,15640
117793,858758246,Nazaret,Sosa,15641
117794,290368483,Virgilio,Reguera,15642
117795,751965052,Lupe,Gibert,15643
117796,865969233,Amancio,Llorente,15644
117797,700749611,Jose,Guzman,15645
117798,933579581,Luz,Cabello,15646
117799,662874071,Angel,Andrade,15647
117800,891519859,Jessica,Anaya,15648
117801,170003767,Reina,Arregui,15649
117802,606840655,Jafet,Gimeno,15650
117803,507908829,Feliciana,Palomino,15651
117804,511832699,Rosalia,Tomas,15652
117805,529013793,Dorita,Carrasco,15653
117806,428151421,Marcela,Montalban,15654
117807,880480692,Filomena,Bauza,15655
117808,386345473,Danilo,Sanmartin,15656
117809,196976661,Ruben,Botella,15657
117810,848951326,Bibiana,Salom,15658
117811,655280678,Amado,Fernandez,15659
117812,370385487,Victor Manuel,Piquer,15660
117813,832021763,Fernanda,Martin,15661
117814,250256531,Tadeo,Domenech,15662
117815,120110419,Maristela,Hernandez,15663
117816,703139744,Benito,Marin,15664
117817,871540639,Claudia,Munoz,15665
117818,634775286,Vito,Mayoral,15666
117819,538546551,Francisco Jose,Cueto,15667
117820,884657989,Fabricio,Donoso,15668
117821,760743731,Ingrid,Zaragoza,15669
117822,288804448,Maximiano,Olmedo,15670
117823,309839680,Maxi,Duran,15671
117824,335248518,Carmen,Perez,15672
117825,729551946,Angela,Roig,15673
117826,459005854,Ariadna,Villalonga,15674
117827,137721036,Efrain,Pinol,15675
117828,564205863,Dolores,Galvez,15676
117829,574853574,Martina,Barbero,15677
117830,419286517,Florencia,Landa,15678
117831,149025125,Rosa,Cuervo,15679
117832,689777954,Encarna,Matas,15680
117833,363132575,Leonel,Sanabria,15681
117834,986126537,Rosalinda,Morell,15682
117835,538259976,Rosa Maria,Sala,15683
117836,377162858,Vicente,Chamorro,15684
117837,265750650,Salvador,Garay,15685
117838,594524667,Elba,Ferrandez,15686
117839,435614862,Guiomar,Camino,15687
117840,605527812,Narciso,Garcia,15688
117841,142289330,Tecla,Cifuentes,15689
117842,922039422,Lucho,Larrea,15690
117843,121640512,Jacinta,Leon,15691
117844,149608863,Francisco,Barrena,15692
117845,809469684,Inocencio,Rossello,15693
117846,379033937,Sandra,Cabezas,15694
117847,318128548,Saturnino,Bayona,15695
117848,151150331,Delfina,Mayoral,15696
117849,179886462,Rafa,Mari,15697
117850,704389999,Cebrian,Torrijos,15698
117851,702903003,Kike,Coll,15699
117852,940120750,Jose Ramon,Pallares,15700
117853,676436494,Antonio,Cerro,15701
117854,428382166,Tono,Pomares,15702
117855,847160220,Basilio,Barragan,15703
117856,420270341,Ariel,Paez,15704
117857,786601023,Rolando,Tomas,15705
117858,475286298,Luis,Cespedes,15706
117859,875113178,Debora,Botella,15707
117860,276933811,Eloy,Espana,15708
117861,681012676,Julie,Tena,15709
117862,397028655,Lupe,Alsina,15710
117863,437486334,Ana,Vigil,15711
117864,485605114,Paola,Amat,15712
117865,154666237,Vilma,Carreras,15713
117866,780034209,Silvia,Esteban,15714
117867,113376728,Martin,Canals,15715
117868,344383134,Hipolito,Villalba,15716
117869,701043471,Leon,Campoy,15717
117870,618866883,Valentina,Tudela,15718
117871,231879835,Martina,Toro,15719
117872,160117358,Azahara,Correa,15720
117873,191168977,Olimpia,Planas,15721
117874,280361590,Ema,Bonet,15722
117875,682402836,Marcela,Robledo,15723
117876,984400669,Eva Maria,Roura,15724
117877,842400695,Paco,Isern,15725
117878,416364227,Fatima,Torrent,15726
117879,240426127,Timoteo,Gracia,15727
117880,900469926,Mohamed,Ayllon,15728
117881,523337299,Candelas,Leiva,15729
117882,423487468,Jose Francisco,Collado,15730
117883,679584674,Adelaida,Penas,15731
117884,895790217,Gil,Sala,15732
117885,207388380,Pastora,Bas,15733
117886,401576484,Aranzazu,Rebollo,15734
117887,174596027,Nadia,Bueno,15735
117888,340630844,Josefina,Gimenez,15736
117889,719187462,Cristian,Roldan,15737
117890,524482074,Eloisa,Cifuentes,15738
117891,864131592,Genoveva,Solis,15739
117892,175241615,Berto,Carro,15740
117893,313158119,Edgar,Cifuentes,15741
117894,637406518,Guillermo,Castillo,15742
117895,676057287,Antonia,Gimeno,15743
117896,144457093,Cirino,Torrecilla,15744
117897,332889948,Anastasia,Prado,15745
117898,740023720,Pelayo,Sole,15746
117899,525313061,Eutropio,Landa,15747
117900,685687301,Alcides,Vallejo,15748
117901,529187861,Pastor,Alcolea,15749
117902,602814795,Beatriz,Luis,15750
117903,349409321,Fidela,Chico,15751
117904,734120246,Flavia,Chamorro,15752
117905,199358007,Yessica,Agullo,15753
117906,840251881,Chema,Azorin,15754
117907,496144219,Belen,Mena,15755
117908,126159103,Felicia,Otero,15756
117909,178801178,Jordi,Armas,15757
117910,967628348,Monica,Lluch,15758
117911,454332404,Piedad,Jurado,15759
117912,997458416,Eva Maria,Carreno,15760
117913,205040386,Diego,Falcon,15761
117914,202771186,Olegario,Esteban,15762
117915,776643556,Fausto,Juan,15763
117916,163911836,Marcelino,Cervantes,15764
117917,849000363,Aroa,Noguera,15765
117918,284561893,Moreno,Cisneros,15766
117919,907105582,Tania,Egea,15767
117920,818726988,Matilde,Rodriguez,15768
117921,374697149,Timoteo,Lara,15769
117922,715224658,Gertrudis,Aroca,15770
117923,213106448,Mohamed,Serrano,15771
117924,257517314,Reinaldo,Pardo,15772
117925,640580282,Agapito,Berrocal,15773
117926,297121775,Zacarias,Hurtado,15774
117927,796105792,Victor,Terron,15775
117928,983134875,Lupe,Cordoba,15776
117929,652086831,Iban,Alsina,15777
117930,716405492,Benigno,Cabanillas,15778
117931,849448267,Mercedes,Arribas,15779
117932,304647503,Rosalia,Aparicio,15780
117933,359126125,Yolanda,Rosales,15781
117934,415773508,Lope,Cano,15782
117935,982367202,Alonso,Lledo,15783
117936,427684057,Sebastian,Rebollo,15784
117937,648382655,David,Segovia,15785
117938,426173886,Alcides,Tena,15786
117939,479007145,Adalberto,Escamilla,15787
117940,620927762,Emiliana,Godoy,15788
117941,868472833,Augusto,Amador,15789
117942,327368064,Susanita,Andres,15790
117943,414497804,Lorenza,Tamayo,15791
117944,855285101,Angel,Escobar,15792
117945,812813455,Lucila,Mercader,15793
117946,294287202,Fatima,Jauregui,15794
117947,995163182,Jose Manuel,Gomila,15795
117948,986004382,Isabel,Paz,15796
117949,883988120,Gervasio,Caparros,15797
117950,792155900,Fabian,Bautista,15798
117951,387523924,Antonio,Marquez,15799
117952,186561604,Ursula,Marti,15800
117953,789947322,Iris,Suarez,15801
117954,543060270,Anselma,Villegas,15802
117955,378305106,Adolfo,Coca,15803
117956,279927227,Reyna,Camara,15804
117957,484447403,Pastora,Julian,15805
117958,981474322,Cecilio,Anton,15806
117959,942771375,Dario,Baron,15807
117960,229237376,Roldan,Tejedor,15808
117961,525327865,Bibiana,Alcazar,15809
117962,263798053,Samanta,Zamorano,15810
117963,647281298,Mireia,Cobos,15811
117964,841923782,Silvia,Segarra,15812
117965,136594160,Casemiro,Figuerola,15813
117966,661034150,Zoraida,Pareja,15814
117967,678073289,Jesus,Segui,15815
117968,997172501,Almudena,Monreal,15816
117969,917168859,Georgina,Figueroa,15817
117970,425920016,Candela,Carreno,15818
117971,703002875,Sandalio,Molina,15819
117972,236993828,Gala,Menendez,15820
117973,607034921,Remigio,Pinilla,15821
117974,599108946,Candelario,Bernal,15822
117975,119123981,Maximiliano,Fuertes,15823
117976,862828748,Sebastian,Rocha,15824
117977,236114452,Jonatan,Villena,15825
117978,367237650,Joaquin,Alberdi,15826
117979,810153825,Ileana,Vinas,15827
117980,684621200,Fausto,Serra,15828
117981,821144961,Amalia,Ripoll,15829
117982,351402641,Selena,Rodrigo,15830
117983,794543820,Mauricio,Gallardo,15831
117984,544906076,Socorro,Coello,15832
117985,835857753,Gracia,Heras,15833
117986,505655329,Nuria,Gimeno,15834
117987,428012512,Cecilio,Aguilera,15835
117988,575740179,Prudencio,Bermudez,15836
117989,990476078,Donato,Bejarano,15837
117990,720387480,Javier,Chaparro,15838
117991,220835339,America,Vigil,15839
117992,926766554,Camilo,Ariza,15840
117993,866183479,Alberto,Gimeno,15841
117994,272434913,Viviana,Vives,15842
117995,589122574,Maximiano,Gimenez,15843
117996,219942530,Nuria,Galan,15844
117997,561748606,Fausto,Gual,15845
117998,874731195,Conrado,Acevedo,15846
117999,676827971,Sosimo,Plaza,15847
118000,397349457,Anna,Vendrell,15848
118001,998976948,Modesto,Cano,15849
118002,745271652,Cleto,Badia,15850
118003,929394162,Nuria,Millan,15851
118004,423765448,Porfirio,Daza,15852
118005,522936434,Angelica,Salinas,15853
118006,140239819,Juan Manuel,Pallares,15854
118007,335840033,Anacleto,Bilbao,15855
118008,288440457,Almudena,Osuna,15856
118009,160552889,Victoria,Serna,15857
118010,374662800,Natalia,Criado,15858
118011,673527478,Julian,Pomares,15859
118012,429198679,Rosendo,Diaz,15860
118013,266468091,Cleto,Goicoechea,15861
118014,169495842,Mateo,Conde,15862
118015,809349326,Araceli,Prada,15863
118016,678783189,Placido,Aragones,15864
118017,192371766,Feliciano,Amador,15865
118018,888876370,Ana Belen,Cervantes,15866
118019,476327611,Encarnacion,Capdevila,15867
118020,910709924,Cleto,Berenguer,15868
118021,318386227,Paola,Cantero,15869
118022,970376878,Esperanza,Trujillo,15870
118023,572328456,Bautista,Moraleda,15871
118024,701605832,Nicolas,Peiro,15872
118025,539716590,Jose Angel,Vina,15873
118026,914386450,Miguela,Pineiro,15874
118027,388697019,Encarna,Chaparro,15875
118028,664183462,Pascual,Ferrer,15876
118029,992511382,Juanito,Fuster,15877
118030,939983755,Isa,Serna,15878
118031,556362938,Gerardo,Guitart,15879
118032,451437001,Araceli,Zapata,15880
118033,933467047,Elpidio,Bustos,15881
118034,651781213,Samu,Melero,15882
118035,826734828,Fabricio,Vina,15883
118036,352127811,Mayte,Lujan,15884
118037,290259146,Jesusa,Gilabert,15885
118038,430289256,Sandra,Pavon,15886
118039,806111742,Horacio,Plaza,15887
118040,937266755,Anabel,Villar,15888
118041,388976135,Marcial,Olivera,15889
118042,135335179,Demetrio,Quevedo,15890
118043,403133002,Cruz,Cazorla,15891
118044,878148785,Maricela,Ariza,15892
118045,956387353,Teo,Vergara,15893
118046,939295031,Cebrian,Espejo,15894
118047,947291920,Jose Antonio,Maza,15895
118048,181456872,Jose Francisco,Vives,15896
118049,685180700,Maria Fernanda,Orozco,15897
118050,765043079,Urbano,Pacheco,15898
118051,501781022,Lisandro,Cabello,15899
118052,137386302,Selena,Guzman,15900
118053,229256023,Jenny,Fernandez,15901
118054,930306876,Azahara,Llabres,15902
118055,891109605,Lidia,Pujadas,15903
118056,437930068,Olga,Ponce,15904
118057,576907903,Ciro,Aranda,15905
118058,602707547,Ale,Pereira,15906
118059,193079896,Paz,Suarez,15907
118060,777412415,Geraldo,Chacon,15908
118061,933988794,Sosimo,Gallo,15909
118062,603679970,Duilio,Palma,15910
118063,887181052,Candelas,Adadia,15911
118064,561921973,Fito,Torres,15912
118065,554743072,Eusebio,Elias,15913
118066,230573192,Yessica,Ribes,15914
118067,519991010,Sara,Adan,15915
118068,133061891,Rocio,Costa,15916
118069,934434631,Virgilio,Yanez,15917
118070,842078704,Evelia,Arce,15918
118071,765739919,Rene,Ferrer,15919
118072,514912762,Domitila,Angulo,15920
118073,289423354,Lorena,Morante,15921
118074,702195319,Ruth,Zorrilla,15922
118075,437109253,Nacio,Bello,15923
118076,627583233,Alcides,Pozo,15924
118077,478642644,Pancho,Luna,15925
118078,240308670,Mariano,Frias,15926
118079,495911580,Emma,Heredia,15927
118080,361487515,Rebeca,Borras,15928
118081,190213587,Juan Luis,Muro,15929
118082,963805096,Moreno,Morales,15930
118083,925075140,Febe,Corbacho,15931
118084,279487778,Felipe,Paredes,15932
118085,669247399,Severo,Arana,15933
118086,542100669,Jenaro,Sandoval,15934
118087,434556652,Prudencio,Peral,15935
118088,219406034,Adolfo,Ferrandiz,15936
118089,697769769,Venceslas,Solano,15937
118090,699820217,Quirino,Delgado,15938
118091,200921723,Nilda,Pareja,15939
118092,771638382,Jimena,Gabaldon,15940
118093,972740681,Alfonso,Solera,15941
118094,442148401,Esperanza,Madrigal,15942
118095,189728392,Amaya,Gual,15943
118096,736117073,Rosa,Carreras,15944
118097,278057772,Damian,Salas,15945
118098,741228236,Juanita,Linares,15946
118099,241883409,Lupe,Fiol,15947
118100,262147550,Severo,Tamarit,15948
118101,732360760,Paola,Rubio,15949
118102,543323573,Gregorio,Davila,15950
118103,128372060,Jose Antonio,Pedraza,15951
118104,909265520,Fernando,Barragan,15952
118105,893395312,Camila,Arribas,15953
118106,650876750,Viviana,Buendia,15954
118107,396637311,Apolinar,Galvan,15955
118108,338518202,Nico,Tena,15956
118109,312987983,Leire,Pineda,15957
118110,477197263,Amparo,Carmona,15958
118111,587208438,Rafa,Villalba,15959
118112,289794517,Lupita,Talavera,15960
118113,557163638,Juan Jose,Ferrando,15961
118114,157162694,Albino,Alonso,15962
118115,415204211,Berta,Ferreras,15963
118116,743141044,Leopoldo,Francisco,15964
118117,552070419,Rosalinda,Arrieta,15965
118118,901116678,Edgar,Campo,15966
118119,534993512,Alvaro,Galiano,15967
118120,504670371,Leyre,Castilla,15968
118121,761629949,Maria Belen,Nicolau,15969
118122,219651200,Luciana,Carballo,15970
118123,717840851,Alejandra,Chaves,15971
118124,445520484,Loida,Blanch,15972
118125,818169327,Ignacio,Robles,15973
118126,977779285,Oriana,Pizarro,15974
118127,201511165,Azahar,Pintor,15975
118128,961820556,Pastora,Beltran,15976
118129,864520626,Remigio,Recio,15977
118130,441373814,Bienvenida,Guardiola,15978
118131,831059738,Aitor,Giron,15979
118132,514508445,Enrique,Ibanez,15980
118133,986953199,Consuela,Larranaga,15981
118134,580742782,Jose Luis,Ribas,15982
118135,883112865,Carlota,Sacristan,15983
118136,782361409,Asdrubal,Anton,15984
118137,372657578,Jesusa,Pons,15985
118138,933046375,Ildefonso,Castilla,15986
118139,366467467,Graciana,Morales,15987
118140,229357308,Primitivo,Guerrero,15988
118141,669252559,Nacho,Sastre,15989
118142,164581045,Roberta,Garces,15990
118143,241873161,Belen,Abellan,15991
118144,317920062,Gala,Villena,15992
118145,965389530,Juan Carlos,Guillen,15993
118146,427061829,Gerardo,Pages,15994
118147,518162325,Augusto,Rosales,15995
118148,442149168,Berto,Colomer,15996
118149,115201381,Ramona,Canas,15997
118150,307429759,Poncio,Gisbert,15998
118151,413378547,Mar,Aviles,15999
118152,165128111,Florencia,Lobato,16000
118153,239889928,Juan Manuel,Abellan,16001
118154,491599414,Rolando,Agudo,16002
118155,992781072,Palmira,Mendoza,16003
118156,155724455,Anselma,Goicoechea,16004
118157,531950914,Alvaro,Artigas,16005
118158,166180489,Rosenda,Valero,16006
118159,977986313,Cebrian,Solsona,16007
118160,487089532,Dorotea,Llobet,16008
118161,999450502,Sebastian,Parra,16009
118162,667151691,Ruperto,Amaya,16010
118163,283434718,Morena,Zaragoza,16011
118164,898057779,Maria Dolores,Ayllon,16012
118165,851220351,Bartolome,Talavera,16013
118166,950670687,Nico,Rosa,16014
118167,309549394,Alicia,Esteban,16015
118168,783652136,Desiderio,Escobar,16016
118169,484008079,Baudelio,Pinilla,16017
118170,158551365,Ariel,Pascual,16018
118171,977609220,Prudencio,Canizares,16019
118172,695234947,Jacobo,Millan,16020
118173,923456704,Nereida,Tejada,16021
118174,989551137,Merche,Bernad,16022
118175,546165551,Eustaquio,Barbero,16023
118176,951508394,Juan Francisco,Alfaro,16024
118177,958906914,Anastasia,Zurita,16025
118178,473282584,Reinaldo,Calvo,16026
118179,265148613,Amarilis,Moraleda,16027
118180,186498106,Chita,Viana,16028
118181,159424746,Candelas,Marco,16029
118182,111696232,Julian,Otero,16030
118183,733327987,Pascual,Maza,16031
118184,394084414,Clara,Casal,16032
118185,528889840,Sancho,Bayo,16033
118186,647224179,Merche,Cuadrado,16034
118187,785954546,Agata,Barros,16035
118188,309191172,Maria Teresa,Lucena,16036
118189,870148367,Horacio,Donoso,16037
118190,374343052,Mohamed,Lozano,16038
118191,787774129,Yessica,Jauregui,16039
118192,115865959,Serafina,Coloma,16040
118193,185558535,Damian,Aguila,16041
118194,840753224,Felipe,Jara,16042
118195,871844468,Evangelina,Galan,16043
118196,292612572,Sandra,Barros,16044
118197,501089936,Tiburcio,Linares,16045
118198,836800817,Manu,Fiol,16046
118199,827837606,Bartolome,Azorin,16047
118200,112471326,Gaspar,Bastida,16048
118201,676648214,Guiomar,Duenas,16049
118202,782631006,Lupe,Torrens,16050
118203,343924647,Abilio,Pinilla,16051
118204,881593539,Nuria,Estevez,16052
118205,473541860,Fabiana,Tirado,16053
118206,484869034,Javi,Arteaga,16054
118207,795397126,Angelino,Gracia,16055
118208,471728244,Aitana,Casals,16056
118209,905927381,Rico,Catalan,16057
118210,342646776,Cecilio,Garces,16058
118211,297023953,Gabriela,Cortina,16059
118212,135017052,Berta,Aragones,16060
118213,663259414,Rufino,Marquez,16061
118214,411930751,Edelmira,Milla,16062
118215,387378512,Aroa,Ribera,16063
118216,998958259,Glauco,Quintana,16064
118217,722551096,Alex,Castilla,16065
118218,695499004,Piedad,Fajardo,16066
118219,851163900,Adolfo,Vinas,16067
118220,949238433,Julio,Capdevila,16068
118221,381610096,Maria Pilar,Ledesma,16069
118222,190670885,Iker,Diez,16070
118223,778211115,Micaela,Valles,16071
118224,263512401,Leoncio,Seco,16072
118225,374502113,Petrona,Higueras,16073
118226,486497283,Graciela,Manrique,16074
118227,436496082,Adelina,Arjona,16075
118228,871758207,Hipolito,Ferreras,16076
118229,592200049,Miguel Angel,Campo,16077
118230,340517674,Agapito,Fuertes,16078
118231,388132779,Carmina,Cerezo,16079
118232,226706055,Dominga,Abril,16080
118233,919521825,Tecla,Rico,16081
118234,643216804,Celso,Jorda,16082
118235,124300607,Haroldo,Rivas,16083
118236,652243512,Onofre,Tome,16084
118237,603433998,Lilia,Cervera,16085
118238,797403704,Teresa,Rosado,16086
118239,570853498,Perlita,Bello,16087
118240,612449994,Adriana,Pedro,16088
118241,667612268,Dan,Marti,16089
118242,298271622,Faustino,Carrillo,16090
118243,760431824,Aurelia,Llado,16091
118244,403679161,Adolfo,Carreno,16092
118245,784059777,Oscar,Marquez,16093
118246,738411288,Manola,Cuevas,16094
118247,882559311,Lola,Benitez,16095
118248,691557554,Marisa,Exposito,16096
118249,195228325,Alfonso,Canet,16097
118250,105706957,Arcelia,Cases,16098
118251,860268439,Rico,Corominas,16099
118252,519418134,Cecilio,Casas,16100
118253,709773373,Sigfrido,Pineiro,16101
118254,874464663,Ana,Anglada,16102
118255,816460163,Ruben,Millan,16103
118256,201068527,Elodia,Pineiro,16104
118257,496416080,Roque,Malo,16105
118258,773428761,Bibiana,Vigil,16106
118259,908770336,Noa,Fernandez,16107
118260,412173770,Manolo,Pou,16108
118261,313552468,Teofilo,Tomas,16109
118262,985499121,Emilia,Fuster,16110
118263,427033925,Rosa,Casado,16111
118264,478129701,Concepcion,Julia,16112
118265,776094330,Isabela,Amores,16113
118266,895393767,Rico,Rossello,16114
118267,324840453,Alicia,Fonseca,16115
118268,397769938,Carmina,Espanol,16116
118269,385552639,Efrain,Sevillano,16117
118270,273615317,Domitila,Verdejo,16118
118271,877743055,Alejo,Ros,16119
118272,471318997,Jose Antonio,Pintor,16120
118273,157189139,Cintia,Sans,16121
118274,678244677,Luis,Canovas,16122
118275,113141872,Isabela,Solsona,16123
118276,541057450,Heliodoro,Valenciano,16124
118277,842439227,Candelas,Jara,16125
118278,179057113,Benito,Lastra,16126
118279,107090869,Reina,Bermudez,16127
118280,903976706,Conrado,Valenzuela,16128
118281,713277417,Lazaro,Perera,16129
118282,588145658,Maribel,Bernad,16130
118283,264885629,Moises,Anton,16131
118284,956789189,Ale,Carretero,16132
118285,511817343,Milagros,Cabezas,16133
118286,534105389,Felix,Pino,16134
118287,212106690,Maria,Silva,16135
118288,938102415,Duilio,Canet,16136
118289,167660248,Roque,Araujo,16137
118290,300427221,Dalila,Sala,16138
118291,521760317,Emilia,Asenjo,16139
118292,992943699,Ramiro,Artigas,16140
118293,396107241,Arsenio,Mas,16141
118294,490472457,Felisa,Menendez,16142
118295,766007709,Ainara,Benitez,16143
118296,714244623,Sancho,Landa,16144
118297,836598881,Faustino,Suarez,16145
118298,738110400,Fortunata,Cabezas,16146
118299,926343753,Gracia,Tirado,16147
118300,896002984,Clara,Lerma,16148
118301,119410685,Nuria,Perea,16149
118302,499544869,Dorita,Pena,16150
118303,894124740,Aurelia,Canton,16151
118304,813486706,Martin,Barrio,16152
118305,250568960,Anibal,Ledesma,16153
118306,173730615,Moreno,Martinez,16154
118307,348893975,Santos,Gutierrez,16155
118308,285239148,Leandro,Bou,16156
118309,751135792,Alfredo,Echeverria,16157
118310,373159139,Concha,Mariscal,16158
118311,944135100,Alberto,Revilla,16159
118312,375095346,Anabel,Frutos,16160
118313,616020383,Eligio,Pacheco,16161
118314,124284332,Veronica,Echevarria,16162
118315,254876113,Beatriz,Sanchez,16163
118316,177856842,Dimas,Puente,16164
118317,688051926,Iban,Gabaldon,16165
118318,799062286,Coral,Tolosa,16166
118319,791077700,Bartolome,Ribera,16167
118320,467518222,Kike,Canas,16168
118321,262811150,Jacinto,Agusti,16169
118322,727062034,Eli,Barcelo,16170
118323,535980348,Maria Angeles,Camino,16171
118324,215545556,Ofelia,Arjona,16172
118325,453318282,Sosimo,Mur,16173
118326,644488351,Amancio,Aroca,16174
118327,166654916,Borja,Mayol,16175
118328,461849855,Rebeca,Franco,16176
118329,153498997,Viviana,Coello,16177
118330,141499698,Toni,Alcantara,16178
118331,579478253,Carina,Avila,16179
118332,198111786,Tamara,Ramon,16180
118333,792517871,Laura,Pons,16181
118334,880832860,Jordan,Segovia,16182
118335,282418238,Irma,Sanz,16183
118336,976141373,Paola,Solano,16184
118337,880094585,Eugenio,Soria,16185
118338,250008682,Morena,Samper,16186
118339,280104171,Mercedes,Hernandez,16187
118340,331675985,Pili,Barrio,16188
118341,421742909,Dionisio,Galvan,16189
118342,538248859,Ursula,Jerez,16190
118343,814165658,Cristian,Guijarro,16191
118344,479057606,Xiomara,Bayon,16192
118345,547725387,Anita,Bayon,16193
118346,361622795,Virgilio,Bertran,16194
118347,413997570,Ramiro,Anglada,16195
118348,953958948,Teodosio,Arteaga,16196
118349,497824926,Telmo,Gomez,16197
118350,347326350,Soledad,Llabres,16198
118351,148743593,Nazaret,Pina,16199
118352,509918275,Paz,Gallego,16200
118353,989091773,Samanta,Figuerola,16201
118354,373309961,Eloy,Zurita,16202
118355,249106861,Fulgencio,Soler,16203
118356,130474966,Candelaria,Correa,16204
118357,246796834,Balduino,Cortina,16205
118358,508346190,Dorotea,Lastra,16206
118359,124951343,Ciro,Vidal,16207
118360,148603832,Nuria,Caparros,16208
118361,347450456,Wilfredo,Aparicio,16209
118362,489486961,Inocencio,Vargas,16210
118363,258708997,Cebrian,Artigas,16211
118364,346951869,Lidia,Bosch,16212
118365,273418839,Jordi,Manzano,16213
118366,541371667,Lisandro,Fuentes,16214
118367,781838960,Rene,Sanz,16215
118368,695433224,Azahara,Cazorla,16216
118369,151013034,Quique,Puig,16217
118370,499038707,Abel,Bustamante,16218
118371,569004214,Maricela,Mayol,16219
118372,492131551,Luz,Rios,16220
118373,934977871,Eutropio,Belda,16221
118374,929321400,Pascual,Figuerola,16222
118375,11602046,Loreto,Aguilar,16223
118376,329210540,Clementina,Mata,16224
118377,858914220,Marisol,Clemente,16225
118378,253183427,Virgilio,Gutierrez,16226
118379,304302774,Moreno,Salmeron,16227
118380,722446919,Patricia,Torralba,16228
118381,309443540,Abilio,Rozas,16229
118382,746777696,Andres Felipe,Prado,16230
118383,877349696,Romulo,Lloret,16231
118384,592234355,Yesica,Alegre,16232
118385,588802066,Estrella,Castilla,16233
118386,729698122,Manu,Rios,16234
118387,530582298,Nayara,Pardo,16235
118388,872657768,Nestor,Torrents,16236
118389,931334692,Ruben,Macias,16237
118390,952353995,Sabina,Villanueva,16238
118391,274456233,Camilo,Castejon,16239
118392,897862910,Ligia,Amat,16240
118393,569343521,Loida,Cadenas,16241
118394,961468506,Conrado,Lledo,16242
118395,499857683,Noe,Ugarte,16243
118396,349261252,Hector,Alcazar,16244
118397,691851931,Luis,Jurado,16245
118398,595489355,Jacinta,Roma,16246
118399,525493325,Eladio,Porta,16247
118400,500745898,Julie,Pino,16248
118401,505407205,Angeles,Donaire,16249
118402,713777694,Eva Maria,Aviles,16250
118403,760477302,Azahar,Mata,16251
118404,568612436,Susanita,Isern,16252
118405,373848741,Julie,Roura,16253
118406,842847017,Rosaura,Montalban,16254
118407,771458027,Teodora,Oliva,16255
118408,227072482,Buenaventura,Borras,16256
118409,670538895,Emma,Casanova,16257
118410,514122547,Vicenta,Ayllon,16258
118411,997616677,Belen,Heredia,16259
118412,429620796,Federico,Isern,16260
118413,331580387,Eugenio,Soler,16261
118414,349349859,Roxana,Cortes,16262
118415,154364902,Virginia,Tejedor,16263
118416,265780294,Rocio,Naranjo,16264
118417,722564489,Sancho,Bermudez,16265
118418,967314995,Vito,Pineda,16266
118419,667508998,Aurea,Contreras,16267
118420,953833558,Manolo,Trillo,16268
118421,456046411,Maria Luisa,Rios,16269
118422,197511271,Lara,Clemente,16270
118423,668545433,Nerea,Luque,16271
118424,232695488,Eligio,Sarmiento,16272
118425,541546426,Nieves,Diez,16273
118426,599342836,Joel,Bueno,16274
118427,329724616,Micaela,Alfaro,16275
118428,153370652,Gregorio,Torrents,16276
118429,476465401,Bernabe,Ariza,16277
118430,459004853,Jose,Canizares,16278
118431,791339413,Teodosio,Cid,16279
118432,536329894,Ciriaco,Taboada,16280
118433,181897049,Lupe,Maza,16281
118434,920662100,Estrella,Arcos,16282
118435,403778138,Juan Antonio,Valls,16283
118436,630751519,Adelia,Guillen,16284
118437,753150761,Odalys,Jordan,16285
118438,799800220,Fabricio,Duarte,16286
118439,463594311,Loreto,Castillo,16287
118440,899770107,Manuelita,Gracia,16288
118441,556671609,Camilo,Santamaria,16289
118442,374613870,Concha,Domenech,16290
118443,256846271,Evita,Ribas,16291
118444,103243049,Crescencia,Godoy,16292
118445,756195050,Alicia,Juan,16293
118446,748316161,Evaristo,Villegas,16294
118447,415120852,Iban,Quintero,16295
118448,473150123,Paulina,Sole,16296
118449,834821211,Ariel,Alamo,16297
118450,316935879,Alcides,Yanez,16298
118451,612558687,Dolores,Moliner,16299
118452,926702671,Herberto,Vall,16300
118453,550560324,Trini,Mariscal,16301
118454,684475050,Jose Francisco,Hierro,16302
118455,322009649,Eutimio,Arino,16303
118456,746313475,Felisa,Sanchez,16304
118457,286501447,Araceli,Gras,16305
118458,913320142,Agustina,Adan,16306
118459,988781403,Maria Fernanda,Beltran,16307
118460,186813295,Alondra,Montesinos,16308
118461,873428240,Amanda,Rocha,16309
118462,485020254,Mariana,Perez,16310
118463,734901625,Lina,Porta,16311
118464,356244171,Nicolas,Mateu,16312
118465,724061045,Claudia,Salazar,16313
118466,233292487,Maximo,Pazos,16314
118467,767757216,Adriana,Galan,16315
118468,825493843,Sebastian,Corbacho,16316
118469,108623478,Tatiana,Roman,16317
118470,510324385,Severo,Arteaga,16318
118471,612960382,Corona,Galvan,16319
118472,301235702,Pascual,Rebollo,16320
118473,603593776,Maximiano,Morera,16321
118474,342924349,Rico,Galiano,16322
118475,299538948,Damian,Silva,16323
118476,336953256,Alonso,Barrio,16324
118477,780027980,Brigida,Cid,16325
118478,523391327,Gabriela,Asensio,16326
118479,782855555,Poncio,Bosch,16327
118480,675741683,Leonardo,Garate,16328
118481,258203628,Malena,Belda,16329
118482,931353498,Berta,Suarez,16330
118483,981246258,Fausto,Alcaraz,16331
118484,931366620,Aranzazu,Burgos,16332
118485,436019135,Victoria,Ojeda,16333
118486,681927494,Javiera,Sainz,16334
118487,248576836,Lucho,Exposito,16335
118488,352004990,Marcela,Leal,16336
118489,533043006,Gregorio,Barba,16337
118490,622901838,Teresa,Marin,16338
118491,174793431,Cruz,Navarro,16339
118492,304494527,Juan Pablo,Arenas,16340
118493,328277334,Agata,Elias,16341
118494,416311278,Teresa,Gordillo,16342
118495,412485174,Ruben,Cornejo,16343
118496,867817269,Ivan,Puga,16344
118497,481017089,Ramon,Saura,16345
118498,751283557,Manuela,Roman,16346
118499,500366896,Celestina,Mendoza,16347
118500,386986894,Anibal,Arribas,16348
118501,706797562,Araceli,Miralles,16349
118502,763239164,Pia,Almansa,16350
118503,639902495,Lucila,Cerro,16351
118504,660971168,Esteban,Rey,16352
118505,629681821,Benita,Pulido,16353
118506,205646758,Prudencio,Segarra,16354
118507,255238164,Chus,Sole,16355
118508,337454079,Petrona,Andres,16356
118509,984418600,Abraham,Baena,16357
118510,359565351,Julio Cesar,Hernandez,16358
118511,163715589,Gema,Jaen,16359
118512,873065510,Jorge,Lara,16360
118513,832826935,Blanca,Julia,16361
118514,217288535,Jacinto,Sanchez,16362
118515,125574991,Santiago,Hierro,16363
118516,117312135,Glauco,Herrero,16364
118517,871798194,Eugenio,Leiva,16365
118518,185514268,Monica,Solano,16366
118519,753357777,Genoveva,Diaz,16367
118520,185979060,Aurelia,Tellez,16368
118521,143550781,Eloy,Crespo,16369
118522,109909601,Chelo,Sainz,16370
118523,616787525,Azahara,Marco,16371
118524,283981472,Jenaro,Iniguez,16372
118525,444816385,Vicente,Galan,16373
118526,200257877,Basilio,Guillen,16374
118527,774888839,Silvia,Vaquero,16375
118528,782474198,Cristobal,Gracia,16376
118529,152774273,Pancho,Cobos,16377
118530,665124771,Goyo,Quintero,16378
118531,649851143,Rosalina,Ricart,16379
118532,905049371,Adelardo,Prats,16380
118533,972277856,Rosenda,Mas,16381
118534,947655245,Griselda,Jauregui,16382
118535,890165055,Mauricio,Crespo,16383
118536,319093802,Valerio,Barrios,16384
118537,344024509,Monica,Somoza,16385
118538,387479409,Cristian,Jurado,16386
118539,552487810,Leocadio,Carbo,16387
118540,425295167,Teodora,Prats,16388
118541,501142275,Rafaela,Perea,16389
118542,410695010,Jose,Guitart,16390
118543,640332586,Silvio,Briones,16391
118544,924224114,Carmen,Solsona,16392
118545,479906315,Faustino,Munoz,16393
118546,886214809,Lino,Folch,16394
118547,502569826,Ramon,Agudo,16395
118548,390538900,Alcides,Rojas,16396
118549,322210770,Xiomara,Uria,16397
118550,807994763,Luciana,Amat,16398
118551,957124011,Aurea,Palacios,16399
118552,778413163,Rolando,Llamas,16400
118553,167163661,Alejo,Pavon,16401
118554,964963312,Emiliano,Morante,16402
118555,429316402,Abraham,Caceres,16403
118556,531986279,Natalia,Castilla,16404
118557,882672629,Francisco Javier,Llorens,16405
118558,608558354,Dorita,Sabater,16406
118559,606350519,Cintia,Flor,16407
118560,332961739,Diana,Gallego,16408
118561,983131168,Octavia,Sobrino,16409
118562,795143241,Calista,Barranco,16410
118563,264424259,Rodrigo,Berrocal,16411
118564,509147799,Valerio,Taboada,16412
118565,568012574,Loreto,Vidal,16413
118566,302580114,Felicia,Simo,16414
118567,490060738,Genoveva,Urrutia,16415
118568,949799458,Modesta,Huguet,16416
118569,871815084,Leoncio,Arevalo,16417
118570,393837075,Chita,Abad,16418
118571,103858047,Josep,Villa,16419
118572,392253238,Tecla,Luque,16420
118573,459222086,Macaria,Aroca,16421
118574,910212597,Porfirio,Bosch,16422
118575,404477223,Hector,Suarez,16423
118576,255406132,Salvador,Escudero,16424
118577,156303041,Rolando,Cervera,16425
118578,657599894,Saturnina,Revilla,16426
118579,361066072,Azucena,Campillo,16427
118580,934723681,Roldan,Sanmiguel,16428
118581,239408334,Loreto,Llamas,16429
118582,245201277,German,Huguet,16430
118583,266797342,Emilio,Plaza,16431
118584,412128737,Bautista,Lastra,16432
118585,128207448,Juan Luis,Rosello,16433
118586,396731485,Sara,Olive,16434
118587,501813925,Lalo,Cerro,16435
118588,452816546,Santiago,Fuster,16436
118589,467080617,Pelayo,Ayllon,16437
118590,815538586,Ileana,Alegre,16438
118591,299976127,Valentina,Pazos,16439
118592,474085019,Modesto,Zamora,16440
118593,144170908,Cecilia,Estevez,16441
118594,631011042,Geraldo,Castilla,16442
118595,527987950,Celia,Mata,16443
118596,730085161,Geronimo,Navas,16444
118597,502448701,Heliodoro,Gamez,16445
118598,374259820,Pelayo,Solera,16446
118599,185135742,Reyes,Tenorio,16447
118600,783800106,Cleto,Riba,16448
118601,577770696,Edu,Lucas,16449
118602,611997939,Cesar,Nogueira,16450
118603,302051369,Martin,Polo,16451
118604,929884074,Martirio,Simo,16452
118605,497529689,Severo,Mancebo,16453
118606,980773792,Nando,Suarez,16454
118607,994795171,Miguela,Chamorro,16455
118608,842947595,Barbara,Jerez,16456
118609,715161304,Chema,Alegre,16457
118610,195769114,Trini,Llopis,16458
118611,331302347,Jacinta,Ballester,16459
118612,369025389,Amador,Cuesta,16460
118613,771978195,Jacinta,Colom,16461
118614,988855198,Gema,Blanca,16462
118615,272936661,Carmen,Vendrell,16463
118616,478675673,Nilda,Montoya,16464
118617,702005672,Elisa,Larranaga,16465
118618,898937380,Hernando,Velez,16466
118619,655166297,Edgar,Segui,16467
118620,339395407,Patricio,Gelabert,16468
118621,135306963,Ana Belen,Mendizabal,16469
118622,729921141,Asuncion,Gutierrez,16470
118623,926315530,Isaac,Salvador,16471
118624,346503963,Nayara,Manso,16472
118625,654104001,Evelia,Heras,16473
118626,534146144,Godofredo,Almansa,16474
118627,589260744,Felicidad,Beltran,16475
118628,909028093,Viviana,Castilla,16476
118629,190977012,Jessica,Marques,16477
118630,325808200,Jonatan,Dieguez,16478
118631,984934841,Emigdio,Rios,16479
118632,898916165,Griselda,Canals,16480
118633,974741762,Carolina,Fuente,16481
118634,361232889,Candida,Castells,16482
118635,710555484,Paca,Becerra,16483
118636,564078965,Espiridion,Bayo,16484
118637,299614080,Alfredo,Blanch,16485
118638,875403853,Domingo,Aramburu,16486
118639,304535551,Julie,Terron,16487
118640,876133172,Cipriano,Catala,16488
118641,523135218,Petrona,Correa,16489
118642,432362244,Fabian,Aguado,16490
118643,877976048,Joel,Pedro,16491
118644,834842195,Geronimo,Monreal,16492
118645,712134435,Juan Manuel,Alemany,16493
118646,808193953,Carina,Pellicer,16494
118647,992208525,Violeta,Paredes,16495
118648,331941171,Melania,Llamas,16496
118649,536450383,Elba,Paniagua,16497
118650,331945713,Perlita,Pla,16498
118651,901934536,Candela,Andreu,16499
118652,474623241,Simon,Villanueva,16500
118653,219955106,Tecla,Gordillo,16501
118654,749711809,Emma,Infante,16502
118655,638347727,Tatiana,Borja,16503
118656,804172670,Ignacio,Roman,16504
118657,470446119,Mayte,Saura,16505
118658,138479796,Juan Carlos,Rovira,16506
118659,240975352,Tito,Montes,16507
118660,874557725,Roman,Nieto,16508
118661,683914097,Roberto,Boada,16509
118662,236042136,Encarnacion,Valera,16510
118663,291738252,Clementina,Quevedo,16511
118664,665182245,Juan Luis,Ferran,16512
118665,364009832,Amor,Grau,16513
118666,922969396,Pepe,Montes,16514
118667,301252426,Celia,Hierro,16515
118668,369671788,Candela,Jorda,16516
118669,814693320,Donato,Giralt,16517
118670,447411589,Loida,Valbuena,16518
118671,749705034,Lazaro,Roura,16519
118672,331565167,Eusebio,Jimenez,16520
118673,451030812,Nicodemo,Azcona,16521
118674,476134989,Emilio,Machado,16522
118675,456879620,Aurelia,Tapia,16523
118676,213111737,Corona,Exposito,16524
118677,576918984,Ana,Godoy,16525
118678,473552332,Fulgencio,Rivera,16526
118679,358022478,Aaron,Jara,16527
118680,824409342,Olga,Amat,16528
118681,313700511,Adolfo,Montoya,16529
118682,409197434,Maria Angeles,Tur,16530
118683,858181051,Casemiro,Silva,16531
118684,340981539,Nicanor,Ferran,16532
118685,753504442,Eloisa,Busquets,16533
118686,386000335,Victor,Saenz,16534
118687,347903940,Rosario,Puerta,16535
118688,779932902,Godofredo,Marco,16536
118689,216956939,Anna,Tolosa,16537
118690,874877891,Maricruz,Vives,16538
118691,395953356,Asuncion,Valbuena,16539
118692,990565006,Gil,Mateo,16540
118693,826282594,Macaria,Saenz,16541
118694,443116847,Valerio,Ordonez,16542
118695,652928493,Vidal,Amo,16543
118696,746930617,Bautista,Aliaga,16544
118697,349220051,Adriana,Morillo,16545
118698,528202862,Ariel,Araujo,16546
118699,245163476,Alexandra,Amador,16547
118700,195837492,Gabriel,Ballesteros,16548
118701,949820623,Natalia,Pallares,16549
118702,731625732,Concepcion,Zamorano,16550
118703,518257085,Ambar,Bonet,16551
118704,318559991,Alondra,Bilbao,16552
118705,855576499,Amparo,Villalonga,16553
118706,735636599,Reyes,Heredia,16554
118707,434988721,Marta,Figueras,16555
118708,866362489,Anselmo,Goni,16556
118709,908485629,Rosario,Jerez,16557
118710,360105138,Jose Ignacio,Asenjo,16558
118711,664647446,Romulo,Arregui,16559
118712,150304368,Monica,Alonso,16560
118713,100632436,Horacio,Vigil,16561
118714,175925631,Alejandro,Rivera,16562
118715,171297854,Ivan,Marquez,16563
118716,674710786,Clara,Reguera,16564
118717,165774239,Alberto,Ponce,16565
118718,854264236,Fatima,Llopis,16566
118719,995731492,Mohamed,Pulido,16567
118720,115932787,Nando,Valero,16568
118721,544831506,Lucila,Alegre,16569
118722,320495318,Ruth,Ruano,16570
118723,366634435,Luciana,Maza,16571
118724,667082383,Paloma,Marti,16572
118725,501256302,Vilma,Ayllon,16573
118726,437036783,Berto,Alcantara,16574
118727,831004284,Maria Carmen,Diaz,16575
118728,789278724,Leire,Osuna,16576
118729,185151621,Marcos,Espanol,16577
118730,495269763,Modesto,Fuentes,16578
118731,397969997,Horacio,Jordan,16579
118732,912698043,Dulce,Gaya,16580
118733,977026209,Donato,Sevilla,16581
118734,991674486,Maria Luisa,Ledesma,16582
118735,337189226,Jose,Espanol,16583
118736,345475370,Abril,Rey,16584
118737,145232717,Leticia,Sosa,16585
118738,525384390,Eli,Mena,16586
118739,854449470,Noe,Borras,16587
118740,600516315,Paz,Puga,16588
118741,623214079,Rosendo,Figuerola,16589
118742,772068287,Florentina,Garcia,16590
118743,885518691,Sonia,Colom,16591
118744,893568405,Aitana,Plaza,16592
118745,237345340,Pilar,Alcantara,16593
118746,119064859,Silvestre,Garay,16594
118747,727930961,Emma,Barrera,16595
118748,443708447,Noelia,Rocamora,16596
118749,269896051,Fabiana,Fuertes,16597
118750,810060794,Ivan,Navarrete,16598
118751,809407882,Trinidad,Granados,16599
118752,399294903,Buenaventura,Puerta,16600
118753,687328158,Vera,Ribes,16601
118754,788737989,Alonso,Cazorla,16602
118755,226405351,Samu,Alamo,16603
118756,969997868,Trini,Hurtado,16604
118757,979362473,Nicodemo,Molins,16605
118758,746037148,Berto,Cuevas,16606
118759,450033771,Juliana,Jove,16607
118760,132117252,Fernanda,Esteve,16608
118761,967865870,Priscila,Duenas,16609
118762,871539863,Urbano,Jimenez,16610
118763,374268420,Adoracion,Pintor,16611
118764,200740915,Artemio,Aleman,16612
118765,678103642,Reinaldo,Baeza,16613
118766,646277961,Marisela,Murillo,16614
118767,946871503,Juan Pablo,Lerma,16615
118768,421393496,Balduino,Alberola,16616
118769,280271694,Natividad,Mugica,16617
118770,183281635,Virginia,Porta,16618
118771,316108285,Vasco,Penas,16619
118772,308763277,Paca,Amores,16620
118773,907356123,Quirino,Vives,16621
118774,131199073,Amaro,Munoz,16622
118775,987595825,Anibal,Ortuno,16623
118776,369284233,Cintia,Vallejo,16624
118777,571755819,Timoteo,Llamas,16625
118778,561945236,Amaro,Llopis,16626
118779,700042249,Adela,Tapia,16627
118780,989959277,Sigfrido,Mur,16628
118781,967308144,Teresita,Mendez,16629
118782,653448317,Estrella,Zorrilla,16630
118783,464202495,Fernando,Alberto,16631
118784,782608576,Clotilde,Alberto,16632
118785,532518375,Marcos,Gallo,16633
118786,907336754,Andrea,Lerma,16634
118787,287247474,Gertrudis,Carlos,16635
118788,913086983,Teresita,Carballo,16636
118789,387726928,Sosimo,Escamilla,16637
118790,186282679,Flavia,Pastor,16638
118791,329146893,Pastor,Cerda,16639
118792,847047256,Morena,Caballero,16640
118793,811247827,Gonzalo,Crespi,16641
118794,329773596,Teofila,Ramis,16642
118795,353834879,Amada,Mir,16643
118796,900198026,Adora,Sanjuan,16644
118797,976188619,Luciano,Palomar,16645
118798,456594796,Jose Angel,Avila,16646
118799,156501622,Jose,Bejarano,16647
118800,805765891,Teodoro,Giralt,16648
118801,703331857,Nestor,Mendez,16649
118802,347779377,Eva,Herranz,16650
118803,838139799,Guiomar,Montserrat,16651
118804,800255633,Isaias,Salinas,16652
118805,843333439,Benjamin,Valero,16653
118806,307979644,Felix,Vidal,16654
118807,126022476,Leocadio,Seco,16655
118808,605500737,Veronica,Goicoechea,16656
118809,156995033,Maxima,Azorin,16657
118810,373851185,Reina,Fabregas,16658
118811,950699561,Adelina,Parra,16659
118812,355080791,Samuel,Real,16660
118813,222428629,Diana,Antunez,16661
118814,488764198,Paca,Exposito,16662
118815,136614142,Lucia,Canellas,16663
118816,378321420,Alondra,Alfonso,16664
118817,419298897,Salud,Clavero,16665
118818,674265595,Consuelo,Tovar,16666
118819,821851535,Mateo,Botella,16667
118820,479864655,Francisco Javier,Contreras,16668
118821,820143059,Juan Jose,Ordonez,16669
118822,462866660,Tomas,Cazorla,16670
118823,136135490,Moreno,Ortiz,16671
118824,515148104,Agustina,Corominas,16672
118825,741069512,Nilda,Moraleda,16673
118826,106829316,Merche,Pedrosa,16674
118827,828409074,Mireia,Flor,16675
118828,148657104,Manuela,Carmona,16676
118829,698066731,Adora,Correa,16677
118830,309897938,Chema,Manzano,16678
118831,316004929,Bernardino,Paz,16679
118832,458549581,Purificacion,Estevez,16680
118833,441023442,Ruben,Torres,16681
118834,316830449,Severiano,Benet,16682
118835,743470526,Amilcar,Alvarado,16683
118836,104867792,Marianela,Pineiro,16684
118837,193397623,Efrain,Valero,16685
118838,484975626,Vicente,Velazquez,16686
118839,991051539,Sebastian,Izquierdo,16687
118840,598461084,Saturnina,Burgos,16688
118841,774104737,Estrella,Varela,16689
118842,133743365,Clara,Bello,16690
118843,135228956,Pastor,Amor,16691
118844,848769843,Humberto,Castells,16692
118845,192869510,Estrella,Quero,16693
118846,952868353,Fanny,Vendrell,16694
118847,434645835,Armando,Cordero,16695
118848,621158873,Emiliana,Gonzalez,16696
118849,420307412,Pacifica,Valls,16697
118850,110186409,Telmo,Hurtado,16698
118851,154264023,Leandra,Aguilera,16699
118852,416621180,Felipa,Rio,16700
118853,811062054,Martin,Blanca,16701
118854,581923680,Jessica,Lorenzo,16702
118855,817051255,Ulises,Rincon,16703
118856,409253720,Domitila,Tur,16704
118857,810658497,Gisela,Morante,16705
118858,521724761,Narciso,Dominguez,16706
118859,220493725,Rosario,Narvaez,16707
118860,211110760,Balduino,Peiro,16708
118861,213131470,Inigo,Rossello,16709
118862,425906454,Mirta,Bello,16710
118863,300719872,Paulina,Montero,16711
118864,775383299,Marcelino,Antunez,16712
118865,718543926,Daniel,Barriga,16713
118866,481997416,Ariel,Pons,16714
118867,158208926,Moises,Exposito,16715
118868,104245955,Buenaventura,Mendoza,16716
118869,991886293,Margarita,Coll,16717
118870,367051630,Rita,Baez,16718
118871,115570008,Aureliano,Camara,16719
118872,244152072,Maria Cristina,Echeverria,16720
118873,796713143,Florina,Rivera,16721
118874,945775248,Beatriz,Casal,16722
118875,823598629,Ambrosio,Guardia,16723
118876,640822884,Jovita,Colom,16724
118877,188333330,Hugo,Barbera,16725
118878,350490991,Irene,Pujadas,16726
118879,294932710,Camila,Andrade,16727
118880,430742407,Irma,Guerrero,16728
118881,378295753,Etelvina,Villanueva,16729
118882,228636990,Onofre,Donoso,16730
118883,306213422,Agustina,Manso,16731
118884,689713447,Geraldo,Bonet,16732
118885,248313338,Isaias,Terron,16733
118886,461739845,Jimena,Villaverde,16734
118887,415408131,Clemente,Melero,16735
118888,653902784,Anunciacion,Verdu,16736
118889,916313238,Marita,Borja,16737
118890,478780220,Laura,Ferran,16738
118891,845460187,Encarnita,Mendoza,16739
118892,581990642,Olga,Aguilo,16740
118893,561251095,Maria Angeles,Guardia,16741
118894,804145758,Oriana,Pablo,16742
118895,631961314,Chus,Acosta,16743
118896,599109433,Eliana,Atienza,16744
118897,192798594,Casandra,Olmo,16745
118898,530505030,Bonifacio,Bellido,16746
118899,266677525,Maria,Novoa,16747
118900,542770584,Juan Pablo,Canals,16748
118901,521389612,Isaac,Marti,16749
118902,190525402,Emilia,Porras,16750
118903,741239911,Jose,Capdevila,16751
118904,338006443,Ursula,Linares,16752
118905,436034155,Silvestre,Manzanares,16753
118906,948570929,Eulalia,Porcel,16754
118907,520770777,Alejandro,Santana,16755
118908,971464756,Anacleto,Sierra,16756
118909,718873092,Nuria,Portillo,16757
118910,502716129,Azahara,Armas,16758
118911,346119255,Jose Manuel,Llanos,16759
118912,213634256,Georgina,Cabello,16760
118913,189661002,Celestino,Figuerola,16761
118914,193122333,Isa,Caceres,16762
118915,106718062,Fabricio,Heras,16763
118916,429570611,Eustaquio,Cespedes,16764
118917,910796362,Juan Jose,Marti,16765
118918,853154475,Evita,Jorda,16766
118919,982875661,Prudencia,Fernandez,16767
118920,569551396,Paca,Velasco,16768
118921,537187433,Luis Angel,Paez,16769
118922,851155854,Oscar,Almagro,16770
118923,532154882,Gerardo,Arino,16771
118924,514617502,Mayte,Canete,16772
118925,723649868,Yago,Talavera,16773
118926,116053670,Duilio,Montserrat,16774
118927,996649276,Vicente,Carpio,16775
118928,271745980,Roldan,Angel,16776
118929,245657604,Alma,Canovas,16777
118930,706634632,Jose Manuel,Polo,16778
118931,271441980,Ignacia,Arroyo,16779
118932,589981966,Remigio,Corbacho,16780
118933,423622010,Martina,Gimenez,16781
118934,400134074,Quirino,Ramirez,16782
118935,142341497,Lalo,Anglada,16783
118936,520899834,Conrado,Gil,16784
118937,909278092,Elena,Falco,16785
118938,258422083,Maximino,Navarro,16786
118939,183347000,Loreto,Cerezo,16787
118940,291668426,Heriberto,Olmedo,16788
118941,407272209,Celia,Zurita,16789
118942,964117504,Ale,Madrigal,16790
118943,131722888,Corona,Galvez,16791
118944,240600252,Raul,Santos,16792
118945,650528568,Pancho,Pozuelo,16793
118946,675477044,Jennifer,Tur,16794
118947,904425500,Asdrubal,Roldan,16795
118948,143325286,Ester,Porcel,16796
118949,558563635,Nereida,Leal,16797
118950,905540067,Roman,Ribera,16798
118951,264046610,Fanny,Acosta,16799
118952,118693199,Regina,Pou,16800
118953,764638135,Concha,Arevalo,16801
118954,565271367,Cintia,Acedo,16802
118955,625923909,Lina,Mateu,16803
118956,320882048,Jordana,Chamorro,16804
118957,768514078,Patricio,Cabello,16805
118958,447551098,Maricruz,Frias,16806
118959,597432237,Nilda,Leon,16807
118960,890005304,Ainara,Donaire,16808
118961,606149458,Alex,Mena,16809
118962,237758507,Mamen,Martinez,16810
118963,969970824,Eva Maria,Solis,16811
118964,174756819,Horacio,Castaneda,16812
118965,717924043,Yago,Arjona,16813
118966,138271766,Cruz,Codina,16814
118967,916331522,Eric,Espanol,16815
118968,685006208,Joel,Barrena,16816
118969,546762008,Manola,Colomer,16817
118970,949915028,Dorita,Perales,16818
118971,982312272,Emma,Solera,16819
118972,441345675,Aura,Alegria,16820
118973,660374758,Julio,Guzman,16821
118974,521510237,Efrain,Castaneda,16822
118975,301550999,Crescencia,Miralles,16823
118976,391856747,Severo,Menendez,16824
118977,261366269,Perla,Carmona,16825
118978,758663904,Casemiro,Carnero,16826
118979,396363067,Andrea,Villaverde,16827
118980,389753117,Elpidio,Borrell,16828
118981,727195062,Virgilio,Lamas,16829
118982,455309601,Florencia,Nogues,16830
118983,568463143,Galo,Canales,16831
118984,122649977,Toribio,Zamorano,16832
118985,927929455,Ruperto,Duenas,16833
118986,350395520,Edelmira,Botella,16834
118987,578270524,Alba,Maestre,16835
118988,202082295,Lupita,Ferrandez,16836
118989,420406414,Benigna,Sacristan,16837
118990,471339201,Eva Maria,Mayol,16838
118991,740656746,Lorena,Toledo,16839
118992,469073655,Oscar,Melero,16840
118993,909665944,Maria,Lucas,16841
118994,461887871,Gertrudis,Gracia,16842
118995,723676427,Guiomar,Sole,16843
118996,193897024,Ignacio,Solera,16844
118997,433511432,Sosimo,Alcazar,16845
118998,536875530,Blanca,Miranda,16846
118999,123194809,Estefania,Arce,16847
119000,249312348,Celestino,Conde,16848
119001,556710332,Esmeralda,Alcala,16849
119002,448330270,Perla,Marti,16850
119003,946382116,Atilio,Toledo,16851
119004,816500924,Diana,Pellicer,16852
119005,990797741,Alma,Segovia,16853
119006,141241756,Victor,Marquez,16854
119007,604005391,Loida,Burgos,16855
119008,662847244,Julieta,Canals,16856
119009,198501620,Clementina,Vera,16857
119010,404468939,Eliseo,Calatayud,16858
119011,834458374,Consuela,Rocha,16859
119012,363425700,Anselmo,Ocana,16860
119013,420653755,Porfirio,Moles,16861
119014,379548128,Olimpia,Olive,16862
119015,608978544,Ileana,Ruiz,16863
119016,671455663,Jeronimo,Aliaga,16864
119017,982853046,Elvira,Colom,16865
119018,815869303,Isidoro,Company,16866
119019,192795425,Ernesto,Escriva,16867
119020,792895238,Caridad,Villalobos,16868
119021,927344657,Almudena,Font,16869
119022,490465143,Aura,Acosta,16870
119023,561751821,Inmaculada,Fabregat,16871
119024,291561970,Isaac,Espinosa,16872
119025,417079882,Odalis,Mendez,16873
119026,835530689,Julio Cesar,Ortega,16874
119027,382750391,Artemio,Manjon,16875
119028,295485308,Julio Cesar,Belda,16876
119029,659059254,Nuria,Pelayo,16877
119030,731262151,Jose Luis,Valverde,16878
119031,162523759,Jose,Gutierrez,16879
119032,211717081,Natalio,Navas,16880
119033,898808052,Gonzalo,Carreras,16881
119034,750994889,Vicente,Ferrero,16882
119035,858153449,Dulce,Revilla,16883
119036,214899268,Victoriano,Gisbert,16884
119037,267609647,Casemiro,Nunez,16885
119038,530169234,Paulina,Linares,16886
119039,570390356,Iban,Palomar,16887
119040,562727491,Juan Manuel,Vilalta,16888
119041,821585329,Juan Antonio,Cespedes,16889
119042,998379546,Genoveva,Pastor,16890
119043,236679271,Domingo,Rosado,16891
119044,820425242,Jessica,Canet,16892
119045,446641057,Valero,Arellano,16893
119046,229890891,Alicia,Ortega,16894
119047,190000521,Alejandro,Roma,16895
119048,388075191,Silvia,Barrena,16896
119049,459028467,Iban,Garate,16897
119050,598023187,Chucho,Casas,16898
119051,642643480,Fernanda,Vila,16899
119052,649017188,Jose Angel,Pazos,16900
119053,274394222,Victor Manuel,Serrano,16901
119054,940796446,Emilia,Hervia,16902
119055,135121398,Candelaria,Vera,16903
119056,897089242,Aurora,Vara,16904
119057,315421759,Elpidio,Casals,16905
119058,212327045,Tomasa,Real,16906
119059,525836755,Kike,Serrano,16907
119060,543555837,Jose,Canete,16908
119061,731224029,Ceferino,Mariscal,16909
119062,122401863,Gracia,Perales,16910
119063,474809318,Agueda,Cantero,16911
119064,144613475,Prudencia,Dominguez,16912
119065,237790041,Abilio,Laguna,16913
119066,643928665,Quique,Carbo,16914
119067,795887864,Ismael,Cobos,16915
119068,385898289,Jacobo,Gomez,16916
119069,226975438,Leyre,Aroca,16917
119070,704054931,Lorenza,Rivero,16918
119071,557614692,Estrella,Fuertes,16919
119072,542333805,Buenaventura,Lago,16920
119073,222702197,Benito,Valle,16921
119074,302474482,Pablo,Rubio,16922
119075,472353721,Renata,Rey,16923
119076,843241431,Zacarias,Raya,16924
119077,666872696,Desiderio,Amaya,16925
119078,395048515,Antonia,Hierro,16926
119079,251042373,Mohamed,Villanueva,16927
119080,966663269,Kike,Cabanas,16928
119081,151039098,Clementina,Ordonez,16929
119082,953280299,Camila,Armengol,16930
119083,180148247,Manolo,Pi,16931
119084,436700797,Itziar,Carreno,16932
119085,644779282,Juan Jose,Cabello,16933
119086,166341019,Zaira,Cisneros,16934
119087,653352602,Herberto,Tenorio,16935
119088,132825854,Erasmo,Diaz,16936
119089,614117748,Hernando,Hurtado,16937
119090,358689937,Jesusa,Carro,16938
119091,347294830,Candida,Carbajo,16939
119092,639598228,Tristan,Baez,16940
119093,335155967,Hipolito,Verdejo,16941
119094,112398502,Isa,Mendizabal,16942
119095,773523503,Trinidad,Ramis,16943
119096,526984414,Dafne,Martorell,16944
119097,396386234,Eliana,Pellicer,16945
119098,812370762,Paco,Carlos,16946
119099,614449881,Emilia,Piquer,16947
119100,795918555,Maria Cristina,Rodrigo,16948
119101,198310005,Albina,Esparza,16949
119102,282444442,Toribio,Hervas,16950
119103,931099637,Americo,Sabater,16951
119104,132313845,Abilio,Caceres,16952
119105,428539459,Sabas,Ayala,16953
119106,178925673,Ines,Azorin,16954
119107,464602759,Olimpia,Heras,16955
119108,567763913,Baltasar,Montoya,16956
119109,169883549,Edelmira,Barba,16957
119110,651300730,Alexandra,Contreras,16958
119111,924131817,Flavio,Cardona,16959
119112,302064493,Erasmo,Exposito,16960
119113,930474346,Maria Teresa,Arias,16961
119114,362463531,David,Abella,16962
119115,335743339,Andres,Fuertes,16963
119116,834430229,Angela,Bas,16964
119117,936683236,Juan Carlos,Isern,16965
119118,275135394,Zacarias,Rubio,16966
119119,307259970,Plinio,Gil,16967
119120,437945250,Julian,Quintero,16968
119121,167749268,Felix,Amoros,16969
119122,113738461,Che,Jauregui,16970
119123,448785291,Selena,Feliu,16971
119124,376722108,Belen,Acuna,16972
119125,211555585,Evangelina,Nevado,16973
119126,887700984,Purificacion,Ramon,16974
119127,633327090,Juliana,Zamorano,16975
119128,957503390,Benito,Raya,16976
119129,166095323,Maximiano,Machado,16977
119130,908819297,Olga,Contreras,16978
119131,626840987,Dora,Cerro,16979
119132,397897654,Jose Manuel,Nogues,16980
119133,301006211,Salud,Pujadas,16981
119134,740801637,Maxi,Salmeron,16982
119135,772994758,Silvio,Marco,16983
119136,177377325,Aurora,Manzanares,16984
119137,140665437,Gema,Tejada,16985
119138,479102037,Macario,Roca,16986
119139,559291925,Rosalva,Nevado,16987
119140,419501994,Ivan,Herrero,16988
119141,657596752,Candelas,Puente,16989
119142,990583255,Benito,Gisbert,16990
119143,810426488,Paca,Simo,16991
119144,392338276,Leocadio,Gallardo,16992
119145,876514927,Martin,Barrio,16993
119146,762489170,Consuela,Barreda,16994
119147,377558952,Pascual,Bernad,16995
119148,750391330,Amada,Agullo,16996
119149,381367859,Casemiro,Orozco,16997
119150,420136748,Carina,Peralta,16998
119151,735625724,Teofila,Amat,16999
119152,604199659,Nacio,Sanjuan,17000
119153,981173229,Marcia,Sanmiguel,17001
119154,956593139,Joaquin,Lucas,17002
119155,429913960,Tito,Alcolea,17003
119156,801305271,Aurelia,Vinas,17004
119157,560195207,Maristela,Barros,17005
119158,229281381,Mirta,Torrens,17006
119159,646366828,Rosalia,Baez,17007
119160,156567436,Ainoa,Olive,17008
119161,671615173,Isidro,Segarra,17009
119162,254503772,Silvio,Marquez,17010
119163,890542558,Cesar,Lara,17011
119164,956056621,Bautista,Hoyos,17012
119165,559471000,Noa,Palacios,17013
119166,238570698,Jose Maria,Serra,17014
119167,858023045,Nerea,Quero,17015
119168,679988170,Luis Angel,Alberola,17016
119169,558076671,Isidro,Soria,17017
119170,378174548,Ileana,Abella,17018
119171,239125419,Walter,Tejedor,17019
119172,498099925,Chelo,Mir,17020
119173,184479256,Alvaro,Mayo,17021
119174,551668835,Gala,Higueras,17022
119175,173652826,Nuria,Molina,17023
119176,570737445,Anna,Lledo,17024
119177,667440525,Cebrian,Raya,17025
119178,774671292,Corona,Reguera,17026
119179,252108149,Miguel Angel,Castilla,17027
119180,338527822,Macaria,Arana,17028
119181,628758136,Aitana,Blazquez,17029
119182,949052741,Victor Manuel,Moraleda,17030
119183,587174052,Brigida,Perello,17031
119184,617703754,Anastasio,Jimenez,17032
119185,271407618,Olimpia,Poza,17033
119186,707416040,Leon,Marques,17034
119187,534700823,Hipolito,Nebot,17035
119188,703021474,Amor,Frias,17036
119189,741492562,Nicodemo,Serra,17037
119190,685093010,Fabricio,Amor,17038
119191,550856413,Jose,Pavon,17039
119192,853427619,Zaida,Soria,17040
119193,379703089,Herminio,Botella,17041
119194,995831535,Aroa,Peinado,17042
119195,948804179,Gabriela,Roig,17043
119196,607145680,Melania,Viana,17044
119197,470989010,Timoteo,Guardia,17045
119198,505203251,Ruben,Esparza,17046
119199,103979502,Felix,Chamorro,17047
119200,272198728,Montserrat,Gimenez,17048
119201,376766475,Tristan,Gibert,17049
119202,998161248,Eutropio,Montoya,17050
119203,622307197,Fanny,Palomino,17051
119204,992468322,Inocencio,Toro,17052
119205,396347941,Amando,Tapia,17053
119206,337598970,Adelina,Palau,17054
119207,370648907,Rico,Barroso,17055
119208,462190886,Rafaela,Valles,17056
119209,989389646,Amancio,Iglesia,17057
119210,809749707,Jafet,Casanova,17058
119211,103276291,Javiera,Gomila,17059
119212,675665867,Artemio,Feijoo,17060
119213,525593623,Leyre,Suarez,17061
119214,597642958,Agapito,Baena,17062
119215,742228588,Paola,Burgos,17063
119216,773053819,Santiago,Arranz,17064
119217,733840926,Jose Francisco,Beltran,17065
119218,534934992,Rosendo,Mate,17066
119219,490841546,Lazaro,Salas,17067
119220,969626499,Antonio,Aguado,17068
119221,688843493,Maristela,Reyes,17069
119222,847841445,Claudio,Carreno,17070
119223,245811453,Carla,Falco,17071
119224,666206698,Cecilia,Calderon,17072
119225,600906052,Maximiliano,Araujo,17073
119226,745196441,Benita,Farre,17074
119227,250552819,Olalla,Pareja,17075
119228,856116656,Ximena,Cabezas,17076
119229,367610575,Raul,Luis,17077
119230,807660110,Samuel,Soriano,17078
119231,713595411,Clementina,Alberola,17079
119232,378031316,Arturo,Bernat,17080
119233,220966695,Emma,Domenech,17081
119234,621276148,Ileana,Tolosa,17082
119235,625424081,Africa,Huerta,17083
119236,309409286,Agata,Oliveras,17084
119237,184147943,Ivan,Ferreras,17085
119238,731287696,Iban,Cuesta,17086
119239,578881411,Felipe,Camara,17087
119240,329321180,Alba,Mendoza,17088
119241,932940502,Gregorio,Santiago,17089
119242,924408295,Vanesa,Buendia,17090
119243,673743595,Clara,Marquez,17091
119244,122067947,Candida,Morcillo,17092
119245,442220130,Abilio,Agudo,17093
119246,716431195,Hector,Maestre,17094
119247,690643230,Felix,Bautista,17095
119248,285172936,Armida,Ocana,17096
119249,232949369,Vito,Royo,17097
119250,636534156,Loreto,Moreno,17098
119251,521391294,Nazaret,Cazorla,17099
119252,311569678,Belen,Iglesias,17100
119253,483479587,Angel,Molina,17101
119254,441361012,Gregorio,Pinto,17102
119255,323888461,Mamen,Clemente,17103
119256,491287408,Victorino,Galvan,17104
119257,431203747,Jennifer,Lozano,17105
119258,606354954,Raul,Saavedra,17106
119259,434740416,Guadalupe,Manrique,17107
119260,973050598,Elodia,Chacon,17108
119261,237948945,Azahar,Reyes,17109
119262,218562533,Joaquina,Amoros,17110
119263,281456096,Mariano,Busquets,17111
119264,162555881,Saturnina,Cordero,17112
119265,325021501,Lupita,Zabaleta,17113
119266,919301871,Clotilde,Valcarcel,17114
119267,316392927,Feliciana,Zapata,17115
119268,105585201,Maria Jesus,Criado,17116
119269,316528459,Ulises,Jover,17117
119270,198917261,Sebastian,Muniz,17118
119271,217192507,Jessica,Ayala,17119
119272,648672330,Dario,Noriega,17120
119273,412719077,Felicia,Maestre,17121
119274,614246881,Glauco,Prieto,17122
119275,654024316,Juana,Pelaez,17123
119276,124917198,Calisto,Iriarte,17124
119277,948058803,Griselda,Lozano,17125
119278,582440586,Jose Carlos,Aguilo,17126
119279,415101754,Susanita,Armas,17127
119280,188276691,Eligio,Arnau,17128
119281,983120836,Angel,Santos,17129
119282,790960133,Roman,Palacios,17130
119283,466709047,Araceli,Parra,17131
119284,376010062,Cloe,Calatayud,17132
119285,296970910,Amparo,Serna,17133
119286,553020842,Casandra,Canet,17134
119287,883218306,Marisa,Montoya,17135
119288,874443567,Isidoro,Villalonga,17136
119289,322358702,Panfilo,Goni,17137
119290,545395158,Anselmo,Trillo,17138
119291,306279002,Osvaldo,Gamez,17139
119292,668337497,Evangelina,Sobrino,17140
119293,728364641,Armida,Ropero,17141
119294,762812696,Victoria,Gomis,17142
119295,614584569,Amor,Ponce,17143
119296,691067847,Maria Carmen,Vega,17144
119297,440245663,Paulino,Blazquez,17145
119298,397254789,Mirta,Aguilera,17146
119299,300112848,Olimpia,Quero,17147
119300,494906266,Angela,Amigo,17148
119301,834029804,Patricia,Pozo,17149
119302,528982948,Dalila,Caceres,17150
119303,267400434,Julian,Orozco,17151
119304,365072000,Ignacia,Azcona,17152
119305,661710302,Amador,Gracia,17153
119306,455381970,Paulina,Sarmiento,17154
119307,607801585,Gertrudis,Valdes,17155
119308,276299688,Amarilis,Quintana,17156
119309,805533837,Victoria,Rosa,17157
119310,216863855,Teo,Aragones,17158
119311,425583228,Omar,Almazan,17159
119312,878065757,Marcio,Jove,17160
119313,933012039,Lourdes,Chaves,17161
119314,612873160,Ester,Suarez,17162
119315,420572905,Gracia,Borras,17163
119316,390444353,Jordan,Baro,17164
119317,126024609,Marisa,Canete,17165
119318,489346686,Vicente,Estrada,17166
119319,877101714,Anita,Alfaro,17167
119320,286053717,Azahar,Barbero,17168
119321,133515234,Eleuterio,Carrera,17169
119322,374698970,Gema,Arellano,17170
119323,669401739,Hermenegildo,Sans,17171
119324,503832956,Florentina,Hernandez,17172
119325,902165019,Sandra,Balaguer,17173
119326,769625018,Constanza,Dominguez,17174
119327,371044473,Nidia,Acevedo,17175
119328,993519590,Aureliano,Castells,17176
119329,243231475,Belen,Colom,17177
119330,367076593,Macaria,Raya,17178
119331,205998170,Amada,Leon,17179
119332,881342612,Clementina,Martinez,17180
119333,676578967,Marina,Rivera,17181
119334,498555980,Fabiana,Ayala,17182
119335,372495217,Marco,Camacho,17183
119336,117161386,Camila,Grande,17184
119337,100539042,Epifanio,Escudero,17185
119338,586150562,Carolina,Hernandez,17186
119339,138665575,Dionisia,Domenech,17187
119340,876673065,Carmen,Carvajal,17188
119341,225996955,Encarnacion,Montserrat,17189
119342,885432768,Macarena,Vilar,17190
119343,349237375,Leonel,Blanch,17191
119344,420040463,Plinio,Aguirre,17192
119345,712842655,Evelia,Morera,17193
119346,792573578,Miguela,Gracia,17194
119347,389055934,Hilda,Prado,17195
119348,254465853,Noemi,Sanz,17196
119349,890413542,Jenny,Casado,17197
119350,573199729,Tania,Gallardo,17198
119351,737726952,Eduardo,Llamas,17199
119352,272793142,Humberto,Carretero,17200
119353,562026548,Valentina,Iglesias,17201
119354,926290926,Mercedes,Calderon,17202
119355,942067473,Veronica,Hurtado,17203
119356,392974346,Patricio,Escriva,17204
119357,220379580,Felix,Nogues,17205
119358,910467224,Josefina,Soriano,17206
119359,511693836,Febe,Arevalo,17207
119360,401743311,Ildefonso,Morante,17208
119361,806977432,Barbara,Mercader,17209
119362,439367783,Jordi,Villegas,17210
119363,603853305,Florina,Colomer,17211
119364,217314765,Reinaldo,Hoz,17212
119365,408271089,Leonor,Bustos,17213
119366,319630498,Wilfredo,Amaya,17214
119367,161415648,Viviana,Salgado,17215
119368,442498423,Hortensia,Lumbreras,17216
119369,748749881,Benjamin,Tomas,17217
119370,627098782,Marta,Martinez,17218
119371,602370210,Salvador,Canovas,17219
119372,341586707,Roldan,Soria,17220
119373,871201844,Macarena,Iniesta,17221
119374,138571103,Ruben,Calzada,17222
119375,302586701,Paco,Sobrino,17223
119376,394390688,Galo,Avila,17224
119377,125373108,Feliciano,Salom,17225
119378,647276355,Pio,Baron,17226
119379,522555284,Maristela,Pinol,17227
119380,828744183,Cecilia,Cerro,17228
119381,819614920,Ciriaco,Osorio,17229
119382,857219354,Angel,Ferrando,17230
119383,905387260,Nazario,Artigas,17231
119384,358494708,Rico,Palomino,17232
119385,103542412,Aureliano,Anglada,17233
119386,726407414,Jennifer,Aguilar,17234
119387,176274436,Marta,Bauza,17235
119388,457103934,Silvia,Sanz,17236
119389,805213412,Bernardino,Heras,17237
119390,266337237,Mirta,Grau,17238
119391,339099403,Alcides,Bastida,17239
119392,822547899,Flavia,Gimenez,17240
119393,152601666,Marciano,Chamorro,17241
119394,290990101,Alicia,Moles,17242
119395,959325074,Lucas,Font,17243
119396,944817135,Consuelo,Abellan,17244
119397,129779531,Bibiana,Cerdan,17245
119398,778330995,Laura,Manrique,17246
119399,782048012,Sosimo,Millan,17247
119400,984040658,Climaco,Egea,17248
119401,575023991,Melania,Luque,17249
119402,779215966,Luciano,Casado,17250
119403,888613923,Federico,Posada,17251
119404,352681510,Jose Luis,Tejera,17252
119405,547557441,Jose,Gomila,17253
119406,661758442,Felipa,Perez,17254
119407,580656331,Eusebio,Huertas,17255
119408,940689757,Romulo,Priego,17256
119409,449707221,Merche,Bejarano,17257
119410,741559397,Brigida,Carreno,17258
119411,209567119,Hilario,Villaverde,17259
119412,504721615,Agapito,Boix,17260
119413,215823706,Andres Felipe,Palomo,17261
119414,180219306,Francisco,Vives,17262
119415,856699371,Maximino,Bonet,17263
119416,583621539,Visitacion,Morell,17264
119417,191231173,Eusebia,Feliu,17265
119418,918413783,Florentino,Teruel,17266
119419,237373110,Pia,Molina,17267
119420,729080174,Fabricio,Escobar,17268
119421,231893098,Lucio,Sanjuan,17269
119422,175390613,Iban,Urena,17270
119423,682984092,Ariel,Uribe,17271
119424,903836900,Porfirio,Hervas,17272
119425,318591201,Bernardita,Pomares,17273
119426,299928252,Belen,Peinado,17274
119427,385120493,Regina,Tur,17275
119428,401204540,Nazaret,Vilalta,17276
119429,331825306,Javiera,Mendoza,17277
119430,531446765,Flor,Carrera,17278
119431,660270107,Olga,Moya,17279
119432,945860072,Cintia,Castillo,17280
119433,168577444,Chucho,Diez,17281
119434,818676916,Edu,Pintor,17282
119435,419291668,Eugenio,Valdes,17283
119436,412870049,Flavia,Vives,17284
119437,491805093,Maria Jesus,Barroso,17285
119438,404858418,Isa,Iniesta,17286
119439,473169771,Cruz,Rey,17287
119440,433195750,Venceslas,Mora,17288
119441,931141089,Sebastian,Luque,17289
119442,720817199,Marisol,Montenegro,17290
119443,829790109,Aroa,Roura,17291
119444,991109477,Fortunata,Marco,17292
119445,191867517,Simon,Canovas,17293
119446,768327239,Abel,Acosta,17294
119447,454368875,Virginia,Tormo,17295
119448,199357190,Narciso,Zamorano,17296
119449,930839804,Felix,Valbuena,17297
119450,211714017,Elodia,Anton,17298
119451,971072750,Amaro,Vazquez,17299
119452,701501988,Arturo,Mir,17300
119453,276054451,Apolonia,Sole,17301
119454,652175358,Fito,Caballero,17302
119455,832273343,Cosme,Pellicer,17303
119456,449690112,Andres,Cabello,17304
119457,586692902,Leoncio,Moran,17305
119458,862479827,Valeria,Pages,17306
119459,835312330,Abigail,Cerezo,17307
119460,752686715,Evangelina,Rincon,17308
119461,512644228,Mariana,Torrents,17309
119462,140486058,Marisol,Agustin,17310
119463,303386734,Rosalinda,Vilanova,17311
119464,282007437,Severino,Prieto,17312
119465,483578638,Loida,Diego,17313
119466,569489950,Maximiliano,Santos,17314
119467,926980209,Eva,Duenas,17315
119468,999586063,Anibal,Ribera,17316
119469,632206392,Amaro,Jauregui,17317
119470,380501594,Gregorio,Linares,17318
119471,694394198,Leoncio,Bou,17319
119472,187111788,Clarisa,Herrera,17320
119473,332684027,Alba,Prats,17321
119474,543133843,Romulo,Donoso,17322
119475,497673718,Danilo,Armas,17323
119476,108868829,Marciano,Adan,17324
119477,647852986,Edu,Canals,17325
119478,283424738,Poncio,Bermudez,17326
119479,489222663,Tamara,Peral,17327
119480,225657181,Teofilo,Losada,17328
119481,703021459,Ramon,Iriarte,17329
119482,458240622,Valentin,Agullo,17330
119483,125307371,Saturnina,Salamanca,17331
119484,987067667,Marcio,Rios,17332
119485,533603804,Amelia,Cuadrado,17333
119486,990973913,Gustavo,Navarro,17334
119487,595307374,Maura,Ferrero,17335
119488,382600874,Abigail,Donoso,17336
119489,630506235,Graciano,Manuel,17337
119490,307385987,Nazaret,Sebastian,17338
119491,137332035,Ciriaco,Bautista,17339
119492,378926215,Fidela,Cerezo,17340
119493,138369733,Alejo,Izquierdo,17341
119494,783639129,Atilio,Ocana,17342
119495,956654302,Merche,Gamez,17343
119496,666035029,Jose Angel,Vera,17344
119497,531041584,Edelmira,Vallejo,17345
119498,953606026,Mauricio,Daza,17346
119499,106568795,Natanael,Mayoral,17347
119500,290236036,Ester,Cantero,17348
119501,182009994,Consuela,Rossello,17349
119502,835723034,Viviana,Paniagua,17350
119503,578826639,Maria Del Carmen,Alcalde,17351
119504,627043666,Teofilo,Calderon,17352
119505,757188467,Conrado,Alfaro,17353
119506,731415753,Angel,Pineda,17354
119507,745123773,Calisto,Castellanos,17355
119508,861655521,Sebastian,Llado,17356
119509,554609882,Gertrudis,Alberola,17357
119510,883959628,Iban,Agustin,17358
119511,175912227,Sara,Julia,17359
119512,632671270,Sebastian,Cerdan,17360
119513,829734397,Jenny,Pina,17361
119514,453241371,Rebeca,Bernat,17362
119515,960125261,Ale,Iglesia,17363
119516,245555398,Francisca,Hierro,17364
119517,116149330,Agustin,Mesa,17365
119518,748668197,Alfredo,Blanes,17366
119519,997051759,Wilfredo,Velez,17367
119520,809571446,Jose Carlos,Jurado,17368
119521,596560123,Cruz,Terron,17369
119522,760710403,Cecilio,Ramon,17370
119523,171357249,Ivan,Quiroga,17371
119524,988423762,Yessica,Pazos,17372
119525,274667147,Teofila,Gallo,17373
119526,300571515,Florentina,Ferrera,17374
119527,177681116,Maria Belen,Lozano,17375
119528,557574784,Oriana,Roca,17376
119529,531331347,Imelda,Macias,17377
119530,763209197,Pedro,Posada,17378
119531,401462925,Sarita,Valenzuela,17379
119532,845957845,Prudencia,Capdevila,17380
119533,993717460,Aureliano,Mir,17381
119534,651521600,Marisol,Llopis,17382
119535,526959632,Calisto,Campillo,17383
119536,645269903,Ignacia,Alberto,17384
119537,988729862,Olimpia,Santiago,17385
119538,805958188,Sol,Cifuentes,17386
119539,443062985,Panfilo,Vargas,17387
119540,432345699,Lupe,Agudo,17388
119541,883243588,Fabricio,Arenas,17389
119542,373828764,Carlota,Berrocal,17390
119543,973080044,Cristina,Pavon,17391
119544,710894803,Aaron,Barbera,17392
119545,173789345,Bibiana,Alamo,17393
119546,521213073,Violeta,Lucena,17394
119547,369660462,Reina,Tormo,17395
119548,785080345,Ciro,Marmol,17396
119549,884751682,Anunciacion,Carrasco,17397
119550,480598685,Corona,Romero,17398
119551,348447940,Evangelina,Buendia,17399
119552,365876254,Roque,Cuadrado,17400
119553,231059150,Teodoro,Guerra,17401
119554,723210572,Mamen,Castilla,17402
119555,624826440,Manuel,Serna,17403
119556,679461419,Bruno,Diaz,17404
119557,905807103,Joaquina,Barba,17405
119558,451587561,Elisa,Vall,17406
119559,379887209,Adriana,Pablo,17407
119560,719072321,Luisina,Andres,17408
119561,718328748,Ainoa,Dominguez,17409
119562,762055411,Prudencia,Moraleda,17410
119563,137652580,Gertrudis,Heras,17411
119564,425023635,Dalila,Madrid,17412
119565,182835470,Emperatriz,Gimenez,17413
119566,963656047,Lucio,Lloret,17414
119567,585998955,Plinio,Sastre,17415
119568,578505490,Amparo,Osuna,17416
119569,846281037,Tomas,Villaverde,17417
119570,362511254,Zoraida,Camino,17418
119571,235143479,Dionisia,Solana,17419
119572,549782884,Elba,Esteve,17420
119573,989251766,Gustavo,Somoza,17421
119574,764928959,Danilo,Ros,17422
119575,928187994,Iris,Rivas,17423
119576,334495292,Emperatriz,Pineiro,17424
119577,881665252,Juan Manuel,Tome,17425
119578,200119547,Yago,Hierro,17426
119579,665755054,Yolanda,Lago,17427
119580,427428602,Carolina,Sotelo,17428
119581,661517359,Alejandro,Valbuena,17429
119582,713431064,Edgardo,Manso,17430
119583,435427252,Nilda,Canas,17431
119584,978863155,Ruben,Leiva,17432
119585,730146622,Rico,Pineda,17433
119586,573199986,Segismundo,Saura,17434
119587,103357021,Tristan,Cuervo,17435
119588,308746575,Samanta,Perera,17436
119589,857946337,Tere,Tovar,17437
119590,170135953,Fanny,Camara,17438
119591,145218549,Custodio,Puig,17439
119592,381213753,Casandra,Rocha,17440
119593,548266635,Mauricio,Burgos,17441
119594,444871189,Lazaro,Tellez,17442
119595,162207591,Felicia,Martorell,17443
119596,132380866,Teresita,Parra,17444
119597,603623706,Corona,Vilanova,17445
119598,546878708,Manuela,Solsona,17446
119599,393299830,Elias,Osuna,17447
119600,628713159,Alfredo,Cabanillas,17448
119601,559864551,Tania,Falcon,17449
119602,843231917,Nestor,Hoz,17450
119603,367687542,Timoteo,Bernad,17451
119604,768952162,Ernesto,Lago,17452
119605,906612413,Cristian,Pineiro,17453
119606,487099304,Felipe,Huguet,17454
119607,319575109,Adan,Berenguer,17455
119608,668633843,Tristan,Prieto,17456
119609,825385174,Aurora,Vazquez,17457
119610,998550866,Andres,Alegria,17458
119611,781579196,Gregorio,Berenguer,17459
119612,505311585,Ileana,Pinol,17460
119613,679140897,Loreto,Morell,17461
119614,675044472,Malena,Coll,17462
119615,614859519,Arcelia,Farre,17463
119616,252962087,Sandalio,Lucena,17464
119617,780787847,Lupe,Pedrosa,17465
119618,652406695,Teodosio,Manuel,17466
119619,244217606,Maria Angeles,Barreda,17467
119620,438536825,Maximiliano,Pino,17468
119621,134499526,Norberto,Rocha,17469
119622,400537272,Bernardita,Urena,17470
119623,487960947,Isaura,Echevarria,17471
119624,519210846,Angel,Linares,17472
119625,339088949,Serafina,Novoa,17473
119626,223690986,Yesica,Calleja,17474
119627,719233956,Balduino,Valles,17475
119628,105595504,Teofilo,Alsina,17476
119629,464175314,Candelario,Somoza,17477
119630,456592392,Manu,Fabregat,17478
119631,456421817,Eva,Miguel,17479
119632,755751111,Cosme,Acuna,17480
119633,140600394,Leonel,Figueras,17481
119634,262814849,Donato,Guzman,17482
119635,769539312,Herberto,Pla,17483
119636,242876009,Rico,Bastida,17484
119637,282939454,Itziar,Rosa,17485
119638,470154067,Estefania,Gomez,17486
119639,590552823,Cayetana,Uribe,17487
119640,450396358,Nydia,Conde,17488
119641,888673332,Joan,Garrido,17489
119642,130454653,Nando,Castejon,17490
119643,691477497,Adolfo,Arias,17491
119644,437157769,Paulino,Gaya,17492
119645,822939951,Maria Carmen,Rosado,17493
119646,304894081,Mohamed,Alcala,17494
119647,560949999,Felipe,Rodriguez,17495
119648,580979850,Guiomar,Ortega,17496
119649,539447603,Valentina,Pedrero,17497
119650,144458430,Ivan,Montserrat,17498
119651,178970407,Hortensia,Busquets,17499
119652,250827025,Camilo,Pla,17500
119653,155973615,Aranzazu,Caro,17501
119654,977126662,Rita,Roig,17502
119655,987317731,Encarnita,Estevez,17503
119656,101507091,Vera,Amat,17504
119657,444882946,Crescencia,Luna,17505
119658,396745923,Ceferino,Chacon,17506
119659,789562612,Emiliana,Valenzuela,17507
119660,436060483,Alejo,Sarmiento,17508
119661,304997572,Martina,Batlle,17509
119662,690426909,Pascual,Briones,17510
119663,813001433,Rufina,Arias,17511
119664,850768778,Josefa,Canellas,17512
119665,705898869,Zaira,Marin,17513
119666,348884171,Apolinar,Real,17514
119667,779973392,Hernando,Garate,17515
119668,246757060,Manuel,Ruano,17516
119669,842277460,Debora,Torrents,17517
119670,538131361,Edu,Cazorla,17518
119671,215752486,Rufina,Costa,17519
119672,779442416,Teofilo,Velazquez,17520
119673,426582810,Angelica,Pavon,17521
119674,817119448,Abraham,Chamorro,17522
119675,253371201,Eric,Anglada,17523
119676,959632758,Bibiana,Amores,17524
119677,913605789,Sonia,Feijoo,17525
119678,740964159,Genoveva,Alcolea,17526
119679,713765843,Aranzazu,Sastre,17527
119680,210550156,Erasmo,Plana,17528
119681,676947863,Natalia,Peiro,17529
119682,298690541,Lupe,Gimenez,17530
119683,285823485,Roberta,Arevalo,17531
119684,152361567,Clara,Juarez,17532
119685,339785267,Donato,Cabanillas,17533
119686,456579549,Jenny,Cabo,17534
119687,986648513,Genoveva,Herranz,17535
119688,694880196,Ema,Carro,17536
119689,901409355,America,Yanez,17537
119690,670751627,Fidel,Zamorano,17538
119691,513187434,Jeremias,Oliveras,17539
119692,173306856,Gervasio,Nadal,17540
119693,612118241,Cesar,Amo,17541
119694,672088246,Florencio,Costa,17542
119695,258075266,Felipe,Silva,17543
119696,615874289,Alba,Escobar,17544
119697,769998701,Jose Luis,Heredia,17545
119698,227138919,Josefina,Olive,17546
119699,863984034,Candida,Chacon,17547
119700,619735993,Daniela,Cabanas,17548
119701,737019666,Juan Francisco,Mena,17549
119702,601416910,Bernarda,Bosch,17550
119703,531437663,Jose Maria,Marquez,17551
119704,336986451,Mariano,Lara,17552
119705,109805775,Anacleto,Carretero,17553
119706,675852079,Apolonia,Carnero,17554
119707,598895978,Aitor,Barrios,17555
119708,761708514,Juan Carlos,Amoros,17556
119709,433984611,Mariana,Maldonado,17557
119710,471094839,Asdrubal,Llamas,17558
119711,324260962,Nazaret,Tomas,17559
119712,252487779,Moises,Cortes,17560
119713,489861598,Bartolome,Roma,17561
119714,600444284,Matilde,Hoz,17562
119715,545171020,Selena,Pareja,17563
119716,679555591,Jose Antonio,Robledo,17564
119717,670978856,Isabela,Osuna,17565
119718,203000055,Cirino,Pomares,17566
119719,112819922,Osvaldo,Gomez,17567
119720,780687665,Raul,Falcon,17568
119721,513039407,Guillermo,Otero,17569
119722,654973540,Fidel,Giron,17570
119723,960531630,Amada,Llado,17571
119724,593194473,Vanesa,Coca,17572
119725,190293585,Ariel,Pozuelo,17573
119726,616298147,Alonso,Barco,17574
119727,266439103,Dani,Canton,17575
119728,189518810,Jose Mari,Velez,17576
119729,898828515,Guadalupe,Rozas,17577
119730,594661053,Dan,Vilaplana,17578
119731,859371783,Dolores,Cobos,17579
119732,215559695,Fanny,Guerrero,17580
119733,518418561,Luciano,Villaverde,17581
119734,514534330,Calixta,Lopez,17582
119735,507538252,Jeronimo,Maza,17583
119736,321543216,Samanta,Salvador,17584
119737,387739287,Rodolfo,Gimenez,17585
119738,649186536,Rosaura,Soto,17586
119739,298131900,Ricarda,Sedano,17587
119740,900350810,Bonifacio,Bellido,17588
119741,572355412,Estefania,Bermejo,17589
119742,660945329,Juan Francisco,Murillo,17590
119743,783154632,Mauricio,Mosquera,17591
119744,911834039,Flora,Asenjo,17592
119745,499577012,Cornelio,Nogues,17593
119746,158800321,Pastor,Rosa,17594
119747,626538806,Rico,Fajardo,17595
119748,262693393,Juan Bautista,Sierra,17596
119749,181608617,Agustina,Trujillo,17597
119750,446929023,Leonor,Santamaria,17598
119751,288578036,Modesto,Pons,17599
119752,516366251,Jose Angel,Suarez,17600
119753,629840534,Inmaculada,Gordillo,17601
119754,935445364,Fito,Barranco,17602
119755,268643134,Samuel,Antunez,17603
119756,806263538,Juana,Acero,17604
119757,511888838,Cristian,Perez,17605
119758,567335697,Gonzalo,Valles,17606
119759,560614659,Consuelo,Morata,17607
119760,639939986,Jordana,Gamez,17608
119761,839344802,Guadalupe,Gimenez,17609
119762,431016530,Eduardo,Ferrando,17610
119763,823950575,Cesar,Espana,17611
119764,419580744,Dario,Bautista,17612
119765,451613421,Natanael,Angel,17613
119766,806827889,Ruy,Pozo,17614
119767,412314484,Ana Belen,Gilabert,17615
119768,536548101,Jose Manuel,Lumbreras,17616
119769,867643993,Duilio,Cortes,17617
119770,359571131,Ciriaco,Salmeron,17618
119771,204845752,Odalis,Barco,17619
119772,183851473,Celestina,Solera,17620
119773,891890349,Beatriz,Valentin,17621
119774,610929627,Sandalio,Rossello,17622
119775,922916560,Ariel,Pujadas,17623
119776,558989846,Manola,Martinez,17624
119777,583420354,Mateo,Villalobos,17625
119778,322892853,Leonel,Calvet,17626
119779,378780479,Eufemia,Gargallo,17627
119780,773982206,Herminio,Luz,17628
119781,952633859,Cebrian,Mas,17629
119782,371157485,Esther,Criado,17630
119783,990097802,Juan Francisco,Cruz,17631
119784,681040714,Miguel,Palmer,17632
119785,555242710,Aurelia,Falco,17633
119786,262301270,Ovidio,Machado,17634
119787,595704418,Ruben,Ortiz,17635
119788,636088273,Sofia,Bueno,17636
119789,181319631,Pio,Macias,17637
119790,137539734,Ascension,Antunez,17638
119791,641021666,Nydia,Otero,17639
119792,339629300,Luis Miguel,Cisneros,17640
119793,220216063,Africa,Aleman,17641
119794,901456525,Luis Miguel,Ruiz,17642
119795,101390803,Rebeca,Monreal,17643
119796,844993883,Camilo,Galindo,17644
119797,841478293,Benito,Valverde,17645
119798,674066622,Marisela,Duque,17646
119799,236099376,Rafaela,Montero,17647
119800,571028182,Gabriela,Escamilla,17648
119801,228623983,Rafaela,Escriva,17649
119802,595847065,Leocadio,Aleman,17650
119803,574231465,Rita,Gimenez,17651
119804,583839053,Natividad,Blanch,17652
119805,720993507,Jose Manuel,Jover,17653
119806,337558229,Eufemia,Pla,17654
119807,431444196,Esteban,Vinas,17655
119808,504254133,Tecla,Toledo,17656
119809,743826632,Gilberto,Ferrando,17657
119810,577003171,Alonso,Ros,17658
119811,533061231,Priscila,Lillo,17659
119812,917816643,Lupe,Benitez,17660
119813,702933540,Ainara,Macias,17661
119814,197002361,Gloria,Moles,17662
119815,884370429,Camilo,Cases,17663
119816,152253044,Dulce,Zurita,17664
119817,874659219,Nando,Cifuentes,17665
119818,611396564,Hector,Moliner,17666
119819,749414722,Cayetana,Nunez,17667
119820,820495990,Pablo,Olivares,17668
119821,619480890,Rodolfo,Enriquez,17669
119822,306005817,Gloria,Escobar,17670
119823,944730693,Adelina,Amo,17671
119824,870552206,Petrona,Enriquez,17672
119825,924191032,Paola,Antunez,17673
119826,355967265,Natividad,Prada,17674
119827,391524047,Dora,Calatayud,17675
119828,286530113,Jose Manuel,Anguita,17676
119829,860961995,Sonia,Guijarro,17677
119830,957552464,Ramona,Garcia,17678
119831,886532392,Teobaldo,Perez,17679
119832,244573352,Florentino,Romero,17680
119833,974758468,Andres,Ortega,17681
119834,892758790,Maria Belen,Pi,17682
119835,824290160,Malena,Olivares,17683
119836,629071816,Goyo,Montes,17684
119837,519371134,Liliana,Duran,17685
119838,143271602,Serafina,Flor,17686
119839,762808592,Delia,Tellez,17687
119840,279079841,Anselma,Buendia,17688
119841,412609673,Lucio,Franco,17689
119842,919743010,Fernanda,Valle,17690
119843,101632413,Marisol,Quintanilla,17691
119844,308835881,Nico,Aragon,17692
119845,558951306,Maria Carmen,Soto,17693
119846,571135463,Macario,Silva,17694
119847,386255776,Ulises,Moreno,17695
119848,540411769,Melchor,Castaneda,17696
119849,717263692,Nestor,Puente,17697
119850,504555229,Elodia,Llopis,17698
119851,836097653,Cristian,Poza,17699
119852,734734218,Marc,Almansa,17700
119853,449463319,Esmeralda,Franco,17701
119854,461936218,Ismael,Vila,17702
119855,325389159,Elisabet,Tello,17703
119856,203970773,Angelino,Sabater,17704
119857,164387267,Valeria,Salamanca,17705
119858,471247913,Ruperta,Castells,17706
119859,388338346,Juana,Bilbao,17707
119860,629017540,Onofre,Aznar,17708
119861,880833800,Marcelino,Heredia,17709
119862,674067567,Amada,Castellanos,17710
119863,623749247,Sara,Pinedo,17711
119864,333082477,Blas,Gallart,17712
119865,811222093,Candelaria,Catalan,17713
119866,442092765,Clara,Marti,17714
119867,298455879,Quirino,Barrios,17715
119868,512198190,Consuela,Domingo,17716
119869,567741240,Juan,Marti,17717
119870,640876075,Geronimo,Alonso,17718
119871,490404013,Fanny,Melero,17719
119872,602299129,Inmaculada,Bueno,17720
119873,867565388,Lope,Azcona,17721
119874,853635855,Aureliano,Aranda,17722
119875,350824275,Albino,Llobet,17723
119876,478637949,Dominga,Alsina,17724
119877,639548028,Rebeca,Arrieta,17725
119878,207877138,Loreto,Mariscal,17726
119879,981532928,Francisca,Vicente,17727
119880,348806749,Saturnino,Dieguez,17728
119881,460361621,Adan,Samper,17729
119882,684906325,Maximino,Priego,17730
119883,384686451,Antonia,Zaragoza,17731
119884,521022975,Leopoldo,Armengol,17732
119885,670768019,Valero,Seco,17733
119886,697688579,Maxima,Montana,17734
119887,285380050,Maristela,Fuente,17735
119888,860799244,Panfilo,Alcolea,17736
119889,719068082,Ema,Lluch,17737
119890,728718776,Rosa,Molins,17738
119891,709074315,Omar,Garate,17739
119892,754346391,Ana,Llano,17740
119893,429791130,Ruperto,Diaz,17741
119894,490618023,Anselma,Almeida,17742
119895,208957070,Florentina,Canellas,17743
119896,924956333,Glauco,Botella,17744
119897,850727358,Juan Jose,Santamaria,17745
119898,934838856,Leonel,Uriarte,17746
119899,414596415,Godofredo,Galan,17747
119900,871233550,Fidela,Dominguez,17748
119901,527515471,Maria Belen,Cervera,17749
119902,464930116,Alondra,Mateo,17750
119903,711189659,Eusebio,Buendia,17751
119904,440570064,Gilberto,Baro,17752
119905,372380387,Crescencia,Clemente,17753
119906,116913628,Noe,Hernando,17754
119907,550609585,Jenny,Moll,17755
119908,809215270,Fidela,Arnau,17756
119909,124500548,Rico,Arcos,17757
119910,285824303,Ale,Montalban,17758
119911,393742269,Eutimio,Mulet,17759
119912,514745853,Julie,Puig,17760
119913,776761354,Chus,Penas,17761
119914,751338991,Natalio,Chaves,17762
119915,861589199,Demetrio,Carmona,17763
119916,543525868,Omar,Crespi,17764
119917,478714161,Carlota,Cuenca,17765
119918,760580736,Aaron,Canals,17766
119919,993268581,Marina,Abellan,17767
119920,855675266,Claudio,Catalan,17768
119921,115055832,Edgar,Llorens,17769
119922,599529287,Isabela,Jurado,17770
119923,339246339,Noe,Talavera,17771
119924,504132173,Eliseo,Sainz,17772
119925,856877980,Eligio,Gallardo,17773
119926,123137456,Damian,Arribas,17774
119927,333055329,Guadalupe,Madrid,17775
119928,504793143,Anna,Blanca,17776
119929,570701008,Lucas,Arellano,17777
119930,569526154,Florinda,Seco,17778
119931,876398924,Reyes,Arnau,17779
119932,186939901,Ana Sofia,Salmeron,17780
119933,235357414,Walter,Montana,17781
119934,349761824,Marcelo,Chico,17782
119935,919806624,Gregorio,Borrell,17783
119936,458915511,Amador,Tolosa,17784
119937,884421039,Valentina,Roman,17785
119938,784855382,Nieves,Acosta,17786
119939,805530730,Guadalupe,Valles,17787
119940,291495315,Cayetano,Infante,17788
119941,229294727,Diego,Cabo,17789
119942,124229355,Placido,Cuesta,17790
119943,240212449,Maximo,Agustin,17791
119944,661399221,Amor,Antunez,17792
119945,396035651,Magdalena,Escriva,17793
119946,592837063,Zacarias,Rosado,17794
119947,302515869,Asuncion,Agullo,17795
119948,284361090,Hector,Marques,17796
119949,391930578,Irene,Flores,17797
119950,836087500,Natividad,Bastida,17798
119951,341613499,Ainara,Soler,17799
119952,280054345,Cloe,Franco,17800
119953,311341246,Azahara,Ariza,17801
119954,397805753,Haydee,Molina,17802
119955,205162458,Rodolfo,Montalban,17803
119956,863244278,Fidela,Salamanca,17804
119957,414046099,Paulina,Navarrete,17805
119958,258698820,Luisina,Rebollo,17806
119959,116505853,Rogelio,Barroso,17807
119960,998539415,Pia,Talavera,17808
119961,217716687,Lupe,Castrillo,17809
119962,497453643,Emiliano,Osuna,17810
119963,584856467,Lilia,Quintana,17811
119964,511358241,Mohamed,Fonseca,17812
119965,614487266,Adrian,Barros,17813
119966,113673001,Ale,Cordoba,17814
119967,873533828,Alfredo,Giner,17815
119968,620343436,Clarisa,Quintanilla,17816
119969,324051526,Ruy,Llorens,17817
119970,902198185,Anibal,Roldan,17818
119971,103667271,Lina,Carranza,17819
119972,209764246,Renato,Lopez,17820
119973,539257713,Goyo,Matas,17821
119974,637090531,Luis Miguel,Olivares,17822
119975,860818858,Jacinta,Alonso,17823
119976,428374301,Azahara,Contreras,17824
119977,847148865,Tania,Prat,17825
119978,715136168,Adela,Millan,17826
119979,131604073,Eva Maria,Gibert,17827
119980,421566230,Marita,Belmonte,17828
119981,168890386,Nacho,Vargas,17829
119982,971134343,Nereida,Guerrero,17830
119983,288398395,Macaria,Acuna,17831
119984,550755160,Lino,Marmol,17832
119985,338961340,Juan Bautista,Aguirre,17833
119986,918426045,Ruy,Abellan,17834
119987,433049760,Augusto,Salva,17835
119988,538160781,Mar,Revilla,17836
119989,450839809,Sarita,Morcillo,17837
119990,458231915,Bibiana,Amores,17838
119991,359605562,Narcisa,Luis,17839
119992,196891305,Lupe,Llamas,17840
119993,438694181,Azahara,Higueras,17841
119994,116679783,Amador,Pino,17842
119995,788254932,Olegario,Piquer,17843
119996,329831108,Pepito,Duarte,17844
119997,176716362,Hortensia,Castejon,17845
119998,359489158,Elisabet,Batlle,17846
119999,291971717,Jafet,Blazquez,17847
120000,739235586,Marcio,Rivero,17848
