id,documento,nombre,apellido,mesa_id
60001,514226765,Fanny,Huguet,60001
60002,527909791,Albano,Riera,60002
60003,436097131,Ciriaco,Puente,60003
60004,276180376,Anibal,Ponce,60004
60005,368374231,Octavio,Guzman,60005
60006,260963464,Aroa,Pelayo,60006
60007,499841949,Vasco,Simo,60007
60008,850247642,Maria Belen,Aleman,60008
60009,226847355,Leonardo,Morera,60009
60010,548777533,Angela,Pujadas,60010
60011,322085466,Aurelio,Laguna,60011
60012,443166298,Juliana,Zorrilla,60012
60013,753423987,Maria Jesus,Castejon,60013
60014,527220331,Eva Maria,Palma,60014
60015,382168567,Luisa,Aragones,60015
60016,928905934,Manu,Cifuentes,60016
60017,195815006,Gervasio,Campoy,60017
60018,697627317,Manola,Cespedes,60018
60019,683011721,Esmeralda,Gimenez,60019
60020,682707044,Monica,Carbo,60020
60021,312781653,Concha,Blanca,60021
60022,862491455,Dalila,Diaz,60022
60023,773396282,Pepita,Vall,60023
60024,339495779,Micaela,Pina,60024
60025,374912723,Teresita,Terron,60025
60026,286295414,Rosalva,Barriga,60026
60027,844053630,Blas,Castello,60027
60028,201649888,Inmaculada,Cabrero,60028
60029,373039268,Nacho,Ortiz,60029
60030,140652594,Selena,Benet,60030
60031,538720486,Regina,Tirado,60031
60032,608887306,Jordi,Cifuentes,60032
60033,664669295,Monica,Matas,60033
60034,195853607,Martirio,Redondo,60034
60035,859484592,Victoriano,Prats,60035
60036,416068546,Jenaro,Domenech,60036
60037,103784210,Prudencia,Ortega,60037
60038,492598522,Gala,Santamaria,60038
60039,798917239,Baudelio,Pi,60039
60040,943261657,Onofre,Raya,60040
60041,889139591,Lucho,Pablo,60041
60042,679512517,Adelina,Torrent,60042
60043,154419754,Alvaro,Pozo,60043
60044,670481082,Edgar,Marino,60044
60045,135946866,Marcio,Gimeno,60045
60046,217727232,Lucas,Alberto,60046
60047,738638044,Leocadio,Penas,60047
60048,756590154,Nilda,Esteban,60048
60049,289716818,Vasco,Pages,60049
60050,919136208,Tiburcio,Llorens,60050
60051,493060517,Clarisa,Barragan,60051
60052,284769325,Che,Mancebo,60052
60053,409238221,Edu,Sanabria,60053
60054,608778553,Lisandro,Huertas,60054
60055,166637197,Rosaura,Batlle,60055
60056,893163198,Amaro,Abella,60056
60057,206147250,Aurelio,Pazos,60057
60058,988763997,Victor Manuel,Escalona,60058
60059,243942151,Saturnino,Mas,60059
60060,440098958,Pacifica,Mas,60060
60061,191026147,Adolfo,Luz,60061
60062,625870558,Benigno,Alamo,60062
60063,112616080,Violeta,Galan,60063
60064,250095538,Octavia,Canet,60064
60065,914773952,Marina,Hervia,60065
60066,517755203,Paulino,Quiroga,60066
60067,587409768,Lucas,Ripoll,60067
60068,441657653,Soledad,Bernad,60068
60069,279759591,Consuela,Bernal,60069
60070,889801255,Eliseo,Castilla,60070
60071,929212336,Rosendo,Abad,60071
60072,443995108,Yolanda,Fabregat,60072
60073,579287961,Iban,Gimeno,60073
60074,364321124,Pancho,Colom,60074
60075,579919636,Emilia,Canete,60075
60076,492404409,Jose Antonio,Benavent,60076
60077,261693228,Modesta,Zapata,60077
60078,403599840,Ruth,Aragones,60078
60079,232203597,Emilia,Morcillo,60079
60080,814432491,Herminio,Manso,60080
60081,431400182,Renata,Vilaplana,60081
60082,255167507,Sofia,Olmedo,60082
60083,510062587,Nazaret,Nebot,60083
60084,596308832,Fernando,Torrents,60084
60085,649559621,Donato,Hervas,60085
60086,282386477,Dolores,Calvet,60086
60087,225403343,Benigno,Jorda,60087
60088,904809649,Maria Teresa,Ochoa,60088
60089,685440414,Iban,Ramis,60089
60090,586271612,Clarisa,Aroca,60090
60091,912319192,Rafa,Fuentes,60091
60092,145648131,Renato,Folch,60092
60093,732681234,Vito,Jerez,60093
60094,671986593,Blas,Arenas,60094
60095,661295470,Martin,Belmonte,60095
60096,911877290,Anacleto,Naranjo,60096
60097,616195505,Teofilo,Roda,60097
60098,904783247,Valero,Molins,60098
60099,349613038,Jordana,Perez,60099
60100,615346720,Belen,Sainz,60100
60101,815003285,Graciano,Duran,60101
60102,833768998,Emma,Pena,60102
60103,796683168,Julian,Saez,60103
60104,772239969,Cloe,Julia,60104
60105,382187302,Benito,Hervia,60105
60106,431470251,Ale,Polo,60106
60107,198725946,Pilar,Galvez,60107
60108,701951962,Pio,Rico,60108
60109,121666772,Cayetana,Suarez,60109
60110,668131878,Florentino,Toro,60110
60111,183180818,Edelmira,Coloma,60111
60112,503627871,Herberto,Valles,60112
60113,947359875,Eli,Almagro,60113
60114,828455905,Fernando,Valverde,60114
60115,221832974,Josep,Rico,60115
60116,477640425,Climaco,Carrera,60116
60117,255981878,Maricela,Adadia,60117
60118,286307227,Patricio,Sanchez,60118
60119,720939546,Olegario,Galindo,60119
60120,115398077,Fernanda,Duque,60120
60121,895756365,Eustaquio,Pujol,60121
60122,614128892,Nereida,Rios,60122
60123,105140411,Manuel,Posada,60123
60124,822230250,Artemio,Hidalgo,60124
60125,363023825,Cecilio,Luque,60125
60126,519353488,Inocencio,Tomas,60126
60127,229483203,Maura,Palomo,60127
60128,634493308,Maximiliano,Sobrino,60128
60129,324635313,Maria Angeles,Mate,60129
60130,591745995,Marc,Campillo,60130
60131,198723180,Isa,Sevillano,60131
60132,308947360,Rocio,Tejero,60132
60133,124667734,Marta,Manzano,60133
60134,921833507,Teodora,Cadenas,60134
60135,280933423,Calixto,Capdevila,60135
60136,462271316,Lupita,Botella,60136
60137,124884625,Rita,Oliver,60137
60138,621804413,Ines,Sedano,60138
60139,878842811,Edu,Lopez,60139
60140,726356627,Nazario,Pinedo,60140
60141,892374509,Reina,Cerda,60141
60142,631778739,Obdulia,Guerrero,60142
60143,618804208,Jose Angel,Blazquez,60143
60144,253140121,Marcelo,Cervera,60144
60145,456772583,Soraya,Ropero,60145
60146,287508280,Omar,Bayon,60146
60147,398340199,Chelo,Baro,60147
60148,937382584,Renato,Alberto,60148
60149,638344189,Candelas,Corbacho,60149
60150,225058698,Pio,Reyes,60150
60151,222506622,Rosalinda,Solis,60151
60152,887765454,Evelia,Frutos,60152
60153,827929465,Julio Cesar,Calderon,60153
60154,482512654,Federico,Jorda,60154
60155,970061951,Fortunata,Valencia,60155
60156,513245122,Geraldo,Castro,60156
60157,899224452,Florencia,Bou,60157
60158,997652524,Esteban,Llabres,60158
60159,890057320,Casemiro,Barrio,60159
60160,240306787,Isaias,Valero,60160
60161,506125953,Guadalupe,Montserrat,60161
60162,735962599,Celestina,Arjona,60162
60163,144246026,Jose Manuel,Sola,60163
60164,106177110,Leonardo,Casas,60164
60165,432147950,Olegario,Acevedo,60165
60166,240405467,Maria,Gutierrez,60166
60167,130046402,Desiderio,Hoyos,60167
60168,707400161,Maria Manuela,Quero,60168
60169,222324655,Epifanio,Espanol,60169
60170,530777473,Hipolito,Marquez,60170
60171,587026250,Petrona,Mateos,60171
60172,246721444,Angelica,Dieguez,60172
60173,206342456,Kike,Tirado,60173
60174,314655338,Charo,Beltran,60174
60175,732342260,Reina,Valdes,60175
60176,829237819,Milagros,Simo,60176
60177,617366748,Adrian,Costa,60177
60178,163474906,Ramiro,Carnero,60178
60179,896083586,Asuncion,Carbonell,60179
60180,992506225,Rosa Maria,Navas,60180
60181,806690495,Edgar,Franco,60181
60182,139152636,Guiomar,Nicolas,60182
60183,217807741,Juan Antonio,Alcazar,60183
60184,750014719,Adan,Yanez,60184
60185,772963723,Flora,Rincon,60185
60186,826999179,Ambar,Calzada,60186
60187,490950693,Marco,Sole,60187
60188,795937011,Maximiano,Sanjuan,60188
60189,327777905,Samanta,Lledo,60189
60190,748118809,Leandra,Araujo,60190
60191,815281074,Eleuterio,Manrique,60191
60192,922394433,Mariano,Lucena,60192
60193,663813756,Danilo,Soria,60193
60194,514729721,Ale,Bayon,60194
60195,539856891,Esteban,Ortiz,60195
60196,261264144,Olga,Cabrera,60196
60197,505040369,Bernardino,Donoso,60197
60198,828935374,Adelardo,Fiol,60198
60199,535043085,Sergio,Araujo,60199
60200,654218460,Natalio,Nevado,60200
60201,446617790,Aurelia,Sevillano,60201
60202,854403003,Curro,Cuellar,60202
60203,761235102,Trinidad,Alemany,60203
60204,612958330,Maximiano,Aguilera,60204
60205,421019536,Felicia,Valls,60205
60206,865343002,Geronimo,Bolanos,60206
60207,213422296,Cristian,Pou,60207
60208,558495228,Haydee,Cases,60208
60209,470891254,Cloe,Robles,60209
60210,573680544,Jose Manuel,Espejo,60210
60211,706667003,Roxana,Jodar,60211
60212,413034642,Danilo,Coello,60212
60213,958468804,Josep,Abella,60213
60214,955484568,Angela,Gutierrez,60214
60215,639901425,Sara,Sole,60215
60216,328586472,Lucia,Beltran,60216
60217,593876559,Heriberto,Anglada,60217
60218,510553690,Dominga,Calderon,60218
60219,449989496,Tiburcio,Sanjuan,60219
60220,990814487,Francisco Javier,Pages,60220
60221,924842691,Gustavo,Canet,60221
60222,197863710,Virgilio,Portero,60222
60223,441054027,Lucila,Paredes,60223
60224,921602586,Jose Luis,Olivera,60224
60225,553618323,Espiridion,Rincon,60225
60226,141986055,Renato,Tolosa,60226
60227,421199111,Matias,Pino,60227
60228,182055452,Nilda,Alcazar,60228
60229,204447079,Blas,Pallares,60229
60230,285281706,Samuel,Carnero,60230
60231,888374506,Abraham,Pelayo,60231
60232,293426692,Ruth,Serna,60232
60233,740357296,Maricela,Pavon,60233
60234,108264953,Heraclio,Laguna,60234
60235,746768615,Estela,Muniz,60235
60236,362553981,Tamara,Jove,60236
60237,729073291,Sancho,Vilar,60237
60238,384357903,Alexandra,Vaquero,60238
60239,973002628,Iker,Amo,60239
60240,948475116,Cruz,Batlle,60240
60241,296746754,Nidia,Benitez,60241
60242,478748821,Elisabet,Villena,60242
60243,835088840,Maria Angeles,Garrido,60243
60244,488513461,Jesus,Rueda,60244
60245,831313067,Daniela,Cazorla,60245
60246,247697108,Lucio,Fuertes,60246
60247,278028837,Fabricio,Alberto,60247
60248,183981607,Ainara,Prado,60248
60249,245888504,Javi,Tirado,60249
60250,140646900,Maribel,Zaragoza,60250
60251,344052202,Rita,Sala,60251
60252,266302988,Rosalia,Bellido,60252
60253,656179222,Galo,Pinilla,60253
60254,320800260,Gala,Soria,60254
60255,461319178,Sandalio,Ferrando,60255
60256,576293355,Feliciano,Saldana,60256
60257,492617298,Eulalia,Macias,60257
60258,818268371,Bartolome,Marmol,60258
60259,197170131,Ines,Casas,60259
60260,413894776,Tono,Menendez,60260
60261,361378573,Ernesto,Requena,60261
60262,591256529,Alonso,Andres,60262
60263,286859161,Hector,Silva,60263
60264,625902632,Anna,Manrique,60264
60265,270625275,Esmeralda,Arranz,60265
60266,226069398,Daniela,Coello,60266
60267,335816520,Teodora,Garate,60267
60268,394363294,Leopoldo,Crespi,60268
60269,268398233,Dani,Sala,60269
60270,403988386,Rico,Bueno,60270
60271,447828726,Isidro,Lobato,60271
60272,102300656,Juan Bautista,Gaya,60272
60273,541093365,Yessica,Marmol,60273
60274,803554383,Dimas,Duran,60274
60275,205591797,Anselma,Marcos,60275
60276,379659826,Tania,Rojas,60276
60277,332879288,Nuria,Prado,60277
60278,217999156,Zaira,Lobato,60278
60279,137649137,Amilcar,Laguna,60279
60280,495598633,Estela,Millan,60280
60281,216943740,Jose Francisco,Rico,60281
60282,406840988,Candido,Sainz,60282
60283,604108347,Omar,Villaverde,60283
60284,329587124,Armando,Tena,60284
60285,392009817,Mariano,Esteban,60285
60286,141895438,Cecilio,Velasco,60286
60287,644460151,Maria Teresa,Padilla,60287
60288,176298589,Hector,Ferrandez,60288
60289,648978378,Javiera,Agudo,60289
60290,383445201,Luciana,Arevalo,60290
60291,474236673,Otilia,Valverde,60291
60292,130468983,Elias,Rico,60292
60293,482948009,Dorita,Valbuena,60293
60294,465330686,Lucila,Goicoechea,60294
60295,994179653,Ciriaco,Ortega,60295
60296,747775795,Ale,Ibarra,60296
60297,822873098,Martirio,Lorenzo,60297
60298,863743763,Victoria,Saez,60298
60299,643002929,Vera,Goicoechea,60299
60300,369436951,Manola,Morante,60300
60301,948257671,Prudencia,Antunez,60301
60302,260133947,Fidel,Fortuny,60302
60303,941156539,Begona,Cuesta,60303
60304,124031383,Javi,Torrent,60304
60305,364172763,Marina,Malo,60305
60306,569059831,Segismundo,Roman,60306
60307,215338780,Jose,Torrijos,60307
60308,545104205,Augusto,Guillen,60308
60309,926038564,Carmela,Ariza,60309
60310,467559700,Esperanza,Cortes,60310
60311,423289111,Galo,Navarro,60311
60312,228292841,Maricruz,Gonzalo,60312
60313,402505680,Maria Pilar,Solsona,60313
60314,144531714,Xiomara,Herrera,60314
60315,558524024,Benigno,Benavides,60315
60316,970035139,Noa,Luz,60316
60317,288420511,Iris,Uriarte,60317
60318,430768582,Araceli,Blazquez,60318
60319,648841273,Mercedes,Calvo,60319
60320,353287794,Iris,Blasco,60320
60321,907525567,Rufino,Riba,60321
60322,712950950,Maximo,Fuente,60322
60323,388268719,Buenaventura,Carlos,60323
60324,156316944,Carolina,Mesa,60324
60325,780218225,Rodrigo,Manso,60325
60326,927667839,Maria Dolores,Barranco,60326
60327,543400716,Marta,Guitart,60327
60328,627463997,Encarnacion,Yuste,60328
60329,577130416,Epifanio,Corral,60329
60330,252610780,Griselda,Carbonell,60330
60331,237689055,Maximiliano,Cases,60331
60332,570778301,Inocencio,Sole,60332
60333,908440434,Samanta,Velasco,60333
60334,611483514,Mercedes,Bustos,60334
60335,522784552,Yago,Fuente,60335
60336,288917238,Telmo,Alfaro,60336
60337,801207661,Enrique,Andreu,60337
60338,430119023,Amparo,Domingo,60338
60339,140814995,Clarisa,Soto,60339
60340,840655884,Anabel,Andrade,60340
60341,459886604,Jose Angel,Ferran,60341
60342,749056321,Armida,Santamaria,60342
60343,397073486,Amaro,Perales,60343
60344,444851546,Maxi,Antunez,60344
60345,773717956,Esmeralda,Cornejo,60345
60346,923620373,Cebrian,Mugica,60346
60347,135414771,Marc,Cadenas,60347
60348,820350109,Ofelia,Ramon,60348
60349,118593076,Silvio,Tormo,60349
60350,988921423,Maria Carmen,Varela,60350
60351,318310581,Herminia,Robledo,60351
60352,621712189,Gaspar,Pallares,60352
60353,558541384,Seve,Andres,60353
60354,622885082,Ruperto,Silva,60354
60355,301499396,Fulgencio,Salcedo,60355
60356,977056002,Adelaida,Garrido,60356
60357,764218821,Adelia,Agusti,60357
60358,237588928,Maite,Raya,60358
60359,963518192,Fabricio,Real,60359
60360,238375737,Santos,Vina,60360
60361,882248210,Xiomara,Fabregas,60361
60362,260060279,Arturo,Mercader,60362
60363,217983529,Mariano,Laguna,60363
60364,760739998,Oscar,Bernal,60364
60365,996043444,Zaira,Banos,60365
60366,129309111,Jose Antonio,Cabo,60366
60367,494275463,Julio Cesar,Marquez,60367
60368,519488443,Hilario,Botella,60368
60369,534989333,Amor,Alvarez,60369
60370,612217274,Lucho,Riera,60370
60371,304300964,Paula,Jover,60371
60372,661548987,Nilo,Riquelme,60372
60373,322120753,Lucho,Prado,60373
60374,256250166,Francisco Jose,Sierra,60374
60375,383186920,Teresa,Carnero,60375
60376,632256264,Bartolome,Solsona,60376
60377,214003293,Benigno,Mercader,60377
60378,479094918,Lucila,Calleja,60378
60379,765798242,Hilario,Saez,60379
60380,187242105,Paloma,Mena,60380
60381,721809585,Rodrigo,Jimenez,60381
60382,874156353,Silvestre,Castaneda,60382
60383,417350140,Hernando,Martin,60383
60384,409902298,Gertrudis,Gomez,60384
60385,359583434,Javier,Riba,60385
60386,539280178,Erasmo,Guzman,60386
60387,976251237,Leire,Moliner,60387
60388,972291985,Griselda,Revilla,60388
60389,606568010,Sigfrido,Cervera,60389
60390,972118484,Raquel,Zabala,60390
60391,644075604,Wilfredo,Ibanez,60391
60392,984826323,Jesusa,Rubio,60392
60393,316642035,Mateo,Urena,60393
60394,467526917,Perlita,Camps,60394
60395,969018146,Oriana,Diego,60395
60396,814743438,Reynaldo,Paniagua,60396
60397,353449489,Julia,Marquez,60397
60398,576948844,Josefina,Alfonso,60398
60399,590934285,Teo,Esparza,60399
60400,650961791,Candelario,Reina,60400
60401,870947476,Faustino,Canizares,60401
60402,181220372,Cirino,Real,60402
60403,568645419,Yago,Sole,60403
60404,694043356,Jose Ignacio,Segui,60404
60405,280307018,Jose Carlos,Murcia,60405
60406,493208514,Nerea,Lerma,60406
60407,954242165,Rosenda,Porras,60407
60408,577373160,Pastor,Abril,60408
60409,946899176,Vidal,Valero,60409
60410,339531105,Ricarda,Taboada,60410
60411,213462341,Candido,Palomino,60411
60412,247601221,Brunilda,Soria,60412
60413,210712260,Pepito,Lopez,60413
60414,643089883,Ramona,Marin,60414
60415,986540276,Elena,Ojeda,60415
60416,101988962,Herminio,Carbajo,60416
60417,232848398,Lourdes,Aller,60417
60418,715905639,Juanita,Ramirez,60418
60419,878376873,Calixta,Albero,60419
60420,905714602,Obdulia,Campillo,60420
60421,973792029,Salvador,Velasco,60421
60422,832048040,Esperanza,Lasa,60422
60423,506005990,Montserrat,Pinedo,60423
60424,564564135,Lazaro,Fuertes,60424
60425,889906585,Reyes,Cabanas,60425
60426,391706375,Vilma,Llabres,60426
60427,644789971,Maricruz,Tejedor,60427
60428,657182291,Visitacion,Angulo,60428
60429,634907032,Nuria,Gonzalo,60429
60430,341982498,Fausto,Garcia,60430
60431,513450512,Telmo,Julia,60431
60432,528219307,Fidel,Escribano,60432
60433,433833572,Hortensia,Lastra,60433
60434,113781609,Reyes,Vera,60434
60435,919781995,Ruben,Lobato,60435
60436,444444667,Candelas,Matas,60436
60437,601803823,Balduino,Boada,60437
60438,835954402,Cesar,Losada,60438
60439,355891258,Azucena,Tormo,60439
60440,149991343,Remigio,Real,60440
60441,255935815,Julio,Fiol,60441
60442,368222933,Alex,Cortes,60442
60443,882735387,Natalia,Torrecilla,60443
60444,951166688,Isidora,Gamez,60444
60445,472603624,Juan Pablo,Armas,60445
60446,910127209,Celestino,Oliveras,60446
60447,639700263,Lucho,Bermejo,60447
60448,667182202,Jesusa,Espinosa,60448
60449,835072313,Alex,Navarro,60449
60450,776581461,Carmela,Riba,60450
60451,874729990,Maribel,Cabanas,60451
60452,907538219,Juan Manuel,Angel,60452
60453,527199091,Angeles,Azorin,60453
60454,608873259,Olivia,Estevez,60454
60455,497659205,Macarena,Prat,60455
60456,626692282,Timoteo,Tolosa,60456
60457,639192012,Jose Luis,Mariscal,60457
60458,961766314,Dario,Solana,60458
60459,293724352,Bibiana,Lloret,60459
60460,991872913,Jose Luis,Leal,60460
60461,376386173,Elpidio,Abellan,60461
60462,554592244,Nico,Lozano,60462
60463,832548179,Fabian,Trillo,60463
60464,995276622,Maricela,Pineiro,60464
60465,974661680,Calixto,Canals,60465
60466,753326510,Nieves,Cruz,60466
60467,820772040,Zacarias,Santiago,60467
60468,641293927,Teodoro,Santana,60468
60469,147468783,Emiliana,Villalonga,60469
60470,635828851,Salvador,Canellas,60470
60471,760547964,Abril,Bermejo,60471
60472,706064778,Elba,Salmeron,60472
60473,178901754,Herminio,Batlle,60473
60474,659252251,Telmo,Hidalgo,60474
60475,709417588,Inigo,Pereira,60475
60476,533650867,Javiera,Rius,60476
60477,735681323,Heliodoro,Falco,60477
60478,344176411,Cristian,Marquez,60478
60479,247889234,Leopoldo,Bas,60479
60480,664928745,Cristobal,Pera,60480
60481,952991960,Maristela,Arribas,60481
60482,401458109,Manuela,Vara,60482
60483,829007182,Atilio,Gracia,60483
60484,463681007,Consuelo,Molins,60484
60485,966559111,Aurea,Milla,60485
60486,866073075,Alonso,Antunez,60486
60487,811544635,Candelaria,Bayon,60487
60488,864273078,Berta,Alvarez,60488
60489,932322546,Tiburcio,Almazan,60489
60490,580689683,Miguel,Zamora,60490
60491,540749311,Paulina,Moll,60491
60492,229912547,Estela,Cabeza,60492
60493,413674213,Eleuterio,Correa,60493
60494,545289009,Fidela,Cid,60494
60495,524332694,Severino,Olmedo,60495
60496,254261936,Julian,Mate,60496
60497,729250653,Vidal,Pedrero,60497
60498,629701094,Lalo,Cabrero,60498
60499,955826323,Violeta,Pozuelo,60499
60500,684330890,Osvaldo,Bru,60500
60501,583598554,Martina,Galvan,60501
60502,199093767,Vicenta,Cepeda,60502
60503,622766054,Nacio,Sarabia,60503
60504,813899071,Filomena,Ballesteros,60504
60505,506090084,Ambar,Fajardo,60505
60506,960723165,Edmundo,Herranz,60506
60507,347583211,Juan Manuel,Fuertes,60507
60508,616835572,Loida,Acevedo,60508
60509,374091133,Liliana,Lillo,60509
60510,830738344,Sandra,Lasa,60510
60511,807674629,Mayte,Valera,60511
60512,321688152,Mariano,Arana,60512
60513,274044517,Amor,Linares,60513
60514,396246056,Graciana,Pulido,60514
60515,771508744,Maxi,Lozano,60515
60516,817366349,Efrain,Cabeza,60516
60517,344964021,Rafaela,Jauregui,60517
60518,774443572,Bartolome,Romeu,60518
60519,365791509,Cirino,Segui,60519
60520,564592810,Dani,Rincon,60520
60521,910930879,Ana,Romeu,60521
60522,545425398,Roque,Manzanares,60522
60523,618226153,Marciano,Ramirez,60523
60524,584473294,Gilberto,Corral,60524
60525,474274369,Eutimio,Franch,60525
60526,253103260,Isidoro,Carrera,60526
60527,398732868,Apolinar,Vega,60527
60528,557200478,Silvia,Zamorano,60528
60529,216206751,Montserrat,Bustamante,60529
60530,427352392,Maria Jose,Anton,60530
60531,555303033,Matilde,Ros,60531
60532,542354302,Claudio,Ballesteros,60532
60533,495904171,Hernan,Madrid,60533
60534,411195398,Diana,Castrillo,60534
60535,960230662,Adelina,Roldan,60535
60536,223649544,Gonzalo,Gutierrez,60536
60537,363886957,Ciro,Rosell,60537
60538,873679554,Lorena,Navarro,60538
60539,364178713,Dan,Armas,60539
60540,224282011,Narciso,Arenas,60540
60541,697677964,Mercedes,Gimenez,60541
60542,576573397,Omar,Espejo,60542
60543,294971954,Encarnacion,Julian,60543
60544,629748655,Olga,Cruz,60544
60545,293179714,Fermin,Orozco,60545
60546,654665108,Vera,Olmo,60546
60547,478496855,Maria Jesus,Salamanca,60547
60548,105517808,Federico,Trillo,60548
60549,431967954,Leyre,Saez,60549
60550,839575040,Anastasia,Solana,60550
60551,178267436,Angeles,Barranco,60551
60552,330926650,Rosalva,Mir,60552
60553,194221709,Marina,Larrea,60553
60554,391081952,Viviana,Galindo,60554
60555,114996238,Baudelio,Acero,60555
60556,699505483,Narcisa,Ferrer,60556
60557,834067445,Severino,Gallo,60557
60558,964262818,Estefania,Fajardo,60558
60559,125717402,Luciana,Rossello,60559
60560,295439523,Bibiana,Perello,60560
60561,280022740,Bibiana,Galvez,60561
60562,979578705,Maria Teresa,Balaguer,60562
60563,868623086,Rafaela,Donoso,60563
60564,498052626,Encarna,Fernandez,60564
60565,391920541,Amalia,Rey,60565
60566,422507103,Tito,Marino,60566
60567,517638535,Isaias,Espanol,60567
60568,586741443,Augusto,Flor,60568
60569,412701744,Ramona,Oliver,60569
60570,826158552,Adelia,Acero,60570
60571,879287924,Florentino,Tejada,60571
60572,399330758,Martina,Porcel,60572
60573,222768753,Caridad,Tejero,60573
60574,519684228,Pelayo,Nevado,60574
60575,470597298,Josue,Bellido,60575
60576,586283384,Josep,Pineda,60576
60577,473734021,Ascension,Gil,60577
60578,163512740,Gisela,Cueto,60578
60579,461203640,Luna,Caballero,60579
60580,522629209,Nereida,Gallart,60580
60581,260076269,Maximiano,Donaire,60581
60582,622486183,Hugo,Nevado,60582
60583,571083182,Cristina,Raya,60583
60584,769922294,Luis,Cabezas,60584
60585,221829440,Lucila,Sala,60585
60586,999951367,Donato,Carlos,60586
60587,695707797,Isa,Galan,60587
60588,131114832,Jose Angel,Taboada,60588
60589,175295999,Narciso,Manjon,60589
60590,924708917,Loida,Matas,60590
60591,878244636,Baudelio,Cardona,60591
60592,690942893,Hector,Bru,60592
60593,654995070,Concepcion,Hervia,60593
60594,811869388,Aroa,Ribera,60594
60595,974809374,Esteban,Luz,60595
60596,307649771,Rogelio,Sierra,60596
60597,362640910,Inigo,Muro,60597
60598,471209919,Miguel,Almeida,60598
60599,232426982,Visitacion,Valcarcel,60599
60600,493885885,Maria Carmen,Aguirre,60600
60601,931180211,Marc,Asenjo,60601
60602,745966532,Ascension,Saavedra,60602
60603,175721829,German,Samper,60603
60604,826379620,Sofia,Ferrera,60604
60605,926292145,Sara,Cortes,60605
60606,148359003,Ariadna,Batlle,60606
60607,812359619,Segismundo,Palacio,60607
60608,510635293,Domingo,Valero,60608
60609,377266617,Roman,Navarro,60609
60610,287073320,Omar,Baro,60610
60611,900777114,Natanael,Carlos,60611
60612,659396183,Montserrat,Roura,60612
60613,595053276,Marcial,Sevilla,60613
60614,231150260,Esteban,Almagro,60614
60615,965484525,Rico,Valbuena,60615
60616,376858513,Dorita,Corral,60616
60617,843715732,Olalla,Segovia,60617
60618,793749915,Santiago,Castro,60618
60619,274947789,Sancho,Camino,60619
60620,842619638,Elias,Oliver,60620
60621,489420276,Mohamed,Guijarro,60621
60622,450334194,Beatriz,Reig,60622
60623,198482695,Alonso,Aguilar,60623
60624,704772034,Eulalia,Pont,60624
60625,326347970,Oriana,Beltran,60625
60626,550571379,Concepcion,Jodar,60626
60627,107352815,Isabel,Marti,60627
60628,188671019,Luisa,Cortes,60628
60629,150226144,Mateo,Carbo,60629
60630,308020033,Emperatriz,Martin,60630
60631,765092604,Elba,Montoya,60631
60632,657978245,Santiago,Pardo,60632
60633,422364396,Loida,Milla,60633
60634,475739634,Rita,Carrasco,60634
60635,651516447,Vanesa,Royo,60635
60636,223135082,Natalio,Leiva,60636
60637,427299935,Natividad,Caballero,60637
60638,354577094,Patricia,Olmedo,60638
60639,904432560,Curro,Cordoba,60639
60640,324215301,Loreto,Vilar,60640
60641,772778699,Rosaura,Medina,60641
60642,562468463,Alex,Tena,60642
60643,692362087,Pepito,Roman,60643
60644,593322561,Demetrio,Muniz,60644
60645,444377653,Juan Francisco,Cid,60645
60646,421835248,Anastasia,Goni,60646
60647,965119840,Borja,Puente,60647
60648,132736070,Irene,Garzon,60648
60649,634449599,Oriana,Sandoval,60649
60650,521053533,Yaiza,Hernando,60650
60651,725773399,Maria Belen,Guzman,60651
60652,502631173,Alfonso,Seco,60652
60653,848597611,Telmo,Cerezo,60653
60654,386413564,Jovita,Canet,60654
60655,970871820,Rosalina,Martin,60655
60656,340506440,Lazaro,Portero,60656
60657,164002115,Casemiro,Quintanilla,60657
60658,635900127,Xiomara,Camino,60658
60659,272614052,Chuy,Tello,60659
60660,117222652,Lucia,Gomila,60660
60661,768309283,Osvaldo,Bartolome,60661
60662,691025775,Maximino,Diego,60662
60663,386488643,Merche,Alberola,60663
60664,815921044,Diana,Pablo,60664
60665,976101634,Ileana,Puig,60665
60666,409809200,Maximiliano,Aragones,60666
60667,466069968,Fabio,Francisco,60667
60668,972455878,Haroldo,Noguera,60668
60669,869528697,Ingrid,Villaverde,60669
60670,588515061,Maura,Quiroga,60670
60671,889533565,Eusebio,Jaen,60671
60672,282132971,Nidia,Fortuny,60672
60673,520912694,Debora,Torrent,60673
60674,760660264,Faustino,Palomar,60674
60675,348057100,Sosimo,Ledesma,60675
60676,965708512,Gonzalo,Flor,60676
60677,939955622,Nicodemo,Hernandez,60677
60678,914856149,Luisina,Cortes,60678
60679,247895851,Corona,Sanmartin,60679
60680,376496270,Florencia,Duenas,60680
60681,467113804,Aristides,Manjon,60681
60682,896884527,Maura,Tamarit,60682
60683,109584909,Josep,Lasa,60683
60684,464130153,Milagros,Carrillo,60684
60685,697266482,Maria Dolores,Llado,60685
60686,616442143,Dora,Leon,60686
60687,348485518,Zoraida,Gallart,60687
60688,400820963,Susanita,Gisbert,60688
60689,720007688,Fidel,Viana,60689
60690,601224490,Manuel,Moreno,60690
60691,590197021,Pastora,Uriarte,60691
60692,543006033,Rafa,Coronado,60692
60693,907211043,Maximiano,Menendez,60693
60694,576458118,Galo,Laguna,60694
60695,187840914,Nilda,Solsona,60695
60696,251128323,Maximiliano,Segarra,60696
60697,297032584,Severiano,Olmedo,60697
60698,831763248,Artemio,Campillo,60698
60699,755663525,Mercedes,Cabanillas,60699
60700,549951395,Cosme,Lamas,60700
60701,886017644,Regina,Montero,60701
60702,297809671,Maria Dolores,Somoza,60702
60703,994540400,Elisabet,Galan,60703
60704,938167931,Porfirio,Barroso,60704
60705,150395908,Esmeralda,Torrecilla,60705
60706,509010845,Monica,Plana,60706
60707,372098354,Nazaret,Castaneda,60707
60708,893590131,Maria Pilar,Cifuentes,60708
60709,620969231,Felicidad,Campo,60709
60710,581233073,Anibal,Querol,60710
60711,515441656,Delia,Garay,60711
60712,606183704,Ester,Seco,60712
60713,836052381,Gonzalo,Diego,60713
60714,510812656,Santiago,Contreras,60714
60715,292378768,Hortensia,Bejarano,60715
60716,194522116,Severo,Valero,60716
60717,853076609,Bautista,Fernandez,60717
60718,624220221,Julian,Ferreras,60718
60719,728884095,Jose Francisco,Sanmiguel,60719
60720,321378021,Climaco,Duarte,60720
60721,289318332,Graciela,Cases,60721
60722,853615881,Nicolasa,Fabregat,60722
60723,605527848,Roxana,Amor,60723
60724,364450798,Agustina,Julian,60724
60725,605133367,Salomon,Caballero,60725
60726,210637550,Sonia,Revilla,60726
60727,377450203,Salomon,Belmonte,60727
60728,334899031,Balduino,Granados,60728
60729,917093678,Maricela,Diez,60729
60730,579098355,Narcisa,Landa,60730
60731,401062914,Maria Dolores,Saavedra,60731
60732,682268707,Alvaro,Sanmartin,60732
60733,707026100,Noelia,Matas,60733
60734,680988216,Isabela,Montero,60734
60735,156116566,Modesta,Saldana,60735
60736,466905748,Coral,Casal,60736
60737,688107355,Leoncio,Ricart,60737
60738,952645057,Emiliana,Vallejo,60738
60739,677277577,Monica,Rodriguez,60739
60740,517198184,Maria Pilar,Agusti,60740
60741,633341814,Lorena,Jove,60741
60742,139537564,Esther,Lobo,60742
60743,376704709,Maria Fernanda,Alonso,60743
60744,268078204,Moises,Cornejo,60744
60745,294238435,Victorino,Cuellar,60745
60746,479660750,Lazaro,Nino,60746
60747,575632255,Salome,Somoza,60747
60748,743157889,Mauricio,Paniagua,60748
60749,277197603,Elba,Puig,60749
60750,618985069,Alonso,Aguilo,60750
60751,727553559,Ale,Lago,60751
60752,463338634,Luz,Martinez,60752
60753,238917035,Jesus,Gargallo,60753
60754,759822800,Loreto,Alberdi,60754
60755,145632224,Leandra,Benavent,60755
60756,326993098,Maria Pilar,Miralles,60756
60757,906347592,Alma,Benavente,60757
60758,399418221,Adrian,Grau,60758
60759,769436957,Anibal,Montes,60759
60760,858763606,Pia,Herranz,60760
60761,175355443,Fulgencio,Alberola,60761
60762,752589920,Duilio,Gilabert,60762
60763,962243575,Esperanza,Ferrero,60763
60764,846935026,Lidia,Azorin,60764
60765,210171037,Dolores,Sala,60765
60766,125155140,Clemente,Bonet,60766
60767,465131963,Pedro,Canals,60767
60768,414242709,Anna,Bustos,60768
60769,380539368,Rogelio,Domenech,60769
60770,343568587,Nando,Moreno,60770
60771,234214761,Moises,Valero,60771
60772,312764293,Sabina,Cases,60772
60773,916452622,Santos,Cabeza,60773
60774,515669183,Ernesto,Manzano,60774
60775,370787149,Salomon,Prieto,60775
60776,981612328,Otilia,Reyes,60776
60777,222786297,Olivia,Navarro,60777
60778,838141350,Angelita,Amigo,60778
60779,491772087,Lourdes,Arellano,60779
60780,949330456,Jesus,Salas,60780
60781,719930455,Rodrigo,Capdevila,60781
60782,398512976,Josefina,Madrigal,60782
60783,310529422,Paz,Garcia,60783
60784,780662794,Fabiana,Sola,60784
60785,777978797,Veronica,Barba,60785
60786,208562215,Bibiana,Adadia,60786
60787,828274483,Benigna,Caballero,60787
60788,653899548,Ivan,Bermudez,60788
60789,758945793,Albino,Girona,60789
60790,887717807,Ainoa,Menendez,60790
60791,956176732,Zaida,Sobrino,60791
60792,928624009,Javier,Terron,60792
60793,141333179,Sancho,Aguila,60793
60794,704291096,Olalla,Diez,60794
60795,934758736,Luisa,Cortes,60795
60796,339432856,Aroa,Priego,60796
60797,221002559,Melania,Barroso,60797
60798,498561067,Victoria,Adadia,60798
60799,140791060,Aura,Vives,60799
60800,964549973,Celestino,Quevedo,60800
60801,965922022,Cornelio,Estevez,60801
60802,481431393,Martin,Miguel,60802
60803,923436565,Coral,Martorell,60803
60804,680054437,Tatiana,Arevalo,60804
60805,550107116,Natalia,Murillo,60805
60806,384773416,Candela,Heras,60806
60807,455416103,Virginia,Puig,60807
60808,635729064,Isidora,Estevez,60808
60809,645703814,Adelia,Mulet,60809
60810,843445322,Leonel,Menendez,60810
60811,712611757,Elvira,Perales,60811
60812,193141890,Nilo,Diez,60812
60813,857404031,Eli,Sancho,60813
60814,960167216,Vidal,Martin,60814
60815,100897565,Isa,Grande,60815
60816,232792270,Nerea,Valenciano,60816
60817,581666325,Pepita,Cobos,60817
60818,769233652,Clotilde,Cuenca,60818
60819,303004930,Gerardo,Marques,60819
60820,634316072,Magdalena,Barba,60820
60821,336810195,Jesusa,Verdugo,60821
60822,794329428,Alonso,Roman,60822
60823,438718659,Martin,Esteban,60823
60824,136746376,Florentina,Miranda,60824
60825,244695723,Sabina,Moliner,60825
60826,380780431,Valentin,Recio,60826
60827,267463815,David,Tapia,60827
60828,908695803,Marianela,Mayo,60828
60829,284851298,Lucas,Planas,60829
60830,674480442,Eugenio,Acuna,60830
60831,618321103,Rosalinda,Peral,60831
60832,656310212,Carmen,Redondo,60832
60833,383646073,Ignacia,Sevilla,60833
60834,961487657,Magdalena,Galvez,60834
60835,450794072,Valentina,Peiro,60835
60836,484344404,Julie,Blanco,60836
60837,462178114,Ruy,Arribas,60837
60838,919685470,Dario,Cuervo,60838
60839,927276849,Amelia,Gimenez,60839
60840,315560591,Maria Pilar,Llanos,60840
60841,952810468,Juan Jose,Ramon,60841
60842,990685027,Juan Jose,Pinedo,60842
60843,253704303,Joan,Parejo,60843
60844,721694163,Fernanda,Acero,60844
60845,528010597,Leoncio,Bou,60845
60846,117013492,Adalberto,Yanez,60846
60847,455733559,Saturnina,Reig,60847
60848,787225007,Casemiro,Mariscal,60848
60849,191566266,Bernardino,Ferrandez,60849
60850,323244930,Evita,Coll,60850
60851,912601203,Alcides,Duque,60851
60852,599464397,Simon,Figueroa,60852
60853,623737157,Aureliano,Palomar,60853
60854,742807632,Rogelio,Ledesma,60854
60855,992849990,Adora,Garrido,60855
60856,570235328,Manuelita,Melendez,60856
60857,349764166,Rafaela,Lumbreras,60857
60858,861636475,Elpidio,Nunez,60858
60859,538601659,Inigo,Muniz,60859
60860,710001019,Chucho,Bonet,60860
60861,725398087,Susanita,Ibanez,60861
60862,548873512,Lupe,Barroso,60862
60863,446123606,Victoriano,Cervantes,60863
60864,698412713,Herminia,Saavedra,60864
60865,344931431,Marcial,Blanes,60865
60866,992245981,Salomon,Bou,60866
60867,662778687,Fabiana,Carranza,60867
60868,605921234,Rolando,Valenciano,60868
60869,647938909,Lilia,Carreras,60869
60870,873212088,Saturnino,Hervia,60870
60871,213701499,Alondra,Planas,60871
60872,693103101,Agustin,Aroca,60872
60873,142308363,Javi,Real,60873
60874,591194815,Climaco,Somoza,60874
60875,130894631,Victor Manuel,Mayoral,60875
60876,449646956,Jonatan,Gibert,60876
60877,434821880,Plinio,Suarez,60877
60878,479176030,Primitiva,Valenzuela,60878
60879,974494638,Andrea,Saez,60879
60880,221033907,Cesar,Madrigal,60880
60881,104762863,Natanael,Diego,60881
60882,421167239,Tania,Cortina,60882
60883,805707536,Valero,Ferran,60883
60884,338633240,Severiano,Enriquez,60884
60885,139958416,Maximino,Pinedo,60885
60886,239572443,Miriam,Tudela,60886
60887,451596625,Cesar,Dominguez,60887
60888,234842784,Federico,Ibanez,60888
60889,350389970,Ambar,Prat,60889
60890,852960309,Aaron,Carlos,60890
60891,783138319,Urbano,Campo,60891
60892,425654275,Joaquina,Padilla,60892
60893,810642649,Andres,Escudero,60893
60894,600232876,Salud,Donaire,60894
60895,663446106,Leandra,Saez,60895
60896,129903748,Purificacion,Larrea,60896
60897,796252069,Roque,Gomila,60897
60898,293231732,Jose Francisco,Tomas,60898
60899,607508643,Rico,Valdes,60899
60900,744331339,Edgardo,Castrillo,60900
60901,194931615,Luisa,Quintero,60901
60902,957337914,Isabel,Alonso,60902
60903,880041049,Duilio,Fernandez,60903
60904,758898070,Amando,Isern,60904
60905,965669879,Lucho,Badia,60905
60906,316150161,Veronica,Mendizabal,60906
60907,913891179,Heliodoro,Coloma,60907
60908,511382091,Juan Luis,Zorrilla,60908
60909,420773255,Virginia,Alvarez,60909
60910,109715998,Maximiliano,Alamo,60910
60911,511406318,Yaiza,Arevalo,60911
60912,867743684,Angelina,Iglesia,60912
60913,248260625,Rodrigo,Lledo,60913
60914,758915140,Nidia,Rebollo,60914
60915,899893422,Maxi,Matas,60915
60916,784630265,Miguela,Machado,60916
60917,186009516,Delfina,Rozas,60917
60918,597555220,Alfonso,Calleja,60918
60919,990060617,Efrain,Recio,60919
60920,167573021,Prudencia,Valverde,60920
60921,194567992,Bruno,Seco,60921
60922,928278170,Olga,Cabrera,60922
60923,692982794,Melisa,Roda,60923
60924,591987023,Juan Luis,Rodenas,60924
60925,435434637,Toribio,Gallardo,60925
60926,484415842,Nereida,Arnau,60926
60927,795860884,Constanza,Aguilar,60927
60928,309380739,Valeria,Solano,60928
60929,625972332,Juan Manuel,Ruiz,60929
60930,159659827,Andres Felipe,Gimenez,60930
60931,251012962,Rosario,Iniguez,60931
60932,393227942,Evita,Bermudez,60932
60933,712012501,Chuy,Mena,60933
60934,753952994,Isidora,Moya,60934
60935,925394118,Jose Antonio,Llamas,60935
60936,977960809,Rodrigo,Sandoval,60936
60937,857138621,Magdalena,Almeida,60937
60938,336629876,Melisa,Ripoll,60938
60939,375063563,Benita,Cueto,60939
60940,213533604,Dalila,Rincon,60940
60941,317581155,Sandra,Nicolau,60941
60942,857933341,Maria Manuela,Naranjo,60942
60943,192906512,Danilo,Riera,60943
60944,564713986,Saturnino,Martinez,60944
60945,548911412,Ciriaco,Pombo,60945
60946,609279043,Josefa,Mulet,60946
60947,117350930,Adelina,Aguado,60947
60948,365667557,Severino,Infante,60948
60949,358956850,Dan,Iniesta,60949
60950,840002741,Evaristo,Andrade,60950
60951,690080340,Graciano,Escobar,60951
60952,227314440,Ximena,Borja,60952
60953,581734248,Aristides,Delgado,60953
60954,393902298,Valerio,Camacho,60954
60955,788331181,Cleto,Sarabia,60955
60956,569002175,Fidela,Sastre,60956
60957,359109336,Maura,Alba,60957
60958,684798504,Blanca,Fiol,60958
60959,298590998,Sarita,Bayon,60959
60960,943308194,Tito,Nogues,60960
60961,808180243,Geraldo,Taboada,60961
60962,299517036,Maria Belen,Franco,60962
60963,510618267,Enrique,Aliaga,60963
60964,589567506,Cornelio,Rojas,60964
60965,792692338,Clara,Royo,60965
60966,779551006,Albina,Navarrete,60966
60967,331941085,Alondra,Sanchez,60967
60968,693107352,Maxima,Porta,60968
60969,869209776,Amado,Garmendia,60969
60970,801821559,Jose Miguel,Barbero,60970
60971,693781976,Vera,Serrano,60971
60972,698090821,Dorita,Reina,60972
60973,854412252,Nereida,Muro,60973
60974,154228312,Ambar,Hidalgo,60974
60975,288733673,Encarna,Chaparro,60975
60976,916582928,Elba,Mateos,60976
60977,524144580,Cesar,Llopis,60977
60978,761125494,Francisca,Coello,60978
60979,874783461,Angel,Minguez,60979
60980,370040123,Delia,Andres,60980
60981,877652873,Baudelio,Roura,60981
60982,885693718,Artemio,Aparicio,60982
60983,104255030,Tania,Sierra,60983
60984,394676596,Jordan,Llanos,60984
60985,643479974,Vicenta,Morillo,60985
60986,271225192,Leyre,Vinas,60986
60987,472008719,Silvestre,Barrera,60987
60988,995851432,Luciano,Manso,60988
60989,229070864,Loida,Borras,60989
60990,849555998,Josefina,Herrero,60990
60991,433384075,Dan,Sans,60991
60992,529664160,Plinio,Bru,60992
60993,314951495,Rosendo,Contreras,60993
60994,535659571,Teofilo,Hervas,60994
60995,227661134,Xavier,Carlos,60995
60996,839645174,Julieta,Ordonez,60996
60997,389094490,Genoveva,Nogues,60997
60998,808492609,Ruth,Amigo,60998
60999,914870487,Gabino,Hernando,60999
61000,184255071,Pili,Aliaga,61000
61001,787813230,Joan,Salamanca,61001
61002,750707010,Candelario,Vera,61002
61003,514242254,Esther,Angulo,61003
61004,474536230,Reynaldo,Cornejo,61004
61005,764173156,Javiera,Ayala,61005
61006,359338184,Guiomar,Anaya,61006
61007,546030746,Nicodemo,Aguilera,61007
61008,481147709,Raquel,Estevez,61008
61009,692873523,Tecla,Redondo,61009
61010,784098132,Francisco,Canovas,61010
61011,726709506,Ciriaco,Bertran,61011
61012,946225643,Margarita,Santana,61012
61013,446343465,Jordi,Hoyos,61013
61014,574932312,Marcial,Escolano,61014
61015,123038564,Amancio,Rivera,61015
61016,925262139,Jacinta,Calleja,61016
61017,186179694,Purificacion,Guillen,61017
61018,395160842,Purificacion,Bayo,61018
61019,536253534,Luciano,Montserrat,61019
61020,838202927,Pepe,Lago,61020
61021,307949840,Heraclio,Galvan,61021
61022,848217686,Marcos,Pages,61022
61023,718462161,Josefa,Iborra,61023
61024,813275013,Isaias,Montoya,61024
61025,603537746,Celia,Luna,61025
61026,740024939,Gustavo,Rosado,61026
61027,501838543,Olegario,Ropero,61027
61028,606005291,Trinidad,Ballesteros,61028
61029,865822525,Poncio,Segui,61029
61030,630587916,Morena,Riera,61030
61031,413537140,Rafael,Pelaez,61031
61032,144292345,Alejandra,Manzanares,61032
61033,754566308,Aureliano,Tomas,61033
61034,131733132,Itziar,Caceres,61034
61035,108755494,Eliana,Amat,61035
61036,187430189,Eladio,Mariscal,61036
61037,326073803,Jose Luis,Ibarra,61037
61038,968714460,Custodio,Simo,61038
61039,867089775,Lilia,Agusti,61039
61040,628309580,Miguel,Boada,61040
61041,469550559,Felicidad,Campillo,61041
61042,864440656,Eutropio,Palomares,61042
61043,485512330,Sebastian,Fuertes,61043
61044,295665295,Jose Luis,Amador,61044
61045,581079545,Cleto,Roman,61045
61046,492126655,Hipolito,Alsina,61046
61047,583372489,Ambrosio,Royo,61047
61048,602311066,Pablo,Sarmiento,61048
61049,188898445,Debora,Araujo,61049
61050,358055474,Ruperto,Sanmartin,61050
61051,152277912,Mamen,Zamora,61051
61052,980794873,Gertrudis,Monreal,61052
61053,564308648,Maximiano,Mendoza,61053
61054,254605759,Eleuterio,Robledo,61054
61055,246861039,Vidal,Bertran,61055
61056,768725183,Iris,Garcia,61056
61057,256704948,Eli,Blanco,61057
61058,472323373,Cecilia,Hurtado,61058
61059,889968876,Alba,Paz,61059
61060,675506143,Curro,Checa,61060
61061,281269034,Lorenzo,Arrieta,61061
61062,264771223,Rodrigo,Diego,61062
61063,241982014,Ximena,Caro,61063
61064,150886596,Lara,Robles,61064
61065,230179573,Isaac,Toro,61065
61066,108529963,Diego,Acevedo,61066
61067,807902677,Blanca,Cordoba,61067
61068,399093783,Anselma,Hernando,61068
61069,416563593,Angel,Font,61069
61070,239804835,Camila,Carvajal,61070
61071,285078053,Carmina,Bernal,61071
61072,144197759,Nicolas,Davila,61072
61073,524522413,Asdrubal,Mateos,61073
61074,886819986,Lupita,Sanmartin,61074
61075,121525842,Alvaro,Prieto,61075
61076,619461745,Zoraida,Guzman,61076
61077,731588979,Clemente,Segura,61077
61078,479716909,Noelia,Borras,61078
61079,961806867,Rosalva,Arribas,61079
61080,707148792,Leonel,Gonzalo,61080
61081,747049566,Marcial,Vilar,61081
61082,622661229,Otilia,Juarez,61082
61083,561027455,Narcisa,Pizarro,61083
61084,274528311,Jose Angel,Carretero,61084
61085,980835858,Benigno,Romeu,61085
61086,990683091,Nazaret,Nadal,61086
61087,342629934,Maria Angeles,Vall,61087
61088,699624953,Marcela,Amo,61088
61089,621796902,Marco,Planas,61089
61090,772058551,Dimas,Quiros,61090
61091,126527223,Pili,Yanez,61091
61092,802010076,Griselda,Canas,61092
61093,978723840,Adelina,Puerta,61093
61094,689651739,Pastora,Narvaez,61094
61095,773927341,Sebastian,Artigas,61095
61096,943633340,Segismundo,Quintanilla,61096
61097,543639493,Ruperto,Acevedo,61097
61098,928613201,Fermin,Verdugo,61098
61099,986080635,Fortunato,Llabres,61099
61100,222985281,Macarena,Quiroga,61100
61101,754899191,Mayte,Armas,61101
61102,219445113,America,Cuesta,61102
61103,253646345,Alvaro,Vendrell,61103
61104,211176836,Jose Antonio,Pinto,61104
61105,670132069,Jose Luis,Saenz,61105
61106,115827756,Nicanor,Tello,61106
61107,518516882,Adrian,Canales,61107
61108,246686142,Raquel,Vila,61108
61109,832976779,Loreto,Francisco,61109
61110,195113769,Eric,Molina,61110
61111,875937995,Jeronimo,Gimenez,61111
61112,873843748,Angelita,Galvez,61112
61113,935723806,Vicenta,Parra,61113
61114,887489193,Angelina,Montalban,61114
61115,431322066,Xavier,Mas,61115
61116,605942803,Ruben,Palomares,61116
61117,660616023,Rosario,Garzon,61117
61118,229675967,Marisela,Rodrigo,61118
61119,983884171,Juan Manuel,Ayala,61119
61120,246972255,Paulina,Alcazar,61120
61121,486048979,Elisabet,Castells,61121
61122,742616096,Pedro,Anaya,61122
61123,207853309,Nestor,Lobo,61123
61124,593723425,Rafaela,Carpio,61124
61125,392755102,Raul,Ramis,61125
61126,355310080,Reyes,Posada,61126
61127,857104680,Lorenza,Montes,61127
61128,982257995,Heliodoro,Diez,61128
61129,933303013,Elodia,Soria,61129
61130,396419629,Mireia,Pablo,61130
61131,178355461,Octavio,Mur,61131
61132,381900589,Elodia,Escudero,61132
61133,102144960,Jose Francisco,Gaya,61133
61134,760727213,Eligio,Perello,61134
61135,927545980,Godofredo,Castaneda,61135
61136,592048852,Pepito,Mugica,61136
61137,291767104,Ileana,Salcedo,61137
61138,825478458,Lupe,Amigo,61138
61139,588074211,Fatima,Manjon,61139
61140,949671028,Paz,Leon,61140
61141,786406426,Eloisa,Perez,61141
61142,248294856,Raquel,Colomer,61142
61143,956205738,Moreno,Malo,61143
61144,148297056,Dario,Ibarra,61144
61145,876271646,Marisa,Rozas,61145
61146,504391426,Pedro,Nebot,61146
61147,986932604,Saturnino,Bru,61147
61148,103472109,Jeremias,Frias,61148
61149,804402143,Jacinta,Riquelme,61149
61150,512230579,Bartolome,Ibanez,61150
61151,201829272,Obdulia,Sevillano,61151
61152,593563534,Guiomar,Reguera,61152
61153,164866294,Gabriel,Bernat,61153
61154,806468694,Georgina,Saldana,61154
61155,655431024,Heraclio,Barba,61155
61156,455502186,Isidora,Moran,61156
61157,294660500,Adelaida,Vila,61157
61158,853615244,Eufemia,Montesinos,61158
61159,609139353,Norberto,Cifuentes,61159
61160,513580983,Rosalia,Munoz,61160
61161,518797957,Amando,Agullo,61161
61162,490808657,Guiomar,Amigo,61162
61163,539920826,Carina,Frutos,61163
61164,161311862,Adora,Garmendia,61164
61165,161809003,Bernardo,Maldonado,61165
61166,312755525,Celso,Bautista,61166
61167,680597558,Jorge,Galiano,61167
61168,883637974,Celestino,Posada,61168
61169,712298615,Maria Belen,Cerezo,61169
61170,208472008,Ovidio,Iriarte,61170
61171,641723095,Gil,Arroyo,61171
61172,668865680,Jose Maria,Cuellar,61172
61173,199322826,Zoraida,Gallardo,61173
61174,567554563,Marcela,Suarez,61174
61175,825851302,Gertrudis,Gomis,61175
61176,554020240,Lino,Alfonso,61176
61177,363088826,Isaura,Mosquera,61177
61178,626601814,Sabina,Iglesia,61178
61179,779115735,Ambar,Borras,61179
61180,628421115,Aura,Simo,61180
61181,342982969,Patricio,Fuentes,61181
61182,113477982,Nacho,Mesa,61182
61183,694810618,Ana Belen,Puente,61183
61184,542104127,Dolores,Blazquez,61184
61185,325947905,Fanny,Abellan,61185
61186,861018647,Jimena,Zaragoza,61186
61187,558367666,Eladio,Torre,61187
61188,161112433,Gabriel,Rios,61188
61189,639440153,Luis,Barcena,61189
61190,401017405,Reina,Bejarano,61190
61191,839869394,Joan,Jimenez,61191
61192,350822405,Fernanda,Alsina,61192
61193,497033893,Sonia,Rovira,61193
61194,917049542,Aaron,Pedrero,61194
61195,799583716,Juan Jose,Cuesta,61195
61196,782070581,Azahara,Sandoval,61196
61197,174138084,Joaquina,Dominguez,61197
61198,190550333,Sosimo,Rincon,61198
61199,640033706,Amor,Belda,61199
61200,780570352,Silvio,Mate,61200
61201,674013431,Mar,Berrocal,61201
61202,220347769,Oscar,Cal,61202
61203,568549190,Melania,Carlos,61203
61204,848155490,Leopoldo,Pou,61204
61205,530384699,Rodrigo,Folch,61205
61206,844536684,Silvestre,Tormo,61206
61207,861288703,Charo,Toledo,61207
61208,810823682,Nilo,Roca,61208
61209,143090971,Manuel,Asensio,61209
61210,110058356,Silvestre,Alcaraz,61210
61211,424065802,Candelas,Vara,61211
61212,386471879,Nicanor,Gallart,61212
61213,897653513,Emilia,Pinto,61213
61214,208820097,Gisela,Infante,61214
61215,952137602,Eligia,Ribes,61215
61216,465430436,Samanta,Gimenez,61216
61217,925399557,Anastasio,Duran,61217
61218,644890948,Sandra,Tirado,61218
61219,771676638,Alicia,Campos,61219
61220,686811072,Eufemia,Chico,61220
61221,865508276,Ambar,Moll,61221
61222,682940451,Gil,Pera,61222
61223,847541209,Zoraida,Casas,61223
61224,636080344,Ileana,Capdevila,61224
61225,269606898,Marisela,Quevedo,61225
61226,275516794,Eliseo,Jimenez,61226
61227,670011160,Tomasa,Guitart,61227
61228,868128074,Nayara,Rosello,61228
61229,259292427,Jose,Cervera,61229
61230,670898711,Caridad,Vazquez,61230
61231,739657516,Javiera,Infante,61231
61232,241140767,Lupe,Adan,61232
61233,487059017,Rosa,Trillo,61233
61234,668692516,Diana,Cardona,61234
61235,426345415,Sol,Banos,61235
61236,312180185,Nico,Oliver,61236
61237,747946722,Ainoa,Feijoo,61237
61238,659195066,Rosalva,Alberdi,61238
61239,788663568,Ceferino,Blanch,61239
61240,537520334,Haroldo,Rojas,61240
61241,176242660,Teobaldo,Olive,61241
61242,860171017,Octavio,Marti,61242
61243,241782508,Jafet,Izaguirre,61243
61244,298410923,Rosalva,Lumbreras,61244
61245,217146199,Clemente,Garriga,61245
61246,298582490,Aurora,Donoso,61246
61247,910342117,Marisol,Becerra,61247
61248,990787614,Veronica,Verdu,61248
61249,677972309,Arsenio,Miranda,61249
61250,690551343,Nydia,Canovas,61250
61251,401395916,Florencia,Pazos,61251
61252,330018040,Juan Carlos,Flores,61252
61253,315673529,Glauco,Agullo,61253
61254,300381931,Gema,Exposito,61254
61255,536092512,Celestino,Villalobos,61255
61256,136263508,Gregorio,Carrera,61256
61257,345388495,Ambrosio,Sebastian,61257
61258,188197198,Elba,Blanes,61258
61259,279651275,Juan Pablo,Belmonte,61259
61260,871402679,Genoveva,Jover,61260
61261,752494711,Casemiro,Chacon,61261
61262,622670736,Ambrosio,Naranjo,61262
61263,120113602,Amaya,Tello,61263
61264,392512136,Ale,Pina,61264
61265,256314772,Begona,Caceres,61265
61266,153112108,Ursula,Ibanez,61266
61267,765565315,Alejandro,Goni,61267
61268,706697175,Beatriz,Verdejo,61268
61269,241860925,Samanta,Sanabria,61269
61270,651414494,Eugenio,Abad,61270
61271,591945392,Aristides,Vives,61271
61272,559329189,Cayetano,Feijoo,61272
61273,787258801,Angela,Sanmiguel,61273
61274,981964688,Emperatriz,Pons,61274
61275,898049183,Mariana,Carretero,61275
61276,379103381,Celso,Fuente,61276
61277,239824369,Mireia,Pozuelo,61277
61278,154732223,Marisela,Macias,61278
61279,528607813,Corona,Ballester,61279
61280,639590814,Benita,Montalban,61280
61281,904249738,Valentin,Bravo,61281
61282,473251542,Candelas,Iglesias,61282
61283,709623862,Odalis,Alcaraz,61283
61284,132087495,Jesus,Mayo,61284
61285,867251794,Pia,Padilla,61285
61286,316783820,Balduino,Huertas,61286
61287,450312579,Antonia,Lorenzo,61287
61288,651863138,Javiera,Oliveras,61288
61289,652407502,Roberta,Manzano,61289
61290,539701517,Cecilia,Rivero,61290
61291,143177340,Yago,Novoa,61291
61292,550898082,Nicanor,Moles,61292
61293,945248419,Marcos,Andrade,61293
61294,495783098,Artemio,Montenegro,61294
61295,493224864,Miguela,Pinto,61295
61296,620392264,Melania,Pino,61296
61297,574461632,Toni,Borja,61297
61298,901432464,Kike,Arana,61298
61299,165745739,Esteban,Valcarcel,61299
61300,605645241,Cesar,Royo,61300
61301,594466521,Gracia,Iniguez,61301
61302,489296460,Almudena,Pascual,61302
61303,566229820,Dorotea,Cuenca,61303
61304,253606075,Rocio,Guillen,61304
61305,497813204,Victor Manuel,Padilla,61305
61306,918948085,Tere,Ugarte,61306
61307,898871157,Araceli,Gracia,61307
61308,657766478,Cecilia,Morcillo,61308
61309,765542492,Pablo,Hoz,61309
61310,175951559,Pastor,Mesa,61310
61311,548862115,Teofilo,Valverde,61311
61312,477003415,Jose,Pozo,61312
61313,581689093,Maxi,Miguel,61313
61314,236620832,Cruz,Pedraza,61314
61315,915652151,Javi,Cardenas,61315
61316,438249307,Otilia,Llado,61316
61317,153896590,Eloy,Figueroa,61317
61318,899264714,Tecla,Crespo,61318
61319,680076767,Juan Jose,Aguilo,61319
61320,101917419,Enrique,Soto,61320
61321,521297463,Antonia,Hernando,61321
61322,355553473,Toni,Palomar,61322
61323,985686052,Dafne,Parejo,61323
61324,586936137,Jordi,Borja,61324
61325,596472245,Delia,Sainz,61325
61326,558548743,Natividad,Leon,61326
61327,237440861,Kike,Sanmartin,61327
61328,361921605,Corona,Saez,61328
61329,850184608,Amor,Casares,61329
61330,157023643,Julio,Gomez,61330
61331,404473373,Victorino,Bernal,61331
61332,940772526,Jose Luis,Polo,61332
61333,614335493,Anibal,Galvez,61333
61334,232848299,Aroa,Carbo,61334
61335,601131963,Maxi,Naranjo,61335
61336,137976692,Valerio,Canellas,61336
61337,313477435,Esmeralda,Tejero,61337
61338,908473500,Romulo,Nicolas,61338
61339,709035879,Manuelita,Iniesta,61339
61340,221144064,Benita,Tomas,61340
61341,981005623,Marco,Cardenas,61341
61342,353244433,Ileana,Llanos,61342
61343,372263946,Aurelia,Torrent,61343
61344,985453553,Amando,Juarez,61344
61345,555679162,Arcelia,Benavides,61345
61346,887039954,Herminia,Ferrandez,61346
61347,883026673,Maria Teresa,Larranaga,61347
61348,205419519,Virginia,Ariza,61348
61349,392776510,Bienvenida,Guardia,61349
61350,314794117,Jeronimo,Fonseca,61350
61351,466514806,Aurea,Giron,61351
61352,826521064,Florina,Reina,61352
61353,898242585,Fabio,Alegria,61353
61354,170803945,Nuria,Solana,61354
61355,619388835,Mariano,Mayol,61355
61356,770055405,Claudio,Macias,61356
61357,666168418,Marco,Verdugo,61357
61358,989973307,Ramona,Lopez,61358
61359,210983678,Merche,Rocha,61359
61360,121200833,Blanca,Moreno,61360
61361,443916321,Brigida,Hervas,61361
61362,533376975,Ani,Barrios,61362
61363,322752818,Rico,Escriva,61363
61364,141212755,Lisandro,Madrid,61364
61365,881743634,Ingrid,Prat,61365
61366,455144851,Xiomara,Redondo,61366
61367,614928589,Cintia,Pons,61367
61368,393269736,Onofre,Blasco,61368
61369,939488692,Ileana,Vazquez,61369
61370,473015432,Eliseo,Ortega,61370
61371,987398080,Arturo,Priego,61371
61372,469848592,Juan Jose,Duran,61372
61373,384732095,Xavier,Arenas,61373
61374,606437599,Aitor,Catala,61374
61375,257572485,Ambar,Plaza,61375
61376,719156452,Norberto,Montero,61376
61377,325375895,Gabriel,Juarez,61377
61378,165413318,Adelina,Aleman,61378
61379,229476927,Dan,Giner,61379
61380,466991227,Oriana,Zorrilla,61380
61381,232207843,Manola,Comas,61381
61382,872213180,Isidro,Villalobos,61382
61383,289409321,Clara,Reguera,61383
61384,184842428,Olivia,Benitez,61384
61385,418753846,Buenaventura,Alberto,61385
61386,481648121,Rufina,Roldan,61386
61387,162188863,Narcisa,Almeida,61387
61388,562951447,Severino,Maestre,61388
61389,331876140,Pepe,Arjona,61389
61390,358583209,Dalila,Paredes,61390
61391,257544441,Feliciano,Sarmiento,61391
61392,841278406,Lucia,Ruano,61392
61393,213262709,Julio Cesar,Carbajo,61393
61394,510886889,Rodrigo,Baena,61394
61395,947629432,Bautista,Benet,61395
61396,599271928,Nico,Bueno,61396
61397,846107743,Marc,Jerez,61397
61398,252948495,Encarnita,Escriva,61398
61399,917329406,Maribel,Acuna,61399
61400,221285899,Custodio,Godoy,61400
61401,189376976,Florencio,Cardona,61401
61402,779888049,Tito,Izquierdo,61402
61403,383503867,Candela,Valle,61403
61404,111431806,Sebastian,Alcantara,61404
61405,688343972,Maricela,Pino,61405
61406,675328298,Juan Jose,Mayol,61406
61407,985723486,Morena,Villena,61407
61408,840892336,Adolfo,Cortes,61408
61409,943054076,Saturnina,Vera,61409
61410,291866459,Edmundo,Tomas,61410
61411,831635119,Adelardo,Riba,61411
61412,448932568,Encarna,Mas,61412
61413,525655153,Prudencio,Bru,61413
61414,647722928,Fernanda,Mesa,61414
61415,206972471,Carlos,Amaya,61415
61416,904631225,Victorino,Boada,61416
61417,825310883,Lupita,Nevado,61417
61418,143121893,Aura,Matas,61418
61419,863572581,Victor,Ros,61419
61420,280261445,Elba,Hernandez,61420
61421,155414281,Ildefonso,Villaverde,61421
61422,486893205,Graciana,Zurita,61422
61423,798329353,Miguela,Rico,61423
61424,755412214,Rosa Maria,Ricart,61424
61425,768677854,Miguela,Mayol,61425
61426,471715287,Noelia,Agudo,61426
61427,655215452,Francisco Jose,Palomo,61427
61428,697483799,Gaspar,Pineda,61428
61429,158457857,Timoteo,Corominas,61429
61430,293481324,Leon,Lobato,61430
61431,700204159,Ariel,Pintor,61431
61432,297279024,Cirino,Perez,61432
61433,732479390,Estela,Armengol,61433
61434,941397641,Juan Manuel,Solana,61434
61435,882851535,Priscila,Gilabert,61435
61436,168537069,Cleto,Torrijos,61436
61437,983656215,Sonia,Quiros,61437
61438,807533491,Jafet,Giner,61438
61439,727967155,Vinicio,Lerma,61439
61440,863300265,Agata,Ponce,61440
61441,195578067,Chita,Fabra,61441
61442,957614282,Evita,Lobato,61442
61443,459730727,Juan Luis,Valera,61443
61444,907147185,Albano,Rosado,61444
61445,840504752,Sara,Moliner,61445
61446,336815377,Alfredo,Calleja,61446
61447,994234828,Rene,Hurtado,61447
61448,799962853,Ramon,Guerra,61448
61449,784008314,Nicolasa,Miralles,61449
61450,299358096,Valerio,Martorell,61450
61451,459035373,Carmen,Palomar,61451
61452,781342113,Manuelita,Exposito,61452
61453,503260005,Zoraida,Quintana,61453
61454,207496150,Noe,Arroyo,61454
61455,622993515,Pacifica,Falcon,61455
61456,937112077,Imelda,Montes,61456
61457,699197121,Vanesa,Arregui,61457
61458,737846463,Felix,Azcona,61458
61459,744026314,Lucila,Blazquez,61459
61460,365642929,Ruben,Pedro,61460
61461,706162687,Cristian,Bernal,61461
61462,452579454,Renato,Minguez,61462
61463,871722561,Abilio,Zamorano,61463
61464,697400933,Zacarias,Godoy,61464
61465,758355544,Flora,Rivera,61465
61466,607808702,Wilfredo,Dieguez,61466
61467,692324521,Albina,Gordillo,61467
61468,133875991,Diana,Pulido,61468
61469,424819057,Albino,Moles,61469
61470,249246974,Ignacia,Morell,61470
61471,652809801,Maristela,Pelayo,61471
61472,589025022,Reynaldo,Marino,61472
61473,412398055,Maxima,Arrieta,61473
61474,264306652,Climaco,Tejedor,61474
61475,247003691,Jesus,Villalonga,61475
61476,158502771,Narciso,Guillen,61476
61477,363512326,Jonatan,Borja,61477
61478,920233784,Balduino,Calvo,61478
61479,457866240,Isabela,Valera,61479
61480,970582624,Americo,Guillen,61480
61481,907036066,Blanca,Reig,61481
61482,342684970,Claudia,Sevillano,61482
61483,470158389,Amilcar,Gomis,61483
61484,164044327,Chus,Bas,61484
61485,450596654,Manuela,Luis,61485
61486,405832540,Olivia,Molina,61486
61487,768961036,Porfirio,Pujadas,61487
61488,660673172,Josefina,Amo,61488
61489,742310321,Hipolito,Jaume,61489
61490,873036082,Marisela,Pablo,61490
61491,431377615,Maricela,Cobos,61491
61492,546192290,Jose Luis,Palomo,61492
61493,783045136,Adan,Tello,61493
61494,945605392,Dimas,Salamanca,61494
61495,841800815,Ana,Hervia,61495
61496,414179741,Regina,Figueroa,61496
61497,168754341,Vicenta,Larranaga,61497
61498,781170487,Marita,Solano,61498
61499,917346761,Marciano,Pol,61499
61500,193494799,Nuria,Silva,61500
61501,569219237,Lope,Pastor,61501
61502,745502960,Octavia,Godoy,61502
61503,649264755,Ariadna,Salom,61503
61504,691756393,Lidia,Julia,61504
61505,674254248,Gaston,Oliva,61505
61506,377060338,Alvaro,Monreal,61506
61507,548013157,Paulino,Valcarcel,61507
61508,252013009,Manuela,Pacheco,61508
61509,898628142,Berto,Gutierrez,61509
61510,355999362,Emilio,Montes,61510
61511,555588502,Mamen,Canet,61511
61512,701028299,Ana,Bejarano,61512
61513,583707974,Teodosio,Sanjuan,61513
61514,385878842,Mayte,Gutierrez,61514
61515,465014272,Albert,Garay,61515
61516,994181746,Adoracion,Porcel,61516
61517,889327603,Albino,Manso,61517
61518,497199946,Gabino,Collado,61518
61519,251942276,Ofelia,Roldan,61519
61520,462283480,Lupe,Manrique,61520
61521,668261180,Natalia,Mendez,61521
61522,629714269,Reina,Pinilla,61522
61523,698481134,Ismael,Velez,61523
61524,294509777,Francisco,Elorza,61524
61525,325195348,Belen,Espanol,61525
61526,344326984,Maria Pilar,Abascal,61526
61527,799283612,Ingrid,Gomila,61527
61528,279968791,Bernardita,Arco,61528
61529,299394498,Anibal,Sevillano,61529
61530,402916846,Ramona,Herrera,61530
61531,672782731,Pascual,Rio,61531
61532,697710497,Amelia,Barriga,61532
61533,135852475,Cesar,Espinosa,61533
61534,478530285,Faustino,Noguera,61534
61535,979574877,Anselma,Noriega,61535
61536,733978594,Sandalio,Aranda,61536
61537,131629812,Georgina,Berrocal,61537
61538,939477731,Roldan,Garmendia,61538
61539,200430611,Monica,Pintor,61539
61540,240095011,Baltasar,Gelabert,61540
61541,283368322,Miguela,Franch,61541
61542,392383286,Custodia,Ramirez,61542
61543,562429981,Amilcar,Arregui,61543
61544,690219158,Ileana,Cardona,61544
61545,802124317,Eugenia,Carpio,61545
61546,161135374,Albano,Gutierrez,61546
61547,707281952,Nestor,Castejon,61547
61548,199275235,Ana Sofia,Bermejo,61548
61549,557916651,Goyo,Madrid,61549
61550,632185583,Juanito,Pages,61550
61551,661372833,Natalia,Duenas,61551
61552,315873079,Natalio,Montero,61552
61553,351851266,Olivia,Villa,61553
61554,518607770,Fanny,Enriquez,61554
61555,942445802,Anita,Zaragoza,61555
61556,671410384,Abraham,Pons,61556
61557,916783822,Florinda,Rios,61557
61558,496126444,Haydee,Montana,61558
61559,941984868,Seve,Noguera,61559
61560,602532290,Micaela,Narvaez,61560
61561,208658346,Aaron,Fuertes,61561
61562,298400830,Agustina,Saldana,61562
61563,461976681,Odalis,Paez,61563
61564,101797922,Marcos,Vila,61564
61565,967178431,Sol,Ruano,61565
61566,385024904,Jose Mari,Sarmiento,61566
61567,221790118,Lucho,Balaguer,61567
61568,944103913,Jose,Atienza,61568
61569,778488062,Espiridion,Roldan,61569
61570,169500837,Julian,Quesada,61570
61571,338869249,Leonor,Maldonado,61571
61572,771078734,Florinda,Linares,61572
61573,742094739,Efrain,Martin,61573
61574,362641619,Guadalupe,Girona,61574
61575,842669297,Fabiana,Cabanillas,61575
61576,507479802,Ramiro,Barragan,61576
61577,239931351,Prudencio,Gibert,61577
61578,193413091,Nacho,Fernandez,61578
61579,519957967,Merche,Roda,61579
61580,169508367,Epifanio,Cabrera,61580
61581,949586846,Saturnina,Sierra,61581
61582,841479695,Ignacia,Acedo,61582
61583,150882542,Elvira,Gomis,61583
61584,461722395,Emilia,Marin,61584
61585,350241925,Ale,Alemany,61585
61586,924065912,Americo,Banos,61586
61587,563704922,Leyre,Acero,61587
61588,502827443,Fausto,Vazquez,61588
61589,527017003,Victorino,Colom,61589
61590,589330278,Alejandra,Carnero,61590
61591,558952433,Regina,Mariscal,61591
61592,440306941,Lisandro,Becerra,61592
61593,448309340,Marcia,Cervantes,61593
61594,609157178,Ramona,Garzon,61594
61595,487479468,Carmela,Marmol,61595
61596,380851853,Iker,Cardenas,61596
61597,398850098,Mateo,Batalla,61597
61598,387476917,Vidal,Hervas,61598
61599,171014442,Fernanda,Bustamante,61599
61600,113109707,Nydia,Bermudez,61600
61601,113014952,Eladio,Peralta,61601
61602,317725807,Edelmiro,Quintana,61602
61603,838978826,Leandro,Martorell,61603
61604,828927026,Cloe,Palacio,61604
61605,435718959,Urbano,Zamora,61605
61606,469732491,Che,Valera,61606
61607,443574968,Azahara,Maza,61607
61608,630319886,Seve,Suarez,61608
61609,683768976,Candelas,Pineiro,61609
61610,453632322,Chita,Segui,61610
61611,372449334,Saturnina,Bermudez,61611
61612,698557652,Arcelia,Ortuno,61612
61613,382906183,Vidal,Olmo,61613
61614,749034797,Sosimo,Roman,61614
61615,926717980,Armando,Polo,61615
61616,615827363,Jose Mari,Tena,61616
61617,575486404,Reina,Cornejo,61617
61618,305790697,Teresita,Robles,61618
61619,290222779,Veronica,Arcos,61619
61620,614050623,Julieta,Manjon,61620
61621,843559575,Marino,Vilanova,61621
61622,749263369,Hermenegildo,Quiros,61622
61623,915603108,Mario,Moliner,61623
61624,393949851,Dora,Soto,61624
61625,751787759,Palmira,Coloma,61625
61626,473034855,Isabel,Mendizabal,61626
61627,760040829,Felipe,Navarro,61627
61628,398121759,Susana,Cordero,61628
61629,110914425,Inigo,Rico,61629
61630,308950957,Jose Manuel,Ibanez,61630
61631,271424481,Leonel,Huguet,61631
61632,202504719,Herberto,Higueras,61632
61633,754081050,Pedro,Gual,61633
61634,815464167,Cebrian,Ferreras,61634
61635,943262445,Maricela,Mascaro,61635
61636,177792216,Xavier,Iborra,61636
61637,622886519,Ursula,Vicens,61637
61638,494691300,Joan,Quiros,61638
61639,273152314,Juan Antonio,Nino,61639
61640,812307612,Graciana,Villena,61640
61641,296085640,Marco,Torres,61641
61642,147695183,Ingrid,Miro,61642
61643,414956818,Hipolito,Chaves,61643
61644,387886821,Amelia,Alberola,61644
61645,344439809,Fortunato,Fuster,61645
61646,484514773,Gabino,Larrea,61646
61647,769977070,Casemiro,Campoy,61647
61648,571139864,Salome,Jaen,61648
61649,905931109,Marciano,Bayon,61649
61650,788341936,Cintia,Palmer,61650
61651,960800575,Dominga,Valera,61651
61652,803957492,Concha,Santana,61652
61653,702979738,Poncio,Ordonez,61653
61654,492784558,Alcides,Sosa,61654
61655,511956985,Simon,Sedano,61655
61656,700894707,Salvador,Cerdan,61656
61657,870581689,Teo,Rojas,61657
61658,941747973,Ester,Blazquez,61658
61659,538635160,Alonso,Calderon,61659
61660,247838799,Vinicio,Contreras,61660
61661,229029893,Maria Dolores,Quiroga,61661
61662,442574274,Fabiana,Cerezo,61662
61663,588764706,Juanito,Bustamante,61663
61664,181109736,Yessica,Galvez,61664
61665,683618165,Asdrubal,Domenech,61665
61666,936019403,Julie,Noriega,61666
61667,168535820,Juanita,Urrutia,61667
61668,674787580,Filomena,Calleja,61668
61669,115916749,Evita,Martin,61669
61670,867058587,Saturnina,Sanmiguel,61670
61671,627871804,Apolinar,Planas,61671
61672,518162172,Guadalupe,Fabregat,61672
61673,244863245,Gracia,Navarro,61673
61674,218425064,Dan,Sanz,61674
61675,937086764,Roberto,Paniagua,61675
61676,347490755,Cayetana,Salva,61676
61677,898862729,Socorro,Trillo,61677
61678,937708565,Goyo,Manjon,61678
61679,351058545,Hernan,Varela,61679
61680,925703952,Morena,Torrents,61680
61681,910629274,Galo,Soriano,61681
61682,646349798,Vicente,Zamora,61682
61683,353680606,Cayetana,Goicoechea,61683
61684,751387818,Chuy,Baron,61684
61685,716016691,Mariano,Torrens,61685
61686,581211460,Juan Francisco,Ortega,61686
61687,378642030,Catalina,Rubio,61687
61688,190293465,Carlos,Roma,61688
61689,788606797,Anacleto,Vera,61689
61690,677974952,Maura,Casanovas,61690
61691,313942389,Jonatan,Gisbert,61691
61692,309980037,Celestina,Ribera,61692
61693,565645749,Renato,Costa,61693
61694,993701683,Gracia,Tellez,61694
61695,576633454,Leocadia,Guardiola,61695
61696,700990530,Chuy,Garmendia,61696
61697,674119052,Ramon,Azorin,61697
61698,390668542,Gabriel,Canovas,61698
61699,998218501,Heriberto,Paz,61699
61700,246030941,Benigno,Busquets,61700
61701,281231944,Prudencio,Iriarte,61701
61702,400122489,Virginia,Roldan,61702
61703,888621195,Maricruz,Galindo,61703
61704,715692455,Salome,Tena,61704
61705,404907868,Albino,Murillo,61705
61706,545229975,Dionisio,Gimenez,61706
61707,942821834,Sabina,Galindo,61707
61708,511592938,Silvio,Vazquez,61708
61709,701234664,Valerio,Bayon,61709
61710,800532831,Eric,Macias,61710
61711,682797345,Angelino,Trillo,61711
61712,773648627,Gracia,Rio,61712
61713,915777943,Angelica,Franco,61713
61714,516036536,Reinaldo,Pulido,61714
61715,928929115,Adelaida,Anglada,61715
61716,106465780,Heliodoro,Pulido,61716
61717,898933472,Valeria,Miguel,61717
61718,156869982,Abigail,Jover,61718
61719,468616110,Victorino,Manzanares,61719
61720,366698824,America,Escriva,61720
61721,742125124,Bernabe,Gonzalo,61721
61722,989169233,Dan,Gomez,61722
61723,923886355,Lupe,Hierro,61723
61724,495766350,Luisina,Iniguez,61724
61725,726317911,Armando,Jove,61725
61726,712201857,Alicia,Esteve,61726
61727,592573108,Seve,Baro,61727
61728,484652314,Anacleto,Patino,61728
61729,476296372,Primitiva,Pedrosa,61729
61730,331314639,Dora,Rebollo,61730
61731,819438414,Calista,Diaz,61731
61732,595238823,Esperanza,Aguila,61732
61733,220709915,Apolonia,Aznar,61733
61734,745480462,Lucas,Rodriguez,61734
61735,569708124,Feliciano,Fiol,61735
61736,519057304,Marcelino,Cerro,61736
61737,505405406,Mauricio,Vilar,61737
61738,245662703,Candela,Novoa,61738
61739,316568168,Ezequiel,Baez,61739
61740,253128341,Adoracion,Sebastian,61740
61741,581281516,Alfonso,Marin,61741
61742,386438475,Hipolito,Royo,61742
61743,951250392,Purificacion,Sanchez,61743
61744,259443485,Berta,Vergara,61744
61745,402885648,Paca,Macias,61745
61746,896667569,Viviana,Alcala,61746
61747,727130241,Nicolasa,Gomila,61747
61748,335657793,Faustino,Font,61748
61749,988850364,Rosario,Cabrera,61749
61750,278962361,Graciela,Pina,61750
61751,725674912,Amalia,Galiano,61751
61752,541055447,Modesta,Segarra,61752
61753,587250482,Inigo,Simo,61753
61754,241584040,Salomon,Arjona,61754
61755,919233535,Agustin,Mate,61755
61756,150137038,Casandra,Carbonell,61756
61757,813801768,Edelmiro,Burgos,61757
61758,691063945,Edgar,Benavent,61758
61759,610045533,Zacarias,Catala,61759
61760,144592841,Mariano,Maestre,61760
61761,858773964,Victor,Andres,61761
61762,319817224,Climaco,Munoz,61762
61763,446395190,Juan Francisco,Matas,61763
61764,135438481,Aureliano,Pina,61764
61765,373733385,Marcos,Santamaria,61765
61766,769265819,Saturnino,Cal,61766
61767,567262571,Paulino,Monreal,61767
61768,800990509,Piedad,Saura,61768
61769,962973976,Jose Carlos,Santamaria,61769
61770,315252784,Felisa,Sainz,61770
61771,891043589,Ciro,Lobo,61771
61772,890843180,Angelita,Cueto,61772
61773,902415571,Edelmira,Seco,61773
61774,464738292,Ingrid,Ortuno,61774
61775,129907506,Lola,Caballero,61775
61776,930125769,Javier,Chaves,61776
61777,473073445,Hugo,Godoy,61777
61778,556882325,Lupe,Bejarano,61778
61779,927283307,Rita,Mena,61779
61780,787419338,Eligio,Tapia,61780
61781,701942781,Ainara,Ropero,61781
61782,240284963,Manuelita,Menendez,61782
61783,451110792,Eva Maria,Hoyos,61783
61784,907939099,Nando,Pulido,61784
61785,597562359,Marisela,Jove,61785
61786,935302637,Luis Miguel,Izquierdo,61786
61787,881838899,Dimas,Olivera,61787
61788,825776571,Cipriano,Barbero,61788
61789,478424655,Norberto,Barrena,61789
61790,642967295,Trini,Moreno,61790
61791,588045020,Ruperto,Jordan,61791
61792,498412905,Humberto,Moya,61792
61793,242746824,Salome,Morales,61793
61794,793076889,Mohamed,Olivera,61794
61795,350389042,Isidoro,Sanmartin,61795
61796,243306607,Leticia,Buendia,61796
61797,737449451,Tomasa,Bastida,61797
61798,403388229,Cornelio,Lucas,61798
61799,342262551,Cruz,Alegria,61799
61800,584661782,Micaela,Espanol,61800
61801,159853257,Joaquina,Hoyos,61801
61802,189694681,German,Sabater,61802
61803,610379774,Hilda,Corbacho,61803
61804,856281061,Marta,Acuna,61804
61805,107233899,Yessica,Garmendia,61805
61806,468324228,Javi,Franch,61806
61807,138242169,Ulises,Fuente,61807
61808,115392062,Geronimo,Gual,61808
61809,782066242,Nieves,Feliu,61809
61810,890357826,Marcos,Morera,61810
61811,845755443,Maristela,Mancebo,61811
61812,347089079,Clementina,Bas,61812
61813,955073762,Dorotea,Arco,61813
61814,303128252,Rosenda,Pena,61814
61815,362206526,Ainoa,Feijoo,61815
61816,713943537,Cecilio,Mendez,61816
61817,270612777,Carmina,Cuervo,61817
61818,803023418,Maximino,Rebollo,61818
61819,918873069,Hipolito,Pallares,61819
61820,367758987,Juliana,Angulo,61820
61821,349581614,Santos,Campillo,61821
61822,607401802,Cosme,Carvajal,61822
61823,673043916,Lidia,Agusti,61823
61824,177117543,Elpidio,Sanjuan,61824
61825,704065425,Rosaura,Alarcon,61825
61826,109098683,Godofredo,Gonzalez,61826
61827,411246929,Encarnita,Castells,61827
61828,685484666,Manuela,Figueras,61828
61829,611616927,Faustino,Mayo,61829
61830,681903272,Ingrid,Hernandez,61830
61831,334795903,Jose Angel,Vilaplana,61831
61832,350999965,Manuela,Canton,61832
61833,907723997,Valentin,Vazquez,61833
61834,213615742,Dionisia,Zabala,61834
61835,289197279,Rosa,Mena,61835
61836,650947916,Basilio,Cortes,61836
61837,921299198,Paulino,Escolano,61837
61838,199009788,Coral,Guzman,61838
61839,923915993,Nazaret,Jorda,61839
61840,986058548,Bautista,Ramos,61840
61841,603632398,Mamen,Rivero,61841
61842,969122629,Olga,Juan,61842
61843,108989154,Gema,Pina,61843
61844,484213385,Ligia,Pou,61844
61845,471585605,Emilio,Arias,61845
61846,614742167,Nacio,Rueda,61846
61847,885178551,Piedad,Llabres,61847
61848,794332028,Vinicio,Fonseca,61848
61849,473463226,Santiago,Lamas,61849
61850,614516428,America,Ribera,61850
61851,782059251,Lola,Becerra,61851
61852,214029260,Agata,Adadia,61852
61853,665225552,Guadalupe,Valle,61853
61854,998846202,Begona,Alcolea,61854
61855,478751979,Teofila,Ricart,61855
61856,621522962,Brunilda,Gual,61856
61857,163546566,Eusebia,Fonseca,61857
61858,788738300,Alejo,Agustin,61858
61859,757534121,Edelmira,Moya,61859
61860,182966778,Jose,Manjon,61860
61861,700598772,Dan,Lerma,61861
61862,159790995,Roberto,Castrillo,61862
61863,717250291,Anselmo,Cabello,61863
61864,340295743,Rafael,Valbuena,61864
61865,396371078,Juan Pablo,Ramon,61865
61866,130109687,Iban,Rozas,61866
61867,676820720,Inocencio,Benitez,61867
61868,349792359,Luis,Fernandez,61868
61869,440317772,Natanael,Alsina,61869
61870,296953207,Yessica,Cortina,61870
61871,796490911,Teodoro,Tellez,61871
61872,271674338,Tatiana,Losa,61872
61873,835814439,David,Escobar,61873
61874,357769396,Angelino,Casals,61874
61875,774960876,Angela,Prats,61875
61876,235271892,Trinidad,Torres,61876
61877,402091023,Jessica,Arteaga,61877
61878,236111148,Luisa,Ros,61878
61879,238050903,Marcelo,Batlle,61879
61880,250904810,Augusto,Hervas,61880
61881,719714326,Miguela,Mendez,61881
61882,494617905,Jordi,Cervantes,61882
61883,485041398,Jimena,Iglesias,61883
61884,219360251,Encarna,Reguera,61884
61885,432208283,Raul,Perello,61885
61886,781432893,Joan,Mesa,61886
61887,252444294,Remigio,Pazos,61887
61888,895962242,Manuel,Guijarro,61888
61889,174665657,Asdrubal,Guardia,61889
61890,622159966,Maria,Peralta,61890
61891,310999928,Manu,Iriarte,61891
61892,892007868,Encarnacion,Girona,61892
61893,756431027,Raul,Saez,61893
61894,232786443,Prudencia,Villar,61894
61895,883775082,Ildefonso,Sevilla,61895
61896,630991934,Aroa,Tomas,61896
61897,536105745,Estela,Esteban,61897
61898,755108950,Zaida,Amor,61898
61899,172478129,Matias,Morante,61899
61900,652274500,Noelia,Casals,61900
61901,356656067,Modesto,Crespi,61901
61902,906435984,Soraya,Esteban,61902
61903,822560440,Ruperta,Canton,61903
61904,324003522,Gilberto,Giralt,61904
61905,366849297,Jaime,Cases,61905
61906,417769135,Jennifer,Macias,61906
61907,648656399,Albino,Urena,61907
61908,148349271,Claudio,Andres,61908
61909,368002037,Josefina,Vaquero,61909
61910,507657159,Casemiro,Salazar,61910
61911,748880762,Ana Belen,Gonzalez,61911
61912,908037461,Reyes,Gallego,61912
61913,407932946,Evita,Ferran,61913
61914,380746065,Aaron,Ferrera,61914
61915,630175784,Buenaventura,Gutierrez,61915
61916,794776143,Rafa,Cano,61916
61917,767858028,Perla,Gomez,61917
61918,181293256,Telmo,Lopez,61918
61919,159169062,Toni,Blanco,61919
61920,635110015,Aurelia,Quevedo,61920
61921,619126277,Sonia,Manso,61921
61922,555601220,Marcelo,Domenech,61922
61923,370060923,Miguela,Iglesia,61923
61924,580591796,Margarita,Tejada,61924
61925,651898387,Ignacia,Jimenez,61925
61926,106928942,Adriana,Isern,61926
61927,214363100,Tere,Alcantara,61927
61928,898420549,Juana,Ariza,61928
61929,364669540,Aurelio,Navas,61929
61930,937595614,Isaac,Nunez,61930
61931,293386193,Hernan,Rivera,61931
61932,897453577,Noemi,Macias,61932
61933,461406676,Concha,Abril,61933
61934,499915384,Pio,Gual,61934
61935,376220445,Pastora,Salmeron,61935
61936,887463567,Loreto,Tomas,61936
61937,574041703,Lupe,Osuna,61937
61938,474471973,Mario,Roura,61938
61939,448901230,Juan Bautista,Velasco,61939
61940,580190862,Maria,Mena,61940
61941,344816398,Daniel,Company,61941
61942,705518643,Emiliana,Anguita,61942
61943,212778575,Carlota,Guardiola,61943
61944,283319060,Leopoldo,Camacho,61944
61945,408921067,Margarita,Padilla,61945
61946,672635853,Buenaventura,Vargas,61946
61947,370033654,Octavia,Marti,61947
61948,688808604,Teofila,Blasco,61948
61949,654912368,Iker,Calvet,61949
61950,431591413,Albert,Almazan,61950
61951,623231949,Mario,Parra,61951
61952,931297078,Aroa,Peinado,61952
61953,698536694,Arcelia,Mendoza,61953
61954,662275740,Laura,Trujillo,61954
61955,507982061,Fulgencio,Contreras,61955
61956,238520516,Nacho,Reig,61956
61957,753447076,Dario,Cerdan,61957
61958,974462392,Hilario,Cobo,61958
61959,595578122,Ciriaco,Espejo,61959
61960,783390878,Matias,Alvarez,61960
61961,495302301,Araceli,Guzman,61961
61962,151926526,Flora,Villalba,61962
61963,754730396,Geronimo,Alvarez,61963
61964,694970345,Raimundo,Alcantara,61964
61965,924274970,Borja,Maldonado,61965
61966,795428716,Jesus,Benitez,61966
61967,365299836,Cleto,Pulido,61967
61968,242430983,Adora,Valencia,61968
61969,695023739,Salomon,Ledesma,61969
61970,201495304,Dimas,Aviles,61970
61971,603695612,Ainoa,Calderon,61971
61972,204702205,Roberta,Ballesteros,61972
61973,394971036,Hernan,Salcedo,61973
61974,781772358,Rosalva,Uriarte,61974
61975,536645343,Rodrigo,Jaen,61975
61976,918123431,Amalia,Tejero,61976
61977,478256178,Pepe,Salamanca,61977
61978,303225626,Concepcion,Vidal,61978
61979,415805993,Fernando,Puerta,61979
61980,283822105,Haydee,Valls,61980
61981,966987542,Jacinta,Marti,61981
61982,496411339,Rodolfo,Pombo,61982
61983,898071482,Soraya,Romero,61983
61984,355127188,Damian,Aroca,61984
61985,536275722,Aurelio,Espana,61985
61986,833115559,Catalina,Garces,61986
61987,656771543,Maxi,Bayon,61987
61988,166184000,Maria Teresa,Llorente,61988
61989,576137738,Candelas,Comas,61989
61990,976094756,Mirta,Peiro,61990
61991,897510662,Epifanio,Catala,61991
61992,817188995,Ciriaco,Jaen,61992
61993,440478172,Noelia,Tapia,61993
61994,774236515,Rosario,Teruel,61994
61995,727867473,Elias,Juan,61995
61996,515269042,Elpidio,Alsina,61996
61997,257438600,Dulce,Arias,61997
61998,767958459,Saturnino,Suarez,61998
61999,742281309,Iban,Leon,61999
62000,855904703,Florentina,Rodriguez,62000
62001,789205032,Gala,Robledo,62001
62002,989313316,Flavia,Rojas,62002
62003,312956302,Aurora,Valenciano,62003
62004,942809076,Nazaret,Lorenzo,62004
62005,908588275,Pedro,Poza,62005
62006,545367559,Lupe,Moraleda,62006
62007,523087239,Febe,Aramburu,62007
62008,382939437,Marta,Buendia,62008
62009,776470695,Lucila,Marino,62009
62010,532970279,Sabas,Tome,62010
62011,639492944,Bernarda,Morata,62011
62012,390524900,Mirta,Batalla,62012
62013,293300578,Veronica,Alvarado,62013
62014,225941802,Jose Angel,Muro,62014
62015,838137012,Jose Mari,Marin,62015
62016,297098979,Fabiana,Monreal,62016
62017,355106601,Ingrid,Luis,62017
62018,618679991,Maximo,Marin,62018
62019,697130900,Mario,Aragon,62019
62020,997012806,Florencia,Hernandez,62020
62021,929483900,Reinaldo,Barreda,62021
62022,891128990,Fernando,Chaves,62022
62023,938774304,Manuel,Munoz,62023
62024,397428890,Edelmiro,Esteve,62024
62025,361849934,Alejo,Reina,62025
62026,831420893,Joaquin,Martin,62026
62027,272318242,Lucas,Folch,62027
62028,995419369,Asdrubal,Garmendia,62028
62029,781765905,Filomena,Bellido,62029
62030,931468331,Concepcion,Pujadas,62030
62031,549580339,Felix,Bauza,62031
62032,892272401,Rufino,Casanova,62032
62033,539299494,Azahara,Palacios,62033
62034,406934467,Zacarias,Perea,62034
62035,883988518,Conrado,Exposito,62035
62036,407617615,Carina,Aparicio,62036
62037,789793004,Valentina,Carbonell,62037
62038,744723008,Rodolfo,Marin,62038
62039,618400002,Obdulia,Manjon,62039
62040,587548780,Abigail,Abad,62040
62041,451977387,Sandalio,Rueda,62041
62042,549647497,Aura,Font,62042
62043,617226583,Flor,Pera,62043
62044,126885789,Silvio,Alonso,62044
62045,691338503,Angelica,Losada,62045
62046,372738430,Marta,Fonseca,62046
62047,149198027,Yesica,Pons,62047
62048,672882011,Purificacion,Jodar,62048
62049,431737046,Jordana,Banos,62049
62050,873375179,Carmen,Palomino,62050
62051,835007421,Adoracion,Gimeno,62051
62052,382279125,Seve,Osuna,62052
62053,232327164,Eugenia,Perez,62053
62054,223802643,Marino,Fuster,62054
62055,721316256,Nicanor,Abril,62055
62056,698089058,Horacio,Morera,62056
62057,658055793,Amarilis,Carballo,62057
62058,119503075,Jovita,Chico,62058
62059,939812531,Manuel,Roig,62059
62060,194430205,Jacinto,Gargallo,62060
62061,324447865,Alcides,Salgado,62061
62062,728381794,Cesar,Fabregas,62062
62063,402356515,Maria Dolores,Cardona,62063
62064,982339866,Miguela,Ropero,62064
62065,417240646,Gloria,Valdes,62065
62066,922354631,Berto,Botella,62066
62067,330544692,Martirio,Tejada,62067
62068,362297848,Jose Angel,Nevado,62068
62069,180791273,Samu,Castaneda,62069
62070,694496336,Charo,Tamarit,62070
62071,744244054,Sebastian,Saldana,62071
62072,285399225,Telmo,Marin,62072
62073,907570513,Carmina,Ibanez,62073
62074,286542569,Silvio,Sebastian,62074
62075,437826714,Maxi,Marcos,62075
62076,490742725,Elvira,Carbo,62076
62077,411900613,Cipriano,Bastida,62077
62078,669080314,Marcelino,Lluch,62078
62079,251275422,Dan,Prado,62079
62080,407183007,Juan Jose,Martin,62080
62081,702899506,Calisto,Vazquez,62081
62082,465216069,Juan Carlos,Bou,62082
62083,415513412,Estrella,Segarra,62083
62084,409020586,Emigdio,Soler,62084
62085,242372477,Sancho,Simo,62085
62086,662772296,Mateo,Aragones,62086
62087,173694862,Anastasia,Riera,62087
62088,269266816,Rufino,Riba,62088
62089,705507963,Florina,Cabrero,62089
62090,836627315,Socorro,Canals,62090
62091,766071145,Rosalia,Asensio,62091
62092,669700578,Maria,Arranz,62092
62093,554795321,Florencio,Castilla,62093
62094,637176003,Onofre,Casas,62094
62095,392144023,Ulises,Alcala,62095
62096,854609641,Yolanda,Anton,62096
62097,813664392,Emperatriz,Bartolome,62097
62098,664915500,Juan Pablo,Pinilla,62098
62099,267315163,Belen,Crespi,62099
62100,217200423,Milagros,Mur,62100
62101,432484717,Emiliana,Heredia,62101
62102,515870455,Milagros,Molins,62102
62103,562696547,Ricardo,Pozuelo,62103
62104,176666225,Herminio,Losa,62104
62105,703366988,Iker,Mendoza,62105
62106,823496791,Jorge,Amat,62106
62107,210608565,Cruz,Cal,62107
62108,452803098,Florencia,Mate,62108
62109,386417594,Olalla,Talavera,62109
62110,239084063,Andres Felipe,Alcolea,62110
62111,855484585,Rosario,Herrera,62111
62112,784675661,Teofila,Pozuelo,62112
62113,579088707,Ursula,Rodriguez,62113
62114,125480536,Dorotea,Olivera,62114
62115,663658753,Edgar,Vives,62115
62116,552841310,Jose Manuel,Pardo,62116
62117,820922687,Dolores,Cerda,62117
62118,329737225,Jose Manuel,Zamora,62118
62119,345510563,Eleuterio,Cerdan,62119
62120,499689809,Yaiza,Gallart,62120
62121,939869112,Paula,Santiago,62121
62122,740434525,Javi,Casas,62122
62123,520661991,Raul,Aguilar,62123
62124,704155746,Loida,Estevez,62124
62125,825093250,Nacho,Isern,62125
62126,884649427,Zaira,Gilabert,62126
62127,511096310,Feliciana,Villanueva,62127
62128,859629779,Guiomar,Villar,62128
62129,255419331,Flavio,Barranco,62129
62130,371061638,Panfilo,Ochoa,62130
62131,113658593,Anabel,Verdu,62131
62132,775720272,Seve,Bayona,62132
62133,611037288,Natanael,Hervas,62133
62134,210516911,Americo,Chamorro,62134
62135,211766843,Ulises,Arnau,62135
62136,352701776,Irene,Blasco,62136
62137,799698940,Jose Ignacio,Benavente,62137
62138,530523349,Abigail,Perera,62138
62139,653456949,Esther,Pozuelo,62139
62140,210594083,Rosalia,Macias,62140
62141,951013196,Hilda,Lozano,62141
62142,253778663,Paulina,Rubio,62142
62143,425076725,Andres Felipe,Roman,62143
62144,124806722,Felipa,Belda,62144
62145,879338990,Dan,Saura,62145
62146,391942747,Aurora,Benitez,62146
62147,118618860,Marcelino,Conde,62147
62148,430036610,Lucio,Higueras,62148
62149,447344591,Damian,Anglada,62149
62150,442104588,Eva Maria,Gelabert,62150
62151,302079806,Mauricio,Cortes,62151
62152,850176629,Pio,Esteban,62152
62153,318846149,Hortensia,Escamilla,62153
62154,149694955,Eligia,Salva,62154
62155,357496686,Victoria,Barrena,62155
62156,522534444,Modesta,Almagro,62156
62157,344627724,Gaston,Corral,62157
62158,722041618,Rafaela,Canet,62158
62159,797064234,Arsenio,Jerez,62159
62160,466350665,Rosa,Alonso,62160
62161,504843606,Magdalena,Muro,62161
62162,921575577,Lino,Raya,62162
62163,539996455,Vicenta,Alcaraz,62163
62164,706016069,Macarena,Andres,62164
62165,337265639,Placido,Navas,62165
62166,521792679,Ramona,Romeu,62166
62167,851480797,Angela,Oliva,62167
62168,269126024,Lourdes,Ocana,62168
62169,846362069,Teresita,Luna,62169
62170,151414553,Itziar,Sarmiento,62170
62171,338378655,Aurora,Berenguer,62171
62172,433882147,Berto,Toledo,62172
62173,430760529,Eugenio,Sandoval,62173
62174,766306830,Emilia,Gimenez,62174
62175,215004016,Baudelio,Moraleda,62175
62176,327655765,Eligia,Franch,62176
62177,600340252,Benita,Rebollo,62177
62178,980596934,Ainara,Roda,62178
62179,859421030,Cristian,Sarabia,62179
62180,797059826,Pelayo,Marcos,62180
62181,632709544,Otilia,Borras,62181
62182,698408121,Araceli,Solera,62182
62183,911266901,Azeneth,Valverde,62183
62184,288455848,Jaime,Garrido,62184
62185,586239457,Demetrio,Montoya,62185
62186,269081117,Paca,Cabrera,62186
62187,984619611,Joel,Diez,62187
62188,666675886,Vito,Viana,62188
62189,964875492,Eugenia,Manrique,62189
62190,162033906,Eustaquio,Coello,62190
62191,559492562,Amada,Rodrigo,62191
62192,782937004,Enrique,Tejero,62192
62193,510960722,Angela,Rossello,62193
62194,627677940,Carla,Pallares,62194
62195,544140634,Eusebia,Anton,62195
62196,288326873,Jose Manuel,Heras,62196
62197,789340256,Chus,Bertran,62197
62198,655649912,Carla,Grau,62198
62199,984372083,Eugenio,Espana,62199
62200,397329503,Josefina,Lobo,62200
62201,815159083,Mariano,Figueras,62201
62202,399706819,Leon,Toledo,62202
62203,886170922,Violeta,Carro,62203
62204,317026026,Ulises,Sevilla,62204
62205,730985230,Leticia,Pineda,62205
62206,508937924,Romulo,Segui,62206
62207,983305601,Carlos,Roldan,62207
62208,902102127,Jose,Ramos,62208
62209,629758920,Ana Belen,Exposito,62209
62210,985440690,Fabiana,Mayol,62210
62211,304243312,Aurora,Jurado,62211
62212,232776294,Ana Sofia,Lerma,62212
62213,533450158,Onofre,Colom,62213
62214,311770646,Maximiano,Villanueva,62214
62215,148863472,Gracia,Melero,62215
62216,590632642,Itziar,Vazquez,62216
62217,159145210,Chus,Amor,62217
62218,187530856,Edelmiro,Gual,62218
62219,416938431,Anna,Aguado,62219
62220,833632502,Reinaldo,Arnau,62220
62221,403352545,Pia,Perales,62221
62222,110483916,Martirio,Aguilar,62222
62223,430201829,Azeneth,Calzada,62223
62224,341009544,Nuria,Vara,62224
62225,528215514,Jennifer,Elias,62225
62226,441170984,Lucio,Peralta,62226
62227,248369343,Nicanor,Cortina,62227
62228,244767464,Patricia,Ferreras,62228
62229,874827246,Fidel,Ibanez,62229
62230,724358106,Ricarda,Barrio,62230
62231,353387767,Lucho,Hervas,62231
62232,106312512,Narcisa,Juan,62232
62233,947898028,Jacobo,Conde,62233
62234,268565301,Marcio,Pomares,62234
62235,622899845,Sebastian,Armengol,62235
62236,267749429,Domingo,Girona,62236
62237,230570585,Marco,Anglada,62237
62238,450009444,Noe,Sierra,62238
62239,556849876,Felicidad,Mascaro,62239
62240,573736044,Teodora,Feliu,62240
62241,725672845,Ulises,Tomas,62241
62242,900946670,Ines,Frutos,62242
62243,857108558,Remigio,Carrillo,62243
62244,590293897,Elpidio,Samper,62244
62245,733407250,Che,Castaneda,62245
62246,429728485,Clemente,Priego,62246
62247,268927001,Hilario,Julian,62247
62248,389106121,Manuelita,Exposito,62248
62249,266006673,Celestino,Cifuentes,62249
62250,978035159,Flora,Reig,62250
62251,671086478,Benita,Salgado,62251
62252,118045900,Barbara,Hurtado,62252
62253,863874639,Pili,Paez,62253
62254,827380290,Saturnino,Bernat,62254
62255,712058243,Patricia,Cespedes,62255
62256,883642343,Maxi,Falcon,62256
62257,687620944,Rosendo,Cepeda,62257
62258,638491984,Claudia,Naranjo,62258
62259,598407147,Jose Maria,Barrios,62259
62260,152291855,Mariana,Villa,62260
62261,213284730,Leoncio,Balaguer,62261
62262,984008976,Duilio,Ojeda,62262
62263,261483380,Placido,Espinosa,62263
62264,858081747,Eulalia,Fabregat,62264
62265,525384102,Genoveva,Recio,62265
62266,965251790,Cristian,Mas,62266
62267,239323170,Felix,Duque,62267
62268,801887805,Evita,Moya,62268
62269,144840392,Reinaldo,Cabeza,62269
62270,793419880,Berto,Tormo,62270
62271,323352912,Delfina,Salom,62271
62272,908146122,Isa,Vendrell,62272
62273,434073266,Prudencia,Zapata,62273
62274,958559405,Manu,Adan,62274
62275,347845375,Fidela,Real,62275
62276,124000788,Chuy,Grande,62276
62277,853648093,Inmaculada,Sabater,62277
62278,451678578,Gil,Marquez,62278
62279,285527406,Climaco,Marquez,62279
62280,471576610,Zaida,Amaya,62280
62281,996853015,Martirio,Pozo,62281
62282,211987150,Elena,Prats,62282
62283,952747705,Fabio,Fortuny,62283
62284,294254749,Elodia,Marquez,62284
62285,418386130,Aaron,Mayoral,62285
62286,423091010,Socorro,Gallart,62286
62287,361010057,Hernando,Elias,62287
62288,338094469,Olalla,Cortes,62288
62289,569514280,Amador,Medina,62289
62290,538492828,Clementina,Nunez,62290
62291,866219808,Ovidio,Torrents,62291
62292,586018058,Itziar,Paniagua,62292
62293,113909496,Lupita,Espanol,62293
62294,979593368,Marisol,Heredia,62294
62295,625796046,Amelia,Duran,62295
62296,192292348,Rocio,Vazquez,62296
62297,105436817,Delfina,Ferrandez,62297
62298,434517850,Alexandra,Arrieta,62298
62299,699823923,Priscila,Ruano,62299
62300,873716291,Ricarda,Bilbao,62300
62301,761731370,Ruben,Torrecilla,62301
62302,779095337,Eva Maria,Mugica,62302
62303,857691132,Quique,Alegria,62303
62304,636835608,Rafaela,Tur,62304
62305,501502242,Gervasio,Manuel,62305
62306,897203220,Maximino,Vives,62306
62307,734276124,Efrain,Blazquez,62307
62308,391723835,Delia,Peral,62308
62309,719735218,Jose Angel,Uria,62309
62310,174602508,Jacinta,Carro,62310
62311,546357661,Nazario,Landa,62311
62312,444578551,Pedro,Roldan,62312
62313,844614724,Selena,Varela,62313
62314,109267526,Eliana,Nunez,62314
62315,789380771,Emperatriz,Gomila,62315
62316,320120782,Casandra,Canellas,62316
62317,706247662,Calisto,Borja,62317
62318,940892541,Simon,Valbuena,62318
62319,130163136,Desiderio,Diez,62319
62320,785530252,Andres,Guijarro,62320
62321,964468681,Armando,Armengol,62321
62322,930998506,Lupe,Cobos,62322
62323,381401853,Adan,Nogues,62323
62324,331237513,Victoria,Carmona,62324
62325,749435220,Inocencio,Ribera,62325
62326,744359344,Reinaldo,Nino,62326
62327,367917267,Abril,Menendez,62327
62328,607122911,Vicente,Cordoba,62328
62329,835036430,Vito,Laguna,62329
62330,978027978,Maria Del Carmen,Guardiola,62330
62331,310370973,Baltasar,Salcedo,62331
62332,530190729,Visitacion,Sanjuan,62332
62333,132692934,Bienvenida,Cazorla,62333
62334,485691800,Tamara,Soriano,62334
62335,932943038,Pablo,Izquierdo,62335
62336,318716028,Eli,Roura,62336
62337,820910945,Francisco,Parejo,62337
62338,220953765,Elias,Lledo,62338
62339,387569020,Timoteo,Tur,62339
62340,178715210,Mamen,Llado,62340
62341,344213641,Maria Pilar,Losa,62341
62342,337436107,Isabel,Maldonado,62342
62343,310874134,Rico,Garay,62343
62344,744823511,Apolonia,Reina,62344
62345,584675007,Modesta,Pareja,62345
62346,408888173,Tito,Lopez,62346
62347,239200198,Teresita,Cabeza,62347
62348,774611409,Rico,Barranco,62348
62349,922596992,Maristela,Vizcaino,62349
62350,376519803,Nicodemo,Verdejo,62350
62351,628418227,Graciana,Morales,62351
62352,914481125,Ani,Abad,62352
62353,604752237,Veronica,Salom,62353
62354,526737178,Manuela,Diez,62354
62355,394391241,Regulo,Heras,62355
62356,588844757,Paca,Marmol,62356
62357,614717485,Jose Manuel,Portillo,62357
62358,685384154,Abraham,Aranda,62358
62359,919494739,Felicidad,Zamorano,62359
62360,283083013,Loreto,Espanol,62360
62361,949478936,Melchor,Velez,62361
62362,655585295,Ligia,Otero,62362
62363,541925879,Nilo,Planas,62363
62364,384151744,Graciela,Alvarado,62364
62365,601248633,Gloria,Marin,62365
62366,514357957,Placido,Ferrando,62366
62367,760601912,Custodia,Lillo,62367
62368,536530820,Yaiza,Tello,62368
62369,460223975,Armida,Sanjuan,62369
62370,197366041,Primitivo,Ugarte,62370
62371,614080545,Dario,Benitez,62371
62372,737816400,Amor,Luque,62372
62373,935255774,Miguela,Zamorano,62373
62374,125965225,Otilia,Escobar,62374
62375,323076917,Ruben,Andres,62375
62376,224981335,Emperatriz,Gabaldon,62376
62377,969843526,Liliana,Corominas,62377
62378,467849701,Marisol,Iniesta,62378
62379,899987470,Adelina,Giner,62379
62380,270404410,Reinaldo,Franco,62380
62381,424233441,Vilma,Zaragoza,62381
62382,906744472,Joaquina,Casanovas,62382
62383,947626650,Custodio,Mora,62383
62384,596680521,Marta,Recio,62384
62385,703761877,Rodolfo,Tenorio,62385
62386,129853130,Merche,Linares,62386
62387,904685451,Seve,Verdu,62387
62388,450460393,Conrado,Garate,62388
62389,672387030,Lorenzo,Marin,62389
62390,103382631,Zaira,Gomez,62390
62391,233514634,Amando,Gonzalez,62391
62392,842090232,Tito,Nicolau,62392
62393,545480609,Natanael,Diez,62393
62394,750630506,Abilio,Mateo,62394
62395,839529895,Juan Carlos,Padilla,62395
62396,207892796,Cristina,Mayoral,62396
62397,441018791,Mario,Villena,62397
62398,767167630,Maria Dolores,Garate,62398
62399,528823770,Mayte,Peral,62399
62400,946220321,Cayetana,Feijoo,62400
62401,258830116,Demetrio,Atienza,62401
62402,962484042,Agapito,Sastre,62402
62403,151062581,Hermenegildo,Bernat,62403
62404,516996442,Nazario,Hervas,62404
62405,941133508,Irma,Oliva,62405
62406,512993662,Eleuterio,Chamorro,62406
62407,206456413,Inmaculada,Crespo,62407
62408,452630798,Marino,Luna,62408
62409,693442846,Felipe,Duenas,62409
62410,627949422,Rafa,Palomino,62410
62411,588350187,Aurelia,Figuerola,62411
62412,396784299,Marina,Llobet,62412
62413,530547374,Olimpia,Pavon,62413
62414,730006646,Andres,Martin,62414
62415,831426771,Andrea,Agustin,62415
62416,355553234,Nazaret,Blazquez,62416
62417,608353190,Lola,Sales,62417
62418,661162255,Reina,Mari,62418
62419,426455455,Benita,Otero,62419
62420,849753184,Rafa,Montenegro,62420
62421,264733634,Anabel,Oliva,62421
62422,415241235,Rocio,Vendrell,62422
62423,821107880,Moises,Samper,62423
62424,748836023,Placido,Haro,62424
62425,841527291,Inigo,Llanos,62425
62426,410419866,Esteban,Caceres,62426
62427,372084977,Leocadio,Maestre,62427
62428,150078643,Antonia,Gallego,62428
62429,420885323,Jose Antonio,Pereira,62429
62430,492328257,Rufina,Arana,62430
62431,211707014,Martirio,Coello,62431
62432,494695437,Natalio,Crespo,62432
62433,679351701,Geraldo,Segura,62433
62434,448572594,Pancho,Bolanos,62434
62435,162497523,Aurelio,Carballo,62435
62436,132360170,Lilia,Macias,62436
62437,665487518,Ruth,Lastra,62437
62438,876609118,Luis,Jodar,62438
62439,771292291,Eleuterio,Naranjo,62439
62440,428157909,Ale,Solera,62440
62441,981025496,Geraldo,Cruz,62441
62442,508934925,Roque,Vara,62442
62443,360524343,Lino,Ballesteros,62443
62444,678651731,Anna,Tomas,62444
62445,688418913,Herminio,Fuster,62445
62446,978999505,Esteban,Cal,62446
62447,736161507,Eduardo,Valdes,62447
62448,835737749,Sofia,Beltran,62448
62449,622370279,Jordana,Sanz,62449
62450,284532577,Ruben,Cortes,62450
62451,713836699,Abril,Raya,62451
62452,781147116,Pancho,Coello,62452
62453,599102434,Edu,Rivero,62453
62454,474315252,Angeles,Aller,62454
62455,217094810,Adelina,Villalba,62455
62456,888337209,Evangelina,Gaya,62456
62457,676198949,Raul,Ribera,62457
62458,763268581,Jovita,Valcarcel,62458
62459,259350332,Felisa,Perello,62459
62460,269487557,Dorita,Esteban,62460
62461,933800667,Elisa,Grau,62461
62462,449040503,Gala,Checa,62462
62463,375739420,Raul,Palomino,62463
62464,133233704,Casemiro,Sainz,62464
62465,970708049,Alejandro,Vallejo,62465
62466,640157595,Lupita,Bayona,62466
62467,604185261,Violeta,Pla,62467
62468,833097937,Conrado,Cornejo,62468
62469,594322555,Teo,Guzman,62469
62470,614600831,Esperanza,Morell,62470
62471,386067394,Francisco Javier,Gracia,62471
62472,503690498,Corona,Canales,62472
62473,862365481,Norberto,Cuevas,62473
62474,193246113,Fidela,Pla,62474
62475,734319721,Matilde,Lluch,62475
62476,405474020,Felicidad,Iniesta,62476
62477,132424843,Florina,Salom,62477
62478,440099775,Maria Belen,Rojas,62478
62479,968742469,Francisco Jose,Salinas,62479
62480,177330197,Julio Cesar,Molina,62480
62481,559678101,Pelayo,Reguera,62481
62482,333896382,Jordan,Castejon,62482
62483,382974144,Encarnita,Sierra,62483
62484,134239697,Sara,Blazquez,62484
62485,800762673,Adora,Tapia,62485
62486,541793859,Fabiola,Cerro,62486
62487,830607380,Bibiana,Bermudez,62487
62488,515847688,Eladio,Nicolas,62488
62489,481728717,Eusebia,Clemente,62489
62490,663157810,Jose Ignacio,Colom,62490
62491,461715547,Luna,Villanueva,62491
62492,820039508,Jenaro,Fernandez,62492
62493,388131944,Bruno,Segura,62493
62494,281046834,Aranzazu,Navas,62494
62495,664024312,Ambar,Casanovas,62495
62496,542931843,Azahara,Valls,62496
62497,441789761,Pastor,Pinto,62497
62498,994949903,Jimena,Mascaro,62498
62499,201504108,Hipolito,Bernad,62499
62500,621873011,Paloma,Amat,62500
62501,918372503,Leopoldo,Neira,62501
62502,463092557,Paulina,Almazan,62502
62503,164078085,Domitila,Carballo,62503
62504,338496351,Lorena,Cortina,62504
62505,987419230,Sabina,Bayona,62505
62506,479622057,Evaristo,Bonet,62506
62507,318748557,Nidia,Cervera,62507
62508,194877372,Olga,Reyes,62508
62509,378028812,Olga,Baron,62509
62510,870903600,Ricarda,Cabello,62510
62511,717003229,Seve,Prieto,62511
62512,877466243,Cebrian,Melendez,62512
62513,553808819,Florencia,Lobo,62513
62514,374871811,Antonio,Santiago,62514
62515,548087860,Ambrosio,Prado,62515
62516,246910258,Carmelita,Sanz,62516
62517,278288180,Luciana,Garriga,62517
62518,223184128,Casandra,Montes,62518
62519,330699942,Rafaela,Vega,62519
62520,864766523,Gervasio,Rocha,62520
62521,865055082,Montserrat,Ruiz,62521
62522,937266977,Purificacion,Amador,62522
62523,103104415,Encarnita,Vazquez,62523
62524,601026736,Eliseo,Saez,62524
62525,227024475,Catalina,Crespo,62525
62526,425098926,Adela,Feijoo,62526
62527,675812988,Salvador,Miranda,62527
62528,799302415,Loida,Casares,62528
62529,295300734,Candela,Coronado,62529
62530,266577905,Walter,Coll,62530
62531,388663952,Isidro,Corbacho,62531
62532,770248780,Elias,Cordoba,62532
62533,910234884,Daniela,Fajardo,62533
62534,997847891,Cruz,Perez,62534
62535,609243060,Alfredo,Ferran,62535
62536,980318692,Ruperto,Beltran,62536
62537,333478421,Bernabe,Morillo,62537
62538,260241159,Cruz,Miro,62538
62539,595520032,Horacio,Sebastian,62539
62540,291788533,Luz,Codina,62540
62541,477358685,Ingrid,Villalba,62541
62542,910669596,Coral,Fernandez,62542
62543,173681244,Pelayo,Heras,62543
62544,453826031,Selena,Roura,62544
62545,728184097,Roque,Trillo,62545
62546,388749959,Concepcion,Miro,62546
62547,698892582,Dorotea,Alemany,62547
62548,597691168,Paca,Ramis,62548
62549,946364106,Ruben,Valenciano,62549
62550,557101122,Heriberto,Valencia,62550
62551,385771287,Elba,Cuadrado,62551
62552,419438485,Daniela,Berrocal,62552
62553,882456430,Chuy,Ribes,62553
62554,329817261,Chuy,Ricart,62554
62555,754382551,Brunilda,Alemany,62555
62556,345888579,Reyes,Vera,62556
62557,208595159,Maria Carmen,Varela,62557
62558,161832581,Elpidio,Vila,62558
62559,569260299,Laura,Berenguer,62559
62560,366488767,Rafa,Noriega,62560
62561,689800286,Luis,Valenzuela,62561
62562,561575433,Ofelia,Ocana,62562
62563,624299256,Gracia,Llorente,62563
62564,812086334,Victoriano,Beltran,62564
62565,379026929,Jose Antonio,Solsona,62565
62566,782187302,Ascension,Cobos,62566
62567,976990339,Amada,Piquer,62567
62568,265186543,Leocadio,Quintanilla,62568
62569,742483708,Carmela,Cozar,62569
62570,683470341,Pelayo,Sanjuan,62570
62571,761863520,Quique,Caro,62571
62572,605936988,Barbara,Vega,62572
62573,533573755,Gertrudis,Palma,62573
62574,410732690,Curro,Balaguer,62574
62575,670144101,Guiomar,Espejo,62575
62576,784143124,Maria Jesus,Solera,62576
62577,813434021,Olga,Barbero,62577
62578,910409420,Silvio,Guerra,62578
62579,683756537,Bautista,Torres,62579
62580,242204110,Marino,Urena,62580
62581,541786784,Kike,Andreu,62581
62582,121932524,Cesar,Maldonado,62582
62583,565307095,Socorro,Ferreras,62583
62584,183658055,Adelaida,Sainz,62584
62585,951536301,Raquel,Priego,62585
62586,243448985,Gala,Iborra,62586
62587,826557350,Macarena,Carreras,62587
62588,854401066,Goyo,Giron,62588
62589,534871692,Nerea,Estrada,62589
62590,388600682,Nilda,Acosta,62590
62591,609441668,Alejandro,Somoza,62591
62592,950048606,Dora,Gil,62592
62593,366512491,Lupita,Rio,62593
62594,896602656,Arturo,Plaza,62594
62595,625965855,Vera,Ocana,62595
62596,270642342,Aaron,Collado,62596
62597,827238578,Luna,Aznar,62597
62598,849758411,Francisco,Rosado,62598
62599,440175970,Micaela,Llamas,62599
62600,211581049,Inocencio,Rivero,62600
62601,954800473,Luis Angel,Tomas,62601
62602,897252896,Iban,Quintero,62602
62603,776432245,Lilia,Alcala,62603
62604,391703610,Ines,Gracia,62604
62605,161335351,Chus,Anton,62605
62606,722468940,Hermenegildo,Barcelo,62606
62607,289738443,Joan,Minguez,62607
62608,375763678,Candela,Ponce,62608
62609,383350900,Merche,Manuel,62609
62610,763871735,Baltasar,Rodriguez,62610
62611,452298014,Alejandra,Olive,62611
62612,750402980,Jesus,Nevado,62612
62613,618105950,Lupita,Roda,62613
62614,851338768,Dalila,Bernat,62614
62615,669316454,Teo,Segui,62615
62616,597954068,Adela,Pi,62616
62617,465472747,Teodora,Somoza,62617
62618,457311239,Carolina,Quevedo,62618
62619,900911549,Alejo,Monreal,62619
62620,255632993,Ana,Larrea,62620
62621,468795503,Serafina,Fuster,62621
62622,435293550,Herminia,Sarabia,62622
62623,974288280,Aristides,Pascual,62623
62624,739568995,Eutimio,Saez,62624
62625,930205585,Imelda,Parejo,62625
62626,868276256,Chuy,Acevedo,62626
62627,577285520,Maximo,Jaen,62627
62628,896979440,Edgardo,Yuste,62628
62629,816102574,Marcos,Becerra,62629
62630,305950158,Omar,Saez,62630
62631,857524728,Timoteo,Arregui,62631
62632,450859158,Casemiro,Andrade,62632
62633,642708561,Yessica,Mate,62633
62634,572851713,Feliciano,Palacios,62634
62635,598596795,Olivia,Parra,62635
62636,102283750,Mariano,Mendez,62636
62637,521641406,Fortunata,Toro,62637
62638,599596395,Ariel,Coronado,62638
62639,560197408,Ildefonso,Matas,62639
62640,827454628,Ernesto,Leon,62640
62641,701398734,Gabriel,Oliver,62641
62642,238876370,Florencio,Montoya,62642
62643,586390780,Albino,Agustin,62643
62644,478248163,Constanza,Santos,62644
62645,739322002,Piedad,Arco,62645
62646,904988917,Lucio,Pou,62646
62647,113161125,Calista,Higueras,62647
62648,978901855,Noemi,Marco,62648
62649,322584295,Viviana,Santos,62649
62650,546467775,Ester,Buendia,62650
62651,654327330,Daniel,Salas,62651
62652,520526776,Reyes,Marin,62652
62653,766607294,Perla,Sierra,62653
62654,694353301,Rafa,Fabregat,62654
62655,101804732,Octavia,Salgado,62655
62656,256526746,Celia,Armengol,62656
62657,669449653,Eutropio,Duran,62657
62658,954126460,Inigo,Rebollo,62658
62659,112138354,Angelica,Murcia,62659
62660,558372813,Febe,Canovas,62660
62661,157903816,Gisela,Ripoll,62661
62662,487170129,Ceferino,Sedano,62662
62663,997646563,Chucho,Zaragoza,62663
62664,590337920,Espiridion,Saura,62664
62665,268602014,Maria Belen,Blanco,62665
62666,161920264,Chelo,Agusti,62666
62667,335520002,Florina,Vilalta,62667
62668,725851737,Ramon,Alvaro,62668
62669,711938790,Encarnacion,Saez,62669
62670,498030883,Remigio,Anguita,62670
62671,138966949,Hipolito,Casanovas,62671
62672,911717341,Isaac,Lopez,62672
62673,311971083,Natalia,Sarmiento,62673
62674,363066310,Renata,Vall,62674
62675,299963237,Jenaro,Borras,62675
62676,626306809,Pepe,Falcon,62676
62677,225054538,Edgar,Suarez,62677
62678,229113376,Carina,Sobrino,62678
62679,364841311,Ximena,Berenguer,62679
62680,512601830,Geronimo,Revilla,62680
62681,292950942,Juanita,Rovira,62681
62682,182550155,Lola,Alvarez,62682
62683,533116636,Clarisa,Alcaraz,62683
62684,321972552,Eustaquio,Peralta,62684
62685,576862906,Elvira,Murillo,62685
62686,623874795,Africa,Chaves,62686
62687,470501938,Catalina,Palomar,62687
62688,414967981,Rosalinda,Oliva,62688
62689,820854296,Saturnino,Bustamante,62689
62690,392817924,Ignacia,Alcalde,62690
62691,282730707,Feliciana,Valcarcel,62691
62692,706022037,Paula,Manrique,62692
62693,276128629,Benita,Chico,62693
62694,499887543,Luciana,Carretero,62694
62695,928960012,Americo,Gimeno,62695
62696,878566236,Marisela,Ribera,62696
62697,639639218,Curro,Penas,62697
62698,646361197,Sabas,Garate,62698
62699,980037478,Venceslas,Ojeda,62699
62700,229629249,Ruperto,Criado,62700
62701,432193428,Moreno,Goicoechea,62701
62702,477372217,Pepito,Blanch,62702
62703,935507219,Jenny,Frias,62703
62704,132685700,Juanito,Sarmiento,62704
62705,875201421,Jonatan,Canete,62705
62706,763483532,Cintia,Melero,62706
62707,287407801,Adolfo,Marmol,62707
62708,641842629,Brigida,Ros,62708
62709,650622263,Filomena,Guerra,62709
62710,206362797,Florentino,Lobato,62710
62711,792662134,Nicolas,Borrell,62711
62712,254801071,Marcos,Morante,62712
62713,872415241,Benito,Molins,62713
62714,734885998,Anibal,Rocha,62714
62715,404620376,Marcelino,Mayo,62715
62716,805253526,Gabino,Ayala,62716
62717,516477753,Basilio,Montoya,62717
62718,571509207,Ricarda,Gras,62718
62719,328904493,Adelardo,Viana,62719
62720,555637918,Leonel,Cerro,62720
62721,384679021,Carlos,Garzon,62721
62722,358402199,Trini,Cozar,62722
62723,108729519,Baltasar,Aguado,62723
62724,723863165,Buenaventura,Prieto,62724
62725,790312058,Gabriela,Maza,62725
62726,733020421,Elisabet,Escriva,62726
62727,871801932,Benjamin,Abella,62727
62728,552279508,Victor Manuel,Feliu,62728
62729,674468593,Andres Felipe,Sanabria,62729
62730,104933467,Andres,Ocana,62730
62731,613386627,Magdalena,Mercader,62731
62732,513099184,Alex,Mayol,62732
62733,164384849,Mamen,Paz,62733
62734,265233337,Rosenda,Olmo,62734
62735,852067597,Yolanda,Mateo,62735
62736,411770238,Francisco Javier,Tenorio,62736
62737,488293179,Abril,Giralt,62737
62738,633355426,Abril,Rey,62738
62739,859876387,Eliana,Fiol,62739
62740,740998599,Olivia,Mosquera,62740
62741,818524448,Augusto,Simo,62741
62742,830379622,Bautista,Jordan,62742
62743,194227409,Victor,Tormo,62743
62744,227468521,Cosme,Aguilera,62744
62745,497891795,Maria Jose,Aragones,62745
62746,520038456,Encarnita,Raya,62746
62747,959352110,Angelita,Grau,62747
62748,503735309,Zaira,Galan,62748
62749,612689809,Wilfredo,Sala,62749
62750,959580455,Rosa Maria,Capdevila,62750
62751,155367719,Gerardo,Garmendia,62751
62752,570800065,Juan Pablo,Torrecilla,62752
62753,421137014,Alma,Diez,62753
62754,226885153,Valeria,Millan,62754
62755,186671617,Inigo,Maldonado,62755
62756,785142183,Jose Mari,Batalla,62756
62757,715390414,Gregorio,Saura,62757
62758,904210803,Hipolito,Llopis,62758
62759,472783883,Alexandra,Huguet,62759
62760,590110084,Caridad,Cuervo,62760
62761,978237718,Victor,Zamora,62761
62762,571451315,Mariano,Verdugo,62762
62763,112302219,Lino,Cervantes,62763
62764,689479432,Mateo,Figueroa,62764
62765,606985300,Elvira,Montoya,62765
62766,600975063,Yaiza,Agustin,62766
62767,736930261,Pelayo,Borja,62767
62768,458795080,Visitacion,Hoz,62768
62769,765178727,Marciano,Padilla,62769
62770,987876416,Candida,Antunez,62770
62771,295748995,Atilio,Romeu,62771
62772,744374784,Victor,Ricart,62772
62773,523549760,Trinidad,Manuel,62773
62774,884248068,Nilo,Luna,62774
62775,893533791,Felipe,Paez,62775
62776,118257849,Anna,Pereira,62776
62777,392716245,Alfonso,Alvarado,62777
62778,426124800,Marisela,Tolosa,62778
62779,660703668,Samu,Marmol,62779
62780,341834089,Pedro,Garcia,62780
62781,987489434,Hortensia,Cuesta,62781
62782,451357904,Herminia,Machado,62782
62783,522026948,Miriam,Villanueva,62783
62784,260512010,Felisa,Guzman,62784
62785,539752519,Amado,Gallardo,62785
62786,639144997,Juan Jose,Rosello,62786
62787,388978803,Ramiro,Marti,62787
62788,116773771,Romulo,Galvan,62788
62789,168820375,Juliana,Otero,62789
62790,195699698,Rosenda,Garrido,62790
62791,982310389,Conrado,Guerra,62791
62792,529081132,Alberto,Morell,62792
62793,694122184,Nelida,Font,62793
62794,373776465,Manuel,Alberdi,62794
62795,112700080,Aristides,Egea,62795
62796,340870326,Florentino,Arnau,62796
62797,973369315,Encarnita,Puig,62797
62798,211805745,Francisco,Bejarano,62798
62799,352891132,Pastor,Pardo,62799
62800,981778423,Samanta,Vidal,62800
62801,127957557,Jenny,Quintanilla,62801
62802,814381080,Manu,Taboada,62802
62803,777766095,Azahara,Cobo,62803
62804,629746895,Florina,Diaz,62804
62805,462917260,Teodoro,Ponce,62805
62806,202702256,Tadeo,Jimenez,62806
62807,193947428,Pablo,Rebollo,62807
62808,972690224,Enrique,Bertran,62808
62809,216415807,Eleuterio,Solis,62809
62810,967424465,Benigno,Castello,62810
62811,847201481,Ruperta,Arellano,62811
62812,934226985,Jose Luis,Valdes,62812
62813,484869710,Marta,Blanca,62813
62814,616092357,Priscila,Pavon,62814
62815,860708636,Pastora,Palacios,62815
62816,524048262,Nuria,Font,62816
62817,190250381,Pepe,Urrutia,62817
62818,378744416,Alfonso,Ramon,62818
62819,149565560,Jordan,Ros,62819
62820,356814373,Sigfrido,Exposito,62820
62821,337727588,Anibal,Leon,62821
62822,504240460,Leon,Rosello,62822
62823,677729635,Delfina,Mulet,62823
62824,762931450,Adrian,Urrutia,62824
62825,240577147,Adelaida,Ferrer,62825
62826,864473046,Constanza,Asensio,62826
62827,617833392,Fabian,Segovia,62827
62828,296792544,Nestor,Tena,62828
62829,783749396,Nieves,Aznar,62829
62830,635372875,Etelvina,Rico,62830
62831,350311825,Cebrian,Borrego,62831
62832,592081648,Maria Jesus,Dieguez,62832
62833,404594877,Simon,Morell,62833
62834,430867897,Sabas,Galvez,62834
62835,540702647,Geronimo,Alcalde,62835
62836,147992005,Roman,Adan,62836
62837,262593420,Juan,Bosch,62837
62838,772272114,Oscar,Segui,62838
62839,371724654,Margarita,Valencia,62839
62840,755759745,Baltasar,Barrena,62840
62841,468196665,Azahara,Canellas,62841
62842,477351969,Juan Pablo,Chacon,62842
62843,945414071,Abilio,Cozar,62843
62844,294855117,Jose Maria,Verdejo,62844
62845,406118790,Severino,Verdu,62845
62846,775231365,Begona,Reina,62846
62847,780007978,Melania,Tapia,62847
62848,709833700,Purificacion,Torres,62848
62849,747988823,Gerardo,Rivera,62849
62850,812897443,Tristan,Parra,62850
62851,373037515,Ester,Suarez,62851
62852,980847147,Jose Manuel,Barriga,62852
62853,515757475,Guadalupe,Llano,62853
62854,249852057,German,Olivares,62854
62855,878630568,Ximena,Llabres,62855
62856,826219264,Ramona,Espinosa,62856
62857,973089256,Felix,Estrada,62857
62858,851290094,Manola,Palomo,62858
62859,549308840,Leandra,Guzman,62859
62860,342251696,Tadeo,Urena,62860
62861,315240775,Arturo,Banos,62861
62862,238693798,Lorenzo,Barranco,62862
62863,741980660,Odalys,Caballero,62863
62864,137772422,Ciriaco,Naranjo,62864
62865,180285834,Chus,Morales,62865
62866,772023100,Julia,Cuenca,62866
62867,998070388,Edelmira,Escolano,62867
62868,123722962,Abril,Roman,62868
62869,426931071,Domingo,Pareja,62869
62870,411213059,Loreto,Barranco,62870
62871,563342344,Felisa,Casals,62871
62872,236015774,Macaria,Quiros,62872
62873,704260449,Reynaldo,Farre,62873
62874,448943027,Arcelia,Lastra,62874
62875,331303994,Maria Luisa,Frias,62875
62876,847821465,Cornelio,Landa,62876
62877,827810855,Noa,Sacristan,62877
62878,380766589,Severiano,Piquer,62878
62879,916951728,Nacio,Elias,62879
62880,443457350,Eliseo,Tormo,62880
62881,787708829,Emiliano,Mulet,62881
62882,882870073,Nicodemo,Mas,62882
62883,672413099,Leire,Ortega,62883
62884,978125530,Nazaret,Alberto,62884
62885,501601052,Bernardita,Portillo,62885
62886,380434264,Elisa,Guerrero,62886
62887,181793058,Aura,Galindo,62887
62888,408996827,Juan Luis,Sacristan,62888
62889,881252167,Moises,Gibert,62889
62890,937162005,Espiridion,Galvez,62890
62891,269728711,Gabriela,Alba,62891
62892,878365962,Epifanio,Carretero,62892
62893,982771361,Azeneth,Marcos,62893
62894,395811283,Marcelo,Castellanos,62894
62895,978575749,Chita,Pineiro,62895
62896,225263001,Francisco Jose,Trujillo,62896
62897,709778151,Ovidio,Cordero,62897
62898,665587840,Noemi,Acuna,62898
62899,151185764,Maura,Canovas,62899
62900,978001181,Esteban,Sevillano,62900
62901,986435560,Carmen,Bilbao,62901
62902,830779355,Begona,Cepeda,62902
62903,136882762,Eladio,Rios,62903
62904,963070199,Primitiva,Soriano,62904
62905,122092963,Azahara,Munoz,62905
62906,210720222,Cirino,Real,62906
62907,198634910,Hector,Uribe,62907
62908,135385127,Reynaldo,Cid,62908
62909,652863672,Macarena,Minguez,62909
62910,526709034,Candela,Torralba,62910
62911,586859452,Nazario,Canals,62911
62912,896307290,Clementina,Lumbreras,62912
62913,683614652,Primitivo,Moreno,62913
62914,799568877,Roberta,Cabeza,62914
62915,987953199,Anastasio,Quintero,62915
62916,985753072,Ivan,Barranco,62916
62917,633817957,Anselmo,Ramis,62917
62918,557492081,Borja,Pons,62918
62919,561098402,Ignacia,Morante,62919
62920,648082100,Diego,Farre,62920
62921,934072347,Jennifer,Vallejo,62921
62922,720876131,Domingo,Vall,62922
62923,661035177,Josefina,Benet,62923
62924,259443604,Amalia,Real,62924
62925,623440906,Noa,Tovar,62925
62926,993192398,Adora,Garay,62926
62927,342309270,Esmeralda,Blanch,62927
62928,828039897,Gala,Aznar,62928
62929,188634783,Eli,Torrents,62929
62930,276389510,Olivia,Figueras,62930
62931,431027025,Moises,Ferrer,62931
62932,136908614,Aitor,Alcantara,62932
62933,981731775,Quirino,Vera,62933
62934,931672573,Adora,Gras,62934
62935,929218687,Salomon,Garcia,62935
62936,702679082,Julieta,Alfaro,62936
62937,931929088,Itziar,Solano,62937
62938,611282749,Socorro,Donoso,62938
62939,509251664,Camila,Goni,62939
62940,862605527,Jacobo,Collado,62940
62941,387534970,Eliana,Saavedra,62941
62942,984221505,Xavier,Rodrigo,62942
62943,861033039,Jeremias,Aguilera,62943
62944,443999584,Charo,Mateu,62944
62945,220608159,Clotilde,Hervas,62945
62946,820349208,Abilio,Suarez,62946
62947,756079499,Fito,Medina,62947
62948,895790272,Claudio,Minguez,62948
62949,866834410,Isidro,Arranz,62949
62950,485098618,Alicia,Borrego,62950
62951,846896359,Quirino,Infante,62951
62952,827990585,Dalila,Caceres,62952
62953,772766861,Amaro,Izquierdo,62953
62954,726342447,Placido,Pons,62954
62955,340610038,Trini,Manzano,62955
62956,472953027,Patricio,Cerezo,62956
62957,292909037,Tristan,Tamarit,62957
62958,534447498,Ambrosio,Bosch,62958
62959,286948867,Angeles,Pallares,62959
62960,869103546,Sandra,Saldana,62960
62961,292652364,Lara,Gallego,62961
62962,953342053,Aitor,Barreda,62962
62963,616198122,Pepe,Macias,62963
62964,637370741,Nydia,Guerra,62964
62965,866818807,Adoracion,Pedrosa,62965
62966,759039414,Eugenia,Borras,62966
62967,645689448,Julian,Tapia,62967
62968,463552010,Flavio,Galvez,62968
62969,308785970,Delfina,Moliner,62969
62970,765043637,Jesusa,Campillo,62970
62971,638370345,Valeria,Solana,62971
62972,836955823,Silvia,Segura,62972
62973,884974067,Baudelio,Pelayo,62973
62974,603221996,Prudencia,Busquets,62974
62975,838003736,Pio,Rozas,62975
62976,536530270,Candela,Lopez,62976
62977,968383559,Casemiro,Diego,62977
62978,373816545,Chucho,Miro,62978
62979,703452211,Joaquin,Garriga,62979
62980,543560036,Tomasa,Castilla,62980
62981,198428575,Agustin,Hidalgo,62981
62982,839687952,Gloria,Abellan,62982
62983,663707741,Goyo,Cueto,62983
62984,967294292,Lilia,Arnaiz,62984
62985,578131581,Basilio,Sabater,62985
62986,571251132,Samanta,Torre,62986
62987,802461075,Vilma,Fabregas,62987
62988,536393097,Adelardo,Romero,62988
62989,911449547,Pio,Tome,62989
62990,651202004,Poncio,Gil,62990
62991,367715372,Filomena,Rocha,62991
62992,292643527,Sosimo,Zabaleta,62992
62993,263871026,Lino,Barreda,62993
62994,733643245,Ceferino,Solano,62994
62995,145421182,Isidora,Gordillo,62995
62996,419120104,Guillermo,Camacho,62996
62997,432105951,Anastasio,Peinado,62997
62998,169329529,Calista,Bermudez,62998
62999,132769756,Manu,Vall,62999
63000,318539973,Belen,Sarmiento,63000
63001,307143765,Reyna,Criado,63001
63002,779507335,Purificacion,Gimenez,63002
63003,501585656,Tere,Hurtado,63003
63004,883543416,Florentina,Cuesta,63004
63005,632298633,Bernardino,Davila,63005
63006,448079349,Pilar,Herrero,63006
63007,734534614,Ricarda,Artigas,63007
63008,920843762,Albino,Cabello,63008
63009,158758611,Anna,Ayala,63009
63010,112972739,Leandra,Pages,63010
63011,189797896,Alejandro,Fabra,63011
63012,530570389,Flavia,Camps,63012
63013,908257117,Jeronimo,Bejarano,63013
63014,591365236,Amalia,Costa,63014
63015,818570649,Calista,Segarra,63015
63016,614079348,Ascension,Montalban,63016
63017,417266036,Ambar,Gabaldon,63017
63018,250616397,Osvaldo,Galvez,63018
63019,478294630,Hugo,Contreras,63019
63020,794323013,Duilio,Tovar,63020
63021,162829478,Jose Francisco,Uriarte,63021
63022,502370571,Hilda,Rosado,63022
63023,739471892,Araceli,Elorza,63023
63024,646556542,Luis Miguel,Aguilo,63024
63025,741611433,Lucho,Vara,63025
63026,828507877,Nayara,Molins,63026
63027,157198147,Florencio,Maldonado,63027
63028,271578680,Jaime,Herranz,63028
63029,195512311,Isidoro,Guerrero,63029
63030,109622738,Oriana,Guerrero,63030
63031,917193095,Catalina,Jerez,63031
63032,395361621,Teofilo,Mena,63032
63033,932155170,Eduardo,Quintana,63033
63034,256657413,Sofia,Vega,63034
63035,360498850,Zaira,Mateo,63035
63036,884567154,Merche,Gutierrez,63036
63037,554421217,Rene,Ibanez,63037
63038,569386741,Edelmiro,Cadenas,63038
63039,388612336,Sofia,Crespi,63039
63040,894505047,Fidela,Mas,63040
63041,922197282,Pio,Ramos,63041
63042,542665527,Socorro,Gomis,63042
63043,586762028,Teo,Bilbao,63043
63044,138820859,Bautista,Ferrandiz,63044
63045,590404760,Jordana,Cal,63045
63046,532418240,Palmira,Acero,63046
63047,866185667,Jose Maria,Vall,63047
63048,947046093,Hugo,Izquierdo,63048
63049,156900960,Miguel Angel,Paz,63049
63050,941519629,Rafael,Peinado,63050
63051,506758774,Celia,Montalban,63051
63052,251561031,Bernabe,Cervera,63052
63053,300692907,Azahara,Sabater,63053
63054,330657326,Heriberto,Noguera,63054
63055,644074481,Borja,Almeida,63055
63056,515069090,Candido,Acero,63056
63057,870266008,Prudencio,Ripoll,63057
63058,623715415,Glauco,Granados,63058
63059,332489426,Abigail,Salgado,63059
63060,641168224,Etelvina,Miralles,63060
63061,552921803,Florentino,Ojeda,63061
63062,589978823,Amando,Puig,63062
63063,363463526,Sancho,Sureda,63063
63064,895179213,Elpidio,Almeida,63064
63065,557419451,Victor,Gual,63065
63066,619171939,Beatriz,Marin,63066
63067,366407376,Melchor,Barrera,63067
63068,643607827,Chelo,Llado,63068
63069,189516615,Rosa Maria,Ojeda,63069
63070,466294902,Mayte,Prado,63070
63071,981730265,Belen,Roda,63071
63072,869377644,Anastasia,Barros,63072
63073,754764950,Silvestre,Pou,63073
63074,971984424,Mario,Perea,63074
63075,146944291,Clementina,Vilar,63075
63076,752591491,Maximo,Jover,63076
63077,213845570,Jenny,Tenorio,63077
63078,323101561,Jesusa,Vazquez,63078
63079,534173928,Rosa,Aparicio,63079
63080,889494131,Pastora,Verdu,63080
63081,854018981,Francisca,Huerta,63081
63082,817959143,Moises,Esparza,63082
63083,417886724,Dionisio,Vallejo,63083
63084,536144873,Remedios,Cruz,63084
63085,512454071,Jordi,Ayllon,63085
63086,973076023,Segismundo,Cases,63086
63087,664275786,Luisa,Rosado,63087
63088,233755068,Roque,Verdejo,63088
63089,103874874,Primitiva,Lobato,63089
63090,525305877,Jordana,Jodar,63090
63091,766418590,Melchor,Llorens,63091
63092,638740865,Aurea,Pi,63092
63093,178325945,Leyre,Lozano,63093
63094,369268042,Morena,Carrillo,63094
63095,848574312,Marcia,Echevarria,63095
63096,293126146,Rosaura,Flor,63096
63097,616969772,Urbano,Carnero,63097
63098,883307270,Alejandro,Almeida,63098
63099,527854902,Iris,Ricart,63099
63100,522258038,Nidia,Escalona,63100
63101,150634044,Nydia,Larranaga,63101
63102,870839299,Fernando,Villegas,63102
63103,944704630,Marc,Montalban,63103
63104,347829002,Cristian,Ortuno,63104
63105,804412252,Marcial,Pinedo,63105
63106,310798745,Basilio,Mateo,63106
63107,115952008,Loreto,Benitez,63107
63108,843276903,Veronica,Montes,63108
63109,726562041,Vasco,Mora,63109
63110,270780406,Emilio,Trillo,63110
63111,759964996,Raul,Arevalo,63111
63112,968033711,Candelas,Angulo,63112
63113,146893315,Rolando,Palomares,63113
63114,473190862,Tania,Melendez,63114
63115,834122791,Agustina,Goni,63115
63116,697269905,Cruz,Carro,63116
63117,230493569,Africa,Diez,63117
63118,211918996,Daniel,Bou,63118
63119,196926554,Aurora,Aparicio,63119
63120,399694745,Danilo,Pino,63120
63121,936899448,Climaco,Vara,63121
63122,672856005,Eric,Marti,63122
63123,804263928,Samanta,Roldan,63123
63124,252862996,Marcelino,Baquero,63124
63125,250109603,Edgar,Penas,63125
63126,648705518,Baudelio,Cornejo,63126
63127,788443535,Judith,Antunez,63127
63128,714711104,Diego,Rivera,63128
63129,190161471,Vanesa,Sebastian,63129
63130,832239838,Inigo,Guillen,63130
63131,992059367,Piedad,Neira,63131
63132,322749963,Leyre,Pina,63132
63133,949212900,Petrona,Mercader,63133
63134,250847603,Perlita,Tellez,63134
63135,686873432,Jose Ramon,Miro,63135
63136,572148060,Guiomar,Ordonez,63136
63137,937900486,Berto,Dalmau,63137
63138,259353542,Lalo,Criado,63138
63139,586787709,Jeremias,Domingo,63139
63140,827440701,Cristina,Lobato,63140
63141,507197124,Jose Angel,Corral,63141
63142,836509438,Noe,Fortuny,63142
63143,676544972,Hugo,Peiro,63143
63144,894067678,Vicenta,Almagro,63144
63145,225841036,Ana Belen,Rosado,63145
63146,144563933,Ernesto,Tudela,63146
63147,849118726,Esther,Marino,63147
63148,518332966,Dominga,Calvet,63148
63149,197488110,Bernabe,Quesada,63149
63150,955145841,Jovita,Ferrando,63150
63151,396454482,Aaron,Bonilla,63151
63152,410165180,Agustin,Vargas,63152
63153,384166494,Adan,Riera,63153
63154,863777485,Asdrubal,Gordillo,63154
63155,705068741,Maricruz,Esteban,63155
63156,517188297,Juanito,Murillo,63156
63157,522549562,Ildefonso,Casanova,63157
63158,304382124,Ciriaco,Coloma,63158
63159,647156516,Salomon,Castello,63159
63160,901146211,Leon,Duenas,63160
63161,853380680,Victor Manuel,Cordero,63161
63162,730705081,Martin,Araujo,63162
63163,142814322,Sebastian,Hernandez,63163
63164,492457880,Adelia,Aramburu,63164
63165,756202614,Evita,Valverde,63165
63166,969310777,Sebastian,Cerro,63166
63167,834916204,Eustaquio,Villalba,63167
63168,186802220,Atilio,Maestre,63168
63169,942525983,Damian,Prada,63169
63170,699838571,Tomasa,Clavero,63170
63171,595888178,Brigida,Bosch,63171
63172,747215484,Adora,Suarez,63172
63173,723462519,Porfirio,Daza,63173
63174,315776317,Candelas,Andrade,63174
63175,362460642,Rafa,Jerez,63175
63176,479114384,Roberto,Moran,63176
63177,934336236,Esperanza,Bustamante,63177
63178,981137044,Jose,Cal,63178
63179,874083335,Maria Pilar,Benet,63179
63180,320616989,Jeronimo,Vina,63180
63181,749965351,Edmundo,Cabello,63181
63182,232665559,Maximiano,Castilla,63182
63183,190543453,Adalberto,Infante,63183
63184,451929179,Chucho,Abril,63184
63185,459131505,Nacio,Bayo,63185
63186,570302679,Sancho,Miro,63186
63187,767130630,Gustavo,Duran,63187
63188,664883677,Mariana,Moraleda,63188
63189,656129879,Clementina,Codina,63189
63190,795052409,Feliciano,Pinedo,63190
63191,946450844,Custodio,Velez,63191
63192,882092186,Encarnacion,Salmeron,63192
63193,483256858,Luisa,Castilla,63193
63194,183880445,Adora,Salas,63194
63195,803721574,Alejandra,Alegre,63195
63196,965608553,Isaura,Chico,63196
63197,338353539,Florinda,Espada,63197
63198,859804128,Ovidio,Girona,63198
63199,103274808,Francisco,Jaume,63199
63200,240301474,Yessica,Lorenzo,63200
63201,152614458,Albert,Corbacho,63201
63202,333999671,Candelaria,Palmer,63202
63203,217381762,Ainara,Borrego,63203
63204,982399130,Rolando,Montenegro,63204
63205,353319702,Balduino,Andres,63205
63206,287334745,Felix,Bauza,63206
63207,192701558,Azahar,Tejada,63207
63208,650638391,Felipa,Uriarte,63208
63209,250897410,Porfirio,Haro,63209
63210,296515055,Raul,Belmonte,63210
63211,783414118,Rocio,Ibarra,63211
63212,761163204,Perla,Barbera,63212
63213,121066292,Epifanio,Roig,63213
63214,856961456,Eli,Echevarria,63214
63215,942871815,Regina,Calderon,63215
63216,315802341,Alcides,Garmendia,63216
63217,468909367,Soledad,Vendrell,63217
63218,908460841,Maricela,Villalba,63218
63219,744809672,Noelia,Llobet,63219
63220,817861390,Eva,Villena,63220
63221,790784736,Brunilda,Amor,63221
63222,242978869,Lucas,Espada,63222
63223,664474152,Maxi,Gisbert,63223
63224,888485518,Bibiana,Galan,63224
63225,578093941,Ximena,Baquero,63225
63226,404536751,Gabriel,Sacristan,63226
63227,884474839,Duilio,Garrido,63227
63228,533999440,Virgilio,Elias,63228
63229,442721901,Nazario,Pons,63229
63230,931467908,Porfirio,Benavent,63230
63231,362462394,Estrella,Fabregat,63231
63232,723180186,Luis,Llabres,63232
63233,441138400,Emiliana,Ferrando,63233
63234,269411165,David,Morata,63234
63235,166602369,Zacarias,Lastra,63235
63236,291475801,Natividad,Cornejo,63236
63237,730487935,Otilia,Pellicer,63237
63238,732457623,Remedios,Barcelo,63238
63239,203636075,Luis Miguel,Frutos,63239
63240,272537460,Leoncio,Rius,63240
63241,278583829,Paula,Vives,63241
63242,827070363,Eutimio,Estevez,63242
63243,697219589,Demetrio,Ribera,63243
63244,437222561,Rosa Maria,Pla,63244
63245,616496126,Eleuterio,Pintor,63245
63246,938624030,Evangelina,Barrio,63246
63247,950219439,Cintia,Heras,63247
63248,630005137,Purificacion,Castro,63248
63249,390851845,Marco,Vall,63249
63250,424906988,Renata,Galvez,63250
63251,938474648,Eutropio,Baeza,63251
63252,504372433,Lazaro,Pi,63252
63253,164949714,Reina,Pina,63253
63254,897574505,David,Suarez,63254
63255,459272728,Noe,Capdevila,63255
63256,205423851,Leyre,Coca,63256
63257,890956657,Fortunata,Arevalo,63257
63258,254818521,German,Pina,63258
63259,618503621,Horacio,Hervia,63259
63260,678256209,Azeneth,Oliveras,63260
63261,884206499,Saturnino,Pina,63261
63262,210099044,Carlito,Naranjo,63262
63263,246638747,Veronica,Heras,63263
63264,987502416,Cosme,Mena,63264
63265,676112259,Bernardino,Lozano,63265
63266,239464940,Jesus,Gonzalez,63266
63267,191847645,Bartolome,Rey,63267
63268,118706002,Emiliana,Cueto,63268
63269,804346060,Ambar,Macias,63269
63270,832310191,Petrona,Conde,63270
63271,673188787,Jose Mari,Sole,63271
63272,516386167,Loreto,Arevalo,63272
63273,895538755,Amancio,Zapata,63273
63274,413328927,Tania,Borja,63274
63275,378296633,Maxi,Salom,63275
63276,444644008,Maria Luisa,Alcantara,63276
63277,826274768,Victorino,Cozar,63277
63278,614933214,Celso,Menendez,63278
63279,199717998,Anna,Boada,63279
63280,749870897,Alejandro,Arrieta,63280
63281,447455248,Alex,Hernando,63281
63282,663746136,Rosario,Santos,63282
63283,335952181,Fabiola,Cabeza,63283
63284,969539304,Anabel,Hernando,63284
63285,512672779,Isaias,Daza,63285
63286,971251169,Milagros,Ramis,63286
63287,934977713,Teo,Balaguer,63287
63288,899442882,Pelayo,Mesa,63288
63289,296274229,Victor,Miranda,63289
63290,570579584,Nazario,Losada,63290
63291,253637527,Hilda,Coca,63291
63292,579620350,Lalo,Goni,63292
63293,490074785,Tania,Sancho,63293
63294,629972033,Saturnina,Arcos,63294
63295,801697659,Adolfo,Angulo,63295
63296,169279951,Dulce,Jover,63296
63297,479859400,Aroa,Heras,63297
63298,794188887,Marita,Arnau,63298
63299,782291938,Malena,Barrios,63299
63300,552243472,Adelina,Ballester,63300
63301,861608262,Nadia,Ramirez,63301
63302,953767174,Rafa,Giner,63302
63303,182163504,Yesica,Duarte,63303
63304,522523725,Ciriaco,Becerra,63304
63305,188863353,Francisco Javier,Verdu,63305
63306,816974676,Melania,Canas,63306
63307,436581161,Narcisa,Barrera,63307
63308,894362129,Marcelino,Nogueira,63308
63309,713108767,Luz,Palacio,63309
63310,175572837,Eutimio,Tena,63310
63311,569287814,Isa,Sanabria,63311
63312,516879634,Salome,Roldan,63312
63313,444063617,Roque,Barba,63313
63314,890484946,Adelaida,Tolosa,63314
63315,896016421,Marcio,Tudela,63315
63316,773907341,Desiderio,Rivas,63316
63317,926680138,Adelina,Gordillo,63317
63318,496451733,Noelia,Escribano,63318
63319,291668602,Anibal,Puga,63319
63320,745122220,Javier,Quintero,63320
63321,944442800,Adelardo,Cuevas,63321
63322,473618435,Hernando,Carretero,63322
63323,266990368,Estrella,Mur,63323
63324,443099774,Bonifacio,Barbero,63324
63325,618897296,Begona,Falco,63325
63326,982854052,Felix,Velazquez,63326
63327,841614213,Diego,Taboada,63327
63328,132154823,Walter,Torre,63328
63329,723798930,Amando,Aroca,63329
63330,582358709,Ignacio,Penalver,63330
63331,894406836,Luna,Gonzalez,63331
63332,206176121,Jennifer,Baquero,63332
63333,738138823,Rita,Gimenez,63333
63334,749261914,Sara,Martinez,63334
63335,992213239,Marta,Amoros,63335
63336,726248449,Angelita,Alsina,63336
63337,269160588,Carlito,Losa,63337
63338,487754110,Renata,Nadal,63338
63339,470634468,Emiliana,Querol,63339
63340,980842824,Alvaro,Franch,63340
63341,512114129,Asdrubal,Larrea,63341
63342,811764747,Concha,Guijarro,63342
63343,381176406,Tatiana,Beltran,63343
63344,954081131,Roberto,Gelabert,63344
63345,808427670,Armando,Sanchez,63345
63346,450911714,Isidro,Acedo,63346
63347,886191732,Priscila,Mata,63347
63348,266032975,Maxima,Bravo,63348
63349,269545012,Ismael,Arnau,63349
63350,744703035,Anita,Baeza,63350
63351,201716610,Eli,Gil,63351
63352,931568446,Manola,Diez,63352
63353,987347347,Aitor,Losada,63353
63354,303798734,Amparo,Alvarado,63354
63355,784218535,Maximino,Falco,63355
63356,952058539,Artemio,Alarcon,63356
63357,721598339,Leoncio,Marin,63357
63358,776173776,Curro,Tomas,63358
63359,319028393,Alma,Villalba,63359
63360,427061511,Marcelo,Gonzalez,63360
63361,677512434,Donato,Barriga,63361
63362,905348527,Magdalena,Galvez,63362
63363,799306017,Lorenzo,Sanz,63363
63364,799585732,Simon,Mur,63364
63365,852496701,Javiera,Jaen,63365
63366,634925728,Simon,Pedrero,63366
63367,807748275,Arcelia,Pastor,63367
63368,517821128,Sofia,Rico,63368
63369,202599152,Flor,Aragon,63369
63370,384257257,Eufemia,Aller,63370
63371,941258560,Herminia,Lillo,63371
63372,765936218,Severino,Gomez,63372
63373,653196361,Joan,Torre,63373
63374,477293263,Edelmira,Espada,63374
63375,894452194,Esmeralda,Coloma,63375
63376,573217501,Emigdio,Quintana,63376
63377,546926295,Leon,Casado,63377
63378,728122142,Gloria,Gallo,63378
63379,240046251,Miriam,Giner,63379
63380,507977200,Iker,Moran,63380
63381,472494984,Urbano,Pages,63381
63382,569109765,Carla,Muniz,63382
63383,222034426,Pepita,Reina,63383
63384,953176563,Eduardo,Tejada,63384
63385,922732116,Macario,Vives,63385
63386,803559713,Silvestre,Leon,63386
63387,830848232,Charo,Pena,63387
63388,324797194,Angelina,Estevez,63388
63389,297785009,Candela,Manzano,63389
63390,223972143,Ramon,Exposito,63390
63391,973037069,Demetrio,Calleja,63391
63392,825850788,Feliciano,Escamilla,63392
63393,522208122,Dionisia,Carrera,63393
63394,259931385,Albert,Carnero,63394
63395,808817953,Godofredo,Montana,63395
63396,886568464,Ismael,Lopez,63396
63397,785642508,Zaida,Tur,63397
63398,178025955,Kike,Ricart,63398
63399,582783994,Carmelo,Llano,63399
63400,893796522,Encarnacion,Cal,63400
63401,660635317,Petrona,Manrique,63401
63402,940634418,Regina,Torralba,63402
63403,145819026,Sebastian,Diez,63403
63404,510047661,Maristela,Nicolas,63404
63405,694286226,Gloria,Giner,63405
63406,303885313,Nicodemo,Polo,63406
63407,425080570,Enrique,Fabregat,63407
63408,414660957,Reinaldo,Noriega,63408
63409,552611258,Valentina,Botella,63409
63410,246521988,Iker,Goni,63410
63411,561605735,Isidora,Tejera,63411
63412,626103891,Gala,Yanez,63412
63413,126038838,Nazaret,Roman,63413
63414,736785287,Margarita,Egea,63414
63415,607642850,Joel,Pelaez,63415
63416,480646518,Loida,Gamez,63416
63417,382574099,Estela,Calderon,63417
63418,216003973,Marita,Angulo,63418
63419,102292413,Pili,Maestre,63419
63420,219900582,Griselda,Camara,63420
63421,309339796,Danilo,Alcolea,63421
63422,150224638,Sebastian,Amigo,63422
63423,593185196,Flor,Cifuentes,63423
63424,367487889,Sosimo,Barranco,63424
63425,847560257,Pastor,Andreu,63425
63426,927649143,Sonia,Navarrete,63426
63427,824148271,Caridad,Marquez,63427
63428,103555885,Gilberto,Manzanares,63428
63429,401902577,Fanny,Egea,63429
63430,951516389,Jeronimo,Ugarte,63430
63431,567373268,Eliana,Carranza,63431
63432,658365103,Belen,Gisbert,63432
63433,309845526,Dulce,Salgado,63433
63434,231331717,Alonso,Rivas,63434
63435,959715541,Enrique,Sanchez,63435
63436,779939954,Leonardo,Nicolas,63436
63437,176879301,Obdulia,Gonzalez,63437
63438,976333966,Jacinta,Banos,63438
63439,589746787,Baudelio,Hidalgo,63439
63440,140033549,Regulo,Riera,63440
63441,451226250,Alba,Carbonell,63441
63442,999353460,Calisto,Otero,63442
63443,121857585,Bartolome,Estevez,63443
63444,198806604,Dimas,Ropero,63444
63445,355968279,Tito,Ferrera,63445
63446,262777701,Eugenio,Batalla,63446
63447,968569067,Leocadio,Gabaldon,63447
63448,248535427,Ileana,Real,63448
63449,415679581,Patricia,Torralba,63449
63450,521661314,Eliana,Amores,63450
63451,905484358,Paulino,Melero,63451
63452,807333244,Vicenta,Checa,63452
63453,111822792,Regulo,Arellano,63453
63454,597676400,Amancio,Penas,63454
63455,639408527,Vidal,Guerra,63455
63456,873839960,Manola,Exposito,63456
63457,727549382,Samanta,Ferrer,63457
63458,181123319,Palmira,Solera,63458
63459,995386143,Lorena,Redondo,63459
63460,169662225,Maura,Colom,63460
63461,577412179,Micaela,Nadal,63461
63462,277426092,Maria Belen,Pol,63462
63463,210838101,Walter,Azorin,63463
63464,991756855,Tere,Enriquez,63464
63465,990831202,Fortunato,Revilla,63465
63466,202124298,Teresa,Bermejo,63466
63467,285111143,Gracia,Valenzuela,63467
63468,556845035,Basilio,Jauregui,63468
63469,217264899,Inmaculada,Alfaro,63469
63470,860011003,Leopoldo,Montserrat,63470
63471,688973962,Demetrio,Vives,63471
63472,122161978,Claudia,Donoso,63472
63473,193640377,Remigio,Bernal,63473
63474,444099419,Kike,Jauregui,63474
63475,598097377,Samu,Rocamora,63475
63476,316293597,Narcisa,Julia,63476
63477,924236430,Patricio,Cervera,63477
63478,260522703,Nestor,Alcalde,63478
63479,287659423,Maxima,Benitez,63479
63480,683412689,Cristian,Calatayud,63480
63481,485810413,Felix,Costa,63481
63482,824826404,Saturnino,Armengol,63482
63483,591502616,Jose Manuel,Leon,63483
63484,327107852,Julio,Soler,63484
63485,977943183,Herminia,Murillo,63485
63486,334839629,Rosario,Pelayo,63486
63487,153328180,Alejo,Enriquez,63487
63488,662932529,Narciso,Oliver,63488
63489,156826239,Anselma,Arrieta,63489
63490,276054787,Miriam,Alcalde,63490
63491,434870289,Iris,Castilla,63491
63492,398222983,Natanael,Landa,63492
63493,502463473,Ileana,Ferrandiz,63493
63494,926751478,Abril,Peralta,63494
63495,651982759,Felipe,Nicolau,63495
63496,458324827,Juan Francisco,Egea,63496
63497,705754340,Jimena,Morcillo,63497
63498,642741001,Jafet,Vives,63498
63499,831558895,Luz,Nogueira,63499
63500,796065151,Dalila,Araujo,63500
63501,824426561,Ambrosio,Roman,63501
63502,763729726,Gervasio,Canellas,63502
63503,853707733,Yolanda,Azorin,63503
63504,224998330,Alberto,Carmona,63504
63505,495320786,Aura,Mateu,63505
63506,711971029,Manuelita,Zabala,63506
63507,955790917,Amancio,Uribe,63507
63508,830963688,Debora,Alberola,63508
63509,534017035,Miguela,Arino,63509
63510,979442029,Maria Del Carmen,Noguera,63510
63511,468893887,Adelaida,Cases,63511
63512,496525861,Hilda,Torrent,63512
63513,739595413,Florina,Sanz,63513
63514,490638269,Teo,Fernandez,63514
63515,707207457,Joaquina,Moraleda,63515
63516,702961510,Pascuala,Cases,63516
63517,219390441,Catalina,Benavente,63517
63518,163777518,Casemiro,Martorell,63518
63519,973460351,Ramon,Pastor,63519
63520,102970226,Abril,Torre,63520
63521,840021852,Noemi,Vall,63521
63522,744010216,Severino,Espinosa,63522
63523,203697419,Rosaura,Echevarria,63523
63524,976832560,Adelia,Duenas,63524
63525,646720223,Nacio,Andrade,63525
63526,190064745,Gala,Valera,63526
63527,285786027,Florinda,Lasa,63527
63528,376561378,Micaela,Revilla,63528
63529,256381890,Adelina,Costa,63529
63530,444208008,Maria Carmen,Lerma,63530
63531,971100063,Dolores,Tomas,63531
63532,456121238,Bernabe,Lara,63532
63533,210792765,Bernarda,Ibarra,63533
63534,131170187,Pacifica,Castellanos,63534
63535,370103558,Jeremias,Palacios,63535
63536,439422369,Candido,Pacheco,63536
63537,204469227,Felisa,Mendez,63537
63538,754658611,Marc,Pareja,63538
63539,245923065,Fabio,Tejero,63539
63540,685434921,Josefina,Tejedor,63540
63541,627872911,Rogelio,Davila,63541
63542,521552383,Osvaldo,Escobar,63542
63543,687226930,Moises,Rojas,63543
63544,451681430,Francisca,Diez,63544
63545,455735569,Apolinar,Larrea,63545
63546,343986005,Valentin,Lara,63546
63547,872125293,Felipe,Escamilla,63547
63548,918919575,Arsenio,Villa,63548
63549,698967249,Brunilda,Garriga,63549
63550,279476042,Chus,Ferrandiz,63550
63551,856538353,Nacio,Valles,63551
63552,788603340,Zoraida,Carlos,63552
63553,349216821,Damian,Feliu,63553
63554,656464587,Maricruz,Ferrandez,63554
63555,902050614,Adelia,Fortuny,63555
63556,124161370,Leticia,Querol,63556
63557,697057642,Ramon,Jordan,63557
63558,749147142,Narcisa,Poza,63558
63559,277725477,Silvia,Calatayud,63559
63560,742898489,Maria,Galvan,63560
63561,590642635,Antonio,Martinez,63561
63562,303919903,Almudena,Revilla,63562
63563,661884169,Tecla,Velazquez,63563
63564,205110540,Nayara,Fonseca,63564
63565,891930702,Ema,Moran,63565
63566,567398974,Alba,Palmer,63566
63567,567236100,Kike,Serrano,63567
63568,304794011,Candida,Machado,63568
63569,610856628,Reyes,Dieguez,63569
63570,608022054,Climaco,Tomas,63570
63571,437765237,Roberta,Ramon,63571
63572,191842436,Rafael,Sancho,63572
63573,762474678,Guiomar,Grande,63573
63574,363348263,Juliana,Iglesia,63574
63575,911940358,Apolonia,Perales,63575
63576,634200847,Socorro,Aguirre,63576
63577,898780944,Ruy,Salazar,63577
63578,913427165,Fidel,Camacho,63578
63579,248899197,Ale,Domingo,63579
63580,704765384,Ramiro,Benavente,63580
63581,472936751,Maribel,Paniagua,63581
63582,283075010,Felipe,Marino,63582
63583,257005837,Paulina,Losa,63583
63584,667663737,Juana,Benito,63584
63585,934930181,Vera,Asenjo,63585
63586,866484339,Marco,Mendizabal,63586
63587,129767626,Americo,Palma,63587
63588,379970211,Emigdio,Alsina,63588
63589,354317776,Lucila,Coronado,63589
63590,295806997,Baudelio,Llado,63590
63591,901253006,Aaron,Oliva,63591
63592,846092860,Pili,Escamilla,63592
63593,874723178,Wilfredo,Torrents,63593
63594,103346039,Georgina,Moliner,63594
63595,926361901,Ximena,Torre,63595
63596,145672593,Lalo,Lerma,63596
63597,357705626,Juan,Casal,63597
63598,769976549,Juliana,Amoros,63598
63599,238339667,Fidel,Pons,63599
63600,649287590,Sigfrido,Sanz,63600
63601,776981789,Nelida,Plaza,63601
63602,349455865,Tito,Real,63602
63603,397884197,Josefina,Acero,63603
63604,465523451,Maura,Naranjo,63604
63605,596937948,Rosenda,Lucas,63605
63606,257928233,Marino,Lobo,63606
63607,214893179,Teodoro,Alfonso,63607
63608,971370128,Lucio,Alegre,63608
63609,183880699,Brunilda,Morante,63609
63610,130514293,Jose Angel,Bilbao,63610
63611,749567427,Leire,Ferrero,63611
63612,405628466,Sol,Palmer,63612
63613,542431233,Adriana,Gascon,63613
63614,227130895,Maxi,Munoz,63614
63615,377457710,Eusebio,Villanueva,63615
63616,439059834,Sebastian,Pla,63616
63617,948025918,Nicodemo,Uriarte,63617
63618,926922744,Galo,Nogues,63618
63619,468634695,Carlota,Domingo,63619
63620,533291550,Rocio,Asenjo,63620
63621,413520685,Rosario,Hervia,63621
63622,916367043,Alejandra,Rosado,63622
63623,342236854,Ursula,Canton,63623
63624,514475752,Ainara,Tomas,63624
63625,444551241,Ursula,Asensio,63625
63626,855844554,Manuela,Ayuso,63626
63627,290364927,Belen,Miranda,63627
63628,616794210,Cristian,Rivera,63628
63629,965545533,Odalis,Querol,63629
63630,931635584,Hector,Somoza,63630
63631,613767741,Fanny,Palacios,63631
63632,869501219,Jose Antonio,Cobos,63632
63633,232259655,Salvador,Marquez,63633
63634,278839343,Jesusa,Lopez,63634
63635,814844829,Veronica,Canton,63635
63636,425929475,Josep,Bernat,63636
63637,835208206,Leire,Caceres,63637
63638,531503003,Evangelina,Solis,63638
63639,510258649,Diego,Isern,63639
63640,825652181,Octavia,Sabater,63640
63641,729226529,Silvia,Cortes,63641
63642,863651855,Felisa,Carrasco,63642
63643,243988114,Amparo,Lastra,63643
63644,254433023,Mateo,Cortes,63644
63645,959283108,Adan,Buendia,63645
63646,838901549,Bruno,Ariza,63646
63647,595085609,Luisina,Castells,63647
63648,168740343,Teofilo,Jauregui,63648
63649,707551967,Alondra,Tovar,63649
63650,339267777,Leocadio,Sureda,63650
63651,808899309,Ildefonso,Perello,63651
63652,296692075,Omar,Morata,63652
63653,346430362,Juan Bautista,Amores,63653
63654,316210969,Angela,Quesada,63654
63655,522031555,Pablo,Blanch,63655
63656,623734851,Paulino,Tapia,63656
63657,964790481,Fatima,Figuerola,63657
63658,718567978,Florencia,Arribas,63658
63659,261684245,Marisol,Marques,63659
63660,704399675,Florentino,Zabaleta,63660
63661,761535050,Amelia,Losada,63661
63662,116044183,Agata,Roldan,63662
63663,641936771,Atilio,Gual,63663
63664,920609763,Trini,Sainz,63664
63665,317550696,Maria Fernanda,Francisco,63665
63666,398587646,Patricio,Manzano,63666
63667,539890518,Camilo,Montes,63667
63668,481658818,Maxi,Sanmiguel,63668
63669,821056618,Nerea,Abella,63669
63670,327964654,Diana,Bernat,63670
63671,972976365,Juan Francisco,Perez,63671
63672,622851358,Rodolfo,Santana,63672
63673,830690024,Toni,Zurita,63673
63674,635580118,Curro,Almazan,63674
63675,529400043,Susana,Sacristan,63675
63676,355473319,Brigida,Escudero,63676
63677,506408950,Bernardino,Lorenzo,63677
63678,688614965,Olegario,Arnal,63678
63679,841461489,Juan Francisco,Cases,63679
63680,759101090,Segismundo,Calvo,63680
63681,594086757,Visitacion,Juarez,63681
63682,747240531,Nicanor,Domenech,63682
63683,401879771,Lino,Zamora,63683
63684,944139707,Lorena,Giralt,63684
63685,861528004,Yago,Osuna,63685
63686,927358251,Gonzalo,Baro,63686
63687,875920832,Domingo,Pineiro,63687
63688,720003450,Clara,Tudela,63688
63689,362808601,Pio,Riquelme,63689
63690,250472310,Emiliana,Gutierrez,63690
63691,914247033,Trinidad,Tome,63691
63692,869207494,Ainoa,Almeida,63692
63693,188356256,Natanael,Ugarte,63693
63694,345261527,Isaac,Colom,63694
63695,998949681,Agustina,Hidalgo,63695
63696,867771436,Victoria,Figueras,63696
63697,941934806,Estela,Muro,63697
63698,440781465,Alma,Hidalgo,63698
63699,419059646,Maria Cristina,Pinilla,63699
63700,520373483,Marta,Dalmau,63700
63701,930722792,Anacleto,Torralba,63701
63702,655792315,Edelmira,Cerezo,63702
63703,701003272,Marita,Sarabia,63703
63704,848414126,Tania,Cardenas,63704
63705,499396609,Hernando,Calvet,63705
63706,228088479,Florinda,Cabrero,63706
63707,376608539,Diana,Farre,63707
63708,803263781,Aitana,Rossello,63708
63709,927541418,Saturnina,Castellanos,63709
63710,477542401,Silvio,Campoy,63710
63711,938568700,Adelia,Carbajo,63711
63712,188209866,Francisco,Alonso,63712
63713,391174768,Tiburcio,Pareja,63713
63714,600438320,Reyes,Pol,63714
63715,565576852,Maximiano,Aparicio,63715
63716,739276101,Maria Luisa,Delgado,63716
63717,189803341,Susanita,Jara,63717
63718,140570742,Maria Cristina,Tejero,63718
63719,541154424,Belen,Lopez,63719
63720,828502889,Rosalia,Arco,63720
63721,116603642,Lupe,Oller,63721
63722,874710241,Alex,Montes,63722
63723,844440509,Dolores,Aller,63723
63724,709403785,Nicolasa,Bermudez,63724
63725,445755581,Albina,Avila,63725
63726,644996300,Viviana,Marino,63726
63727,451410176,Manola,Tudela,63727
63728,157377828,Jovita,Gomez,63728
63729,439598905,Marcial,Ortega,63729
63730,172962544,Eva,Reig,63730
63731,846708347,Fanny,Quintana,63731
63732,629089020,Eugenio,Echevarria,63732
63733,692783576,Socorro,Cuervo,63733
63734,593919300,Belen,Sabater,63734
63735,479208090,Mateo,Marques,63735
63736,502519996,Araceli,Puerta,63736
63737,232750699,Salvador,Leiva,63737
63738,168941134,Magdalena,Serra,63738
63739,721463283,Ciriaco,Ferreras,63739
63740,746430124,Candelario,Martin,63740
63741,424684621,Rosenda,Benet,63741
63742,746948285,Guadalupe,Mora,63742
63743,342207259,Jafet,Pinedo,63743
63744,955866198,Celia,Lasa,63744
63745,414368878,Isabel,Navarrete,63745
63746,172775369,Cristian,Lopez,63746
63747,165239664,Asdrubal,Penas,63747
63748,849787245,Edelmira,Feijoo,63748
63749,844681567,Guiomar,Alsina,63749
63750,742420487,Sabas,Chamorro,63750
63751,266899957,Seve,Vazquez,63751
63752,894186067,Agustin,Sacristan,63752
63753,604220087,Cleto,Guerrero,63753
63754,529544029,Primitiva,Cifuentes,63754
63755,962539672,Jose Manuel,Duenas,63755
63756,490220261,Fausto,Barcena,63756
63757,284443962,Paz,Higueras,63757
63758,447020579,Felix,Aguado,63758
63759,761686648,Raimundo,Pulido,63759
63760,119749541,Rodrigo,Tejera,63760
63761,618316963,Emiliano,Guillen,63761
63762,600386910,Esther,Ferreras,63762
63763,859908285,Hernan,Ayllon,63763
63764,461100652,Fausto,Peral,63764
63765,581860915,Sosimo,Acedo,63765
63766,816861571,Joan,Alba,63766
63767,467890353,Vanesa,Riera,63767
63768,661487791,Jaime,Gimeno,63768
63769,645206347,Filomena,Pascual,63769
63770,950278161,Noelia,Nino,63770
63771,153184333,Alfonso,Rozas,63771
63772,786562393,Rufino,Poza,63772
63773,719313569,Cintia,Campillo,63773
63774,602941138,Cesar,Aguilera,63774
63775,488690597,Teresa,Jurado,63775
63776,813288395,Cleto,Ordonez,63776
63777,323095948,Silvio,Uribe,63777
63778,349198179,Sosimo,Gimenez,63778
63779,635427027,Luna,Reyes,63779
63780,997230847,Segismundo,Tolosa,63780
63781,118323489,Eusebio,Cid,63781
63782,959160436,Tiburcio,Tome,63782
63783,939026764,Emigdio,Villalba,63783
63784,497203457,Maria Manuela,Samper,63784
63785,699617928,Veronica,Leon,63785
63786,127125578,Edelmiro,Pavon,63786
63787,726271594,Esmeralda,Saura,63787
63788,345846899,Jose Ignacio,Sosa,63788
63789,733421052,Saturnina,Navas,63789
63790,352464881,German,Ortiz,63790
63791,275271090,Matilde,Solis,63791
63792,471692510,Amador,Company,63792
63793,637542281,Lorenza,Ferran,63793
63794,430339564,Inmaculada,Rius,63794
63795,405506026,Julian,Marino,63795
63796,126318956,Elisabet,Maza,63796
63797,856693650,Blas,Alba,63797
63798,724728436,Hilda,Salom,63798
63799,902719957,Raquel,Folch,63799
63800,153007689,Luis Angel,Bolanos,63800
63801,343057385,Gerardo,Canals,63801
63802,972639798,Adela,Falco,63802
63803,765854785,Rosendo,Quiroga,63803
63804,533807987,Benigna,Saura,63804
63805,873995334,Nicolasa,Esparza,63805
63806,424596198,Virgilio,Ribera,63806
63807,577590514,Manola,Torrents,63807
63808,958066978,Toni,Linares,63808
63809,241129374,Lilia,Pineiro,63809
63810,589887629,Cleto,Esteban,63810
63811,663256448,Evaristo,Raya,63811
63812,772983644,Merche,Sevilla,63812
63813,960195413,Clotilde,Cespedes,63813
63814,410583665,Conrado,Sales,63814
63815,689858163,David,Gisbert,63815
63816,673001002,Ema,Garrido,63816
63817,466153458,Mohamed,Barcelo,63817
63818,872807951,Dulce,Rey,63818
63819,992687041,Cayetana,Hervas,63819
63820,369833295,Adolfo,Lerma,63820
63821,811788955,Rafaela,Oliveras,63821
63822,776180904,Belen,Castro,63822
63823,431450569,Angel,Pareja,63823
63824,337464481,Reyes,Moreno,63824
63825,316949337,Oriana,Prieto,63825
63826,165543221,Camila,Ferreras,63826
63827,499057774,Ramon,Barrios,63827
63828,401240852,Cesar,Ferreras,63828
63829,341467723,Inocencio,Vilar,63829
63830,200031430,Benigna,Guitart,63830
63831,172804866,Maxi,Villaverde,63831
63832,899924552,Juliana,Abril,63832
63833,173866685,Amor,Perez,63833
63834,136022856,Catalina,Puig,63834
63835,863476979,Gabriela,Recio,63835
63836,494211443,Guillermo,Pulido,63836
63837,796877889,Eloisa,Rodriguez,63837
63838,812759723,Itziar,Jove,63838
63839,823107499,Poncio,Guitart,63839
63840,679273850,Gema,Hervia,63840
63841,936395918,Lorenzo,Cid,63841
63842,540160269,Azucena,Casals,63842
63843,952876317,Chita,Robles,63843
63844,352720475,Elisa,Jara,63844
63845,679131438,Valentin,Puig,63845
63846,481548053,Ruperto,Zabala,63846
63847,525396440,Nayara,Andres,63847
63848,111150741,Rosa,Guillen,63848
63849,489370787,Maximino,Casanova,63849
63850,142886376,Macario,Velazquez,63850
63851,367470644,Sandra,Corral,63851
63852,923139575,Fortunata,Barranco,63852
63853,789192474,Pepito,Bermejo,63853
63854,809149530,Africa,Buendia,63854
63855,713387572,Maximiliano,Ros,63855
63856,926750202,Fidel,Rueda,63856
63857,829827124,Marina,Luna,63857
63858,859786480,Roberto,Alegria,63858
63859,115072746,Candido,Puerta,63859
63860,429458161,Eutropio,Palacio,63860
63861,581989111,Ambrosio,Gallego,63861
63862,689302265,Juan Carlos,Ortuno,63862
63863,906396367,Leocadia,Vall,63863
63864,948327038,Cloe,Falco,63864
63865,498520672,Cecilia,Sole,63865
63866,548990218,Geraldo,Esteban,63866
63867,665763968,Adora,Blazquez,63867
63868,134993881,Moreno,Manzano,63868
63869,991796156,Nieves,Juan,63869
63870,815424893,Silvia,Rossello,63870
63871,806584760,Charo,Amor,63871
63872,495458154,Loreto,Borras,63872
63873,143274935,Catalina,Rios,63873
63874,984816136,Bruno,Tejada,63874
63875,827040523,Matilde,Benitez,63875
63876,233288247,Francisco Javier,Escribano,63876
63877,502877662,Clotilde,Isern,63877
63878,473416022,Eugenia,Vazquez,63878
63879,856886352,Abigail,Tomas,63879
63880,907033375,Manola,Uribe,63880
63881,535241928,Maria Cristina,Feliu,63881
63882,334143478,Cecilia,Serna,63882
63883,765422346,Cosme,Montes,63883
63884,417437447,Fermin,Palomares,63884
63885,681188421,Isabela,Oller,63885
63886,189219394,Alex,Ribas,63886
63887,149358940,Graciano,Castell,63887
63888,579908626,Lucio,Gelabert,63888
63889,219766929,Pascual,Mas,63889
63890,310058193,Porfirio,Fuster,63890
63891,699597239,Oscar,Corbacho,63891
63892,121163827,Raquel,Arnal,63892
63893,344834950,Edu,Moliner,63893
63894,885245532,Rosalva,Becerra,63894
63895,128547401,Concha,Benavent,63895
63896,480501759,Cesar,Ferrando,63896
63897,616416282,Sara,Menendez,63897
63898,926642476,Angelino,Manuel,63898
63899,374112452,Mirta,Recio,63899
63900,834451931,Jordi,Bautista,63900
63901,506828606,Herberto,Rivas,63901
63902,493903417,Clotilde,Valbuena,63902
63903,753777595,Dimas,Cabo,63903
63904,465426374,Lara,Pallares,63904
63905,769002218,Francisco Javier,Puig,63905
63906,155016926,Mamen,Aragones,63906
63907,564179653,Benjamin,Rojas,63907
63908,942904165,Chema,Lorenzo,63908
63909,595196749,Maximiano,Noguera,63909
63910,242669049,Juanito,Lozano,63910
63911,892347113,Jacobo,Tena,63911
63912,871048658,Olalla,Escalona,63912
63913,708166906,Magdalena,Recio,63913
63914,943300044,Armando,Rovira,63914
63915,270418174,Roldan,Querol,63915
63916,865614527,Luna,Jimenez,63916
63917,268645925,Gema,Rocha,63917
63918,647143386,Zaira,Serrano,63918
63919,337346985,Amilcar,Marin,63919
63920,282316494,Angel,Ros,63920
63921,890549785,Manuela,Alonso,63921
63922,769645176,Encarnacion,Losada,63922
63923,742864685,Antonia,Soriano,63923
63924,596008573,Gaspar,Alegria,63924
63925,426129798,Maria Fernanda,Bilbao,63925
63926,992245412,Borja,Pablo,63926
63927,928376369,Flavio,Torrent,63927
63928,557610446,Albino,Villena,63928
63929,689218844,Manolo,Mena,63929
63930,190103049,Maxi,Ferreras,63930
63931,926885575,Ruben,Sanz,63931
63932,650136284,Jacinta,Santos,63932
63933,131830756,Horacio,Calatayud,63933
63934,597094484,Gabino,Maldonado,63934
63935,404211135,Jose Antonio,Esparza,63935
63936,789745869,Marcos,Fuertes,63936
63937,961561391,Joaquin,Aranda,63937
63938,821594097,Rosalina,Pla,63938
63939,202235026,Juan Jose,Hoyos,63939
63940,850946855,Alfonso,Zamorano,63940
63941,434103048,Benito,Cerdan,63941
63942,971057168,Ruth,Barrios,63942
63943,281487410,Alejo,Villalonga,63943
63944,540219694,Lazaro,Pascual,63944
63945,122880673,Omar,Segui,63945
63946,376695030,Ambar,Lobato,63946
63947,577185819,Rosendo,Lopez,63947
63948,714347712,Alberto,Ortuno,63948
63949,292663185,Sandalio,Soler,63949
63950,348264125,Ileana,Morell,63950
63951,759424711,Ovidio,Barreda,63951
63952,115835399,Juan Carlos,Cabezas,63952
63953,811603310,Damian,Rodriguez,63953
63954,240041683,Romulo,Cortes,63954
63955,276881264,Ernesto,Teruel,63955
63956,809516084,Romulo,Olmedo,63956
63957,601541485,Horacio,Colom,63957
63958,339662880,Paca,Campillo,63958
63959,488503002,Diego,Canete,63959
63960,967537952,Wilfredo,Yuste,63960
63961,794559443,Luisina,Sureda,63961
63962,270793021,Angel,Palacios,63962
63963,804497539,Francisco,Goni,63963
63964,253898068,Dafne,Burgos,63964
63965,917843089,Fidela,Peiro,63965
63966,308983272,Cayetana,Rodenas,63966
63967,633779333,Elpidio,Cerezo,63967
63968,674776994,Maria Manuela,Bermejo,63968
63969,923550294,Teodoro,Canellas,63969
63970,795117721,Valero,Gelabert,63970
63971,822168844,Cristian,Carranza,63971
63972,481897899,Natalia,Melero,63972
63973,952527133,Lilia,Chaves,63973
63974,777227066,Eloisa,Villanueva,63974
63975,370920929,Melisa,Sanjuan,63975
63976,615507063,Eva,Mateos,63976
63977,829161520,Magdalena,Gonzalez,63977
63978,330144342,Lalo,Nogues,63978
63979,429330719,Fidel,Tejero,63979
63980,758323600,Natanael,Roldan,63980
63981,854980638,Sebastian,Garriga,63981
63982,353987666,Danilo,Lobo,63982
63983,460764908,Tristan,Grande,63983
63984,649926973,Lilia,Jimenez,63984
63985,664747386,Nayara,Guardia,63985
63986,474769948,Mohamed,Herrero,63986
63987,428475031,Josefina,Bilbao,63987
63988,180837525,Esteban,Gibert,63988
63989,864891923,Prudencia,Solano,63989
63990,181488018,Dominga,Perello,63990
63991,340510210,Anastasia,Iglesia,63991
63992,840011884,Armida,Jara,63992
63993,862622976,Piedad,Burgos,63993
63994,454502348,Atilio,Velasco,63994
63995,551385453,Reyes,Dalmau,63995
63996,541647551,Georgina,Corominas,63996
63997,312480080,Vera,Santos,63997
63998,479047067,Alcides,Bayona,63998
63999,101134845,Yaiza,Gaya,63999
64000,365728397,Roxana,Hervas,64000
64001,839597221,Pelayo,Marmol,64001
64002,340694739,Sabas,Barbero,64002
64003,514951361,Ceferino,Ibanez,64003
64004,119077863,Jose,Briones,64004
64005,776737032,Roldan,Barranco,64005
64006,823314669,Americo,Uribe,64006
64007,333440379,Atilio,Villa,64007
64008,911963338,Etelvina,Lago,64008
64009,132086889,Marino,Anglada,64009
64010,220365093,Remigio,Perales,64010
64011,788306613,Paulina,Pou,64011
64012,880362080,Florencio,Benitez,64012
64013,806178339,Jovita,Roldan,64013
64014,648836935,Hipolito,Cerezo,64014
64015,575827888,Guadalupe,Castillo,64015
64016,950783678,Zoraida,Exposito,64016
64017,836223094,Jose Luis,Bolanos,64017
64018,337061275,Elodia,Mas,64018
64019,457868471,Tristan,Salamanca,64019
64020,714678104,Carlos,Aviles,64020
64021,909208591,Veronica,Vicens,64021
64022,608691849,Leandra,Gallo,64022
64023,840521040,Valentina,Montserrat,64023
64024,484159093,Marciano,Armengol,64024
64025,275872667,Ainoa,Gonzalez,64025
64026,783204626,Cosme,Gonzalez,64026
64027,933210770,Carmelita,Zabaleta,64027
64028,700894457,Bartolome,Pedraza,64028
64029,684115618,Oscar,Figueras,64029
64030,932723749,Marta,Oliveras,64030
64031,422006281,Sergio,Jordan,64031
64032,670566890,Ana Belen,Feijoo,64032
64033,599937504,Montserrat,Vidal,64033
64034,177304354,Hilario,Millan,64034
64035,308045993,Roberto,Lillo,64035
64036,714366006,Samuel,Mayoral,64036
64037,271401114,Juan Antonio,Mateu,64037
64038,948577108,Elvira,Montesinos,64038
64039,469191090,Mauricio,Escribano,64039
64040,932893141,Lupe,Blanes,64040
64041,641290457,Carmina,Amor,64041
64042,234664883,Maribel,Pellicer,64042
64043,108559712,Noelia,Larrea,64043
64044,528560018,Edgar,Dominguez,64044
64045,857913386,Eugenio,Abella,64045
64046,895031279,Rosalva,Garrido,64046
64047,168756194,Amelia,Goicoechea,64047
64048,474317830,Reynaldo,Ojeda,64048
64049,391214676,Diego,Torres,64049
64050,835679259,Jenny,Mendoza,64050
64051,580266467,Guadalupe,Lastra,64051
64052,659217908,Maxi,Melero,64052
64053,990343441,Abraham,Cabeza,64053
64054,518538248,Ramon,Colom,64054
64055,734082909,Arturo,Leon,64055
64056,939032690,Maximo,Vendrell,64056
64057,388386416,Oscar,Montana,64057
64058,768158182,Anibal,Izaguirre,64058
64059,965959322,Gisela,Nunez,64059
64060,931890804,Agustin,Cal,64060
64061,860719083,Ariadna,Llanos,64061
64062,839208279,Xiomara,Sacristan,64062
64063,564989033,Agueda,Duenas,64063
64064,151096358,Isabela,Pedraza,64064
64065,871754110,Gil,Coll,64065
64066,839669994,Samuel,Ribas,64066
64067,583075862,Amada,Moraleda,64067
64068,612138686,Americo,Pascual,64068
64069,148146212,Leyre,Abril,64069
64070,586919082,Maricruz,Almazan,64070
64071,665349201,Roman,Llobet,64071
64072,572974377,Lupe,Barragan,64072
64073,173618295,Juana,Bas,64073
64074,195797315,Manolo,Gascon,64074
64075,411219076,Abilio,Jaume,64075
64076,272104022,Paola,Arcos,64076
64077,461322194,Cipriano,Cobo,64077
64078,930814520,Amando,Llorens,64078
64079,103133973,Aurora,Taboada,64079
64080,287879345,Isabel,Valverde,64080
64081,689939560,Cecilio,Reguera,64081
64082,542961624,Bibiana,Ricart,64082
64083,597590607,Nando,Plaza,64083
64084,722071371,Samuel,Pi,64084
64085,347384973,Victoria,Flores,64085
64086,157543123,Pacifica,Pedraza,64086
64087,595789473,Amparo,Trillo,64087
64088,842265263,Rafaela,Rodriguez,64088
64089,651048923,Laura,Exposito,64089
64090,258943821,Galo,Barcena,64090
64091,622534235,Carlito,Mayol,64091
64092,264045011,Filomena,Marti,64092
64093,512951572,Isidoro,Crespo,64093
64094,973934521,Maite,Castro,64094
64095,705209183,Dafne,Jorda,64095
64096,470156372,Anabel,Escobar,64096
64097,163073477,Agueda,Portero,64097
64098,755412819,Calixto,Pellicer,64098
64099,521307911,Candelaria,Paez,64099
64100,360348403,Selena,Borrego,64100
64101,513181258,Mohamed,Olmedo,64101
64102,971725372,Amalia,Marti,64102
64103,497346471,Curro,Torrijos,64103
64104,111490850,Telmo,Lobo,64104
64105,967566385,Florentina,Pedro,64105
64106,150289983,Luis Miguel,Aguilera,64106
64107,598943001,Flavia,Casanovas,64107
64108,127751711,Tania,Galvez,64108
64109,510463661,Jacinta,Amor,64109
64110,795286979,Pelayo,Otero,64110
64111,618897867,Ruperta,Alvarez,64111
64112,497084197,Alfonso,Goni,64112
64113,805095526,Fanny,Barranco,64113
64114,234671674,Maxima,Canton,64114
64115,317646050,Adriana,Egea,64115
64116,338714743,Jeronimo,Garate,64116
64117,553623919,Ainara,Sanz,64117
64118,878080882,Pascual,Teruel,64118
64119,903119447,Enrique,Viana,64119
64120,293742676,Juan Carlos,Querol,64120
64121,587730277,Leire,Catala,64121
64122,847954310,Flor,Arias,64122
64123,457090362,Mercedes,Requena,64123
64124,434392167,Albino,Larrea,64124
64125,951410407,Isabel,Montana,64125
64126,488042506,Adela,Luz,64126
64127,365946257,Aroa,Verdejo,64127
64128,847297863,Ulises,Zabaleta,64128
64129,806651447,Ester,Roldan,64129
64130,310680371,Panfilo,Mata,64130
64131,983859548,Bernabe,Tormo,64131
64132,765909343,Fatima,Torralba,64132
64133,919228162,Julieta,Lorenzo,64133
64134,920027445,Macaria,Cabanillas,64134
64135,217840148,Leonel,Uriarte,64135
64136,806899476,Georgina,Planas,64136
64137,255979354,Leire,Vendrell,64137
64138,498965741,Aroa,Aguirre,64138
64139,254272486,Gabriel,Ribera,64139
64140,940880607,Jose Miguel,Silva,64140
64141,895789991,Ildefonso,Bilbao,64141
64142,657963345,Adelaida,Abad,64142
64143,709888770,Flavia,Vinas,64143
64144,962535944,Adan,Zaragoza,64144
64145,472454412,Panfilo,Castell,64145
64146,341278730,Regina,Portero,64146
64147,559498800,Herminia,Juarez,64147
64148,586477023,Oscar,Rosa,64148
64149,180853066,Julieta,Buendia,64149
64150,131238575,Evaristo,Sandoval,64150
64151,618955563,Zoraida,Abad,64151
64152,822931149,Irma,Soriano,64152
64153,857771414,Ana Belen,Arnau,64153
64154,261324034,Augusto,Ribes,64154
64155,562169353,Carla,Chaves,64155
64156,709283605,Borja,Galindo,64156
64157,575134194,Sebastian,Marino,64157
64158,344138036,Maura,Guzman,64158
64159,693898632,Ana Belen,Solera,64159
64160,227581026,Graciela,Estrada,64160
64161,169112639,Ruben,Arco,64161
64162,971322987,Bernardino,Zaragoza,64162
64163,418545950,Africa,Leiva,64163
64164,252840738,Ruy,Martin,64164
64165,560066155,Rolando,Espinosa,64165
64166,247087550,Felisa,Lujan,64166
64167,623091457,Fanny,Carreras,64167
64168,798182003,Adoracion,Calzada,64168
64169,737674433,Diego,Goicoechea,64169
64170,394752915,Celestina,Maestre,64170
64171,550808944,Cecilio,Arcos,64171
64172,920384988,Amada,Tellez,64172
64173,384054766,Asuncion,Ferrera,64173
64174,999952045,Adoracion,Sanchez,64174
64175,254128629,Marcela,Nunez,64175
64176,535757811,Jesus,Gallart,64176
64177,925383789,Pastor,Torrent,64177
64178,736743579,Aitor,Echeverria,64178
64179,756830444,Tatiana,Pascual,64179
64180,734806631,Abel,Pellicer,64180
64181,103736560,Ricarda,Collado,64181
64182,540870432,Nuria,Ramon,64182
64183,608288121,Maria Belen,Roman,64183
64184,882780517,Malena,Carreno,64184
64185,112583788,Ruben,Carbajo,64185
64186,271478900,Primitiva,Espejo,64186
64187,986665467,Trinidad,Ayuso,64187
64188,401525906,Ariadna,Armengol,64188
64189,281164324,Leonor,Pedrosa,64189
64190,864850655,Espiridion,Collado,64190
64191,379716456,Jose Luis,Pou,64191
64192,434728704,Leocadia,Banos,64192
64193,722878023,Zacarias,Valencia,64193
64194,598916609,Ciro,Malo,64194
64195,224739061,Adelina,Calzada,64195
64196,183281710,Sandra,Alcala,64196
64197,154419312,Julia,Jerez,64197
64198,784056813,Maristela,Pellicer,64198
64199,170019478,Ana Sofia,Pina,64199
64200,454062503,Benita,Jauregui,64200
64201,557934421,Bernarda,Angulo,64201
64202,758107183,Marisela,Daza,64202
64203,213995987,Palmira,Simo,64203
64204,477711718,Soraya,Madrigal,64204
64205,881619258,Simon,Blanca,64205
64206,666742752,Adrian,Piquer,64206
64207,516546995,Genoveva,Castillo,64207
64208,981435397,Jose Mari,Bolanos,64208
64209,141778989,Trinidad,Colom,64209
64210,690016749,Felipe,Tamayo,64210
64211,236354887,Eloisa,Batalla,64211
64212,276401851,Teresita,Casanova,64212
64213,173261093,Nydia,Quintero,64213
64214,323360080,Gustavo,Solis,64214
64215,787075797,Maria Angeles,Larranaga,64215
64216,196987615,Eliana,Samper,64216
64217,262951465,Consuelo,Becerra,64217
64218,326280944,Ernesto,Aviles,64218
64219,173983302,Rufino,Arribas,64219
64220,260870365,Pancho,Giner,64220
64221,601801348,Cecilio,Ugarte,64221
64222,290971611,Segismundo,Gomila,64222
64223,704066749,Candelario,Jurado,64223
64224,587807327,Roldan,Bayona,64224
64225,726711018,Arsenio,Ibanez,64225
64226,489525902,Laura,Gutierrez,64226
64227,833040483,Heliodoro,Carrion,64227
64228,149002238,Ramiro,Mateos,64228
64229,984615649,Carmela,Tormo,64229
64230,183771841,Juan Jose,Donaire,64230
64231,924176704,Andres,Parejo,64231
64232,183204217,Lupita,Ortega,64232
64233,192976638,Maria Dolores,Canizares,64233
64234,589717428,Emigdio,Ferrer,64234
64235,919003640,Bernabe,Tejedor,64235
64236,551584517,Loreto,Mariscal,64236
64237,120755775,Arcelia,Valverde,64237
64238,351003329,Fito,Riquelme,64238
64239,506746967,Florinda,Gual,64239
64240,262025993,Jorge,Becerra,64240
64241,764913510,Anunciacion,Olmo,64241
64242,914176862,Aurora,Priego,64242
64243,546526979,Dulce,Pascual,64243
64244,187738738,Maria Angeles,Alonso,64244
64245,401083237,Leonardo,Rodrigo,64245
64246,941896968,Ignacia,Guardiola,64246
64247,413050158,Pepito,Giron,64247
64248,695460287,Araceli,Rodriguez,64248
64249,776679106,Gilberto,Baeza,64249
64250,322073579,Chus,Sales,64250
64251,466109917,Adriana,Lillo,64251
64252,745839332,Valero,Valenzuela,64252
64253,462401664,Porfirio,Suarez,64253
64254,402308162,Dimas,Galvan,64254
64255,319359166,Apolonia,Martorell,64255
64256,367483027,Rita,Blanco,64256
64257,456691137,Evaristo,Montenegro,64257
64258,596271979,Haroldo,Santana,64258
64259,737633034,Saturnino,Escribano,64259
64260,332936130,Fatima,Andrade,64260
64261,245562215,Gertrudis,Cruz,64261
64262,200170470,Valeria,Mateu,64262
64263,957856821,Baltasar,Casanova,64263
64264,285922562,Gema,Barrios,64264
64265,757377755,Jose Antonio,Cisneros,64265
64266,313190722,Victor,Bonilla,64266
64267,339103646,Guadalupe,Tapia,64267
64268,838889170,Montserrat,Lorenzo,64268
64269,110647188,Gabino,Sierra,64269
64270,122373002,Agapito,Molins,64270
64271,533314189,Chus,Lago,64271
64272,512460672,Flavia,Ferrero,64272
64273,485897328,Aurea,Pol,64273
64274,727435786,Roldan,Barbera,64274
64275,847764839,Graciana,Blanca,64275
64276,642487414,Nacho,Enriquez,64276
64277,285185978,Sergio,Ayala,64277
64278,631786999,Nuria,Talavera,64278
64279,906071109,Jose Ignacio,Mora,64279
64280,226702430,Porfirio,Cabo,64280
64281,454732507,Paca,Quesada,64281
64282,138184881,Delfina,Gelabert,64282
64283,270414890,Belen,Figueras,64283
64284,662340649,Agustin,Prieto,64284
64285,158977894,Araceli,Berenguer,64285
64286,399793977,Jesusa,Cid,64286
64287,534515203,Santiago,Nadal,64287
64288,432955868,Nacio,Rueda,64288
64289,935039589,Cristina,Quiroga,64289
64290,914386678,Gaston,Miralles,64290
64291,983174430,Nestor,Paniagua,64291
64292,721245832,Rosenda,Sanabria,64292
64293,515727368,Filomena,Palomo,64293
64294,973930056,Cipriano,Valencia,64294
64295,893075611,Eutropio,Lumbreras,64295
64296,214251298,Herminia,Barrios,64296
64297,357042646,Baltasar,Pedraza,64297
64298,977542752,Agustina,Olmedo,64298
64299,796888136,Miguel Angel,Bermejo,64299
64300,468722641,Angela,Palmer,64300
64301,802348859,Martin,Gimeno,64301
64302,870635990,Julie,Pombo,64302
64303,677200324,Manuelita,Soria,64303
64304,350272276,Edelmiro,Amaya,64304
64305,100406097,Virgilio,Prado,64305
64306,176406530,Fernando,Diez,64306
64307,629357118,Maria Dolores,Boix,64307
64308,637729601,Edmundo,Coca,64308
64309,779941698,Candelaria,Aleman,64309
64310,673639407,Pio,Hoyos,64310
64311,704566499,Domingo,Diaz,64311
64312,280261805,Duilio,Vazquez,64312
64313,256353983,Sebastian,Monreal,64313
64314,570097772,Danilo,Santamaria,64314
64315,920297060,Rosario,Pardo,64315
64316,499861605,Abel,Godoy,64316
64317,305815344,Florencia,Benet,64317
64318,607344701,Cecilio,Sobrino,64318
64319,557028648,Felix,Cobos,64319
64320,364817400,Claudia,Verdejo,64320
64321,409359091,Azahar,Hoz,64321
64322,800288714,Florencio,Conde,64322
64323,472286929,Plinio,Zorrilla,64323
64324,983614989,Otilia,Zurita,64324
64325,220604315,Victoria,Vara,64325
64326,495809027,Eliana,Bueno,64326
64327,347022118,Modesta,Beltran,64327
64328,358692498,Sandalio,Santamaria,64328
64329,375384143,Melchor,Lloret,64329
64330,990051753,Nicodemo,Gomez,64330
64331,520433633,Amelia,Mari,64331
64332,192309452,Cayetana,Martorell,64332
64333,566052031,Casandra,Guzman,64333
64334,756463967,Candida,Armengol,64334
64335,247183646,Olga,Bravo,64335
64336,263549823,Enrique,Balaguer,64336
64337,747018771,Amarilis,Ferrandez,64337
64338,861134584,Nereida,Cerdan,64338
64339,429339466,Benigno,Espejo,64339
64340,736478202,Felipa,Tudela,64340
64341,157225676,Placido,Jaume,64341
64342,231399396,Martirio,Benavides,64342
64343,956750676,Amaro,Sarmiento,64343
64344,631102213,Salud,Naranjo,64344
64345,151629828,Elvira,Tome,64345
64346,875076731,Flora,Navarrete,64346
64347,282042182,Anna,Cadenas,64347
64348,586692929,Custodia,Reina,64348
64349,969753733,Feliciana,Fiol,64349
64350,606550769,Atilio,Mayol,64350
64351,880360928,Roberto,Ribas,64351
64352,321311266,Pili,Lerma,64352
64353,507434721,Teresa,Nunez,64353
64354,370676676,Celso,Arana,64354
64355,498462660,Nicodemo,Sales,64355
64356,806728893,Nando,Nebot,64356
64357,641937996,Nieves,Roda,64357
64358,172295727,Martina,Alcalde,64358
64359,600039413,Cesar,Sainz,64359
64360,864983879,Encarna,Sacristan,64360
64361,532745945,Poncio,Galiano,64361
64362,337210154,Cirino,Munoz,64362
64363,478335712,Iban,Blanca,64363
64364,747932608,Faustino,Manrique,64364
64365,886494786,Miguel Angel,Marques,64365
64366,428064752,Salomon,Velazquez,64366
64367,645194721,Odalis,Boix,64367
64368,975583037,Domingo,Querol,64368
64369,956330470,Marcial,Arribas,64369
64370,972313056,Ruben,Abellan,64370
64371,408828266,Jose Angel,Cisneros,64371
64372,878040422,Francisco Jose,Ocana,64372
64373,532309040,Maria Angeles,Fajardo,64373
64374,849270858,Ingrid,Rincon,64374
64375,864431404,Fidela,Mateos,64375
64376,892901031,Sosimo,Anglada,64376
64377,722393195,Fanny,Samper,64377
64378,550167052,Ariadna,Luna,64378
64379,501372925,Dorita,Borrego,64379
64380,774548788,Amilcar,Donoso,64380
64381,330568658,Leonor,Heredia,64381
64382,931928779,Rafael,Sanchez,64382
64383,370029783,Efrain,Puig,64383
64384,296973247,Pablo,Daza,64384
64385,307765193,Ismael,Valls,64385
64386,805426116,Yessica,Alarcon,64386
64387,718756254,Azahara,Menendez,64387
64388,374022056,Visitacion,Jordan,64388
64389,223666995,Malena,Mendez,64389
64390,894677535,Arsenio,Molins,64390
64391,324870201,Venceslas,Maza,64391
64392,869488078,Felisa,Salas,64392
64393,569346486,Sergio,Cano,64393
64394,394618307,Sarita,Colomer,64394
64395,813932673,Baltasar,Anglada,64395
64396,279411751,Guiomar,Coloma,64396
64397,782887552,Albino,Vera,64397
64398,916257271,Luciano,Exposito,64398
64399,168908482,Haroldo,Garay,64399
64400,949900806,Encarnita,Nicolas,64400
64401,800504781,Guiomar,Yuste,64401
64402,995559035,Gertrudis,Nadal,64402
64403,922438950,Amanda,Ramirez,64403
64404,407356989,Abril,Jimenez,64404
64405,312408259,Gonzalo,Rossello,64405
64406,886251639,Roque,Vives,64406
64407,705815159,Manu,Pizarro,64407
64408,589728909,Marc,Andreu,64408
64409,721082459,Ainara,Amat,64409
64410,817597598,Trinidad,Sotelo,64410
64411,342803698,Anabel,Galvez,64411
64412,608154709,Adoracion,Aller,64412
64413,248907178,Hermenegildo,Alamo,64413
64414,878829155,Jordana,Daza,64414
64415,743770063,Fermin,Company,64415
64416,814258184,Arcelia,Saez,64416
64417,126554123,Priscila,Duran,64417
64418,383496137,Modesta,Barroso,64418
64419,755041446,Nicanor,Clemente,64419
64420,446081338,Gabriel,Cardenas,64420
64421,732016841,Delia,Cortes,64421
64422,940293110,Asdrubal,Amor,64422
64423,754028380,Rufino,Cerezo,64423
64424,217696272,Gustavo,Ibanez,64424
64425,449790759,Petrona,Ferrando,64425
64426,939429535,Edgar,Rosello,64426
64427,312000302,Vicente,Perez,64427
64428,997563679,Eliana,Montalban,64428
64429,447735300,Ramona,Garcia,64429
64430,155419360,Pelayo,Villegas,64430
64431,138542753,Marcos,Saura,64431
64432,705742815,Joaquin,Aroca,64432
64433,899327852,Gema,Acosta,64433
64434,292098301,Guiomar,Patino,64434
64435,661009412,Berto,Alfonso,64435
64436,192530169,Teodoro,Mendez,64436
64437,898593660,Manu,Botella,64437
64438,783289835,Miriam,Planas,64438
64439,757039986,Socorro,Esteban,64439
64440,406000140,Lupita,Pavon,64440
64441,316234787,Borja,Haro,64441
64442,330498544,Moreno,Franch,64442
64443,252502234,Dan,Carpio,64443
64444,529776866,Victor,Armas,64444
64445,205868660,Azucena,Morcillo,64445
64446,312668429,Custodio,Castellanos,64446
64447,657350389,Carmelita,Nogueira,64447
64448,639468295,Zaira,Segovia,64448
64449,961233574,Beatriz,Barrera,64449
64450,623024851,Luciana,Figueroa,64450
64451,771900727,Haydee,Salva,64451
64452,653323379,Manuel,Menendez,64452
64453,611608946,Reina,Garrido,64453
64454,926900594,Sabas,Blazquez,64454
64455,159265298,Esther,Salom,64455
64456,563661642,Che,Cuenca,64456
64457,771447751,Jeremias,Buendia,64457
64458,588138433,Conrado,Cordero,64458
64459,478710372,Cristian,Corominas,64459
64460,225685541,Sara,Sanz,64460
64461,317231923,Nazaret,Flor,64461
64462,978731444,Edgardo,Rodriguez,64462
64463,824172632,Rosenda,Palacio,64463
64464,800607058,Viviana,Arrieta,64464
64465,402322954,Maximo,Narvaez,64465
64466,835418732,Remedios,Lara,64466
64467,365689871,Custodio,Rosell,64467
64468,588949588,Gabino,Guijarro,64468
64469,194057650,Dulce,Domenech,64469
64470,297290372,Olimpia,Lujan,64470
64471,198030171,Sigfrido,Segovia,64471
64472,663852222,Juan Antonio,Barcelo,64472
64473,643425677,Jose Miguel,Poza,64473
64474,144494966,Leocadia,Caballero,64474
64475,111451392,Chelo,Arenas,64475
64476,210651145,Haydee,Poza,64476
64477,288301525,Azahara,Zaragoza,64477
64478,633407063,Artemio,Barriga,64478
64479,540844712,Pastora,Castrillo,64479
64480,594271706,Nilo,Monreal,64480
64481,734726024,Manuela,Garces,64481
64482,556700777,Silvio,Palacio,64482
64483,597084113,Belen,Castrillo,64483
64484,427337708,Jose,Salva,64484
64485,661039944,Alejo,Canizares,64485
64486,124395674,Iban,Roura,64486
64487,896917321,Leticia,Gilabert,64487
64488,783539627,Anunciacion,Paniagua,64488
64489,748091406,Cecilia,Guerrero,64489
64490,593134457,Amor,Aparicio,64490
64491,710716062,Saturnina,Guillen,64491
64492,263135241,Iban,Uriarte,64492
64493,490858657,Maxima,Artigas,64493
64494,870523591,Sonia,Arnal,64494
64495,152747482,Eli,Guardia,64495
64496,223355877,Graciela,Sole,64496
64497,946130634,Maria,Arnaiz,64497
64498,239143186,Maximiliano,Prieto,64498
64499,270972283,Cecilia,Rubio,64499
64500,882820476,Iker,Lumbreras,64500
64501,789618849,Serafina,Puerta,64501
64502,973010564,Isaac,Pablo,64502
64503,426734119,Ester,Peral,64503
64504,249530074,Noelia,Cal,64504
64505,105953344,Bruno,Jara,64505
64506,936430136,Hermenegildo,Lumbreras,64506
64507,324093954,Ariadna,Coca,64507
64508,588135675,Georgina,Alfonso,64508
64509,819844496,Efrain,Acosta,64509
64510,783526625,Dario,Cabrera,64510
64511,350832792,Juliana,Alba,64511
64512,623977397,Galo,Duran,64512
64513,135755573,Lorena,Ibanez,64513
64514,518937810,Raquel,Nogues,64514
64515,764049895,Gracia,Belmonte,64515
64516,604119659,Patricia,Duran,64516
64517,924239383,Marcia,Amoros,64517
64518,357893767,Nilda,Larrea,64518
64519,161385985,Rosalinda,Abril,64519
64520,329067896,Jose,Zurita,64520
64521,136950778,Jose Ramon,Cozar,64521
64522,816671386,Chucho,Palma,64522
64523,634249681,Rosalva,Romero,64523
64524,578020580,Eladio,Galvez,64524
64525,493226976,Humberto,Gallart,64525
64526,995363241,Pancho,Ribera,64526
64527,744083204,Encarnacion,Julia,64527
64528,753922656,Amanda,Mendizabal,64528
64529,689589998,Ramon,Solis,64529
64530,137732081,Ale,Vall,64530
64531,425255200,Nacio,Pujol,64531
64532,228800493,Gala,Amador,64532
64533,931342506,Nacho,Girona,64533
64534,142068300,Elena,Hernandez,64534
64535,946459250,Lilia,Gomez,64535
64536,878926115,Ursula,Jover,64536
64537,210788704,Gil,Pereira,64537
64538,146394741,Duilio,Jover,64538
64539,807379578,Fabio,Sanmiguel,64539
64540,615275007,Luz,Riera,64540
64541,221988495,Antonio,Abril,64541
64542,797475049,Sancho,Figuerola,64542
64543,959389706,Gertrudis,Villa,64543
64544,962913427,Marino,Perera,64544
64545,913073524,Leonor,Vilalta,64545
64546,795804744,Marco,Jimenez,64546
64547,542426901,Josefa,Mateos,64547
64548,326654031,Isa,Luna,64548
64549,600782826,Fermin,Porras,64549
64550,722398749,Climaco,Alarcon,64550
64551,825254958,Yesica,Melendez,64551
64552,735448141,Luna,Bejarano,64552
64553,695504475,Hernando,Gonzalo,64553
64554,681743035,Paulina,Vinas,64554
64555,412128263,Juan Carlos,Ramos,64555
64556,348377448,Delia,Pacheco,64556
64557,546932495,Manuel,Palomar,64557
64558,632903250,Belen,Minguez,64558
64559,812447712,Sigfrido,Duran,64559
64560,568987295,Javier,Valera,64560
64561,707233403,Teodoro,Pont,64561
64562,993785095,Francisco Javier,Batalla,64562
64563,985433613,Sebastian,Rojas,64563
64564,175346282,Guillermo,Lopez,64564
64565,764533042,Yaiza,Lerma,64565
64566,934750781,Jeronimo,Mora,64566
64567,208181299,Candida,Roman,64567
64568,819211366,Reynaldo,Cerda,64568
64569,851265422,Guiomar,Tovar,64569
64570,550011306,Elba,Rueda,64570
64571,783032380,Lara,Barbero,64571
64572,344037082,Kike,Burgos,64572
64573,103872788,Maria Luisa,Lerma,64573
64574,163629804,Juana,Cerdan,64574
64575,450048626,Eligia,Naranjo,64575
64576,960186012,Andres Felipe,Pinedo,64576
64577,350180621,Armida,Garay,64577
64578,352092041,Custodia,Rivero,64578
64579,314178523,Zacarias,Izquierdo,64579
64580,353897667,Isaias,Rebollo,64580
64581,682818666,Mireia,Ruano,64581
64582,206069711,Cecilio,Vall,64582
64583,440450222,Arsenio,Matas,64583
64584,503019963,Maximiliano,Adadia,64584
64585,589787293,Simon,Valera,64585
64586,334028356,Alejandra,Isern,64586
64587,268745231,Dalila,Zamora,64587
64588,770232258,Leocadio,Recio,64588
64589,510956373,Raquel,Jaume,64589
64590,757174353,Eufemia,Azcona,64590
64591,489826815,Valerio,Uria,64591
64592,462220304,Angeles,Paredes,64592
64593,946831750,Che,Paez,64593
64594,320409733,Asdrubal,Saura,64594
64595,604068251,Valentina,Sandoval,64595
64596,380205478,Jose Angel,Marin,64596
64597,297399150,Aitana,Tome,64597
64598,745232398,Climaco,Calderon,64598
64599,281320244,Jennifer,Gracia,64599
64600,637843448,Rogelio,Iborra,64600
64601,640317833,Cesar,Soria,64601
64602,104475654,Santiago,Vaquero,64602
64603,274973255,Teo,Vara,64603
64604,140051350,Aroa,Lopez,64604
64605,621431113,Amilcar,Morata,64605
64606,673907231,Maximiliano,Ortuno,64606
64607,938872519,Susanita,Saavedra,64607
64608,114120416,Sara,Roda,64608
64609,387416555,Amanda,Tome,64609
64610,808504915,Nicanor,Falcon,64610
64611,387163802,Isa,Recio,64611
64612,864739240,Fabio,Batlle,64612
64613,877728596,Encarnacion,Iniesta,64613
64614,405204844,Pepe,Amat,64614
64615,467620135,Marino,Pacheco,64615
64616,530095454,Adan,Izquierdo,64616
64617,425465406,Reyna,Gascon,64617
64618,900627383,Aranzazu,Avila,64618
64619,349181716,Cipriano,Sobrino,64619
64620,609272418,Teo,Quiros,64620
64621,857141634,Graciela,Marquez,64621
64622,130850546,Anunciacion,Blasco,64622
64623,106314500,Heliodoro,Baez,64623
64624,724493966,Alejandra,Tome,64624
64625,299260025,Alejandro,Cobo,64625
64626,528816855,Tere,Machado,64626
64627,494528338,Jose,Beltran,64627
64628,816515808,Rogelio,Pi,64628
64629,236445307,Miguel,Vila,64629
64630,248853474,Odalys,Vilaplana,64630
64631,849686815,Alvaro,Bueno,64631
64632,478431860,Paulina,Colom,64632
64633,806632219,Maria Jesus,Saez,64633
64634,100694025,Vicenta,Toro,64634
64635,314322923,Saturnina,Rivero,64635
64636,582310818,Chus,Villalba,64636
64637,283229910,Joaquin,Canals,64637
64638,323195112,Antonio,Torrents,64638
64639,558083447,Salomon,Madrigal,64639
64640,831502530,Samuel,Salazar,64640
64641,961105278,Esmeralda,Bru,64641
64642,559077226,Tomas,Carballo,64642
64643,448875594,Ana Sofia,Arnal,64643
64644,553454992,Mario,Pellicer,64644
64645,543043450,Flavia,Ibanez,64645
64646,494392189,Nico,Hernando,64646
64647,244108154,Abel,Quiros,64647
64648,116231643,Marianela,Arribas,64648
64649,248778598,Paulina,Capdevila,64649
64650,943592451,Oriana,Pozuelo,64650
64651,337507494,Heriberto,Miranda,64651
64652,929273271,Americo,Perez,64652
64653,530216304,Artemio,Figueroa,64653
64654,271461134,Elodia,Puig,64654
64655,943094982,Victor Manuel,Bejarano,64655
64656,355718983,Guiomar,Guzman,64656
64657,909694535,Andres Felipe,Posada,64657
64658,418814175,Clarisa,Porcel,64658
64659,446060418,Claudio,Navarro,64659
64660,336008671,Flora,Folch,64660
64661,131778373,Pili,Milla,64661
64662,210808888,Dionisio,Ibanez,64662
64663,850921399,Felicidad,Matas,64663
64664,543401204,Priscila,Esteve,64664
64665,448410174,Armida,Ariza,64665
64666,481536104,Eutropio,Villegas,64666
64667,591237403,Brunilda,Belmonte,64667
64668,353042482,Olegario,Flores,64668
64669,444887812,Oscar,Marin,64669
64670,738780724,Maria Jesus,Clemente,64670
64671,728643359,Socorro,Carmona,64671
64672,404400000,Celia,Malo,64672
64673,752500799,Maite,Prado,64673
64674,903702342,Gaspar,Guzman,64674
64675,159928272,Marcelo,Espinosa,64675
64676,822440903,Vera,Chaparro,64676
64677,714123657,Jonatan,Quintero,64677
64678,474598214,Pia,Torrent,64678
64679,833814806,Ruy,Palomares,64679
64680,925680817,Aurelio,Aleman,64680
64681,523202817,Severino,Mercader,64681
64682,279620897,Aaron,Adadia,64682
64683,470037085,Primitiva,Sans,64683
64684,141178971,Zaira,Bravo,64684
64685,606137115,Morena,Esparza,64685
64686,765169992,Julia,Fuentes,64686
64687,452562398,Eduardo,Ricart,64687
64688,551729038,Mateo,Bayona,64688
64689,131614782,Isaac,Ledesma,64689
64690,763055040,Encarnacion,Carlos,64690
64691,679954590,Oscar,Bolanos,64691
64692,375778210,Encarnita,Pacheco,64692
64693,793399642,Jacinta,Cardenas,64693
64694,390443244,Jose Ignacio,Garmendia,64694
64695,343925860,Iris,Bellido,64695
64696,547083644,Nilo,Ayllon,64696
64697,401527811,Nazario,Badia,64697
64698,221478705,Jose,Vilar,64698
64699,447973999,Cirino,Ojeda,64699
64700,225047504,Aranzazu,Cozar,64700
64701,795866391,Corona,Pedrero,64701
64702,280293925,Yolanda,Agudo,64702
64703,256477160,Manolo,Manzano,64703
64704,207084420,Rodrigo,Pineiro,64704
64705,927934102,Plinio,Escribano,64705
64706,354411544,Remigio,Alamo,64706
64707,473923831,Marcio,Rosales,64707
64708,920153899,Patricia,Benitez,64708
64709,495281826,Aranzazu,Solis,64709
64710,483125439,Sandalio,Carrera,64710
64711,834134638,Marisela,Izquierdo,64711
64712,487972482,Cruz,Sole,64712
64713,666998552,Jose,Cortes,64713
64714,859464732,Lina,Baro,64714
64715,488283175,Berta,Lastra,64715
64716,216196595,Matilde,Roda,64716
64717,483264568,Pastora,Roda,64717
64718,525045305,Rosalva,Castejon,64718
64719,573168295,Miguel,Pina,64719
64720,850362373,Florentina,Carbajo,64720
64721,362046844,Isabel,Escamilla,64721
64722,253402007,Berto,Vazquez,64722
64723,132389919,Candelario,Hierro,64723
64724,587173926,Luis,Aparicio,64724
64725,168706132,Fortunata,Alvaro,64725
64726,424367625,Galo,Ferreras,64726
64727,475130392,Feliciano,Vives,64727
64728,203863077,Daniela,Juarez,64728
64729,271080233,Raquel,Reguera,64729
64730,116952117,Virgilio,Dieguez,64730
64731,198801450,Alvaro,Heras,64731
64732,478704531,Graciano,Rius,64732
64733,770642374,Pepe,Barriga,64733
64734,623822907,Jose Carlos,Echevarria,64734
64735,987673750,Rebeca,Velez,64735
64736,461445956,Matilde,Gaya,64736
64737,490098438,Jeremias,Garces,64737
64738,118427321,Americo,Martin,64738
64739,221047496,Clarisa,Montalban,64739
64740,516601232,Maria Pilar,Torre,64740
64741,165698217,Guiomar,Torralba,64741
64742,904192818,Humberto,Garriga,64742
64743,705551660,Amaro,Checa,64743
64744,914306337,Renato,Canales,64744
64745,757201256,Eligia,Ortega,64745
64746,930172664,Rogelio,Camacho,64746
64747,515538824,Aranzazu,Francisco,64747
64748,982081305,Martirio,Landa,64748
64749,583474762,Azeneth,Rosales,64749
64750,264781903,Santos,Huerta,64750
64751,296015734,Salvador,Pinto,64751
64752,851567829,Leocadio,Cepeda,64752
64753,615944288,Ricardo,Castells,64753
64754,506856126,Inmaculada,Dalmau,64754
64755,944857114,Joel,Moraleda,64755
64756,861160456,Primitivo,Cuesta,64756
64757,135678574,Ursula,Nogueira,64757
64758,657947271,Agustina,Uriarte,64758
64759,334413808,Jessica,Gallardo,64759
64760,917278957,Graciela,Tamarit,64760
64761,308374945,Abril,Llopis,64761
64762,278340313,Adelia,Agullo,64762
64763,691459930,Efrain,Alcantara,64763
64764,736682066,Florentino,Company,64764
64765,568210432,Jonatan,Murcia,64765
64766,161980347,Jacobo,Arevalo,64766
64767,371530944,Cornelio,Tejera,64767
64768,956444511,Francisco Jose,Landa,64768
64769,137126663,Fabio,Ocana,64769
64770,379545246,Francisco Javier,Camino,64770
64771,290806593,Lucio,Somoza,64771
64772,660351985,Paulina,Ramos,64772
64773,774170675,Mateo,Tello,64773
64774,699681031,Joaquin,Vizcaino,64774
64775,345939875,Jose Antonio,Elias,64775
64776,255959899,Jose Antonio,Bustamante,64776
64777,392048433,Pancho,Orozco,64777
64778,445363105,Gervasio,Requena,64778
64779,686439064,Joaquina,Quintana,64779
64780,389400816,Teobaldo,Palacio,64780
64781,508216474,Urbano,Torre,64781
64782,599475561,Salome,Gimenez,64782
64783,704480951,Faustino,Tomas,64783
64784,453500042,Cesar,Oliver,64784
64785,743129220,Silvio,Nieto,64785
64786,173157402,Maximo,Aviles,64786
64787,997321222,Domingo,Aleman,64787
64788,681860821,Eric,Bernal,64788
64789,474952746,Rolando,Piquer,64789
64790,676124892,Odalis,Neira,64790
64791,102435968,Socorro,Llado,64791
64792,714239476,Odalys,Rojas,64792
64793,863882881,Ale,Larrea,64793
64794,699522928,Felix,Gibert,64794
64795,805434657,Francisco Javier,Barrio,64795
64796,200366851,Benigno,Mateos,64796
64797,525711563,Jose Manuel,Pablo,64797
64798,407273397,Edelmiro,Vilaplana,64798
64799,952608014,Soledad,Segarra,64799
64800,205187217,Dani,Giralt,64800
64801,906404727,Edgardo,Sainz,64801
64802,861240299,Ramona,Castro,64802
64803,944533841,Belen,Parejo,64803
64804,744747420,Aura,Calatayud,64804
64805,585903564,Jennifer,Alcolea,64805
64806,838951420,Anabel,Cepeda,64806
64807,167810260,Visitacion,Carballo,64807
64808,743032831,Eli,Feijoo,64808
64809,245151299,Amparo,Soriano,64809
64810,776935741,Alondra,Asensio,64810
64811,547086164,Samanta,Arribas,64811
64812,195846284,Herberto,Casanovas,64812
64813,954263797,Miguel Angel,Zabala,64813
64814,999560760,Javi,Torrent,64814
64815,305166064,Tecla,Cabello,64815
64816,233626819,Montserrat,Osuna,64816
64817,866678035,Eduardo,Coloma,64817
64818,519063382,Maria Del Carmen,Espinosa,64818
64819,771959323,Yesica,Ramon,64819
64820,542177723,Dario,Aguila,64820
64821,375143704,Concepcion,Guijarro,64821
64822,552174818,Dafne,Martinez,64822
64823,145958997,Francisco Javier,Alberdi,64823
64824,748574027,Cosme,Verdejo,64824
64825,244538958,Marcio,Puig,64825
64826,806562384,Fabian,Vallejo,64826
64827,674537603,Noe,Palomares,64827
64828,552403717,Baldomero,Yanez,64828
64829,655931317,Severo,Nogues,64829
64830,346942039,Bruno,Godoy,64830
64831,278023531,Bautista,Vilalta,64831
64832,665604948,Ema,Villalonga,64832
64833,396231434,Cornelio,Villena,64833
64834,474797414,Bruno,Quevedo,64834
64835,298481578,Ciro,Cantero,64835
64836,198792221,Felix,Torre,64836
64837,489396908,Anabel,Rueda,64837
64838,489529190,Saturnino,Zaragoza,64838
64839,840898808,Oscar,Mata,64839
64840,685229734,Flavia,Porcel,64840
64841,210507210,Simon,Caro,64841
64842,436748910,Ignacio,Chacon,64842
64843,255640704,Merche,Cervera,64843
64844,214729821,Vidal,Alvaro,64844
64845,424183073,Calixta,Mendez,64845
64846,434076067,Alma,Barranco,64846
64847,139281653,Aitana,Huguet,64847
64848,478626599,Ainara,Leal,64848
64849,706458979,Aroa,Trillo,64849
64850,237943745,Consuela,Guitart,64850
64851,628775327,Lupe,Taboada,64851
64852,993925829,Tadeo,Mur,64852
64853,699886242,Trinidad,Vall,64853
64854,400690795,Roxana,Canete,64854
64855,558430200,Tania,Canellas,64855
64856,823682685,Susanita,Ballesteros,64856
64857,972203491,Edelmira,Nino,64857
64858,614421352,Sandra,Mora,64858
64859,823631271,Alcides,Tejedor,64859
64860,611588310,Nelida,Albero,64860
64861,661961143,Eufemia,Prada,64861
64862,601036828,Gabriela,Iniguez,64862
64863,668181795,Josefa,Salamanca,64863
64864,773837855,Luis,Jaen,64864
64865,790076842,Pio,Domingo,64865
64866,955545523,Aroa,Viana,64866
64867,790856547,Plinio,Francisco,64867
64868,782858902,Dorotea,Cazorla,64868
64869,220311219,Eutimio,Ramirez,64869
64870,746030995,Adan,Terron,64870
64871,450093103,Sandalio,Portillo,64871
64872,361768957,Alex,Corral,64872
64873,338171720,Anibal,Lastra,64873
64874,149967796,Adelardo,Viana,64874
64875,209456525,Manu,Calderon,64875
64876,134371349,Calista,Juarez,64876
64877,947462307,Americo,Valle,64877
64878,439296341,Miguela,Quintanilla,64878
64879,578130237,Julia,Cuevas,64879
64880,916866412,Marc,Torrecilla,64880
64881,941028632,Rafa,Santiago,64881
64882,828206948,Chus,Jordan,64882
64883,797271960,Tere,Benavides,64883
64884,269724474,Moises,Bru,64884
64885,172491139,Gema,Aparicio,64885
64886,141782657,Encarnacion,Gisbert,64886
64887,830751146,Juan Jose,Puig,64887
64888,585270962,Gracia,Perez,64888
64889,532629538,Romulo,Lorenzo,64889
64890,643513271,Natalio,Penas,64890
64891,529005334,Baltasar,Castilla,64891
64892,758788687,Jacinto,Aguilera,64892
64893,397587170,Juan Jose,Valenciano,64893
64894,536573975,Leopoldo,Zorrilla,64894
64895,274811099,Yessica,Morante,64895
64896,228518302,Jeremias,Comas,64896
64897,245829489,Fito,Tur,64897
64898,208946641,Octavia,Lerma,64898
64899,448324413,Estefania,Jimenez,64899
64900,818427602,Sabas,Vaquero,64900
64901,845290071,Clarisa,Andres,64901
64902,568594577,Casemiro,Briones,64902
64903,629072970,Raquel,Mayo,64903
64904,958938483,Flor,Carreno,64904
64905,616771914,Quirino,Silva,64905
64906,113380734,Bautista,Planas,64906
64907,852249162,Ciriaco,Carreno,64907
64908,202153332,Nadia,Samper,64908
64909,772817380,Narcisa,Barral,64909
64910,334700064,Juan Carlos,Gual,64910
64911,259502574,Santiago,Angel,64911
64912,951231364,Diego,Cabrero,64912
64913,626255922,Reina,Amoros,64913
64914,833571033,Jimena,Mena,64914
64915,394674656,Olimpia,Carbo,64915
64916,812841082,Raimundo,Duarte,64916
64917,621696407,Elias,Camino,64917
64918,533814231,Alberto,Salva,64918
64919,642276380,Nicolas,Izquierdo,64919
64920,211450286,Adriana,Donoso,64920
64921,936272646,Sebastian,Toro,64921
64922,212118621,Etelvina,Narvaez,64922
64923,301001989,Fabiana,Roman,64923
64924,649387424,Baudelio,Alemany,64924
64925,555188925,Teodosio,Campoy,64925
64926,673439242,Eva Maria,Cozar,64926
64927,263589147,Violeta,Losa,64927
64928,645399973,Maite,Sainz,64928
64929,558749657,Blas,Caro,64929
64930,804802218,Gertrudis,Santos,64930
64931,833747038,Isabela,Arenas,64931
64932,868698313,Tere,Fortuny,64932
64933,663172054,Isidora,Velez,64933
64934,630462491,Luis,Alcantara,64934
64935,566595479,Alex,Leal,64935
64936,907454206,Noa,Infante,64936
64937,267345225,Elodia,Lozano,64937
64938,793168158,Silvestre,Amor,64938
64939,113974052,Luis,Valentin,64939
64940,553370367,Bernarda,Otero,64940
64941,979430894,Flor,Aleman,64941
64942,968773789,Fernanda,Arino,64942
64943,346821878,Guillermo,Barrio,64943
64944,534800168,Camilo,Guzman,64944
64945,217753181,Severino,Tejada,64945
64946,433562381,Nazaret,Frias,64946
64947,530167481,Herminio,Manzano,64947
64948,405497566,Armando,Aguilera,64948
64949,280574852,Vicenta,Elias,64949
64950,321837598,Bautista,Valverde,64950
64951,113517865,Rolando,Atienza,64951
64952,621900992,Armando,Raya,64952
64953,308871929,Albert,Bauza,64953
64954,410386412,Elena,Arce,64954
64955,102332867,Dorita,Matas,64955
64956,471623054,Julia,Clavero,64956
64957,579398671,Bienvenida,Romero,64957
64958,143654169,Casemiro,Torralba,64958
64959,212335631,Nelida,Soler,64959
64960,238458084,Mirta,Bru,64960
64961,693727546,Marcelino,Santos,64961
64962,235821365,Consuela,Tur,64962
64963,137217602,Joel,Fernandez,64963
64964,609786616,Juan Luis,Domingo,64964
64965,939476933,Ana,Soriano,64965
64966,709495808,Alfonso,Azorin,64966
64967,821108391,Asuncion,Torre,64967
64968,401411386,Benigno,Palacios,64968
64969,744658515,Emma,Balaguer,64969
64970,905930100,Dolores,Linares,64970
64971,192130288,Heraclio,Jorda,64971
64972,447950843,Eligia,Fuster,64972
64973,348512369,Ambrosio,Davila,64973
64974,345884259,Octavio,Mariscal,64974
64975,815175442,Aura,Torrijos,64975
64976,711412084,Jimena,Torrecilla,64976
64977,686992478,Alicia,Bustos,64977
64978,927346009,Nicodemo,Gomez,64978
64979,459970655,Eloy,Benavent,64979
64980,962171964,Yaiza,Diez,64980
64981,250693192,Amilcar,Echevarria,64981
64982,639084081,Josep,Carnero,64982
64983,572386651,Ileana,Rodenas,64983
64984,607024911,Heraclio,Parejo,64984
64985,748003075,Che,Asensio,64985
64986,510763996,Anselmo,Vera,64986
64987,798737896,Eleuterio,Carbonell,64987
64988,500941270,Coral,Tena,64988
64989,275281181,Valerio,Aroca,64989
64990,475443144,Marta,Vallejo,64990
64991,423246326,Duilio,Valero,64991
64992,873968495,Gervasio,Cepeda,64992
64993,891923666,Tomas,Roman,64993
64994,365144242,Pascual,Barriga,64994
64995,157063080,Regulo,Seco,64995
64996,411013769,Natividad,Serrano,64996
64997,612801102,Nicolasa,Lucas,64997
64998,532731057,Reinaldo,Mendez,64998
64999,145632637,Marisa,Tovar,64999
65000,647955270,Casandra,Torrents,65000
65001,607770940,Jose,Cortina,65001
65002,528871075,Chus,Salva,65002
65003,722713095,Sancho,Armengol,65003
65004,208349897,Enrique,Redondo,65004
65005,744772184,Lope,Boix,65005
65006,974747802,Maria Del Carmen,Velez,65006
65007,961008555,Jeronimo,Iglesia,65007
65008,380775575,Gaston,Recio,65008
65009,322189792,Agustin,Fabra,65009
65010,423286917,Eutropio,Corbacho,65010
65011,462416294,Esther,Ramos,65011
65012,400421869,Cruz,Cano,65012
65013,405874444,Amada,Alegre,65013
65014,622471383,Marta,Lucena,65014
65015,506814474,Reynaldo,Navarro,65015
65016,199607599,Ricarda,Rio,65016
65017,651701950,Jordan,Donaire,65017
65018,425796366,Camila,Rodriguez,65018
65019,376792727,Ricardo,Crespi,65019
65020,269244963,Ignacia,Castilla,65020
65021,866694480,Alejandro,Pedrero,65021
65022,262424606,Vera,Huertas,65022
65023,681677184,Melania,Davila,65023
65024,778354677,Dalila,Carreras,65024
65025,498053087,Isidro,Salazar,65025
65026,266037030,Jessica,Villalonga,65026
65027,522272978,Sandra,Calatayud,65027
65028,963104643,Marita,Murillo,65028
65029,809157031,Victoria,Bayon,65029
65030,505813222,Luis,Segarra,65030
65031,308990669,Asdrubal,Baron,65031
65032,225869225,Noelia,Roda,65032
65033,796387223,Jordi,Mayo,65033
65034,968049520,Regulo,Comas,65034
65035,479395802,Celia,Cisneros,65035
65036,572199675,Walter,Prat,65036
65037,736942466,Lucio,Chaparro,65037
65038,254173172,Marcia,Escolano,65038
65039,286378938,Edelmiro,Gimenez,65039
65040,827263934,Georgina,Leiva,65040
65041,302352869,Marc,Frias,65041
65042,710467570,Hilario,Pedrosa,65042
65043,857621032,Maria Fernanda,Dominguez,65043
65044,804186588,Candelario,Gutierrez,65044
65045,834122525,Graciela,Baez,65045
65046,453102558,Carla,Quintero,65046
65047,485307087,Adelina,Garcia,65047
65048,108668370,Rafaela,Feliu,65048
65049,382336833,Ezequiel,Larranaga,65049
65050,810580108,Genoveva,Garzon,65050
65051,614959092,Silvia,Gilabert,65051
65052,426651592,Chus,Salvador,65052
65053,435517233,Cayetano,Cuellar,65053
65054,374817328,America,Somoza,65054
65055,983770837,Roque,Arevalo,65055
65056,833382403,Debora,Solana,65056
65057,513773482,Alonso,Villa,65057
65058,223150709,Gonzalo,Pujol,65058
65059,922467125,Elba,Canas,65059
65060,311904300,Armando,Adadia,65060
65061,678395288,Rosario,Badia,65061
65062,855107668,Heraclio,Sierra,65062
65063,800308329,Romulo,Calvet,65063
65064,777027039,Chucho,Huerta,65064
65065,581781195,Rosalva,Carretero,65065
65066,547667656,Fulgencio,Roig,65066
65067,747589292,Gabriela,Marquez,65067
65068,195748052,Serafina,Blanch,65068
65069,518977469,Jose Ramon,Bejarano,65069
65070,773094124,Jaime,Jorda,65070
65071,579304210,Moises,Ochoa,65071
65072,758264128,Paola,Ugarte,65072
65073,132760847,Aurea,Prat,65073
65074,642548756,Anacleto,Carrasco,65074
65075,796756618,Benjamin,Juan,65075
65076,410160018,Begona,Miranda,65076
65077,817770726,Esperanza,Alberdi,65077
65078,247469817,Marianela,Santana,65078
65079,695290132,Bienvenida,Trillo,65079
65080,575271145,Nazaret,Fuertes,65080
65081,762200335,Augusto,Pacheco,65081
65082,702563881,Federico,Chaparro,65082
65083,967845567,Aitana,Murillo,65083
65084,201491507,Urbano,Pozo,65084
65085,716195458,Blas,Haro,65085
65086,642563466,Jordan,Torrecilla,65086
65087,725698746,Julieta,Verdugo,65087
65088,284093315,Ernesto,Real,65088
65089,835791488,Amor,Valls,65089
65090,814131095,Fidela,Serra,65090
65091,392093886,Loreto,Gutierrez,65091
65092,892392105,Eusebio,Almazan,65092
65093,220560357,Catalina,Tome,65093
65094,195842273,Basilio,Ferrero,65094
65095,917375717,Lupe,Benavides,65095
65096,777063703,Maximiliano,Gibert,65096
65097,371421769,Benjamin,Lerma,65097
65098,831597334,Buenaventura,Diaz,65098
65099,687593833,Adela,Beltran,65099
65100,903127784,America,Fiol,65100
65101,322831177,Emperatriz,Palau,65101
65102,729779935,Olimpia,Cabanillas,65102
65103,691086466,Teresa,Rubio,65103
65104,572641489,Mateo,Benito,65104
65105,973200688,Adolfo,Abella,65105
65106,332537930,Eva,Catala,65106
65107,725653901,Augusto,Merino,65107
65108,609689982,Clara,Lujan,65108
65109,270092236,Luisina,Neira,65109
65110,831573441,Anunciacion,Marti,65110
65111,337133449,Amado,Montes,65111
65112,105957382,Rosaura,Mata,65112
65113,657042075,Natalio,Pintor,65113
65114,120496247,Flora,Rius,65114
65115,177091581,Odalis,Pascual,65115
65116,330013669,Imelda,Munoz,65116
65117,916254648,Andres Felipe,Torrens,65117
65118,297107509,Encarnita,Clavero,65118
65119,884272614,Chus,Ribes,65119
65120,624420142,Cipriano,Ferreras,65120
65121,514357044,Porfirio,Ortuno,65121
65122,976875343,Vinicio,Ojeda,65122
65123,213669009,Mamen,Barrena,65123
65124,326971238,Jose Carlos,Bernal,65124
65125,726696035,Daniela,Andreu,65125
65126,308211134,Alexandra,Vizcaino,65126
65127,697041037,Lucho,Marin,65127
65128,993542063,Daniel,Donoso,65128
65129,831224258,Ainara,Cabrera,65129
65130,743046032,Jose,Herranz,65130
65131,508280281,Edu,Vega,65131
65132,268423197,Encarnacion,Rius,65132
65133,175147576,Custodia,Quintanilla,65133
65134,631324751,Brigida,Espanol,65134
65135,785744998,Evelia,Carrasco,65135
65136,650659839,Victoria,Aguilo,65136
65137,814379710,Hernando,Casanovas,65137
65138,939993355,Adelardo,Clavero,65138
65139,371017237,Nadia,Flor,65139
65140,539289076,Juan Jose,Leal,65140
65141,100948580,Valentina,Solana,65141
65142,202391288,Simon,Gutierrez,65142
65143,210588185,Cirino,Nieto,65143
65144,697219830,Joaquin,Tovar,65144
65145,437057618,Marciano,Campillo,65145
65146,738504161,Eligio,Caballero,65146
65147,938141106,Samuel,Lledo,65147
65148,114381573,Pepito,Camara,65148
65149,851260355,Abigail,Ferrer,65149
65150,168627573,Narcisa,Ropero,65150
65151,106875251,Felisa,Roda,65151
65152,563815001,Lourdes,Roma,65152
65153,927690870,Fernando,Lago,65153
65154,305731071,Jordi,Olmedo,65154
65155,552162390,Cloe,Luna,65155
65156,220687724,Josefa,Tovar,65156
65157,203601131,Blas,Lluch,65157
65158,818622128,Baldomero,Verdejo,65158
65159,722496838,Fatima,Jaen,65159
65160,855349201,Elisabet,Parra,65160
65161,523209554,Palmira,Artigas,65161
65162,736318405,Miguel Angel,Morata,65162
65163,671228027,Donato,Vilanova,65163
65164,849953293,Nilo,Dalmau,65164
65165,346985645,Odalis,Ponce,65165
65166,103098792,Arturo,Borja,65166
65167,236528112,Rosalinda,Canton,65167
65168,750523607,Noemi,Figueroa,65168
65169,369186924,Artemio,Benavente,65169
65170,266285025,Emiliana,Valdes,65170
65171,990065640,Cecilio,Rojas,65171
65172,489570320,Charo,Mendez,65172
65173,889547647,Ciriaco,Bonilla,65173
65174,988001139,Ignacio,Carrion,65174
65175,841250143,Silvio,Guzman,65175
65176,220872205,Nuria,Domingo,65176
65177,734716004,Fabiana,Calzada,65177
65178,742804843,Araceli,Bou,65178
65179,136977943,Cesar,Cespedes,65179
65180,588333466,Ligia,Anton,65180
65181,253427632,Susanita,Arevalo,65181
65182,934389404,Cosme,Mas,65182
65183,278320891,Juan Antonio,Angulo,65183
65184,476588358,Esteban,Menendez,65184
65185,302852043,Segismundo,Lamas,65185
65186,677506528,Iban,Ruano,65186
65187,317280445,Concepcion,Piquer,65187
65188,797936358,Nicanor,Espada,65188
65189,146758236,Clara,Ochoa,65189
65190,444241134,Maximiano,Quintana,65190
65191,138972553,Andres Felipe,Francisco,65191
65192,733355099,Jenny,Rocha,65192
65193,600874987,Evita,Mateo,65193
65194,555731531,Juana,Esparza,65194
65195,643024440,Climaco,Girona,65195
65196,266756170,Celia,Huguet,65196
65197,702368518,Norberto,Mena,65197
65198,706562332,Josep,Guzman,65198
65199,970326997,Delia,Colom,65199
65200,421791927,Ester,Sanz,65200
65201,366057843,Iris,Lucas,65201
65202,849141352,Jose Francisco,Pelaez,65202
65203,681401714,Selena,Macias,65203
65204,475058235,Marino,Terron,65204
65205,153301590,Nelida,Exposito,65205
65206,673150222,Celso,Saez,65206
65207,609316863,Macarena,Arrieta,65207
65208,772653760,Paulino,Amaya,65208
65209,939989422,Dionisio,Fiol,65209
65210,377283090,Juliana,Urrutia,65210
65211,277547548,Jose Mari,Poza,65211
65212,624655307,Juanito,Manzanares,65212
65213,400478969,Sarita,Batlle,65213
65214,252800050,Vinicio,Rio,65214
65215,105413892,Amor,Alberdi,65215
65216,113010259,Adoracion,Carranza,65216
65217,744441862,Eloisa,Noguera,65217
65218,895202168,Concha,Barral,65218
65219,327251434,Jose Manuel,Fuente,65219
65220,624145204,Paola,Guardiola,65220
65221,171120477,Sarita,Cervera,65221
65222,305207809,Anselma,Amoros,65222
65223,167752942,Marcela,Espana,65223
65224,909100106,Mamen,Salamanca,65224
65225,687134301,Arturo,Herrera,65225
65226,980179583,Guiomar,Pavon,65226
65227,528675995,Jordana,Jover,65227
65228,406545951,Gema,Torre,65228
65229,892397939,Ezequiel,Vilalta,65229
65230,862764277,Vasco,Hierro,65230
65231,677791614,Azucena,Uribe,65231
65232,463032214,Juan Jose,Heredia,65232
65233,444708203,Brigida,Segovia,65233
65234,644061655,Alvaro,Solsona,65234
65235,963515999,Corona,Sarabia,65235
65236,703699602,Mireia,Zamora,65236
65237,291277276,Bernardino,Grau,65237
65238,851424749,Poncio,Cerro,65238
65239,247624088,Iban,Vall,65239
65240,825149162,Carmelita,Luz,65240
65241,872281503,Leon,Tur,65241
65242,287875981,Carmen,Rozas,65242
65243,648657018,Tania,Carvajal,65243
65244,626507145,Iker,Carnero,65244
65245,370597739,Pancho,Collado,65245
65246,833531718,Felicia,Colomer,65246
65247,454005558,Adela,Garzon,65247
65248,212540737,Geronimo,Abella,65248
65249,552778919,Flor,Viana,65249
65250,448260008,Florinda,Llanos,65250
65251,136011174,Lalo,Narvaez,65251
65252,193770344,Regina,Fuentes,65252
65253,993257365,Bernardino,Arnal,65253
65254,455090788,Custodia,Cabanas,65254
65255,555873515,Mariano,Arcos,65255
65256,353245713,Eleuterio,Jaen,65256
65257,542972299,Gaspar,Espana,65257
65258,627309115,Lilia,Benitez,65258
65259,464686902,Lucas,Canales,65259
65260,130534407,Concha,Almansa,65260
65261,335851691,Maricruz,Pintor,65261
65262,780500339,Macario,Barros,65262
65263,178333029,Pepe,Huguet,65263
65264,828377112,Juanita,Arino,65264
65265,587156896,Tomasa,Menendez,65265
65266,781845849,Aurelia,Sanjuan,65266
65267,108371499,Vicenta,Mayol,65267
65268,328237931,Mercedes,Adan,65268
65269,458209619,Marcelino,Diaz,65269
65270,619200476,Florentina,Belda,65270
65271,301008983,Gervasio,Cervantes,65271
65272,823648557,Adolfo,Saura,65272
65273,280647736,Jose Ignacio,Folch,65273
65274,881474901,Curro,Figueras,65274
65275,718895667,Primitivo,Ochoa,65275
65276,699389954,Cloe,Tejada,65276
65277,572469274,Jaime,Salamanca,65277
65278,899496743,Chelo,Canet,65278
65279,497879627,Vito,Barroso,65279
65280,580686306,Carla,Miralles,65280
65281,861664065,Clemente,Cazorla,65281
65282,285732297,Calixta,Barbero,65282
65283,914151789,Lalo,Alcolea,65283
65284,636221321,David,Baron,65284
65285,779466647,Danilo,Manzanares,65285
65286,695959342,Florentino,Vina,65286
65287,894557942,Seve,Bernat,65287
65288,320483265,Eloy,Zaragoza,65288
65289,793657245,Gloria,Mendez,65289
65290,634943991,Tono,Santana,65290
65291,709300917,Armida,Balaguer,65291
65292,427757463,Ainoa,Cabanillas,65292
65293,901526772,Brigida,Naranjo,65293
65294,109440369,Agueda,Comas,65294
65295,456321938,Gaspar,Giron,65295
65296,454806608,Ana Sofia,Marin,65296
65297,981744812,Jose Mari,Pinto,65297
65298,260950451,Anastasio,Segui,65298
65299,591559545,Reyna,Hernandez,65299
65300,893214753,Ramiro,Roda,65300
65301,819153792,Celso,Mir,65301
65302,862337321,Augusto,Torrent,65302
65303,880444026,Victorino,Perea,65303
65304,443598022,Jose Angel,Galvan,65304
65305,549723010,Lorenza,Garriga,65305
65306,598242067,Agustina,Arteaga,65306
65307,687687892,Lalo,Suarez,65307
65308,428299915,Loreto,Noriega,65308
65309,814031223,Jorge,Echevarria,65309
65310,968061836,Hipolito,Macias,65310
65311,326665152,Jacinta,Izquierdo,65311
65312,668249758,Bonifacio,Alba,65312
65313,648679816,Carina,Garcia,65313
65314,243293088,Luis Miguel,Moran,65314
65315,651807119,Miguela,Amoros,65315
65316,385641471,Soraya,Fuente,65316
65317,376069976,Sara,Pedraza,65317
65318,770309948,Moreno,Barragan,65318
65319,668828097,Chema,Infante,65319
65320,219178020,Geraldo,Coll,65320
65321,965472489,Lina,Heredia,65321
65322,565414726,Rosalva,Maestre,65322
65323,386016633,Alexandra,Llorente,65323
65324,343392766,Otilia,Catalan,65324
65325,801331345,Lina,Comas,65325
65326,894039322,Chus,Juarez,65326
65327,978637099,Sandalio,Vilalta,65327
65328,934503554,Agustina,Palomares,65328
65329,960005856,Vicente,Ibarra,65329
65330,802146898,Godofredo,Serna,65330
65331,409320138,Augusto,Barco,65331
65332,705858230,Adrian,Pont,65332
65333,940247124,Teodora,Atienza,65333
65334,252817323,Mercedes,Donaire,65334
65335,940531960,Maria Cristina,Cabeza,65335
65336,938875959,Leopoldo,Figueroa,65336
65337,570801905,Fortunato,Garzon,65337
65338,822078570,Lucia,Royo,65338
65339,377576049,Adolfo,Vara,65339
65340,878599531,Luis Angel,Bertran,65340
65341,231052878,Elodia,Escamilla,65341
65342,912397688,Adalberto,Carlos,65342
65343,395497401,Camila,Valenzuela,65343
65344,567092092,Celso,Arnau,65344
65345,320820831,Chema,Ferrera,65345
65346,495042879,Febe,Hervia,65346
65347,629634217,Victor,Mendoza,65347
65348,603389981,Albina,Palomares,65348
65349,653460299,Jose Francisco,Rey,65349
65350,917569668,Samanta,Pacheco,65350
65351,775132457,Morena,Prieto,65351
65352,319154309,Encarnacion,Vallejo,65352
65353,221853174,Abril,Antunez,65353
65354,780739864,Emilio,Armengol,65354
65355,936170384,Ambar,Quesada,65355
65356,852893446,Amada,Egea,65356
65357,781983344,Rafaela,Cantero,65357
65358,774360984,Marta,Jara,65358
65359,940410807,Camilo,Garate,65359
65360,384161173,Ivan,Tamayo,65360
65361,586394677,Alexandra,Blazquez,65361
65362,257830370,Berto,Pedrero,65362
65363,916032116,Remedios,Mata,65363
65364,997505484,Veronica,Noguera,65364
65365,702419472,Micaela,Madrid,65365
65366,287246345,Irma,Aviles,65366
65367,909109579,Jaime,Gimenez,65367
65368,210313970,Hilario,Losada,65368
65369,431937371,Irma,Gallardo,65369
65370,257386884,Flavio,Jaen,65370
65371,424538507,Arturo,Aguilo,65371
65372,860464279,Segismundo,Tolosa,65372
65373,565025367,Victor,Vizcaino,65373
65374,744078570,Berto,Castaneda,65374
65375,897800099,Alejandra,Pinto,65375
65376,557605985,Paola,Paredes,65376
65377,382943503,Yesica,Amat,65377
65378,307161755,Emilia,Rozas,65378
65379,291872107,Jordi,Conde,65379
65380,560921733,Chucho,Arregui,65380
65381,727694710,Cecilia,Boada,65381
65382,640911679,Goyo,Novoa,65382
65383,881391773,Andres,Busquets,65383
65384,646976548,Armida,Manso,65384
65385,955207735,Nayara,Serna,65385
65386,614647647,Eulalia,Gisbert,65386
65387,215897600,Gertrudis,Pintor,65387
65388,616640949,Concepcion,Lozano,65388
65389,235554839,Anna,Canellas,65389
65390,776232724,Geraldo,Escalona,65390
65391,834476298,Manuel,Arce,65391
65392,405736543,Albino,Contreras,65392
65393,995767476,Gracia,Pla,65393
65394,679039852,Felipa,Batlle,65394
65395,942351372,Chelo,Escolano,65395
65396,618537871,Ingrid,Narvaez,65396
65397,331034389,Silvio,Iniguez,65397
65398,752699876,Juana,Roig,65398
65399,658191623,Maricruz,Maldonado,65399
65400,882502885,Almudena,Ruiz,65400
65401,636126939,Raimundo,Mosquera,65401
65402,735470254,Julia,Rosado,65402
65403,603138905,Alexandra,Chico,65403
65404,727622618,Celestino,Sosa,65404
65405,865649752,Antonia,Pomares,65405
65406,863463311,Regina,Heredia,65406
65407,929691140,Claudio,Toro,65407
65408,831037864,Eutimio,Escribano,65408
65409,194427537,Ramiro,Carlos,65409
65410,305740401,Rosendo,Morera,65410
65411,141930370,Cornelio,Boix,65411
65412,150493500,Rebeca,Ballesteros,65412
65413,604673288,Cristobal,Guitart,65413
65414,410482810,Carla,Manso,65414
65415,590741512,Alma,Nadal,65415
65416,713075447,Tadeo,Navarro,65416
65417,768043502,Consuela,Prado,65417
65418,883756244,Perlita,Ballester,65418
65419,588809735,Enrique,Arana,65419
65420,905086546,Ale,Castro,65420
65421,288392150,Lidia,Pedrosa,65421
65422,556996347,Loreto,Gonzalo,65422
65423,729896186,Damian,Verdejo,65423
65424,315662422,Roldan,Roda,65424
65425,820743681,Macarena,Torrens,65425
65426,105137614,Rosalva,Bauza,65426
65427,789287634,Cruz,Ballester,65427
65428,642949374,Samu,Silva,65428
65429,938477343,Amalia,Anton,65429
65430,159488258,Severiano,Pera,65430
65431,142930938,Ariel,Portero,65431
65432,153597985,Roldan,Fuster,65432
65433,718296590,Anselmo,Armengol,65433
65434,970512010,Macaria,Salas,65434
65435,721398939,Susana,Atienza,65435
65436,874664604,Gerardo,Tirado,65436
65437,424050279,Jafet,Montana,65437
65438,182289533,Tomasa,Cueto,65438
65439,951012726,Maria Fernanda,Mas,65439
65440,919085503,Luciana,Dieguez,65440
65441,827845958,Alma,Peral,65441
65442,915645077,Saturnina,Gimeno,65442
65443,935454137,Jose Miguel,Jordan,65443
65444,944286751,Bartolome,Pelayo,65444
65445,387431302,Fernando,Torrens,65445
65446,773232755,Luciano,Jimenez,65446
65447,312971441,Ricarda,Blanch,65447
65448,219227851,Griselda,Cuevas,65448
65449,942411723,Vilma,Malo,65449
65450,409914054,Amador,Duran,65450
65451,619432966,Javier,Duarte,65451
65452,933988936,Maria,Alvarez,65452
65453,826125443,Jordi,Guzman,65453
65454,897485083,Maria Dolores,Aguilo,65454
65455,205532041,America,Martinez,65455
65456,283342828,Eleuterio,Ribes,65456
65457,139147752,Alexandra,Vara,65457
65458,535186324,Bienvenida,Vallejo,65458
65459,365179353,Amaro,Manuel,65459
65460,788685607,Nicodemo,Rossello,65460
65461,721269786,Dimas,Gallego,65461
65462,969625333,Rosario,Farre,65462
65463,648512012,Teofilo,Nebot,65463
65464,187723170,Jennifer,Barco,65464
65465,593317303,Javiera,Soriano,65465
65466,390584494,Severo,Bravo,65466
65467,120255163,Ignacia,Pinol,65467
65468,549960332,Tito,Madrigal,65468
65469,778731129,Griselda,Aviles,65469
65470,208748315,Cornelio,Carro,65470
65471,587058832,Haydee,Vaquero,65471
65472,972420224,Dionisia,Zabala,65472
65473,703359689,Clemente,Baquero,65473
65474,427076234,Lino,Sanjuan,65474
65475,306847907,Calixto,Cabeza,65475
65476,224350741,Emiliano,Viana,65476
65477,686186876,Amelia,Ramis,65477
65478,873384684,Natividad,Sancho,65478
65479,926437851,Timoteo,Lobato,65479
65480,582047191,Francisco Jose,Iglesias,65480
65481,784843967,Angelica,Mata,65481
65482,785966081,Jordan,Giron,65482
65483,812289337,Soraya,Abella,65483
65484,626180823,Arturo,Revilla,65484
65485,440754900,Virgilio,Miro,65485
65486,462835214,Goyo,Sancho,65486
65487,916230644,Borja,Catalan,65487
65488,340392296,Carmina,Bonilla,65488
65489,789679372,Ignacia,Gallo,65489
65490,364755130,Apolinar,Bolanos,65490
65491,205331565,Barbara,Esteban,65491
65492,147563627,Gloria,Castrillo,65492
65493,387780133,Matilde,Pinto,65493
65494,845536984,Roque,Valls,65494
65495,213585634,Itziar,Estrada,65495
65496,599312955,Guiomar,Calvo,65496
65497,723415374,Susanita,Jordan,65497
65498,919280838,Donato,Vergara,65498
65499,947098960,Joel,Juarez,65499
65500,325816581,Ana,Ferrero,65500
65501,717109229,Tristan,Torres,65501
65502,594231178,Ainoa,Cuevas,65502
65503,430370712,Concha,Gual,65503
65504,738913834,Romulo,Aliaga,65504
65505,987710313,Vidal,Velasco,65505
65506,673660013,Adelia,Armas,65506
65507,564714081,Lidia,Lorenzo,65507
65508,850513894,Eutropio,Conesa,65508
65509,188301398,Florentino,Riera,65509
65510,558730116,Rosalina,Fuentes,65510
65511,115364939,Roque,Carrasco,65511
65512,481991589,Manuelita,Agusti,65512
65513,777336245,Africa,Vaquero,65513
65514,348404626,Joaquin,Caro,65514
65515,484095583,Victor Manuel,Casanovas,65515
65516,394762892,Federico,Quiros,65516
65517,247228034,Yesica,Mata,65517
65518,763475327,Edmundo,Tamarit,65518
65519,987097813,Luis,Pozo,65519
65520,855284219,Alvaro,Olivares,65520
65521,413067412,Edgar,Cisneros,65521
65522,781707950,Marcia,Morera,65522
65523,851808638,Adoracion,Fonseca,65523
65524,755339144,Edelmiro,Rius,65524
65525,663070257,Renato,Gascon,65525
65526,946981674,Amparo,Gabaldon,65526
65527,573146257,Nayara,Rosa,65527
65528,586354617,Reyes,Mugica,65528
65529,530673494,Ignacia,Aranda,65529
65530,951486016,Dionisio,Rovira,65530
65531,461005728,Ema,Uria,65531
65532,310196291,Almudena,Mena,65532
65533,895844700,Maximino,Aguilar,65533
65534,640645802,Gala,Tur,65534
65535,421938314,Pastor,Ayala,65535
65536,630400246,Graciano,Zapata,65536
65537,908618916,Fabiana,Galvez,65537
65538,525392721,Che,Mendez,65538
65539,862418021,Lorenza,Campillo,65539
65540,127857223,Primitivo,Garzon,65540
65541,164343932,Ricardo,Cuadrado,65541
65542,273893340,Jose Manuel,Falco,65542
65543,478574137,Maria Fernanda,Carrillo,65543
65544,574299084,Gustavo,Moles,65544
65545,336585262,Loreto,Pineiro,65545
65546,676393398,Marcio,Teruel,65546
65547,286356347,Carlota,Hervia,65547
65548,960499339,Fidela,Alberola,65548
65549,119466579,Efrain,Zapata,65549
65550,582061227,Esperanza,Jordan,65550
65551,703490289,Bernardo,Iglesias,65551
65552,508475998,Ernesto,Lago,65552
65553,531309666,Eric,Calzada,65553
65554,312012566,Esperanza,Roda,65554
65555,561675575,Maria,Manuel,65555
65556,823303189,Florencia,Peinado,65556
65557,214687548,Leoncio,Peiro,65557
65558,491227018,Laura,Mugica,65558
65559,943854501,Fabio,Villegas,65559
65560,111949118,Claudia,Linares,65560
65561,589420647,Leonor,Aliaga,65561
65562,358695915,Rosario,Julia,65562
65563,512814322,Leonardo,Pera,65563
65564,726293499,Ildefonso,Ledesma,65564
65565,514321931,Amparo,Ferran,65565
65566,479627506,Lilia,Osuna,65566
65567,777242580,Dani,Rius,65567
65568,295101286,Aitana,Villaverde,65568
65569,273710769,Mauricio,Mas,65569
65570,553208292,Quique,Galvan,65570
65571,352151749,Rosalia,Vilalta,65571
65572,501662953,Loreto,Vendrell,65572
65573,363481471,Leonor,Roldan,65573
65574,539204648,Viviana,Campillo,65574
65575,750245729,Sancho,Barba,65575
65576,811902646,Seve,Moles,65576
65577,694202679,Azahar,Acevedo,65577
65578,959193188,Isaias,Isern,65578
65579,175269395,Gil,Cordoba,65579
65580,458836852,Estrella,Cuadrado,65580
65581,318495184,Maura,Rios,65581
65582,262150805,Adoracion,Salazar,65582
65583,389015960,Constanza,Benavente,65583
65584,519659617,Hernando,Coloma,65584
65585,281803179,Valentina,Tur,65585
65586,869295617,Susanita,Galan,65586
65587,357203424,Alfonso,Barros,65587
65588,962819763,Guiomar,Ribas,65588
65589,304285757,Renata,Diaz,65589
65590,983099837,Melchor,Mendez,65590
65591,721994597,Ezequiel,Tenorio,65591
65592,414865181,Nieves,Iborra,65592
65593,934522103,Isaac,Franch,65593
65594,460937205,Marisa,Moya,65594
65595,275573894,Candelario,Leon,65595
65596,969063893,Regina,Ortega,65596
65597,174432085,Eleuterio,Bernal,65597
65598,554008956,Cipriano,Calderon,65598
65599,990536814,Zoraida,Jimenez,65599
65600,398001339,Jose Ramon,Cozar,65600
65601,676016775,Eduardo,Zorrilla,65601
65602,554828616,Jose Angel,Sedano,65602
65603,478049120,Fatima,Mercader,65603
65604,804120488,Eva Maria,Andres,65604
65605,220702857,Jose,Colom,65605
65606,849884937,Poncio,Manuel,65606
65607,350427628,Abilio,Aragon,65607
65608,588913082,Segismundo,Alvaro,65608
65609,186698909,Begona,Otero,65609
65610,878302618,Claudio,Cabanillas,65610
65611,729525604,Lorenzo,Neira,65611
65612,656044239,Alejandro,Berenguer,65612
65613,973782358,Josefa,Hurtado,65613
65614,517063338,Marc,Jimenez,65614
65615,654979790,Nelida,Ribes,65615
65616,293423712,Herminio,Ballesteros,65616
65617,783310739,Teresita,Roig,65617
65618,789669306,Gil,Cabello,65618
65619,697218166,Nieves,Alarcon,65619
65620,505014239,Pia,Barba,65620
65621,467635721,Martirio,Castro,65621
65622,567042297,Carmelita,Rovira,65622
65623,990191472,Tatiana,Falco,65623
65624,725005275,Carlota,Villanueva,65624
65625,694919982,Miguela,Aguilera,65625
65626,372989396,Zoraida,Checa,65626
65627,598654158,Daniela,Llano,65627
65628,872227116,Amaya,Duran,65628
65629,874183226,Florencio,Viana,65629
65630,497205987,Anita,Almazan,65630
65631,718893927,Piedad,Millan,65631
65632,450853374,Ester,Noguera,65632
65633,306369342,Emelina,Valera,65633
65634,201612864,Bienvenida,Llopis,65634
65635,337158200,Samu,Lobato,65635
65636,491365548,Nazaret,Cervera,65636
65637,653364236,Arturo,Sancho,65637
65638,710695143,Elvira,Codina,65638
65639,465014172,Claudio,Salas,65639
65640,910775309,Corona,Roman,65640
65641,523864735,Jenaro,Alegre,65641
65642,825923351,Trinidad,Sebastian,65642
65643,632635505,Jeronimo,Naranjo,65643
65644,491272864,Maria,Rebollo,65644
65645,946762321,Consuela,Tudela,65645
65646,109139680,Clarisa,Castilla,65646
65647,311731273,Wilfredo,Beltran,65647
65648,516096644,Carmina,Olivera,65648
65649,127596159,Prudencio,Montoya,65649
65650,746505019,Ale,Conde,65650
65651,479875042,Valerio,Montes,65651
65652,796835354,Angela,Guzman,65652
65653,198783163,Hector,Tirado,65653
65654,149125605,Adolfo,Bueno,65654
65655,575295051,Olalla,Canizares,65655
65656,440209416,Josue,Clavero,65656
65657,169903310,Leocadio,Acero,65657
65658,170693835,Victor,Aguirre,65658
65659,927918824,Candela,Carro,65659
65660,441460613,Leonel,Donaire,65660
65661,911061536,Perla,Marco,65661
65662,811345077,Cesar,Ferrandez,65662
65663,740246050,Javiera,Pol,65663
65664,740284078,Leocadio,Borrell,65664
65665,908235380,Tecla,Bermudez,65665
65666,159182012,Isabel,Castaneda,65666
65667,767784953,Mayte,Ponce,65667
65668,532160581,Carmen,Aranda,65668
65669,538022482,Jimena,Garrido,65669
65670,698830102,Sergio,Riera,65670
65671,699959325,Andrea,Bas,65671
65672,554227159,Martin,Briones,65672
65673,191598145,Benjamin,Zorrilla,65673
65674,520486009,Marta,Benavent,65674
65675,736370294,Jose Antonio,Poza,65675
65676,865952409,Francisca,Osuna,65676
65677,535118319,Angela,Izquierdo,65677
65678,388467384,Barbara,Mendoza,65678
65679,389040588,Teofilo,Llanos,65679
65680,429992684,Prudencia,Catala,65680
65681,592036814,Geraldo,Barrios,65681
65682,275703082,Liliana,Mur,65682
65683,643563972,Camila,Hoz,65683
65684,672374739,Lourdes,Pinilla,65684
65685,939373176,Edmundo,Pavon,65685
65686,668827183,Atilio,Mateos,65686
65687,985325646,Olalla,Barrena,65687
65688,702694027,Venceslas,Cerro,65688
65689,504192880,Bartolome,Abril,65689
65690,212327458,Jordan,Ortuno,65690
65691,632835576,Calixto,Oliver,65691
65692,969039388,Amada,Iborra,65692
65693,249965838,Marcia,Hernando,65693
65694,495285564,Dario,Mariscal,65694
65695,951605294,Quirino,Palau,65695
65696,501538428,Luisina,Rivera,65696
65697,547308625,Mireia,Revilla,65697
65698,840835244,Candido,Losada,65698
65699,631055856,Celso,Campoy,65699
65700,478691978,Sol,Palomares,65700
65701,455062973,Luciano,Mesa,65701
65702,570811992,Maria Manuela,Lillo,65702
65703,102877958,Nacio,Urena,65703
65704,499231122,Jenny,Guitart,65704
65705,563040211,Paulino,Manso,65705
65706,523418510,Glauco,Barbera,65706
65707,593308986,Etelvina,Iglesias,65707
65708,339941832,Fabian,Marti,65708
65709,341846642,Coral,Acero,65709
65710,156759561,Lalo,Saez,65710
65711,240767518,Sancho,Busquets,65711
65712,648027208,Anibal,Cortina,65712
65713,853729597,Cirino,Pol,65713
65714,257333218,Marcelo,Valero,65714
65715,442482130,Pancho,Coca,65715
65716,439586205,Maite,Aguilo,65716
65717,360962576,Cleto,Ferreras,65717
65718,234191741,Marino,Santos,65718
65719,944851124,Joan,Daza,65719
65720,514105983,Silvio,Ortiz,65720
65721,195662304,Consuelo,Barroso,65721
65722,283916986,Teodosio,Cano,65722
65723,885814441,Rosalva,Angel,65723
65724,645039691,Donato,Cervera,65724
65725,643573120,Felipe,Somoza,65725
65726,872100223,Nestor,Beltran,65726
65727,396455057,Candela,Manjon,65727
65728,487087421,Rosario,Gomila,65728
65729,169422647,Octavia,Carbo,65729
65730,587204070,Eutimio,Torrens,65730
65731,427276173,Natalio,Montserrat,65731
65732,254959777,Zacarias,Barco,65732
65733,593024339,Lorenzo,Castell,65733
65734,403207993,Juana,Barrera,65734
65735,200841053,Alcides,Figueroa,65735
65736,959517771,Maximiliano,Dominguez,65736
65737,976490289,Agustin,Echeverria,65737
65738,450915106,Jordana,Hidalgo,65738
65739,651585410,Leonel,Maestre,65739
65740,428349091,Nelida,Borras,65740
65741,483187154,Marcio,Gomila,65741
65742,110342140,Mario,Crespi,65742
65743,491091044,Custodia,Carretero,65743
65744,348951921,Paulina,Porcel,65744
65745,777599553,Celestina,Millan,65745
65746,353236740,Mauricio,Manzano,65746
65747,412094388,Brigida,Fuertes,65747
65748,802059310,Adora,Nadal,65748
65749,880892047,Ana Belen,Morata,65749
65750,733777067,Concepcion,Ochoa,65750
65751,754599031,Manuel,Bustamante,65751
65752,418010525,Angelina,Pallares,65752
65753,853404031,Reyes,Neira,65753
65754,863518103,Marcelo,Palau,65754
65755,101056941,Nydia,Amoros,65755
65756,944256741,Noemi,Barbera,65756
65757,344429415,Imelda,Mateu,65757
65758,458125864,Silvio,Barrio,65758
65759,702648745,Duilio,Pou,65759
65760,750103447,Victor,Valentin,65760
65761,596370736,Maria Dolores,Aguirre,65761
65762,395066334,Natanael,Lumbreras,65762
65763,214364992,Angelino,Vina,65763
65764,690114283,Isidora,Solano,65764
65765,752765672,Purificacion,Santamaria,65765
65766,123018164,Alicia,Planas,65766
65767,152776001,Araceli,Manzanares,65767
65768,646001652,Jessica,Anglada,65768
65769,367019669,Clemente,Maldonado,65769
65770,395546980,Aurea,Cozar,65770
65771,571731188,Antonia,Alcala,65771
65772,287683116,Nacio,Sanmiguel,65772
65773,302412328,Horacio,Coloma,65773
65774,437133119,Marisela,Vicente,65774
65775,977387447,Albino,Gargallo,65775
65776,676625922,Mar,Uriarte,65776
65777,808411232,Cayetano,Vicens,65777
65778,760817916,Fatima,Barbera,65778
65779,428785400,Baudelio,Sanabria,65779
65780,463825774,Feliciano,Martinez,65780
65781,513344700,Cruz,Santamaria,65781
65782,979332775,Julieta,Cortina,65782
65783,391928905,Lola,Villalonga,65783
65784,497193244,Felicidad,Elias,65784
65785,437042605,Marino,Herrero,65785
65786,541081260,Zoraida,Cifuentes,65786
65787,871791414,Luisina,Vilalta,65787
65788,241643988,Casandra,Jauregui,65788
65789,509975666,Cornelio,Asenjo,65789
65790,946911525,Rodolfo,Vicente,65790
65791,224682333,Ariel,Carrasco,65791
65792,626582311,Elba,Julia,65792
65793,239792433,Valeria,Gascon,65793
65794,349384395,Imelda,Aguila,65794
65795,928784729,Ani,Aguila,65795
65796,360426620,Nestor,Ugarte,65796
65797,662323440,Jose Miguel,Perello,65797
65798,140935271,Etelvina,Alegria,65798
65799,359805935,Nilo,Domingo,65799
65800,780433424,Fabiana,Escriva,65800
65801,427387594,Ambar,Amores,65801
65802,778290028,Jose,Solano,65802
65803,671767677,Cecilio,Pazos,65803
65804,357405574,Javiera,Figueroa,65804
65805,648223597,Ezequiel,Pedrosa,65805
65806,252536209,Berto,Cabezas,65806
65807,712563967,Pepito,Padilla,65807
65808,691028116,Jose,Feijoo,65808
65809,649936886,Constanza,Pintor,65809
65810,115107096,Mar,Galan,65810
65811,165358883,Artemio,Guardiola,65811
65812,204930276,Maria Luisa,Albero,65812
65813,925540729,Pancho,Dieguez,65813
65814,913813804,Marta,Aguila,65814
65815,537734702,Eliana,Badia,65815
65816,875461383,Ignacio,Salva,65816
65817,668338594,Serafina,Garcia,65817
65818,288404835,Odalis,Guijarro,65818
65819,534635365,Rosalva,Cobo,65819
65820,148236238,Reyna,Zamorano,65820
65821,237614189,Natividad,Montoya,65821
65822,396442671,Eleuterio,Barcelo,65822
65823,912751973,Herminia,Cuellar,65823
65824,532621465,Victorino,Torrecilla,65824
65825,354163291,Esteban,Pascual,65825
65826,335350958,Ciro,Flor,65826
65827,871911024,Cornelio,Isern,65827
65828,322176513,Montserrat,Alvarez,65828
65829,835071141,Gervasio,Nieto,65829
65830,530563017,Nerea,Bolanos,65830
65831,461273772,Maria,Rodriguez,65831
65832,546721119,Eutropio,Codina,65832
65833,576357790,Vicente,Rebollo,65833
65834,425972455,Ambar,Samper,65834
65835,932607690,Victoria,Cespedes,65835
65836,267917343,Wilfredo,Herranz,65836
65837,682086050,Damian,Arroyo,65837
65838,192244312,Josefina,Fiol,65838
65839,995607472,Eugenia,Prat,65839
65840,332982382,Maricruz,Correa,65840
65841,688629438,Monica,Guzman,65841
65842,421240558,Ana Belen,Almansa,65842
65843,145942422,Victoria,Almagro,65843
65844,249671551,Aurelio,Roca,65844
65845,531656572,Gilberto,Bayon,65845
65846,850500415,Dimas,Sandoval,65846
65847,410603828,Rico,Vargas,65847
65848,270362481,Rico,Girona,65848
65849,714151996,Melisa,Ramirez,65849
65850,473315661,Baudelio,Espanol,65850
65851,980357347,Julian,Vina,65851
65852,311442275,Jose Ignacio,Gual,65852
65853,859465676,Vasco,Torralba,65853
65854,914270670,Elias,Esteban,65854
65855,426686366,Amador,Agusti,65855
65856,531102770,Chelo,Gelabert,65856
65857,226176020,Mario,Mayoral,65857
65858,790825335,Daniel,Robles,65858
65859,372297718,Herberto,Rueda,65859
65860,370034249,Panfilo,Espejo,65860
65861,407079610,Custodia,Folch,65861
65862,894366764,Adelaida,Sastre,65862
65863,528035524,Josefa,Medina,65863
65864,780561175,Buenaventura,Berrocal,65864
65865,714099938,Nazaret,Perera,65865
65866,481937692,Leoncio,Mas,65866
65867,205741017,Felix,Borrego,65867
65868,163932687,Nidia,Riquelme,65868
65869,680128283,Cornelio,Rocha,65869
65870,862783813,Cristian,Canovas,65870
65871,428281904,Roberto,Carnero,65871
65872,120674068,Daniela,Rocamora,65872
65873,447451477,Cornelio,Beltran,65873
65874,929547436,Nico,Ramos,65874
65875,812150419,Ramona,Planas,65875
65876,894337361,Luisina,Davila,65876
65877,201749195,Mirta,Gracia,65877
65878,666062034,Raimundo,Saez,65878
65879,941405466,Noa,Palomino,65879
65880,168702639,Lazaro,Canals,65880
65881,581269809,Rodrigo,Peral,65881
65882,393421090,Ivan,Egea,65882
65883,867239068,Pepito,Ugarte,65883
65884,435658494,Guadalupe,Lluch,65884
65885,951303008,Isa,Carvajal,65885
65886,872708409,Cayetana,Nebot,65886
65887,422564043,Guadalupe,Tejada,65887
65888,701967824,Filomena,Estevez,65888
65889,117744098,Chucho,Sanmartin,65889
65890,853971186,Caridad,Salom,65890
65891,448819745,Gonzalo,Gomez,65891
65892,108594712,Delia,Lozano,65892
65893,148644261,Ariel,Amaya,65893
65894,804863376,Rosendo,Aller,65894
65895,223942061,Ramiro,Flores,65895
65896,850355607,Marciano,Iriarte,65896
65897,716282381,Ignacia,Sastre,65897
65898,427556800,Adela,Valcarcel,65898
65899,317680298,Teodoro,Morante,65899
65900,468077335,Jovita,Casal,65900
65901,332280311,Alonso,Segovia,65901
65902,101669252,Ruben,Julia,65902
65903,583993802,Melchor,Maza,65903
65904,970071200,Hernando,Sales,65904
65905,300809017,Gaston,Ramirez,65905
65906,859942968,Emelina,Arce,65906
65907,954149699,Dominga,Parra,65907
65908,883638437,Marianela,Roura,65908
65909,350307192,Ezequiel,Taboada,65909
65910,709993689,Arsenio,Rossello,65910
65911,186071705,Maria,Sanjuan,65911
65912,644593724,Anastasia,Vilalta,65912
65913,186655003,Seve,Nieto,65913
65914,899453129,Maria Jesus,Cobo,65914
65915,347228768,Andrea,Pla,65915
65916,680727177,Daniel,Jurado,65916
65917,622317715,Ofelia,Infante,65917
65918,381864002,Angelita,Garrido,65918
65919,328129755,Elvira,Gabaldon,65919
65920,732343846,Calisto,Cabo,65920
65921,338447339,Eugenia,Acevedo,65921
65922,190698144,Goyo,Simo,65922
65923,493586704,Placido,Blasco,65923
65924,493324476,Jesus,Garriga,65924
65925,814390601,Bernardita,Sanchez,65925
65926,808454266,Nicolasa,Bastida,65926
65927,214318265,Sergio,Pedrero,65927
65928,947087564,Chema,Iniguez,65928
65929,518293839,Ernesto,Ruano,65929
65930,512699714,Zaira,Palomino,65930
65931,448182772,Lina,Recio,65931
65932,907938217,Celso,Llobet,65932
65933,992159167,Edgardo,Feliu,65933
65934,395353619,Crescencia,Varela,65934
65935,845089905,Alma,Adan,65935
65936,511820983,Azucena,Lucena,65936
65937,227660213,Matilde,Vallejo,65937
65938,213581290,Chelo,Peiro,65938
65939,810362048,Balduino,Cuesta,65939
65940,516144313,Tania,Roca,65940
65941,527237264,Jose Carlos,Segovia,65941
65942,985348885,Ale,Ochoa,65942
65943,799923511,Sergio,Castro,65943
65944,464196295,Albert,Vall,65944
65945,310195530,Gabriel,Nunez,65945
65946,707734386,Clotilde,Carranza,65946
65947,289333963,Fermin,Espanol,65947
65948,129159585,Ale,Portero,65948
65949,595900676,Flora,Ribera,65949
65950,268700684,Nidia,Cabrera,65950
65951,500016876,Dulce,Losada,65951
65952,226787899,Federico,Buendia,65952
65953,283978017,Emiliana,Matas,65953
65954,906893393,Hernando,Carvajal,65954
65955,973882268,Benita,Nogues,65955
65956,259663817,Armando,Esteban,65956
65957,336674560,Patricio,Arias,65957
65958,369833323,Ana Sofia,Iriarte,65958
65959,803405967,Carmen,Arnaiz,65959
65960,526574756,Benigno,Borrego,65960
65961,658714254,Ema,Urrutia,65961
65962,764062190,Aitana,Palmer,65962
65963,105550438,Maria Teresa,Batalla,65963
65964,329318544,Tomas,Gutierrez,65964
65965,346015156,Juanita,Jorda,65965
65966,202828381,Lucho,Losa,65966
65967,245454046,Evita,Salas,65967
65968,967937928,Amparo,Carrion,65968
65969,337261725,Purificacion,Mendizabal,65969
65970,149240649,Eli,Vallejo,65970
65971,929855420,Josefina,Goicoechea,65971
65972,324586033,Renato,Marmol,65972
65973,485765124,Porfirio,Tome,65973
65974,193617574,Nidia,Lucena,65974
65975,394128877,Lorena,Ortiz,65975
65976,647998889,Socorro,Alamo,65976
65977,583450094,Gaspar,Porta,65977
65978,438782986,Florencia,Castrillo,65978
65979,981242799,Maria,Berrocal,65979
65980,678931640,Dimas,Mayol,65980
65981,789120795,Borja,Ordonez,65981
65982,854917795,Kike,Figueroa,65982
65983,230471493,Javier,Mas,65983
65984,596652388,Fortunato,Moran,65984
65985,909304080,Severiano,Maza,65985
65986,332986225,Reyna,Tudela,65986
65987,865193376,Leandro,Tirado,65987
65988,579505614,Edu,Marcos,65988
65989,977809666,Nilda,Pavon,65989
65990,481771161,Ciriaco,Vila,65990
65991,242812049,Florencio,Valera,65991
65992,611172198,Odalis,Camacho,65992
65993,509098827,Beatriz,Catalan,65993
65994,147772143,Xiomara,Bolanos,65994
65995,752250322,Bienvenida,Macias,65995
65996,926789057,Gloria,Palau,65996
65997,309178768,Eugenia,Rico,65997
65998,644041112,Raul,Canizares,65998
65999,937703183,Pedro,Amores,65999
66000,904480458,Hector,Saez,66000
66001,625460235,Morena,Fajardo,66001
66002,999670527,Manu,Alvaro,66002
66003,796118767,Juan Pablo,Haro,66003
66004,141105482,Balduino,Adan,66004
66005,597160824,Xiomara,Vargas,66005
66006,650457086,Elena,Zamora,66006
66007,559075014,Mayte,Valera,66007
66008,290856652,Nestor,Ramirez,66008
66009,580556356,Faustino,Sala,66009
66010,888948297,Fatima,Pomares,66010
66011,735923612,Custodio,Arribas,66011
66012,684786098,Ainara,Nebot,66012
66013,169469759,Luciana,Coello,66013
66014,930300823,Lucia,Sureda,66014
66015,854577469,Abigail,Bravo,66015
66016,896089659,Carmina,Burgos,66016
66017,557136583,Olalla,Iniguez,66017
66018,404187146,Vinicio,Duran,66018
66019,998995594,Jose Francisco,Samper,66019
66020,246549590,Tamara,Fuentes,66020
66021,338658263,Encarnacion,Saenz,66021
66022,760349419,Andres,Nunez,66022
66023,674254720,Rene,Ferreras,66023
66024,357540767,Eloisa,Pineiro,66024
66025,274756107,Jose Antonio,Valles,66025
66026,219120610,Adelaida,Sancho,66026
66027,101335753,Ricarda,Anaya,66027
66028,532948431,Salud,Bayon,66028
66029,347465100,Pia,Huertas,66029
66030,740734955,Eli,Requena,66030
66031,700985591,Ciro,Sosa,66031
66032,202866997,Zaira,Figuerola,66032
66033,724629544,Camila,Camacho,66033
66034,982377526,Conrado,Carreno,66034
66035,712762898,Lalo,Davila,66035
66036,982935215,Elodia,Heredia,66036
66037,566461081,Primitivo,Lopez,66037
66038,241035899,Maria Angeles,Andrade,66038
66039,638321546,Jose Maria,Heredia,66039
66040,868703510,Nicodemo,Seco,66040
66041,449426740,Evelia,Lumbreras,66041
66042,713974637,Macaria,Seco,66042
66043,566328877,Herberto,Aguado,66043
66044,479724671,Adrian,Muniz,66044
66045,351007240,Maria Del Carmen,Requena,66045
66046,832539543,Fernando,Saldana,66046
66047,145793619,Amando,Torre,66047
66048,188577794,Nereida,Sevillano,66048
66049,507663093,Cecilio,Montserrat,66049
66050,756652338,Carmelo,Gracia,66050
66051,581267579,Lupe,Cabezas,66051
66052,734427921,Ainoa,Rodenas,66052
66053,715033946,Luis,Quintana,66053
66054,721159447,Manola,Pujol,66054
66055,288034012,Cleto,Pelaez,66055
66056,492313591,Segismundo,Arenas,66056
66057,909878003,Lara,Agudo,66057
66058,912625677,Macaria,Solana,66058
66059,961029339,Lucia,Lerma,66059
66060,437575641,Tiburcio,Folch,66060
66061,775678771,Domitila,Espana,66061
66062,117486140,Eladio,Acevedo,66062
66063,569682432,Barbara,Pomares,66063
66064,512456915,Ximena,Bello,66064
66065,590464026,Haroldo,Bernat,66065
66066,662651386,Mar,Madrigal,66066
66067,335201741,Cipriano,Blazquez,66067
66068,894092232,Clotilde,Abril,66068
66069,642267321,Pablo,Borras,66069
66070,777889897,Juana,Martin,66070
66071,458520594,Mercedes,Machado,66071
66072,705882639,Florencia,Morell,66072
66073,340560567,Caridad,Malo,66073
66074,383032212,Calista,Samper,66074
66075,677526277,Silvestre,Elorza,66075
66076,570057967,Eusebio,Melendez,66076
66077,450061337,Graciana,Saez,66077
66078,543862282,Flor,Fuster,66078
66079,214422782,Vidal,Marti,66079
66080,619150018,Sabina,Coello,66080
66081,118036951,Chus,Mendoza,66081
66082,448609163,Jordana,Pujadas,66082
66083,761395783,Palmira,Valero,66083
66084,603362314,Vito,Barco,66084
66085,268048607,Teodora,Mayoral,66085
66086,505447701,Fanny,Bertran,66086
66087,299655589,Emiliano,Baeza,66087
66088,504009525,Amarilis,Sala,66088
66089,479318551,Custodio,Zaragoza,66089
66090,533265310,Armando,Guitart,66090
66091,244659603,Lucas,Arranz,66091
66092,421599296,Benigno,Barba,66092
66093,916344925,Graciana,Miguel,66093
66094,685063427,Glauco,Bas,66094
66095,185998103,Fabiola,Clavero,66095
66096,962098957,Marino,Chacon,66096
66097,743035864,Gonzalo,Paniagua,66097
66098,109789466,Jose Luis,Sola,66098
66099,624946407,Fito,Moya,66099
66100,482849058,Chus,Chacon,66100
66101,148041672,Olivia,Villaverde,66101
66102,954017706,Isaac,Falco,66102
66103,961934125,Jose Luis,Francisco,66103
66104,149309219,Glauco,Calzada,66104
66105,978019011,Ileana,Collado,66105
66106,869183384,Ofelia,Minguez,66106
66107,168535452,Corona,Llanos,66107
66108,706101622,Victoria,Espinosa,66108
66109,952256325,Ascension,Barba,66109
66110,214449535,Alejandra,Flor,66110
66111,865822797,America,Berenguer,66111
66112,288979908,Godofredo,Borrell,66112
66113,579324571,Mirta,Lopez,66113
66114,545980969,Maria Luisa,Carbo,66114
66115,215087192,Eladio,Diez,66115
66116,200603494,Tadeo,Solsona,66116
66117,791226572,Lino,Oliver,66117
66118,254846040,Emelina,Otero,66118
66119,119619994,Nerea,Rosado,66119
66120,508700599,Isidoro,Amor,66120
66121,850249517,Inigo,Cal,66121
66122,358997295,Ismael,Tovar,66122
66123,181631539,Luis Angel,Mariscal,66123
66124,198011696,Abilio,Cordoba,66124
66125,430691550,Inocencio,Gimenez,66125
66126,797043025,Renato,Bolanos,66126
66127,996678289,Raquel,Garmendia,66127
66128,514653944,Oscar,Armengol,66128
66129,283290705,Adelaida,Cobo,66129
66130,649768230,Jose Angel,Ramis,66130
66131,527511957,Abril,Heredia,66131
66132,525085295,Eli,Benito,66132
66133,496739704,Octavia,Andres,66133
66134,341181586,Renata,Solera,66134
66135,513284863,Gisela,Garcia,66135
66136,479409829,Hernando,Guijarro,66136
66137,182153234,Olimpia,Aliaga,66137
66138,646988281,Iris,Torres,66138
66139,800368228,Inocencio,Pereira,66139
66140,788527942,Evangelina,Benet,66140
66141,857567669,Noe,Coello,66141
66142,528115515,Amando,Huguet,66142
66143,182251171,Silvia,Sanchez,66143
66144,896405642,Anselma,Vallejo,66144
66145,355298149,Nazaret,Machado,66145
66146,869025415,Nilo,Barbero,66146
66147,947022348,Ricarda,Figueras,66147
66148,481319178,Atilio,Vergara,66148
66149,774587135,Africa,Vera,66149
66150,117156560,Eustaquio,Diez,66150
66151,162939895,Arsenio,Garcia,66151
66152,711522062,Reina,Taboada,66152
66153,905776895,Adolfo,Mur,66153
66154,961165048,Lorena,Rubio,66154
66155,814863777,Timoteo,Jover,66155
66156,474159268,Baltasar,Guardiola,66156
66157,579465711,Rafael,Ramirez,66157
66158,423532779,Dominga,Prada,66158
66159,257060620,Fito,Casares,66159
66160,491088851,Camila,Porcel,66160
66161,449881455,Mario,Real,66161
66162,663775772,Trinidad,Bernad,66162
66163,563436690,Etelvina,Pavon,66163
66164,670819804,Hector,Sanz,66164
66165,252762013,Clotilde,Solis,66165
66166,769551214,Esther,Yanez,66166
66167,608274951,Milagros,Pedrero,66167
66168,305851426,Celestina,Tejero,66168
66169,596739443,Fabricio,Valencia,66169
66170,201267401,Julieta,Ferrandez,66170
66171,728158112,Anibal,Arenas,66171
66172,705255672,Angelita,Carretero,66172
66173,865386939,Hilario,Salas,66173
66174,318036562,Bienvenida,Gonzalez,66174
66175,431039119,Baltasar,Fortuny,66175
66176,491102891,Natanael,Perez,66176
66177,789801238,Francisca,Castello,66177
66178,487769826,Consuelo,Pino,66178
66179,244890147,Conrado,Donoso,66179
66180,183028237,Leoncio,Arjona,66180
66181,335179700,Nico,Donaire,66181
66182,991871578,German,Revilla,66182
66183,344355760,Juan Carlos,Berenguer,66183
66184,386331926,Isaias,Castells,66184
66185,332502544,Amancio,Blanch,66185
66186,676215025,Merche,Mayol,66186
66187,102530423,Asdrubal,Carreras,66187
66188,732532980,Mohamed,Cordero,66188
66189,554159476,Javier,Huerta,66189
66190,478268398,Consuela,Carrillo,66190
66191,835617516,Micaela,Tamayo,66191
66192,821683504,Adan,Montero,66192
66193,222538879,Lara,Baron,66193
66194,748682593,Manolo,Maestre,66194
66195,470510235,Amado,Garzon,66195
66196,809768159,Nidia,Merino,66196
66197,875120690,Trinidad,Suarez,66197
66198,899955826,Yaiza,Iniesta,66198
66199,988963419,Rosario,Arregui,66199
66200,776747928,Encarnita,Parra,66200
66201,947712391,Samuel,Barba,66201
66202,370530885,Merche,Calleja,66202
66203,544869098,Aura,Canet,66203
66204,978884638,Gema,Estevez,66204
66205,621512645,Ariel,Lledo,66205
66206,895479260,Ariel,Batlle,66206
66207,529158692,Edgardo,Cortes,66207
66208,371982805,Octavio,Rosello,66208
66209,476110051,Rogelio,Bernad,66209
66210,897588314,Salud,Manso,66210
66211,834464496,Timoteo,Chico,66211
66212,830269632,Piedad,Vilaplana,66212
66213,179972046,Baltasar,Segovia,66213
66214,692982761,Toribio,Corbacho,66214
66215,174726135,Paulino,Donoso,66215
66216,981938756,Timoteo,Barbero,66216
66217,189600630,Abigail,Cuervo,66217
66218,914143026,Jesusa,Piquer,66218
66219,805840221,Felicia,Moreno,66219
66220,734360686,Susana,Tejero,66220
66221,656412288,Miguel Angel,Vicens,66221
66222,295078171,Jordi,Borrell,66222
66223,458714701,Eligia,Porcel,66223
66224,444709421,Aura,Bayon,66224
66225,798936653,Juan Bautista,Farre,66225
66226,846677257,Kike,Samper,66226
66227,137800429,Faustino,Saez,66227
66228,174368076,Maximo,Cisneros,66228
66229,485504250,Fausto,Avila,66229
66230,472479656,Tiburcio,Escolano,66230
66231,128004838,Fabio,Ramirez,66231
66232,572803069,Ruperto,Bayon,66232
66233,695706590,Amor,Alberola,66233
66234,690183595,Rosalinda,Andres,66234
66235,789136487,Sandra,Lorenzo,66235
66236,581973029,Luis Miguel,Riera,66236
66237,356348960,America,Vina,66237
66238,144487525,Tristan,Rico,66238
66239,772526562,Maria Luisa,Acuna,66239
66240,615713281,Eva Maria,Pedraza,66240
66241,523392721,Luis,Escribano,66241
66242,546143518,Porfirio,Ribes,66242
66243,893972545,Leoncio,Sevilla,66243
66244,495673225,Jose Manuel,Padilla,66244
66245,872339727,Carlito,Cobo,66245
66246,573060008,Valero,Talavera,66246
66247,107183989,Lope,Tolosa,66247
66248,505187688,Sebastian,Perea,66248
66249,826007416,Juan,Sancho,66249
66250,206364934,Inocencio,Pazos,66250
66251,761973183,Eduardo,Merino,66251
66252,659114430,Ariel,Pineiro,66252
66253,187738902,Roman,Gallo,66253
66254,238120847,Evelia,Espana,66254
66255,467443268,Sebastian,Roda,66255
66256,886361446,Maite,Riquelme,66256
66257,159439533,Antonia,Cabrera,66257
66258,274926927,Otilia,Garrido,66258
66259,622640720,Jordi,Cerda,66259
66260,318901868,Pascuala,Parejo,66260
66261,862932695,Juan Francisco,Leiva,66261
66262,173784519,Lazaro,Vilaplana,66262
66263,118960760,Jose Luis,Godoy,66263
66264,615490841,Edgar,Comas,66264
66265,366938602,Erasmo,Guerra,66265
66266,382034043,Juan Manuel,Nunez,66266
66267,145679684,Sarita,Garate,66267
66268,896376206,Dorita,Rodrigo,66268
66269,129857485,Atilio,Cardenas,66269
66270,164550167,Tomas,Pallares,66270
66271,270321070,Tono,Gutierrez,66271
66272,632103787,Sabas,Segui,66272
66273,473827388,Blanca,Prieto,66273
66274,100010785,Emigdio,Camino,66274
66275,283419808,Candida,Lasa,66275
66276,770997218,Amanda,Carvajal,66276
66277,484315608,Flor,Castells,66277
66278,742614746,Celso,Lastra,66278
66279,528669451,Calisto,Mur,66279
66280,244065915,Jordi,Rico,66280
66281,467693382,Amado,Albero,66281
66282,330611338,Amor,Jerez,66282
66283,148833725,Remigio,Falco,66283
66284,155035050,Mateo,Castillo,66284
66285,825591373,Conrado,Galiano,66285
66286,100157467,Herminio,Segui,66286
66287,657879162,Sandra,Azorin,66287
66288,147408456,Adelia,Bellido,66288
66289,403354474,Anselmo,Manzano,66289
66290,898426074,Isidora,Llabres,66290
66291,743958311,Pilar,Cerda,66291
66292,745119642,Gema,Marques,66292
66293,542151630,Heraclio,Romeu,66293
66294,390771109,Victor,Aller,66294
66295,424844514,Angelino,Gelabert,66295
66296,958882344,Martin,Parejo,66296
66297,168742813,Fatima,Herrera,66297
66298,912348299,Cecilia,Valdes,66298
66299,247811173,Teo,Arce,66299
66300,248796410,Gustavo,Roura,66300
66301,176541468,Maria Belen,Pedrero,66301
66302,196993132,Pili,Seco,66302
66303,350365782,Dolores,Canovas,66303
66304,545122497,Cesar,Gascon,66304
66305,898887358,Jennifer,Llorens,66305
66306,645835000,Paola,Rueda,66306
66307,651504721,Jorge,Raya,66307
66308,885791251,Cleto,Lujan,66308
66309,308966274,Genoveva,Pascual,66309
66310,101217528,Viviana,Alcaraz,66310
66311,505414016,America,Caceres,66311
66312,910103350,Emelina,Corominas,66312
66313,378018457,Rosalina,Toro,66313
66314,539678592,Regulo,Cisneros,66314
66315,776425576,Jeremias,Dominguez,66315
66316,234481476,Julieta,Tovar,66316
66317,708551666,Dominga,Camacho,66317
66318,824224840,Salvador,Aramburu,66318
66319,994991126,Monica,Melero,66319
66320,299386631,Juan Manuel,Vergara,66320
66321,120379577,Obdulia,Marquez,66321
66322,587225434,Aureliano,Andrade,66322
66323,288555518,Teodora,Azorin,66323
66324,839587395,Jafet,Chaves,66324
66325,175531431,Ana Sofia,Salas,66325
66326,748934569,Florina,Alcala,66326
66327,582805258,Erasmo,Arco,66327
66328,874539620,Poncio,Bravo,66328
66329,560513997,Natalio,Rovira,66329
66330,372580710,Amelia,Pascual,66330
66331,142416919,Demetrio,Bilbao,66331
66332,149822976,Antonio,Melero,66332
66333,792516705,Cintia,Cuevas,66333
66334,133173576,Jose Francisco,Escribano,66334
66335,359071740,Teodora,Campos,66335
66336,826810563,Ambrosio,Corral,66336
66337,215569276,Marianela,Bauza,66337
66338,476513012,Camila,Peinado,66338
66339,393045922,Salomon,Ortiz,66339
66340,487344049,Albano,Tejero,66340
66341,737976142,Teofilo,Bayo,66341
66342,160644325,Victoria,Canales,66342
66343,303321737,Fidela,Santamaria,66343
66344,879388453,Celestino,Valencia,66344
66345,325780458,Candela,Escriva,66345
66346,325012131,Ana Belen,Ruano,66346
66347,506682179,Anabel,Ballester,66347
66348,958613926,Dalila,Ferrandez,66348
66349,427680093,Irma,Mulet,66349
66350,516378502,Sigfrido,Sanchez,66350
66351,660862016,Ingrid,Paez,66351
66352,868762739,Dario,Mariscal,66352
66353,801693894,Mercedes,Caparros,66353
66354,435042169,Maria Carmen,Ropero,66354
66355,353170819,Marcia,Sanz,66355
66356,150353270,Augusto,Fortuny,66356
66357,531281422,Belen,Soria,66357
66358,596421876,Gaspar,Folch,66358
66359,717403462,Amador,Ferran,66359
66360,333107506,Sandalio,Solera,66360
66361,129071845,Adriana,Bautista,66361
66362,798324802,Daniela,Mulet,66362
66363,219365958,Marianela,Alcaraz,66363
66364,772630430,Tiburcio,Pineda,66364
66365,536766249,Elisa,Vizcaino,66365
66366,853180713,Galo,Cabello,66366
66367,936455727,Griselda,Bas,66367
66368,618555082,Alejandra,Vilalta,66368
66369,669427219,Natalio,Colomer,66369
66370,771173760,Marisa,Nebot,66370
66371,340109462,Fidel,Verdu,66371
66372,255858408,Isidro,Moreno,66372
66373,965334062,Daniel,Cornejo,66373
66374,561112804,Abilio,Moraleda,66374
66375,986552565,Ofelia,Tejera,66375
66376,789120824,Vinicio,Juan,66376
66377,222604889,Xiomara,Olive,66377
66378,957150663,Donato,Fiol,66378
66379,801673767,Vanesa,Lloret,66379
66380,273111681,Cayetana,Carmona,66380
66381,741969016,Antonio,Coll,66381
66382,706478505,Valentin,Macias,66382
66383,422178919,Jose,Santos,66383
66384,218214184,Maximino,Coll,66384
66385,477431845,Anabel,Pina,66385
66386,399173395,Graciano,Molins,66386
66387,122576876,Florencia,Conesa,66387
66388,818401311,Victorino,Boix,66388
66389,129596156,Tomas,Benitez,66389
66390,530944936,Maximiliano,Santiago,66390
66391,202768424,Amanda,Landa,66391
66392,988981458,Jose,Bueno,66392
66393,536499220,Dario,Pascual,66393
66394,671443812,Ximena,Zabala,66394
66395,867493243,Angelita,Guzman,66395
66396,316986931,Anunciacion,Tomas,66396
66397,901354766,Jose Antonio,Zamorano,66397
66398,170005743,Laura,Palomares,66398
66399,108384847,Manolo,Iniesta,66399
66400,621101596,Sigfrido,Estrada,66400
66401,811986525,Marta,Abellan,66401
66402,610964788,Maribel,Diaz,66402
66403,269477623,Ignacia,Izaguirre,66403
66404,606920257,Rene,Corbacho,66404
66405,247625575,Maria Dolores,Borrego,66405
66406,216617475,Pelayo,Alegre,66406
66407,367714051,Benigno,Rossello,66407
66408,400938476,Bartolome,Baro,66408
66409,392495250,Amelia,Tello,66409
66410,776244702,Luciano,Orozco,66410
66411,728349133,Ciriaco,Trujillo,66411
66412,237975061,Hilda,Mendez,66412
66413,377843252,Bartolome,Correa,66413
66414,538688601,Socorro,Cuadrado,66414
66415,181464496,Soraya,Guzman,66415
66416,931092454,Basilio,Barrena,66416
66417,838988956,Felipe,Arana,66417
66418,710309442,Juan Luis,Tomas,66418
66419,124118441,Iban,Ortega,66419
66420,161070553,Ezequiel,Franco,66420
66421,474252594,Ana,Matas,66421
66422,765300455,Roberta,Laguna,66422
66423,412583952,Reynaldo,Segui,66423
66424,502573400,Ariadna,Diez,66424
66425,575624507,Paz,Sotelo,66425
66426,560863324,Natanael,Polo,66426
66427,617483602,Ana Belen,Andres,66427
66428,100631070,Alejandra,Quintanilla,66428
66429,427215795,Paula,Coronado,66429
66430,418877463,Mauricio,Aguilo,66430
66431,929647989,Charo,Montana,66431
66432,232421793,Juan Jose,Campoy,66432
66433,537842287,Paloma,Vives,66433
66434,117220741,Encarnita,Guardia,66434
66435,617202415,Teodora,Santamaria,66435
66436,541639985,Yessica,Osorio,66436
66437,877056923,Porfirio,Rozas,66437
66438,603479999,Blas,Lledo,66438
66439,734341824,Tere,Montesinos,66439
66440,884933526,Viviana,Larranaga,66440
66441,188664082,Geronimo,Alcantara,66441
66442,366301465,Nilo,Tomas,66442
66443,929740748,Esmeralda,Mendizabal,66443
66444,672753047,Africa,Bastida,66444
66445,976243071,Julieta,Pedraza,66445
66446,467438023,Agapito,Chico,66446
66447,734864080,Malena,Arranz,66447
66448,639023972,Bartolome,Bonet,66448
66449,271042610,Jenny,Carro,66449
66450,983051317,Sandra,Albero,66450
66451,460419240,Nydia,Mendizabal,66451
66452,867445065,Augusto,Cuenca,66452
66453,681489100,Lazaro,Ballesteros,66453
66454,516485909,Agueda,Neira,66454
66455,193456582,Teobaldo,Mas,66455
66456,642761777,Olga,Canete,66456
66457,889369223,Celestina,Madrigal,66457
66458,894750142,Florinda,Egea,66458
66459,926837410,Fatima,Montserrat,66459
66460,586846138,Lazaro,Frutos,66460
66461,511596457,Ester,Penalver,66461
66462,567400067,Manuelita,Palomo,66462
66463,798697336,Victor,Campos,66463
66464,537995699,Amaya,Moliner,66464
66465,773602374,Yessica,Burgos,66465
66466,429490961,Martina,Torrents,66466
66467,690741990,Violeta,Cabrero,66467
66468,660677963,Alejandra,Garate,66468
66469,213598210,Cayetano,Pazos,66469
66470,840281253,Nidia,Benitez,66470
66471,443159506,Martin,Checa,66471
66472,989583192,Santos,Aroca,66472
66473,983627662,Guillermo,Huerta,66473
66474,128585002,Rosaura,Lluch,66474
66475,693640844,Amarilis,Pinto,66475
66476,143121505,Rosalinda,Barranco,66476
66477,361516344,Albina,Garate,66477
66478,311739555,Romulo,Tejero,66478
66479,155104155,Candida,Pages,66479
66480,979780777,Adoracion,Gutierrez,66480
66481,587319348,Delia,Sanz,66481
66482,729335673,Azeneth,Benitez,66482
66483,397878229,Loreto,Rivero,66483
66484,214411450,Gregorio,Menendez,66484
66485,610002081,Luciana,Mendizabal,66485
66486,969916645,Emilio,Serra,66486
66487,735641753,Marciano,Berrocal,66487
66488,270456290,Dan,Figuerola,66488
66489,784104966,Luciano,Montenegro,66489
66490,423568232,Pacifica,Serrano,66490
66491,585757302,Manu,Montenegro,66491
66492,216247451,Nerea,Villalba,66492
66493,601121601,Pio,Infante,66493
66494,985533500,Yessica,Carpio,66494
66495,957210760,Cecilio,Guardiola,66495
66496,364494154,Benita,Belda,66496
66497,284559977,Gloria,Garrido,66497
66498,628860033,Elias,Anaya,66498
66499,849399354,Concha,Lucena,66499
66500,846391462,Iris,Canas,66500
66501,345451623,Carmela,Moran,66501
66502,873121425,Flavia,Ferrandiz,66502
66503,550278325,Romulo,Gabaldon,66503
66504,243755593,Paulina,Acuna,66504
66505,491156493,Javi,Merino,66505
66506,984392272,Nadia,Pont,66506
66507,616222614,Amarilis,Salamanca,66507
66508,913612679,Vicente,Roma,66508
66509,494988740,Apolinar,Antunez,66509
66510,301388201,Alejandro,Roldan,66510
66511,994293516,Beatriz,Sureda,66511
66512,197623543,Basilio,Infante,66512
66513,798054456,Olivia,Jove,66513
66514,166595943,Isidro,Falcon,66514
66515,736566503,Albino,Mari,66515
66516,251519258,Amancio,Palacios,66516
66517,843849850,Sebastian,Leon,66517
66518,669523959,Amilcar,Perez,66518
66519,891513565,Esperanza,Sandoval,66519
66520,859329395,Nydia,Peinado,66520
66521,618805115,Hernando,Figueroa,66521
66522,260854524,Felipe,Cantero,66522
66523,169279738,Vicenta,Casal,66523
66524,776984587,Malena,Penalver,66524
66525,643884054,Magdalena,Buendia,66525
66526,456495928,Olivia,Borja,66526
66527,617589616,Tono,Cortina,66527
66528,772688957,Gabino,Barba,66528
66529,116418465,Americo,Narvaez,66529
66530,539687682,Alfredo,Lago,66530
66531,637941862,Aranzazu,Vilanova,66531
66532,807343250,Micaela,Soler,66532
66533,370685150,Valerio,Romeu,66533
66534,492058630,Maura,Llabres,66534
66535,805597323,Tiburcio,Figueras,66535
66536,890372952,Teofilo,Rivas,66536
66537,676385930,Miguel,Palomino,66537
66538,938924770,Candela,Riera,66538
66539,920740205,Antonia,Coca,66539
66540,881068808,Africa,Guzman,66540
66541,695648531,Guadalupe,Tudela,66541
66542,100804669,Emperatriz,Iniguez,66542
66543,134927884,Maria Jesus,Catala,66543
66544,134800346,Marcio,Uriarte,66544
66545,988717670,Dora,Solera,66545
66546,931552096,Benjamin,Tejero,66546
66547,491934829,Maria Angeles,Castillo,66547
66548,181990102,Charo,Batalla,66548
66549,766114952,Ema,Martin,66549
66550,573163629,Omar,Julian,66550
66551,432270176,Cecilia,Trujillo,66551
66552,179030009,Ani,Tena,66552
66553,265963420,Matilde,Fuente,66553
66554,896534844,Bautista,Ros,66554
66555,724182821,Nacio,Rueda,66555
66556,151805552,Edelmira,Serrano,66556
66557,442224610,Enrique,Jimenez,66557
66558,273597866,Gustavo,Aranda,66558
66559,489947667,Severo,Vallejo,66559
66560,731093380,Eduardo,Torres,66560
66561,474417898,Felicia,Olivares,66561
66562,526449010,Corona,Figueras,66562
66563,681667367,Julio Cesar,Mora,66563
66564,671489461,Azeneth,Galvez,66564
66565,675090563,Clotilde,Olivera,66565
66566,692266450,Dalila,Yuste,66566
66567,316567455,Jovita,Cervantes,66567
66568,853431514,Leticia,Ferrando,66568
66569,772357933,Francisca,Tejedor,66569
66570,368138022,Curro,Lago,66570
66571,175188375,Benigno,Mur,66571
66572,246224512,Genoveva,Garcia,66572
66573,890960110,Amador,Tur,66573
66574,792271353,Alejandra,Montserrat,66574
66575,984126433,Catalina,Alberola,66575
66576,991063756,Liliana,Medina,66576
66577,142253832,Leire,Aleman,66577
66578,396004655,Anselmo,Vina,66578
66579,327783281,Americo,Yanez,66579
66580,798551527,Juan Jose,Arcos,66580
66581,225563117,Maximo,Saenz,66581
66582,870058569,Mercedes,Gilabert,66582
66583,728713247,Carlito,Uribe,66583
66584,718984581,Marcos,Ripoll,66584
66585,915243053,Gisela,Montserrat,66585
66586,228502082,Juan Carlos,Sureda,66586
66587,576086155,Bernardo,Alberto,66587
66588,313988125,Marciano,Dalmau,66588
66589,710822140,Eli,Comas,66589
66590,903545207,Aurea,Coronado,66590
66591,927782571,Concepcion,Gordillo,66591
66592,166477057,Milagros,Llorens,66592
66593,136577063,Encarna,Rico,66593
66594,126036021,Clara,Estrada,66594
66595,521306722,Guadalupe,Moraleda,66595
66596,139387079,Ulises,Beltran,66596
66597,706920770,Gisela,Pedrosa,66597
66598,524762288,Raul,Fernandez,66598
66599,695229548,Marisela,Sevillano,66599
66600,719054795,Edgardo,Fabregat,66600
66601,454439384,Jimena,Gabaldon,66601
66602,168282880,Noemi,Villar,66602
66603,769397323,Nicanor,Rocamora,66603
66604,448452828,Lucho,Borras,66604
66605,696707815,Eduardo,Bas,66605
66606,215848542,Alma,Suarez,66606
66607,262061508,Fito,Asensio,66607
66608,695955478,Nicanor,Iglesias,66608
66609,129559578,Nieves,Martorell,66609
66610,768248666,Joaquin,Plaza,66610
66611,321912448,Aristides,Hernandez,66611
66612,393745546,Marianela,Martinez,66612
66613,133447096,Palmira,Chacon,66613
66614,156718167,Maria Luisa,Carnero,66614
66615,721845938,Olivia,Nadal,66615
66616,432227902,Ezequiel,Ferreras,66616
66617,608791280,Bonifacio,Porcel,66617
66618,190014976,Constanza,Barragan,66618
66619,198590336,Emiliana,Pineiro,66619
66620,493133737,Elvira,Rojas,66620
66621,206306648,Eutropio,Garces,66621
66622,130778946,Goyo,Segarra,66622
66623,139665237,Clara,Saura,66623
66624,682685128,Jose Antonio,Pelaez,66624
66625,934622399,Blanca,Amador,66625
66626,700904489,Palmira,Gimenez,66626
66627,309073979,Ariel,Luque,66627
66628,398915600,Saturnina,Escobar,66628
66629,557169895,Clotilde,Abad,66629
66630,153357578,Feliciano,Barbero,66630
66631,633589325,Palmira,Tovar,66631
66632,124794627,Francisco,Lopez,66632
66633,528537966,Elvira,Delgado,66633
66634,119559721,Zoraida,Beltran,66634
66635,887474926,Geronimo,Benitez,66635
66636,886446719,Belen,Ramon,66636
66637,607351483,Lina,Alvaro,66637
66638,142805109,Vito,Fuentes,66638
66639,231561230,Adela,Miranda,66639
66640,185970423,Cristina,Acedo,66640
66641,901386945,Ruperto,Blanca,66641
66642,200203401,Griselda,Becerra,66642
66643,628686863,Tatiana,Carbajo,66643
66644,596266517,Fausto,Quintana,66644
66645,816516021,Baltasar,Rojas,66645
66646,506398034,Carmina,Figuerola,66646
66647,439259308,Marcia,Fabregat,66647
66648,724765370,Horacio,Ramos,66648
66649,290037893,Jose,Quintero,66649
66650,543812402,Fabian,Carmona,66650
66651,190206356,Georgina,Izquierdo,66651
66652,868280430,Buenaventura,Galvez,66652
66653,470593705,Jordana,Galiano,66653
66654,471851764,Odalys,Garay,66654
66655,407945178,Paco,Mercader,66655
66656,805236118,Felix,Millan,66656
66657,222365883,Chus,Gomez,66657
66658,725780765,Serafina,Arias,66658
66659,746430243,Venceslas,Ferrandez,66659
66660,911522407,Valeria,Cervera,66660
66661,895617541,Esperanza,Palomar,66661
66662,441615895,Remedios,Casal,66662
66663,510608306,Margarita,Gallo,66663
66664,494580939,Eleuterio,Calvet,66664
66665,692506177,Miguela,Goicoechea,66665
66666,359742812,Zaira,Cespedes,66666
66667,561090330,Segismundo,Llopis,66667
66668,459723389,Apolinar,Escribano,66668
66669,452855605,Duilio,Ferrera,66669
66670,307992923,Emigdio,Briones,66670
66671,775031085,Gustavo,Tejedor,66671
66672,375578213,Joel,Marco,66672
66673,522647521,Perla,Pazos,66673
66674,339225804,Vito,Albero,66674
66675,747881080,Rene,Coll,66675
66676,183422088,Nerea,Mena,66676
66677,507764363,Natalio,Pont,66677
66678,870009399,Jacinto,Morell,66678
66679,793178737,Juanita,Requena,66679
66680,284390913,Gala,Viana,66680
66681,483526201,Candelario,Luque,66681
66682,570103101,Lola,Milla,66682
66683,243137257,Cosme,Calderon,66683
66684,639287983,Alfredo,Carvajal,66684
66685,372283744,Daniela,Cabezas,66685
66686,864307460,Dionisio,Espada,66686
66687,577866133,Rosalinda,Villalba,66687
66688,144575927,Victoria,Rosa,66688
66689,424515207,Maria Cristina,Carbonell,66689
66690,428106374,Noa,Plana,66690
66691,106616202,Zacarias,Guerrero,66691
66692,206449607,Itziar,Duran,66692
66693,750594007,Dan,Alvarado,66693
66694,365934166,Ana Sofia,Mata,66694
66695,860523833,Juan Pablo,Canellas,66695
66696,479157587,Agata,Bayo,66696
66697,239149793,Geraldo,Vaquero,66697
66698,499611512,Ale,Lozano,66698
66699,950597388,Alberto,Calatayud,66699
66700,991600789,Flor,Garay,66700
66701,475479478,Eloy,Porras,66701
66702,430443703,Obdulia,Malo,66702
66703,371237281,Luis Miguel,Gomez,66703
66704,435525091,Jesusa,Guillen,66704
66705,552437433,Abigail,Villanueva,66705
66706,612413028,Juan Carlos,Navarrete,66706
66707,198595238,Cristian,Jara,66707
66708,450183002,Hector,Pablo,66708
66709,908081428,Olivia,Barranco,66709
66710,914078048,Marcia,Lluch,66710
66711,722152576,Calista,Valles,66711
66712,444883147,Daniela,Aragones,66712
66713,115013981,Cayetana,Maza,66713
66714,431884778,Nilda,Lluch,66714
66715,698441689,Tatiana,Cordoba,66715
66716,342098001,Rufino,Pacheco,66716
66717,737588709,Haroldo,Marquez,66717
66718,219152588,Celso,Nieto,66718
66719,102025342,Vicente,Amores,66719
66720,606372265,Amada,Tello,66720
66721,940499899,Maite,Prada,66721
66722,481808286,Lucia,Penalver,66722
66723,717166089,Daniela,Salom,66723
66724,709786895,Dario,Torrens,66724
66725,197125141,Candela,Castellanos,66725
66726,254647734,Amelia,Pino,66726
66727,175258496,Heriberto,Suarez,66727
66728,761060213,Anita,Olivera,66728
66729,324515109,Jose Ramon,Carlos,66729
66730,897412439,Nicolasa,Tejedor,66730
66731,699202429,Luisa,Garriga,66731
66732,927909044,Damian,Benavent,66732
66733,986531149,Eliana,Nebot,66733
66734,261320382,Oriana,Conesa,66734
66735,801972710,Paula,Izaguirre,66735
66736,113877918,Pascuala,Carretero,66736
66737,102778233,Fatima,Artigas,66737
66738,820602365,Martina,Gimenez,66738
66739,177553585,Amarilis,Villa,66739
66740,277367529,Agapito,Figueras,66740
66741,518393772,Jessica,Menendez,66741
66742,374328131,Emelina,Ros,66742
66743,832689291,Ambar,Chico,66743
66744,869814914,Ariel,Cepeda,66744
66745,799872850,Natalia,Vega,66745
66746,322196910,Daniela,Melendez,66746
66747,400484203,Mario,Solis,66747
66748,361752953,Rosenda,Roman,66748
66749,631677451,Virgilio,Farre,66749
66750,486659249,Ambar,Reyes,66750
66751,946005047,Gracia,Miguel,66751
66752,735408383,Olalla,Puente,66752
66753,210537345,Ximena,Llado,66753
66754,566136506,Agapito,Davila,66754
66755,541666619,Teodora,Burgos,66755
66756,809607392,Guiomar,Valencia,66756
66757,315232117,Macario,Samper,66757
66758,518695650,Alejandra,Hernandez,66758
66759,667947513,Calixto,Llorens,66759
66760,203379898,Rodolfo,Angel,66760
66761,559851277,Juan Antonio,Terron,66761
66762,846106884,Olivia,Izaguirre,66762
66763,266529594,Liliana,Salas,66763
66764,990603521,Amelia,Acuna,66764
66765,160692472,Dorotea,Blazquez,66765
66766,736718276,Mauricio,Guillen,66766
66767,676793348,Isabel,Rosales,66767
66768,459606850,Eligio,Serrano,66768
66769,849507161,Cloe,Toledo,66769
66770,685670252,Quirino,Criado,66770
66771,531537684,Inigo,Benitez,66771
66772,139915936,Cintia,Portillo,66772
66773,230817585,Elisa,Rodrigo,66773
66774,660126489,Carina,Verdejo,66774
66775,143537904,Melchor,Peral,66775
66776,356998275,Azahara,Verdejo,66776
66777,180086821,Aurelia,Domingo,66777
66778,368419533,Eusebio,Alfonso,66778
66779,120712853,Benigna,Jordan,66779
66780,525023008,Roldan,Villar,66780
66781,437476179,Kike,Alvaro,66781
66782,302724449,Olalla,Lloret,66782
66783,550973307,Gema,Balaguer,66783
66784,737424066,Alejo,Bolanos,66784
66785,652514990,Bernardino,Garzon,66785
66786,475806526,Albert,Contreras,66786
66787,303543031,Bernarda,Riba,66787
66788,556514657,Aurora,Balaguer,66788
66789,152120645,Ciriaco,Vilaplana,66789
66790,171679863,Luisa,Araujo,66790
66791,903054196,Carmelita,Cabanillas,66791
66792,191418541,Josep,Vaquero,66792
66793,472466402,Leyre,Ballesteros,66793
66794,519021360,Carla,Alcolea,66794
66795,521783336,Luisa,Paz,66795
66796,673627644,Alex,Capdevila,66796
66797,176378584,Maria,Montoya,66797
66798,384156082,Marita,Bilbao,66798
66799,641335001,Carmen,Blazquez,66799
66800,125568271,Celestina,Cobo,66800
66801,342250943,Maria Jesus,Briones,66801
66802,104234240,Ursula,Codina,66802
66803,165244112,Cosme,Sanjuan,66803
66804,918993375,Maria Cristina,Pablo,66804
66805,163505319,Jose Antonio,Sanmiguel,66805
66806,346533372,Irene,Santos,66806
66807,110183751,Victor,Rios,66807
66808,941128556,Emigdio,Miro,66808
66809,447695664,Manu,Pinol,66809
66810,683348425,Aranzazu,Luz,66810
66811,638975902,Dulce,Robledo,66811
66812,239746750,Odalis,Bueno,66812
66813,352796061,Catalina,Pujadas,66813
66814,273243923,Violeta,Amaya,66814
66815,301651415,Rosalinda,Valbuena,66815
66816,643108876,Juan Jose,Abad,66816
66817,200972488,Juan,Cabrero,66817
66818,906959031,Graciano,Morante,66818
66819,572038152,Ani,Sureda,66819
66820,769011141,Heraclio,Cueto,66820
66821,546970949,Kike,Jerez,66821
66822,973504375,Ruperta,Tejedor,66822
66823,507803008,Santos,Torrijos,66823
66824,111013545,Teofilo,Hernando,66824
66825,379985624,Eduardo,Oliver,66825
66826,117068581,Macaria,Mosquera,66826
66827,573692957,Anselma,Barranco,66827
66828,687945971,Angela,Rocha,66828
66829,335930510,Noelia,Larranaga,66829
66830,901517746,Demetrio,Boix,66830
66831,386259046,Arcelia,Pedrero,66831
66832,424702397,Jose Luis,Granados,66832
66833,234180985,Angel,Elorza,66833
66834,174775363,Emigdio,Alarcon,66834
66835,161069786,Dora,Nino,66835
66836,876478661,Balduino,Abril,66836
66837,368025512,Rodolfo,Jorda,66837
66838,478092496,Salomon,Aramburu,66838
66839,394533489,Violeta,Castillo,66839
66840,735743567,Nilda,Munoz,66840
66841,549028778,Coral,Barreda,66841
66842,560131462,Berto,Pozo,66842
66843,107068149,Aranzazu,Barba,66843
66844,260070847,Valeria,Iniesta,66844
66845,587727854,Mayte,Castaneda,66845
66846,590037486,Hilario,Gordillo,66846
66847,892115799,Feliciano,Fabregat,66847
66848,429347152,Cayetana,Corral,66848
66849,790868117,Jafet,Tudela,66849
66850,378866179,Cayetano,Gelabert,66850
66851,167247292,Ricarda,Oliveras,66851
66852,190230587,Mercedes,Alsina,66852
66853,391148370,Fausto,Cisneros,66853
66854,345980982,Nereida,Espana,66854
66855,199809271,Oscar,Guardia,66855
66856,251965263,Lalo,Paniagua,66856
66857,251587387,Mariana,Vila,66857
66858,436825618,Jose Miguel,Perez,66858
66859,222172586,Tatiana,Santamaria,66859
66860,486180980,Otilia,Baeza,66860
66861,872765680,Eufemia,Aviles,66861
66862,338779085,Reyna,Canales,66862
66863,485631910,Amarilis,Bermudez,66863
66864,645565970,Abigail,Penalver,66864
66865,985941654,Jorge,Manrique,66865
66866,337199240,Pelayo,Pascual,66866
66867,307348133,Baltasar,Briones,66867
66868,864328353,Noemi,Iniesta,66868
66869,509413707,Calisto,Moliner,66869
66870,222863459,Judith,Rovira,66870
66871,917793543,Jovita,Morante,66871
66872,831665625,Agustin,Herrera,66872
66873,877400303,Serafina,Fiol,66873
66874,213712564,Juan Francisco,Carpio,66874
66875,654057102,Olalla,Juan,66875
66876,961611369,Bernardino,Pavon,66876
66877,462202233,Dulce,Mayol,66877
66878,750991355,Edelmira,Guzman,66878
66879,980423874,Vanesa,Criado,66879
66880,986077426,Liliana,Figuerola,66880
66881,510467277,Salome,Rosales,66881
66882,657308977,Juan Bautista,Bautista,66882
66883,541456524,Faustino,Mayo,66883
66884,549523709,Leire,Vazquez,66884
66885,944648785,Enrique,Castello,66885
66886,272680058,Elisa,Alba,66886
66887,905812279,Galo,Diego,66887
66888,381776876,Dan,Bermudez,66888
66889,321920787,Oscar,Aznar,66889
66890,900230383,Rafa,Perello,66890
66891,844255843,Evangelina,Clemente,66891
66892,310519841,Camilo,Gallo,66892
66893,314920080,Domingo,Segui,66893
66894,672412317,Zaira,Varela,66894
66895,550118165,Mamen,Casanova,66895
66896,402064513,Ursula,Anguita,66896
66897,709631742,Josefina,Leon,66897
66898,673906297,Paula,Roman,66898
66899,894722174,Yaiza,Fajardo,66899
66900,645442912,Glauco,Santos,66900
66901,167189539,Adriana,Toledo,66901
66902,444017911,Alfonso,Valero,66902
66903,755625616,Julio,Hoz,66903
66904,106955933,Isaias,Cano,66904
66905,355663237,Victoria,Feijoo,66905
66906,435857056,Isidora,Valle,66906
66907,335390593,Nilo,Estrada,66907
66908,517661220,Gaspar,Villegas,66908
66909,528345707,Regulo,Tejero,66909
66910,323920655,Fernanda,Cerdan,66910
66911,529929556,Leon,Narvaez,66911
66912,287737779,Evaristo,Carrasco,66912
66913,954355851,Maximo,Gonzalez,66913
66914,753499831,Graciana,Criado,66914
66915,566764795,Amor,Linares,66915
66916,637483613,Regulo,Castejon,66916
66917,397856796,Eustaquio,Manzano,66917
66918,808714089,Carmelita,Garzon,66918
66919,759997946,Galo,Plaza,66919
66920,566146100,Nelida,Morillo,66920
66921,279421477,Armida,Villegas,66921
66922,554829952,Leticia,Salinas,66922
66923,318027323,Encarnita,Ferreras,66923
66924,339309277,Jose,Oliver,66924
66925,579629114,Maxi,Cervantes,66925
66926,329141346,Amparo,Bosch,66926
66927,152822108,Graciela,Ojeda,66927
66928,291064872,Espiridion,Vergara,66928
66929,223187501,Isaac,Llado,66929
66930,472583420,Graciela,Santana,66930
66931,630474210,Azahara,Segarra,66931
66932,764338714,Inigo,Casares,66932
66933,845528629,Belen,Carbonell,66933
66934,495261444,Begona,Arteaga,66934
66935,542827221,Loreto,Boada,66935
66936,677499992,Alexandra,Prieto,66936
66937,892027092,Tito,Barbero,66937
66938,600110571,Juan,Mir,66938
66939,827136900,Cipriano,Bayo,66939
66940,614012765,Abigail,Pujol,66940
66941,849966667,Fortunata,Canovas,66941
66942,421922055,Fermin,Mora,66942
66943,896662126,Andres,Molina,66943
66944,952568910,Ale,Moraleda,66944
66945,772675443,Norberto,Costa,66945
66946,753539467,Baudelio,Alberdi,66946
66947,444570147,Benita,Olive,66947
66948,837012857,Reinaldo,Lerma,66948
66949,172334136,Rosario,Figueroa,66949
66950,905491746,Jose Carlos,Chacon,66950
66951,178720221,Edelmiro,Saldana,66951
66952,266194581,Agustin,Carrera,66952
66953,878656490,Paloma,Tolosa,66953
66954,706778649,Nestor,Pinedo,66954
66955,436722570,Raquel,Solera,66955
66956,506994161,Encarnacion,Galan,66956
66957,728843555,Vilma,Lobo,66957
66958,377780801,Porfirio,Bas,66958
66959,151774863,Herminio,Benavente,66959
66960,396729161,Inocencio,Agullo,66960
66961,423261160,Eugenio,Quesada,66961
66962,299055234,Ester,Casals,66962
66963,977169226,Saturnina,Perea,66963
66964,103383621,Mamen,Gil,66964
66965,501736452,Benito,Marco,66965
66966,146044895,Gisela,Tamayo,66966
66967,542175668,Jaime,Izaguirre,66967
66968,601314827,Ema,Heredia,66968
66969,811603667,Sandra,Blasco,66969
66970,196823829,Iban,Beltran,66970
66971,569012662,Mateo,Arias,66971
66972,379728143,Gervasio,Fajardo,66972
66973,352100592,Macario,Aguila,66973
66974,101621831,Guiomar,Jauregui,66974
66975,567380500,Ismael,Dalmau,66975
66976,476618907,Haroldo,Garzon,66976
66977,197717137,Palmira,Taboada,66977
66978,545427648,Luis,Arias,66978
66979,112608395,Eulalia,Alcantara,66979
66980,216000048,Estefania,Bejarano,66980
66981,246476797,Antonio,Landa,66981
66982,370158261,Maristela,Baena,66982
66983,554756170,Maximino,Palmer,66983
66984,431864875,Susanita,Lorenzo,66984
66985,596331640,Yolanda,Rivero,66985
66986,490710304,Narcisa,Lastra,66986
66987,145789773,Fito,Boada,66987
66988,814331424,Maura,Pinol,66988
66989,219254829,Celestino,Pujol,66989
66990,383371643,Clemente,Salazar,66990
66991,870325969,Renato,Albero,66991
66992,598504283,Maria Jose,Pereira,66992
66993,642532199,Eloisa,Manzanares,66993
66994,287598864,Beatriz,Arenas,66994
66995,800713337,Eugenio,Madrid,66995
66996,338635429,Joan,Quintero,66996
66997,760743957,Salomon,Cerdan,66997
66998,705089031,Maria Belen,Velez,66998
66999,642788841,Anibal,Vara,66999
67000,236223429,Marianela,Porcel,67000
67001,309640496,Saturnino,Cornejo,67001
67002,746145393,Eva,Lujan,67002
67003,350534138,Xavier,Tomas,67003
67004,174462901,Ana Sofia,Artigas,67004
67005,505678588,Mohamed,Pla,67005
67006,589700044,Ruperta,Aliaga,67006
67007,416307410,Rosenda,Salamanca,67007
67008,963127452,Nico,Heredia,67008
67009,827451379,Lara,Narvaez,67009
67010,902199232,Odalys,Verdu,67010
67011,156876427,Reinaldo,Sobrino,67011
67012,547634801,Ramona,Urena,67012
67013,634722651,Conrado,Seco,67013
67014,722957052,Jordan,Leon,67014
67015,600040590,Domitila,Fuente,67015
67016,895387894,Gala,Duenas,67016
67017,777270451,Zaida,Bueno,67017
67018,697308331,Anastasio,Cerro,67018
67019,114561413,Maite,Colom,67019
67020,903413300,Eutimio,Abella,67020
67021,273959154,Olegario,Polo,67021
67022,302102349,Andrea,Marti,67022
67023,766139834,Eutimio,Bastida,67023
67024,636415386,Dani,Pacheco,67024
67025,777950063,Odalys,Porras,67025
67026,237929990,Ani,Jove,67026
67027,150254472,Gilberto,Barragan,67027
67028,159427606,Maria Belen,Soler,67028
67029,439708019,Pepe,Sotelo,67029
67030,468626707,Ester,Gallardo,67030
67031,415624438,Maximiliano,Montana,67031
67032,841777340,Natividad,Pi,67032
67033,667087346,Angelita,Lloret,67033
67034,841867272,Nelida,Molins,67034
67035,287348848,Blanca,Fabra,67035
67036,578749675,Candelas,Boix,67036
67037,378322261,Amparo,Capdevila,67037
67038,936545956,Jordan,Escriva,67038
67039,734820623,Buenaventura,Sevillano,67039
67040,788587936,Nazario,Palomino,67040
67041,636868368,Ildefonso,Casals,67041
67042,335446447,Leonel,Alarcon,67042
67043,516171465,Jonatan,Araujo,67043
67044,637195531,Marcio,Benet,67044
67045,283892394,Dionisio,Sarabia,67045
67046,438530410,Socorro,Maza,67046
67047,462963122,Rufina,Gabaldon,67047
67048,742536233,Luis Angel,Vilanova,67048
67049,333474741,Marcelino,Benitez,67049
67050,231467692,Fabian,Nicolau,67050
67051,183624259,Oscar,Bartolome,67051
67052,245305056,Belen,Bernal,67052
67053,617474675,Leticia,Vendrell,67053
67054,647846036,Macaria,Giner,67054
67055,332270346,Sandalio,Alfonso,67055
67056,276252685,Tamara,Sureda,67056
67057,105463577,Amor,Criado,67057
67058,421424572,Ciro,Coll,67058
67059,114792025,Julie,Barrios,67059
67060,787890366,Soraya,Gomila,67060
67061,237250961,Juan Manuel,Mendoza,67061
67062,646226925,Maribel,Caballero,67062
67063,259528818,Eufemia,Villanueva,67063
67064,228689092,Godofredo,Saez,67064
67065,449699135,Maria Jesus,Real,67065
67066,649213053,Alba,Puente,67066
67067,659445721,Horacio,Gibert,67067
67068,554871729,Jovita,Camara,67068
67069,365498884,Federico,Vigil,67069
67070,410900582,Roxana,Cervera,67070
67071,812600027,Amor,Baquero,67071
67072,628017588,Felisa,Cabello,67072
67073,394564607,Nicolas,Tudela,67073
67074,551261386,Clotilde,Canete,67074
67075,212042159,Juan Francisco,Castrillo,67075
67076,148477554,Mayte,Solsona,67076
67077,561350839,Reynaldo,Losada,67077
67078,708787160,Macarena,Zorrilla,67078
67079,140462838,Estrella,Crespi,67079
67080,109267504,Olalla,Valcarcel,67080
67081,765365662,Reina,Calvet,67081
67082,143050018,Saturnino,Arnau,67082
67083,267330605,Segismundo,Fuster,67083
67084,267076741,Irene,Rosa,67084
67085,937522330,Adolfo,Izaguirre,67085
67086,544872322,Amada,Cortina,67086
67087,750795275,Ambrosio,Camara,67087
67088,648820419,Timoteo,Llanos,67088
67089,121547415,Josue,Penalver,67089
67090,851298962,Georgina,Colomer,67090
67091,355018387,Gracia,Cabello,67091
67092,558281109,Simon,Milla,67092
67093,664372029,Isabela,Andres,67093
67094,616536099,Otilia,Pizarro,67094
67095,485459289,Elisabet,Carbajo,67095
67096,143033032,Jose Maria,Fonseca,67096
67097,444438485,Adelardo,Maldonado,67097
67098,270430097,Rodrigo,Caballero,67098
67099,459134136,Cruz,Pineda,67099
67100,320762499,Cesar,Barroso,67100
67101,627186299,Curro,Farre,67101
67102,205946721,Angeles,Valbuena,67102
67103,777778298,Gloria,Palomar,67103
67104,307586412,Hector,Garmendia,67104
67105,988471937,Etelvina,Llobet,67105
67106,994080341,Custodio,Rocha,67106
67107,831512997,Francisco Jose,Salamanca,67107
67108,148605682,Paulina,Lerma,67108
67109,755324942,Leon,Cadenas,67109
67110,135834852,Miguela,Macias,67110
67111,186203170,Javi,Roma,67111
67112,748549812,Berta,Ochoa,67112
67113,805130682,Cruz,Quiros,67113
67114,935223207,Edelmira,Blasco,67114
67115,315360075,Urbano,Bayona,67115
67116,477496919,Macarena,Gallo,67116
67117,815461197,Florencia,Contreras,67117
67118,704261521,Modesta,Ramis,67118
67119,871131249,Jose,Mendez,67119
67120,517950482,Damian,Sosa,67120
67121,645944555,Armida,Solis,67121
67122,345673995,Prudencio,Castrillo,67122
67123,668177623,Plinio,Iglesias,67123
67124,572513835,Juan Manuel,Marques,67124
67125,381902148,Irene,Baeza,67125
67126,977493483,Ana Sofia,Valle,67126
67127,913086044,Miguel,Solsona,67127
67128,104526509,Toribio,Pereira,67128
67129,254076219,Jose Miguel,Blanca,67129
67130,898557011,Caridad,Camacho,67130
67131,846577896,Modesta,Espana,67131
67132,688268819,Consuela,Toledo,67132
67133,867338308,Victor,Hernandez,67133
67134,808831699,Encarnacion,Torralba,67134
67135,213727881,Mar,Valdes,67135
67136,479926202,Epifanio,Escudero,67136
67137,829388352,Guadalupe,Santamaria,67137
67138,295228935,Flavia,Peiro,67138
67139,900053481,Angelica,Cabeza,67139
67140,311905791,Valerio,Bayona,67140
67141,895477786,Lorenza,Pareja,67141
67142,346071046,Serafina,Llado,67142
67143,429601830,Elias,Sosa,67143
67144,695635919,Miguel,Asenjo,67144
67145,578654757,Micaela,Montes,67145
67146,329424520,Lino,Calzada,67146
67147,215021742,Osvaldo,Puga,67147
67148,271968436,Anselma,Robledo,67148
67149,110236547,Africa,Segovia,67149
67150,176713732,Fulgencio,Camps,67150
67151,138624931,Virginia,Alcantara,67151
67152,164974204,Mamen,Juarez,67152
67153,856081345,Candelas,Arregui,67153
67154,747684195,Elisabet,Solis,67154
67155,586523198,Nilo,Giner,67155
67156,144053800,Joan,Canas,67156
67157,661774029,Anastasio,Godoy,67157
67158,164962165,Itziar,Valcarcel,67158
67159,501808402,Dario,Gibert,67159
67160,379740705,Lucila,Velasco,67160
67161,637508023,Feliciano,Rodriguez,67161
67162,634103693,Angelita,Morera,67162
67163,720965684,Ainoa,Gascon,67163
67164,855560916,Luis,Bellido,67164
67165,375989282,Adelia,Sotelo,67165
67166,599197165,Jacinta,Arenas,67166
67167,206923986,Luz,Arce,67167
67168,350440424,Carlito,Tomas,67168
67169,302769024,Samuel,Robledo,67169
67170,234281144,Ale,Romeu,67170
67171,424370889,Genoveva,Morales,67171
67172,467884633,Evelia,Santana,67172
67173,494791403,Angelino,Llanos,67173
67174,273921725,Lupita,Garces,67174
67175,428188378,Teo,Neira,67175
67176,103684060,Custodia,Fabra,67176
67177,838668014,Poncio,Briones,67177
67178,109457821,Virginia,Roma,67178
67179,221529149,Zoraida,Losada,67179
67180,814360549,Adalberto,Solano,67180
67181,729293319,Juan,Domenech,67181
67182,439904395,Jessica,Caparros,67182
67183,511899085,Domingo,Balaguer,67183
67184,872188917,Ciriaco,Jove,67184
67185,446287218,Jose,Cozar,67185
67186,514616153,Amor,Marquez,67186
67187,918114214,Cecilia,Sedano,67187
67188,537058477,Nayara,Melero,67188
67189,522068827,Nazario,Pinto,67189
67190,507986573,Florinda,Rico,67190
67191,886279443,Nico,Pol,67191
67192,546493497,Maribel,Castell,67192
67193,548480500,Valero,Lujan,67193
67194,976840700,Maria Carmen,Barbero,67194
67195,605014780,Samu,Blasco,67195
67196,927025983,Lola,Ochoa,67196
67197,825280864,Rosario,Rivera,67197
67198,938766350,Magdalena,Seco,67198
67199,964174276,Augusto,Rivera,67199
67200,173419001,Jose Carlos,Alfonso,67200
67201,747194263,Federico,Morillo,67201
67202,182277827,Rosalia,Castello,67202
67203,630916364,Bernardino,Bonilla,67203
67204,313314511,Roque,Rosa,67204
67205,650152022,Alejandro,Peinado,67205
67206,208007444,Maria,Abella,67206
67207,208007771,Quique,Marcos,67207
67208,561473157,Vanesa,Tormo,67208
67209,236129360,Arturo,Diez,67209
67210,327372049,Jennifer,Bellido,67210
67211,498158548,Romulo,Carmona,67211
67212,257128095,Febe,Arnau,67212
67213,691947202,Marcelo,Royo,67213
67214,429195298,Geronimo,Cortes,67214
67215,814766395,Jeronimo,Jover,67215
67216,176916630,Josue,Camps,67216
67217,748588168,Patricia,Alba,67217
67218,331621877,Ernesto,Urena,67218
67219,643851212,Marcio,Sobrino,67219
67220,844662639,Eligio,Gabaldon,67220
67221,365052233,Nicolas,Casas,67221
67222,286643093,Ainoa,Rivas,67222
67223,826865462,Luisa,Batalla,67223
67224,787832371,Adrian,Sacristan,67224
67225,591025142,Panfilo,Arino,67225
67226,143457644,Aitana,Hernando,67226
67227,984129565,Marciano,Roldan,67227
67228,940606677,Nayara,Hoz,67228
67229,745265079,Poncio,Ballesteros,67229
67230,406433004,Ainoa,Castaneda,67230
67231,306228351,Artemio,Rincon,67231
67232,384150143,Noemi,Ruano,67232
67233,939037172,Teobaldo,Mosquera,67233
67234,227605878,Rosario,Camino,67234
67235,104399861,Eduardo,Atienza,67235
67236,449606125,Reyes,Canales,67236
67237,390243141,Estela,Villar,67237
67238,758197574,Ricardo,Gomis,67238
67239,946278329,Toribio,Parejo,67239
67240,403016255,Samuel,Porcel,67240
67241,584037807,Jordan,Almazan,67241
67242,315277565,Roberto,Ojeda,67242
67243,159376785,Jorge,Duran,67243
67244,126616522,Imelda,Riba,67244
67245,674433197,Herminia,Saenz,67245
67246,826540976,Modesta,Gibert,67246
67247,400827017,Camila,Duarte,67247
67248,974171783,Ascension,Jerez,67248
67249,428857435,Leoncio,Prieto,67249
67250,531092576,Aroa,Iniguez,67250
67251,120495225,Georgina,Tome,67251
67252,736488320,Quique,Zorrilla,67252
67253,680486302,Candelario,Exposito,67253
67254,951853558,Nazario,Amat,67254
67255,802141623,Sandra,Campo,67255
67256,590212663,Sabina,Cuadrado,67256
67257,964643139,Anselma,Salva,67257
67258,596441211,Noe,Ledesma,67258
67259,859553542,Chita,Roldan,67259
67260,762678369,Anna,Arias,67260
67261,467875721,Alonso,Contreras,67261
67262,390027524,Pastora,Mancebo,67262
67263,799771309,Benjamin,Reig,67263
67264,892731116,Teresa,Segovia,67264
67265,526868419,Micaela,Huerta,67265
67266,505815059,Amado,Castro,67266
67267,681860915,Gaspar,Barragan,67267
67268,226739927,Chita,Bonet,67268
67269,322549577,Valeria,Amores,67269
67270,326266350,Mamen,Iniesta,67270
67271,560005824,Roman,Cerezo,67271
67272,359614459,Amada,Arribas,67272
67273,422192659,Nicodemo,Cantero,67273
67274,866482482,Patricia,Figueras,67274
67275,545120956,Candelas,Soriano,67275
67276,186768803,Albano,Dieguez,67276
67277,284982731,Cristian,Galan,67277
67278,141468900,Melisa,Garate,67278
67279,499378904,Severo,Contreras,67279
67280,679049119,Genoveva,Sandoval,67280
67281,871503680,Ezequiel,Fuster,67281
67282,533827907,Lope,Dalmau,67282
67283,603336029,Joaquin,Raya,67283
67284,468357616,Luis,Garmendia,67284
67285,721480448,Carla,Urrutia,67285
67286,730836620,Julio Cesar,Benavente,67286
67287,536314491,Eliana,Sans,67287
67288,527242877,Benita,Nadal,67288
67289,368867706,Octavia,Garces,67289
67290,813332913,Iban,Pinto,67290
67291,670237258,Abril,Tenorio,67291
67292,294931117,Dulce,Beltran,67292
67293,426169058,Mariana,Guillen,67293
67294,903081680,Maria Angeles,Bauza,67294
67295,435776876,Maxi,Marmol,67295
67296,349139524,Eutropio,Lucas,67296
67297,345506280,Laura,Galvan,67297
67298,132597413,Eutimio,Yanez,67298
67299,668455653,Estefania,Serra,67299
67300,392851122,Victor,Valenzuela,67300
67301,313642376,Graciela,Garriga,67301
67302,788835307,Armida,Fiol,67302
67303,951085870,Luciana,Cuevas,67303
67304,625688815,Gloria,Murillo,67304
67305,357057040,Sara,Ribes,67305
67306,792652030,Venceslas,Ferrero,67306
67307,680621981,Carina,Romero,67307
67308,333504405,Lope,Jerez,67308
67309,342154982,Margarita,Guillen,67309
67310,832267902,Montserrat,Camacho,67310
67311,728142218,Lucho,Jauregui,67311
67312,175182921,Marino,Arino,67312
67313,776703160,Sabas,Ojeda,67313
67314,588964036,Celia,Cabanillas,67314
67315,564414924,Zaira,Arce,67315
67316,855127861,Maxi,Giron,67316
67317,661082035,Lucas,Parra,67317
67318,865144969,Javi,Pazos,67318
67319,985103372,Josefa,Sacristan,67319
67320,109465988,Luna,Franco,67320
67321,944497522,Maite,Lastra,67321
67322,191785118,Sebastian,Escudero,67322
67323,873449702,Jesusa,Valencia,67323
67324,363795768,Flavio,Bueno,67324
67325,734801653,Elisa,Santana,67325
67326,665290668,Eva Maria,Blanca,67326
67327,925013135,Odalys,Pelayo,67327
67328,442223040,Mercedes,Canovas,67328
67329,743003524,Pablo,Garcia,67329
67330,772996854,Onofre,Andres,67330
67331,981387908,Maximo,Feijoo,67331
67332,782507130,Rogelio,Ribes,67332
67333,876201213,Raquel,Marti,67333
67334,696062961,Andres,Mora,67334
67335,513421250,Gabriela,Alfaro,67335
67336,721292528,Jose,Castejon,67336
67337,797117873,Pia,Cardona,67337
67338,390274317,Valentin,Amador,67338
67339,198060442,Eleuterio,Morcillo,67339
67340,967601281,Luis,Plaza,67340
67341,228909978,Dalila,Bustos,67341
67342,958608123,Tecla,Guillen,67342
67343,289236449,Guillermo,Posada,67343
67344,373267878,Jacobo,Mas,67344
67345,412595919,Isaac,Sanjuan,67345
67346,974582373,Juan Carlos,Cordoba,67346
67347,290307608,Antonio,Arce,67347
67348,257534313,Rodrigo,Palau,67348
67349,796086068,Alex,Gallardo,67349
67350,889805066,Fito,Huguet,67350
67351,515294375,Adoracion,Baez,67351
67352,936306991,Gervasio,Alcaraz,67352
67353,219684043,Marcio,Larranaga,67353
67354,961203309,Clarisa,Arnal,67354
67355,164669965,Cintia,Cazorla,67355
67356,228364111,Santos,Ferrandez,67356
67357,402031457,Candela,Roig,67357
67358,842902452,Rufino,Angulo,67358
67359,174244613,Adela,Toledo,67359
67360,774654822,Brunilda,Canales,67360
67361,824872902,Merche,Mate,67361
67362,420557504,Prudencio,Nicolau,67362
67363,383960463,Daniel,Flores,67363
67364,605513761,German,Tellez,67364
67365,814558341,Eladio,Sanchez,67365
67366,859746477,Timoteo,Luz,67366
67367,184010695,Calista,Carmona,67367
67368,930469849,Samu,Juan,67368
67369,388537117,Guadalupe,Sureda,67369
67370,224606850,Cloe,Trujillo,67370
67371,834252922,Gabriela,Andres,67371
67372,645540744,Juan,Benet,67372
67373,889009068,Estrella,Tenorio,67373
67374,514024709,David,Bonet,67374
67375,646823200,Octavio,Nogueira,67375
67376,342196696,Carolina,Pla,67376
67377,925094749,Timoteo,Macias,67377
67378,448489296,Josefina,Gordillo,67378
67379,823551810,Tadeo,Navarrete,67379
67380,853310168,Graciela,Rincon,67380
67381,528320508,Alejandra,Capdevila,67381
67382,871619993,Macaria,Prieto,67382
67383,996103998,Adrian,Antunez,67383
67384,256377017,Josep,Tomas,67384
67385,304325818,Pancho,Pla,67385
67386,103476024,Loreto,Aroca,67386
67387,704566559,Angela,Rios,67387
67388,320848081,Graciano,Juan,67388
67389,261269162,Paca,Bilbao,67389
67390,497280868,Herminio,Llopis,67390
67391,999972310,Fanny,Guzman,67391
67392,981878024,Encarnacion,Duarte,67392
67393,177122720,Nicodemo,Segarra,67393
67394,907502998,Patricio,Ferrando,67394
67395,118446773,Maria Manuela,Cuevas,67395
67396,186631328,Fulgencio,Cervantes,67396
67397,672509079,Lucas,Porcel,67397
67398,266779080,Jose Ramon,Agullo,67398
67399,858696628,Rita,Beltran,67399
67400,890587617,Sabina,Sanchez,67400
67401,137622372,Fermin,Anton,67401
67402,421159008,Ana Belen,Saez,67402
67403,975872460,Tristan,Guitart,67403
67404,559975202,Maura,Vargas,67404
67405,913143353,Rosalva,Batlle,67405
67406,632003538,Emiliano,Egea,67406
67407,220351730,Zaida,Lumbreras,67407
67408,535702889,Anacleto,Giralt,67408
67409,785901237,Juliana,Torre,67409
67410,437544576,Jose Maria,Camara,67410
67411,895769201,Samuel,Heredia,67411
67412,804781854,Natividad,Adadia,67412
67413,474830085,Jorge,Buendia,67413
67414,452930368,Marianela,Abellan,67414
67415,507419837,Griselda,Alvarez,67415
67416,963162815,Luis Angel,Juarez,67416
67417,441155382,Jose Luis,Nunez,67417
67418,433221220,Paulino,Exposito,67418
67419,701017825,Consuelo,Guijarro,67419
67420,222349774,Chus,Ramos,67420
67421,655562966,Gema,Mercader,67421
67422,363192273,Eutimio,Montero,67422
67423,494479370,Carmina,Domenech,67423
67424,556770010,Flavia,Alcalde,67424
67425,899378890,Benigna,Noriega,67425
67426,328141050,Silvestre,Anglada,67426
67427,602006484,Haroldo,Pulido,67427
67428,616861489,Leocadia,Caparros,67428
67429,911175844,Gertrudis,Amores,67429
67430,132629992,Jose Antonio,Valbuena,67430
67431,637786318,Anastasia,Arteaga,67431
67432,791783393,Azeneth,Quero,67432
67433,946959104,Samu,Barranco,67433
67434,205220061,Severo,Lozano,67434
67435,562114941,Dorotea,Parra,67435
67436,602593951,Toni,Izaguirre,67436
67437,336586249,Ani,Goni,67437
67438,979469124,Maximiano,Salas,67438
67439,819451787,Manola,Seco,67439
67440,450049726,Candela,Sobrino,67440
67441,832796167,Florencia,Bauza,67441
67442,463046718,Custodio,Novoa,67442
67443,765716639,Luis,Novoa,67443
67444,134245754,Soledad,Teruel,67444
67445,582393463,Adrian,Canete,67445
67446,599539644,Gregorio,Mir,67446
67447,135656766,Cesar,Montana,67447
67448,241834334,Lola,Colom,67448
67449,923670519,Armida,Rius,67449
67450,676740379,Brunilda,Barroso,67450
67451,604405808,Rosaura,Arnal,67451
67452,577676288,Ana,Vidal,67452
67453,152580243,Eusebio,Llobet,67453
67454,460603875,Teobaldo,Mena,67454
67455,695173576,Fidel,Tovar,67455
67456,835066566,Baldomero,Palmer,67456
67457,306773687,Lupe,Penas,67457
67458,896807927,Cirino,Porcel,67458
67459,620159139,Jose Mari,Batlle,67459
67460,439370663,Felisa,Bauza,67460
67461,690290952,Macarena,Villalobos,67461
67462,750552460,Florencia,Moles,67462
67463,239625425,Celestina,Jimenez,67463
67464,797908003,Gil,Navarrete,67464
67465,379532886,Josefa,Escribano,67465
67466,655264283,Virgilio,Salcedo,67466
67467,512317490,Fabricio,Cabo,67467
67468,224503650,Reyes,Aguilo,67468
67469,595969148,Victorino,Bosch,67469
67470,355592495,Jose Luis,Querol,67470
67471,560901245,Edgardo,Grau,67471
67472,238189256,Fulgencio,Manuel,67472
67473,942242435,Moreno,Lujan,67473
67474,391742720,Pacifica,Escamilla,67474
67475,836411864,Xavier,Olive,67475
67476,950246103,Maria Dolores,Marti,67476
67477,796887017,David,Alcantara,67477
67478,537318011,Evelia,Paredes,67478
67479,570011498,Natanael,Nieto,67479
67480,615553600,Liliana,Mendoza,67480
67481,382121282,Aranzazu,Vicente,67481
67482,210822814,Mohamed,Sanjuan,67482
67483,562147605,Heraclio,Morcillo,67483
67484,703995912,Carmen,Bustamante,67484
67485,367381237,Chus,Samper,67485
67486,869703489,Lidia,Arnal,67486
67487,729097195,Dalila,Sales,67487
67488,379348897,Francisco Javier,Vives,67488
67489,910443290,Adelardo,Guillen,67489
67490,222424048,Gaston,Morcillo,67490
67491,951669919,Manuelita,Ferrer,67491
67492,275764789,Luis,Becerra,67492
67493,764536453,Maxi,Fonseca,67493
67494,164294695,Severino,Capdevila,67494
67495,706991799,Hermenegildo,Campillo,67495
67496,534674526,Leopoldo,Suarez,67496
67497,361325965,Casemiro,Mugica,67497
67498,912839666,Marina,Plaza,67498
67499,496374830,Pio,Nebot,67499
67500,459621853,Eutimio,Tapia,67500
67501,609213052,Bernardino,Comas,67501
67502,195495866,Anna,Nunez,67502
67503,488993327,Judith,Palomar,67503
67504,843240208,Delia,Cuesta,67504
67505,233989918,Angelino,Hernando,67505
67506,913322164,Lorena,Aznar,67506
67507,317163405,Mariano,Exposito,67507
67508,250214777,Caridad,Segura,67508
67509,977642726,Rodolfo,Puente,67509
67510,771902185,Jesusa,Raya,67510
67511,929649840,Anastasia,Pozo,67511
67512,966405344,Teobaldo,Gras,67512
67513,469217529,Luis Miguel,Agustin,67513
67514,533658795,Jose Carlos,Ochoa,67514
67515,193101045,Ruben,Albero,67515
67516,181702086,Leon,Roda,67516
67517,947870294,Romulo,Saez,67517
67518,586222660,Bonifacio,Jorda,67518
67519,623498157,Iban,Acero,67519
67520,111824553,Augusto,Ferrandez,67520
67521,786958217,Arsenio,Roman,67521
67522,956095032,Dorita,Almazan,67522
67523,733159168,Cirino,Verdejo,67523
67524,323855413,Inmaculada,Morante,67524
67525,210954255,Pia,Roda,67525
67526,155836265,Viviana,Benavides,67526
67527,765688921,Eliseo,Franco,67527
67528,886298620,Paula,Mendizabal,67528
67529,303084740,Marianela,Figuerola,67529
67530,195500646,Mario,Mayo,67530
67531,680809539,Pablo,Agudo,67531
67532,792975958,Alvaro,Manzano,67532
67533,702094697,Pepito,Moles,67533
67534,102572664,Primitiva,Delgado,67534
67535,774907508,Cecilia,Mur,67535
67536,681340392,Pili,Vazquez,67536
67537,487398746,Isaias,Alvarez,67537
67538,864860272,Concha,Solera,67538
67539,705470613,Nestor,Canellas,67539
67540,620369464,Emiliana,Jaen,67540
67541,209057429,Hilda,Riba,67541
67542,939254230,Macaria,Barbero,67542
67543,434099595,Fulgencio,Busquets,67543
67544,221956982,Yolanda,Goicoechea,67544
67545,815504664,Dorotea,Cordoba,67545
67546,392465405,Timoteo,Muro,67546
67547,225276557,Maxi,Castellanos,67547
67548,168987489,Joan,Estevez,67548
67549,821163003,Begona,Buendia,67549
67550,387790400,Haroldo,Tena,67550
67551,437088551,Cayetano,Cabeza,67551
67552,167998095,Nicolasa,Bas,67552
67553,141921736,Walter,Castaneda,67553
67554,571018610,Felicidad,Solano,67554
67555,927216418,Irma,Ayala,67555
67556,775788881,Clemente,Mercader,67556
67557,607206023,Edelmiro,Manjon,67557
67558,493764228,Godofredo,Pineiro,67558
67559,943471966,Onofre,Lopez,67559
67560,759344295,Maria Belen,Pedrosa,67560
67561,166740332,Jose Francisco,Miranda,67561
67562,932399907,Marta,Azorin,67562
67563,325649290,Albina,Ropero,67563
67564,158307642,Jesusa,Jurado,67564
67565,107428372,Ariel,Cordero,67565
67566,976252273,Diego,Torralba,67566
67567,207228408,Ingrid,Garay,67567
67568,580577043,Plinio,Exposito,67568
67569,810507798,Rosaura,Cabello,67569
67570,466840222,Jose Luis,Marmol,67570
67571,755389811,Dalila,Ortiz,67571
67572,289121059,Maximiano,Nogueira,67572
67573,307332480,Ramiro,Tur,67573
67574,607453739,Luis,Aguilo,67574
67575,158603877,Maxi,Ugarte,67575
67576,892571669,Dorotea,Infante,67576
67577,691688377,Maximino,Canovas,67577
67578,828957979,Antonia,Rocamora,67578
67579,778723206,Flora,Quiros,67579
67580,415626314,Leticia,Navarro,67580
67581,656774764,Chelo,Linares,67581
67582,373006151,Felix,Fabregat,67582
67583,798756662,Valerio,Haro,67583
67584,335030938,Jose Angel,Aguilar,67584
67585,647070477,Maximo,Aliaga,67585
67586,249489438,Fabio,Martinez,67586
67587,923301962,Zoraida,Gonzalez,67587
67588,908606623,Ascension,Simo,67588
67589,386223280,Marcia,Beltran,67589
67590,470491929,Ambar,Galvan,67590
67591,185412194,Arcelia,Gutierrez,67591
67592,193753142,Maria Belen,Prat,67592
67593,724735021,Dafne,Prada,67593
67594,540130956,Nicodemo,Cases,67594
67595,391397148,Alondra,Vigil,67595
67596,441631193,Paola,Carvajal,67596
67597,296872141,Consuelo,Castellanos,67597
67598,750386450,Sonia,Aguilo,67598
67599,821745725,Adolfo,Cerezo,67599
67600,882691055,Filomena,Codina,67600
67601,749484150,Maria Del Carmen,Laguna,67601
67602,152493268,Encarna,Sainz,67602
67603,750166076,Maxi,Manrique,67603
67604,752414888,Zoraida,Bernal,67604
67605,652481312,Onofre,Guzman,67605
67606,972899626,Fabricio,Molina,67606
67607,995091030,Javi,Mascaro,67607
67608,484676371,Joaquina,Miro,67608
67609,745320424,Jenny,Benitez,67609
67610,204114610,Jorge,Villaverde,67610
67611,623946372,Eutimio,Matas,67611
67612,202445281,Jeremias,Hidalgo,67612
67613,199979733,Juan,Tena,67613
67614,140636247,Bernardino,Cisneros,67614
67615,678031955,Delfina,Alberdi,67615
67616,200721849,Alex,Nadal,67616
67617,776367285,Luz,Arenas,67617
67618,755002714,Nestor,Moraleda,67618
67619,449573050,Francisco,Plana,67619
67620,405354783,Gregorio,Pena,67620
67621,801868724,Lazaro,Jaume,67621
67622,788157227,Hernan,Aguado,67622
67623,552758972,Fabian,Acedo,67623
67624,628945427,Estefania,Ros,67624
67625,514314444,Alcides,Carnero,67625
67626,727594323,Chita,Casado,67626
67627,194968751,Daniela,Arranz,67627
67628,115887521,Cruz,Pulido,67628
67629,146267757,Diego,Roman,67629
67630,488328452,Anselma,Prada,67630
67631,171587887,Irene,Paz,67631
67632,400110891,Leoncio,Llanos,67632
67633,285941101,Dionisia,Reina,67633
67634,513881961,Hector,Barba,67634
67635,555109340,Olivia,Andrade,67635
67636,297893788,Olimpia,Villegas,67636
67637,601579314,Barbara,Ugarte,67637
67638,133166068,Hugo,Vicens,67638
67639,569948657,Lazaro,Frias,67639
67640,167835990,Inmaculada,Carreno,67640
67641,780227304,Eufemia,Anguita,67641
67642,796861743,Mariana,Madrigal,67642
67643,200206191,Marianela,Gelabert,67643
67644,709934634,Inocencio,Salinas,67644
67645,826920741,Nadia,Ramos,67645
67646,628385966,Leonel,Solera,67646
67647,124454213,Andres Felipe,Zaragoza,67647
67648,482031312,Maximino,Canals,67648
67649,541208885,Estefania,Frias,67649
67650,879728554,Ernesto,Cornejo,67650
67651,504510308,Pacifica,Crespi,67651
67652,938263585,Ana,Carbo,67652
67653,607205560,Leandra,Barco,67653
67654,954554723,Abraham,Mas,67654
67655,628438684,Conrado,Casado,67655
67656,769958535,Salomon,Vara,67656
67657,255613083,Nuria,Pacheco,67657
67658,790456026,Poncio,Valenzuela,67658
67659,844554578,Leonel,Jaen,67659
67660,884339498,Samu,Palacio,67660
67661,272384893,Lina,Sebastian,67661
67662,204127807,Antonia,Canet,67662
67663,722640070,Esteban,Millan,67663
67664,227612210,Evaristo,Amor,67664
67665,633945161,Caridad,Reguera,67665
67666,768705661,Edmundo,Roma,67666
67667,739153921,Aura,Rueda,67667
67668,644254866,Quique,Correa,67668
67669,123704946,Gerardo,Montes,67669
67670,311980186,Fabio,Verdu,67670
67671,851986692,Eli,Llobet,67671
67672,663991732,Francisco Jose,Peiro,67672
67673,809235258,Leticia,Conde,67673
67674,248958899,Marcelino,Valero,67674
67675,896438748,Adriana,Ricart,67675
67676,330325884,Jose Maria,Artigas,67676
67677,792512818,Jeremias,Berenguer,67677
67678,101233088,Marisela,Julia,67678
67679,372424271,Pedro,Feliu,67679
67680,496005264,Fausto,Marmol,67680
67681,893397903,Curro,Lozano,67681
67682,782777266,Abraham,Pazos,67682
67683,629073674,Sigfrido,Palomares,67683
67684,282538875,Jose,Aragon,67684
67685,911474874,Edgar,Jimenez,67685
67686,548679216,Eustaquio,Carreras,67686
67687,140976726,Concepcion,Angulo,67687
67688,511280009,Gaspar,Arana,67688
67689,568756436,Gabriela,Sacristan,67689
67690,159851895,Ines,Arcos,67690
67691,232512796,Noelia,Villena,67691
67692,393196940,Aaron,Guillen,67692
67693,329374207,Dario,Pareja,67693
67694,383349313,Herminia,Simo,67694
67695,903416632,Elodia,Baquero,67695
67696,335655011,Celestina,Bello,67696
67697,485008312,Calixto,Uriarte,67697
67698,261512982,Eligia,Perea,67698
67699,298825824,Ariadna,Rovira,67699
67700,111012508,Isa,Miralles,67700
67701,954011167,Belen,Batlle,67701
67702,718402628,Azucena,Pombo,67702
67703,191961221,Antonia,Hervas,67703
67704,470735260,Marcela,Figueroa,67704
67705,168518655,Borja,Verdu,67705
67706,439228284,Ignacia,Mas,67706
67707,591930519,Fatima,Vilalta,67707
67708,504445667,Rosa,Moran,67708
67709,939773121,Arcelia,Blazquez,67709
67710,547181985,Sebastian,Alberola,67710
67711,230823126,Emilia,Yuste,67711
67712,804976568,Rosario,Portero,67712
67713,221262280,Pascuala,Alonso,67713
67714,133449325,Jose Antonio,Marino,67714
67715,765821394,Delia,Melendez,67715
67716,571642705,Anastasio,Garay,67716
67717,551409736,Dorotea,Jove,67717
67718,683725733,Rosario,Anaya,67718
67719,175492383,Ildefonso,Parejo,67719
67720,832582894,Francisco Javier,Lobato,67720
67721,603872609,Nereida,Pinedo,67721
67722,295544266,Miguel Angel,Martorell,67722
67723,783261922,Cruz,Jurado,67723
67724,992112978,Laura,Viana,67724
67725,956235837,Lola,Iniesta,67725
67726,714487048,Luis Miguel,Lillo,67726
67727,157512898,Eligio,Moles,67727
67728,406797407,Apolinar,Carretero,67728
67729,703308664,Leocadio,Rossello,67729
67730,384346648,Paola,Puerta,67730
67731,727486685,Rosalva,Iborra,67731
67732,819921808,Lalo,Carrion,67732
67733,405598851,Pacifica,Jorda,67733
67734,173725239,Estefania,Garrido,67734
67735,394622579,Jesusa,Macias,67735
67736,164910256,Severiano,Carbonell,67736
67737,629128449,Marisa,Santana,67737
67738,146535433,Soraya,Hidalgo,67738
67739,123869628,Abel,Julia,67739
67740,979060845,Amanda,Alcaraz,67740
67741,110700890,Almudena,Salva,67741
67742,248274815,Perlita,Zaragoza,67742
67743,230791064,Paloma,Canton,67743
67744,567855481,Evangelina,Hoz,67744
67745,924554931,Jordan,Pujol,67745
67746,374843717,Maria Manuela,Reig,67746
67747,791315410,Bernardita,Ferrer,67747
67748,973475824,Eleuterio,Cobo,67748
67749,148903942,Benita,Pedrero,67749
67750,788299596,Encarnita,Arias,67750
67751,558183785,Delfina,Lledo,67751
67752,733424348,Norberto,Asensio,67752
67753,153628568,Maria Fernanda,Carreras,67753
67754,991099679,Flora,Pujol,67754
67755,105649069,Carmelita,Santamaria,67755
67756,775888291,Emelina,Pi,67756
67757,827359099,Amilcar,Arana,67757
67758,825255148,Juana,Acero,67758
67759,411846247,Flora,Sola,67759
67760,208656054,Trinidad,Millan,67760
67761,667428581,Melisa,Perello,67761
67762,786859471,Olegario,Valdes,67762
67763,337162109,Lucas,Martinez,67763
67764,154024125,Fidel,Alcalde,67764
67765,195443369,Jeronimo,Jodar,67765
67766,230395181,Luna,Barbero,67766
67767,992302866,Ascension,Azcona,67767
67768,576397295,Estrella,Rocamora,67768
67769,334550629,Ismael,Plana,67769
67770,149450810,Marta,Penas,67770
67771,398065019,Otilia,Alsina,67771
67772,133436977,Mayte,Aguila,67772
67773,510426715,Eleuterio,Solana,67773
67774,187057328,Pepe,Gisbert,67774
67775,221191020,Albina,Sevillano,67775
67776,711012433,Montserrat,Soria,67776
67777,485881244,Jordan,Ojeda,67777
67778,199760869,Rogelio,Sole,67778
67779,847250652,Lola,Torrens,67779
67780,392631731,Seve,Sanchez,67780
67781,858727753,Florencia,Pomares,67781
67782,629087424,Toribio,Mayoral,67782
67783,898125362,Macario,Girona,67783
67784,377237312,Milagros,Arnaiz,67784
67785,268244654,Pio,Garriga,67785
67786,343687729,Isaura,Zapata,67786
67787,323391099,Macaria,Carretero,67787
67788,315591857,Estela,Oller,67788
67789,744080297,Ambrosio,Aguirre,67789
67790,433828655,Zacarias,Bilbao,67790
67791,185280932,Adrian,Barbero,67791
67792,256637581,Olimpia,Sanmiguel,67792
67793,862056079,Nereida,Borrell,67793
67794,557483207,Saturnino,Arellano,67794
67795,810564501,Mayte,Elorza,67795
67796,547263434,Petrona,Dalmau,67796
67797,399904126,Eva,Granados,67797
67798,560776192,Pili,Cisneros,67798
67799,613545364,Ainoa,Lago,67799
67800,899828836,Porfirio,Rosado,67800
67801,702006232,Jordana,Garcia,67801
67802,484567859,Asdrubal,Sanz,67802
67803,929817664,Sergio,Abril,67803
67804,638129965,Julia,Prieto,67804
67805,914654728,Chita,Maestre,67805
67806,881469919,Leoncio,Machado,67806
67807,465639078,Zaida,Tomas,67807
67808,791545856,Iris,Barrena,67808
67809,750624582,Merche,Gabaldon,67809
67810,204526826,Constanza,Barbero,67810
67811,989844898,Saturnina,Rosales,67811
67812,727235192,Serafina,Posada,67812
67813,703706733,Severiano,Serrano,67813
67814,641491405,Jose Mari,Sabater,67814
67815,479514552,Estefania,Borras,67815
67816,780979358,Olalla,Moraleda,67816
67817,549254263,Nereida,Izquierdo,67817
67818,376798494,Esther,Estrada,67818
67819,272764292,Lara,Herranz,67819
67820,401559908,Maximiano,Castellanos,67820
67821,505614103,Armida,Pastor,67821
67822,337623645,Maria Dolores,Zapata,67822
67823,917343946,Maria Pilar,Baro,67823
67824,583423717,Teresita,Ramis,67824
67825,883548886,Paz,Alcolea,67825
67826,727918220,Ruth,Castrillo,67826
67827,372016710,Judith,Ugarte,67827
67828,578579017,Balduino,Cortes,67828
67829,248665451,Hilario,Roma,67829
67830,242317664,Ramiro,Enriquez,67830
67831,727050068,Amaro,Sobrino,67831
67832,506604885,Octavio,Blanes,67832
67833,231811290,Lucas,Crespo,67833
67834,839791400,Anselmo,Garrido,67834
67835,787490741,Adela,Munoz,67835
67836,413777561,Brunilda,Roda,67836
67837,172292610,Abel,Canizares,67837
67838,474447006,Jordana,Cifuentes,67838
67839,433098123,Ana Sofia,Lluch,67839
67840,962392775,Febe,Ortiz,67840
67841,613248172,Juanito,Iriarte,67841
67842,614457320,Bruno,Salmeron,67842
67843,182269069,Celso,Ricart,67843
67844,806670107,Maricela,Jaume,67844
67845,982581728,Aura,Pons,67845
67846,212707010,Osvaldo,Aroca,67846
67847,563400941,Natalia,Sala,67847
67848,765137679,Marisela,Rivas,67848
67849,868743227,Cornelio,Arenas,67849
67850,231946938,Miguel Angel,Abad,67850
67851,260732417,Merche,Esparza,67851
67852,871010345,Caridad,Antunez,67852
67853,784580978,Mar,Espanol,67853
67854,756089160,Martina,Pazos,67854
67855,146271848,Bartolome,Hernandez,67855
67856,190647621,Sebastian,Ferrando,67856
67857,161676882,Regina,Olmo,67857
67858,458741693,Matias,Castillo,67858
67859,212870924,Micaela,Miralles,67859
67860,624235245,Florentina,Hernandez,67860
67861,561966944,Saturnino,Moran,67861
67862,430712326,Cirino,Otero,67862
67863,382735258,Amado,Lopez,67863
67864,664605415,Asdrubal,Escolano,67864
67865,341698968,Aurea,Mari,67865
67866,397956649,Marcelo,Flor,67866
67867,974710841,Luis Angel,Aviles,67867
67868,340261051,Merche,Checa,67868
67869,782124872,Diego,Diez,67869
67870,954508680,Xavier,Padilla,67870
67871,699673819,Haroldo,Hervas,67871
67872,856365843,Isaura,Ocana,67872
67873,811578581,Azucena,Sebastian,67873
67874,267626668,Dora,Iglesias,67874
67875,862553673,Nilda,Vega,67875
67876,954350702,Roberto,Iglesia,67876
67877,519311285,Lucio,Osorio,67877
67878,498068054,Maria Jesus,Caparros,67878
67879,723314264,Augusto,Pastor,67879
67880,686254916,Ezequiel,Rozas,67880
67881,509501880,Melania,Clemente,67881
67882,335395186,Esperanza,Rubio,67882
67883,420255722,Matilde,Tena,67883
67884,279812237,Begona,Canas,67884
67885,892600656,Nuria,Quevedo,67885
67886,488175571,Celia,Alegria,67886
67887,456261645,Eusebio,Borrell,67887
67888,237398947,Andres,Revilla,67888
67889,451798632,Martina,Romeu,67889
67890,835562366,Palmira,Tena,67890
67891,861659170,Victoriano,Hervia,67891
67892,205183327,Toni,Exposito,67892
67893,705025460,Juanita,Valdes,67893
67894,330948399,Teodosio,Busquets,67894
67895,730041311,Leocadia,Leiva,67895
67896,788338528,Apolonia,Nino,67896
67897,635890905,Cirino,Tovar,67897
67898,764026522,Vicenta,Querol,67898
67899,914892619,Raquel,Antunez,67899
67900,732105443,Josue,Palomino,67900
67901,781472902,Epifanio,Arcos,67901
67902,879241097,Manu,Villegas,67902
67903,141298463,Macario,Gomila,67903
67904,112008984,Silvia,Chaves,67904
67905,576589995,Sosimo,Gil,67905
67906,321367080,Azucena,Llamas,67906
67907,404793434,Delfina,Aroca,67907
67908,117115135,Miguela,Pena,67908
67909,211187877,Anastasia,Menendez,67909
67910,976063804,Moreno,Villegas,67910
67911,606630662,Lupe,Milla,67911
67912,634958206,Purificacion,Diaz,67912
67913,296935321,Ale,Castrillo,67913
67914,841670924,Nydia,Sanchez,67914
67915,244192166,Maria,Romeu,67915
67916,139415675,Yago,Santamaria,67916
67917,323647909,Natalio,Amaya,67917
67918,823590904,Noemi,Elias,67918
67919,948562633,Fermin,Cabo,67919
67920,561811446,Miguela,Cabo,67920
67921,542298619,Narcisa,Mur,67921
67922,286091984,Nazaret,Mulet,67922
67923,426795149,Miguel,Marmol,67923
67924,359908048,Berto,Manuel,67924
67925,119155315,Fermin,Vara,67925
67926,512944066,Concha,Tejera,67926
67927,258695420,Carmela,Vall,67927
67928,933344500,Aaron,Aramburu,67928
67929,978950778,Quique,Arnal,67929
67930,913606367,America,Saldana,67930
67931,514573717,Albert,Llorente,67931
67932,801049581,Jaime,Viana,67932
67933,565302813,Dora,Izquierdo,67933
67934,218946530,Eustaquio,Vilanova,67934
67935,276321413,Primitivo,Huguet,67935
67936,301408338,Heriberto,Marcos,67936
67937,367691936,Anita,Llamas,67937
67938,875759155,Carmelita,Castello,67938
67939,431551221,Agapito,Saldana,67939
67940,117811324,Albano,Alegria,67940
67941,270746717,Marita,Jerez,67941
67942,319250180,Jenaro,Guillen,67942
67943,115493200,Alba,Hernando,67943
67944,274122238,Victor Manuel,Garcia,67944
67945,869595840,Daniel,Alamo,67945
67946,259053521,Nilo,Chaves,67946
67947,971652550,Isaac,Herranz,67947
67948,257719973,Inocencio,Arteaga,67948
67949,994083016,Ofelia,Espada,67949
67950,948687161,Inigo,Merino,67950
67951,836401331,Fabiola,Checa,67951
67952,725801223,Cornelio,Izquierdo,67952
67953,818015971,Ruben,Iborra,67953
67954,818634987,Begona,Bauza,67954
67955,470081995,Edgar,Giron,67955
67956,178544954,Fanny,Agustin,67956
67957,309137675,America,Falco,67957
67958,516044412,Walter,Rey,67958
67959,527093444,Virginia,Espinosa,67959
67960,892396263,Loreto,Villar,67960
67961,717527450,Severiano,Roda,67961
67962,829305503,Ivan,Ayuso,67962
67963,252504901,Amor,Valdes,67963
67964,890497927,Nazaret,Perea,67964
67965,672327597,Lucio,Saldana,67965
67966,455243878,Amancio,Cuellar,67966
67967,448764083,Manuel,Zurita,67967
67968,428381984,Joel,Cervera,67968
67969,852642996,Maximiliano,Vergara,67969
67970,317106504,Nuria,Polo,67970
67971,594486929,Ligia,Rey,67971
67972,677226386,Alexandra,Guitart,67972
67973,888880692,Otilia,Penalver,67973
67974,149245840,Nicolas,Cerda,67974
67975,372802908,Jovita,Larrea,67975
67976,974983107,Jordana,Morcillo,67976
67977,998354770,Luna,Lledo,67977
67978,197275913,Eloisa,Beltran,67978
67979,661652723,Patricia,Penas,67979
67980,928849807,Raquel,Galiano,67980
67981,710275288,Eliseo,Baez,67981
67982,803805200,Amada,Ribera,67982
67983,780140951,Jose Carlos,Barrena,67983
67984,159499144,Maxima,Aragones,67984
67985,967648855,Anacleto,Elorza,67985
67986,165771378,Oriana,Bru,67986
67987,411428747,Ainara,Bru,67987
67988,908390886,Marcio,Tolosa,67988
67989,608374981,Candelario,Paez,67989
67990,752906086,Xavier,Rozas,67990
67991,804688199,Iban,Salom,67991
67992,662418863,Paulina,Gamez,67992
67993,615548420,Adelaida,Abella,67993
67994,735594456,America,Granados,67994
67995,789780104,Nerea,Duenas,67995
67996,755425340,Alfonso,Guardiola,67996
67997,221595837,Epifanio,Bertran,67997
67998,591430090,Apolonia,Barranco,67998
67999,933137459,Francisco Javier,Ortega,67999
68000,714020812,Martirio,Domenech,68000
68001,859602166,Gilberto,Burgos,68001
68002,500521560,Serafina,Girona,68002
68003,121140356,Rosario,Vila,68003
68004,951453862,Florentino,Canas,68004
68005,629382970,Sofia,Lamas,68005
68006,450577057,Africa,Quiroga,68006
68007,517486176,Baldomero,Galvan,68007
68008,933552522,Walter,Valderrama,68008
68009,173980863,Lucho,Anton,68009
68010,975196859,Angeles,Duque,68010
68011,438521565,Elena,Torres,68011
68012,367885381,Nacho,Grande,68012
68013,882964096,Carmelita,Juarez,68013
68014,975620200,Azahara,Berrocal,68014
68015,992609855,Melania,Asenjo,68015
68016,865083666,Lola,Amoros,68016
68017,771474473,Paola,Nicolau,68017
68018,536499768,Juanita,Julia,68018
68019,791880596,Noemi,Cortes,68019
68020,489475384,Edelmiro,Munoz,68020
68021,197358939,Demetrio,Ponce,68021
68022,246065041,Melchor,Salamanca,68022
68023,205440957,Lourdes,Blazquez,68023
68024,129788970,Odalis,Lerma,68024
68025,515456193,Aranzazu,Velazquez,68025
68026,373953118,Constanza,Valbuena,68026
68027,873484350,Camila,Hierro,68027
68028,211601988,Demetrio,Alcala,68028
68029,481401304,Jose Manuel,Tormo,68029
68030,728704030,Ana Sofia,Chacon,68030
68031,628152811,Aura,Amigo,68031
68032,989530769,Encarnacion,Carmona,68032
68033,305852347,Perlita,Sebastian,68033
68034,820306435,Ruperto,Arnaiz,68034
68035,178675126,Paca,Cifuentes,68035
68036,630948075,Leoncio,Arribas,68036
68037,858102336,Amor,Cabrera,68037
68038,864868391,Raul,Barcelo,68038
68039,589739578,Merche,Iniguez,68039
68040,821846450,Claudia,Abascal,68040
68041,597440246,Moreno,Montesinos,68041
68042,326775476,Gerardo,Briones,68042
68043,706522597,Flavio,Morillo,68043
68044,538250190,Rafa,Galan,68044
68045,834944343,Manolo,Salazar,68045
68046,467037958,Federico,Fajardo,68046
68047,192615499,Manu,Jordan,68047
68048,222898295,Domitila,Palomar,68048
68049,938355556,Lino,Morcillo,68049
68050,449782902,Eloisa,Ricart,68050
68051,239921109,Epifanio,Mayo,68051
68052,987901181,Aureliano,Tomas,68052
68053,704043854,Pascuala,Palomino,68053
68054,999071484,Pastora,Rincon,68054
68055,194024538,Narcisa,Marquez,68055
68056,149990758,Mar,Ribes,68056
68057,647006655,Rene,Almansa,68057
68058,398238691,Nacio,Exposito,68058
68059,225677198,Julio Cesar,Valentin,68059
68060,458155981,Guillermo,Diaz,68060
68061,589268910,Adalberto,Armengol,68061
68062,129990923,Benigno,Gimeno,68062
68063,487613370,Martin,Olivera,68063
68064,723783546,Georgina,Linares,68064
68065,239444271,Vilma,Bayona,68065
68066,969343144,Bonifacio,Somoza,68066
68067,622787257,Graciana,Ochoa,68067
68068,309474990,Alex,Cobos,68068
68069,616205251,Estefania,Gomis,68069
68070,569820125,Pili,Calatayud,68070
68071,495150176,Sosimo,Ramirez,68071
68072,563166292,David,Sierra,68072
68073,387356106,Adoracion,Arias,68073
68074,832979822,Osvaldo,Herranz,68074
68075,804522591,Lupe,Esteban,68075
68076,731424572,Chus,Domingo,68076
68077,296834402,Lupe,Anton,68077
68078,299843754,Vidal,Vaquero,68078
68079,954183393,Jose Luis,Moran,68079
68080,775570481,Jeremias,Olmedo,68080
68081,688207309,Sonia,Rios,68081
68082,285588272,Lalo,Zorrilla,68082
68083,132554711,Sabina,Rocha,68083
68084,510684691,Felipa,Rojas,68084
68085,923752060,Luis Angel,Madrigal,68085
68086,555750937,Maria Dolores,Isern,68086
68087,834895705,Antonio,Jerez,68087
68088,263590296,Celia,Noguera,68088
68089,263864055,Jose Luis,Montana,68089
68090,951307450,Montserrat,Carbo,68090
68091,445495136,Fabiana,Lopez,68091
68092,221942500,Adora,Buendia,68092
68093,716668581,Andres Felipe,Guzman,68093
68094,319786805,Anastasio,Montesinos,68094
68095,172465383,Maura,Rosello,68095
68096,958462729,Cristian,Fajardo,68096
68097,717167583,Evita,Mesa,68097
68098,927796927,Ruperta,Cid,68098
68099,733155229,Pepita,Benitez,68099
68100,714653816,Lino,Jorda,68100
68101,763417330,Noe,Ramos,68101
68102,623518245,Manolo,Salas,68102
68103,702724977,Arsenio,Samper,68103
68104,732842381,Sancho,Arias,68104
68105,605710276,Carlos,Elorza,68105
68106,437832764,Evita,Barros,68106
68107,918682654,Armida,Portero,68107
68108,580754652,Ximena,Mir,68108
68109,612296477,Roque,Hurtado,68109
68110,522005209,Flavia,Reguera,68110
68111,249705076,Dan,Cortina,68111
68112,870103123,Morena,Barbero,68112
68113,330386157,Julia,Benavides,68113
68114,339750228,Carmelo,Mena,68114
68115,347007051,Barbara,Mayol,68115
68116,748098528,Carmela,Noguera,68116
68117,779814714,Catalina,Hidalgo,68117
68118,924180048,Maximino,Navas,68118
68119,909065140,Anabel,Vina,68119
68120,430116248,Cosme,Hierro,68120
68121,749503121,Borja,Reguera,68121
68122,878006866,Ascension,Pizarro,68122
68123,811150801,Pepita,Viana,68123
68124,325872476,Carlos,Lobo,68124
68125,511118719,Veronica,Osuna,68125
68126,861600807,Lino,Benavides,68126
68127,803554069,Valentin,Tomas,68127
68128,528558084,Maxi,Recio,68128
68129,627471789,Miguel,Pina,68129
68130,117514039,Isidoro,Benitez,68130
68131,163895688,Rafa,Chacon,68131
68132,890689551,Samuel,Jaen,68132
68133,366117393,Paco,Oller,68133
68134,264698226,Fabricio,Oliveras,68134
68135,563180236,Gregorio,Cobos,68135
68136,902554429,Emiliano,Amat,68136
68137,128253952,Ines,Paz,68137
68138,573944577,Benita,Merino,68138
68139,450698170,Mariano,Maldonado,68139
68140,772133524,Consuelo,Barranco,68140
68141,490226968,Paloma,Vega,68141
68142,744897206,Luna,Nevado,68142
68143,136055817,Reyes,Chamorro,68143
68144,726132579,Felicidad,Sobrino,68144
68145,502768571,Jesusa,Calvet,68145
68146,840072504,Roman,Bayon,68146
68147,447991921,Maristela,Calleja,68147
68148,775745259,Juana,Pinto,68148
68149,319013951,Imelda,Goicoechea,68149
68150,250541725,Tristan,Iniguez,68150
68151,700949978,Hilda,Boada,68151
68152,945455947,Noelia,Serrano,68152
68153,696212858,Azahar,Peinado,68153
68154,105201698,Marina,Naranjo,68154
68155,221710549,Adora,Ferrero,68155
68156,147350701,Porfirio,Silva,68156
68157,501765237,Anna,Tellez,68157
68158,618217474,Miguel Angel,Lujan,68158
68159,269714129,Paz,Marques,68159
68160,778168156,Miriam,Casals,68160
68161,376645902,Vidal,Real,68161
68162,646327968,Adela,Macias,68162
68163,220937960,Ana,Valle,68163
68164,169183516,Chucho,Hernandez,68164
68165,387184596,Morena,Rio,68165
68166,928746179,Guiomar,Zorrilla,68166
68167,445737379,Nereida,Nogueira,68167
68168,630090290,Evelia,Arranz,68168
68169,529310938,Marisol,Tena,68169
68170,239216920,Raimundo,Alfonso,68170
68171,113246220,Edu,Aviles,68171
68172,321526749,Pelayo,Exposito,68172
68173,477560055,Albano,Valenciano,68173
68174,509500553,Maria Teresa,Salvador,68174
68175,542860647,Nydia,Amo,68175
68176,456908888,Luis,Marti,68176
68177,750663855,Juan Bautista,Iniesta,68177
68178,952100038,Abigail,Lillo,68178
68179,522794364,Adelaida,Pina,68179
68180,579057986,Liliana,Mancebo,68180
68181,646751003,Rosaura,Manzanares,68181
68182,445122463,Pelayo,Galvez,68182
68183,584708374,Leonardo,Gallardo,68183
68184,514293266,Felix,Miguel,68184
68185,192839738,Leonardo,Falcon,68185
68186,729494004,Amando,Nunez,68186
68187,643566274,Teodora,Ferrero,68187
68188,488996980,Andres Felipe,Escamilla,68188
68189,625178653,Amador,Ocana,68189
68190,470669629,Fito,Canovas,68190
68191,921352511,Africa,Mayoral,68191
68192,669230811,Ale,Cabello,68192
68193,704761008,Azahara,Soto,68193
68194,389193566,Omar,Cortina,68194
68195,930910751,Edu,Yanez,68195
68196,420972233,Isabela,Agudo,68196
68197,370595837,Teo,Alemany,68197
68198,306215545,Eufemia,Baro,68198
68199,552264908,Noelia,Puerta,68199
68200,665979136,Angela,Morillo,68200
68201,361533149,Felisa,Montesinos,68201
68202,369189890,Cristobal,Anglada,68202
68203,623323208,Maria Pilar,Canals,68203
68204,871092231,Paloma,Infante,68204
68205,293639150,Maxima,Vilar,68205
68206,960949763,Tania,Pombo,68206
68207,876565020,Inocencio,Barbera,68207
68208,139364409,Ernesto,Bilbao,68208
68209,532891816,Rosa,Morales,68209
68210,289014202,Julio,Espanol,68210
68211,895169824,Angelica,Rivero,68211
68212,526415113,Zaira,Sastre,68212
68213,731904155,Danilo,Malo,68213
68214,583089994,Rolando,Beltran,68214
68215,835346792,Pablo,Bilbao,68215
68216,474229139,Ovidio,Quintana,68216
68217,680645130,Lucas,Bru,68217
68218,703266513,Valero,Roldan,68218
68219,551149777,Emilio,Uriarte,68219
68220,850643341,Ruperta,Gracia,68220
68221,863753111,Miriam,Belmonte,68221
68222,880894266,Lara,Pinilla,68222
68223,717942088,Flavio,Montana,68223
68224,988476357,Benigno,Palacio,68224
68225,383331595,Ciriaco,Simo,68225
68226,434331775,Rebeca,Amo,68226
68227,205715102,Tono,Menendez,68227
68228,948721405,Caridad,Font,68228
68229,914723968,Judith,Ricart,68229
68230,436085035,Maxima,Castell,68230
68231,553887795,Rosa Maria,Salamanca,68231
68232,632143819,Adrian,Cerro,68232
68233,263409182,Adrian,Domenech,68233
68234,581784575,Almudena,Acosta,68234
68235,260750619,Fulgencio,Riera,68235
68236,878800685,Cesar,Melendez,68236
68237,512928272,Estela,Mir,68237
68238,834713893,Quique,Villalba,68238
68239,474435758,Ignacia,Pulido,68239
68240,672725154,Ainoa,Rico,68240
68241,386849389,Antonia,Bosch,68241
68242,642669106,Daniel,Priego,68242
68243,811766545,Hermenegildo,Morera,68243
68244,252326922,Isabel,Cerezo,68244
68245,511820229,Isidora,Gaya,68245
68246,724124077,Custodio,Sanchez,68246
68247,940774011,Luz,Dominguez,68247
68248,980333403,Maria Cristina,Mur,68248
68249,472011417,Curro,Poza,68249
68250,768238778,David,Fajardo,68250
68251,716650177,Natanael,Farre,68251
68252,751486546,Maura,Mena,68252
68253,778172881,Severiano,Arellano,68253
68254,871702396,Emigdio,Daza,68254
68255,202252308,Andres,Salgado,68255
68256,764355150,Eligia,Galan,68256
68257,628072979,Blanca,Cerro,68257
68258,955475351,Aurelio,Macias,68258
68259,606623742,Amaya,Gonzalez,68259
68260,251658489,Ofelia,Falcon,68260
68261,998787975,Itziar,Penas,68261
68262,896230393,Angelina,Benitez,68262
68263,513875273,Moises,Miralles,68263
68264,357793168,Juan Manuel,Baquero,68264
68265,172502095,Borja,Hernandez,68265
68266,214827299,Nayara,Gordillo,68266
68267,828340278,Artemio,Huertas,68267
68268,962304418,Maxi,Fonseca,68268
68269,130147057,Jonatan,Gonzalez,68269
68270,462903777,Salvador,Barrena,68270
68271,149958071,Manu,Ferrero,68271
68272,607583999,Sebastian,Valencia,68272
68273,551309176,Maxi,Castello,68273
68274,559859768,Quirino,Serrano,68274
68275,878527993,Nydia,Capdevila,68275
68276,173787374,Antonio,Luna,68276
68277,941765642,Blanca,Cardona,68277
68278,917161495,Rosalva,Lledo,68278
68279,932038561,Patricio,Hoyos,68279
68280,708847216,Valerio,Sanjuan,68280
68281,546463203,Calisto,Rubio,68281
68282,350656896,Espiridion,Guzman,68282
68283,441532279,Febe,Querol,68283
68284,893258558,Andrea,Amaya,68284
68285,822922196,Maura,Corral,68285
68286,794820064,Agustina,Duque,68286
68287,296698808,Desiderio,Esteve,68287
68288,221677345,Josefa,Blanch,68288
68289,852999968,David,Lorenzo,68289
68290,307997086,Angelino,Aguila,68290
68291,537725401,Alfredo,Frias,68291
68292,468603391,Eleuterio,Recio,68292
68293,243562413,Domingo,Hierro,68293
68294,819423081,Jose Antonio,Villalobos,68294
68295,342639259,Gonzalo,Coloma,68295
68296,198022223,Nayara,Anguita,68296
68297,234698153,Jaime,Cervera,68297
68298,793931921,Rosario,Sureda,68298
68299,530476971,Rosario,Casas,68299
68300,588556158,Nazaret,Jimenez,68300
68301,641004443,Modesto,Rocha,68301
68302,692939526,Nuria,Acuna,68302
68303,374449680,Malena,Dalmau,68303
68304,482925519,Sosimo,Galindo,68304
68305,176709544,Fortunato,Jimenez,68305
68306,645555973,Aurea,Pastor,68306
68307,612157419,Agustina,Carballo,68307
68308,128951700,Jose Antonio,Duenas,68308
68309,289243831,Maricela,Barragan,68309
68310,332228063,Manuel,Aleman,68310
68311,940376510,Clara,Bernal,68311
68312,938703132,Julio Cesar,Mate,68312
68313,381833787,Celestina,Barcena,68313
68314,429981460,Pepito,Esparza,68314
68315,890975319,Leocadia,Piquer,68315
68316,575519152,David,Arce,68316
68317,815293378,Isidro,Murillo,68317
68318,727170652,Perla,Grande,68318
68319,543463651,Leon,Benavente,68319
68320,846780782,Abel,Tamayo,68320
68321,394100365,Carolina,Fuente,68321
68322,761389174,Dan,Catalan,68322
68323,105483463,Xavier,Calvo,68323
68324,434314043,Pepito,Lara,68324
68325,525786833,Goyo,Parejo,68325
68326,787771754,Jose,Tamarit,68326
68327,502981152,Cosme,Sarmiento,68327
68328,193111570,Delia,Colom,68328
68329,621819564,Sara,Martinez,68329
68330,841548685,Encarna,Tejera,68330
68331,213403324,Chus,Murcia,68331
68332,716921210,Paulina,Murcia,68332
68333,987125887,Jacinta,Cabezas,68333
68334,215873775,Edgar,Sarmiento,68334
68335,259389839,Eleuterio,Ferreras,68335
68336,569814047,Irene,Agullo,68336
68337,984162879,Fito,Fortuny,68337
68338,747251941,Lino,Rebollo,68338
68339,496163837,Elpidio,Haro,68339
68340,701622687,Daniela,Suarez,68340
68341,898129521,Segismundo,Hervas,68341
68342,591363327,Carina,Bonilla,68342
68343,432135358,Purificacion,Llabres,68343
68344,985168291,Dorotea,Otero,68344
68345,245810665,Rosalinda,Cabanas,68345
68346,887103091,Simon,Bayon,68346
68347,507902623,Marisol,Baro,68347
68348,741915171,Lazaro,Rossello,68348
68349,448686456,Sergio,Prado,68349
68350,808970912,Roman,Pont,68350
68351,283071060,Angelita,Alvarado,68351
68352,195204773,Alicia,Penas,68352
68353,412834607,Alma,Francisco,68353
68354,165468891,Nydia,Noriega,68354
68355,694038071,Priscila,Valles,68355
68356,505881615,Isabel,Clavero,68356
68357,706094648,Ariel,Arellano,68357
68358,652717891,Norberto,Cornejo,68358
68359,575764756,Marcos,Uribe,68359
68360,871075165,Nazaret,Pons,68360
68361,969994448,Manolo,Mariscal,68361
68362,341135105,Amado,Marcos,68362
68363,849698375,Pilar,Segura,68363
68364,399126908,Feliciana,Rivas,68364
68365,132775511,Eugenia,Caro,68365
68366,820255002,Alejandro,Andreu,68366
68367,797125589,Galo,Maestre,68367
68368,239771000,Fabricio,Murcia,68368
68369,721339253,Filomena,Hervia,68369
68370,126539930,Maria Jesus,Calderon,68370
68371,374124490,Panfilo,Isern,68371
68372,794995616,Dorita,Diez,68372
68373,400923789,Elba,Alfaro,68373
68374,345540402,Edgar,Toro,68374
68375,885965517,Maricruz,Arribas,68375
68376,274832276,Rosalina,Conde,68376
68377,888173987,Estela,Duenas,68377
68378,829132588,Fidel,Galiano,68378
68379,674846657,Teresita,Machado,68379
68380,666325738,Rodrigo,Flores,68380
68381,296434004,Tere,Lara,68381
68382,732516465,Blas,Querol,68382
68383,370497805,Pepita,Saez,68383
68384,855343452,Camilo,Clemente,68384
68385,727993400,Luis,Dominguez,68385
68386,910095554,Conrado,Andres,68386
68387,921474955,Mercedes,Villar,68387
68388,837580043,Cebrian,Perez,68388
68389,579640439,Chema,Mosquera,68389
68390,741628213,Abigail,Soler,68390
68391,547980831,Eva Maria,Rio,68391
68392,232681436,Lorena,Azorin,68392
68393,936604253,Narcisa,Camps,68393
68394,549563700,Reinaldo,Pino,68394
68395,279488985,Mohamed,Batlle,68395
68396,272526832,Olimpia,Badia,68396
68397,244158501,Pepita,Rojas,68397
68398,225483474,Zacarias,Valero,68398
68399,921918740,Julian,Perea,68399
68400,565642730,Jennifer,Valverde,68400
68401,895757333,Miguel,Lasa,68401
68402,193862111,Nydia,Yuste,68402
68403,294083958,Inmaculada,Pombo,68403
68404,547631588,Pepita,Tomas,68404
68405,627274109,Victor Manuel,Tejera,68405
68406,567904675,Jose Antonio,Osorio,68406
68407,112600371,Ester,Marmol,68407
68408,498234433,Claudia,Bernat,68408
68409,649367108,Berta,Zaragoza,68409
68410,759118539,Angelino,Llopis,68410
68411,621038992,Josefina,Lopez,68411
68412,272912374,Oriana,Gomis,68412
68413,245941106,Natalio,Barrio,68413
68414,795386195,Luis,Trillo,68414
68415,222660406,Jimena,Barriga,68415
68416,669500092,Lucia,Samper,68416
68417,286752791,Ainoa,Bayon,68417
68418,656276424,Florentino,Estrada,68418
68419,244692615,Eli,Garrido,68419
68420,879610556,Gisela,Amor,68420
68421,657554102,Angelica,Mata,68421
68422,538464132,Prudencia,Ricart,68422
68423,461577969,Alvaro,Montesinos,68423
68424,719669232,Augusto,Corbacho,68424
68425,439841407,Nico,Gonzalo,68425
68426,125600779,Eligia,Alonso,68426
68427,486804699,Monica,Villanueva,68427
68428,330970541,Abel,Ferrandiz,68428
68429,803125698,Teo,Mas,68429
68430,224063395,Julia,Catala,68430
68431,548110368,Coral,Rovira,68431
68432,831816491,Lucas,Juarez,68432
68433,744004867,Faustino,Uria,68433
68434,561376526,Julio Cesar,Manrique,68434
68435,258633854,Ainoa,Uria,68435
68436,807305155,Florentino,Bustos,68436
68437,653880653,Benito,Cordoba,68437
68438,497215983,Ezequiel,Pizarro,68438
68439,599625100,Palmira,Casas,68439
68440,334138946,Pio,Arjona,68440
68441,252589669,Emigdio,Baez,68441
68442,234861994,Inmaculada,Montesinos,68442
68443,197724306,Bruno,Gual,68443
68444,105153611,Jessica,Canete,68444
68445,313302272,Luisina,Garriga,68445
68446,383635076,Caridad,Osuna,68446
68447,284654467,Gema,Tenorio,68447
68448,986184147,Esther,Vaquero,68448
68449,302317498,Leticia,Castello,68449
68450,586592213,Rosario,Benavides,68450
68451,632046557,Marcia,Valcarcel,68451
68452,202794706,Joan,Seco,68452
68453,355076832,Roldan,Mugica,68453
68454,205614780,Julieta,Toro,68454
68455,908452422,Saturnina,Carrera,68455
68456,156635300,Ariadna,Alvarez,68456
68457,492696585,Julio,Alcazar,68457
68458,945482073,Daniela,Garmendia,68458
68459,858530237,Valeria,Berrocal,68459
68460,797141823,Eleuterio,Torrents,68460
68461,885418948,Jose Antonio,Sanchez,68461
68462,797126718,Jeronimo,Tejero,68462
68463,769986628,Ramona,Salom,68463
68464,258818561,Eugenia,Cordoba,68464
68465,373826564,Etelvina,Flores,68465
68466,322246832,Patricia,Franco,68466
68467,136650480,Adrian,Botella,68467
68468,383424222,Hilda,Vaquero,68468
68469,138959860,Godofredo,Barranco,68469
68470,922554838,Jovita,Agusti,68470
68471,378360237,Rosaura,Cabo,68471
68472,213854290,Esperanza,Cabrero,68472
68473,831164018,Amador,Carbajo,68473
68474,623097296,Isidoro,Neira,68474
68475,397594957,Otilia,Guerrero,68475
68476,612991441,Sonia,Arenas,68476
68477,825288656,Gervasio,Sarmiento,68477
68478,189234626,Julian,Alcaraz,68478
68479,612920501,Maximiano,Bayon,68479
68480,744668076,Brunilda,Moran,68480
68481,352048406,Yolanda,Ferrer,68481
68482,807374366,Agapito,Diego,68482
68483,254820226,Nacho,Calderon,68483
68484,208005438,Susana,Perea,68484
68485,624576831,Albino,Ropero,68485
68486,435644859,Simon,Marques,68486
68487,470186955,Ainara,Garriga,68487
68488,542882749,Faustino,Mena,68488
68489,631901456,Noemi,Rosell,68489
68490,745345855,Modesto,Ribes,68490
68491,644580796,Carolina,Romero,68491
68492,496811442,Guiomar,Carretero,68492
68493,629051381,Tamara,Codina,68493
68494,496607637,Demetrio,Aller,68494
68495,391215873,Miguela,Mateo,68495
68496,563686487,Reina,Martinez,68496
68497,662761498,Carmina,Herrera,68497
68498,605785589,Goyo,Coello,68498
68499,846880028,Eulalia,Valcarcel,68499
68500,538763132,Emma,Agudo,68500
68501,510937368,Ximena,Moles,68501
68502,170113590,Felix,Catalan,68502
68503,100866656,Maria Teresa,Navarro,68503
68504,328634564,Bonifacio,Cruz,68504
68505,810337769,Agata,Barrena,68505
68506,741735928,Joaquina,Aragon,68506
68507,477442603,Lucila,Manrique,68507
68508,503740905,Maribel,Alvarez,68508
68509,561283506,Eutropio,Pinedo,68509
68510,341669423,Desiderio,Palau,68510
68511,439605744,Consuelo,Estevez,68511
68512,124911453,Leticia,Mercader,68512
68513,193575030,Socorro,Salazar,68513
68514,434176981,Hilario,Gonzalez,68514
68515,367727096,Iban,Vega,68515
68516,614651425,Jesusa,Izaguirre,68516
68517,547845548,Lola,Palomo,68517
68518,500021006,Lisandro,Monreal,68518
68519,881322335,Maricela,Diaz,68519
68520,212611152,Isidro,Atienza,68520
68521,335442337,Modesto,Belda,68521
68522,854718140,Belen,Castilla,68522
68523,875478937,Modesta,Neira,68523
68524,182956940,Albano,Espejo,68524
68525,586235415,Silvia,Bermudez,68525
68526,294912752,Belen,Acedo,68526
68527,407795337,Marc,Rosales,68527
68528,716321001,Berta,Viana,68528
68529,780510217,Felicia,Barcelo,68529
68530,772519273,Maxi,Amor,68530
68531,842964208,Estefania,Moles,68531
68532,147283687,Sabina,Rosado,68532
68533,842038877,Paola,Pineda,68533
68534,225746678,Nestor,Escalona,68534
68535,824182187,Yaiza,Baquero,68535
68536,229935162,Leoncio,Larrea,68536
68537,618929609,Zoraida,Moliner,68537
68538,891048925,Juan Luis,Pedrero,68538
68539,463514069,Alcides,Enriquez,68539
68540,755056170,Melania,Cabo,68540
68541,691429509,Ofelia,Montenegro,68541
68542,605105440,Jose,Sotelo,68542
68543,799287971,Emilia,Espinosa,68543
68544,689482829,Victoriano,Padilla,68544
68545,793088293,Carmina,Robledo,68545
68546,524298637,Anna,Paz,68546
68547,721539523,Jose Luis,Jorda,68547
68548,971627390,Felipe,Blanca,68548
68549,116044941,Maria Fernanda,Lluch,68549
68550,988099896,Manuel,Rojas,68550
68551,655186544,Graciano,Cervera,68551
68552,189641223,Clementina,Macias,68552
68553,417520822,Juan Francisco,Riera,68553
68554,736328232,Chelo,Aroca,68554
68555,197930513,Caridad,Sanmiguel,68555
68556,533563206,Luz,Baeza,68556
68557,172721701,Ana Belen,Rodriguez,68557
68558,595332189,Flor,Tomas,68558
68559,348681319,Sebastian,Fuertes,68559
68560,936987667,Maxi,Caparros,68560
68561,826050697,Olga,Mari,68561
68562,152282294,Heraclio,Vera,68562
68563,233925352,Lupe,Mena,68563
68564,113348738,Bautista,Aliaga,68564
68565,265059585,Pilar,Iglesia,68565
68566,553999723,Jovita,Guardia,68566
68567,911969562,Chus,Valero,68567
68568,687307719,Fidel,Navarro,68568
68569,414269662,Ricarda,Mugica,68569
68570,933767364,Nicolasa,Casares,68570
68571,970616098,Josefina,Font,68571
68572,454182976,Merche,Mateo,68572
68573,732542649,Benita,Uria,68573
68574,283913804,Jose Carlos,Bayona,68574
68575,198476677,Flavia,Maestre,68575
68576,502000288,Inmaculada,Estevez,68576
68577,698083991,Edgar,Herrero,68577
68578,480300389,Chus,Barriga,68578
68579,268194943,Carlota,Carrion,68579
68580,110945456,Ainara,Vendrell,68580
68581,427635157,Sonia,Llopis,68581
68582,354957100,Evaristo,Codina,68582
68583,342306371,Hilda,Mesa,68583
68584,447418376,Tito,Penalver,68584
68585,155157161,Rosendo,Uria,68585
68586,366754271,Ceferino,Crespi,68586
68587,758037706,Aurea,Ropero,68587
68588,509379611,Espiridion,Manjon,68588
68589,302549724,Alexandra,Morera,68589
68590,588209006,Ines,Nicolau,68590
68591,801481200,Daniela,Llopis,68591
68592,324294713,Consuela,Bauza,68592
68593,789516991,Leoncio,Mugica,68593
68594,999750952,Jose Mari,Amores,68594
68595,240436403,Juan,Gallego,68595
68596,426523446,Leocadia,Colom,68596
68597,328468088,Brunilda,Colom,68597
68598,961682741,Juan Jose,Luz,68598
68599,498840677,Yaiza,Ortega,68599
68600,195358692,Candela,Bermejo,68600
68601,804204211,Demetrio,Moll,68601
68602,259895165,Rosaura,Pont,68602
68603,617563535,Noe,Donaire,68603
68604,322915366,Victor,Sanchez,68604
68605,929135340,Rodrigo,Macias,68605
68606,789744240,Benjamin,Berrocal,68606
68607,695861282,Lorenzo,Belda,68607
68608,428278511,Agata,Barriga,68608
68609,287612016,Genoveva,Malo,68609
68610,164027374,Juan Carlos,Bustos,68610
68611,506324570,Pepe,Cal,68611
68612,549342714,Leonardo,Villa,68612
68613,625098593,Jenaro,Blanes,68613
68614,125900501,Oscar,Montesinos,68614
68615,959294157,Lorenzo,Roda,68615
68616,202335154,Monica,Torrent,68616
68617,151169226,Josue,Hidalgo,68617
68618,604840425,Jeremias,Jimenez,68618
68619,639923330,Maricela,Quevedo,68619
68620,767946164,Dario,Ballesteros,68620
68621,111641425,Adan,Bartolome,68621
68622,733667235,Chus,Gelabert,68622
68623,575449144,Edmundo,Vergara,68623
68624,760674558,Alejandra,Soriano,68624
68625,838686257,Tatiana,Ramirez,68625
68626,583168377,Odalis,Sarmiento,68626
68627,680946462,Jose Antonio,Piquer,68627
68628,709647073,Juliana,Navarrete,68628
68629,407766264,Zacarias,Pereira,68629
68630,402533181,Sonia,Morales,68630
68631,961914971,Glauco,Ferrandez,68631
68632,665126933,Teobaldo,Guerrero,68632
68633,884009499,Fidela,Roman,68633
68634,600989793,Samu,Gargallo,68634
68635,878236736,Victoria,Castellanos,68635
68636,937323348,Natividad,Ramirez,68636
68637,655177482,Joaquin,Vall,68637
68638,511744954,Gabriel,Reig,68638
68639,597034896,Epifanio,Querol,68639
68640,707962597,Agata,Calzada,68640
68641,845883707,Dani,Villa,68641
68642,100859234,Noelia,Cortina,68642
68643,509917416,Maria Jesus,Chaves,68643
68644,907643258,Tomas,Sanchez,68644
68645,440001098,Vasco,Fabregat,68645
68646,361571212,Lidia,Tejedor,68646
68647,573833645,Filomena,Duarte,68647
68648,117825779,Barbara,Portillo,68648
68649,508624618,Lucho,Flores,68649
68650,872228763,Cristina,Fabregas,68650
68651,876852030,Ivan,Iborra,68651
68652,669288224,Pepita,Balaguer,68652
68653,120866455,Belen,Becerra,68653
68654,654740539,Goyo,Carbajo,68654
68655,963353853,Primitiva,Pedrosa,68655
68656,278767310,Catalina,Cabeza,68656
68657,953224812,Zaira,Manzanares,68657
68658,615893350,Gertrudis,Llano,68658
68659,949408688,Armando,Barco,68659
68660,617385772,Octavia,Vicens,68660
68661,200033880,Manolo,Almeida,68661
68662,457828748,Artemio,Gilabert,68662
68663,415432180,Dionisio,Munoz,68663
68664,395228346,Teodoro,Melero,68664
68665,423343105,Javier,Rivas,68665
68666,142047551,Rufino,Tena,68666
68667,569305041,Humberto,Madrigal,68667
68668,528234965,Elvira,Cuesta,68668
68669,156417868,Amancio,Barragan,68669
68670,605723213,Herminia,Bermejo,68670
68671,852325219,Aureliano,Conesa,68671
68672,134207156,Noe,Donoso,68672
68673,727097216,Wilfredo,Conesa,68673
68674,800069153,Eladio,Arco,68674
68675,311233621,Micaela,Coll,68675
68676,822653654,Otilia,Ochoa,68676
68677,957888362,Odalys,Morante,68677
68678,422301455,Miguel Angel,Barragan,68678
68679,497186660,Marc,Baquero,68679
68680,426530181,Estela,Angel,68680
68681,107453120,Encarnita,Perales,68681
68682,176627986,Wilfredo,Almagro,68682
68683,966072869,Macario,Barriga,68683
68684,278164892,Anna,Bustamante,68684
68685,277468685,Rolando,Jerez,68685
68686,437292479,Florencia,Carvajal,68686
68687,827406369,Rodrigo,Zamorano,68687
68688,106916991,Gisela,Soler,68688
68689,381136671,Maristela,Asensio,68689
68690,739215630,Ruth,Real,68690
68691,584109088,Carmelo,Calvet,68691
68692,923984053,Viviana,Pla,68692
68693,917903201,Apolinar,Bejarano,68693
68694,542023586,Emma,Jodar,68694
68695,332279988,Fatima,Arce,68695
68696,153130700,Isabel,Hernandez,68696
68697,934873755,Chucho,Larrea,68697
68698,951984465,Adalberto,Mayoral,68698
68699,409068415,Iban,Quintana,68699
68700,864595859,Josep,Bueno,68700
68701,434308919,Reyes,Camara,68701
68702,520138082,Olivia,Cuellar,68702
68703,123550355,Rosendo,Abad,68703
68704,189491041,Regina,Vizcaino,68704
68705,726891279,Maria Del Carmen,Anaya,68705
68706,988915576,Desiderio,Andres,68706
68707,821505727,Santiago,Camara,68707
68708,575116727,Consuelo,Urena,68708
68709,948356541,Jose,Saldana,68709
68710,204510397,Natanael,Pellicer,68710
68711,211695943,Bautista,Llabres,68711
68712,848808742,Tadeo,Plaza,68712
68713,991768945,Casemiro,Alberdi,68713
68714,914509820,Consuelo,Arroyo,68714
68715,240515861,Seve,Ramos,68715
68716,816823583,Lara,Blasco,68716
68717,693491603,Maximiano,Albero,68717
68718,308770832,Flavia,Prieto,68718
68719,650633765,Aitor,Daza,68719
68720,176577419,Aurelio,Valle,68720
68721,711656797,Regulo,Bonet,68721
68722,918730118,Jose Ignacio,Vera,68722
68723,314458339,Florencio,Rocha,68723
68724,199865253,Moises,Pineiro,68724
68725,654809207,Benito,Porcel,68725
68726,861502434,Carmina,Nadal,68726
68727,346659667,Eladio,Salva,68727
68728,246687606,Hortensia,Oller,68728
68729,417398132,Itziar,Losada,68729
68730,209225303,Ivan,Acero,68730
68731,665333403,Candido,Mata,68731
68732,617095455,Mireia,Guzman,68732
68733,698758939,Amilcar,Pardo,68733
68734,453860027,Montserrat,Fajardo,68734
68735,774840621,Augusto,Baeza,68735
68736,276068992,Josep,Puerta,68736
68737,555673364,Nacho,Alcalde,68737
68738,356696226,Rodrigo,Garzon,68738
68739,480739810,Rosendo,Mateo,68739
68740,482546334,Brunilda,Porras,68740
68741,577516507,Ovidio,Salmeron,68741
68742,661974438,Reyes,Ferrer,68742
68743,597156282,Maria Teresa,Bayona,68743
68744,826168151,Emiliano,Villaverde,68744
68745,372466241,Flavia,Caballero,68745
68746,853073336,Socorro,Hoyos,68746
68747,335973971,Roque,Paez,68747
68748,477063214,Ale,Mari,68748
68749,780315719,Ruy,Millan,68749
68750,281368336,Elpidio,Lago,68750
68751,134844476,Leyre,Carreno,68751
68752,614582343,Aurora,Peinado,68752
68753,687781096,Elisa,Valentin,68753
68754,809739951,Alberto,Francisco,68754
68755,326311887,Hilda,Boix,68755
68756,877832932,Tamara,Espanol,68756
68757,445942767,Anacleto,Puerta,68757
68758,758401211,Malena,Alcaraz,68758
68759,729441484,Leticia,Aguilera,68759
68760,198923123,Azeneth,Quevedo,68760
68761,221817507,Marcos,Posada,68761
68762,398779814,Armando,Barreda,68762
68763,300555670,Imelda,Murcia,68763
68764,429383174,Federico,Amigo,68764
68765,647731557,Juan Manuel,Perales,68765
68766,318036970,Horacio,Sanz,68766
68767,801413949,Miguela,Valls,68767
68768,656237886,Joan,Blazquez,68768
68769,710348066,Trinidad,Ocana,68769
68770,209509179,Godofredo,Diez,68770
68771,690765308,Rosalinda,Almansa,68771
68772,271311240,Humberto,Hernando,68772
68773,894848949,Jeremias,Delgado,68773
68774,987097271,Jose Manuel,Castells,68774
68775,305488162,Nicodemo,Merino,68775
68776,152294305,Julio Cesar,Rodriguez,68776
68777,493645221,Hugo,Barranco,68777
68778,306294611,Amando,Sanmartin,68778
68779,112081647,Vasco,Botella,68779
68780,670821560,Maristela,Pinedo,68780
68781,154813482,Agueda,Morell,68781
68782,690472244,Lope,Tomas,68782
68783,667237933,Tania,Espanol,68783
68784,916640689,Arsenio,Pina,68784
68785,149891002,Goyo,Quintanilla,68785
68786,262033122,Bernabe,Puente,68786
68787,293593503,Socorro,Uriarte,68787
68788,101871715,Liliana,Canas,68788
68789,114941006,Fausto,Velasco,68789
68790,298208160,Edelmiro,Alemany,68790
68791,661390717,Jose Antonio,Briones,68791
68792,973497645,Fabricio,Castellanos,68792
68793,226001079,Ruben,Chacon,68793
68794,800477672,Saturnino,Armas,68794
68795,202843623,Hernan,Mur,68795
68796,894844441,Nilda,Penalver,68796
68797,424113368,Juan Bautista,Abascal,68797
68798,586008872,Luisina,Andreu,68798
68799,973331114,Brigida,Bastida,68799
68800,140650710,Constanza,Antunez,68800
68801,969180244,Ceferino,Galvez,68801
68802,404006016,Aitana,Montoya,68802
68803,566800234,Josefa,Sarmiento,68803
68804,250657062,Beatriz,Penalver,68804
68805,523868213,Natividad,Aparicio,68805
68806,822121328,Hilda,Badia,68806
68807,143062010,Reina,Oliva,68807
68808,661510915,Dan,Romero,68808
68809,842051639,Calisto,Donoso,68809
68810,781465187,Encarnacion,Benavente,68810
68811,437103260,Maricela,Enriquez,68811
68812,266026353,Soledad,Pinto,68812
68813,491821882,Salome,Avila,68813
68814,697739469,Ambar,Solsona,68814
68815,665269026,Agueda,Batalla,68815
68816,287932143,Maximo,Prada,68816
68817,100803602,Gil,Moran,68817
68818,227749475,Selena,Garzon,68818
68819,240703593,Luis,Bustamante,68819
68820,753445484,Martina,Gonzalo,68820
68821,539615339,Ariadna,Lopez,68821
68822,644150138,Vera,Torre,68822
68823,775819707,Jose Manuel,Ferrandez,68823
68824,421905703,Nerea,Aviles,68824
68825,260072784,Mamen,Villar,68825
68826,609981316,Leyre,Rodriguez,68826
68827,961642702,Rosendo,Vera,68827
68828,114293354,Tadeo,Galiano,68828
68829,584643493,Iban,Pacheco,68829
68830,521043329,Amor,Lamas,68830
68831,516368676,Isabel,Mata,68831
68832,910749757,Rafa,Vendrell,68832
68833,590064235,Narcisa,Abellan,68833
68834,134437911,Maria Belen,Barcelo,68834
68835,768106233,Iker,Valdes,68835
68836,334340095,Maria Luisa,Aroca,68836
68837,183090572,Valentina,Amores,68837
68838,195897601,Lucia,Gomis,68838
68839,162167669,Haydee,Andreu,68839
68840,878479319,Marcial,Solera,68840
68841,603155842,Encarnita,Diego,68841
68842,140467432,Rosendo,Garces,68842
68843,144112022,Quique,Tello,68843
68844,120707377,Isidora,Nunez,68844
68845,123163399,Ricardo,Bueno,68845
68846,132611396,Loreto,Carballo,68846
68847,190968075,Faustino,Cueto,68847
68848,618006681,Guiomar,Rubio,68848
68849,334741892,Carolina,Montserrat,68849
68850,863655504,Fulgencio,Maestre,68850
68851,104256739,Calista,Juarez,68851
68852,640500014,Eloy,Vizcaino,68852
68853,365894305,Apolonia,Rodriguez,68853
68854,942803352,Jose Antonio,Manjon,68854
68855,196963041,Florencia,Aguirre,68855
68856,640132240,Amaro,Roda,68856
68857,181251487,Isaias,Flores,68857
68858,220714943,Joaquin,Vazquez,68858
68859,621185669,Enrique,Carranza,68859
68860,151617015,Tiburcio,Trujillo,68860
68861,324341508,Consuela,Lledo,68861
68862,492679072,Coral,Moles,68862
68863,729622664,Cristina,Tamayo,68863
68864,966008324,Gonzalo,Arnaiz,68864
68865,537879662,Nestor,Porta,68865
68866,798799300,Pelayo,Leiva,68866
68867,321790394,Enrique,Revilla,68867
68868,681120521,Salvador,Talavera,68868
68869,589222455,Dolores,Busquets,68869
68870,589694138,Aurelia,Villena,68870
68871,538167840,Ana Sofia,Ocana,68871
68872,824123563,Telmo,Flores,68872
68873,717078446,Mamen,Linares,68873
68874,324791774,Cecilia,Gelabert,68874
68875,682038799,Horacio,Silva,68875
68876,154549648,Gervasio,Zamora,68876
68877,500132614,Patricio,Posada,68877
68878,463692020,Yaiza,Gutierrez,68878
68879,573797897,Maricruz,Rocha,68879
68880,688879441,Felipa,Tolosa,68880
68881,245496488,Calista,Lasa,68881
68882,977283636,Maura,Aparicio,68882
68883,162210132,Dalila,Gamez,68883
68884,539859730,Zaira,Rodriguez,68884
68885,963949161,Esther,Vigil,68885
68886,356603843,Maximino,Mendez,68886
68887,398220795,Celestina,Arregui,68887
68888,373814927,Segismundo,Amador,68888
68889,870972982,Alexandra,Molins,68889
68890,958503736,Martirio,Pelayo,68890
68891,223569071,Hector,Anglada,68891
68892,492622830,Jorge,Olive,68892
68893,839819396,Constanza,Amaya,68893
68894,583047804,Roberta,Martin,68894
68895,282644583,Eusebia,Borrell,68895
68896,954102384,Marisol,Camacho,68896
68897,396774613,Custodio,Valero,68897
68898,853498260,Luna,Lledo,68898
68899,229152925,Modesta,Valenciano,68899
68900,134532588,Florentina,Dominguez,68900
68901,427417060,Caridad,Falcon,68901
68902,411952468,Merche,Ribes,68902
68903,145833040,Candela,Mayol,68903
68904,940777703,Ricarda,Hervas,68904
68905,490958615,Gabriel,Rojas,68905
68906,377960000,Maxi,Escamilla,68906
68907,907301996,Flora,Alcolea,68907
68908,437772315,Hipolito,Arteaga,68908
68909,614133591,Angelina,Cobo,68909
68910,760475623,Maria Cristina,Cifuentes,68910
68911,734252453,Herminia,Robledo,68911
68912,914019911,Aurelio,Solsona,68912
68913,273882315,Maxima,Catalan,68913
68914,376439043,Heraclio,Baena,68914
68915,130614815,Esperanza,Blanco,68915
68916,365110597,Victor Manuel,Torres,68916
68917,499568672,Alvaro,Duque,68917
68918,423256713,Jose,Mendez,68918
68919,860990772,Hernando,Oliva,68919
68920,704384306,Nicolasa,Falcon,68920
68921,361954022,Ulises,Quevedo,68921
68922,114338697,Che,Flor,68922
68923,352857803,Norberto,Marquez,68923
68924,835780726,Olimpia,Paez,68924
68925,862314565,Ainara,Ibarra,68925
68926,974826159,Jenaro,Gracia,68926
68927,368621065,Nestor,Bautista,68927
68928,707872665,Loida,Garcia,68928
68929,994655028,Concepcion,Romero,68929
68930,748246413,Raul,Martinez,68930
68931,286121425,Mireia,Ferran,68931
68932,948323023,Arturo,Carbonell,68932
68933,583475970,Jenaro,Salom,68933
68934,451770244,Judith,Cardenas,68934
68935,547843287,Marco,Perez,68935
68936,924285589,Concepcion,Gibert,68936
68937,877924442,Sandalio,Baez,68937
68938,315728426,Francisco Jose,Arteaga,68938
68939,843740620,Merche,Enriquez,68939
68940,884439107,Candela,Cuenca,68940
68941,952196484,Ruth,Pablo,68941
68942,442942909,Trinidad,Cornejo,68942
68943,259325070,Dorotea,Royo,68943
68944,322551705,Dalila,Roda,68944
68945,978160988,Evita,Aparicio,68945
68946,209836555,Azahar,Sanjuan,68946
68947,478209380,Raquel,Casares,68947
68948,171213285,Dani,Herranz,68948
68949,405347889,Reinaldo,Yanez,68949
68950,623972832,Angelica,Pina,68950
68951,234697021,Geraldo,Espana,68951
68952,807638240,Andres Felipe,Galvez,68952
68953,124022128,Sonia,Borras,68953
68954,302966249,Eulalia,Chacon,68954
68955,384399663,Saturnina,Tejera,68955
68956,492595516,Carolina,Vazquez,68956
68957,251349198,Merche,Castells,68957
68958,202097498,Toribio,Aznar,68958
68959,287118512,Sabas,Gomez,68959
68960,278021651,Encarnita,Sanjuan,68960
68961,335318908,Geronimo,Jaen,68961
68962,707983302,Alejandro,Palma,68962
68963,539530017,Santiago,Morante,68963
68964,374028256,Ema,Miranda,68964
68965,776230438,Aurea,Planas,68965
68966,110173030,Eleuterio,Campos,68966
68967,200428430,Lino,Moll,68967
68968,861543606,Crescencia,Almazan,68968
68969,887168601,Estefania,Tudela,68969
68970,306025184,Elias,Arrieta,68970
68971,601330861,Julie,Botella,68971
68972,358454457,Bonifacio,Espanol,68972
68973,930034316,Nilda,Bernal,68973
68974,722635970,Azahara,Roman,68974
68975,671789255,Ani,Castejon,68975
68976,260384490,Eulalia,Sastre,68976
68977,884143330,Luz,Estrada,68977
68978,621949617,Manuel,Sevillano,68978
68979,751082444,Elba,Alemany,68979
68980,994124649,Gala,Cobos,68980
68981,818470922,Samanta,Carlos,68981
68982,123225771,Dionisia,Menendez,68982
68983,876431875,Clara,Tolosa,68983
68984,602128329,Iban,Mosquera,68984
68985,480212332,Cristina,Pintor,68985
68986,594887285,Azahar,Mariscal,68986
68987,522038649,Daniel,Jurado,68987
68988,229020315,Saturnina,Aranda,68988
68989,552067764,Zacarias,Salas,68989
68990,199784276,Zaida,Cerda,68990
68991,311423297,Pastora,Pellicer,68991
68992,347564146,Nacho,Cortes,68992
68993,778327146,Gabriel,Uribe,68993
68994,301801930,Leandra,Carlos,68994
68995,608392800,Emma,Ayala,68995
68996,409669766,Rufino,Perera,68996
68997,647645569,Gema,Marcos,68997
68998,357503212,Seve,Guillen,68998
68999,555722738,Pepe,Rio,68999
69000,876893392,Adelardo,Ortiz,69000
69001,296743212,Humberto,Gilabert,69001
69002,559899826,Cristina,Vara,69002
69003,609668029,Alonso,Pacheco,69003
69004,625687128,Milagros,Tello,69004
69005,463332432,Pancho,Reguera,69005
69006,407296345,Alvaro,Porras,69006
69007,683328075,Marita,Cerdan,69007
69008,662366405,Leyre,Amo,69008
69009,580725860,Melisa,Pou,69009
69010,333375856,Miguel,Pomares,69010
69011,156538493,Anastasio,Llanos,69011
69012,274299590,Ana,Pina,69012
69013,750542959,Ulises,Villalba,69013
69014,697642115,Jose Ramon,Botella,69014
69015,351955834,Amalia,Salamanca,69015
69016,113665879,Rafa,Alcala,69016
69017,472896440,Francisca,Velazquez,69017
69018,587442741,Hugo,Dominguez,69018
69019,150508280,Juan Carlos,Carbo,69019
69020,485656585,Regulo,Llorens,69020
69021,666146090,Flora,Alcaraz,69021
69022,411749344,Zacarias,Madrid,69022
69023,745730971,Osvaldo,Serna,69023
69024,573267997,Andres Felipe,Rueda,69024
69025,609328783,Nidia,Mancebo,69025
69026,617526542,Ambar,Berrocal,69026
69027,457591765,Delfina,Egea,69027
69028,665990463,Luciana,Yanez,69028
69029,287590246,Demetrio,Baquero,69029
69030,940098875,Rene,Losada,69030
69031,258403979,Maristela,Revilla,69031
69032,749193973,Ignacia,Espejo,69032
69033,204698472,Xiomara,Leon,69033
69034,445135957,Maximiano,Alfaro,69034
69035,134906659,Alicia,Almazan,69035
69036,942081423,Maria Cristina,Barcena,69036
69037,786530367,Juan Carlos,Ferrera,69037
69038,122167615,Ignacio,Sebastian,69038
69039,820010298,Francisco Javier,Vilar,69039
69040,416027589,Victor,Villena,69040
69041,528919621,Jacinta,Enriquez,69041
69042,704558979,Maite,Goni,69042
69043,743431830,Bartolome,Manrique,69043
69044,859937797,Santiago,Elorza,69044
69045,260289951,Ariadna,Leiva,69045
69046,560563515,Lope,Folch,69046
69047,507380581,Genoveva,Pulido,69047
69048,105695411,Ester,Castejon,69048
69049,978149850,Balduino,Cortina,69049
69050,174704743,Fernanda,Berenguer,69050
69051,978366965,Raquel,Fajardo,69051
69052,488942903,Felipe,Medina,69052
69053,895882164,Fabian,Ferrer,69053
69054,640257760,Soraya,Lopez,69054
69055,461584157,Gonzalo,Pol,69055
69056,607695568,Jose Mari,Almagro,69056
69057,282452511,Cecilio,Toledo,69057
69058,277876779,Veronica,Portero,69058
69059,917568551,Guadalupe,Solera,69059
69060,714893758,Sosimo,Jodar,69060
69061,774110735,Gloria,Donaire,69061
69062,279556219,Sosimo,Vera,69062
69063,943927563,Marcio,Marco,69063
69064,949120991,Trini,Llorens,69064
69065,161367158,Evaristo,Prada,69065
69066,227242785,Santiago,Vidal,69066
69067,789500565,Aurelio,Bou,69067
69068,871937691,Asuncion,Prieto,69068
69069,581022979,Alondra,Andres,69069
69070,589912115,Ciriaco,Castillo,69070
69071,753529820,Mariano,Abellan,69071
69072,578973971,Tere,Lara,69072
69073,465559692,Carlito,Hoyos,69073
69074,879072668,Mateo,Roldan,69074
69075,744684850,Susana,Otero,69075
69076,621815694,Estrella,Arroyo,69076
69077,222639428,Cruz,Herranz,69077
69078,193267938,Matias,Vall,69078
69079,245136244,Samanta,Reina,69079
69080,970744618,Miguel,Salinas,69080
69081,575191063,Julieta,Tellez,69081
69082,794226220,Amelia,Francisco,69082
69083,780653054,Fernanda,Salamanca,69083
69084,920593148,Venceslas,Moran,69084
69085,571781971,Rosendo,Maza,69085
69086,234369973,Soraya,Galvan,69086
69087,490869780,Ricarda,Coll,69087
69088,573996915,Moreno,Chacon,69088
69089,201617749,Conrado,Rios,69089
69090,158277436,Abigail,Ortiz,69090
69091,359344647,Encarnita,Lasa,69091
69092,134745040,Miguel,Serrano,69092
69093,228634538,Agustin,Marin,69093
69094,233289807,Berto,Corbacho,69094
69095,174947421,Loreto,Sainz,69095
69096,793700447,Luis,Alamo,69096
69097,306737977,Belen,Plana,69097
69098,685806300,Jose Manuel,Aranda,69098
69099,417117457,Chita,Sanz,69099
69100,115975457,Claudia,Pardo,69100
69101,216751778,Americo,Avila,69101
69102,578312842,Perlita,Hernando,69102
69103,125311683,Estefania,Sierra,69103
69104,402844853,Graciana,Jauregui,69104
69105,644074962,Cirino,Canton,69105
69106,914222033,Vicenta,Donoso,69106
69107,945828132,Benjamin,Ribes,69107
69108,817466141,Esperanza,Gras,69108
69109,806705199,Pacifica,Machado,69109
69110,356305506,Brunilda,Barreda,69110
69111,179003974,Venceslas,Aguilo,69111
69112,415238529,Clementina,Sarabia,69112
69113,405996382,Griselda,Vega,69113
69114,659582814,Pascuala,Espana,69114
69115,248685308,Eusebia,Pardo,69115
69116,895475828,Rico,Busquets,69116
69117,376924402,Edelmira,Vargas,69117
69118,976334000,Daniela,Perez,69118
69119,716989776,Sabas,Canas,69119
69120,875138288,Carina,Boix,69120
69121,130909759,Teofilo,Vigil,69121
69122,124697168,Juan Manuel,Montoya,69122
69123,427914335,Segismundo,Manso,69123
69124,365469230,Alma,Cortes,69124
69125,637236930,Chuy,Zamorano,69125
69126,637297205,Abilio,Andreu,69126
69127,552423883,Mercedes,Garces,69127
69128,109732494,Rico,Franch,69128
69129,311006307,Ainoa,Sanmartin,69129
69130,921551146,Julia,Martin,69130
69131,596690716,Jafet,Hoz,69131
69132,413439131,Samu,Nebot,69132
69133,596190524,Godofredo,Franco,69133
69134,875328043,Anunciacion,Olive,69134
69135,472001004,Lilia,Zamorano,69135
69136,450229781,Manolo,Palacio,69136
69137,936148343,Jose Angel,Camps,69137
69138,177219741,Gerardo,Cantero,69138
69139,880630934,Cebrian,Armengol,69139
69140,138009434,Eufemia,Conesa,69140
69141,580712162,Roxana,Peinado,69141
69142,616961961,Perla,Solis,69142
69143,603735973,Agueda,Jove,69143
69144,941039689,Agueda,Morell,69144
69145,311832339,Nuria,Hoz,69145
69146,403529615,Rebeca,Huertas,69146
69147,750846163,Jose,Tello,69147
69148,823819163,Gregorio,Pazos,69148
69149,853947019,Leonel,Llano,69149
69150,428591876,Cornelio,Izaguirre,69150
69151,545595613,Jose Mari,Clavero,69151
69152,907637230,Leandra,Cortina,69152
69153,622220141,Nacho,Ramis,69153
69154,217865815,Anacleto,Echevarria,69154
69155,950225931,Marina,Urena,69155
69156,643232639,Vera,Sarabia,69156
69157,450666364,Prudencio,Gamez,69157
69158,682272594,Manola,Herrero,69158
69159,153141479,Matias,Cuadrado,69159
69160,410890432,Febe,Orozco,69160
69161,866966328,Gaston,Querol,69161
69162,409426479,Maricela,Leal,69162
69163,345250428,Graciela,Arteaga,69163
69164,927285529,Susana,Lerma,69164
69165,828966377,Faustino,Frias,69165
69166,799172482,Maria,Estevez,69166
69167,175429879,Eustaquio,Lumbreras,69167
69168,762548316,Gilberto,Fuster,69168
69169,568737440,Isa,Cervera,69169
69170,604169728,Julian,Roca,69170
69171,984408716,Corona,Galindo,69171
69172,729281050,Quirino,Acosta,69172
69173,369542553,Maxi,Hoz,69173
69174,272338121,Anibal,Pinol,69174
69175,209580366,Isidoro,Estevez,69175
69176,887855505,Ezequiel,Mata,69176
69177,249397542,Felipa,Ayllon,69177
69178,972823333,Elba,Heras,69178
69179,828804199,Miguel Angel,Roca,69179
69180,920491702,Evelia,Vidal,69180
69181,205354306,Asuncion,Macias,69181
69182,765183595,Josefa,Villalonga,69182
69183,451813531,Fabricio,Llorens,69183
69184,926644774,Aitor,Guerra,69184
69185,526629669,Tere,Borrell,69185
69186,120732223,Selena,Moliner,69186
69187,222503138,Jennifer,Cano,69187
69188,507700248,Concha,Alvarez,69188
69189,571044044,Francisco Jose,Vilalta,69189
69190,521254177,Alba,Puerta,69190
69191,510930110,Basilio,Casas,69191
69192,201349844,Sandra,Gabaldon,69192
69193,279530681,Ramon,Prieto,69193
69194,662318130,Bruno,Grande,69194
69195,416083136,Tiburcio,Benitez,69195
69196,261083183,Elpidio,Bermudez,69196
69197,479667740,Anibal,Diaz,69197
69198,336183300,Javiera,Ferrera,69198
69199,935246823,Ruperta,Arrieta,69199
69200,126603510,Nelida,Ros,69200
69201,752914020,Nuria,Aramburu,69201
69202,113856837,Guadalupe,Pozuelo,69202
69203,648904734,Ricardo,Cortes,69203
69204,195996314,Nazaret,Minguez,69204
69205,160496087,Rosario,Chacon,69205
69206,501867200,Adelia,Velazquez,69206
69207,962090776,Jeronimo,Torrent,69207
69208,546458082,Amaya,Lobo,69208
69209,219187215,Viviana,Vidal,69209
69210,321588619,Reyes,Coronado,69210
69211,474502455,Dorita,Guitart,69211
69212,697451162,Gonzalo,Garrido,69212
69213,818783334,Maria Angeles,Haro,69213
69214,660439712,Severino,Malo,69214
69215,550336859,Guiomar,Pellicer,69215
69216,707936948,Melchor,Sotelo,69216
69217,255965547,Cayetano,Fortuny,69217
69218,363592026,Xiomara,Mas,69218
69219,376343527,Leocadia,Poza,69219
69220,745986696,Piedad,Morata,69220
69221,349580535,Lorenza,Gargallo,69221
69222,608967099,Joan,Vera,69222
69223,670740150,Jafet,Pina,69223
69224,493424326,Paco,Sanabria,69224
69225,643984783,Haroldo,Querol,69225
69226,953046973,Carmelita,Melendez,69226
69227,715143444,Espiridion,Villegas,69227
69228,123822812,Gaspar,Vigil,69228
69229,550539475,Juliana,Robles,69229
69230,959268937,Cristobal,Zamorano,69230
69231,215027803,Macaria,Guerrero,69231
69232,805610491,Cornelio,Millan,69232
69233,298994731,Dulce,Garriga,69233
69234,671314248,Amalia,Pineda,69234
69235,517362127,Julia,Rio,69235
69236,727506692,Benito,Bonilla,69236
69237,446571190,Rita,Rosell,69237
69238,927843214,Felicia,Lucena,69238
69239,332532313,Victoria,Estevez,69239
69240,620129638,Apolonia,Valle,69240
69241,271065692,Daniela,Tudela,69241
69242,699946912,Esperanza,Bas,69242
69243,335865623,Fatima,Salvador,69243
69244,731258722,Dionisia,Esteve,69244
69245,168230057,Bernardino,Vall,69245
69246,582366098,Maria Carmen,Frias,69246
69247,879191237,Alejandra,Villanueva,69247
69248,840485823,Miguela,Porras,69248
69249,952725168,Visitacion,Benitez,69249
69250,270902852,Joaquin,Mata,69250
69251,599461165,Telmo,Ferrera,69251
69252,800491631,Julio,Acedo,69252
69253,747755468,Asuncion,Barragan,69253
69254,153562801,Lucho,Cozar,69254
69255,978075876,Sosimo,Querol,69255
69256,575007993,Rosalinda,Cespedes,69256
69257,535756710,Yaiza,Molina,69257
69258,914740091,Rita,Rojas,69258
69259,551610403,Calisto,Lerma,69259
69260,445402504,Imelda,Martinez,69260
69261,892905996,Borja,Farre,69261
69262,123865721,Dorita,Maldonado,69262
69263,280081582,Rico,Marti,69263
69264,871852514,Valerio,Coca,69264
69265,772405498,Dionisia,Blanco,69265
69266,632971484,Valero,Miguel,69266
69267,125877596,Flor,Carrillo,69267
69268,643755149,Amada,Cuadrado,69268
69269,359859988,Lupita,Alarcon,69269
69270,311374176,Rosendo,Varela,69270
69271,105814638,Cipriano,Moreno,69271
69272,438435350,Ariel,Torre,69272
69273,742604759,Celia,Cid,69273
69274,132169707,Vicenta,Dieguez,69274
69275,333012069,Celestino,Peralta,69275
69276,395025623,Lorenza,Abella,69276
69277,503061349,Juan Carlos,Morcillo,69277
69278,768916704,Marisa,Sanjuan,69278
69279,246342775,Manuelita,Campoy,69279
69280,736001467,Glauco,Canton,69280
69281,936388502,Cristian,Otero,69281
69282,455627823,Nicanor,Landa,69282
69283,479592936,Piedad,Feijoo,69283
69284,665668370,Ruperta,Pons,69284
69285,313710057,Amancio,Cervera,69285
69286,688022040,Olivia,Giner,69286
69287,611438474,Feliciana,Duenas,69287
69288,129541294,Alfonso,Perez,69288
69289,850278440,Ana Sofia,Elias,69289
69290,659834171,Jacinto,Miralles,69290
69291,957089823,Montserrat,Valderrama,69291
69292,727655457,German,Julian,69292
69293,524803907,Olga,Arellano,69293
69294,597724802,Edelmiro,Tejero,69294
69295,711404498,Patricia,Gimenez,69295
69296,441800275,Jose Angel,Galindo,69296
69297,809414166,Bernardo,Tormo,69297
69298,563037961,Candela,Heredia,69298
69299,612616111,Inmaculada,Calzada,69299
69300,350937093,Salud,Rozas,69300
69301,786875209,Jose Antonio,Rodriguez,69301
69302,208991637,Ale,Maldonado,69302
69303,904159510,Graciana,Hernandez,69303
69304,182997455,Herminio,Ballesteros,69304
69305,482773943,Luis Angel,Pons,69305
69306,831923469,Africa,Arribas,69306
69307,907544767,Roxana,Lara,69307
69308,931079779,Maristela,Guijarro,69308
69309,693397530,Carolina,Diez,69309
69310,697783426,Asdrubal,Arevalo,69310
69311,376671074,Baldomero,Cazorla,69311
69312,300771937,Javi,Luz,69312
69313,230630917,Albino,Andrade,69313
69314,952382011,Gustavo,Bas,69314
69315,610008534,Sol,Mancebo,69315
69316,442637907,Gaspar,Alegre,69316
69317,666003009,Priscila,Pizarro,69317
69318,473906529,Rosalina,Casares,69318
69319,817311068,Dora,Fernandez,69319
69320,847694309,Alvaro,Criado,69320
69321,974957779,Armando,Castillo,69321
69322,170456266,Julio Cesar,Roig,69322
69323,676556679,Veronica,Fortuny,69323
69324,734352253,Jordi,Anguita,69324
69325,368382692,Eloy,Uriarte,69325
69326,567938951,Cayetano,Arjona,69326
69327,217250104,Esperanza,Redondo,69327
69328,135662004,Pelayo,Calleja,69328
69329,925051859,Bonifacio,Castrillo,69329
69330,543751421,Romulo,Barreda,69330
69331,790436041,Irma,Sobrino,69331
69332,788071040,Luis Miguel,Bru,69332
69333,129431429,Veronica,Borras,69333
69334,447787734,Flavio,Oliver,69334
69335,232598738,Marcia,Porras,69335
69336,116992845,Fabio,Munoz,69336
69337,738339088,Agustin,Amigo,69337
69338,555863358,Andrea,Pineiro,69338
69339,854772897,Mariano,Lledo,69339
69340,145690362,Leonardo,Pina,69340
69341,850330568,Aristides,Carvajal,69341
69342,171938470,Iban,Navarrete,69342
69343,815394762,Jacinto,Almeida,69343
69344,201676511,Ximena,Maldonado,69344
69345,544290447,Montserrat,Sola,69345
69346,737690979,Chus,Montesinos,69346
69347,292535073,Piedad,Velez,69347
69348,444078843,Iker,Torrecilla,69348
69349,172016034,Aureliano,Sainz,69349
69350,123633536,Georgina,Arellano,69350
69351,634787546,Luz,Peral,69351
69352,943211073,Alvaro,Lopez,69352
69353,172346585,Amanda,Amores,69353
69354,968722640,Narciso,Villaverde,69354
69355,792023475,Isa,Castello,69355
69356,679814412,Dorotea,Escobar,69356
69357,107095360,Emperatriz,Bermejo,69357
69358,765127830,Clotilde,Uria,69358
69359,854364763,Manuel,Duran,69359
69360,599246141,Rosaura,Aparicio,69360
69361,197358374,Bienvenida,Franch,69361
69362,304226793,Isidoro,Laguna,69362
69363,242657065,Dorotea,Santamaria,69363
69364,198606009,Eligio,Rodrigo,69364
69365,646766621,Julio,Moya,69365
69366,813417550,Geronimo,Tejero,69366
69367,876002182,Leandra,Quintana,69367
69368,452989967,Iker,Lillo,69368
69369,124296209,Cecilia,Saenz,69369
69370,742215870,Jose Carlos,Avila,69370
69371,963860024,Sergio,Silva,69371
69372,569786467,Isaura,Canton,69372
69373,527585573,Ernesto,Llado,69373
69374,392545541,Saturnino,Posada,69374
69375,720704030,Fabio,Rossello,69375
69376,370203320,Noelia,Estevez,69376
69377,965157423,Jose Carlos,Cadenas,69377
69378,309863722,Vicenta,Ferrandiz,69378
69379,959898332,Estela,Noguera,69379
69380,197889160,Sebastian,Alcalde,69380
69381,727186255,Julian,Martin,69381
69382,707635495,Purificacion,Sanz,69382
69383,509387957,Xavier,Valenzuela,69383
69384,106138094,Tamara,Vallejo,69384
69385,639784035,Juanita,Domenech,69385
69386,853883117,Custodio,Berrocal,69386
69387,435321445,Telmo,Hernandez,69387
69388,288436654,Domitila,Roman,69388
69389,964579784,Amor,Chacon,69389
69390,966001994,Moreno,Flor,69390
69391,864727262,Santiago,Malo,69391
69392,678210462,Isaias,Muniz,69392
69393,113462713,Juan,Calvet,69393
69394,491516863,Isaac,Taboada,69394
69395,168389325,Sosimo,Manzano,69395
69396,588378214,Diego,Sainz,69396
69397,744896739,Octavia,Carmona,69397
69398,638662322,Macarena,Lago,69398
69399,254049154,Rodolfo,Mateo,69399
69400,895965426,Adoracion,Leon,69400
69401,988226639,Ceferino,Mari,69401
69402,486449696,Soledad,Vall,69402
69403,962285711,Rosaura,Amigo,69403
69404,119429362,Eugenio,Bou,69404
69405,516380646,Noemi,Pont,69405
69406,341166056,Iris,Cabanas,69406
69407,655348943,Severiano,Vendrell,69407
69408,890302959,Maxi,Sobrino,69408
69409,401041202,Dulce,Lorenzo,69409
69410,367303939,Cesar,Querol,69410
69411,377100440,Pia,Monreal,69411
69412,623356169,Amaya,Palacio,69412
69413,957601975,Dominga,Sanchez,69413
69414,230599885,Nazario,Garzon,69414
69415,773415593,Dario,Vallejo,69415
69416,395613230,Cesar,Miro,69416
69417,341863888,Azahar,Arenas,69417
69418,427680815,Chuy,Iniguez,69418
69419,532020870,Emiliana,Vilalta,69419
69420,146809180,Azahara,Moran,69420
69421,474115942,Jose Luis,Guillen,69421
69422,114262439,Aranzazu,Tolosa,69422
69423,746548147,Haroldo,Espinosa,69423
69424,821293446,Macarena,Vilaplana,69424
69425,694314085,Emiliana,Benavides,69425
69426,222455129,Armando,Mateu,69426
69427,630707882,Heriberto,Rueda,69427
69428,709983107,Melchor,Segovia,69428
69429,414534114,Tere,Serrano,69429
69430,474902004,Silvestre,Castell,69430
69431,427429001,Yago,Cortes,69431
69432,113219932,Eva Maria,Villaverde,69432
69433,634535169,Isidro,Cerdan,69433
69434,623296921,Ulises,Rocamora,69434
69435,124440058,Reyes,Paredes,69435
69436,267492461,Petrona,Bravo,69436
69437,574385521,Mar,Teruel,69437
69438,760806654,Anselmo,Roman,69438
69439,768340136,Fausto,Macias,69439
69440,681747985,Belen,Hernando,69440
69441,503921952,Alejandra,Luna,69441
69442,678986074,Adelia,Quintanilla,69442
69443,391067937,Yolanda,Robles,69443
69444,763539681,Vanesa,Pellicer,69444
69445,155279940,Sebastian,Osorio,69445
69446,841678974,Toni,Jove,69446
69447,416022492,Apolinar,Ramirez,69447
69448,425446849,Octavio,Tormo,69448
69449,212744967,Hipolito,Abril,69449
69450,145946701,Tiburcio,Carbajo,69450
69451,908881647,Azucena,Iniguez,69451
69452,965310291,Bienvenida,Simo,69452
69453,909504084,Chelo,Quiros,69453
69454,856162960,Alfonso,Real,69454
69455,962724619,Reinaldo,Pazos,69455
69456,218267866,Eric,Arrieta,69456
69457,552892416,Xavier,Ferran,69457
69458,702325203,Oriana,Marcos,69458
69459,196697731,Maria,Rico,69459
69460,529116201,Marisa,Roldan,69460
69461,814762524,Martirio,Oliva,69461
69462,508861656,Hugo,Ramirez,69462
69463,944734206,Monica,Riba,69463
69464,927428020,Coral,Tejero,69464
69465,374690808,Isaac,Carrera,69465
69466,811646237,Carmina,Larrea,69466
69467,965916900,Sabina,Vicente,69467
69468,921743050,Arcelia,Donoso,69468
69469,337536872,Miriam,Garmendia,69469
69470,163553623,Dora,Carreno,69470
69471,939677344,Reyna,Moreno,69471
69472,967541220,Carlito,Juan,69472
69473,479568700,Oscar,Galiano,69473
69474,947183934,Haydee,Navas,69474
69475,515113520,Eutimio,Barragan,69475
69476,235818994,Genoveva,Pablo,69476
69477,478811262,Modesta,Maza,69477
69478,146719898,Lupe,Medina,69478
69479,968651233,Candelaria,Malo,69479
69480,635262143,Mariana,Nogues,69480
69481,351368243,Pepe,Grau,69481
69482,561437734,Demetrio,Tamarit,69482
69483,762594457,Rafael,Salazar,69483
69484,799683933,Erasmo,Verdu,69484
69485,284160384,Hermenegildo,Otero,69485
69486,189613242,Lilia,Cuellar,69486
69487,743045573,Flavia,Jara,69487
69488,511218111,Valeria,Correa,69488
69489,634896999,Bibiana,Sala,69489
69490,627819850,Fatima,Castell,69490
69491,723449765,Ulises,Morcillo,69491
69492,200294857,Maxima,Tolosa,69492
69493,192431176,Rosaura,Pinol,69493
69494,963284291,Miguel,Arrieta,69494
69495,385547307,Paula,Pol,69495
69496,821642299,Griselda,Acero,69496
69497,786362020,Amada,Ramis,69497
69498,674238934,Paloma,Bilbao,69498
69499,278414267,Ema,Estrada,69499
69500,213834872,Raul,Villegas,69500
69501,416512069,Eusebia,Casares,69501
69502,563427590,Maria Carmen,Alvarez,69502
69503,977903203,Petrona,Naranjo,69503
69504,237996720,Maria Teresa,Castillo,69504
69505,934178174,Benigno,Tirado,69505
69506,506185144,Leonardo,Torrijos,69506
69507,921258768,Mariana,Donaire,69507
69508,232661837,Cirino,Jorda,69508
69509,545290917,Aroa,Caceres,69509
69510,689747083,Pacifica,Duenas,69510
69511,253050292,Ciro,Terron,69511
69512,691711359,Hector,Crespo,69512
69513,513688888,Adelina,Villar,69513
69514,535533338,Maura,Morell,69514
69515,338182629,Nando,Zabaleta,69515
69516,791190146,Lazaro,Alsina,69516
69517,977584625,Rufino,Valle,69517
69518,102906324,Aranzazu,Sanchez,69518
69519,454289916,Reyes,Aguado,69519
69520,914866872,Berto,Rodrigo,69520
69521,126714346,Ciriaco,Moran,69521
69522,833796773,Patricio,Molins,69522
69523,826875826,Jovita,Vicente,69523
69524,144030926,Agueda,Alcolea,69524
69525,979049973,Imelda,Nadal,69525
69526,107111240,Espiridion,Isern,69526
69527,817739093,Nydia,Gaya,69527
69528,106930203,Olegario,Camacho,69528
69529,634716692,Aranzazu,Pla,69529
69530,987604965,Albert,Patino,69530
69531,543076358,Amparo,Ballesteros,69531
69532,413519318,Edgardo,Cerezo,69532
69533,240099874,Osvaldo,Canet,69533
69534,949482139,Lola,Ropero,69534
69535,574442687,Nazaret,Tejero,69535
69536,439493335,Raimundo,Franch,69536
69537,827186164,Belen,Jove,69537
69538,528109855,Marino,Tovar,69538
69539,800385243,Dani,Pina,69539
69540,646242818,Pascuala,Ariza,69540
69541,674884469,Juan Antonio,Carreras,69541
69542,337497914,Fatima,Mayol,69542
69543,354128973,Casandra,Pedrero,69543
69544,539102108,Teodoro,Cordoba,69544
69545,552598191,Elba,Rocamora,69545
69546,540488462,Jose Luis,Aroca,69546
69547,393403497,Arturo,Franch,69547
69548,681582242,Luis Miguel,Salmeron,69548
69549,419521423,Carlos,Piquer,69549
69550,407719133,Paz,Iriarte,69550
69551,323647148,Isaura,Llamas,69551
69552,381494090,Ciriaco,Nino,69552
69553,287579239,Consuela,Casal,69553
69554,899099528,Macarena,Valverde,69554
69555,885404256,Rufino,Alegria,69555
69556,871573607,Edgar,Bauza,69556
69557,659743082,Lorena,Correa,69557
69558,107006493,Zaira,Rincon,69558
69559,457335907,Flor,Juarez,69559
69560,632659737,Flor,Romeu,69560
69561,934289538,Samanta,Nunez,69561
69562,289638047,Sabina,Casado,69562
69563,173956415,Javier,Gimenez,69563
69564,564050249,Soraya,Rodriguez,69564
69565,933101694,Quique,Lillo,69565
69566,205023473,Miguel Angel,Criado,69566
69567,130759503,Jacinto,Sevillano,69567
69568,170445043,Concha,Noguera,69568
69569,707416502,Marta,Porcel,69569
69570,766608325,Raul,Espana,69570
69571,699053313,Ester,Pastor,69571
69572,278288662,Panfilo,Uria,69572
69573,171376137,Fortunato,Blazquez,69573
69574,838982182,Leandro,Ferran,69574
69575,120394366,Nico,Manrique,69575
69576,924223857,Gracia,Uribe,69576
69577,704390365,Pilar,Gracia,69577
69578,373841998,Martin,Urena,69578
69579,158291983,Borja,Paz,69579
69580,491519928,Felicidad,Villalobos,69580
69581,603181592,Geraldo,Benavides,69581
69582,294530595,Hipolito,Dominguez,69582
69583,641058012,Camila,Comas,69583
69584,816728261,Amador,Saura,69584
69585,919252766,Martirio,Beltran,69585
69586,484576013,Sosimo,Heras,69586
69587,612977441,Jacinta,Alberola,69587
69588,290206597,Jimena,Ocana,69588
69589,210811707,Narcisa,Cabo,69589
69590,897177932,Begona,Rey,69590
69591,135562973,Abel,Araujo,69591
69592,341340313,Anacleto,Morera,69592
69593,724500044,Jordi,Moreno,69593
69594,122224481,Zaira,Arnal,69594
69595,765803272,Regina,Sanchez,69595
69596,572376289,Ignacio,Alarcon,69596
69597,214414625,Felisa,Baeza,69597
69598,105745035,Ernesto,Minguez,69598
69599,415895154,Timoteo,Mendoza,69599
69600,622939121,Inocencio,Fuente,69600
69601,186032795,Melania,Muro,69601
69602,213581747,Diego,Llopis,69602
69603,768340985,Bernardo,Camino,69603
69604,195438673,Adan,Reguera,69604
69605,940023625,Benjamin,Cerezo,69605
69606,947726939,Fabio,Baena,69606
69607,690927159,Adelaida,Urena,69607
69608,859061013,Visitacion,Torre,69608
69609,426190053,Maximiano,Iglesias,69609
69610,662319115,Constanza,Soria,69610
69611,291723973,Leopoldo,Cuadrado,69611
69612,553133379,Lourdes,Rubio,69612
69613,413983006,Claudia,Vigil,69613
69614,121798209,Azeneth,Rincon,69614
69615,230730423,Yolanda,Luna,69615
69616,685034872,Demetrio,Urena,69616
69617,947601132,Jaime,Rossello,69617
69618,213127985,Agustina,Delgado,69618
69619,109670744,Silvestre,Gomez,69619
69620,141280921,Gabriel,Castaneda,69620
69621,676772518,Urbano,Saldana,69621
69622,821263322,Leyre,Trujillo,69622
69623,673996444,Lupe,Marti,69623
69624,456559910,Nazario,Camacho,69624
69625,228390904,Ainara,Carrasco,69625
69626,103465315,Mauricio,Cuervo,69626
69627,822216149,Benita,Uria,69627
69628,990671158,Emelina,Benet,69628
69629,401173945,Mamen,Belda,69629
69630,726684295,Faustino,Feijoo,69630
69631,138573705,Concha,Martin,69631
69632,183984932,Prudencio,Andrade,69632
69633,623041075,Cleto,Botella,69633
69634,467357100,Che,Hervas,69634
69635,373360423,Pio,Suarez,69635
69636,591396197,Florentina,Calderon,69636
69637,482625528,Cecilia,Carrion,69637
69638,396104194,Magdalena,Manuel,69638
69639,413831640,Maria Manuela,Calatayud,69639
69640,249262369,Esperanza,Asenjo,69640
69641,962134816,Aranzazu,Sanmartin,69641
69642,228488806,Sebastian,Palacio,69642
69643,730987179,Horacio,Serra,69643
69644,605443545,Josefa,Cozar,69644
69645,769739544,Flor,Sales,69645
69646,904692118,Isabel,Franco,69646
69647,508616183,Anselmo,Bayona,69647
69648,565479990,Florina,Valles,69648
69649,513474528,Heraclio,Espana,69649
69650,981560124,Custodio,Arranz,69650
69651,395344004,Maristela,Pineiro,69651
69652,377729965,Encarnacion,Pina,69652
69653,693775053,Tamara,Moliner,69653
69654,947914775,Maria Jose,Gras,69654
69655,900627893,Carina,Lucena,69655
69656,949249286,Espiridion,Garcia,69656
69657,356784190,Nieves,Revilla,69657
69658,963420473,Lorenza,Bonilla,69658
69659,235140088,Curro,Pedrosa,69659
69660,981306231,Hipolito,Parra,69660
69661,791550698,Encarnita,Aroca,69661
69662,532972334,Eusebio,Aguila,69662
69663,601973262,Dan,Morante,69663
69664,708989358,Susana,Hoyos,69664
69665,988020192,Godofredo,Gomez,69665
69666,221964857,Leandra,Alberdi,69666
69667,455758440,Catalina,Carnero,69667
69668,324238589,Carla,Saenz,69668
69669,998148921,Tania,Jordan,69669
69670,152907903,Faustino,Casas,69670
69671,172835128,Amparo,Avila,69671
69672,552137699,Ignacio,Ayllon,69672
69673,962011665,Cesar,Bru,69673
69674,876562802,Donato,Pavon,69674
69675,352424738,Rogelio,Montoya,69675
69676,786888953,Paula,Mesa,69676
69677,983382665,Eloisa,Pedrosa,69677
69678,980523371,Gloria,Lledo,69678
69679,858952634,Abril,Tur,69679
69680,173943213,Filomena,Tejedor,69680
69681,540011871,Asuncion,Almeida,69681
69682,565862677,Jacobo,Anglada,69682
69683,977725405,Damian,Amador,69683
69684,714639939,Juliana,Vega,69684
69685,415913628,Isaac,Chaparro,69685
69686,257869352,Eva Maria,Rovira,69686
69687,283940398,Jose,Avila,69687
69688,669295317,Itziar,Valverde,69688
69689,469834944,Leandra,Llanos,69689
69690,926111569,Adoracion,Saura,69690
69691,664438101,Veronica,Gilabert,69691
69692,381297174,Griselda,Gomila,69692
69693,100411810,Barbara,Quevedo,69693
69694,292548956,Hipolito,Tejada,69694
69695,879745174,Milagros,Escriva,69695
69696,892719940,Angel,Revilla,69696
69697,856074480,Armando,Pineda,69697
69698,388292457,Amada,Zurita,69698
69699,186195506,Rodolfo,Medina,69699
69700,932938315,Amarilis,Cuervo,69700
69701,392131699,Cesar,Blasco,69701
69702,885604896,Sabina,Mari,69702
69703,985780930,Virginia,Alvarez,69703
69704,383919428,Susana,Duran,69704
69705,223827991,Cirino,Bou,69705
69706,353703560,Dionisia,Perea,69706
69707,670954045,Fortunata,Vazquez,69707
69708,990960135,Fabian,Sabater,69708
69709,290124720,Reyes,Barral,69709
69710,929816376,Jose,Frias,69710
69711,347300435,Juan Luis,Julia,69711
69712,349120275,Tomas,Guardia,69712
69713,413099451,Ambrosio,Becerra,69713
69714,642444112,Cristobal,Hernando,69714
69715,111963008,Demetrio,Aroca,69715
69716,996284615,Clarisa,Elorza,69716
69717,898939310,Xavier,Miguel,69717
69718,836927253,Jordi,Toledo,69718
69719,212880179,Rodrigo,Melendez,69719
69720,975840292,Benjamin,Alcazar,69720
69721,701744177,Nayara,Calvet,69721
69722,829266834,Juana,Pazos,69722
69723,559023233,Pablo,Palau,69723
69724,858533795,Evangelina,Segarra,69724
69725,159585369,Xiomara,Torrens,69725
69726,985103050,Graciela,Vall,69726
69727,979019058,Damian,Calatayud,69727
69728,572494832,Maria Pilar,Bernat,69728
69729,282848265,Jesus,Vazquez,69729
69730,407420398,Basilio,Mari,69730
69731,342954806,Espiridion,Carvajal,69731
69732,326488908,Amparo,Chaves,69732
69733,594369161,Gloria,Coca,69733
69734,660500787,Calisto,Casado,69734
69735,873751943,Alcides,Fonseca,69735
69736,266296434,Esther,Heredia,69736
69737,164962576,Anibal,Moraleda,69737
69738,963217284,Victor,Corbacho,69738
69739,226700138,Federico,Sans,69739
69740,751694801,Plinio,Cabeza,69740
69741,387535562,Noelia,Diez,69741
69742,253084407,America,Mata,69742
69743,364823476,Ariel,Garmendia,69743
69744,509107497,Teofilo,Benitez,69744
69745,243376603,Marcelo,Cozar,69745
69746,283376558,Juan,Quintanilla,69746
69747,264519358,Manolo,Navarro,69747
69748,310905629,Jose Francisco,Mora,69748
69749,699876256,Evaristo,Iniguez,69749
69750,440680398,Tono,Godoy,69750
69751,665015368,Raul,Font,69751
69752,718974165,Maxi,Alamo,69752
69753,516973469,Agustina,Rodrigo,69753
69754,101062283,Vicente,Ramis,69754
69755,755455359,Toni,Carvajal,69755
69756,875676216,Salomon,Fabregat,69756
69757,932191387,Maria Luisa,Aller,69757
69758,666920683,Aaron,Canales,69758
69759,367717504,Ruben,Jerez,69759
69760,887146877,Cipriano,Asensio,69760
69761,482311186,Eusebia,Linares,69761
69762,615379920,Custodio,Sanjuan,69762
69763,767962365,Sandra,Morcillo,69763
69764,144963340,Rafael,Abril,69764
69765,229179493,Jose Angel,Valbuena,69765
69766,153453119,Pascual,Arnaiz,69766
69767,285891317,Amaro,Pla,69767
69768,666780191,Sandra,Tamarit,69768
69769,510898874,Cipriano,Tejera,69769
69770,367852196,Alfonso,Tejera,69770
69771,161438619,Gloria,Larrea,69771
69772,804587689,Teodora,Nicolau,69772
69773,931600051,Barbara,Pineda,69773
69774,863294305,Roldan,Cabezas,69774
69775,265910045,Elpidio,Blazquez,69775
69776,532939215,Blanca,Perello,69776
69777,942255771,Cristian,Bueno,69777
69778,632267419,Sara,Aguila,69778
69779,307711387,Oriana,Ferrer,69779
69780,325816987,Gala,Cal,69780
69781,583882685,Maricruz,Pastor,69781
69782,144485852,Maxi,Querol,69782
69783,768488015,Fabricio,Bou,69783
69784,993527698,Amarilis,Lobo,69784
69785,479032455,Elba,Sanz,69785
69786,784889295,Dora,Sabater,69786
69787,894857684,Faustino,Pastor,69787
69788,769027459,Cristina,Carrion,69788
69789,401651671,Julio Cesar,Arjona,69789
69790,598388221,Estela,Palomar,69790
69791,157790206,Maria Manuela,Arteaga,69791
69792,491329236,Desiderio,Llano,69792
69793,182030452,Ainoa,Fuster,69793
69794,959677107,Cayetano,Blazquez,69794
69795,641937513,Olimpia,Vizcaino,69795
69796,210184272,Paulina,Perez,69796
69797,379247454,Jessica,Fernandez,69797
69798,837784907,Marisol,Moll,69798
69799,253205995,Modesta,Hernandez,69799
69800,978922191,Macarena,Rojas,69800
69801,112820831,Amilcar,Marquez,69801
69802,711880290,Kike,Hoz,69802
69803,499627692,Nazaret,Figueroa,69803
69804,946145312,Catalina,Carballo,69804
69805,334643669,Erasmo,Tapia,69805
69806,832500459,Carmen,Ramirez,69806
69807,449208474,Gracia,Zabala,69807
69808,212988060,Julieta,Sola,69808
69809,323158763,Omar,Real,69809
69810,171942436,Dorita,Coll,69810
69811,891151372,Antonia,Bermudez,69811
69812,322835890,Josefina,Muniz,69812
69813,464743557,Yesica,Verdugo,69813
69814,961242936,Teofilo,Cortes,69814
69815,606473194,Liliana,Garces,69815
69816,825478918,Elodia,Merino,69816
69817,944407209,Maribel,Haro,69817
69818,913526348,Espiridion,Larrea,69818
69819,162513965,Bernardita,Alvarez,69819
69820,621380629,Valerio,Garate,69820
69821,630839902,Ale,Manjon,69821
69822,733152116,Elodia,Chaves,69822
69823,111004981,Maximiliano,Salcedo,69823
69824,152756707,Danilo,Cobos,69824
69825,607846206,Marcial,Gelabert,69825
69826,633507214,Maria Cristina,Elorza,69826
69827,752652596,Hugo,Jimenez,69827
69828,998356313,Tomasa,Mena,69828
69829,371933450,Arsenio,Sanchez,69829
69830,319842718,Aitor,Zurita,69830
69831,213928457,Lazaro,Palomino,69831
69832,355247533,Conrado,Chaparro,69832
69833,620501300,Pili,Sarabia,69833
69834,557781300,Eligio,Valentin,69834
69835,434169200,Etelvina,Gonzalez,69835
69836,939089516,Loreto,Amo,69836
69837,934125252,Georgina,Dominguez,69837
69838,171028097,Carolina,Martorell,69838
69839,345312324,Agustina,Roura,69839
69840,857625519,Merche,Querol,69840
69841,652714445,Evaristo,Casas,69841
69842,497147745,Amarilis,Estevez,69842
69843,990539446,Dolores,Alvarez,69843
69844,863601261,Leocadio,Carretero,69844
69845,684594656,Yessica,Tirado,69845
69846,197102457,Lorenza,Costa,69846
69847,426942309,Teo,Carbajo,69847
69848,679056606,Nelida,Echeverria,69848
69849,927203231,Alexandra,Sureda,69849
69850,732847388,Vinicio,Lledo,69850
69851,438103923,Ruben,Capdevila,69851
69852,888391373,Lucho,Zorrilla,69852
69853,591088111,Bernardino,Hernandez,69853
69854,694462421,Oriana,Navarrete,69854
69855,263686977,Victoria,Salazar,69855
69856,241373350,Marcos,Camacho,69856
69857,528277676,Genoveva,Zamorano,69857
69858,164328890,Eugenio,Gomez,69858
69859,504980725,Eufemia,Canet,69859
69860,269043681,Sebastian,Robles,69860
69861,163842327,Chema,Robles,69861
69862,945244700,Celia,Vilalta,69862
69863,445087536,Matias,Losa,69863
69864,844172177,Jose Maria,Correa,69864
69865,574857277,Jonatan,Rovira,69865
69866,781578348,Paz,Alberto,69866
69867,295335709,Renata,Barros,69867
69868,493997330,Paola,Espanol,69868
69869,951320100,Dorita,Sotelo,69869
69870,756534160,Maria Pilar,Franch,69870
69871,318071882,Maria,Mayol,69871
69872,163542132,Celso,Pujol,69872
69873,574383958,Lazaro,Pinilla,69873
69874,466381357,Rosenda,Bou,69874
69875,860535874,Danilo,Amaya,69875
69876,141292497,Delia,Carrera,69876
69877,978465851,Vera,Busquets,69877
69878,614244318,Jordana,Melendez,69878
69879,125829159,Miguela,Vega,69879
69880,980802975,Rodolfo,Codina,69880
69881,811491198,Isabel,Escribano,69881
69882,675098044,Hernando,Arana,69882
69883,506565853,Nilda,Barranco,69883
69884,974899009,Gabino,Botella,69884
69885,146676553,Gabino,Ferrer,69885
69886,214760298,Gisela,Palomo,69886
69887,392331689,Cornelio,Villalobos,69887
69888,672769386,Pancho,Pacheco,69888
69889,621957599,Bernabe,Arino,69889
69890,810979842,Juan Francisco,Vilanova,69890
69891,298134872,Estefania,Lillo,69891
69892,263650017,Ceferino,Tirado,69892
69893,916331952,Carlito,Manrique,69893
69894,241752524,Rodolfo,Tello,69894
69895,215109750,Lupita,Bejarano,69895
69896,294511178,Manolo,Feliu,69896
69897,792334900,Sergio,Mendez,69897
69898,825007461,Curro,Mendizabal,69898
69899,895598873,Renato,Cruz,69899
69900,805001609,Veronica,Abascal,69900
69901,794581319,Encarnita,Cepeda,69901
69902,600894237,Itziar,Dieguez,69902
69903,625181029,Felix,Narvaez,69903
69904,180890164,Mauricio,Espinosa,69904
69905,880700942,Ana Belen,Hierro,69905
69906,710873938,Tiburcio,Alcazar,69906
69907,533420548,Desiderio,Olivares,69907
69908,162293568,Alonso,Salgado,69908
69909,713393374,Bonifacio,Carballo,69909
69910,850074645,Ximena,Parejo,69910
69911,494347758,Albert,Cervantes,69911
69912,962454802,Carina,Cabrero,69912
69913,332916406,Rita,Jerez,69913
69914,286515775,Encarnita,Pellicer,69914
69915,704586299,Fito,Oliveras,69915
69916,400693390,Candelario,Alberdi,69916
69917,960340387,Celso,Pacheco,69917
69918,201768628,Zaida,Costa,69918
69919,935627140,Maria Teresa,Quiros,69919
69920,824545333,Curro,Moya,69920
69921,492506550,Chus,Guitart,69921
69922,823253123,Hernan,Saez,69922
69923,692922260,Valentina,Espinosa,69923
69924,458945710,Emigdio,Ferrero,69924
69925,368499046,Placido,Tormo,69925
69926,193077350,Silvia,Gallart,69926
69927,340330633,Ricarda,Olive,69927
69928,795314683,Hector,Paniagua,69928
69929,317075998,Maria Carmen,Molins,69929
69930,454635019,Melisa,Polo,69930
69931,830702244,Ale,Mugica,69931
69932,338898850,Viviana,Gascon,69932
69933,930407788,Dalila,Urrutia,69933
69934,555000745,Nico,Iriarte,69934
69935,202461623,Merche,Mateo,69935
69936,944382894,Montserrat,Calderon,69936
69937,358577908,Angel,Soriano,69937
69938,519429232,German,Villalonga,69938
69939,243247114,Cecilia,Carlos,69939
69940,700104926,Anita,Cabanillas,69940
69941,964542257,Zaida,Nevado,69941
69942,851844673,Fabiana,Monreal,69942
69943,814953338,Malena,Palau,69943
69944,881094639,Azahar,Escolano,69944
69945,105856761,Jose Antonio,Exposito,69945
69946,860330490,Gabino,Olive,69946
69947,213028849,Maximiano,Lopez,69947
69948,157277277,Carmina,Ariza,69948
69949,431635941,Begona,Sancho,69949
69950,755261897,Ale,Olmo,69950
69951,814984544,Artemio,Alberola,69951
69952,671864217,Domitila,Barcelo,69952
69953,911814436,Diego,Uriarte,69953
69954,635559714,Alvaro,Ballesteros,69954
69955,292492005,Caridad,Requena,69955
69956,177256117,Ambrosio,Vinas,69956
69957,504712881,Aurea,Viana,69957
69958,896698541,Oriana,Moll,69958
69959,359299639,Maricela,Carvajal,69959
69960,868911377,Primitiva,Cabrero,69960
69961,469488963,Trinidad,Flores,69961
69962,147990714,Ariel,Heras,69962
69963,383155239,Nico,Julian,69963
69964,613614592,Emiliana,Agustin,69964
69965,106672678,Cruz,Cantero,69965
69966,102027520,Americo,Pombo,69966
69967,218875549,Loida,Gimenez,69967
69968,690838815,Elba,Fonseca,69968
69969,140753955,Odalis,Tejada,69969
69970,665000925,Luciano,Machado,69970
69971,766689265,Cebrian,Gabaldon,69971
69972,227364115,Bibiana,Diaz,69972
69973,318556529,Hilario,Fernandez,69973
69974,805218269,Dionisia,Aznar,69974
69975,649123777,Atilio,Vaquero,69975
69976,520891012,Angel,Valdes,69976
69977,837350118,Tristan,Pedraza,69977
69978,552415307,Odalis,Borrell,69978
69979,709580737,Teodora,Reig,69979
69980,811314416,Mayte,Jauregui,69980
69981,833111699,Toni,Hernandez,69981
69982,632890076,Manu,Quiros,69982
69983,678657342,Cayetana,Malo,69983
69984,486872848,Domitila,Espinosa,69984
69985,310645844,Eduardo,Berenguer,69985
69986,563450868,Noa,Bernal,69986
69987,389396535,Amancio,Martorell,69987
69988,231032239,Marisol,Lumbreras,69988
69989,762474356,Carolina,Villena,69989
69990,820928989,Isaura,Ricart,69990
69991,924344941,Osvaldo,Cases,69991
69992,279354612,Pancho,Silva,69992
69993,552890819,Julio,Galvez,69993
69994,595791369,Flavio,Pablo,69994
69995,107606674,Merche,Manuel,69995
69996,543521262,Juan Bautista,Fabregas,69996
69997,299968481,Begona,Borras,69997
69998,715935480,Maximiliano,Bueno,69998
69999,871286896,Chus,Ortiz,69999
70000,671709180,Angel,Vera,70000
70001,472631306,Hector,Hernando,70001
70002,633158778,Bernardino,Ferrandiz,70002
70003,207298583,Glauco,Sancho,70003
70004,881888090,Regina,Montes,70004
70005,713676656,Albano,Bermejo,70005
70006,517229777,Silvio,Pizarro,70006
70007,295666036,Rufino,Guillen,70007
70008,646395204,Yago,Ayllon,70008
70009,458233022,Berta,Quero,70009
70010,166242332,Patricia,Barcelo,70010
70011,509033353,Julieta,Gelabert,70011
70012,250800443,Quique,Cerdan,70012
70013,292580212,Marcia,Pastor,70013
70014,134276140,Pepita,Higueras,70014
70015,945743299,Iker,Viana,70015
70016,548924789,Maria Angeles,Gonzalo,70016
70017,150542254,Fernando,Fiol,70017
70018,700319655,Nilda,Duran,70018
70019,458986143,Ramona,Alcaraz,70019
70020,157721888,Abril,Cal,70020
70021,889298946,Luis,Anton,70021
70022,518389587,Juana,Frutos,70022
70023,937781271,Jose,Isern,70023
70024,926403426,Eutropio,Colomer,70024
70025,738057119,Macarena,Rosa,70025
70026,232099648,Lilia,Rozas,70026
70027,381066129,Guillermo,Madrigal,70027
70028,184460621,Lupe,Marquez,70028
70029,255609429,Armando,Feijoo,70029
70030,523308897,Gertrudis,Chaves,70030
70031,796125865,Inmaculada,Alcalde,70031
70032,803232920,Goyo,Gomila,70032
70033,646726756,Marina,Acero,70033
70034,656109929,Loida,Casares,70034
70035,332141551,Amarilis,Aroca,70035
70036,361122737,Hernan,Salom,70036
70037,648253590,Sandalio,Falco,70037
70038,180005870,Ruben,Santos,70038
70039,140530731,Feliciana,Alonso,70039
70040,648562953,Luisa,Cervantes,70040
70041,925017183,Josefina,Salamanca,70041
70042,330106100,Elba,Escalona,70042
70043,994397874,Maria,Abril,70043
70044,122746933,Julie,Perez,70044
70045,848592751,Emiliano,Oller,70045
70046,181275506,Asuncion,Rosado,70046
70047,983521008,Viviana,Valderrama,70047
70048,256184967,Adriana,Arellano,70048
70049,931271077,Yolanda,Chaparro,70049
70050,223276656,Amando,Rojas,70050
70051,284132761,Dalila,Sosa,70051
70052,879107895,Marc,Vicens,70052
70053,987046246,Maria,Castrillo,70053
70054,155226428,Elena,Rovira,70054
70055,105350680,Ciriaco,Valera,70055
70056,233246420,Amando,Pino,70056
70057,524636544,Camila,Jurado,70057
70058,204608894,Rocio,Landa,70058
70059,513543638,Luis Miguel,Bilbao,70059
70060,123366859,Abraham,Martinez,70060
70061,972513282,Aurora,Acedo,70061
70062,646799706,Tomas,Salas,70062
70063,138551929,Heraclio,Hurtado,70063
70064,830725974,Elpidio,Bueno,70064
70065,125451020,Lorenza,Melendez,70065
70066,214645001,Concha,Acuna,70066
70067,707669206,Guiomar,Quero,70067
70068,118575784,Chema,Diego,70068
70069,979851479,Mario,Goni,70069
70070,500109381,Juanita,Julian,70070
70071,471524000,Ascension,Mayoral,70071
70072,368360740,Victor,Manrique,70072
70073,875458810,Martin,Cadenas,70073
70074,501302630,Valeria,Camino,70074
70075,689948877,Carmelo,Aznar,70075
70076,978559548,Marcela,Uribe,70076
70077,766744175,Maria Carmen,Machado,70077
70078,100936289,Valerio,Lara,70078
70079,781481925,Heriberto,Llamas,70079
70080,526339479,Albert,Agullo,70080
70081,333889267,Lucia,Echeverria,70081
70082,545999472,Rufino,Barbera,70082
70083,701982091,Aranzazu,Palacio,70083
70084,529307188,Ruth,Alfonso,70084
70085,626713646,Eulalia,Gallego,70085
70086,728559770,Encarnacion,Lobo,70086
70087,507739842,Florentina,Cruz,70087
70088,257784425,Nicolasa,Elorza,70088
70089,800334136,Ana Belen,Vargas,70089
70090,689308869,Carina,Barreda,70090
70091,174303781,Pancho,Roman,70091
70092,893560753,Lilia,Iniguez,70092
70093,457408859,America,Alberola,70093
70094,484963735,Guillermo,Batlle,70094
70095,691954209,Silvia,Llano,70095
70096,153377822,Victor,Blanch,70096
70097,561684955,Edelmira,Cadenas,70097
70098,838253983,Pepe,Amoros,70098
70099,323152875,Oriana,Olive,70099
70100,325924316,Hector,Cerezo,70100
70101,379201783,Benigna,Rodriguez,70101
70102,148283914,Chus,Agusti,70102
70103,656369257,Camilo,Gomis,70103
70104,245140607,Rosa Maria,Espada,70104
70105,253748793,Olalla,Cardona,70105
70106,923804479,Urbano,Valentin,70106
70107,166105624,Lilia,Pinedo,70107
70108,144978280,Celestina,Pozo,70108
70109,154477916,Lina,Revilla,70109
70110,461232967,Ulises,Cabanillas,70110
70111,408768142,Raimundo,Rovira,70111
70112,634807383,Lorenza,Caparros,70112
70113,689251955,Ramon,Corbacho,70113
70114,500770614,Soraya,Terron,70114
70115,857393101,Nestor,Cuervo,70115
70116,842184147,Fortunato,Tome,70116
70117,793970550,Adriana,Cuenca,70117
70118,602378800,Florencio,Alfonso,70118
70119,493054979,Tono,Pineiro,70119
70120,203056404,Rebeca,Leiva,70120
70121,221674762,Ceferino,Baena,70121
70122,461704834,Jimena,Landa,70122
70123,837410093,Zacarias,Polo,70123
70124,574921019,Alejo,Canet,70124
70125,693834793,Raimundo,Muniz,70125
70126,416191901,Sergio,Barba,70126
70127,251936077,Bernardo,Amaya,70127
70128,475583417,Adriana,Elias,70128
70129,217773006,Adoracion,Feliu,70129
70130,260211625,Rosario,Polo,70130
70131,270599337,Carmen,Velasco,70131
70132,597398763,Alicia,Yanez,70132
70133,840757223,Saturnino,Blazquez,70133
70134,796764294,Juan Carlos,Haro,70134
70135,800595490,Amada,Prieto,70135
70136,219084536,Inocencio,Montoya,70136
70137,318874985,Benjamin,Perera,70137
70138,877178818,Mireia,Cuervo,70138
70139,876738820,Miguela,Borrego,70139
70140,640493397,Maura,Tapia,70140
70141,447433183,Josefa,Sierra,70141
70142,786699894,Desiderio,Pereira,70142
70143,400916616,Isaias,Andrade,70143
70144,587677073,Angelita,Oliva,70144
70145,747063746,Virgilio,Alcalde,70145
70146,320163188,Saturnina,Toro,70146
70147,476799900,Camilo,Miro,70147
70148,381322843,Casemiro,Gamez,70148
70149,864270884,Tristan,Martin,70149
70150,503754591,Paca,Pombo,70150
70151,609843027,Ingrid,Alba,70151
70152,162688434,Gabriel,Iniesta,70152
70153,582602161,Isaac,Juan,70153
70154,645062567,Hipolito,Luna,70154
70155,465269810,Palmira,Millan,70155
70156,267669694,Maria Del Carmen,Miralles,70156
70157,832612771,Salvador,Ojeda,70157
70158,886948868,Isabela,Sanchez,70158
70159,763042314,Amilcar,Antunez,70159
70160,904190412,Leocadia,Posada,70160
70161,872112475,Florentina,Amo,70161
70162,932094076,Elpidio,Espejo,70162
70163,390948532,Nydia,Riera,70163
70164,481356637,Ingrid,Falco,70164
70165,842816521,Abel,Gallo,70165
70166,734586706,Anastasia,Borja,70166
70167,144198561,Malena,Davila,70167
70168,990673694,Eleuterio,Oliva,70168
70169,245389983,Flavio,Garcia,70169
70170,630956141,Leonel,Bertran,70170
70171,976922497,Adriana,Osorio,70171
70172,257400163,Joel,Aragones,70172
70173,751287351,Jennifer,Vazquez,70173
70174,977266925,Cecilio,Portillo,70174
70175,654483448,Nereida,Tamayo,70175
70176,901038705,Maite,Casanovas,70176
70177,685543879,Hermenegildo,Avila,70177
70178,162679543,Anacleto,Andrade,70178
70179,509491537,Selena,Andres,70179
70180,505088191,Arturo,Ramos,70180
70181,153652892,Febe,Arribas,70181
70182,229338650,Jose,Oller,70182
70183,534742082,Aura,Marques,70183
70184,429334901,Romulo,Escamilla,70184
70185,610608757,Martin,Molina,70185
70186,418563861,Romulo,Iniesta,70186
70187,394873625,Carmelo,Morcillo,70187
70188,181282971,Hermenegildo,Palma,70188
70189,368493037,Panfilo,Esteban,70189
70190,667692756,Pascual,Elorza,70190
70191,398827022,Lorenza,Baena,70191
70192,414888111,Sergio,Tolosa,70192
70193,450080655,Lupita,Salamanca,70193
70194,304513073,Juan Bautista,Fabregas,70194
70195,191122794,Pastor,Gargallo,70195
70196,811345353,Candela,Herranz,70196
70197,898054305,Ofelia,Orozco,70197
70198,887954663,Andrea,Rovira,70198
70199,615472840,Asuncion,Blazquez,70199
70200,919917906,Rafaela,Exposito,70200
70201,334378781,Severo,Perea,70201
70202,445354319,Teobaldo,Aleman,70202
70203,657772500,Rosa Maria,Landa,70203
70204,304647591,Crescencia,Huguet,70204
70205,779000541,Angela,Hidalgo,70205
70206,428618274,Baudelio,Marco,70206
70207,406069070,Camilo,Jaume,70207
70208,508860441,Andrea,Borrego,70208
70209,984762107,Amor,Carballo,70209
70210,240312415,Jesusa,Losada,70210
70211,398157753,Heriberto,Buendia,70211
70212,861523095,Heraclio,Segura,70212
70213,290197076,Glauco,Boix,70213
70214,901167366,Rosario,Martinez,70214
70215,203423688,Jose Angel,Castellanos,70215
70216,348343731,Manuelita,Sebastian,70216
70217,657129300,Edgar,Segura,70217
70218,191379835,Consuelo,Adan,70218
70219,888697765,Salud,Morillo,70219
70220,808470797,Ricarda,Manrique,70220
70221,732346658,Fabiana,Ponce,70221
70222,884102762,Casemiro,Folch,70222
70223,671801962,Baldomero,Rios,70223
70224,330026146,Cleto,Ferrera,70224
70225,772962413,Elena,Trujillo,70225
70226,896232555,Jose Carlos,Ayala,70226
70227,940933568,Felipe,Quintana,70227
70228,736158972,Carla,Rey,70228
70229,749333747,Casandra,Recio,70229
70230,124770402,Marcelo,Hierro,70230
70231,140864453,Corona,Galan,70231
70232,452726771,Jose Angel,Salinas,70232
70233,253352148,Lorenza,Maldonado,70233
70234,834111180,Elpidio,Ballesteros,70234
70235,627103804,Cipriano,Ros,70235
70236,404984393,Jonatan,Barreda,70236
70237,283455476,Sofia,Llorens,70237
70238,923313986,Evelia,Carmona,70238
70239,546711654,Saturnino,Cid,70239
70240,136752456,Chelo,Palomares,70240
70241,894497309,Severo,Acuna,70241
70242,994465350,Xiomara,Blazquez,70242
70243,127474535,Lilia,Pareja,70243
70244,241171585,Eutimio,Vilar,70244
70245,569275780,Candido,Rosell,70245
70246,386993694,Amaya,Berrocal,70246
70247,681849750,Nazaret,Carbajo,70247
70248,490089065,Maribel,Mir,70248
70249,492661695,Aurelio,Fernandez,70249
70250,221762689,Dan,Godoy,70250
70251,293763000,Carla,Ordonez,70251
70252,757948942,Anita,Pou,70252
70253,393614958,Obdulia,Alcala,70253
70254,789494145,Priscila,Franco,70254
70255,802034537,Elba,Banos,70255
70256,248615574,Pilar,Carmona,70256
70257,828777742,Encarnacion,Muniz,70257
70258,990322661,Anselma,Costa,70258
70259,432146580,Chema,Ferran,70259
70260,913191883,Ascension,Gomila,70260
70261,461775111,Moreno,Castellanos,70261
70262,598005710,Adora,Jurado,70262
70263,518684375,Ambrosio,Amat,70263
70264,637596498,Vasco,Jodar,70264
70265,999453147,Belen,Fuentes,70265
70266,344757242,Gertrudis,Pellicer,70266
70267,696840234,Abilio,Prats,70267
70268,641137403,Encarna,Madrid,70268
70269,105397269,Teodosio,Cabeza,70269
70270,687606944,Dimas,Portero,70270
70271,187209415,Sonia,Bautista,70271
70272,333270882,Jose Mari,Iglesia,70272
70273,257148612,Teobaldo,Chacon,70273
70274,553525332,Ursula,Miranda,70274
70275,502837749,Eliana,Torrents,70275
70276,306151019,Estela,Serra,70276
70277,670268094,Eduardo,Munoz,70277
70278,292521077,Albino,Iniesta,70278
70279,843400660,Ruben,Figueras,70279
70280,382427036,Ema,Puente,70280
70281,351816108,Luisina,Heras,70281
70282,959452924,Itziar,Llamas,70282
70283,629571092,Judith,Alemany,70283
70284,850435844,Bartolome,Caparros,70284
70285,479604585,Jose Ignacio,Reyes,70285
70286,331758421,Tamara,Bayo,70286
70287,203914757,Nilo,Martin,70287
70288,864496752,Galo,Rebollo,70288
70289,480406602,Vidal,Barrera,70289
70290,716954787,Marisol,Villa,70290
70291,770296265,Candido,Villar,70291
70292,718758169,Pastor,Esparza,70292
70293,488735346,Reyes,Escribano,70293
70294,192721849,Lorenzo,Pozo,70294
70295,267638228,Rafael,Guijarro,70295
70296,595525024,Soraya,Beltran,70296
70297,470810060,Cristian,Vilaplana,70297
70298,144347144,Alcides,Coloma,70298
70299,630375031,Antonio,Cisneros,70299
70300,342649368,Salome,Diaz,70300
70301,672321956,Ignacia,Uria,70301
70302,806621838,Fortunato,Sabater,70302
70303,250778033,Nerea,Godoy,70303
70304,922176855,Quirino,Borrego,70304
70305,595483024,Eligio,Camacho,70305
70306,479865998,Teobaldo,Canals,70306
70307,878549358,Guillermo,Saez,70307
70308,287916174,Odalis,Vazquez,70308
70309,254826972,Eric,Figuerola,70309
70310,681088071,Dalila,Fuentes,70310
70311,467219118,Octavia,Riquelme,70311
70312,919881453,Adolfo,Castillo,70312
70313,188126316,Adolfo,Bermudez,70313
70314,182973008,Paulina,Valencia,70314
70315,606264025,Alberto,Salom,70315
70316,801232685,Agata,Noguera,70316
70317,733846913,Consuela,Vicens,70317
70318,642238297,Leocadio,Bueno,70318
70319,223639910,Teobaldo,Izaguirre,70319
70320,859516422,Gabriela,Pereira,70320
70321,903949841,Estefania,Caceres,70321
70322,205108700,Fabian,Pol,70322
70323,151011570,Teodora,Duque,70323
70324,940424592,Rico,Moraleda,70324
70325,662238301,Pedro,Gabaldon,70325
70326,779971991,Victorino,Berenguer,70326
70327,687384156,Candido,Garrido,70327
70328,235213540,Maximo,Rico,70328
70329,665282259,Vicenta,Jurado,70329
70330,388120510,Bartolome,Leon,70330
70331,550076724,Carmelita,Lasa,70331
70332,897104624,Agustin,Alberto,70332
70333,587479869,Roberto,Correa,70333
70334,397231001,Florencia,Tolosa,70334
70335,672607148,Adelina,Delgado,70335
70336,669939449,Josefa,Rubio,70336
70337,400687485,Pepito,Llorens,70337
70338,954421725,Remigio,Muro,70338
70339,811190637,Guadalupe,Escamilla,70339
70340,617333994,Alejo,Verdu,70340
70341,150841581,Teodoro,Bernad,70341
70342,771927931,Pepito,Nebot,70342
70343,548381085,Porfirio,Pujadas,70343
70344,335125796,Maria Teresa,Moreno,70344
70345,364044090,Lourdes,Iniesta,70345
70346,792405041,Angeles,Salinas,70346
70347,446195610,Olegario,Godoy,70347
70348,424519936,Luciano,Alegria,70348
70349,517095520,Teresita,Salgado,70349
70350,629601968,Sofia,Verdugo,70350
70351,771795509,Remedios,Marti,70351
70352,639706287,Maria Luisa,Montserrat,70352
70353,469645582,Ana Sofia,Atienza,70353
70354,952792741,Calixta,Andreu,70354
70355,340232201,Casemiro,Castells,70355
70356,372159208,Guadalupe,Redondo,70356
70357,927634037,Martin,Adan,70357
70358,627897556,Jesus,Talavera,70358
70359,353874812,Vera,Vila,70359
70360,430443486,Monica,Torrecilla,70360
70361,135782455,Raul,Ferreras,70361
70362,289301581,Azeneth,Estevez,70362
70363,301536101,Nicodemo,Rico,70363
70364,647484013,Espiridion,Bru,70364
70365,719805625,Agustina,Uria,70365
70366,233446815,Heriberto,Garay,70366
70367,478026816,Esther,Torres,70367
70368,500977172,Juan Francisco,Yuste,70368
70369,562855015,Maria Jesus,Benet,70369
70370,750038014,Nacio,Tomas,70370
70371,264699801,Epifanio,Herrera,70371
70372,242354118,Candelaria,Gamez,70372
70373,361787782,Febe,Font,70373
70374,891886722,Marino,Garzon,70374
70375,225502358,Ximena,Sanz,70375
70376,158716706,Fanny,Morera,70376
70377,931762917,Maria Belen,Mora,70377
70378,684910260,Ernesto,Nebot,70378
70379,413786321,Fortunato,Mayo,70379
70380,612801244,Renata,Torrents,70380
70381,287362962,Nydia,Lloret,70381
70382,174600397,Victoria,Cerezo,70382
70383,477819259,Venceslas,Soriano,70383
70384,315770632,Tania,Baro,70384
70385,296864182,Rene,Criado,70385
70386,147902176,Lazaro,Lozano,70386
70387,701484496,Leyre,Trujillo,70387
70388,614531782,Cruz,Arroyo,70388
70389,314337635,Ascension,Bolanos,70389
70390,915146464,Paulina,Oliveras,70390
70391,759739616,Balduino,Busquets,70391
70392,917568921,Marta,Armas,70392
70393,249657764,Jose Mari,Crespi,70393
70394,175486997,Caridad,Lorenzo,70394
70395,732253157,Clarisa,Garriga,70395
70396,995201281,Irma,Torralba,70396
70397,372809699,Efrain,Feliu,70397
70398,460483878,Clemente,Diez,70398
70399,913454644,Joaquina,Sanz,70399
70400,625689846,Lucas,Vilaplana,70400
70401,584813964,Juan Carlos,Alba,70401
70402,826367594,Julieta,Nunez,70402
70403,142600848,Hector,Luis,70403
70404,297796297,Adelina,Macias,70404
70405,713104483,Lina,Larrea,70405
70406,868237981,Jeremias,Blanch,70406
70407,101053577,Bernarda,Esteban,70407
70408,907509542,Edgardo,Comas,70408
70409,978183712,Ernesto,Arias,70409
70410,456776514,Leonel,Tamarit,70410
70411,426589404,Marco,Moll,70411
70412,296384139,Maristela,Torres,70412
70413,807077161,Reyes,Prat,70413
70414,871833656,Ceferino,Villanueva,70414
70415,858174177,Lazaro,Crespo,70415
70416,859451481,Manolo,Valencia,70416
70417,688261099,Chus,Bejarano,70417
70418,329838825,Simon,Rincon,70418
70419,186384893,Martin,Real,70419
70420,133073078,Rodrigo,Alberola,70420
70421,881302226,Inmaculada,Miralles,70421
70422,170310857,Climaco,Redondo,70422
70423,127282024,Amaro,Oliva,70423
70424,147452183,Rosalva,Alsina,70424
70425,869499283,Luisa,Carpio,70425
70426,912809641,Lope,Jover,70426
70427,103155675,Lazaro,Anguita,70427
70428,427493802,Delfina,Lucas,70428
70429,294837043,Eric,Ballester,70429
70430,662735066,Juana,Castello,70430
70431,656314623,Valero,Jodar,70431
70432,355807576,Rosalinda,Gomez,70432
70433,307455034,Gema,Penas,70433
70434,914655209,Domitila,Gaya,70434
70435,709445512,Haydee,Torrents,70435
70436,676111209,Martina,Rius,70436
70437,545434495,Cirino,Ortega,70437
70438,573412939,Ruth,Carrasco,70438
70439,886865477,Paco,Batalla,70439
70440,668802857,Francisca,Barbero,70440
70441,549239684,Rosaura,Rio,70441
70442,421322302,Emperatriz,Dominguez,70442
70443,514114634,Violeta,Carrillo,70443
70444,326533571,Ciro,Rubio,70444
70445,234669778,Marita,Morera,70445
70446,855123242,Reyes,Espana,70446
70447,672724500,Teresita,Porcel,70447
70448,107056046,David,Duran,70448
70449,141695870,Bernabe,Elorza,70449
70450,767740386,Efrain,Ramis,70450
70451,935149762,Leonor,Pazos,70451
70452,240091654,Maximino,Prat,70452
70453,705164229,Lucila,Yanez,70453
70454,171566138,Adela,Alcalde,70454
70455,739570609,Gisela,Giralt,70455
70456,976776358,Benita,Arnau,70456
70457,357293505,Emma,Calderon,70457
70458,753914853,Felicia,Pavon,70458
70459,915621006,Teodoro,Quintero,70459
70460,404608117,Ernesto,Pinilla,70460
70461,817017606,Seve,Saldana,70461
70462,596907738,Maximino,Borja,70462
70463,132217454,Dionisio,Abril,70463
70464,245029477,Geraldo,Badia,70464
70465,161386658,Reynaldo,Herrero,70465
70466,927233451,Anna,Llorente,70466
70467,729285389,Jose Luis,Arregui,70467
70468,694889371,Prudencia,Prada,70468
70469,308568782,Maria Cristina,Bartolome,70469
70470,503461042,Fernanda,Tejero,70470
70471,971019948,Marcelo,Canals,70471
70472,386704534,Agustin,Recio,70472
70473,991923527,Maria,Quintana,70473
70474,362669574,Ildefonso,Aznar,70474
70475,263399101,Fortunata,Plana,70475
70476,399725992,German,Valero,70476
70477,583470019,Valeria,Somoza,70477
70478,743421507,Primitiva,Gargallo,70478
70479,119356943,Chita,Garzon,70479
70480,106187472,Luis Miguel,Ferrero,70480
70481,282986493,Benigna,Alegre,70481
70482,711253394,Ciro,Tomas,70482
70483,960674816,Carina,Ortega,70483
70484,172288519,Leonel,Miguel,70484
70485,767142562,Esperanza,Cadenas,70485
70486,154185139,Lorenzo,Pedraza,70486
70487,633495464,Roberta,Lopez,70487
70488,389731340,Alejandra,Pelaez,70488
70489,246077330,Ruy,Menendez,70489
70490,698902451,Ariel,Nicolas,70490
70491,122688856,Sonia,Blazquez,70491
70492,328632846,Nieves,Nunez,70492
70493,570900306,Marcelino,Castell,70493
70494,358592714,Ursula,Carranza,70494
70495,248927032,Celia,Llanos,70495
70496,194434822,Nando,Redondo,70496
70497,637165705,Paula,Gelabert,70497
70498,921216362,Loreto,Rico,70498
70499,416831571,Amando,Canellas,70499
70500,721386768,Abril,Verdejo,70500
70501,552563783,Dorita,Garmendia,70501
70502,973129672,Eliana,Garriga,70502
70503,387175650,Angela,Mascaro,70503
70504,265830495,Armida,Narvaez,70504
70505,626946963,Teodosio,Sales,70505
70506,129982435,Nilo,Orozco,70506
70507,720798901,Lupe,Cabezas,70507
70508,804463260,Jose Luis,Jurado,70508
70509,534959630,Paz,Mendoza,70509
70510,928389096,Adriana,Torrijos,70510
70511,873727567,Raul,Simo,70511
70512,460385554,Elpidio,Barco,70512
70513,669877964,Nuria,Villalobos,70513
70514,888141618,Ciriaco,Hernandez,70514
70515,439019329,Estrella,Manrique,70515
70516,419282113,Toribio,Busquets,70516
70517,608273242,Margarita,Luna,70517
70518,144722436,Apolinar,Andres,70518
70519,550286118,Etelvina,Bayona,70519
70520,486179564,Vasco,Mendoza,70520
70521,754023085,Araceli,Lara,70521
70522,917036452,Abilio,Gamez,70522
70523,109272697,Alcides,Contreras,70523
70524,762107761,Luz,Pages,70524
70525,365297061,Edelmiro,Anaya,70525
70526,821388926,Ruben,Rio,70526
70527,364965672,Irma,Nino,70527
70528,641175365,Calisto,Agullo,70528
70529,859197602,Onofre,Porcel,70529
70530,787209642,Moreno,Ferrer,70530
70531,767766449,Benito,Capdevila,70531
70532,896215009,Maria Carmen,Cespedes,70532
70533,579842199,Susana,Martin,70533
70534,255495071,Gerardo,Rodriguez,70534
70535,842650567,Bartolome,Tome,70535
70536,488352876,Marcelo,Duran,70536
70537,394007697,Mirta,Milla,70537
70538,643850879,Lalo,Sala,70538
70539,698808181,Apolonia,Riquelme,70539
70540,910251285,Arcelia,Rosado,70540
70541,205059283,Matilde,Giron,70541
70542,341494414,Abel,Escamilla,70542
70543,612036821,Encarnita,Mariscal,70543
70544,982755262,Claudia,Bermudez,70544
70545,904187848,Salome,Tenorio,70545
70546,169798865,Filomena,Amores,70546
70547,445948833,Pascual,Gutierrez,70547
70548,614203983,Diana,Llorens,70548
70549,811107612,Azahara,Tello,70549
70550,556336474,Marcio,Tejedor,70550
70551,278217009,Nelida,Rosado,70551
70552,734771112,Alma,Carlos,70552
70553,163800039,Claudia,Soriano,70553
70554,284596774,Maria Fernanda,Diez,70554
70555,610981418,Teo,Porta,70555
70556,543463924,Macarena,Aguado,70556
70557,552044086,Cristian,Ortiz,70557
70558,950766115,Ruperto,Fernandez,70558
70559,863550436,America,Bautista,70559
70560,717833235,Juan,Matas,70560
70561,295759818,Hermenegildo,Crespo,70561
70562,847298399,Eliana,Pinto,70562
70563,555750738,Walter,Ortiz,70563
70564,341306242,Desiderio,Acosta,70564
70565,385621723,Gala,Giner,70565
70566,623241375,Dani,Diaz,70566
70567,865093954,Candela,Hernando,70567
70568,953317421,Norberto,Sans,70568
70569,130192685,Cristian,Amores,70569
70570,400073091,Natanael,Linares,70570
70571,434112795,Reyes,Galvan,70571
70572,216808732,Gracia,Vall,70572
70573,110464135,Marta,Contreras,70573
70574,150157108,Aurelia,Saez,70574
70575,982641457,Carmela,Cruz,70575
70576,628761573,Che,Cal,70576
70577,724735181,Telmo,Mesa,70577
70578,385575379,Ana,Arevalo,70578
70579,992900135,Angel,Cerda,70579
70580,633505571,Juanito,Huerta,70580
70581,824686292,Jose Antonio,Neira,70581
70582,621999751,Salvador,Santamaria,70582
70583,539342513,Samanta,Haro,70583
70584,651405243,Isa,Rivero,70584
70585,731712959,Clarisa,Iriarte,70585
70586,657285922,Merche,Arteaga,70586
70587,400309413,Cebrian,Duran,70587
70588,650377730,Marcia,Madrigal,70588
70589,404427248,Felicia,Salas,70589
70590,108250761,Estrella,Valentin,70590
70591,363471782,Rafa,Canals,70591
70592,574293603,Jose Angel,Becerra,70592
70593,698443210,Malena,Matas,70593
70594,792597128,Yolanda,Donoso,70594
70595,184014417,Leonardo,Portero,70595
70596,389674605,Odalis,Llopis,70596
70597,396321983,Gaston,Ledesma,70597
70598,238288745,Ingrid,Tenorio,70598
70599,892193899,Jafet,Fernandez,70599
70600,582853226,Maria Cristina,Sans,70600
70601,198245901,Leocadia,Figuerola,70601
70602,546211041,Vito,Vives,70602
70603,552916180,Macaria,Juan,70603
70604,272360817,Ambrosio,Verdejo,70604
70605,749688117,Carolina,Cruz,70605
70606,174202898,Nereida,Salcedo,70606
70607,815693396,Glauco,Parejo,70607
70608,789661757,Donato,Aleman,70608
70609,298636592,Adan,Ripoll,70609
70610,327744234,Victoriano,Chico,70610
70611,992144034,Loreto,Bas,70611
70612,392119265,Regulo,Guitart,70612
70613,320514428,Albina,Morata,70613
70614,858368332,Matias,Serra,70614
70615,874117125,Ruben,Bonilla,70615
70616,358739808,Hector,Madrigal,70616
70617,141660654,Emilia,Luque,70617
70618,167965899,Baudelio,Pinto,70618
70619,325989739,Marta,Valles,70619
70620,270292709,Cornelio,Caparros,70620
70621,787652947,Sancho,Garces,70621
70622,309496485,Natividad,Moreno,70622
70623,946706848,Luis Miguel,Torralba,70623
70624,631836612,Mayte,Sainz,70624
70625,527614472,Serafina,Sanjuan,70625
70626,852250495,Fortunato,Pineda,70626
70627,713237121,Marcos,Carbajo,70627
70628,871879407,Apolonia,Marquez,70628
70629,235611928,Adan,Asensio,70629
70630,914857991,Araceli,Trillo,70630
70631,399457487,Joaquina,Osuna,70631
70632,263195374,Valeria,Ferreras,70632
70633,985345340,Olalla,Prats,70633
70634,145497786,Ema,Salas,70634
70635,511912224,Hilario,Neira,70635
70636,615127979,Nazario,Borja,70636
70637,148977796,Patricio,Montoya,70637
70638,708979105,Evita,Giner,70638
70639,873126916,Domingo,Barriga,70639
70640,499901529,Eladio,Vara,70640
70641,222100862,Elodia,Palomares,70641
70642,457271011,Diana,Arce,70642
70643,607619397,Guadalupe,Serra,70643
70644,309308126,Eugenio,Montero,70644
70645,128394636,Candelaria,Romeu,70645
70646,918455336,Sol,Morante,70646
70647,395662104,Susanita,Ferrera,70647
70648,742026888,Cipriano,Marti,70648
70649,952175235,Ariel,Villegas,70649
70650,606564092,Dominga,Castello,70650
70651,445879594,Evita,Bartolome,70651
70652,179183769,Jacobo,Vara,70652
70653,226652880,Lucio,Heredia,70653
70654,956812447,Nuria,Mesa,70654
70655,730961735,Anastasio,Anaya,70655
70656,604443618,Fabricio,Mena,70656
70657,358272937,Clarisa,Bautista,70657
70658,852372485,Arsenio,Vizcaino,70658
70659,165904839,Casemiro,Rico,70659
70660,706472709,Severino,Madrigal,70660
70661,256058124,Jennifer,Valverde,70661
70662,349995723,Pelayo,Salgado,70662
70663,741352558,Marisa,Puerta,70663
70664,304557999,Reyna,Valls,70664
70665,852329441,Encarnita,Alemany,70665
70666,250961897,Yago,Aleman,70666
70667,256992710,Juan Carlos,Torralba,70667
70668,684083098,Lupe,Armengol,70668
70669,351735771,Belen,Pomares,70669
70670,209374470,Tomas,Bartolome,70670
70671,231839468,Miguel,Julia,70671
70672,772106471,Juan Jose,Aviles,70672
70673,998579452,Trini,Marco,70673
70674,752249461,Joaquin,Campo,70674
70675,751522476,Felicidad,Giron,70675
70676,552155617,Jose Antonio,Serra,70676
70677,353348397,Maria Jesus,Requena,70677
70678,169541166,Feliciana,Urrutia,70678
70679,745769621,Rebeca,Cantero,70679
70680,407875522,Esther,Ruiz,70680
70681,909265780,Adoracion,Marin,70681
70682,206161028,Rosa,Angel,70682
70683,130172302,Evaristo,Garcia,70683
70684,353477335,Sergio,Rosa,70684
70685,597323650,Carlota,Comas,70685
70686,600076755,Norberto,Puente,70686
70687,732205245,Panfilo,Escalona,70687
70688,346583587,Iban,Cifuentes,70688
70689,975911898,Rita,Vaquero,70689
70690,396212895,Amador,Benito,70690
70691,512257515,Mireia,Cifuentes,70691
70692,959727303,Chus,Bauza,70692
70693,947293975,Socorro,Tapia,70693
70694,549701250,Raimundo,Arribas,70694
70695,551905999,Maria Fernanda,Arce,70695
70696,504772962,Victoriano,Corbacho,70696
70697,515125117,Rosalina,Llabres,70697
70698,674545889,Rosario,Espinosa,70698
70699,182010666,Viviana,Higueras,70699
70700,723956071,Feliciana,Vargas,70700
70701,355768296,Quique,Carrera,70701
70702,798633080,Leoncio,Llado,70702
70703,560974228,Horacio,Luz,70703
70704,336819835,Baltasar,Valenciano,70704
70705,557625323,Fulgencio,Barbero,70705
70706,950237135,Tatiana,Amador,70706
70707,619137943,Lucho,Frias,70707
70708,281124132,Soledad,Company,70708
70709,694505285,Luis Angel,Solera,70709
70710,851270681,Luna,Domenech,70710
70711,810558215,Marcelo,Nino,70711
70712,905164575,Pacifica,Albero,70712
70713,189502856,Consuelo,Yuste,70713
70714,889380373,Salvador,Diaz,70714
70715,482680200,Mayte,Bru,70715
70716,549522391,Hector,Tormo,70716
70717,390061276,Narcisa,Haro,70717
70718,945132859,Hilda,Soler,70718
70719,486616650,Anselma,Andres,70719
70720,444081985,Elena,Vazquez,70720
70721,392882947,Febe,Azorin,70721
70722,517799182,Sandalio,Maza,70722
70723,810612000,Maxi,Castaneda,70723
70724,718002407,Mariano,Julian,70724
70725,510479524,Adolfo,Carbajo,70725
70726,761942638,Dorotea,Espinosa,70726
70727,319903459,Armida,Mariscal,70727
70728,382627648,Maribel,Perera,70728
70729,984847053,Roberto,Chamorro,70729
70730,395071175,Felicidad,Perea,70730
70731,351681105,Noa,Vargas,70731
70732,521233560,Dominga,Martinez,70732
70733,831959001,Alejandro,Canete,70733
70734,728042912,Amancio,Bernal,70734
70735,646916630,Eleuterio,Olive,70735
70736,502596832,Dani,Pou,70736
70737,540924278,Elias,Caceres,70737
70738,701985501,Ceferino,Ibarra,70738
70739,498042609,Olegario,Pedraza,70739
70740,419062926,Apolinar,Campo,70740
70741,655559700,Edelmira,Almeida,70741
70742,311238546,Moreno,Bayo,70742
70743,720150831,Carla,Dominguez,70743
70744,745254077,Sergio,Toledo,70744
70745,434198360,Marciano,Gallo,70745
70746,878093457,Dorotea,Arregui,70746
70747,244799136,Dionisio,Abascal,70747
70748,290202336,Angelita,Espana,70748
70749,779298075,Roldan,Amoros,70749
70750,167448788,Ceferino,Redondo,70750
70751,361484454,Fatima,Gutierrez,70751
70752,475900452,Octavio,Farre,70752
70753,703397164,Martin,Rosales,70753
70754,453411910,Angelita,Plaza,70754
70755,113143652,Rosaura,Reguera,70755
70756,702069347,Edmundo,Borrell,70756
70757,145573992,Ariel,Valles,70757
70758,304660443,Nicolas,Chacon,70758
70759,512678670,Inmaculada,Bravo,70759
70760,313021570,Pablo,Valderrama,70760
70761,457075504,Sonia,Galiano,70761
70762,294794692,Gabino,Marin,70762
70763,970875706,Constanza,Montoya,70763
70764,859902820,Roxana,Prat,70764
70765,613633067,Abigail,Nebot,70765
70766,601038285,Carmela,Ros,70766
70767,832890448,Antonia,Acevedo,70767
70768,180767748,Jose Angel,Gil,70768
70769,141203260,Hernan,Rios,70769
70770,343544605,Juanito,Trujillo,70770
70771,165367743,Malena,Giron,70771
70772,118033140,Fito,Bartolome,70772
70773,411723808,Marcos,Camacho,70773
70774,257637194,Gerardo,Araujo,70774
70775,942457208,Fabiola,Manrique,70775
70776,106735398,Sebastian,Marin,70776
70777,745548282,Cipriano,Pi,70777
70778,185901667,Eric,Cabrero,70778
70779,353005003,America,Olivera,70779
70780,320981881,Prudencio,Banos,70780
70781,981040671,Alonso,Corominas,70781
70782,891523541,Nuria,Mateu,70782
70783,653096648,Carlota,Tolosa,70783
70784,683896917,Mar,Collado,70784
70785,275902691,Reina,Rovira,70785
70786,621711502,Marianela,Pons,70786
70787,944173255,Eligia,Amaya,70787
70788,518675968,Tatiana,Bru,70788
70789,818756161,Rosalinda,Paredes,70789
70790,765857045,Chucho,Francisco,70790
70791,625062937,Anastasio,Aviles,70791
70792,155481620,Cayetana,Sanabria,70792
70793,125785170,Diana,Montserrat,70793
70794,278237206,Jose Miguel,Gomis,70794
70795,723235206,Jose Manuel,Arroyo,70795
70796,627533921,Regulo,Sanz,70796
70797,824069501,Mohamed,Pellicer,70797
70798,381431508,Valentin,Villar,70798
70799,136044656,Raul,Paniagua,70799
70800,513939959,Angelica,Pascual,70800
70801,813338768,Jennifer,Frias,70801
70802,737398502,Anselmo,Cazorla,70802
70803,283857060,Xavier,Cisneros,70803
70804,505402099,Amor,Abellan,70804
70805,493903991,Maria Jose,Hierro,70805
70806,724696118,Florencio,Soriano,70806
70807,134405321,Gabriel,Blanes,70807
70808,784377104,Leire,Bertran,70808
70809,494495954,Jimena,Peinado,70809
70810,281305276,Eloy,Guijarro,70810
70811,579078461,Marina,Cozar,70811
70812,704551397,Custodio,Quintana,70812
70813,557081046,Juan,Fuentes,70813
70814,410798249,Judith,Guzman,70814
70815,310095221,Natanael,Ojeda,70815
70816,223803708,Domitila,Tello,70816
70817,546628454,Baldomero,Galvez,70817
70818,248412545,Francisco Javier,Palacio,70818
70819,402263626,Edelmira,Varela,70819
70820,988171175,Baldomero,Cobo,70820
70821,946749344,Edelmira,Macias,70821
70822,902531331,Pastora,Pont,70822
70823,140061205,Carmina,Romeu,70823
70824,251412994,Ambrosio,Elias,70824
70825,946739852,Emperatriz,Enriquez,70825
70826,103659679,Roberta,Quesada,70826
70827,805398196,Isaac,Sancho,70827
70828,232903371,Ruperto,Bou,70828
70829,982588389,Maricela,Iriarte,70829
70830,494390055,Eduardo,Prieto,70830
70831,405807062,Yolanda,Caparros,70831
70832,320490043,Mateo,Giner,70832
70833,977477913,Pepita,Amador,70833
70834,898690823,Rebeca,Segura,70834
70835,774446592,Iker,Rubio,70835
70836,972859793,Fidel,Osuna,70836
70837,394116649,Gema,Pineda,70837
70838,114911616,Martirio,Quevedo,70838
70839,520809289,Victor,Ramis,70839
70840,333744840,Danilo,Bravo,70840
70841,578719139,Chema,Verdejo,70841
70842,584755211,Calixta,Barros,70842
70843,913576453,Juanito,Almansa,70843
70844,480696136,Maria Carmen,Montserrat,70844
70845,935620271,Amalia,Borrego,70845
70846,414586581,Eloy,Bellido,70846
70847,797037896,Juan Antonio,Cortes,70847
70848,219889361,Belen,Bas,70848
70849,527321109,Elba,Bayona,70849
70850,256294318,Kike,Falcon,70850
70851,944720323,Perla,Porras,70851
70852,272711796,Elodia,Plaza,70852
70853,123224121,Josefina,Pena,70853
70854,112355412,Belen,Beltran,70854
70855,781229132,Marcelo,Sainz,70855
70856,232507809,Cosme,Patino,70856
70857,293342256,Jose Angel,Arevalo,70857
70858,999928455,Pepe,Molina,70858
70859,186728729,Angelica,Amigo,70859
70860,580242733,Demetrio,Vargas,70860
70861,987276247,Pancho,Rozas,70861
70862,880543260,Amaro,Campoy,70862
70863,344379193,Omar,Casares,70863
70864,232343264,Serafina,Milla,70864
70865,254516239,Tomas,Valle,70865
70866,928297939,Ana,Cerda,70866
70867,406645921,Leonor,Pinto,70867
70868,960380377,Leonor,Manrique,70868
70869,527712433,Abraham,Riera,70869
70870,589659650,Danilo,Villar,70870
70871,555341383,Tania,Peinado,70871
70872,878586126,Inigo,Barrera,70872
70873,565277485,Moreno,Zabala,70873
70874,739904393,Graciana,Calzada,70874
70875,785136209,Bernardo,Catala,70875
70876,961754273,Erasmo,Nunez,70876
70877,633337725,Adelia,Tellez,70877
70878,279000293,Alejo,Muniz,70878
70879,425873500,Emilio,Fuente,70879
70880,951752252,Leticia,Buendia,70880
70881,872536492,Juan Francisco,Pombo,70881
70882,963403580,Nieves,Alcalde,70882
70883,667880266,Salomon,Espinosa,70883
70884,554199306,Luisina,Yanez,70884
70885,920249811,Agueda,Mateos,70885
70886,306091264,Fausto,Losada,70886
70887,874235658,Mar,Soriano,70887
70888,176116987,Maria Del Carmen,Saldana,70888
70889,367815916,Omar,Espada,70889
70890,659630222,Vanesa,Tejada,70890
70891,642060783,America,Sandoval,70891
70892,664524715,Adrian,Abellan,70892
70893,267692112,Amancio,Fabra,70893
70894,136844123,Ursula,Marin,70894
70895,139497330,Ramon,Suarez,70895
70896,949863874,Jose Luis,Olmo,70896
70897,776482929,Marina,Oliva,70897
70898,856553675,Domitila,Cano,70898
70899,798686791,Carmelo,Canas,70899
70900,198766616,Cipriano,Iglesia,70900
70901,943211928,Remedios,Roldan,70901
70902,359285814,Carlito,Carrillo,70902
70903,830811755,Tecla,Gil,70903
70904,408222318,Americo,Villalobos,70904
70905,910884605,Silvio,Vara,70905
70906,234440070,Demetrio,Ibanez,70906
70907,914884023,Emma,Cerda,70907
70908,653576717,Roman,Tejedor,70908
70909,807449720,Perla,Galvan,70909
70910,213661820,Zoraida,Torralba,70910
70911,327717158,Asuncion,Solis,70911
70912,314694659,Amancio,Macias,70912
70913,975652931,Vicenta,Mari,70913
70914,748970098,Octavia,Salamanca,70914
70915,581200234,Judith,Costa,70915
70916,386705016,Nicanor,Peral,70916
70917,768139032,Rita,Torrecilla,70917
70918,589933572,Dario,Pelaez,70918
70919,744975123,Olegario,Hervas,70919
70920,973139202,Raimundo,Cardenas,70920
70921,231009873,Pastora,Bru,70921
70922,343937493,Rodolfo,Murcia,70922
70923,204847881,Teodoro,Acedo,70923
70924,515073788,Agueda,Pintor,70924
70925,331089513,Luz,Baron,70925
70926,390100237,Lope,Pineda,70926
70927,358871539,Teo,Badia,70927
70928,670888453,Soledad,Mercader,70928
70929,102245414,Godofredo,Mari,70929
70930,566924444,Cleto,Penas,70930
70931,174963425,Candelas,Carbo,70931
70932,681755326,Camila,Ibanez,70932
70933,904111585,Brunilda,Ferrandiz,70933
70934,426527951,Estrella,Alfonso,70934
70935,147352607,Reinaldo,Jara,70935
70936,870852337,Anastasia,Moraleda,70936
70937,753588629,Geraldo,Botella,70937
70938,121540161,Jose Manuel,Marin,70938
70939,335348235,Seve,Gonzalez,70939
70940,757744778,Barbara,Flor,70940
70941,277099877,Americo,Alberto,70941
70942,636062181,Irma,Paez,70942
70943,621271851,Cesar,Cal,70943
70944,501491650,Belen,Esparza,70944
70945,653990020,Alba,Corominas,70945
70946,584206419,Chucho,Rodenas,70946
70947,703335479,Socorro,Blazquez,70947
70948,418417912,Lourdes,Barragan,70948
70949,356163557,Dionisio,Ferreras,70949
70950,149719646,Azeneth,Salva,70950
70951,921107759,Vanesa,Minguez,70951
70952,961930802,Loreto,Chamorro,70952
70953,339016446,Albert,Aznar,70953
70954,215693359,Veronica,Espana,70954
70955,549575960,Angelita,Torrents,70955
70956,477194496,Jose,Conde,70956
70957,928740809,Hector,Asensio,70957
70958,706150857,Ruth,Chacon,70958
70959,123607903,Ildefonso,Montesinos,70959
70960,474286394,Pepito,Diez,70960
70961,937559499,Olimpia,Llopis,70961
70962,329665751,Nico,Mayo,70962
70963,447002967,Guiomar,Francisco,70963
70964,915596533,Tono,Posada,70964
70965,955462433,Miguel,Ros,70965
70966,567461458,Arsenio,Soto,70966
70967,951580889,Daniel,Suarez,70967
70968,553997387,Maura,Marti,70968
70969,924741178,Victor,Cano,70969
70970,483719614,Vito,Cruz,70970
70971,384700273,Jordana,Palomar,70971
70972,780037960,Reyna,Poza,70972
70973,456405667,Azucena,Redondo,70973
70974,735304582,Berta,Paredes,70974
70975,884332495,Yesica,Matas,70975
70976,404853901,Amanda,Gimeno,70976
70977,831818992,Juan Jose,Palacio,70977
70978,882554912,Noa,Rosa,70978
70979,303550318,Celso,Gibert,70979
70980,123285881,Duilio,Pavon,70980
70981,197527025,Anibal,Cobo,70981
70982,440831875,Gaston,Bonilla,70982
70983,814851659,Lourdes,Paniagua,70983
70984,859708961,Amanda,Hierro,70984
70985,948779200,Armida,Guzman,70985
70986,978194261,Marcela,Naranjo,70986
70987,508439365,Emigdio,Campos,70987
70988,739628817,Ruben,Padilla,70988
70989,665198505,Clarisa,Velazquez,70989
70990,250941553,Evita,Fiol,70990
70991,420248853,Curro,Luque,70991
70992,537699141,Lola,Huerta,70992
70993,707224727,Tomas,Vall,70993
70994,966870329,Dulce,Heredia,70994
70995,685862973,Hector,Rozas,70995
70996,908150749,Aranzazu,Pombo,70996
70997,773861937,Natanael,Grau,70997
70998,177000725,Chucho,Rius,70998
70999,637356462,Silvestre,Conesa,70999
71000,211104601,Che,Ordonez,71000
71001,162875829,Alejandro,Cortes,71001
71002,465309729,Concepcion,Alamo,71002
71003,215750235,Abigail,Bonet,71003
71004,461235439,Chus,Taboada,71004
71005,941856650,Ramiro,Araujo,71005
71006,465027527,Ezequiel,Canton,71006
71007,626060707,Trinidad,Llorente,71007
71008,781365612,Crescencia,Castaneda,71008
71009,189707768,Fidela,Izquierdo,71009
71010,134231304,Constanza,Lerma,71010
71011,607390176,Valerio,Urena,71011
71012,859913982,Pastora,Pont,71012
71013,700158526,Eutimio,Arenas,71013
71014,163195660,Mireia,Acedo,71014
71015,172918564,Adriana,Calvo,71015
71016,913810838,Jose Antonio,Saez,71016
71017,956244933,Eloy,Pelaez,71017
71018,132102959,Albano,Munoz,71018
71019,976511470,Rene,Acuna,71019
71020,936966978,Virginia,Giner,71020
71021,598113685,Guadalupe,Cabanillas,71021
71022,939032558,Belen,Mata,71022
71023,936461254,Julio Cesar,Rodrigo,71023
71024,975938413,Lorena,Flor,71024
71025,742752782,Adelardo,Aller,71025
71026,780320964,Manolo,Bravo,71026
71027,266729479,Aurora,Guzman,71027
71028,730030096,Amada,Villa,71028
71029,765150329,Trinidad,Belmonte,71029
71030,134098400,Maximiliano,Gallego,71030
71031,571131090,Guadalupe,Arranz,71031
71032,743386845,Quirino,Moles,71032
71033,101040044,Maria Cristina,Tomas,71033
71034,265793814,Ignacia,Mendoza,71034
71035,821785051,Artemio,Correa,71035
71036,613924422,Patricio,Costa,71036
71037,160184062,Leonor,Cozar,71037
71038,878764413,Maria Belen,Alemany,71038
71039,654067146,Valentin,Tomas,71039
71040,571078230,Nereida,Duarte,71040
71041,944029989,Albert,Alfaro,71041
71042,954526149,Carmen,Romero,71042
71043,526443877,Asuncion,Ojeda,71043
71044,960086094,Anunciacion,Moreno,71044
71045,371566183,Ramiro,Diez,71045
71046,840956902,Loreto,Banos,71046
71047,463021141,Regulo,Parejo,71047
71048,646907510,Reyna,Almansa,71048
71049,272108126,Nacho,Becerra,71049
71050,963433973,Inmaculada,Marino,71050
71051,336372252,Carla,Villanueva,71051
71052,384987545,Eligia,Bejarano,71052
71053,611840716,Fabiana,Saez,71053
71054,818202430,Evelia,Salmeron,71054
71055,271171244,Rosendo,Rosales,71055
71056,117113179,Maria Teresa,Zapata,71056
71057,280119011,Hernan,Busquets,71057
71058,909910356,Encarnacion,Abad,71058
71059,841198829,Eric,Benitez,71059
71060,852001506,Gaspar,Elorza,71060
71061,571242506,Tito,Alcala,71061
71062,277025932,Lope,Segura,71062
71063,698906647,Manola,Murillo,71063
71064,516995394,Roberta,Marques,71064
71065,471041375,Romulo,Jara,71065
71066,840276836,Nicanor,Casal,71066
71067,285089376,Espiridion,Arco,71067
71068,995540956,Calisto,Mari,71068
71069,485678087,Veronica,Santos,71069
71070,170840670,Paco,Pacheco,71070
71071,826130285,Fanny,Davila,71071
71072,971414538,Roxana,Beltran,71072
71073,665685676,Ariel,Escalona,71073
71074,730433096,Nicolasa,Montana,71074
71075,154314843,Adriana,Tormo,71075
71076,725543332,Sebastian,Figueroa,71076
71077,941192398,Loreto,Capdevila,71077
71078,864959243,Cristina,Perales,71078
71079,641990118,Climaco,Artigas,71079
71080,609816617,Florencia,Mir,71080
71081,353290959,Luis Miguel,Cid,71081
71082,759081057,Ivan,Amigo,71082
71083,339822112,Eugenio,Fabregat,71083
71084,869832706,Hilario,Arenas,71084
71085,195914841,Asuncion,Barros,71085
71086,689069313,Maria Dolores,Marti,71086
71087,388867102,Toribio,Alcala,71087
71088,400433638,America,Calvo,71088
71089,642880812,Albina,Sanjuan,71089
71090,118647574,Carlota,Comas,71090
71091,705354171,Severo,Gual,71091
71092,590497541,Victoriano,Dominguez,71092
71093,979506236,Rolando,Acosta,71093
71094,364364017,Emilio,Rossello,71094
71095,599874402,Lalo,Rivera,71095
71096,304599971,Alcides,Cabeza,71096
71097,908354700,Ezequiel,Barcelo,71097
71098,838327562,Anacleto,Canete,71098
71099,297189805,Jacobo,Romeu,71099
71100,705147398,Natividad,Salgado,71100
71101,636094555,Iris,Armengol,71101
71102,450309179,Pablo,Mata,71102
71103,133797202,Kike,Sebastian,71103
71104,195505625,Nestor,Pujadas,71104
71105,294761344,Teobaldo,Jodar,71105
71106,138899796,Placido,Mayo,71106
71107,273589900,Delia,Teruel,71107
71108,919067711,Adelaida,Blazquez,71108
71109,426121165,Candido,Arevalo,71109
71110,765916003,Paz,Piquer,71110
71111,402385946,Celia,Menendez,71111
71112,358581882,Rosa,Trillo,71112
71113,922976457,Efrain,Boada,71113
71114,729315003,Tito,Oliveras,71114
71115,785780309,Dorita,Chaparro,71115
71116,577153551,Carla,Lerma,71116
71117,178281863,Fidel,Arcos,71117
71118,288069389,Aitor,Blazquez,71118
71119,222410829,Geraldo,Jurado,71119
71120,335947639,Ingrid,Hoyos,71120
71121,589627332,Elena,Yanez,71121
71122,241796180,Simon,Torrecilla,71122
71123,775627848,Bernardita,Martinez,71123
71124,693645438,Maria Cristina,Rivero,71124
71125,170037737,Eliana,Galvez,71125
71126,254511806,Maricruz,Bustos,71126
71127,630696231,Cosme,Avila,71127
71128,453506562,Amancio,Rossello,71128
71129,734062423,Chucho,Saavedra,71129
71130,570923371,Sol,Buendia,71130
71131,320797077,Soraya,Campoy,71131
71132,139893124,Cesar,Ferrera,71132
71133,609102337,Teobaldo,Duque,71133
71134,173440194,Felicidad,Menendez,71134
71135,903375178,Lazaro,Pavon,71135
71136,907172033,Rolando,Pedrosa,71136
71137,867288126,Hilda,Blasco,71137
71138,188675595,Lucas,Lloret,71138
71139,938812220,Marino,Mulet,71139
71140,482462579,Rolando,Plaza,71140
71141,942928598,Sabina,Perales,71141
71142,891182744,Arsenio,Pena,71142
71143,894966108,Evaristo,Serra,71143
71144,956644701,Mirta,Verdu,71144
71145,929359522,Lope,Marmol,71145
71146,816700813,Jacobo,Becerra,71146
71147,293275643,Desiderio,Atienza,71147
71148,768831533,Vicenta,Banos,71148
71149,777035145,Cleto,Marco,71149
71150,497957734,Americo,Grande,71150
71151,812750593,Marisa,Arribas,71151
71152,333285576,Edgardo,Arana,71152
71153,718168948,Nayara,Cruz,71153
71154,666399955,Evangelina,Briones,71154
71155,463891133,Ramiro,Sanabria,71155
71156,516336756,Ciriaco,Borras,71156
71157,885468651,Teo,Jaen,71157
71158,759836924,Isidoro,Gual,71158
71159,650864540,Jose Angel,Martinez,71159
71160,109681432,Marcelo,Carrasco,71160
71161,525572653,Anselma,Gaya,71161
71162,344279471,Itziar,Valverde,71162
71163,397457349,Belen,Pino,71163
71164,754083749,Juan Carlos,Marco,71164
71165,676243752,Flora,Prieto,71165
71166,185286130,Atilio,Tena,71166
71167,618097663,Sergio,Fabregat,71167
71168,306323088,Gerardo,Gabaldon,71168
71169,817130443,Encarnita,Vall,71169
71170,841641455,Maria Pilar,Belda,71170
71171,293881991,Lidia,Jimenez,71171
71172,405726932,Celestino,Balaguer,71172
71173,861868736,Tono,Carbajo,71173
71174,813670947,Jaime,Olmo,71174
71175,158712132,Francisca,Albero,71175
71176,399649440,Jose Mari,Salva,71176
71177,665338966,Mariano,Cepeda,71177
71178,229364530,Rebeca,Carvajal,71178
71179,490076120,Raul,Aguilar,71179
71180,902304389,Eva Maria,Ferreras,71180
71181,794054917,Sol,Vazquez,71181
71182,498245854,Jessica,Cid,71182
71183,254729382,Guadalupe,Jimenez,71183
71184,711080626,Consuela,Alarcon,71184
71185,164358877,Jose Francisco,Uria,71185
71186,350859470,Yesica,Leon,71186
71187,821689410,Silvestre,Heredia,71187
71188,921008921,Arturo,Trillo,71188
71189,703107790,Buenaventura,Pedro,71189
71190,168982747,Amada,Robledo,71190
71191,905595238,Rosalina,Adan,71191
71192,110428851,Desiderio,Infante,71192
71193,469776960,Amador,Julian,71193
71194,495407757,Tomas,Grau,71194
71195,298872126,Fausto,Vizcaino,71195
71196,248000220,Zaida,Bellido,71196
71197,715998401,Pio,Cruz,71197
71198,188676577,Manuela,Chaparro,71198
71199,807118689,Martin,Agudo,71199
71200,822742032,Elvira,Cortes,71200
71201,596818772,Gabino,Montoya,71201
71202,226276161,Amilcar,Garriga,71202
71203,927651661,Jordi,Escamilla,71203
71204,594567330,Telmo,Almeida,71204
71205,935609782,Carmen,Martin,71205
71206,927139943,Chema,Giner,71206
71207,454336251,Amparo,Herranz,71207
71208,899432161,Clotilde,Navarro,71208
71209,710838087,Elpidio,Vergara,71209
71210,199226839,Abel,Bernad,71210
71211,668081189,Ana Belen,Valdes,71211
71212,410859333,Jose Carlos,Larranaga,71212
71213,691352038,Albina,Redondo,71213
71214,811481007,Josefina,Canet,71214
71215,221103706,Fausto,Munoz,71215
71216,996056465,Lupe,Ibanez,71216
71217,489109434,Zaida,Rosa,71217
71218,717068467,Esperanza,Roig,71218
71219,532197853,Trinidad,Estevez,71219
71220,274647538,Maria Fernanda,Mendez,71220
71221,737704788,Mauricio,Adadia,71221
71222,833023993,Augusto,Peralta,71222
71223,154272323,Javi,Rivas,71223
71224,976788977,Flavia,Torrent,71224
71225,848328154,Fito,Torrent,71225
71226,694658720,Jose,Leon,71226
71227,415901500,Carlota,Cardenas,71227
71228,363979954,Iris,Vizcaino,71228
71229,761453343,Jovita,Diego,71229
71230,759167516,Fabian,Benet,71230
71231,920219975,Adriana,Mayoral,71231
71232,450769773,Otilia,Tormo,71232
71233,577185171,Ruy,Zabala,71233
71234,345810922,Florencio,Batalla,71234
71235,223836093,Yolanda,Solera,71235
71236,736932433,Lourdes,Seco,71236
71237,779366381,Maria Del Carmen,Rocha,71237
71238,461100022,Ambar,Flor,71238
71239,777320431,Charo,Fonseca,71239
71240,469460446,Jenny,Lobato,71240
71241,713348795,Glauco,Plaza,71241
71242,435586830,Bonifacio,Gallardo,71242
71243,108337576,Gema,Rebollo,71243
71244,238613963,Paulino,Santamaria,71244
71245,161363965,Georgina,Muro,71245
71246,462749635,Gracia,Quevedo,71246
71247,944835154,Tere,Malo,71247
71248,391461371,Ernesto,Baro,71248
71249,211951319,Anita,Nunez,71249
71250,337353325,Ignacio,Aguirre,71250
71251,145516562,Tono,Lledo,71251
71252,534655236,Curro,Ayala,71252
71253,203482682,Hector,Chacon,71253
71254,179133962,Evaristo,Vives,71254
71255,649872216,Samu,Cabezas,71255
71256,203807652,Andres Felipe,Godoy,71256
71257,854561352,Visitacion,Iniesta,71257
71258,212286139,Manuelita,Alfaro,71258
71259,859898195,Veronica,Mendez,71259
71260,648462055,Jose Angel,Calderon,71260
71261,126230098,Modesta,Iniesta,71261
71262,450491038,Yago,Cortina,71262
71263,477739213,Amaro,Albero,71263
71264,179623920,Jacinta,Guerra,71264
71265,612374735,Julieta,Lorenzo,71265
71266,510592186,Sonia,Lledo,71266
71267,726064099,Marco,Manjon,71267
71268,356038925,Ainara,Almagro,71268
71269,482673274,Lazaro,Balaguer,71269
71270,728482540,Tadeo,Gabaldon,71270
71271,993657561,Prudencio,Hierro,71271
71272,808175332,Azucena,Llobet,71272
71273,978631759,Noelia,Valenciano,71273
71274,299756638,Eutimio,Cortes,71274
71275,293860488,Seve,Varela,71275
71276,840770998,Noelia,Pareja,71276
71277,141751822,Tono,Madrid,71277
71278,301113818,Rosendo,Martorell,71278
71279,233434509,Martina,Dominguez,71279
71280,980473036,Griselda,Asensio,71280
71281,959334653,Jose Antonio,Pol,71281
71282,353963543,Amparo,Merino,71282
71283,478278831,Dionisia,Coca,71283
71284,757057037,Cebrian,Huertas,71284
71285,706956512,Moreno,Rios,71285
71286,787364427,Almudena,Pablo,71286
71287,229744597,Severino,Sabater,71287
71288,658157757,Eva,Carmona,71288
71289,133529101,Angela,Cervantes,71289
71290,586528599,Jose Antonio,Arnal,71290
71291,504409137,Berto,Llorente,71291
71292,444899662,Borja,Gonzalez,71292
71293,793384850,Josefina,Manzanares,71293
71294,305809748,Dora,Tirado,71294
71295,283749669,Ernesto,Salcedo,71295
71296,668341759,Leticia,Alberto,71296
71297,421769431,Juanito,Recio,71297
71298,860093978,Vinicio,Sanabria,71298
71299,265425521,Feliciano,Fabregat,71299
71300,549007365,Lucia,Pedrero,71300
71301,634277716,Maximiano,Amaya,71301
71302,789532501,Artemio,Noguera,71302
71303,497845373,Tono,Leiva,71303
71304,598709506,Isa,Escribano,71304
71305,321243710,Reyna,Canellas,71305
71306,768860568,Matilde,Manrique,71306
71307,624199493,Teobaldo,Pinedo,71307
71308,187427436,Roxana,Vinas,71308
71309,813127521,Rosalina,Gallego,71309
71310,266339078,Daniela,Mariscal,71310
71311,796845319,Rufino,Nogueira,71311
71312,450364117,Anunciacion,Escolano,71312
71313,427272534,Rita,Paniagua,71313
71314,583106740,Lina,Rosell,71314
71315,675331177,Sarita,Arranz,71315
71316,617671553,Nazaret,Cerezo,71316
71317,523755570,Azahar,Salom,71317
71318,884273726,Samuel,Valencia,71318
71319,478369609,Borja,Arteaga,71319
71320,568031901,Domingo,Villena,71320
71321,316500219,Montserrat,Valcarcel,71321
71322,115283974,Vera,Lerma,71322
71323,709486747,Elvira,Sainz,71323
71324,892453920,Jafet,Cuesta,71324
71325,175497968,Eleuterio,Alvarado,71325
71326,127307338,Lorenza,Luque,71326
71327,950524763,Curro,Herrera,71327
71328,925796469,Narciso,Cervera,71328
71329,447208800,Manuela,Alberto,71329
71330,235013322,Rufina,Jauregui,71330
71331,805880494,Juan Carlos,Quintanilla,71331
71332,844490044,Sara,Toro,71332
71333,445735770,Pacifica,Tenorio,71333
71334,911917264,Adelina,Tejedor,71334
71335,275406262,Baltasar,Talavera,71335
71336,565532312,Graciana,Mir,71336
71337,532726944,Jose Luis,Moles,71337
71338,435602433,Jose Antonio,Gual,71338
71339,177916214,Maximino,Pages,71339
71340,224165640,Geraldo,Puga,71340
71341,998071865,Panfilo,Garzon,71341
71342,372171097,Consuelo,Nogues,71342
71343,951675874,Fito,Cordoba,71343
71344,718222316,Anastasio,Abril,71344
71345,330821806,Milagros,Pedro,71345
71346,704181379,Camilo,Gomez,71346
71347,929074528,Angelita,Aragon,71347
71348,113644036,Vicenta,Sevillano,71348
71349,147912661,Nidia,Aranda,71349
71350,766617415,Camilo,Palmer,71350
71351,315636557,Palmira,Estevez,71351
71352,242563253,Flor,Tomas,71352
71353,787681381,Florinda,Moreno,71353
71354,648201472,Aitana,Castello,71354
71355,966684744,Juan Luis,Gargallo,71355
71356,326040175,Placido,Sarmiento,71356
71357,842763894,Amor,Suarez,71357
71358,705912857,Abigail,Sanz,71358
71359,271209189,Victoria,Ferrera,71359
71360,620198954,Octavia,Llado,71360
71361,303444706,Emiliana,Escribano,71361
71362,159623006,David,Cortes,71362
71363,515391303,Lucila,Perales,71363
71364,433854733,Cleto,Coca,71364
71365,206211294,Soraya,Palacios,71365
71366,766325799,Albina,Novoa,71366
71367,897628860,Emelina,Colom,71367
71368,796068089,Maxi,Coello,71368
71369,480048631,Prudencio,Ferreras,71369
71370,727383121,Morena,Mancebo,71370
71371,254008723,Jose Antonio,Monreal,71371
71372,825003824,Melchor,Barragan,71372
71373,690624198,Evaristo,Pina,71373
71374,233573323,Aurelio,Grande,71374
71375,891617676,Climaco,Carballo,71375
71376,147171693,Pedro,Robledo,71376
71377,980109481,Marino,Amo,71377
71378,759708582,Soledad,Nadal,71378
71379,281490249,Amparo,Manuel,71379
71380,538760370,Isaura,Naranjo,71380
71381,542135037,Apolinar,Ortega,71381
71382,609431203,Antonio,Munoz,71382
71383,442771355,Octavia,Campo,71383
71384,394108014,Julie,Arnaiz,71384
71385,778400998,Jordana,Merino,71385
71386,969864167,Victor,Franco,71386
71387,655331889,Maximino,Barcelo,71387
71388,602210222,Heriberto,Marquez,71388
71389,683456429,Alvaro,Gallart,71389
71390,357489338,Leopoldo,Solsona,71390
71391,791813894,Pelayo,Peral,71391
71392,959662674,Juan,Pastor,71392
71393,528390442,Onofre,Castells,71393
71394,452157893,Alfonso,Sabater,71394
71395,730603436,Yessica,Bayona,71395
71396,826101721,Ciriaco,Galvan,71396
71397,658297265,Paloma,Duenas,71397
71398,898831521,Hortensia,Arenas,71398
71399,403858637,Salvador,Terron,71399
71400,142936116,Amaya,Falcon,71400
71401,675655977,Hortensia,Guzman,71401
71402,653231283,Albina,Nevado,71402
71403,730185387,Guadalupe,Urena,71403
71404,308157909,Mauricio,Buendia,71404
71405,941426791,Hugo,Vizcaino,71405
71406,634457894,Edelmiro,Pino,71406
71407,965861076,Leire,Canellas,71407
71408,454056305,Jenaro,Aller,71408
71409,437480911,Alvaro,Ros,71409
71410,171267352,Gema,Rosello,71410
71411,375519313,Sandalio,Nunez,71411
71412,113950550,Zaida,Cuenca,71412
71413,527567624,Teobaldo,Leiva,71413
71414,271231742,Diego,Planas,71414
71415,857387605,Felipe,Mesa,71415
71416,944861818,Luis Miguel,Prado,71416
71417,442594106,Luna,Quintana,71417
71418,509926235,Elisa,Bernat,71418
71419,596673127,Eloy,Torres,71419
71420,444700308,Lola,Pineda,71420
71421,811682676,Amando,Rodriguez,71421
71422,722736300,Malena,Amoros,71422
71423,287816844,Corona,Ferran,71423
71424,268044469,Marcelino,Pulido,71424
71425,311835513,Luciano,Nevado,71425
71426,953439799,Omar,Zamorano,71426
71427,379911537,Dimas,Gordillo,71427
71428,595618650,Jose Francisco,Cabanillas,71428
71429,274571969,Paulino,Fiol,71429
71430,702699355,Alejandra,Calleja,71430
71431,958236754,Clarisa,Quintanilla,71431
71432,503061270,Yolanda,Cruz,71432
71433,461776724,Felicia,Pelaez,71433
71434,112895227,Paz,Cerda,71434
71435,309045375,Cristobal,Castells,71435
71436,238491350,Jesusa,Gimenez,71436
71437,247734995,Fidela,Lillo,71437
71438,587809859,Pia,Morillo,71438
71439,836923035,Anastasia,Ojeda,71439
71440,671306073,Lupe,Becerra,71440
71441,442159890,Severo,Fuentes,71441
71442,910077985,Martin,Losa,71442
71443,260699947,Galo,Coello,71443
71444,845630804,Albano,Cervera,71444
71445,322467686,Pedro,Herrera,71445
71446,444761967,Candelario,Garriga,71446
71447,411188127,Celia,Tamarit,71447
71448,986574548,Blanca,Barroso,71448
71449,598087715,Loida,Figuerola,71449
71450,524154871,Amarilis,Vilanova,71450
71451,692096202,Fabiana,Mas,71451
71452,999386167,Sol,Gomez,71452
71453,506046138,Diego,Vall,71453
71454,395609348,Eugenia,Torrecilla,71454
71455,463487096,Melchor,Royo,71455
71456,817517636,Rosario,Santamaria,71456
71457,665916674,Gregorio,Tamayo,71457
71458,269184304,Tristan,Muniz,71458
71459,146020862,Elodia,Lumbreras,71459
71460,984817302,Paulino,Pla,71460
71461,601667084,Natividad,Abril,71461
71462,632429932,Nazario,Prado,71462
71463,946890194,Valentin,Galan,71463
71464,877782692,Priscila,Luque,71464
71465,938073541,Camilo,Montalban,71465
71466,178976197,Cayetana,Garriga,71466
71467,381468950,Julia,Catalan,71467
71468,751748669,Ramon,Hierro,71468
71469,435130280,Heliodoro,Lluch,71469
71470,463866563,Jafet,Mateu,71470
71471,290452622,Priscila,Mayol,71471
71472,489566363,Sandra,Yanez,71472
71473,728893201,Iris,Garay,71473
71474,152012918,Silvestre,Vazquez,71474
71475,354834802,Pia,Ruiz,71475
71476,915957299,Ruth,Borrego,71476
71477,191961101,Evangelina,Ruiz,71477
71478,370115367,Alfonso,Moll,71478
71479,794171057,Calista,Saenz,71479
71480,505940776,Casemiro,Iniguez,71480
71481,368749304,Jesus,Hurtado,71481
71482,661230482,Aurea,Goni,71482
71483,895907657,Teodora,Manzano,71483
71484,445368172,Ema,Arevalo,71484
71485,548388525,Placido,Cid,71485
71486,754397178,Odalys,Ortuno,71486
71487,187533741,Agapito,Sancho,71487
71488,282800988,Gisela,Arcos,71488
71489,114403561,Anna,Domingo,71489
71490,517783868,Aureliano,Oliver,71490
71491,597452372,Abel,Ojeda,71491
71492,429360791,Joel,Folch,71492
71493,610530329,Lucas,Barreda,71493
71494,712087695,Lorenzo,Fuentes,71494
71495,250982377,Candelaria,Rubio,71495
71496,277360395,Santos,Lobo,71496
71497,511642835,Fabricio,Jorda,71497
71498,334749218,Arcelia,Uria,71498
71499,836019915,Benita,Gabaldon,71499
71500,206438826,Jonatan,Peral,71500
71501,732189894,Severiano,Revilla,71501
71502,397194360,Susana,Palomares,71502
71503,716959276,Vanesa,Jara,71503
71504,341402701,America,Miralles,71504
71505,782413547,Montserrat,Barranco,71505
71506,118470609,Adelaida,Puente,71506
71507,748813697,Maximo,Salamanca,71507
71508,449297303,Alfonso,Caro,71508
71509,178021856,Melania,Piquer,71509
71510,847428333,Sol,Llopis,71510
71511,253168623,Emilia,Berrocal,71511
71512,871904507,Lupe,Peral,71512
71513,519951975,Andres Felipe,Fajardo,71513
71514,273136700,Alonso,Palomar,71514
71515,123443012,Elisabet,Crespo,71515
71516,223958807,Blanca,Cervera,71516
71517,168768639,Xiomara,Lloret,71517
71518,145397606,Albino,Franch,71518
71519,224904832,Onofre,Palomo,71519
71520,842424218,Teo,Penalver,71520
71521,839656179,Maria Carmen,Tamayo,71521
71522,915380633,Gloria,Morillo,71522
71523,635202857,Alicia,Barba,71523
71524,163999381,Cecilio,Godoy,71524
71525,323270916,Edu,Roig,71525
71526,223275132,Rosenda,Ochoa,71526
71527,696534721,Ines,Aliaga,71527
71528,651626680,Inmaculada,Valverde,71528
71529,474598536,Jesusa,Llanos,71529
71530,635610668,Nerea,Martin,71530
71531,900317628,Visitacion,Yanez,71531
71532,346375746,Guillermo,Boix,71532
71533,437542566,Fabian,Rocamora,71533
71534,963600534,Macario,Recio,71534
71535,572510660,Ximena,Riba,71535
71536,882575808,Isidro,Tolosa,71536
71537,976296831,Florencio,Portillo,71537
71538,988187949,Anastasia,Plana,71538
71539,529430695,Esperanza,Arce,71539
71540,688948089,Lucio,Ramos,71540
71541,491457958,Mamen,Castell,71541
71542,621581391,Jafet,Carranza,71542
71543,799404582,Encarnacion,Porras,71543
71544,552737387,Patricio,Alcolea,71544
71545,392355936,Maria Fernanda,Salvador,71545
71546,279190250,Pancho,Tolosa,71546
71547,639660888,Adriana,Penas,71547
71548,594139283,Calista,Marino,71548
71549,433657397,Jesusa,Salgado,71549
71550,841118896,Azeneth,Flores,71550
71551,866013743,Nazaret,Alonso,71551
71552,333878089,Marcos,Gisbert,71552
71553,593564595,Tito,Mesa,71553
71554,767469663,Manuelita,Vilaplana,71554
71555,533306446,Maxi,Carreras,71555
71556,550596921,Flavia,Rosales,71556
71557,588944215,Jose Luis,Valencia,71557
71558,167129029,Abril,Ariza,71558
71559,377062032,Sandra,Redondo,71559
71560,498342394,Estela,Arranz,71560
71561,279122801,Marisa,Cazorla,71561
71562,468502846,Cecilia,Herrero,71562
71563,846244867,Godofredo,Martin,71563
71564,868235047,Narciso,Carrera,71564
71565,232072543,Etelvina,Machado,71565
71566,750754236,Adan,Escobar,71566
71567,718836591,Alejandra,Cardenas,71567
71568,100252254,Abraham,Ramirez,71568
71569,928037515,Mateo,Cid,71569
71570,715328946,Calixta,Julia,71570
71571,252819819,Severiano,Adadia,71571
71572,903772300,Amor,Bermejo,71572
71573,164100824,Angelino,Quevedo,71573
71574,181758455,Azucena,Segarra,71574
71575,430868190,Chita,Nadal,71575
71576,986288839,Irene,Manjon,71576
71577,921510252,Maria Jesus,Ramon,71577
71578,215759450,Omar,Alamo,71578
71579,807001875,Flora,Prat,71579
71580,437188337,Nicodemo,Tome,71580
71581,166023463,Dora,Pazos,71581
71582,116550106,Gisela,Ripoll,71582
71583,480787733,Nieves,Rivero,71583
71584,816199500,Aroa,Asenjo,71584
71585,544385491,Panfilo,Collado,71585
71586,585373895,Guadalupe,Alcalde,71586
71587,894153221,Ester,Castaneda,71587
71588,703588772,Iris,Adadia,71588
71589,735472341,Adelina,Sola,71589
71590,562171147,Macario,Lobo,71590
71591,501779077,Nazaret,Zorrilla,71591
71592,925609172,Olivia,Busquets,71592
71593,915430765,Anastasio,Penalver,71593
71594,116566111,Jose Antonio,Coll,71594
71595,290318098,Gala,Calzada,71595
71596,178966398,Marcos,Jordan,71596
71597,976445358,Teo,Rocha,71597
71598,900191067,Tomasa,Benavent,71598
71599,148434142,Eutimio,Pont,71599
71600,278281607,Agata,Bueno,71600
71601,131185873,Anselma,Teruel,71601
71602,221705148,Albert,Alvarez,71602
71603,991215408,Valero,Anaya,71603
71604,922592099,Fabiola,Franco,71604
71605,191054560,Matilde,Barcena,71605
71606,421766711,Ofelia,Cabello,71606
71607,413437053,Cipriano,Sanjuan,71607
71608,250822195,Chelo,Mir,71608
71609,256400959,Delfina,Llamas,71609
71610,577036212,Valerio,Nunez,71610
71611,319037006,Jose Manuel,Jimenez,71611
71612,121003580,Moreno,Sola,71612
71613,441707464,Herminio,Soriano,71613
71614,810169596,Sancho,Isern,71614
71615,441503886,Florina,Cuervo,71615
71616,459420489,Gabino,Morera,71616
71617,856282483,Florencio,Falcon,71617
71618,673926533,Telmo,Monreal,71618
71619,431086466,Nayara,Gomez,71619
71620,935127417,Prudencio,Perez,71620
71621,830423665,Apolinar,Iglesia,71621
71622,454915717,Adora,Olmedo,71622
71623,382863303,Azucena,Heras,71623
71624,946768755,Bernarda,Becerra,71624
71625,570708052,Carmelita,Valle,71625
71626,683009086,Daniel,Pages,71626
71627,778746100,Aurora,Mulet,71627
71628,803630108,Abel,Milla,71628
71629,402978120,Jose,Llobet,71629
71630,319201047,Julia,Mateo,71630
71631,443346904,Pancho,Pineda,71631
71632,549400263,Fermin,Villalobos,71632
71633,378498674,Guillermo,Sevillano,71633
71634,615910179,Emperatriz,Gilabert,71634
71635,778377984,Epifanio,Campos,71635
71636,281141589,Yago,Huertas,71636
71637,988010020,Calixto,Lorenzo,71637
71638,652207531,Jose Angel,Olivera,71638
71639,397948137,Ruy,Querol,71639
71640,535753662,Olimpia,Abellan,71640
71641,474365684,Xavier,Rio,71641
71642,523504201,Charo,Lledo,71642
71643,419121952,Gertrudis,Acedo,71643
71644,402001934,Ascension,Mercader,71644
71645,415459038,Victoriano,Barroso,71645
71646,360411955,Javi,Sosa,71646
71647,419368526,Jessica,Soria,71647
71648,642417078,Valero,Alarcon,71648
71649,346917426,Manu,Saez,71649
71650,842755177,Aurora,Diez,71650
71651,817654504,Moises,Cortina,71651
71652,988281457,Samu,Egea,71652
71653,598469187,Jose Antonio,Gallego,71653
71654,594117184,Reyna,Baena,71654
71655,659381114,Hernan,Vizcaino,71655
71656,294264015,Jaime,Torrent,71656
71657,578137578,Custodia,Botella,71657
71658,829562146,Gregorio,Tudela,71658
71659,558608498,Nereida,Caro,71659
71660,977607733,Desiderio,Pozuelo,71660
71661,815315671,Nacio,Agustin,71661
71662,205315691,Ines,Sarabia,71662
71663,854163201,Roxana,Quiros,71663
71664,512665907,Jonatan,Carrasco,71664
71665,943703106,Miguela,Corominas,71665
71666,154958927,Morena,Gutierrez,71666
71667,947250184,Herberto,Garate,71667
71668,403301719,Bernardita,Font,71668
71669,367013914,Roberto,Galvez,71669
71670,295621148,Victoria,Verdu,71670
71671,180798334,Maximino,Saez,71671
71672,695946686,Rafael,Baeza,71672
71673,513131354,Concha,Marti,71673
71674,517581413,Eladio,Llopis,71674
71675,808580879,Salome,Alcala,71675
71676,398694257,Aura,Galvez,71676
71677,518229380,Maria,Santana,71677
71678,945674413,Odalys,Arana,71678
71679,777395118,Begona,Mascaro,71679
71680,863663395,Fermin,Escamilla,71680
71681,240136721,Gustavo,Lago,71681
71682,482874241,Inocencio,Carrion,71682
71683,771051754,Natalio,Mari,71683
71684,221849062,Sol,Peiro,71684
71685,127803644,Valentina,Navas,71685
71686,294687783,Sebastian,Vicens,71686
71687,689790154,Raquel,Castaneda,71687
71688,507553673,Apolinar,Gabaldon,71688
71689,383089441,Jose Maria,Lledo,71689
71690,118000701,Calixto,Mosquera,71690
71691,666921032,Baudelio,Antunez,71691
71692,745678416,Teobaldo,Zorrilla,71692
71693,645407007,Carmelita,Aramburu,71693
71694,810110382,Maximo,Gonzalez,71694
71695,909427519,Flor,Garcia,71695
71696,348905836,Clotilde,Sanmartin,71696
71697,884030215,Victor,Davila,71697
71698,405086398,Lupita,Alberola,71698
71699,382222411,Mohamed,Salcedo,71699
71700,725961874,Serafina,Davila,71700
71701,103172924,Desiderio,Torrecilla,71701
71702,436489991,Walter,Villanueva,71702
71703,586136002,Consuela,Lobato,71703
71704,416778184,Carmelita,Fernandez,71704
71705,912502998,Vera,Bautista,71705
71706,498765415,Gerardo,Mercader,71706
71707,957501003,Felicidad,Olmedo,71707
71708,329859545,Maria Teresa,Tirado,71708
71709,177799248,Fabiana,Huguet,71709
71710,496024871,Sabina,Daza,71710
71711,602066092,Edu,Pina,71711
71712,787171185,Moises,Murillo,71712
71713,928065916,Gilberto,Soto,71713
71714,532267019,Lino,Requena,71714
71715,271018375,Emilio,Alvarez,71715
71716,256952558,Luna,Castaneda,71716
71717,859568812,Emelina,Fernandez,71717
71718,793889501,Baudelio,Jove,71718
71719,501569756,Javier,Roma,71719
71720,884354357,Alfredo,Pintor,71720
71721,668087772,Beatriz,Garate,71721
71722,446841384,Emperatriz,Gaya,71722
71723,506352991,Piedad,Torrent,71723
71724,665257667,Barbara,Elias,71724
71725,281932317,Natalia,Alamo,71725
71726,109338324,Amaya,Araujo,71726
71727,986462960,Isaura,Porta,71727
71728,631161540,Pelayo,Moll,71728
71729,514556776,Juan Bautista,Quintero,71729
71730,198687723,Maria Pilar,Alegre,71730
71731,858080235,Maria Jesus,Camara,71731
71732,521870621,Olga,Escalona,71732
71733,742249613,Nando,Pinto,71733
71734,964633958,Victor,Belmonte,71734
71735,199239185,Aura,Calvo,71735
71736,173794603,Amancio,Franco,71736
71737,747538203,Candido,Cervantes,71737
71738,190737371,Dimas,Godoy,71738
71739,404874072,Goyo,Milla,71739
71740,429571162,Hector,Sales,71740
71741,801049548,Paloma,Valls,71741
71742,265190505,Teresa,Pintor,71742
71743,573110112,Martin,Bermudez,71743
71744,350452766,Pepita,Conde,71744
71745,472803144,Matilde,Valle,71745
71746,806620471,Emilia,Tejada,71746
71747,603920191,Tecla,Somoza,71747
71748,547137899,Adriana,Milla,71748
71749,328470911,Nazaret,Casanovas,71749
71750,965764127,Victor Manuel,Baez,71750
71751,682700492,Maria Belen,Serrano,71751
71752,780826533,Nazario,Acevedo,71752
71753,769787742,Arturo,Castell,71753
71754,953912990,Reyes,Larranaga,71754
71755,944940596,Carina,Berrocal,71755
71756,461992963,Abel,Ros,71756
71757,692839631,Cecilio,Ibanez,71757
71758,277750227,Hugo,Menendez,71758
71759,254397559,Elena,Crespi,71759
71760,539998106,Evaristo,Andrade,71760
71761,941916801,Javi,Pedrosa,71761
71762,163899072,Clementina,Bayon,71762
71763,289910464,Isa,Baeza,71763
71764,589760558,Donato,Jerez,71764
71765,801994064,Juan Manuel,Calvo,71765
71766,298295858,Alfredo,Ponce,71766
71767,207876427,Manu,Saez,71767
71768,238964132,Marcos,Alsina,71768
71769,403851076,Atilio,Romeu,71769
71770,555900497,Jose Miguel,Antunez,71770
71771,864393251,Fortunata,Calderon,71771
71772,502110764,Angelina,Valera,71772
71773,654813237,Virginia,Cerezo,71773
71774,831767780,Patricia,Guardiola,71774
71775,630600519,Luciano,Naranjo,71775
71776,344761771,Maria Pilar,Azcona,71776
71777,478293623,Nicodemo,Escribano,71777
71778,840949013,Eutropio,Atienza,71778
71779,223732767,Gustavo,Heredia,71779
71780,159146653,Andres,Rocha,71780
71781,883676864,Aroa,Blanch,71781
71782,516886463,Maria Luisa,Bayona,71782
71783,320662461,Paula,Clemente,71783
71784,486743773,Toni,Flor,71784
71785,441514457,Zaira,Pozuelo,71785
71786,486993673,Marisol,Rocha,71786
71787,714530239,Jacinto,Ibarra,71787
71788,528658456,Nilda,Rivero,71788
71789,970551417,Esteban,Coloma,71789
71790,541837303,Juan,Ruano,71790
71791,389653419,Chus,Serna,71791
71792,514053654,Timoteo,Garcia,71792
71793,221250250,Gala,Munoz,71793
71794,508006121,Agapito,Navarro,71794
71795,218046179,Bartolome,Ibanez,71795
71796,402146164,Agapito,Reguera,71796
71797,785951714,Albina,Saura,71797
71798,677230528,Celia,Gascon,71798
71799,556888893,Samu,Bru,71799
71800,961983672,Juana,Romeu,71800
71801,533823807,Maria Teresa,Carlos,71801
71802,836557557,Maria Manuela,Guerrero,71802
71803,327998007,Filomena,Serra,71803
71804,506296947,Margarita,Botella,71804
71805,526768015,Ana,Marino,71805
71806,993983252,Iris,Morera,71806
71807,292749221,Loreto,Bonilla,71807
71808,661455129,Fabian,Fajardo,71808
71809,374477875,Gil,Estevez,71809
71810,443235197,Juan Bautista,Morillo,71810
71811,285321732,Vinicio,Barcena,71811
71812,514138042,Leopoldo,Mugica,71812
71813,277282370,Modesto,Cornejo,71813
71814,360461297,Rosalia,Mesa,71814
71815,807593313,Dolores,Font,71815
71816,276126548,Zaira,Anglada,71816
71817,984352912,Herberto,Barranco,71817
71818,966542208,Jose Francisco,Barranco,71818
71819,849682295,Pia,Ferrero,71819
71820,670857094,Aitor,Toledo,71820
71821,496513249,Jose,Lasa,71821
71822,916395810,Glauco,Crespo,71822
71823,938628396,Ambrosio,Pastor,71823
71824,892389572,Conrado,Lozano,71824
71825,547351417,Jose Francisco,Simo,71825
71826,900089060,Vidal,Roma,71826
71827,596740963,Hugo,Barros,71827
71828,508682213,Julie,Pons,71828
71829,394533925,Jovita,Costa,71829
71830,845452660,Fulgencio,Posada,71830
71831,202120340,Armida,Camino,71831
71832,974777230,Nazaret,Andreu,71832
71833,751939770,Tatiana,Ropero,71833
71834,778822727,Amelia,Sotelo,71834
71835,154126837,Ariel,Pineiro,71835
71836,180579468,Jose,Falcon,71836
71837,564194305,Gil,Andrade,71837
71838,711834028,Maura,Riba,71838
71839,897135195,Lorenzo,Cadenas,71839
71840,387902307,Susana,Arjona,71840
71841,870426791,Abraham,Herrera,71841
71842,105912451,Flavia,Munoz,71842
71843,945638384,Leticia,Mateu,71843
71844,572128614,Manuelita,Novoa,71844
71845,499644589,Piedad,Aragones,71845
71846,677653115,Iban,Ferrera,71846
71847,283915853,Candela,Ferrero,71847
71848,976448996,Horacio,Carbajo,71848
71849,600915614,Haydee,Gimenez,71849
71850,969668881,Graciela,Echeverria,71850
71851,122475004,Guiomar,Silva,71851
71852,697143854,Nicodemo,Castilla,71852
71853,722847005,Hector,Silva,71853
71854,760443631,Ursula,Nino,71854
71855,429247824,Gisela,Donoso,71855
71856,538884077,Nidia,Castellanos,71856
71857,690135999,Alex,Puente,71857
71858,777503867,Yessica,Barbera,71858
71859,763409236,Baldomero,Sole,71859
71860,785803789,Luz,Santamaria,71860
71861,723918587,Nico,Prieto,71861
71862,877656128,Jose Angel,Luque,71862
71863,133321182,Luis Miguel,Puga,71863
71864,209696635,Piedad,Sanmiguel,71864
71865,473008167,Isabel,Teruel,71865
71866,716939796,Jose Luis,Cuesta,71866
71867,475625462,Anita,Cardona,71867
71868,256031489,Dimas,Valle,71868
71869,613711644,Ariel,Sanchez,71869
71870,639047311,Brigida,Saldana,71870
71871,557520180,Desiderio,Falco,71871
71872,113818808,Candelas,Gomila,71872
71873,453292905,Ruben,Lledo,71873
71874,483465202,Juan Francisco,Checa,71874
71875,766357619,Felipa,Barroso,71875
71876,679081862,Jesusa,Vicens,71876
71877,626817017,Trinidad,Canton,71877
71878,379053759,Azucena,Borja,71878
71879,372263526,Miguel Angel,Fonseca,71879
71880,937473983,Manuel,Ribes,71880
71881,834877608,Jose Angel,Cardenas,71881
71882,224829524,Trinidad,Peralta,71882
71883,887323892,Lupita,Ortega,71883
71884,561968573,Teofila,Espana,71884
71885,869499673,Trinidad,Iniesta,71885
71886,163111004,Nestor,Sanjuan,71886
71887,166790258,Francisco Jose,Casares,71887
71888,276525809,Cleto,Canals,71888
71889,506507941,Sandra,Manrique,71889
71890,491898571,Aitana,Gimeno,71890
71891,688907650,Segismundo,Tolosa,71891
71892,834970914,Haroldo,Dieguez,71892
71893,411224451,Isidoro,Vazquez,71893
71894,748886498,Maximo,Pedraza,71894
71895,378306549,Angelina,Valera,71895
71896,574001483,Flor,Rios,71896
71897,881025611,Griselda,Salas,71897
71898,290149779,Paulina,Palma,71898
71899,643228365,Valero,Alemany,71899
71900,973118542,Edgardo,Chaparro,71900
71901,483715410,Corona,Izaguirre,71901
71902,225529365,Blanca,Pedrosa,71902
71903,123550437,Maximiano,Molins,71903
71904,391909121,Lupe,Valentin,71904
71905,937024505,Elisa,Guzman,71905
71906,928705593,Jose,Caceres,71906
71907,389385179,Emperatriz,Arellano,71907
71908,126548954,Apolinar,Aguirre,71908
71909,597978605,Aurea,Baron,71909
71910,882001929,Camila,Lago,71910
71911,102509086,Azahara,Camacho,71911
71912,388130561,Ovidio,Ferrando,71912
71913,347783299,Rosendo,Cisneros,71913
71914,401873228,Omar,Arteaga,71914
71915,503059004,Sigfrido,Dominguez,71915
71916,486473444,Amando,Isern,71916
71917,373362585,Teobaldo,Montserrat,71917
71918,503257716,Jose,Borrego,71918
71919,956004892,Juliana,Barcena,71919
71920,811358970,Leonardo,Esteve,71920
71921,536606796,Francisco Javier,Guzman,71921
71922,163040672,Edu,Carranza,71922
71923,579126640,Josefina,Aramburu,71923
71924,585797793,Benito,Castell,71924
71925,618440343,Leandro,Serra,71925
71926,940314825,Rolando,Alberola,71926
71927,197370075,Mar,Prada,71927
71928,477772448,Jaime,Puig,71928
71929,955502553,Javiera,Sevillano,71929
71930,396556657,Judith,Garrido,71930
71931,759212063,Petrona,Agustin,71931
71932,269139542,Sabina,Donoso,71932
71933,451336405,Lino,Rodrigo,71933
71934,136453507,Loreto,Narvaez,71934
71935,936492304,Carla,Echeverria,71935
71936,454405573,Arcelia,Sanmiguel,71936
71937,163992069,Azeneth,Villalobos,71937
71938,676167005,Jeremias,Fernandez,71938
71939,270442762,Valeria,Parejo,71939
71940,557480131,Consuela,Ribera,71940
71941,543924999,Alejandra,Carbonell,71941
71942,182893321,Jordi,Sacristan,71942
71943,724157834,Nicodemo,Barcelo,71943
71944,397382302,Beatriz,Amador,71944
71945,678982271,Ambrosio,Gabaldon,71945
71946,163181688,Mariana,Ramirez,71946
71947,814827707,Maite,Anaya,71947
71948,621226008,Priscila,Mosquera,71948
71949,434645324,Almudena,Mari,71949
71950,808895263,Eric,Peinado,71950
71951,314980134,Lucas,Camps,71951
71952,757003811,Jacinto,Gallart,71952
71953,166734979,Amando,Abad,71953
71954,235585360,Anacleto,Mayol,71954
71955,296809289,Maria Jose,Larranaga,71955
71956,937795371,Juan Manuel,Ortega,71956
71957,413094422,Moises,Maldonado,71957
71958,122821316,Judith,Jordan,71958
71959,823252256,Nilo,Maza,71959
71960,292203418,Juana,Benet,71960
71961,709889159,Albina,Saez,71961
71962,912526574,Anselmo,Hernandez,71962
71963,649924996,Florentina,Ortiz,71963
71964,398267507,Maximo,Alfaro,71964
71965,706527306,Julieta,Taboada,71965
71966,875379864,Angelica,Solsona,71966
71967,408569262,Fabricio,Font,71967
71968,300179555,Oscar,Benito,71968
71969,447854902,Delia,Gamez,71969
71970,979896340,Ligia,Fuertes,71970
71971,864429978,Trinidad,Velasco,71971
71972,748442002,Josep,Murillo,71972
71973,974399011,Maximiano,Bustos,71973
71974,760935916,Hernan,Aparicio,71974
71975,252069192,Lina,Ponce,71975
71976,930760905,Raquel,Aviles,71976
71977,154564663,Gonzalo,Llobet,71977
71978,518797280,Severo,Cobos,71978
71979,504098523,Emigdio,Ballesteros,71979
71980,349068496,Ileana,Pol,71980
71981,547091228,Magdalena,Casal,71981
71982,140823442,Charo,Vicens,71982
71983,341325935,Flavia,Montesinos,71983
71984,910997753,Trini,Borrell,71984
71985,695879654,Salome,Santamaria,71985
71986,300141667,Albano,Pi,71986
71987,443660969,Armando,Jurado,71987
71988,557081449,Ambrosio,Roig,71988
71989,524083105,Amaro,Mateo,71989
71990,652723909,Jordana,Fajardo,71990
71991,798457200,Nacio,Palomares,71991
71992,802598195,Galo,Solis,71992
71993,455006314,Beatriz,Rocha,71993
71994,738604101,Salomon,Fonseca,71994
71995,870018216,Duilio,Palau,71995
71996,448748574,Eloisa,Campos,71996
71997,287006436,Albano,Armas,71997
71998,456330053,Cayetana,Franch,71998
71999,988025045,Americo,Gibert,71999
72000,493960568,Julio Cesar,Ochoa,72000
72001,112107217,Ramiro,Diez,72001
72002,320794689,Mauricio,Alemany,72002
72003,667597122,Guadalupe,Solano,72003
72004,399100096,Gracia,Ortiz,72004
72005,184553426,Teofila,Arnaiz,72005
72006,198763280,Belen,Llabres,72006
72007,440729307,Juanito,Navarro,72007
72008,179398159,Cristian,Reyes,72008
72009,955396453,Nico,Camacho,72009
72010,960363186,Glauco,Uribe,72010
72011,494596497,Celestina,Azorin,72011
72012,467625397,Lidia,Barriga,72012
72013,605582068,Isidoro,Fonseca,72013
72014,960016362,Leandra,Almazan,72014
72015,778524567,Morena,Vazquez,72015
72016,454018838,Maribel,Ripoll,72016
72017,606123153,Estrella,Briones,72017
72018,481828170,Maria Manuela,Sanjuan,72018
72019,734515963,Sergio,Ferrando,72019
72020,483020209,Eloy,Nunez,72020
72021,821594019,Tiburcio,Calzada,72021
72022,240241424,Gisela,Duque,72022
72023,655735975,Angelica,Trillo,72023
72024,736169703,Fabricio,Escolano,72024
72025,712728005,Encarnacion,Estrada,72025
72026,151466013,Rafael,Mendez,72026
72027,769842012,Marc,Castello,72027
72028,550467660,Pelayo,Nunez,72028
72029,470558401,Maria Pilar,Montesinos,72029
72030,332565019,Camilo,Julia,72030
72031,382869928,Azahar,Ferrandez,72031
72032,452260389,Debora,Carreras,72032
72033,467792532,Aroa,Cuellar,72033
72034,304793745,Remigio,Bru,72034
72035,527795617,Iris,Narvaez,72035
72036,558722353,Teobaldo,Lujan,72036
72037,796757091,Fernando,Ramon,72037
72038,487981215,Ramona,Vazquez,72038
72039,598095684,Nieves,Olivera,72039
72040,911001970,Sebastian,Uria,72040
72041,283594420,Reina,Vazquez,72041
72042,809169256,Virginia,Prieto,72042
72043,996787690,Angelino,Sevillano,72043
72044,995599494,Felipe,Ayuso,72044
72045,465021292,Maria Carmen,Moraleda,72045
72046,969548607,Raul,Moraleda,72046
72047,731315027,Concha,Casals,72047
72048,387804384,Jordan,Rivero,72048
72049,660181494,Maricela,Posada,72049
72050,506001353,Raimundo,Morante,72050
72051,919503759,Fermin,Robledo,72051
72052,374985855,Hector,Carbonell,72052
72053,975212131,Moises,Alcala,72053
72054,562737796,Hilda,Manjon,72054
72055,695697882,Regulo,Chico,72055
72056,158974813,Ruperta,Huerta,72056
72057,373851637,Goyo,Tomas,72057
72058,610501340,Urbano,Rodriguez,72058
72059,752769631,Reina,Milla,72059
72060,180003951,Valero,Sanmartin,72060
72061,620193073,Georgina,Villar,72061
72062,410040600,Emigdio,Marcos,72062
72063,781363544,Chuy,Piquer,72063
72064,416310005,Pascuala,Nogues,72064
72065,572996450,Ismael,Hidalgo,72065
72066,843718064,Dionisio,Atienza,72066
72067,180509710,Herberto,Vinas,72067
72068,757872974,Jimena,Arce,72068
72069,425075446,Rico,Portero,72069
72070,251415790,Nerea,Paredes,72070
72071,743967813,Aurelia,Lozano,72071
72072,193075558,Roberta,Osorio,72072
72073,405022360,Alejandro,Mayo,72073
72074,508519334,Diana,Velasco,72074
72075,634876453,Espiridion,Mulet,72075
72076,874586957,Domingo,Jover,72076
72077,979884251,Nicolasa,Ramirez,72077
72078,370389858,Josefina,Rodrigo,72078
72079,184778443,Ivan,Landa,72079
72080,526420386,Americo,Burgos,72080
72081,780333802,Visitacion,Melero,72081
72082,414426756,Cristian,Rivas,72082
72083,294411718,Vito,Rosello,72083
72084,513727275,Jose,Parejo,72084
72085,326480997,Candelas,Hidalgo,72085
72086,385492445,Guiomar,Solsona,72086
72087,486647859,Paca,Figuerola,72087
72088,458911525,Viviana,Lago,72088
72089,100832909,Marcio,Molina,72089
72090,243733751,Aaron,Santos,72090
72091,451522505,Asdrubal,Saez,72091
72092,291493296,Damian,Molins,72092
72093,289179590,Matias,Tolosa,72093
72094,660694602,Diego,Salva,72094
72095,205812740,Moreno,Mancebo,72095
72096,717754127,Odalys,Castillo,72096
72097,399455646,Elena,Mayoral,72097
72098,514645177,Vito,Carbajo,72098
72099,865884717,Ana Belen,Barcelo,72099
72100,198351666,Ruth,Tormo,72100
72101,984181744,Apolonia,Miguel,72101
72102,511138046,Sofia,Benavent,72102
72103,869753608,Luis Angel,Pozuelo,72103
72104,397128971,Amor,Caceres,72104
72105,279715823,Maricela,Royo,72105
72106,883242500,Eric,Calleja,72106
72107,309059602,Juan Bautista,Batlle,72107
72108,275444959,Nicolas,Valcarcel,72108
72109,715197935,Anna,Casares,72109
72110,747450523,Flora,Nebot,72110
72111,313813455,Cecilio,Cal,72111
72112,956457668,Jose Angel,Menendez,72112
72113,496846610,Abilio,Almeida,72113
72114,931449199,Debora,Ferrando,72114
72115,310057372,Sancho,Sosa,72115
72116,675684415,Aurelia,Giner,72116
72117,453157151,Rosalina,Busquets,72117
72118,731171428,Armida,Alberto,72118
72119,182701441,Ignacia,Giron,72119
72120,408414223,Gala,Quiros,72120
72121,874974815,Marcio,Martinez,72121
72122,918605692,Ascension,Ponce,72122
72123,352457924,Felipe,Rico,72123
72124,751457379,Hortensia,Bustos,72124
72125,104983007,Alvaro,Casals,72125
72126,528334251,Berta,Lluch,72126
72127,736815908,Dario,Pinol,72127
72128,830376919,Matias,Valle,72128
72129,230778557,Anastasia,Vallejo,72129
72130,485701109,Hipolito,Berenguer,72130
72131,347480902,Regulo,Alarcon,72131
72132,574682119,Amor,Sacristan,72132
72133,921255359,Elodia,Viana,72133
72134,734776253,Lucio,Piquer,72134
72135,864352778,Jose Miguel,Palacio,72135
72136,384993291,Julie,Cabeza,72136
72137,494440285,Maria Dolores,Espejo,72137
72138,277599849,Victor,Blanca,72138
72139,634419136,Eusebio,Pereira,72139
72140,669510753,Aura,Arteaga,72140
72141,888454341,Desiderio,Pastor,72141
72142,110470797,Bienvenida,Mendez,72142
72143,597488586,Maricela,Olive,72143
72144,485622693,Geraldo,Amador,72144
72145,139524963,Gloria,Gilabert,72145
72146,878905271,Eufemia,Suarez,72146
72147,300023087,Teodosio,Sastre,72147
72148,340033654,Coral,Juan,72148
72149,428021648,Horacio,Arce,72149
72150,879972148,Paca,Martin,72150
72151,240174786,Irene,Garrido,72151
72152,332607079,Donato,Moll,72152
72153,376623205,Artemio,Ruano,72153
72154,849462019,Zaira,Jordan,72154
72155,265668679,Caridad,Amaya,72155
72156,829639085,Celso,Espada,72156
72157,988291306,Clara,Corral,72157
72158,707971484,Joaquin,Santamaria,72158
72159,218719816,Marina,Hurtado,72159
72160,955842330,Rosa Maria,Palomino,72160
72161,116826280,Nacho,Arjona,72161
72162,691524008,Erasmo,Cardenas,72162
72163,672387420,Apolinar,Alamo,72163
72164,729928236,Miguela,Barragan,72164
72165,814603498,Dalila,Calderon,72165
72166,419152468,Lope,Aragones,72166
72167,638084400,Brigida,Montana,72167
72168,308298592,Rosalina,Galvan,72168
72169,579486802,Felicia,Aragones,72169
72170,113407857,Teodoro,Ochoa,72170
72171,359983003,Jose Ignacio,Carnero,72171
72172,234839707,Maria Teresa,Palma,72172
72173,383295050,Isaac,Vaquero,72173
72174,512466891,Diego,Manrique,72174
72175,782185370,Cesar,Cabrero,72175
72176,818008437,Marcelino,Aparicio,72176
72177,359478113,Olimpia,Jurado,72177
72178,332389932,Mar,Marquez,72178
72179,869485969,Toni,Zapata,72179
72180,265036246,Faustino,Saez,72180
72181,636310520,Coral,Huerta,72181
72182,564107484,Marciano,Vallejo,72182
72183,969248048,Tecla,Valls,72183
72184,953361201,Ariel,Pomares,72184
72185,367210138,Valerio,Llorens,72185
72186,445733885,Ruperta,Gallart,72186
72187,889199679,Cristian,Rios,72187
72188,198314663,Cesar,Gutierrez,72188
72189,964581717,Marisela,Cortina,72189
72190,760113129,Remigio,Gimeno,72190
72191,704275843,Joel,Rosado,72191
72192,817922144,Olivia,Carreno,72192
72193,105233156,Clementina,Alvarado,72193
72194,220124377,Valentin,Poza,72194
72195,406260220,Godofredo,Vallejo,72195
72196,990504316,Severo,Gonzalez,72196
72197,131186468,Bienvenida,Gascon,72197
72198,438932994,Reyes,Feijoo,72198
72199,929209294,Xavier,Esparza,72199
72200,205726892,Alonso,Malo,72200
72201,311380096,Clarisa,Cuevas,72201
72202,327717128,Ruth,Torrents,72202
72203,735377872,Eusebio,Mulet,72203
72204,888515159,Mateo,Cantero,72204
72205,323884293,Baudelio,Benitez,72205
72206,351929717,Aranzazu,Gonzalez,72206
72207,329843671,Javier,Llado,72207
72208,729716357,Melisa,Bilbao,72208
72209,916271573,Maria Jose,Bernal,72209
72210,343843447,Laura,Ferrandez,72210
72211,975902510,Saturnino,Navarrete,72211
72212,752480172,Jose,Zamora,72212
72213,936964342,Hernando,Pereira,72213
72214,259913810,Chucho,Segui,72214
72215,672615124,America,Osuna,72215
72216,109330602,Micaela,Baez,72216
72217,528203484,Rufina,Real,72217
72218,640579806,Zacarias,Pons,72218
72219,324746856,Nelida,Baena,72219
72220,661412593,Tono,Tenorio,72220
72221,933999167,Fidela,Cardona,72221
72222,732647222,Africa,Anton,72222
72223,585869196,Arcelia,Mateo,72223
72224,597989794,Noe,Oller,72224
72225,420228221,Loreto,Calderon,72225
72226,890349341,Zoraida,Rueda,72226
72227,804768362,Jose Miguel,Maldonado,72227
72228,954043848,Dominga,Enriquez,72228
72229,343569432,Jovita,Casanova,72229
72230,177130833,Claudio,Paniagua,72230
72231,463746296,Maxi,Priego,72231
72232,589378382,Damian,Taboada,72232
72233,771170898,Albano,Suarez,72233
72234,632617439,Cipriano,Barco,72234
72235,729279378,Ernesto,Sosa,72235
72236,270646385,Severino,Lillo,72236
72237,640327186,Clara,Rico,72237
72238,449770161,Dario,Pera,72238
72239,982910747,Elodia,Arroyo,72239
72240,275482699,Lalo,Moya,72240
72241,543471916,Jose Antonio,Salcedo,72241
72242,618798500,Armida,Arco,72242
72243,954495281,Nicodemo,Aparicio,72243
72244,987817307,Abel,Fonseca,72244
72245,978129284,Daniela,Montesinos,72245
72246,546700034,Samuel,Caparros,72246
72247,705191844,Marita,Garces,72247
72248,432249713,Jordi,Galan,72248
72249,332434651,Victoria,Avila,72249
72250,571733574,Nieves,Vinas,72250
72251,327101708,Javier,Herrero,72251
72252,272920864,Alejandro,Bejarano,72252
72253,707440180,Paulina,Bustos,72253
72254,509583292,Encarnita,Mateu,72254
72255,160338214,Horacio,Coello,72255
72256,655992746,Casemiro,Molins,72256
72257,293809945,Samanta,Arellano,72257
72258,906865775,Amelia,Pereira,72258
72259,395318106,Constanza,Manuel,72259
72260,402783551,Roque,Oller,72260
72261,807020352,Ciro,Pascual,72261
72262,481667517,Florencio,Blanes,72262
72263,928073971,Vito,Rodrigo,72263
72264,514399957,Jafet,Ramirez,72264
72265,333165350,Eloisa,Paez,72265
72266,710720245,Teo,Padilla,72266
72267,479586990,Encarnacion,Carpio,72267
72268,913413070,Florencia,Bilbao,72268
72269,926217085,Fabio,Ochoa,72269
72270,860163243,Pepita,Padilla,72270
72271,763415827,Paca,Pina,72271
72272,827540153,Fortunato,Palacio,72272
72273,759629939,Rene,Angel,72273
72274,170201409,Angelino,Olivares,72274
72275,982753721,Marc,Castello,72275
72276,380368703,Belen,Catala,72276
72277,865127216,Socorro,Montalban,72277
72278,306399763,Manu,Padilla,72278
72279,658316465,Rodrigo,Iriarte,72279
72280,478291537,Adelaida,Herrera,72280
72281,241149861,Dulce,Beltran,72281
72282,667975383,Modesto,Iniguez,72282
72283,790283661,Modesta,Julia,72283
72284,306117939,Cebrian,Reguera,72284
72285,672463010,Jose Manuel,Ferrandez,72285
72286,465450960,Ciro,Almeida,72286
72287,293790359,Angelino,Haro,72287
72288,640278500,Quique,Blanco,72288
72289,941190054,Amador,Uribe,72289
72290,929492708,Evita,Almansa,72290
72291,736327679,Paulino,Manzanares,72291
72292,869512302,Marisol,Arias,72292
72293,383038289,Raul,Alcazar,72293
72294,147781422,Jessica,Alba,72294
72295,595906332,Gracia,Echevarria,72295
72296,971486168,Dorita,Bolanos,72296
72297,967123306,Salome,Teruel,72297
72298,151135140,Loida,Acevedo,72298
72299,591012389,Claudio,Rovira,72299
72300,895081627,Javiera,Riba,72300
72301,330004085,Estrella,Andrade,72301
72302,394613279,Sandra,Nieto,72302
72303,892658487,Flora,Adadia,72303
72304,981806990,Angel,Perera,72304
72305,535416416,Nestor,Mayoral,72305
72306,600146924,Liliana,Nino,72306
72307,726848038,Eugenia,Bosch,72307
72308,972198065,Carmelita,Malo,72308
72309,453948751,Florina,Ruano,72309
72310,886054719,Arcelia,Sola,72310
72311,121590287,Eric,Uriarte,72311
72312,388894215,Jose,Ferreras,72312
72313,197239146,Clementina,Alcalde,72313
72314,274415382,Rosenda,Pena,72314
72315,602644598,Moreno,Barros,72315
72316,194145298,Prudencia,Paredes,72316
72317,740947775,Ofelia,Morell,72317
72318,302280815,Florencio,Villanueva,72318
72319,358720330,Yesica,Minguez,72319
72320,453725183,Anacleto,Peral,72320
72321,657807826,Juan,Gimenez,72321
72322,306718765,Placido,Garcia,72322
72323,150910827,Elias,Barriga,72323
72324,127752289,Xavier,Pinilla,72324
72325,996073023,Teodosio,Rosello,72325
72326,810518265,Charo,Romeu,72326
72327,192617929,Candelario,Matas,72327
72328,451814735,Lorenza,Lopez,72328
72329,927204680,Mireia,Cabanas,72329
72330,554269957,Goyo,Casado,72330
72331,521554109,Hugo,Aznar,72331
72332,972557352,Lorena,Villanueva,72332
72333,723327739,Teofilo,Jurado,72333
72334,123305914,Teofila,Agusti,72334
72335,102496351,Alberto,Segura,72335
72336,850673653,Pacifica,Exposito,72336
72337,699758855,Ricarda,Menendez,72337
72338,532745481,Bernarda,Rodrigo,72338
72339,436691354,Inigo,Rubio,72339
72340,252741966,Heliodoro,Cabanillas,72340
72341,771379644,Baudelio,Rosello,72341
72342,507690756,Maristela,Barroso,72342
72343,355635314,Dionisio,Merino,72343
72344,409838401,Pilar,Escribano,72344
72345,918746285,Aroa,Morales,72345
72346,352294063,Mariano,Salgado,72346
72347,219956482,Lourdes,Penalver,72347
72348,629523961,Reyna,Rosell,72348
72349,866041868,Marcelo,Llobet,72349
72350,558640402,Oscar,Barbera,72350
72351,340060723,Sara,Vall,72351
72352,918217926,Fito,Alegria,72352
72353,297333479,Constanza,Madrigal,72353
72354,258753961,Cleto,Uria,72354
72355,178287634,Reina,Carballo,72355
72356,778230194,Baudelio,Robledo,72356
72357,540105478,Guadalupe,Fabra,72357
72358,754723346,Aurelia,Domenech,72358
72359,350052391,Horacio,Galan,72359
72360,449347836,Guiomar,Ibanez,72360
72361,808523304,Flavio,Carbonell,72361
72362,939586552,Josep,Moreno,72362
72363,426798944,Salvador,Badia,72363
72364,802307548,Pilar,Llanos,72364
72365,566223779,Maria Teresa,Puerta,72365
72366,798451639,Eusebia,Mariscal,72366
72367,669788934,Felicia,Moraleda,72367
72368,127494572,Dominga,Tamarit,72368
72369,950223452,Victor,Larrea,72369
72370,335853904,Americo,Vilalta,72370
72371,202831180,Alonso,Ortiz,72371
72372,958029725,Javiera,Penas,72372
72373,778206773,Lidia,Capdevila,72373
72374,476916462,Ruben,Nieto,72374
72375,768494203,Encarnita,Cortes,72375
72376,601858269,Araceli,Mateu,72376
72377,127004601,Roberta,Prats,72377
72378,125115177,Roldan,Sedano,72378
72379,851805268,Soledad,Roldan,72379
72380,504351718,Agata,Arteaga,72380
72381,606440142,Belen,Paz,72381
72382,402671306,Melchor,Escudero,72382
72383,387066468,Macario,Carretero,72383
72384,865133359,Sarita,Lamas,72384
72385,357837684,Paca,Ibanez,72385
72386,809719109,Maria Luisa,Tena,72386
72387,734657693,Eleuterio,Manuel,72387
72388,381846949,Jose Francisco,Vega,72388
72389,382024465,Ramona,Otero,72389
72390,662313258,Sigfrido,Zabala,72390
72391,399877449,Violeta,Armas,72391
72392,742604613,Sol,Poza,72392
72393,199768751,Diego,Galan,72393
72394,684380392,Marita,Bernad,72394
72395,625545957,Diana,Escriva,72395
72396,977708881,Irene,Roman,72396
72397,106024814,Nilda,Miranda,72397
72398,266336177,Elena,Heras,72398
72399,444236005,Vinicio,Manso,72399
72400,685656357,Trinidad,Mayol,72400
72401,790829063,Cecilia,Tellez,72401
72402,770743963,Alvaro,Salamanca,72402
72403,990189264,Socorro,Espinosa,72403
72404,330754294,Horacio,Suarez,72404
72405,317334179,Olivia,Perera,72405
72406,872582049,Agapito,Cortina,72406
72407,728125071,Amaro,Company,72407
72408,532650046,Amanda,Mir,72408
72409,731470568,Guillermo,Morcillo,72409
72410,385235843,Etelvina,Rosello,72410
72411,605375587,Fabian,Serrano,72411
72412,148661987,Isidora,Baeza,72412
72413,142605417,Carmina,Marti,72413
72414,358116359,Itziar,Yanez,72414
72415,253381666,Amaya,Vilar,72415
72416,991099915,Almudena,Cobo,72416
72417,672201104,Marta,Narvaez,72417
72418,588527821,Macarena,Tamarit,72418
72419,159274785,Domingo,Manuel,72419
72420,658091756,Elisa,Hernandez,72420
72421,717299174,Lidia,Torrent,72421
72422,815927593,Serafina,Palomares,72422
72423,417530423,Pepe,Llano,72423
72424,802363864,Julia,Goni,72424
72425,591618378,Josep,Aznar,72425
72426,200034861,Anita,Acuna,72426
72427,244938696,Mariano,Pineda,72427
72428,321187340,Mohamed,Cabezas,72428
72429,468880963,Delia,Manuel,72429
72430,725556528,Macaria,Real,72430
72431,342794719,Florentino,Vergara,72431
72432,212450393,Artemio,Salas,72432
72433,378803620,Nestor,Matas,72433
72434,534113702,Ofelia,Elias,72434
72435,641745640,Hilda,Julian,72435
72436,742424080,Evelia,Cespedes,72436
72437,329444037,Zaida,Ledesma,72437
72438,225149216,Osvaldo,Fabregat,72438
72439,717696667,Marina,Quintanilla,72439
72440,143217831,Sara,Caballero,72440
72441,711721917,Alex,Aguado,72441
72442,309365444,Sigfrido,Rebollo,72442
72443,467221604,Benigno,Escolano,72443
72444,980133118,Manuelita,Canas,72444
72445,502787546,Pilar,Robles,72445
72446,485542150,Mauricio,Benitez,72446
72447,440732561,Roman,Avila,72447
72448,777151767,Cruz,Iriarte,72448
72449,554255641,Vinicio,Maldonado,72449
72450,106380182,Roxana,Canovas,72450
72451,105137243,Maximiliano,Rodriguez,72451
72452,938896125,Nazario,Torre,72452
72453,277456459,Elias,Gutierrez,72453
72454,361458734,Tomasa,Novoa,72454
72455,466787850,Duilio,Vicente,72455
72456,472780895,Julio,Amat,72456
72457,548691133,Angela,Carrera,72457
72458,375737337,Flor,Verdejo,72458
72459,656995346,Emiliano,Ferrandez,72459
72460,417226834,Jovita,Moll,72460
72461,715466728,Juan,Morillo,72461
72462,458907889,Yolanda,Amoros,72462
72463,643461361,Maria Cristina,Peiro,72463
72464,193647305,Carmelita,Garzon,72464
72465,394094230,Buenaventura,Baez,72465
72466,647256187,Micaela,Olivares,72466
72467,135954629,Nacho,Rios,72467
72468,126222641,Vidal,Salas,72468
72469,671108822,Crescencia,Juan,72469
72470,309780417,Toribio,Peinado,72470
72471,295437895,Aurelio,Baena,72471
72472,116478641,Reyna,Costa,72472
72473,522558130,Barbara,Rosa,72473
72474,398590450,Melania,Nieto,72474
72475,226861886,Amparo,Tamayo,72475
72476,316408331,Sandalio,Puig,72476
72477,234546951,Paloma,Villar,72477
72478,426649526,Rafael,Font,72478
72479,876221348,Mar,Acero,72479
72480,880020181,Reinaldo,Garzon,72480
72481,428888612,Evita,Canovas,72481
72482,184362278,Leoncio,Flor,72482
72483,529141422,Josep,Lumbreras,72483
72484,213950855,Isaias,Ramos,72484
72485,989396702,Fernando,Pino,72485
72486,964786793,Saturnino,Pascual,72486
72487,923435473,Cesar,Llorens,72487
72488,170030787,Arturo,Losa,72488
72489,257543362,Benjamin,Vives,72489
72490,143263468,Mamen,Carrion,72490
72491,733837943,Salome,Nevado,72491
72492,988567388,Graciana,Valls,72492
72493,961800311,Rosa Maria,Posada,72493
72494,379721616,Carlota,Granados,72494
72495,304930140,Aroa,Ortiz,72495
72496,406733889,Adela,Pellicer,72496
72497,241591888,Carmelita,Baena,72497
72498,225999822,Diego,Lucena,72498
72499,736976992,Lidia,Carrasco,72499
72500,372268483,Azeneth,Pizarro,72500
72501,493328067,Amando,Trillo,72501
72502,799642262,Ana,Riquelme,72502
72503,864428288,Martirio,Gallo,72503
72504,457447281,Gil,Cobos,72504
72505,400073138,Amador,Ortega,72505
72506,404870283,Alcides,Fernandez,72506
72507,777692026,Adelina,Calleja,72507
72508,710899137,Catalina,Franco,72508
72509,728721334,Fidela,Riera,72509
72510,956149568,Cristobal,Mendez,72510
72511,906064500,Valentin,Valera,72511
72512,907535458,Veronica,Mateu,72512
72513,245506728,Placido,Garces,72513
72514,514833050,Walter,Aguilera,72514
72515,254749557,Guadalupe,Alberto,72515
72516,478475449,Victor,Angel,72516
72517,879339556,Ivan,Bautista,72517
72518,866949180,Jacobo,Codina,72518
72519,584358916,Mercedes,Pintor,72519
72520,306000292,Clara,Alcantara,72520
72521,354875375,Ramiro,Cabello,72521
72522,532420348,Mario,Rodriguez,72522
72523,852168964,Fidel,Diaz,72523
72524,673104897,Hilario,Jaume,72524
72525,522090709,Trinidad,Olmo,72525
72526,547132561,Rocio,Montoya,72526
72527,194588297,Bautista,Robles,72527
72528,300056017,Nidia,Torres,72528
72529,594482226,David,Castrillo,72529
72530,270259012,Jose,Castaneda,72530
72531,777438034,Poncio,Solano,72531
72532,873111192,Narcisa,Melero,72532
72533,425672078,Vilma,Pedrero,72533
72534,678803223,Miguel Angel,Muniz,72534
72535,675453510,Jose Manuel,Juarez,72535
72536,905306375,Cruz,Luis,72536
72537,562956181,Emelina,Aramburu,72537
72538,659012473,Samanta,Avila,72538
72539,771994252,Lidia,Vallejo,72539
72540,575135852,Gloria,Bello,72540
72541,223230033,Artemio,Canizares,72541
72542,469502464,Nieves,Garate,72542
72543,524651257,Matias,Gracia,72543
72544,280031115,Ambrosio,Rosell,72544
72545,698788451,Ileana,Heredia,72545
72546,655589445,Manuel,Jaen,72546
72547,183000615,Rosalinda,Almeida,72547
72548,521228249,Emperatriz,Pelaez,72548
72549,810090890,Debora,Torrecilla,72549
72550,769589500,Jose Miguel,Ribas,72550
72551,500521120,Mariana,Mascaro,72551
72552,610011876,Dorita,Ochoa,72552
72553,279624071,Ani,Zaragoza,72553
72554,909811435,Anselma,Riera,72554
72555,605149113,Amancio,Somoza,72555
72556,462359141,Juliana,Iniesta,72556
72557,448181530,Cecilia,Giner,72557
72558,235721860,Jesusa,Nevado,72558
72559,936160507,Felix,Huerta,72559
72560,507778778,Tito,Grande,72560
72561,186849758,Jenaro,Torrijos,72561
72562,240152324,Erasmo,Almeida,72562
72563,984516600,Efrain,Rodrigo,72563
72564,640069299,Malena,Macias,72564
72565,917797168,Vicenta,Vicens,72565
72566,673058296,Artemio,Cespedes,72566
72567,452812214,Maite,Escriva,72567
72568,357538282,Calixta,Medina,72568
72569,160268613,Domitila,Tapia,72569
72570,726145179,Cornelio,Salmeron,72570
72571,616617069,Ascension,Huerta,72571
72572,394435070,Candelario,Moreno,72572
72573,981126753,Martina,Carballo,72573
72574,545334454,Merche,Lopez,72574
72575,427846018,Jose Antonio,Vargas,72575
72576,266940484,Modesto,Carreras,72576
72577,212271553,Bibiana,Mesa,72577
72578,971946790,Jeronimo,Vigil,72578
72579,724660320,Leopoldo,Giralt,72579
72580,521094828,Estefania,Robles,72580
72581,373830438,Ainara,Olmo,72581
72582,372335557,Francisco,Esparza,72582
72583,495759496,Desiderio,Aznar,72583
72584,866260671,Borja,Palmer,72584
72585,956971115,Cesar,Camara,72585
72586,426696507,Lino,Ayuso,72586
72587,270831531,Guadalupe,Arco,72587
72588,981233257,Rocio,Duarte,72588
72589,750271758,Hernando,Lara,72589
72590,724310886,Maria Angeles,Cervera,72590
72591,326147694,Rosa Maria,Montana,72591
72592,683509799,Gaspar,Nunez,72592
72593,806266548,Edmundo,Villegas,72593
72594,537399314,Roque,Montenegro,72594
72595,639133515,Ciriaco,Oller,72595
72596,799340055,Rita,Llopis,72596
72597,130306057,Pelayo,Higueras,72597
72598,829974607,Gilberto,Abella,72598
72599,766286205,Valentina,Lucas,72599
72600,280724592,Eusebia,Casanova,72600
72601,821267231,Maria Cristina,Reyes,72601
72602,588027681,Natanael,Rubio,72602
72603,939681631,Hector,Blazquez,72603
72604,517092174,Cesar,Rius,72604
72605,926595615,Constanza,Jodar,72605
72606,159569896,America,Gamez,72606
72607,306771664,Seve,Rosales,72607
72608,504445099,Amor,Guillen,72608
72609,980473530,Pia,Rios,72609
72610,581760517,Leticia,Cadenas,72610
72611,894257584,Salvador,Sans,72611
72612,198022203,Jenaro,Donoso,72612
72613,369785252,Aroa,Gutierrez,72613
72614,228211219,Kike,Segui,72614
72615,567013218,Geronimo,Morillo,72615
72616,543883441,Ismael,Amador,72616
72617,187780314,Yago,Guzman,72617
72618,351416484,Pancho,Campos,72618
72619,388550786,Marcos,Orozco,72619
72620,572290026,Florentino,Quesada,72620
72621,163946472,Chucho,Robles,72621
72622,332346840,Sosimo,Valcarcel,72622
72623,792711242,Teofilo,Chico,72623
72624,422094240,Norberto,Vallejo,72624
72625,909718803,Eliana,Hernando,72625
72626,785924546,Nazaret,Franco,72626
72627,608269461,Teofilo,Agullo,72627
72628,722543409,Samanta,Carreras,72628
72629,362415416,Angelica,Madrid,72629
72630,695305493,Panfilo,Valdes,72630
72631,420024064,Eligia,Ayala,72631
72632,508770661,Macario,Tirado,72632
72633,589632593,Amparo,Querol,72633
72634,240195555,Pacifica,Casanova,72634
72635,343380581,Ruth,Vallejo,72635
72636,132223521,Nicanor,Paredes,72636
72637,807049379,Irma,Alcazar,72637
72638,182850142,Debora,Vicens,72638
72639,523908939,Jose Luis,Barcena,72639
72640,426422173,Guiomar,Rueda,72640
72641,265949657,Tono,Sanabria,72641
72642,420047148,Ambar,Sans,72642
72643,792271060,Jose Ramon,Quesada,72643
72644,223132102,Irma,Baquero,72644
72645,805037977,Teresita,Azorin,72645
72646,523540491,Zaira,Saez,72646
72647,953757322,Fernando,Minguez,72647
72648,498448105,Manuel,Sevillano,72648
72649,849757676,Cintia,Solana,72649
72650,115834293,Sebastian,Huguet,72650
72651,869312118,Sara,Escolano,72651
72652,140624557,Rosendo,Angulo,72652
72653,976370634,Che,Oliva,72653
72654,230225037,Ruben,Marmol,72654
72655,171334199,Maria Luisa,Marcos,72655
72656,699955189,Donato,Marti,72656
72657,459362944,Nacio,Cuadrado,72657
72658,811241628,Priscila,Vicens,72658
72659,288966970,Zaira,Agustin,72659
72660,544192628,Horacio,Garate,72660
72661,127991415,Valero,Canals,72661
72662,438186665,Miguel Angel,Tur,72662
72663,793791596,David,Martorell,72663
72664,603644144,Noemi,Garay,72664
72665,100242371,Glauco,Marin,72665
72666,817186412,Eutimio,Vargas,72666
72667,546921962,Dani,Daza,72667
72668,221966656,Paulina,Romero,72668
72669,604156262,Leonardo,Franco,72669
72670,722370031,Inmaculada,Bosch,72670
72671,285474665,Felicia,Arnal,72671
72672,639509380,Ale,Roman,72672
72673,194247869,Julieta,Salcedo,72673
72674,744616962,Urbano,Almazan,72674
72675,185865902,Amador,Navarrete,72675
72676,436701591,Reyes,Tudela,72676
72677,474418062,Vito,Vizcaino,72677
72678,638826965,Felicia,Corbacho,72678
72679,243633248,Yessica,Guijarro,72679
72680,910255218,Nidia,Ribas,72680
72681,668987163,Rosalva,Arenas,72681
72682,284061015,Serafina,Reina,72682
72683,116370249,Fito,Andres,72683
72684,157640194,Malena,Diez,72684
72685,628041036,Joaquin,Losa,72685
72686,501947479,Angelino,Mateo,72686
72687,537736802,Sandra,Prada,72687
72688,935498186,Poncio,Mosquera,72688
72689,159916892,Raquel,Heredia,72689
72690,789698036,Chus,Larranaga,72690
72691,261274007,Antonia,Vazquez,72691
72692,973409064,Vera,Collado,72692
72693,545715788,Lidia,Losa,72693
72694,406710722,Iris,Almagro,72694
72695,321643571,Marcos,Castello,72695
72696,842071937,Reyes,Olmedo,72696
72697,200510446,Ileana,Moles,72697
72698,658682401,Adan,Figueroa,72698
72699,134362226,Felisa,Bello,72699
72700,727565854,Celestino,Mancebo,72700
72701,826479056,Julio,Nicolau,72701
72702,365612530,Omar,Adan,72702
72703,677786557,Nando,Iriarte,72703
72704,973630600,Bernardita,Badia,72704
72705,731234396,Francisca,Fernandez,72705
72706,208861568,Maria Cristina,Capdevila,72706
72707,781198077,Reina,Benavente,72707
72708,150132868,Amor,Lastra,72708
72709,904440564,Noemi,Canovas,72709
72710,861698241,Serafina,Pedro,72710
72711,863443026,Raquel,Arino,72711
72712,599748806,Olegario,Matas,72712
72713,491868325,Tere,Prat,72713
72714,198870811,Nazaret,Pedro,72714
72715,107735476,Salud,Pardo,72715
72716,399300921,Bonifacio,Mayo,72716
72717,963572559,Eutimio,Conesa,72717
72718,377725865,Miguel Angel,Jordan,72718
72719,819519194,Patricia,Baez,72719
72720,340008722,Samuel,Salamanca,72720
72721,657494424,Efrain,Soler,72721
72722,973656773,Elena,Mayol,72722
72723,283509473,Aranzazu,Tello,72723
72724,570552572,Marina,Navarrete,72724
72725,864488875,Graciela,Guillen,72725
72726,835745484,Carla,Franch,72726
72727,985975258,Patricia,Canizares,72727
72728,635371238,Fulgencio,Camino,72728
72729,151678201,German,Figueroa,72729
72730,544243952,Magdalena,Coloma,72730
72731,258485861,Bernarda,Barcelo,72731
72732,365432817,Ruperta,Ferreras,72732
72733,381488331,Julio Cesar,Cordero,72733
72734,983048166,Rosalva,Alvarez,72734
72735,386468616,Daniel,Aleman,72735
72736,445651335,Aroa,Bravo,72736
72737,211106688,Zaira,Colom,72737
72738,962399504,Lucas,Pavon,72738
72739,917042562,Julie,Soto,72739
72740,864862140,Amparo,Pineda,72740
72741,186414112,Osvaldo,Exposito,72741
72742,776519329,Ulises,Cal,72742
72743,967255191,Maria Manuela,Gutierrez,72743
72744,356449612,Jose Ignacio,Cruz,72744
72745,203437063,Maximino,Aleman,72745
72746,858601610,Emilio,Aviles,72746
72747,322732594,Macario,Marin,72747
72748,441350983,Hugo,Martin,72748
72749,833039503,Rosendo,Manzano,72749
72750,761404943,Reyna,Mugica,72750
72751,675340522,Mauricio,Iniguez,72751
72752,715024970,Aitor,Marmol,72752
72753,307405558,Maximino,Bautista,72753
72754,433364668,Feliciano,Leon,72754
72755,659210461,Pelayo,Mercader,72755
72756,947573278,Rufina,Muniz,72756
72757,452603411,Jenny,Carrillo,72757
72758,991882837,Agustina,Agudo,72758
72759,355870057,Herminio,Duran,72759
72760,352876457,Aurelia,Jorda,72760
72761,964993669,Candida,Linares,72761
72762,542347906,Epifanio,Sanjuan,72762
72763,224289313,Jeremias,Armas,72763
72764,520545727,Victoriano,Escudero,72764
72765,828105744,Berta,Soria,72765
72766,251415778,Malena,Alamo,72766
72767,312135359,Ana,Benet,72767
72768,130771668,Josefa,Miranda,72768
72769,453735218,Edelmira,Pineiro,72769
72770,854454473,Pepe,Marquez,72770
72771,335740799,Octavia,Urena,72771
72772,832326292,Cornelio,Vinas,72772
72773,707161525,Panfilo,Roda,72773
72774,542127045,Matias,Cabeza,72774
72775,299329772,Leandra,Angel,72775
72776,430954067,Marianela,Donaire,72776
72777,756469019,Sandra,Cabanas,72777
72778,407662007,Ariadna,Verdu,72778
72779,136454710,Guadalupe,Calderon,72779
72780,862087337,Luis,Crespi,72780
72781,278777281,Eufemia,Pages,72781
72782,808643213,Gisela,Barrera,72782
72783,696190567,Benito,Cerezo,72783
72784,415915242,Priscila,Agusti,72784
72785,283720591,Julie,Rico,72785
72786,239295339,Dalila,Castells,72786
72787,774189687,Simon,Cuesta,72787
72788,413903142,Anselmo,Ayuso,72788
72789,932968795,Eric,Bernat,72789
72790,521315794,Dora,Jodar,72790
72791,118249956,Roxana,Alfaro,72791
72792,908383782,Olalla,Minguez,72792
72793,980935523,Mirta,Batlle,72793
72794,129422413,Vera,Ribera,72794
72795,658460114,Alejo,Borja,72795
72796,418546748,Chema,Blanca,72796
72797,147946452,Leopoldo,Aviles,72797
72798,229743833,Salvador,Diez,72798
72799,837871470,Ana Sofia,Alvarado,72799
72800,456087711,Nacio,Nino,72800
72801,637396905,Sergio,Romero,72801
72802,963350005,Bernardo,Casado,72802
72803,586106685,Leon,Salmeron,72803
72804,508109860,Mirta,Madrid,72804
72805,615207712,Aranzazu,Aznar,72805
72806,722163670,Wilfredo,Bou,72806
72807,466782016,Azeneth,Riquelme,72807
72808,461555366,Fanny,Girona,72808
72809,724988552,Gertrudis,Sedano,72809
72810,786415929,Julio Cesar,Vina,72810
72811,501231376,Joaquin,Castilla,72811
72812,626928061,Santiago,Chamorro,72812
72813,674923293,Lino,Coronado,72813
72814,661266266,Isidro,Rocha,72814
72815,822773798,Silvia,Paniagua,72815
72816,848652973,Ileana,Oliver,72816
72817,118676401,Florencia,Benitez,72817
72818,843361604,Lorena,Nogues,72818
72819,917304500,Miguela,Mendez,72819
72820,752578567,Nereida,Viana,72820
72821,841383157,Maria Belen,Barranco,72821
72822,410403241,Ignacia,Rodriguez,72822
72823,123153067,Mohamed,Arana,72823
72824,873380401,Tomas,Casares,72824
72825,378745430,Bruno,Aller,72825
72826,137942915,Luciano,Porta,72826
72827,980306439,Apolonia,Tovar,72827
72828,221201008,Marciano,Rios,72828
72829,146145159,Maximino,Navarrete,72829
72830,820521689,Paola,Enriquez,72830
72831,387282906,Loreto,Larranaga,72831
72832,993157043,Emelina,Cid,72832
72833,117342396,Olga,Llamas,72833
72834,485021858,Isaura,Leal,72834
72835,370117573,Mamen,Cabeza,72835
72836,270943770,Marcelino,Lumbreras,72836
72837,136201472,Basilio,Galiano,72837
72838,486914445,Andres,Moliner,72838
72839,168272952,Victorino,Bernad,72839
72840,557232262,Abel,Ferrando,72840
72841,256197494,Dionisio,Morales,72841
72842,672074408,Benjamin,Anglada,72842
72843,460173478,Maria,Manrique,72843
72844,606620476,Leon,Fuentes,72844
72845,435032336,Amancio,Patino,72845
72846,785353337,Maximiliano,Quintero,72846
72847,302806768,Candelario,Rodriguez,72847
72848,751974313,Magdalena,Carbo,72848
72849,643518280,Mauricio,Bello,72849
72850,196614991,Amor,Caro,72850
72851,692710196,Monica,Mosquera,72851
72852,990963300,Lupe,Sancho,72852
72853,427807914,Felicia,Contreras,72853
72854,701719391,Herberto,Zabaleta,72854
72855,767500784,Encarnacion,Garrido,72855
72856,610559122,Aurea,Velasco,72856
72857,662325131,Miguela,Barranco,72857
72858,579101245,Jose Antonio,Fuente,72858
72859,582736259,Paula,Lluch,72859
72860,202017459,Pancho,Porta,72860
72861,775655103,Benigna,Munoz,72861
72862,261774790,Jacobo,Alcala,72862
72863,155115121,Rita,Paredes,72863
72864,121718981,Nuria,Gras,72864
72865,432345618,Reynaldo,Coloma,72865
72866,755579732,Morena,Rocha,72866
72867,679233301,Ursula,Elias,72867
72868,459326302,Jose Carlos,Fabra,72868
72869,552835632,Carlito,Pujol,72869
72870,920591694,Ernesto,Gallego,72870
72871,462063207,Eloy,Martinez,72871
72872,340352454,Vilma,Rodrigo,72872
72873,394945661,Jose Ramon,Isern,72873
72874,138421032,Marta,Cases,72874
72875,460721891,Edmundo,Amaya,72875
72876,878435504,Marisol,Campoy,72876
72877,863229189,Cirino,Abascal,72877
72878,782269923,Bruno,Alfaro,72878
72879,279302957,Vanesa,Marco,72879
72880,244689815,Anita,Solano,72880
72881,920836300,Teodosio,Gallardo,72881
72882,393230426,Jose Mari,Campos,72882
72883,710407467,Severino,Escolano,72883
72884,391941113,Jimena,Calzada,72884
72885,589040812,Elisa,Vazquez,72885
72886,977046256,Inigo,Ocana,72886
72887,575570453,Emiliano,Pelayo,72887
72888,408807026,Angela,Garmendia,72888
72889,849407153,Ascension,Gutierrez,72889
72890,966040312,Federico,Barragan,72890
72891,536183779,Mayte,Rincon,72891
72892,901452788,Perla,Giron,72892
72893,603897610,Gil,Heras,72893
72894,927001180,Jorge,Pineda,72894
72895,533450477,Mayte,Gascon,72895
72896,736807537,Lazaro,Tello,72896
72897,676828148,Elias,Palomino,72897
72898,103456264,Maria Pilar,Vargas,72898
72899,430724035,Anibal,Hurtado,72899
72900,537283655,Juan Bautista,Lorenzo,72900
72901,413744263,Reina,Llano,72901
72902,119467453,Bernardo,Mari,72902
72903,349088749,Agueda,Flor,72903
72904,132065182,Candelaria,Galan,72904
72905,150585475,Gisela,Araujo,72905
72906,767097363,Chucho,Villalba,72906
72907,966566361,Marisol,Izquierdo,72907
72908,305694324,Antonio,Casal,72908
72909,211666325,Andres Felipe,Miguel,72909
72910,528379364,Virginia,Valverde,72910
72911,353632629,Anunciacion,Hurtado,72911
72912,705827328,Nilda,Corral,72912
72913,623099195,Bautista,Robledo,72913
72914,233064931,Aura,Tejedor,72914
72915,513181942,Julio Cesar,Almagro,72915
72916,913249082,Ruth,Riba,72916
72917,236030354,Nicolasa,Segui,72917
72918,978393026,Juan Manuel,Carbajo,72918
72919,175285879,Flora,Barbero,72919
72920,118305390,Lino,Mateos,72920
72921,975223763,Isidora,Chacon,72921
72922,694570965,Jose Angel,Cobo,72922
72923,586366485,Javier,Peral,72923
72924,439696145,Lourdes,Leiva,72924
72925,994288013,Candida,Acosta,72925
72926,582886834,Ezequiel,Marti,72926
72927,806357135,Cristian,Zabaleta,72927
72928,957758525,Eva,Huguet,72928
72929,308975472,Paola,Barbero,72929
72930,892808818,Iker,Larrea,72930
72931,268601102,Olga,Fernandez,72931
72932,803054976,Juanito,Barbera,72932
72933,721010694,Ciro,Jimenez,72933
72934,937931450,Cecilia,Ruiz,72934
72935,734012257,Raquel,Soriano,72935
72936,360873160,Fidela,Requena,72936
72937,867786336,Fortunato,Bustos,72937
72938,916384220,Belen,Daza,72938
72939,798897167,Gaston,Zabala,72939
72940,978755031,Jose Antonio,Cerda,72940
72941,422317442,Rafaela,Guardia,72941
72942,974895172,Natividad,Cadenas,72942
72943,918399218,Tamara,Cortes,72943
72944,849450417,Angel,Elias,72944
72945,194015581,Noe,Martin,72945
72946,823445232,Edelmira,Arnau,72946
72947,669994504,Aristides,Soto,72947
72948,577212699,Lucila,Perales,72948
72949,634005698,Isidora,Ibarra,72949
72950,246675243,Alvaro,Carmona,72950
72951,671616803,Rebeca,Guijarro,72951
72952,309745432,Juan Luis,Robledo,72952
72953,372284711,Amado,Duran,72953
72954,125246162,Maximiano,Moreno,72954
72955,484994327,Santos,Santos,72955
72956,151599050,Irene,Barros,72956
72957,944419491,Moreno,Pastor,72957
72958,308865692,Saturnina,Prado,72958
72959,409444453,Sarita,Carlos,72959
72960,981912570,Patricia,Garzon,72960
72961,198242863,Poncio,Gonzalo,72961
72962,658735213,Imelda,Corbacho,72962
72963,689781849,Pepita,Alvarez,72963
72964,972654890,Benita,Arenas,72964
72965,578446797,Dani,Ramos,72965
72966,468354931,Eli,Bartolome,72966
72967,923376596,Rosalia,Segura,72967
72968,809224511,Hortensia,Toro,72968
72969,332049482,Jose Mari,Casares,72969
72970,320472838,Danilo,Garcia,72970
72971,220100083,Pancho,Villa,72971
72972,444025530,Abril,Nicolas,72972
72973,991554365,Narcisa,Gomis,72973
72974,344788491,Ana Sofia,Fabregas,72974
72975,360328819,Juan Manuel,Belda,72975
72976,639363655,Saturnina,Vargas,72976
72977,892461056,Renata,Alfaro,72977
72978,912798140,Almudena,Marcos,72978
72979,207624895,Juan Carlos,Mata,72979
72980,780867839,Perlita,Anaya,72980
72981,228048516,Aurelia,Salas,72981
72982,503142670,Bernabe,Castells,72982
72983,161490587,Eutimio,Cuesta,72983
72984,428158704,Mayte,Roldan,72984
72985,437019064,Noa,Feliu,72985
72986,721336886,Ursula,Sancho,72986
72987,568149562,Benjamin,Aguila,72987
72988,771788039,Isabela,Canovas,72988
72989,952323849,Ema,Maza,72989
72990,559283678,Leonor,Llano,72990
72991,993017550,Reynaldo,Alfaro,72991
72992,580568423,Marisa,Lucena,72992
72993,938940316,Nereida,Planas,72993
72994,696568561,Jordi,Estrada,72994
72995,651983028,Cosme,Julian,72995
72996,907790753,Jose Luis,Samper,72996
72997,469652827,Pancho,Azcona,72997
72998,425699834,Luis,Royo,72998
72999,463154238,Candido,Maestre,72999
73000,994484684,Nelida,Julia,73000
73001,204856900,Abril,Sarmiento,73001
73002,339559869,Dionisia,Roura,73002
73003,411004595,Feliciano,Diez,73003
73004,261593689,Rebeca,Hervia,73004
73005,245312686,Fermin,Linares,73005
73006,141023557,Maria,Quintana,73006
73007,779030738,Agueda,Salmeron,73007
73008,941641904,Maria Dolores,Santamaria,73008
73009,935760120,Cecilio,Llorente,73009
73010,599169088,Lucho,Mir,73010
73011,968497167,Primitivo,Gibert,73011
73012,982888521,Emma,Tejera,73012
73013,883091390,Mercedes,Arjona,73013
73014,779015298,Pia,Marques,73014
73015,729487779,Cebrian,Armas,73015
73016,587544635,Georgina,Duran,73016
73017,255321108,Reyes,Uriarte,73017
73018,517204386,Anselmo,Cazorla,73018
73019,866767426,Loreto,Orozco,73019
73020,360532955,Ligia,Cabello,73020
73021,398434629,Teobaldo,Dieguez,73021
73022,237847562,Clara,Pavon,73022
73023,120173664,Jordi,Nebot,73023
73024,903617521,Manu,Rey,73024
73025,384022454,Florencia,Duarte,73025
73026,423908141,Jose Francisco,Julia,73026
73027,612511378,Mohamed,Barbero,73027
73028,198004735,Espiridion,Torres,73028
73029,911947230,Mercedes,Giron,73029
73030,501665489,Carlito,Catala,73030
73031,812333547,Moises,Vazquez,73031
73032,211557117,Lazaro,Osuna,73032
73033,299040777,Chelo,Hoyos,73033
73034,214328594,Tamara,Tamayo,73034
73035,242805316,Aurora,Fiol,73035
73036,768442695,Angela,Sainz,73036
73037,234614714,Paola,Diez,73037
73038,666417714,Florencio,Arranz,73038
73039,487611707,Kike,Seco,73039
73040,824573459,Irma,Garriga,73040
73041,978443054,Eusebio,Gual,73041
73042,797626452,Sigfrido,Manrique,73042
73043,523892225,Jeronimo,Bernat,73043
73044,734094209,Mamen,Herrero,73044
73045,758792270,Custodia,Velazquez,73045
73046,907588659,Manuel,Canovas,73046
73047,356807186,Raquel,Teruel,73047
73048,154448560,Antonia,Yanez,73048
73049,517231588,Lorena,Navarro,73049
73050,595147324,Crescencia,Sans,73050
73051,860695441,Gabriel,Alfonso,73051
73052,276008787,Alma,Ferrandiz,73052
73053,611360036,Noelia,Nicolau,73053
73054,430607211,Fidel,Cabrera,73054
73055,686598243,Alondra,Arribas,73055
73056,525077897,Nayara,Delgado,73056
73057,397121954,Paola,Arino,73057
73058,795654582,Cosme,Benet,73058
73059,358096646,Sol,Jurado,73059
73060,210959437,Maria Luisa,Hernando,73060
73061,899046862,Celia,Fonseca,73061
73062,858534792,Federico,Solis,73062
73063,945048243,Yago,Aragon,73063
73064,624309035,Jose Ignacio,Morante,73064
73065,154035247,Anastasia,Perez,73065
73066,561854303,Corona,Benavides,73066
73067,190098749,Amancio,Araujo,73067
73068,838702975,Elpidio,Velez,73068
73069,711733368,Marcos,Rivera,73069
73070,680521157,Severo,Manzanares,73070
73071,481490185,Elisa,Aguilo,73071
73072,663952584,Jose Ramon,Cadenas,73072
73073,654492347,Ruben,Carreno,73073
73074,986209612,Armida,Aramburu,73074
73075,598179312,Agustin,Marquez,73075
73076,512557940,Isa,Teruel,73076
73077,657946650,Toni,Canton,73077
73078,944751562,Gerardo,Conesa,73078
73079,206272666,Ana Sofia,Quintana,73079
73080,463223272,Daniel,Flor,73080
73081,473260288,Paca,Matas,73081
73082,546087100,Iris,Carreno,73082
73083,118548629,Marcial,Puig,73083
73084,882350845,Pio,Perez,73084
73085,126334837,Nando,Acosta,73085
73086,754199758,Isaias,Posada,73086
73087,635870704,Jennifer,Bertran,73087
73088,683892963,Dolores,Campoy,73088
73089,757813735,Anastasia,Dalmau,73089
73090,773522120,Ciro,Valenciano,73090
73091,314967743,Cristina,Ocana,73091
73092,762572195,Feliciano,Rovira,73092
73093,920209651,Candelario,Llorente,73093
73094,157907560,Juan Francisco,Andrade,73094
73095,931259926,Manu,Acedo,73095
73096,940594208,Hipolito,Pinedo,73096
73097,908209096,Segismundo,Roman,73097
73098,759383393,Irene,Boada,73098
73099,170195579,Felisa,Sebastian,73099
73100,110357222,Cristian,Gilabert,73100
73101,813557921,Fidela,Plaza,73101
73102,484611290,Evelia,Zabala,73102
73103,423721765,Flor,Duran,73103
73104,886558264,Agustin,Ordonez,73104
73105,117331387,Angel,Fuertes,73105
73106,219663410,Julio Cesar,Matas,73106
73107,977087757,Maximiano,Arco,73107
73108,312953528,Jose Antonio,Hervas,73108
73109,250498612,Amada,Cuervo,73109
73110,426502354,Leonor,Barrios,73110
73111,436373942,Jeronimo,Zamora,73111
73112,704435223,Tatiana,Arias,73112
73113,128032363,Adrian,Guardia,73113
73114,302102535,Luz,Carrera,73114
73115,777129124,Cristina,Bejarano,73115
73116,972426084,Felicia,Alfaro,73116
73117,444659350,Damian,Godoy,73117
73118,827042584,Juan Antonio,Reig,73118
73119,386595221,Guadalupe,Bayon,73119
73120,871442811,Adoracion,Sanmiguel,73120
73121,614277824,Donato,Samper,73121
73122,757813166,Narcisa,Salazar,73122
73123,211847950,Mirta,Sosa,73123
73124,266344303,Tristan,Trillo,73124
73125,945231297,Rosendo,Checa,73125
73126,533320375,Rebeca,Oliveras,73126
73127,568371924,Cristian,Adadia,73127
73128,962283723,Agueda,Rodenas,73128
73129,308572115,Felisa,Ferrera,73129
73130,407026195,Bernardo,Garces,73130
73131,125952505,Leandro,Gual,73131
73132,958375045,Alexandra,Pi,73132
73133,639003087,Ani,Toledo,73133
73134,764427451,Nazario,Quero,73134
73135,991498733,Narciso,Dominguez,73135
73136,955757753,Nicolasa,Miguel,73136
73137,680442405,Barbara,Trujillo,73137
73138,650760152,Odalis,Luis,73138
73139,844638317,Dolores,Llamas,73139
73140,291595970,Felix,Llado,73140
73141,246579824,Estefania,Rios,73141
73142,325340811,Leticia,Carvajal,73142
73143,729546892,Fabiana,Giron,73143
73144,638699809,Olegario,Frias,73144
73145,783256194,Nacho,Cerda,73145
73146,270776358,Onofre,Benitez,73146
73147,466191640,Jenny,Gordillo,73147
73148,197362897,Apolinar,Raya,73148
73149,139888536,Olivia,Olivera,73149
73150,324729338,Marita,Gimenez,73150
73151,346889138,Urbano,Cano,73151
73152,759735596,Placido,Penalver,73152
73153,208405534,Ezequiel,Andres,73153
73154,877785500,Nuria,Mayoral,73154
73155,983251931,Francisco Jose,Taboada,73155
73156,465632590,Osvaldo,Suarez,73156
73157,461700002,Candido,Yuste,73157
73158,867607286,Adan,Leon,73158
73159,798136874,Saturnina,Cuesta,73159
73160,361279604,Jordan,Arribas,73160
73161,805691277,Alejandro,Villar,73161
73162,811277507,Macario,Solis,73162
73163,509919012,Camilo,Roldan,73163
73164,759615554,Mateo,Escribano,73164
73165,166531554,Martirio,Enriquez,73165
73166,733336680,Gervasio,Cisneros,73166
73167,450381479,Teo,Pellicer,73167
73168,484627189,Jose Ramon,Castell,73168
73169,366912439,Guiomar,Torralba,73169
73170,449227236,Anacleto,Daza,73170
73171,822292746,Cintia,Salazar,73171
73172,722243458,Paola,Palma,73172
73173,996527674,Cruz,Cuervo,73173
73174,959279276,Climaco,Carrion,73174
73175,782488714,Maria Cristina,Aramburu,73175
73176,701298989,Rosenda,Canales,73176
73177,929449720,Pedro,Perez,73177
73178,121482580,Eloisa,Jimenez,73178
73179,140354970,Hipolito,Franco,73179
73180,353425716,Juan Carlos,Matas,73180
73181,424797613,Lupe,Llopis,73181
73182,649447331,Duilio,Peralta,73182
73183,393369633,Eladio,Batalla,73183
73184,995846972,Ruben,Torrens,73184
73185,977908075,Luciana,Villa,73185
73186,920660019,Cintia,Ramirez,73186
73187,222801615,Nydia,Mercader,73187
73188,304879526,Feliciano,Nadal,73188
73189,219417115,Florentina,Duran,73189
73190,270850087,Roque,Salgado,73190
73191,499302598,Carlito,Llobet,73191
73192,389168862,Heraclio,Madrid,73192
73193,361148373,Encarna,Planas,73193
73194,101299632,Candelas,Avila,73194
73195,231721599,Maximo,Anton,73195
73196,433001909,Laura,Zabaleta,73196
73197,739616434,Paco,Bolanos,73197
73198,736891902,Maricruz,Angulo,73198
73199,872124708,Olegario,Rosell,73199
73200,366487353,Cintia,Pedrero,73200
73201,838281667,Sancho,Gallo,73201
73202,198345297,Marco,Raya,73202
73203,617989391,Anna,Esteban,73203
73204,332117438,Baudelio,Sola,73204
73205,330041918,Leoncio,Bejarano,73205
73206,630788831,Edelmiro,Tudela,73206
73207,322432892,Carolina,Perales,73207
73208,469470054,Ciro,Bosch,73208
73209,705967914,Celestina,Bellido,73209
73210,210958167,Alonso,Duran,73210
73211,597696596,Eutropio,Verdejo,73211
73212,341487828,Ileana,Lumbreras,73212
73213,320750897,Alicia,Moles,73213
73214,604290811,Dalila,Camino,73214
73215,745612909,Nayara,Mate,73215
73216,845001547,Guadalupe,Cortes,73216
73217,768134674,Humberto,Quiroga,73217
73218,969558227,Hernando,Porcel,73218
73219,858515525,Cruz,Rivera,73219
73220,923436705,Heliodoro,Sanmiguel,73220
73221,655151789,Carmina,Checa,73221
73222,328535404,Haroldo,Carreno,73222
73223,624965383,Ernesto,Vilar,73223
73224,839807455,Roberta,Almagro,73224
73225,529094641,Veronica,Ferrando,73225
73226,265308004,Julie,Pacheco,73226
73227,657577444,Margarita,Plana,73227
73228,681163420,Maximo,Pedro,73228
73229,939773300,Teodoro,Juarez,73229
73230,677633678,Soledad,Cervera,73230
73231,283210749,Luna,Capdevila,73231
73232,983907444,Apolinar,Quintanilla,73232
73233,932988303,Santiago,Palma,73233
73234,524161330,Ariadna,Gilabert,73234
73235,566687088,Carmina,Granados,73235
73236,737166387,Edgar,Fernandez,73236
73237,927978592,Begona,Casanovas,73237
73238,891322485,Edelmiro,Velasco,73238
73239,903418762,Abraham,Benavente,73239
73240,201189659,Jonatan,Jaen,73240
73241,787818793,Fidel,Estevez,73241
73242,348544396,Rafa,Portero,73242
73243,211471411,Esperanza,Gonzalez,73243
73244,502692878,Gracia,Bilbao,73244
73245,866797568,Amando,Talavera,73245
73246,958719870,America,Serra,73246
73247,178079516,Susana,Giralt,73247
73248,191581928,Fidela,Rodrigo,73248
73249,711656076,Pablo,Carmona,73249
73250,528848220,Aurea,Coca,73250
73251,669380868,Jose Luis,Grau,73251
73252,667444894,Flavio,Villalonga,73252
73253,856151606,Noe,Carro,73253
73254,308017301,Heliodoro,Vicente,73254
73255,677103019,Ximena,Frias,73255
73256,197147230,Angelina,Murillo,73256
73257,555706414,Victoriano,Barriga,73257
73258,728192261,Danilo,Perera,73258
73259,356581881,Oriana,Carbo,73259
73260,132481891,Tania,Amo,73260
73261,483037269,Eligia,Sala,73261
73262,214514511,Alfredo,Verdu,73262
73263,682987525,Ulises,Bas,73263
73264,958125287,Bruno,Gallart,73264
73265,491735259,Irene,Serra,73265
73266,837346992,Virgilio,Acosta,73266
73267,116499881,Carmela,Galvez,73267
73268,836048510,Cayetana,Melendez,73268
73269,702163866,Maricela,Arce,73269
73270,347812450,Daniela,Bauza,73270
73271,785308876,Victor,Bas,73271
73272,444808047,Aaron,Farre,73272
73273,132975777,Julia,Sosa,73273
73274,521384199,Selena,Valdes,73274
73275,782315726,Noemi,Leal,73275
73276,308192198,Eugenio,Lasa,73276
73277,220573459,Agueda,Castilla,73277
73278,109257173,Leonardo,Ojeda,73278
73279,338810963,Francisco,Nunez,73279
73280,276253202,Macaria,Capdevila,73280
73281,600254113,Teodosio,Manzanares,73281
73282,176844795,Jose Angel,Pou,73282
73283,874030978,Cristian,Torres,73283
73284,969372111,David,Bejarano,73284
73285,556524636,Jose Manuel,Ordonez,73285
73286,957387513,Silvia,Llanos,73286
73287,324771712,Juan Francisco,Barrios,73287
73288,687437652,Prudencio,Jaen,73288
73289,896937061,Lupe,Mancebo,73289
73290,456836347,Etelvina,Luque,73290
73291,978177521,Nuria,Mateu,73291
73292,384835109,Macario,Uriarte,73292
73293,947242583,Armida,Baena,73293
73294,573411139,Edelmiro,Sole,73294
73295,482491627,Marta,Rico,73295
73296,206571647,Ignacia,Berenguer,73296
73297,716569149,Vidal,Segovia,73297
73298,611798571,Azeneth,Diez,73298
73299,496988682,Ambar,Barroso,73299
73300,710868752,Eutropio,Tome,73300
73301,749681814,Seve,Roma,73301
73302,909646915,Ariel,Figueroa,73302
73303,925127950,Tecla,Olivares,73303
73304,281399957,Jordana,Escribano,73304
73305,343793996,Maxi,Garces,73305
73306,147482403,Evita,Recio,73306
73307,790076037,Albina,Chico,73307
73308,291542181,Leticia,Diaz,73308
73309,943001748,Francisco,Carranza,73309
73310,174147227,Eligio,Vilaplana,73310
73311,892917036,Manu,Gascon,73311
73312,335872262,Luis,Montana,73312
73313,606556438,Regulo,Sevilla,73313
73314,669881853,Renato,Arrieta,73314
73315,928319334,Nidia,Hervia,73315
73316,634752973,Natanael,Ortega,73316
73317,944744072,Emiliano,Colom,73317
73318,260386131,Candida,Salvador,73318
73319,811058647,Emilia,Canellas,73319
73320,274885322,Selena,Tamarit,73320
73321,640568777,Maricela,Galiano,73321
73322,531985645,Yesica,Salva,73322
73323,222256657,Jose Antonio,Benitez,73323
73324,284888862,Cristian,Echevarria,73324
73325,794677247,Anita,Machado,73325
73326,869745390,Lino,Barba,73326
73327,385496059,Begona,Rio,73327
73328,660499119,Ascension,Lumbreras,73328
73329,532780503,Ana,Hierro,73329
73330,432195225,Eladio,Barcena,73330
73331,423950929,Lidia,Carreras,73331
73332,725351108,Caridad,Sotelo,73332
73333,524227308,Encarnita,Ripoll,73333
73334,920436772,Ceferino,Ariza,73334
73335,765474915,Timoteo,Izquierdo,73335
73336,199465099,Sandra,Nevado,73336
73337,364617809,Gustavo,Quiroga,73337
73338,317387293,Gaspar,Herrera,73338
73339,819104827,Ana,Segarra,73339
73340,612900937,Ester,Bueno,73340
73341,667548833,Encarnita,Blazquez,73341
73342,813353832,Zoraida,Blanes,73342
73343,851275682,Graciana,Solana,73343
73344,521433459,Donato,Morante,73344
73345,839173347,Salome,Carlos,73345
73346,556353309,Matias,Sanmiguel,73346
73347,502517920,Marisol,Abad,73347
73348,585829890,Leonel,Serra,73348
73349,798669064,Montserrat,Capdevila,73349
73350,614973623,Marcia,Riera,73350
73351,299151869,Panfilo,Mate,73351
73352,227537322,Severiano,Caparros,73352
73353,279635254,Clara,Andres,73353
73354,333705981,Amanda,Pellicer,73354
73355,808033794,Venceslas,Manso,73355
73356,345741088,Anselma,Frias,73356
73357,212521437,Maria Belen,Coronado,73357
73358,926867707,Ricardo,Miranda,73358
73359,490448201,Bibiana,Manjon,73359
73360,871170350,Prudencio,Berenguer,73360
73361,142682586,Nazaret,Bosch,73361
73362,710997400,Palmira,Ramirez,73362
73363,110613930,Eulalia,Nebot,73363
73364,517838436,Luis,Salgado,73364
73365,134891547,Maximiano,Llorente,73365
73366,290758160,Juana,Zurita,73366
73367,637199723,Bautista,Gonzalez,73367
73368,107352427,Jenny,Ayuso,73368
73369,730048998,Rosalinda,Ayala,73369
73370,762284044,Asuncion,Amores,73370
73371,612715563,Primitivo,Ruiz,73371
73372,734419260,Rosalia,Briones,73372
73373,553440871,Ciriaco,Royo,73373
73374,261898591,Judith,Benitez,73374
73375,631093854,Manuel,Gisbert,73375
73376,627258791,Alejandra,Lopez,73376
73377,549525410,Americo,Arcos,73377
73378,986257330,Lola,Salazar,73378
73379,216286531,Ruperta,Falco,73379
73380,397118872,Jordan,Sanmartin,73380
73381,833880305,Ester,Ibarra,73381
73382,799835061,Lidia,Torrens,73382
73383,344535135,Juan Francisco,Rocamora,73383
73384,312012887,Esperanza,Arregui,73384
73385,205528264,Damian,Vila,73385
73386,561166923,Maite,Roca,73386
73387,582514490,Catalina,Gutierrez,73387
73388,528420858,Maria Fernanda,Merino,73388
73389,852294719,Eliana,Cabrero,73389
73390,462710484,Paola,Olmo,73390
73391,903929918,Teo,Barrera,73391
73392,859428892,Benjamin,Porta,73392
73393,370556679,Amancio,Jover,73393
73394,545074001,Candelas,Bustos,73394
73395,367241115,Ambrosio,Rosello,73395
73396,211412363,Maximiano,Sierra,73396
73397,863350593,Berto,Guzman,73397
73398,894002581,Adalberto,Espanol,73398
73399,634675923,Pablo,Villalba,73399
73400,907775231,Dorotea,Ferrandiz,73400
73401,122871880,Nadia,Serra,73401
73402,895103544,Nilda,Bayona,73402
73403,875470508,Jovita,Gonzalo,73403
73404,941305700,Vicenta,Bastida,73404
73405,148649604,Palmira,Pavon,73405
73406,230119932,Zaida,Morcillo,73406
73407,279738636,Angelina,Canas,73407
73408,170413587,Elisabet,Capdevila,73408
73409,529944897,Celso,Manzanares,73409
73410,707642785,Jose,Canizares,73410
73411,735277551,Dalila,Flor,73411
73412,859179272,Rosalva,Cuenca,73412
73413,940156985,Carina,Paez,73413
73414,465863417,Edmundo,Villalobos,73414
73415,332267065,Maxi,Azcona,73415
73416,644396230,Gabriela,Montes,73416
73417,920100376,Catalina,Borras,73417
73418,116509835,Calixto,Castro,73418
73419,446579377,Martina,Bolanos,73419
73420,150848565,Ernesto,Tamarit,73420
73421,164326497,Rosalinda,Quesada,73421
73422,728896728,Adela,Tovar,73422
73423,228202816,Marcio,Higueras,73423
73424,798300366,Jesusa,Macias,73424
73425,853000109,Asdrubal,Somoza,73425
73426,966657904,Soraya,Gutierrez,73426
73427,345321425,Jose Luis,Linares,73427
73428,917911938,Carolina,Moraleda,73428
73429,795765667,Matias,Jaume,73429
73430,959092638,Azucena,Vinas,73430
73431,423814303,Vilma,Calvo,73431
73432,918785236,Calista,Ferreras,73432
73433,472022453,Luis,Cabrero,73433
73434,174485761,Reyes,Puga,73434
73435,837915513,Lidia,Laguna,73435
73436,117896814,Zoraida,Antunez,73436
73437,617519490,Macario,Ribera,73437
73438,706372665,Fabricio,Barrio,73438
73439,116931749,Geraldo,Vizcaino,73439
73440,904662144,Eutimio,Ayala,73440
73441,614894874,Paola,Velazquez,73441
73442,371723877,Xavier,Goicoechea,73442
73443,695025598,Maxi,Jaen,73443
73444,727675468,Julio Cesar,Cano,73444
73445,606143830,Carlota,Araujo,73445
73446,685307995,Elodia,Echevarria,73446
73447,815352108,Severino,Anguita,73447
73448,189599046,Maria Carmen,Agusti,73448
73449,432059249,Paulino,Pulido,73449
73450,458359609,Tomasa,Barragan,73450
73451,871014154,Anita,Bas,73451
73452,223343840,Natalia,Coloma,73452
73453,460403814,Rosaura,Jorda,73453
73454,951156935,Cirino,Gamez,73454
73455,869840755,Cristian,Pablo,73455
73456,183890202,Jose Angel,Mendizabal,73456
73457,492902366,Mercedes,Teruel,73457
73458,538442971,Jose Maria,Agudo,73458
73459,877391604,Paloma,Lastra,73459
73460,708713434,Macarena,Arellano,73460
73461,405060333,Paco,Bernat,73461
73462,303762173,Paca,Cabello,73462
73463,817579268,Hilario,Figueroa,73463
73464,562816071,Apolinar,Juan,73464
73465,233972342,Caridad,Urena,73465
73466,602746426,Soraya,Castrillo,73466
73467,803629367,Marcial,Ordonez,73467
73468,282339379,Faustino,Vicente,73468
73469,462548759,Bonifacio,Jauregui,73469
73470,711283304,Petrona,Feliu,73470
73471,171808905,Patricio,Aguilar,73471
73472,161047152,Eliseo,Hernando,73472
73473,375876149,Donato,Aguirre,73473
73474,847359749,Merche,Escriva,73474
73475,635857076,Rafaela,Galindo,73475
73476,649226278,Aranzazu,Urena,73476
73477,808136181,Martina,Alarcon,73477
73478,644758879,Lorena,Frias,73478
73479,900867728,Roberto,Aranda,73479
73480,387234813,Javiera,Poza,73480
73481,116349679,Guadalupe,Seco,73481
73482,533395854,Tito,Herrero,73482
73483,427706166,Luz,Palomares,73483
73484,679221463,Primitiva,Acevedo,73484
73485,972842693,Pio,Riquelme,73485
73486,496069909,Maricruz,Sanjuan,73486
73487,530156882,Martin,Villaverde,73487
73488,198450824,Jonatan,Alcalde,73488
73489,922534384,Lino,Arroyo,73489
73490,796986740,Dimas,Minguez,73490
73491,577581582,Jose,Fernandez,73491
73492,826416353,Rosa Maria,Pombo,73492
73493,726642226,Remigio,Aragones,73493
73494,437202754,Nicodemo,Juarez,73494
73495,400523754,Hilario,Gutierrez,73495
73496,218988866,Ruy,Soler,73496
73497,370468098,Valerio,Pedro,73497
73498,115017668,Agapito,Prieto,73498
73499,556450808,Inocencio,Solera,73499
73500,773554671,Luisina,Manzanares,73500
73501,137136280,Susanita,Galvez,73501
73502,304949051,Bernabe,Criado,73502
73503,588465139,Jordi,Cespedes,73503
73504,889645676,Timoteo,Nunez,73504
73505,463726628,Climaco,Alcala,73505
73506,247381969,Federico,Perez,73506
73507,966129293,Carmina,Lucas,73507
73508,847317177,Mariana,Padilla,73508
73509,864307152,Reynaldo,Casanova,73509
73510,404879829,Amarilis,Pomares,73510
73511,776445255,Hipolito,Saez,73511
73512,936944887,Ruben,Alvarado,73512
73513,509843919,Marisa,Casals,73513
73514,751972110,Bonifacio,Pizarro,73514
73515,255098321,Dionisio,Arribas,73515
73516,620974406,Lorena,Alcolea,73516
73517,896465485,Efrain,Godoy,73517
73518,348014723,Remedios,Garrido,73518
73519,339398865,Carmela,Bermudez,73519
73520,366376568,Ivan,Roura,73520
73521,505397854,Ainoa,Ferrandiz,73521
73522,148016937,Nazaret,Benitez,73522
73523,376537333,Maximino,Torralba,73523
73524,954770741,Maricela,Serna,73524
73525,580064519,Jose,Barrios,73525
73526,393556953,Nazaret,Antunez,73526
73527,229283864,Adora,Aller,73527
73528,689515796,Zaida,Bolanos,73528
73529,618109885,Jorge,Bermudez,73529
73530,371061718,Clara,Fuertes,73530
73531,786617379,Priscila,Blanes,73531
73532,329951070,Jose Luis,Roman,73532
73533,337849576,Ileana,Canizares,73533
73534,721062792,Evelia,Rios,73534
73535,211635573,Eva Maria,Barros,73535
73536,857766482,Lilia,Ferrero,73536
73537,408641962,Juan Bautista,Salom,73537
73538,270742366,Sandalio,Perez,73538
73539,624848444,Nieves,Abascal,73539
73540,458230360,Herminia,Maza,73540
73541,126687831,Alexandra,Tudela,73541
73542,884911256,Olegario,Mas,73542
73543,456191672,Almudena,Almansa,73543
73544,802823386,Julian,Carballo,73544
73545,807101918,Jose,Mendizabal,73545
73546,857876610,Maria Cristina,Rosa,73546
73547,350513885,Teodora,Goni,73547
73548,139775889,Manola,Collado,73548
73549,430360709,Leon,Armas,73549
73550,383294962,Ani,Montenegro,73550
73551,940348450,Nuria,Verdejo,73551
73552,302397299,Armando,Molins,73552
73553,703511251,Toribio,Montana,73553
73554,316753487,Jafet,Aguilo,73554
73555,227626511,Faustino,Morera,73555
73556,643905114,Brunilda,Artigas,73556
73557,188269804,Balduino,Narvaez,73557
73558,657011482,Jaime,Quiros,73558
73559,855980270,Ester,Lamas,73559
73560,481973956,Casemiro,Arenas,73560
73561,598236934,Reinaldo,Banos,73561
73562,278688682,Felix,Cabanillas,73562
73563,250196219,Lisandro,Lago,73563
73564,715032931,Manuela,Domenech,73564
73565,464107029,Armida,Alcalde,73565
73566,740605100,Ana Belen,Banos,73566
73567,855967729,Priscila,Serna,73567
73568,281486914,Gala,Iglesias,73568
73569,318292780,Anselmo,Leal,73569
73570,752547966,Leonor,Torrecilla,73570
73571,135336547,Timoteo,Puerta,73571
73572,174363084,Reyes,Gaya,73572
73573,616494865,Bernardita,Herrero,73573
73574,378841116,Elisa,Salvador,73574
73575,811364844,Apolonia,Millan,73575
73576,686179245,Cruz,Robles,73576
73577,349170902,Josep,Sales,73577
73578,785748213,Felisa,Pereira,73578
73579,468450512,Concepcion,Rojas,73579
73580,791662773,Glauco,Higueras,73580
73581,254534890,Ana Belen,Cerda,73581
73582,933639758,Kike,Reguera,73582
73583,679108458,Clotilde,Boix,73583
73584,742158372,Odalys,Montesinos,73584
73585,407635796,Juana,Roman,73585
73586,265234284,Maria Jesus,Somoza,73586
73587,783586828,Maximiliano,Sans,73587
73588,631061345,Vicenta,Campoy,73588
73589,557771596,Maria Dolores,Gordillo,73589
73590,940871348,Primitiva,Garate,73590
73591,188786290,Concepcion,Solano,73591
73592,425387300,Ale,Penalver,73592
73593,257099603,Ildefonso,Grau,73593
73594,564090281,Eulalia,Julian,73594
73595,472013578,Eloisa,Valdes,73595
73596,960927556,Reyna,Pino,73596
73597,411905850,Abel,Alvarez,73597
73598,821949321,Jimena,Cepeda,73598
73599,762343011,Rufino,Munoz,73599
73600,125449554,Paloma,Exposito,73600
73601,782378090,Julian,Caceres,73601
73602,738766133,Crescencia,Valera,73602
73603,612726711,Elpidio,Company,73603
73604,971658373,Roxana,Cordoba,73604
73605,623876814,Dorotea,Blazquez,73605
73606,925035006,Reyna,Chaves,73606
73607,454147704,Guadalupe,Blanes,73607
73608,100558065,Ismael,Sales,73608
73609,263141193,Moises,Bolanos,73609
73610,203763159,Otilia,Baquero,73610
73611,290697696,Daniel,Nevado,73611
73612,596859193,Nayara,Penas,73612
73613,312823658,Emilia,Quesada,73613
73614,719895454,Amador,Adan,73614
73615,813703104,Jose Antonio,Arribas,73615
73616,575203178,Loreto,Angel,73616
73617,409945399,Ciro,Manrique,73617
73618,266088386,Aroa,Prat,73618
73619,48499377,Placido,Olivares,73619
73620,310601214,Manuela,Requena,73620
73621,379090247,Bernabe,Andres,73621
73622,542284863,Francisca,Penalver,73622
73623,107484020,Agustina,Bonilla,73623
73624,638691074,Hector,Huertas,73624
73625,511374159,Arcelia,Martinez,73625
73626,724931130,Apolinar,Velez,73626
73627,365816498,Ulises,Bolanos,73627
73628,235631087,Virgilio,Santana,73628
73629,745352535,Jesus,Fabregat,73629
73630,461959292,Melchor,Rosales,73630
73631,268350451,Eliana,Banos,73631
73632,351262884,Leon,Casanovas,73632
73633,976332671,Nuria,Canales,73633
73634,959079953,Basilio,Clemente,73634
73635,391209004,Nicolasa,Frutos,73635
73636,614333697,Maximo,Benavides,73636
73637,610627177,Eugenio,Sebastian,73637
73638,849864887,Casandra,Peiro,73638
73639,660130645,Flavia,Pelaez,73639
73640,819178011,Eligio,Casas,73640
73641,721937869,Maria Manuela,Vizcaino,73641
73642,252437622,Nazaret,Pombo,73642
73643,445792983,Benigna,Zamorano,73643
73644,284880173,Josue,Chaparro,73644
73645,496206685,Samuel,Elorza,73645
73646,570687935,Amalia,Armengol,73646
73647,575052470,Victor Manuel,Alfaro,73647
73648,568934796,Demetrio,Garces,73648
73649,325426391,America,Redondo,73649
73650,897677082,Jose,Rivas,73650
73651,308495106,Ana Belen,Lopez,73651
73652,630518730,Nidia,Manuel,73652
73653,721970865,Milagros,Martorell,73653
73654,414855481,Eleuterio,Patino,73654
73655,265502644,Luciano,Cardenas,73655
73656,637174290,Custodia,Adan,73656
73657,888615748,Odalys,Sanmartin,73657
73658,234831510,Narciso,Diaz,73658
73659,820182280,Bienvenida,Fortuny,73659
73660,743021153,Maria Luisa,Santiago,73660
73661,649631359,Lucila,Torrents,73661
73662,757549476,Jacobo,Solis,73662
73663,997660457,Josefa,Paz,73663
73664,229392135,Lupe,Mayoral,73664
73665,196115397,Maribel,Arregui,73665
73666,791027563,Leopoldo,Canete,73666
73667,617474817,Sebastian,Somoza,73667
73668,856248114,Leopoldo,Salas,73668
73669,802994447,Patricia,Armengol,73669
73670,512504092,Urbano,Alegria,73670
73671,413712395,Oriana,Valverde,73671
73672,276523209,Marcelino,Rueda,73672
73673,713983886,Nazario,Pablo,73673
73674,759905302,Toribio,Pelaez,73674
73675,702413619,Trinidad,Manuel,73675
73676,948092320,Antonia,Mariscal,73676
73677,364849361,Herminio,Colom,73677
73678,662268730,Begona,Cuellar,73678
73679,573595730,Sara,Portillo,73679
73680,479644197,Aura,Samper,73680
73681,562447357,Haroldo,Cuevas,73681
73682,309731353,Rosario,Millan,73682
73683,906102036,Rosalina,Folch,73683
73684,341345357,Marta,Sanmiguel,73684
73685,151040938,Pili,Peral,73685
73686,945601425,Eleuterio,Cuellar,73686
73687,980205195,Abilio,Carlos,73687
73688,238686843,Amado,Torrecilla,73688
73689,512455040,Carlito,Ayala,73689
73690,357095881,Eusebia,Huguet,73690
73691,808756948,Maura,Vila,73691
73692,276426546,Florentino,Delgado,73692
73693,626896085,Candida,Guerra,73693
73694,247143262,Amalia,Isern,73694
73695,900751285,Aura,Clemente,73695
73696,525436532,Carmelo,Vilanova,73696
73697,719032604,Flavio,Palmer,73697
73698,821978093,Ciriaco,Bermudez,73698
73699,940863126,Marc,Acedo,73699
73700,436373245,Isaura,Torrijos,73700
73701,417334709,Nydia,Sevillano,73701
73702,600190095,Cleto,Alonso,73702
73703,569996175,Adriana,Izaguirre,73703
73704,259260362,Luna,Romero,73704
73705,155858119,Heriberto,Arroyo,73705
73706,720590302,Nieves,Cerro,73706
73707,750835731,Ariel,Verdejo,73707
73708,515414796,Delia,Elorza,73708
73709,500983640,Eric,Pereira,73709
73710,256707946,Jose,Ramirez,73710
73711,515603794,Mauricio,Bernat,73711
73712,476776790,Xiomara,Gomis,73712
73713,214247731,Beatriz,Morillo,73713
73714,923574062,Galo,Sabater,73714
73715,118349678,Nidia,Ojeda,73715
73716,627013743,Fernanda,Sarabia,73716
73717,205881645,Nuria,Linares,73717
73718,759332194,Amparo,Morante,73718
73719,470768344,Roxana,Bastida,73719
73720,619416656,Adelaida,Bello,73720
73721,720441952,Abraham,Gomez,73721
73722,968583516,Jessica,Ramon,73722
73723,318174751,Plinio,Llorente,73723
73724,368187104,Abigail,Beltran,73724
73725,323211225,Casandra,Moraleda,73725
73726,944479270,Roman,Vaquero,73726
73727,456712071,Gaston,Barbero,73727
73728,178394852,Haydee,Hervas,73728
73729,391889549,Macaria,Guardiola,73729
73730,960376070,Lino,Pomares,73730
73731,901990445,Sabas,Rius,73731
73732,522327163,Custodio,Santos,73732
73733,886597072,Vicente,Buendia,73733
73734,641010610,Cesar,Narvaez,73734
73735,181253569,Emma,Higueras,73735
73736,313590414,Faustino,Girona,73736
73737,444648601,Ester,Badia,73737
73738,747355441,Hector,Uria,73738
73739,364577741,Salvador,Moran,73739
73740,368355054,Ani,Molina,73740
73741,369774955,Nidia,Pera,73741
73742,262494170,Begona,Aroca,73742
73743,242858456,Ester,Pages,73743
73744,657576120,Damian,Manzano,73744
73745,764055330,Graciana,Valero,73745
73746,146002162,Reinaldo,Anaya,73746
73747,839707831,Odalys,Pareja,73747
73748,281970483,Ruben,Alsina,73748
73749,967416879,Diego,Llamas,73749
73750,852379195,Primitivo,Solana,73750
73751,562006640,Bernardita,Aguilar,73751
73752,125726620,Hortensia,Blazquez,73752
73753,181822858,Jose Angel,Pinilla,73753
73754,509797426,Cirino,Nogueira,73754
73755,598640730,Azahara,Castells,73755
73756,768088227,Maria Cristina,Calderon,73756
73757,771687408,Luisina,Bayona,73757
73758,367758505,Carolina,Narvaez,73758
73759,812301662,Ruben,Llanos,73759
73760,390183460,Julio Cesar,Caro,73760
73761,485393266,Encarnacion,Sanz,73761
73762,898582008,Pacifica,Pedro,73762
73763,206733320,Bartolome,Sabater,73763
73764,932547301,Lazaro,Cobo,73764
73765,618743475,Francisco Jose,Palau,73765
73766,880567853,Joel,Bauza,73766
73767,742615443,Eligio,Guzman,73767
73768,691483209,Manolo,Espinosa,73768
73769,284238653,Juan Manuel,Sotelo,73769
73770,369325576,Benita,Cerezo,73770
73771,487918045,Rocio,Mendoza,73771
73772,565930510,Samuel,Mesa,73772
73773,673658590,Sergio,Izaguirre,73773
73774,281153944,Ale,Vall,73774
73775,915821701,Adalberto,Aviles,73775
73776,846029795,Abigail,Valenzuela,73776
73777,690087468,Monica,Arteaga,73777
73778,611226956,Roman,Rio,73778
73779,810930017,Francisco Jose,Cerdan,73779
73780,577889931,Valentin,Grau,73780
73781,299067814,Iris,Navarro,73781
73782,838330292,Ariel,Muro,73782
73783,355570809,Montserrat,Ibarra,73783
73784,140996677,Ambar,Paniagua,73784
73785,855287713,Juanita,Verdejo,73785
73786,844740448,Violeta,Sanabria,73786
73787,659884914,Modesta,Gonzalez,73787
73788,387292100,Maria Fernanda,Escudero,73788
73789,972730565,Valentin,Velez,73789
73790,394025943,Almudena,Alvarez,73790
73791,682989988,Balduino,Sosa,73791
73792,602682016,Urbano,Salgado,73792
73793,578557504,Lina,Ferreras,73793
73794,104033342,Melisa,Ribera,73794
73795,969229826,Luciano,Galindo,73795
73796,619091778,Isaura,Guardia,73796
73797,387227469,Lina,Sanjuan,73797
73798,744994259,Evita,Cuervo,73798
73799,800880834,Bernardo,Quiroga,73799
73800,615682621,Georgina,Castell,73800
73801,636610238,Maximiliano,Salgado,73801
73802,219546417,Panfilo,Toledo,73802
73803,253010234,Virgilio,Prats,73803
73804,268561398,Bernardo,Palma,73804
73805,956593655,Amada,Huerta,73805
73806,116249197,Eladio,Arnaiz,73806
73807,393744597,Pablo,Ibarra,73807
73808,267304655,Flor,Vilalta,73808
73809,362483536,Jose,Gaya,73809
73810,105575447,Panfilo,Llabres,73810
73811,799487943,Bartolome,Anton,73811
73812,945217672,Hernan,Corominas,73812
73813,184429487,Mateo,Luz,73813
73814,181392750,Miriam,Verdu,73814
73815,830118995,Elisa,Abascal,73815
73816,845375523,Leocadia,Carranza,73816
73817,330403511,Cruz,Borja,73817
73818,195781996,Xavier,Osorio,73818
73819,832601555,Malena,Sanmartin,73819
73820,783409886,David,Bueno,73820
73821,486722252,Angela,Vina,73821
73822,161525291,Marciano,Calleja,73822
73823,126521018,Almudena,Zorrilla,73823
73824,880946723,Bienvenida,Teruel,73824
73825,483577054,Cayetano,Lobo,73825
73826,436201283,Cosme,Cano,73826
73827,474440250,Venceslas,Valentin,73827
73828,340904848,Luis Miguel,Medina,73828
73829,527803513,Almudena,Garrido,73829
73830,429482616,Emiliana,Canovas,73830
73831,315159315,Lucia,Pintor,73831
73832,479190247,Noa,Tejada,73832
73833,505938359,Remigio,Rueda,73833
73834,639580497,Teo,Millan,73834
73835,826119580,Jimena,Elorza,73835
73836,512251613,Flavia,Lujan,73836
73837,752443447,Geraldo,Pinilla,73837
73838,658806583,Yessica,Salvador,73838
73839,521627286,Nereida,Julia,73839
73840,605512119,Olimpia,Duenas,73840
73841,972541558,Jose Luis,Caceres,73841
73842,190035811,Julie,Cuervo,73842
73843,409747347,Javiera,Manuel,73843
73844,148000943,Anna,Bastida,73844
73845,119518592,Nicolasa,Batlle,73845
73846,140549594,Dafne,Granados,73846
73847,974201559,Abel,Galindo,73847
73848,854116015,Roman,Garriga,73848
73849,285022944,Rafa,Vives,73849
73850,340867343,Anunciacion,Pages,73850
73851,228625194,Esteban,Salamanca,73851
73852,614174521,Anselma,Espanol,73852
73853,201727056,Vito,Padilla,73853
73854,914010972,Maura,Pallares,73854
73855,503667439,Elba,Peinado,73855
73856,753462867,Gema,Fuertes,73856
73857,389982840,Ileana,Rosell,73857
73858,411890816,Baldomero,Bartolome,73858
73859,849604764,Debora,Penas,73859
73860,300799451,Octavio,Angel,73860
73861,452509459,Anselma,Goicoechea,73861
73862,408217778,Jeremias,Folch,73862
73863,264386716,Belen,Pont,73863
73864,741643392,Elodia,Noriega,73864
73865,805905936,Domitila,Llabres,73865
73866,661510110,Edgar,Salamanca,73866
73867,322283911,Santos,Bru,73867
73868,302504136,Cloe,Rios,73868
73869,426154520,Celia,Llorens,73869
73870,930967920,Ruperta,Alcolea,73870
73871,173733348,Lupe,Escobar,73871
73872,512955475,Romulo,Cuevas,73872
73873,726548777,Felipa,Julia,73873
73874,225069879,Heraclio,Saez,73874
73875,823213828,Pepe,Ayala,73875
73876,537954090,Chita,Martinez,73876
73877,619453507,Anselma,Bilbao,73877
73878,655700664,Roxana,Bustos,73878
73879,712431785,Andrea,Manuel,73879
73880,985041194,Rosalva,Arcos,73880
73881,469001007,Emperatriz,Soriano,73881
73882,558764882,Gabriela,Cueto,73882
73883,523989648,Magdalena,Alegre,73883
73884,767457066,Teresa,Medina,73884
73885,164372764,Petrona,Espanol,73885
73886,700349012,Flavia,Perales,73886
73887,578739137,Roberto,Rivero,73887
73888,330652155,Coral,Rivas,73888
73889,538663675,Ricardo,Corral,73889
73890,392379762,Amor,Barbero,73890
73891,243622741,Ruth,Posada,73891
73892,756402860,Teo,Valderrama,73892
73893,510520415,Adelaida,Albero,73893
73894,349254991,Edelmira,Lerma,73894
73895,258065629,Timoteo,Arco,73895
73896,795169054,Oriana,Ochoa,73896
73897,251647879,Dionisio,Ortuno,73897
73898,389932324,Jacinta,Murillo,73898
73899,363418930,Maria Jose,Bernad,73899
73900,827778113,Yolanda,Cervantes,73900
73901,910874667,Juan Pablo,Rosell,73901
73902,686396595,Maxi,Palomares,73902
73903,621260569,Isidoro,Blanca,73903
73904,225884354,Remedios,Tejada,73904
73905,159722703,Maria Carmen,Aguado,73905
73906,388536331,Dario,Paredes,73906
73907,177678820,Adelardo,Andrade,73907
73908,314236298,Climaco,Escribano,73908
73909,360562184,Teresa,Sandoval,73909
73910,342063923,Anacleto,Barriga,73910
73911,340859980,Marisela,Tomas,73911
73912,668738499,Tere,Agustin,73912
73913,810114784,Trinidad,Novoa,73913
73914,481443817,Blas,Ayala,73914
73915,738578012,Ambar,Benet,73915
73916,751542601,Carlos,Valdes,73916
73917,582805508,Ruben,Berenguer,73917
73918,712324366,Manu,Chico,73918
73919,540680260,Lalo,Castellanos,73919
73920,732648298,Dulce,Gras,73920
73921,863005992,Victor,Peralta,73921
73922,929837670,Gervasio,Almagro,73922
73923,906569122,Isabela,Ferrero,73923
73924,594383234,Fernanda,Bayo,73924
73925,410556356,Geronimo,Villalonga,73925
73926,596952769,Zacarias,Aguilera,73926
73927,539576309,Benigno,Jover,73927
73928,743846508,Telmo,Torrecilla,73928
73929,295744205,Silvio,Canovas,73929
73930,700612663,Nico,Garriga,73930
73931,177912235,Rene,Arnaiz,73931
73932,416103011,Clementina,Ayllon,73932
73933,278450975,Veronica,Vazquez,73933
73934,510494123,Pastora,Alberdi,73934
73935,264727571,Clotilde,Valls,73935
73936,831845347,Borja,Luz,73936
73937,307055711,Emilia,Arnaiz,73937
73938,605709280,Trinidad,Navarrete,73938
73939,737750266,Maria Teresa,Varela,73939
73940,615256018,Maximiliano,Cuervo,73940
73941,714476694,Gala,Galan,73941
73942,435797554,Isidro,Alegre,73942
73943,991773956,Estefania,Amigo,73943
73944,185868523,Palmira,Martin,73944
73945,584440194,Otilia,Benitez,73945
73946,885441996,Graciano,Herrera,73946
73947,353406329,Erasmo,Alonso,73947
73948,554369457,Reynaldo,Garmendia,73948
73949,582281649,Ofelia,Benet,73949
73950,124571786,Aurelio,Pedraza,73950
73951,487204132,Samu,Reguera,73951
73952,683418875,Amador,Garcia,73952
73953,557585262,Jenaro,Llamas,73953
73954,476875636,Rocio,Arregui,73954
73955,617553940,Adelardo,Barragan,73955
73956,148999909,Luisina,Mayoral,73956
73957,272088131,Reynaldo,Casal,73957
73958,249186106,Tania,Quero,73958
73959,205459971,Baldomero,Lujan,73959
73960,466484104,Florencio,Roldan,73960
73961,282126369,Manuel,Rey,73961
73962,904945283,Herminia,Pareja,73962
73963,779555200,Juanita,Valero,73963
73964,632828764,Bernabe,Ramon,73964
73965,357123487,Paca,Pardo,73965
73966,883701902,Valeria,Iglesias,73966
73967,297486408,Angelino,Barrera,73967
73968,291979672,Palmira,Sarabia,73968
73969,187604841,Martin,Nogues,73969
73970,377345632,Melisa,Almansa,73970
73971,220487545,Osvaldo,Zabaleta,73971
73972,529437550,Agustina,Olivera,73972
73973,496473198,Imelda,Blanco,73973
73974,759452817,Amaro,Alberto,73974
73975,519781687,Ariadna,Giron,73975
73976,479077185,Aura,Barbera,73976
73977,384326733,Victorino,Pelayo,73977
73978,670937590,Cebrian,Ferrera,73978
73979,710196301,Nicolas,Castejon,73979
73980,782658739,Angelita,Leon,73980
73981,151944797,Jose Carlos,Ibarra,73981
73982,839502625,Consuela,Falco,73982
73983,371960056,Custodio,Baro,73983
73984,910599361,Paco,Checa,73984
73985,104777080,Guadalupe,Balaguer,73985
73986,986497779,Carla,Lorenzo,73986
73987,908999517,Maria Jose,Leiva,73987
73988,686335745,Africa,Cozar,73988
73989,649313587,Candelas,Fernandez,73989
73990,781626961,Itziar,Benito,73990
73991,121557593,German,Mas,73991
73992,516030340,Telmo,Badia,73992
73993,600562000,Rodrigo,Guitart,73993
73994,157847092,Agueda,Peinado,73994
73995,357607275,Veronica,Otero,73995
73996,168387547,Carina,Peiro,73996
73997,484160148,Debora,Gamez,73997
73998,670329626,Kike,Narvaez,73998
73999,819564277,Plinio,Bermudez,73999
74000,684672797,Tatiana,Galindo,74000
74001,404508618,Adora,Ayala,74001
74002,754041116,Graciana,Estevez,74002
74003,150942577,Bernardita,Infante,74003
74004,432297554,Luis Angel,Llado,74004
74005,365705888,Marina,Abad,74005
74006,110819740,Valero,Zamora,74006
74007,222199522,Cesar,Nevado,74007
74008,652660739,Jose Carlos,Salom,74008
74009,428028884,Sabas,Novoa,74009
74010,143189921,Ines,Portero,74010
74011,764737403,Bautista,Herranz,74011
74012,627542066,Ursula,Andres,74012
74013,191827516,Florinda,Pinol,74013
74014,223654647,Eligia,Caro,74014
74015,106598892,Felix,Huertas,74015
74016,927126406,Gonzalo,Cruz,74016
74017,174346289,Juan Manuel,Ponce,74017
74018,728289447,Ariel,Montes,74018
74019,554922887,Mireia,Torrecilla,74019
74020,698178133,Encarna,Santos,74020
74021,320568766,Edelmiro,Puga,74021
74022,255271117,Osvaldo,Almazan,74022
74023,342683565,Estefania,Vives,74023
74024,230322587,Margarita,Fuente,74024
74025,620118917,Alfredo,Ripoll,74025
74026,894124293,Morena,Castaneda,74026
74027,320053521,Ale,Valls,74027
74028,741644701,Julio Cesar,Leon,74028
74029,774769106,Emperatriz,Casanova,74029
74030,657805469,Reyes,Sanabria,74030
74031,567211357,Cesar,Borja,74031
74032,108380728,Rosario,Espada,74032
74033,557800359,Eusebia,Sotelo,74033
74034,599566009,Octavio,Rius,74034
74035,305434929,Fermin,Ramis,74035
74036,852234339,Maxima,Montoya,74036
74037,311223227,Charo,Velazquez,74037
74038,623339638,Leocadia,Rodriguez,74038
74039,976976411,Jose,Ponce,74039
74040,700877310,Chus,Jover,74040
74041,546421201,Tatiana,Bejarano,74041
74042,244799164,Sonia,Estevez,74042
74043,446787593,Clara,Becerra,74043
74044,658568931,Florencio,Bustamante,74044
74045,367245656,Mariana,Tejada,74045
74046,375519775,Emigdio,Olive,74046
74047,943865400,Cloe,Sastre,74047
74048,443942863,Miguel,Ramirez,74048
74049,134609566,Dorotea,Jaen,74049
74050,449580350,Bibiana,Mendez,74050
74051,316078483,Herminio,Cortes,74051
74052,340376940,Berto,Canet,74052
74053,830355254,Dimas,Pinto,74053
74054,887009305,Natividad,Coca,74054
74055,453164512,Fanny,Caceres,74055
74056,475629352,Elias,Aparicio,74056
74057,786895124,Francisco,Rebollo,74057
74058,726978567,Nieves,Sosa,74058
74059,206818348,Micaela,Puig,74059
74060,231899866,Encarnacion,Montoya,74060
74061,653203599,Manolo,Velez,74061
74062,981252613,Maria Luisa,Pelayo,74062
74063,298321267,Augusto,Agusti,74063
74064,650761198,Samu,Navarrete,74064
74065,231702229,Alfredo,Lopez,74065
74066,859853156,Zacarias,Bonilla,74066
74067,871078681,Balduino,Molina,74067
74068,521911644,Zacarias,Grau,74068
74069,493051252,Edu,Saez,74069
74070,230009821,Pio,Flores,74070
74071,830806076,Cecilio,Sala,74071
74072,539429423,Miguel,Lerma,74072
74073,799679794,Duilio,Aleman,74073
74074,925910649,Rodolfo,Sanabria,74074
74075,137067617,Adan,Dominguez,74075
74076,706174943,Jose,Gallardo,74076
74077,295931820,Cesar,Romero,74077
74078,304654004,Remigio,Hierro,74078
74079,514293148,Calista,Azcona,74079
74080,479899082,Victorino,Sedano,74080
74081,552470599,Alexandra,Cases,74081
74082,490015760,Encarnacion,Estevez,74082
74083,586749756,Gertrudis,Adadia,74083
74084,542297707,Mariano,Casares,74084
74085,992300499,Alondra,Cal,74085
74086,820343132,Marcelino,Jaen,74086
74087,687312037,Renata,Villanueva,74087
74088,721920727,Odalis,Guzman,74088
74089,555744121,Natividad,Pedrero,74089
74090,997626418,Cebrian,Alcalde,74090
74091,905275086,Graciana,Jerez,74091
74092,902297795,Angelino,Pol,74092
74093,163971384,Francisco Jose,Munoz,74093
74094,755906529,Maximiliano,Cuadrado,74094
74095,757918149,Fernanda,Torrens,74095
74096,933703426,Georgina,Gomez,74096
74097,156681561,Matilde,Larranaga,74097
74098,129191507,Edelmira,Mercader,74098
74099,338572229,Rosalina,Rico,74099
74100,565831689,Graciano,Pellicer,74100
74101,830353263,Custodia,Colom,74101
74102,183985315,Camila,Pons,74102
74103,196237342,Isabela,Vilaplana,74103
74104,654357159,Carina,Linares,74104
74105,802050089,Roldan,Marti,74105
74106,102539717,Juliana,Marmol,74106
74107,571065168,Olga,Salmeron,74107
74108,875082410,Valentina,Parra,74108
74109,892447141,Marina,Amo,74109
74110,700693649,Seve,Estevez,74110
74111,638401036,Marta,Casas,74111
74112,186810236,Urbano,Moll,74112
74113,680848005,Aurora,Tolosa,74113
74114,986355655,Cloe,Bermudez,74114
74115,212356072,Pablo,Francisco,74115
74116,374491618,Edgar,Garmendia,74116
74117,815727443,Jesusa,Paz,74117
74118,258164762,Juana,Sales,74118
74119,201636451,Teofila,Pont,74119
74120,661642819,Romulo,Quiroga,74120
74121,756978686,Noa,Pazos,74121
74122,429053633,Socorro,Gonzalez,74122
74123,863425458,Adolfo,Colomer,74123
74124,665042487,Nando,Amaya,74124
74125,706399179,Raimundo,Peralta,74125
74126,469419415,Reyna,Borja,74126
74127,958305957,Ismael,Castaneda,74127
74128,857578350,Maria Angeles,Giron,74128
74129,814520333,Marisa,Fernandez,74129
74130,440215681,Zoraida,Manuel,74130
74131,871279547,Vicenta,Abad,74131
74132,802410770,Sol,Muniz,74132
74133,620257884,Zoraida,Riba,74133
74134,836763120,Paula,Sosa,74134
74135,895783384,Ruben,Arana,74135
74136,946501035,Benjamin,Benet,74136
74137,590269774,Zaida,Gomez,74137
74138,753574757,Diego,Orozco,74138
74139,596167024,Oscar,Gisbert,74139
74140,889481279,Javiera,Ferrer,74140
74141,235607368,Josue,Alemany,74141
74142,955314452,Sol,Guardia,74142
74143,349384827,Mercedes,Jaume,74143
74144,642351342,Candelas,Arroyo,74144
74145,280102558,Luz,Poza,74145
74146,432984483,Julie,Echeverria,74146
74147,237733377,Yago,Martinez,74147
74148,682014706,Nacio,Miro,74148
74149,910975666,Ceferino,Gamez,74149
74150,345390745,Benjamin,Chacon,74150
74151,881082206,Flora,Urena,74151
74152,910658265,Ricardo,Soriano,74152
74153,101272705,Dani,Coronado,74153
74154,970755508,Leyre,Gargallo,74154
74155,382002695,Perlita,Garcia,74155
74156,220148165,Africa,Baron,74156
74157,819383344,Evaristo,Gordillo,74157
74158,322072921,Haydee,Blasco,74158
74159,607639531,Gaston,Campos,74159
74160,749842381,Edu,Escamilla,74160
74161,141752991,Paloma,Taboada,74161
74162,394236340,Nicanor,Rodrigo,74162
74163,787175331,Lupe,Benito,74163
74164,229141132,Marcelo,Chamorro,74164
74165,434841446,Obdulia,Leiva,74165
74166,182528944,Rosalva,Rosales,74166
74167,580904834,Nieves,Porras,74167
74168,301500830,Pepito,Albero,74168
74169,199056713,Elena,Gil,74169
74170,436657059,Anna,Sarabia,74170
74171,240535069,Cayetana,Casal,74171
74172,475243580,Jovita,Melendez,74172
74173,759551918,Leoncio,Marques,74173
74174,867307428,Adelina,Daza,74174
74175,938722034,Joel,Godoy,74175
74176,331339829,Apolonia,Llado,74176
74177,289266637,Ulises,Bejarano,74177
74178,326146901,Cayetana,Tolosa,74178
74179,767500061,Lope,Paez,74179
74180,544340067,Tono,Blanch,74180
74181,205312933,Evaristo,Moran,74181
74182,951948578,Angeles,Pazos,74182
74183,239738924,Inmaculada,Cabrera,74183
74184,552133163,Nacho,Ramirez,74184
74185,774212973,Evaristo,Nicolas,74185
74186,276028598,Amada,Bejarano,74186
74187,622690316,Plinio,Rio,74187
74188,438691079,Calixta,Santiago,74188
74189,387411582,Hortensia,Maza,74189
74190,769340179,Matilde,Nebot,74190
74191,296347970,Adoracion,Amores,74191
74192,193221032,Lino,Sarmiento,74192
74193,668138348,Maxi,Juan,74193
74194,502798652,Rosa Maria,Ruiz,74194
74195,688691121,Inocencio,Galindo,74195
74196,741932503,Eligia,Fiol,74196
74197,909123080,Zaida,Grau,74197
74198,332835316,Lupita,Salvador,74198
74199,516801098,Elodia,Lozano,74199
74200,461341109,Fermin,Barrio,74200
74201,162590076,Lorenzo,Ibanez,74201
74202,481745948,Ana Sofia,Vara,74202
74203,703457442,Candido,Barranco,74203
74204,161411160,Ileana,Cordero,74204
74205,504521822,Pascuala,Diego,74205
74206,667327003,Irma,Ferrer,74206
74207,450570107,Walter,Porras,74207
74208,636453037,Emigdio,Rojas,74208
74209,532086157,Cristobal,Sarmiento,74209
74210,897973711,Tiburcio,Romero,74210
74211,232499828,Marcio,Fernandez,74211
74212,528754688,Fabian,Almazan,74212
74213,341724709,Africa,Izaguirre,74213
74214,252660279,Lisandro,Silva,74214
74215,288077540,Maria Carmen,Nieto,74215
74216,644533500,Edu,Araujo,74216
74217,763630293,Yesica,Sacristan,74217
74218,182040669,Pepito,Polo,74218
74219,479636566,Irma,Marino,74219
74220,986218537,Dorita,Barros,74220
74221,583446036,Paca,Ordonez,74221
74222,545235707,Adoracion,Tellez,74222
74223,349403176,Jose Angel,Cano,74223
74224,533230482,Carolina,Rivas,74224
74225,756079449,Socorro,Cabrero,74225
74226,209475999,Fabio,Peiro,74226
74227,524281296,Gisela,Catala,74227
74228,732406406,Ingrid,Tejero,74228
74229,829416494,Cipriano,Saura,74229
74230,835732271,Antonia,Barrera,74230
74231,251470582,Maria Jesus,Cortes,74231
74232,685329924,Amarilis,Yanez,74232
74233,806892261,Cruz,Parra,74233
74234,617456738,Nacio,Miralles,74234
74235,231370499,Cipriano,Amigo,74235
74236,236636543,Perla,Marti,74236
74237,787307323,Teofilo,Vila,74237
74238,657966459,Rogelio,Gomez,74238
74239,234639895,Pastora,Montesinos,74239
74240,383101132,Victorino,Cabello,74240
74241,200362399,Eusebia,Trillo,74241
74242,260264519,Calixto,Garzon,74242
74243,102032335,Anastasia,Colomer,74243
74244,292045445,Roberta,Ferrera,74244
74245,128787432,Francisco Jose,Calvet,74245
74246,934796969,Azahara,Estevez,74246
74247,299728324,Leandro,Sureda,74247
74248,163711270,Azahara,Vaquero,74248
74249,371449604,Hipolito,Alegria,74249
74250,164568706,Sosimo,Feliu,74250
74251,363129189,Eloisa,Ferrando,74251
74252,132265864,Pili,Villena,74252
74253,665874426,Feliciano,Andres,74253
74254,946957056,Jonatan,Alsina,74254
74255,339478727,Alejandra,Francisco,74255
74256,685576599,Maximino,Ayllon,74256
74257,704274137,Ana Belen,Adadia,74257
74258,249604979,Susanita,Caballero,74258
74259,187066427,Marisol,Caparros,74259
74260,921442855,Angelina,Diaz,74260
74261,841838409,Ainoa,Tenorio,74261
74262,939736194,Marisol,Beltran,74262
74263,980207496,Rafael,Ramirez,74263
74264,740504374,Samu,Garrido,74264
74265,440537257,Edelmiro,Sandoval,74265
74266,506771156,Alejo,Quiroga,74266
74267,557814149,Lorena,Hoyos,74267
74268,692317519,Eric,Rey,74268
74269,707206202,Trini,Gual,74269
74270,780947687,Severo,Trillo,74270
74271,721547783,Primitivo,Enriquez,74271
74272,121462712,Cristian,Canovas,74272
74273,240453323,Luis Miguel,Capdevila,74273
74274,323520526,Regina,Jara,74274
74275,330400197,Gustavo,Salmeron,74275
74276,449282900,Modesto,Yuste,74276
74277,206823803,Marino,Rojas,74277
74278,149825616,Curro,Hurtado,74278
74279,346151993,Ursula,Neira,74279
74280,659484273,Carlos,Busquets,74280
74281,810694565,Gabino,Barroso,74281
74282,817718164,Dan,Izquierdo,74282
74283,543834965,Tristan,Villa,74283
74284,990852386,Celestina,Pedrosa,74284
74285,680342866,Lara,Luis,74285
74286,124340662,Aura,Ribera,74286
74287,261939623,Victor,Lillo,74287
74288,460657927,Bruno,Cardenas,74288
74289,185686318,Jeronimo,Menendez,74289
74290,310258167,Amador,Hervia,74290
74291,672514765,Paula,Rovira,74291
74292,450229770,Tadeo,Oliveras,74292
74293,409781474,Consuela,Trujillo,74293
74294,410024894,Ligia,Suarez,74294
74295,163766138,Ani,Moreno,74295
74296,372930770,Valero,Escalona,74296
74297,711431065,Cloe,Teruel,74297
74298,198006611,Teobaldo,Pulido,74298
74299,835646938,Monica,Barcelo,74299
74300,526129230,Paola,Barros,74300
74301,486009979,Domitila,Azorin,74301
74302,624314216,Perlita,Salamanca,74302
74303,768174696,Ernesto,Montero,74303
74304,354281111,Felisa,Mateos,74304
74305,127940861,Agata,Prado,74305
74306,390248691,Lidia,Somoza,74306
74307,473691492,Victor,Rios,74307
74308,674469798,Ema,Arnal,74308
74309,338500234,Ezequiel,Martin,74309
74310,140409712,Maxima,Losada,74310
74311,405716720,Jose Francisco,Cardenas,74311
74312,496274115,Rufina,Tejedor,74312
74313,969189057,Panfilo,Serra,74313
74314,941430496,Goyo,Ramos,74314
74315,240617759,Agueda,Colom,74315
74316,235261307,Kike,Juan,74316
74317,781573917,Elodia,Arnau,74317
74318,419884935,David,Madrigal,74318
74319,741065921,Ruth,Perez,74319
74320,617271647,Gabriel,Pomares,74320
74321,922409004,Eduardo,Daza,74321
74322,798680821,Herminio,Tapia,74322
74323,893375511,Odalis,Grande,74323
74324,278314232,Begona,Gibert,74324
74325,550541807,Ariel,Jara,74325
74326,660483553,Miguel,Alamo,74326
74327,200291064,Mercedes,Gual,74327
74328,742183338,Adelardo,Lujan,74328
74329,291849162,Dario,Sainz,74329
74330,717819019,Feliciano,Robles,74330
74331,629284106,Casandra,Jover,74331
74332,473363922,Brunilda,Rodrigo,74332
74333,146886891,Damian,Pavon,74333
74334,731989084,Angelino,Roig,74334
74335,980187744,Tamara,Arenas,74335
74336,311122412,Adelardo,Castrillo,74336
74337,661998427,Jose Ignacio,Ibanez,74337
74338,924592433,Aranzazu,Salmeron,74338
74339,908846819,Maxi,Elorza,74339
74340,567708225,Gracia,Valbuena,74340
74341,657838259,Noe,Sanjuan,74341
74342,330900041,Evita,Canellas,74342
74343,738440805,Alexandra,Diaz,74343
74344,487358121,Florencia,Cabeza,74344
74345,259218164,Salome,Hoz,74345
74346,644380398,Gregorio,Solera,74346
74347,253451435,Ruy,Pujadas,74347
74348,404178862,Teodosio,Seco,74348
74349,597135636,Luisa,Iglesia,74349
74350,975852176,Clemente,Gomez,74350
74351,204503705,Eutropio,Cardona,74351
74352,695191844,Yaiza,Bermejo,74352
74353,134953515,Loreto,Blanca,74353
74354,911631412,Piedad,Rebollo,74354
74355,211250041,Maximiliano,Fortuny,74355
74356,503837456,Jose Manuel,Toledo,74356
74357,462897148,Jose Carlos,Gutierrez,74357
74358,523975669,Chita,Cifuentes,74358
74359,213103250,Kike,Mercader,74359
74360,422434091,Cayetano,Ayuso,74360
74361,812500070,Reyes,Bru,74361
74362,754314356,Ignacio,Armas,74362
74363,988355138,Mateo,Nunez,74363
74364,595843006,Esther,Llano,74364
74365,311504133,Fernando,Ramon,74365
74366,509296558,Maria Fernanda,Laguna,74366
74367,637337057,Mireia,Gibert,74367
74368,225066309,Morena,Ferran,74368
74369,962364168,Albino,Requena,74369
74370,887242857,Teresita,Ferrandez,74370
74371,300145017,Paloma,Sandoval,74371
74372,947735841,Anibal,Palma,74372
74373,461281291,Toni,Marco,74373
74374,515991934,Norberto,Gutierrez,74374
74375,805109760,Natividad,Sedano,74375
74376,329071926,Rocio,Mateu,74376
74377,228612449,Jose Ramon,Cabo,74377
74378,430636938,Luciano,Garate,74378
74379,250396406,Patricio,Prieto,74379
74380,243331764,Charo,Blazquez,74380
74381,476622784,Nayara,Vazquez,74381
74382,216958375,Abel,Gimenez,74382
74383,221508927,Bernardo,Sabater,74383
74384,227144798,Nieves,Jerez,74384
74385,723445917,Nilda,Guzman,74385
74386,290154612,Ariel,Cabo,74386
74387,445496305,Walter,Vazquez,74387
74388,191617745,Martirio,Borrell,74388
74389,921248841,Marcial,Carbo,74389
74390,128676679,Angelita,Peralta,74390
74391,670918639,Alcides,Arevalo,74391
74392,514700985,Prudencia,Cardona,74392
74393,474663682,Eva Maria,Solana,74393
74394,260498829,Fernanda,Ramirez,74394
74395,128129269,Zacarias,Pujol,74395
74396,190476038,Gaston,Cuevas,74396
74397,545264075,Ascension,Zapata,74397
74398,774645086,Fabricio,Menendez,74398
74399,536529770,Nayara,Villalba,74399
74400,896871243,Gerardo,Pareja,74400
74401,753242621,Mamen,Lara,74401
74402,805921251,Clara,Zapata,74402
74403,216945391,Salome,Antunez,74403
74404,770831001,Clemente,Aguilo,74404
74405,972795394,Leocadio,Corral,74405
74406,116394039,Clara,Gilabert,74406
74407,734951643,Hugo,Fabregas,74407
74408,182952041,Brigida,Valencia,74408
74409,443376553,Ricarda,Saez,74409
74410,496447848,Marta,Goicoechea,74410
74411,128145885,Sandra,Llamas,74411
74412,106937129,Cayetano,Bauza,74412
74413,145854175,Azeneth,Cervantes,74413
74414,141197009,Rosalva,Tirado,74414
74415,911369073,Apolonia,Baro,74415
74416,181626254,Sofia,Rey,74416
74417,309528476,Nilda,Penalver,74417
74418,992290223,Juan Manuel,Romero,74418
74419,899537953,Sergio,Diez,74419
74420,422648857,Jessica,Paredes,74420
74421,811175441,Petrona,Sanmartin,74421
74422,586720931,Pelayo,Sanz,74422
74423,168902605,Inigo,Alcolea,74423
74424,174301791,Rafael,Calvo,74424
74425,477461833,Toni,Baena,74425
74426,153566638,Cintia,Checa,74426
74427,301462676,Fernando,Exposito,74427
74428,588171756,Azahara,Roldan,74428
74429,655289184,Julie,Plaza,74429
74430,331617215,Olalla,Nunez,74430
74431,942776503,Severo,Mancebo,74431
74432,582957926,Moreno,Tovar,74432
74433,254029954,Apolinar,Goicoechea,74433
74434,893235734,Calixta,Pelayo,74434
74435,883418348,Alcides,Escriva,74435
74436,957500806,Fabricio,Rovira,74436
74437,891379835,Olegario,Rosado,74437
74438,773207533,Renata,Calatayud,74438
74439,546826084,Gaston,Segarra,74439
74440,553291743,Isidoro,Valcarcel,74440
74441,966268885,Miguel Angel,Gras,74441
74442,406075656,Rosa Maria,Urena,74442
74443,658991551,Luis Miguel,Porta,74443
74444,538688943,Amparo,Casal,74444
74445,350179142,Guiomar,Rozas,74445
74446,605687181,Tristan,Fiol,74446
74447,430611929,Marco,Palma,74447
74448,847172745,Baudelio,Llanos,74448
74449,135888957,Feliciano,Garrido,74449
74450,280745166,Clara,Madrigal,74450
74451,413083634,Adora,Salamanca,74451
74452,721867402,Maribel,Marti,74452
74453,191764937,Salud,Carrillo,74453
74454,419791650,Eutimio,Sanjuan,74454
74455,649131708,Asdrubal,Torrents,74455
74456,219933257,Leopoldo,Menendez,74456
74457,682726680,Marino,Riquelme,74457
74458,901204179,Enrique,Puig,74458
74459,176235172,Mar,Hoyos,74459
74460,428636751,Ale,Sala,74460
74461,981872345,Horacio,Melendez,74461
74462,407322772,Maria Cristina,Menendez,74462
74463,788349789,Eugenio,Sanjuan,74463
74464,132026679,Ani,Plana,74464
74465,635012935,Nando,Vicente,74465
74466,617119850,Loreto,Reguera,74466
74467,374605547,Gracia,Montesinos,74467
74468,905513319,Hernando,Murillo,74468
74469,284997310,Violeta,Cortina,74469
74470,248938939,Jacobo,Sanmartin,74470
74471,715824881,Crescencia,Leiva,74471
74472,431617450,Rene,Campo,74472
74473,196783211,Feliciana,Cal,74473
74474,983466667,Reyes,Pastor,74474
74475,374359909,Bernardo,Lerma,74475
74476,756290480,Vicenta,Cabanillas,74476
74477,167831789,Edmundo,Aragon,74477
74478,759369306,Iris,Pina,74478
74479,261970616,Benigno,Riera,74479
74480,363591214,Ramon,Uria,74480
74481,460284225,Isaias,Porta,74481
74482,190651008,Marianela,Medina,74482
74483,931709119,Jose Antonio,Anaya,74483
74484,793751653,Eliana,Fajardo,74484
74485,861727513,Candelaria,Tome,74485
74486,946079175,Maximiano,Andreu,74486
74487,402926949,Aitana,Ferrandiz,74487
74488,955504478,Bernardo,Bernad,74488
74489,689723372,Catalina,Abascal,74489
74490,951609443,Leopoldo,Penalver,74490
74491,866433255,Vicenta,Morcillo,74491
74492,653981951,Susanita,Nadal,74492
74493,164042258,Macarena,Rocha,74493
74494,534539033,Dafne,Urena,74494
74495,260246574,Ascension,Morell,74495
74496,231141255,Florinda,Galvez,74496
74497,309004476,Angelica,Ojeda,74497
74498,447108844,Nieves,Otero,74498
74499,160548393,Olimpia,Ledesma,74499
74500,201975391,Hernando,Osuna,74500
74501,311517965,Azahar,Jerez,74501
74502,329659715,Emilio,Murcia,74502
74503,982377300,Angelita,Menendez,74503
74504,826384006,Narcisa,Criado,74504
74505,705966256,Nazario,Tena,74505
74506,523050536,Roberta,Alvarez,74506
74507,128153327,Maria Fernanda,Gomez,74507
74508,133255163,Sara,Valle,74508
74509,578172468,Amando,Cuellar,74509
74510,879612797,Odalys,Pol,74510
74511,348539885,Felicidad,Terron,74511
74512,343982563,Nicanor,Espejo,74512
74513,539256543,Merche,Torrents,74513
74514,980039708,Encarna,Julia,74514
74515,734189152,Alicia,Badia,74515
74516,772859680,Teo,Bravo,74516
74517,557570554,Bernabe,Cases,74517
74518,655748983,Juan Jose,Paz,74518
74519,871574390,Leon,Estevez,74519
74520,140183989,Panfilo,Pozuelo,74520
74521,921956389,Gisela,Pastor,74521
74522,591538224,Lucas,Cabello,74522
74523,393457309,Josefina,Luque,74523
74524,723408655,Amor,Quesada,74524
74525,252633885,Delia,Vazquez,74525
74526,274468083,Sofia,Echeverria,74526
74527,355372727,Feliciano,Gonzalez,74527
74528,607751271,Modesto,Guzman,74528
74529,396219622,Edu,Quiros,74529
74530,855073770,Graciana,Giner,74530
74531,796947115,Fatima,Muro,74531
74532,394028029,Rafaela,Soria,74532
74533,421628713,Visitacion,Marino,74533
74534,637329105,Fortunato,Pinedo,74534
74535,997359387,Teofila,Murillo,74535
74536,681515014,Maria,Berrocal,74536
74537,688526001,Rafael,Barroso,74537
74538,281480672,Camilo,Elias,74538
74539,986908380,Florentina,Leon,74539
74540,387894649,Socorro,Nino,74540
74541,170905619,Blanca,Conde,74541
74542,659229165,Fidela,Iniesta,74542
74543,462008505,Angelino,Valverde,74543
74544,778100430,Anunciacion,Somoza,74544
74545,984362124,Geraldo,Giron,74545
74546,544535199,Albano,Larranaga,74546
74547,612099600,Demetrio,Antunez,74547
74548,215481701,Narciso,Maza,74548
74549,503253083,Isidoro,Aguilera,74549
74550,322771252,Claudio,Osorio,74550
74551,590830162,Elisa,Maestre,74551
74552,934506033,Baldomero,Figueroa,74552
74553,295211615,Custodia,Noguera,74553
74554,527269356,Isabela,Barbera,74554
74555,909341956,Francisca,Batlle,74555
74556,138230322,Gabino,Almagro,74556
74557,380743810,Vilma,Beltran,74557
74558,151834252,Hortensia,Hernandez,74558
74559,239034302,Alba,Boix,74559
74560,592602673,Marisol,Barreda,74560
74561,171395770,Rosa Maria,Alvarado,74561
74562,515334500,Augusto,Tamarit,74562
74563,120036028,Mario,Barba,74563
74564,434455271,Luciana,Villalonga,74564
74565,883547290,Oriana,Egea,74565
74566,567106959,Nestor,Canete,74566
74567,106800394,Felisa,Vigil,74567
74568,536746406,Maribel,Santamaria,74568
74569,799291972,Isabela,Tamarit,74569
74570,201213797,Purificacion,Crespo,74570
74571,982788955,Bernardino,Blasco,74571
74572,223333903,Olga,Gilabert,74572
74573,235208123,Albano,Gimenez,74573
74574,185661083,Jenaro,Abad,74574
74575,629653306,Esperanza,Albero,74575
74576,904433866,Julian,Garmendia,74576
74577,604549112,Rafa,Redondo,74577
74578,606607152,Pablo,Martorell,74578
74579,491187915,Evangelina,Boada,74579
74580,435468472,Alcides,Murillo,74580
74581,266728168,Marcelo,Corral,74581
74582,959894550,Jordana,Correa,74582
74583,139787539,Ramon,Ricart,74583
74584,504013864,Virgilio,Tirado,74584
74585,363158004,Amparo,Pablo,74585
74586,519666245,Pascuala,Marino,74586
74587,740653960,Anibal,Rivas,74587
74588,339293598,Renato,Acosta,74588
74589,987940199,Dalila,Tolosa,74589
74590,950643735,Crescencia,Arregui,74590
74591,676481046,Nazaret,Carbonell,74591
74592,214373260,Rebeca,Vives,74592
74593,167437641,Pastora,Soler,74593
74594,118623072,Pastora,Mora,74594
74595,826407441,Asuncion,Escamilla,74595
74596,157065669,Felicia,Armas,74596
74597,245683926,Diego,Collado,74597
74598,406249518,Feliciano,Pallares,74598
74599,519632860,Angel,Valverde,74599
74600,229683706,Marcia,Cabrera,74600
74601,283539474,Alma,Mancebo,74601
74602,950985231,Daniela,Aparicio,74602
74603,297472207,Lina,Cadenas,74603
74604,202225677,Gema,Bilbao,74604
74605,556206665,Dorotea,Barriga,74605
74606,166849146,Begona,Gelabert,74606
74607,368436674,Maria Manuela,Acedo,74607
74608,721857666,Carlos,Donaire,74608
74609,770914028,Nuria,Galan,74609
74610,276931581,Cayetano,Ripoll,74610
74611,679749647,Itziar,Arribas,74611
74612,780365744,Jose Angel,Mena,74612
74613,584735182,Santos,Company,74613
74614,689628353,Luz,Lerma,74614
74615,785890636,Ciriaco,Baez,74615
74616,870490974,Berta,Cabo,74616
74617,857638927,Adela,Cuadrado,74617
74618,608606931,Visitacion,Cuervo,74618
74619,370492385,Palmira,Boada,74619
74620,266981250,Maristela,Feliu,74620
74621,604761300,Desiderio,Torre,74621
74622,466250750,Fabricio,Jordan,74622
74623,556898625,Josep,Guzman,74623
74624,194517265,Dionisio,Rosello,74624
74625,511588583,Alma,Uribe,74625
74626,773581875,Renato,Barcena,74626
74627,710370616,Reinaldo,Abad,74627
74628,667449638,Isa,Palomino,74628
74629,261868929,Arcelia,Muro,74629
74630,537152131,Severino,Sastre,74630
74631,400562500,Otilia,Gras,74631
74632,125356535,Erasmo,Ballesteros,74632
74633,887046661,Rosalinda,Raya,74633
74634,732478430,Jacinto,Carro,74634
74635,722075002,Viviana,Antunez,74635
74636,348708788,Primitiva,Trillo,74636
74637,588720402,Luis Angel,Mugica,74637
74638,516624773,Alvaro,Comas,74638
74639,863641516,Carmelita,Iglesia,74639
74640,581959394,Fulgencio,Lozano,74640
74641,156923586,Zaira,Diez,74641
74642,447055304,Salome,Martinez,74642
74643,481068815,Loida,Bernat,74643
74644,820086126,Bernabe,Bolanos,74644
74645,563599230,Teodoro,Miguel,74645
74646,667426382,Angelina,Tamarit,74646
74647,870701822,Nazario,Madrigal,74647
74648,342427410,Gerardo,Bertran,74648
74649,935301579,Herminia,Vilaplana,74649
74650,519352397,Asuncion,Viana,74650
74651,163356521,Edelmiro,Royo,74651
74652,626835712,Encarnacion,Hurtado,74652
74653,624036637,Yaiza,Alba,74653
74654,585162708,Aura,Rueda,74654
74655,323396343,Priscila,Moya,74655
74656,387283462,Jose Ignacio,Nebot,74656
74657,674440087,Dulce,Serrano,74657
74658,175711596,Emigdio,Busquets,74658
74659,938682595,Pia,Miguel,74659
74660,300914025,Leonardo,Roldan,74660
74661,410723001,Fortunata,Alarcon,74661
74662,605119318,Teresa,Rocamora,74662
74663,730582898,Lucas,Bolanos,74663
74664,507765704,Anita,Hurtado,74664
74665,431341957,Rodrigo,Font,74665
74666,685346206,Leyre,Trillo,74666
74667,256377438,Fidel,Blanch,74667
74668,729835102,Bernabe,Puig,74668
74669,107769939,Visitacion,Aragones,74669
74670,733944977,Silvestre,Roura,74670
74671,585133153,Josefina,Amores,74671
74672,161666634,Camila,Dominguez,74672
74673,524738633,Emperatriz,Pont,74673
74674,946198407,Teodora,Boada,74674
74675,628857012,Ainoa,Madrigal,74675
74676,215585654,Josefina,Trillo,74676
74677,249618828,Odalis,Morera,74677
74678,924199084,Toribio,Tena,74678
74679,898444308,Hector,Mendez,74679
74680,559866192,Vanesa,Cabanas,74680
74681,974963697,Andres,Vigil,74681
74682,203851343,Manola,Dominguez,74682
74683,293325544,Estefania,Ojeda,74683
74684,964907533,Patricio,Arranz,74684
74685,233964554,Jose Luis,Vallejo,74685
74686,959296956,Victor Manuel,Linares,74686
74687,700259237,Marc,Gimenez,74687
74688,934387835,Pablo,Mendizabal,74688
74689,418483532,Mercedes,Saez,74689
74690,116585011,Santiago,Barbera,74690
74691,326617743,Encarnacion,Beltran,74691
74692,995271089,Nazario,Padilla,74692
74693,255667533,Paulina,Montalban,74693
74694,591594874,Esperanza,Vilar,74694
74695,481527072,Javiera,Garcia,74695
74696,520228324,Salvador,Manzanares,74696
74697,687327320,Edmundo,Moya,74697
74698,195807876,Salomon,Arino,74698
74699,753694207,Teofila,Collado,74699
74700,138018908,Ezequiel,Figueroa,74700
74701,769265452,Luciana,Sanz,74701
74702,580493792,Narciso,Vara,74702
74703,553490712,Mariano,Blanes,74703
74704,850354461,Cristian,Granados,74704
74705,187462296,Balduino,Real,74705
74706,935703714,Socorro,Palmer,74706
74707,100564652,Lourdes,Carlos,74707
74708,147730143,Dorotea,Cal,74708
74709,697623293,Aurea,Duarte,74709
74710,819467433,Claudia,Narvaez,74710
74711,979552938,Jonatan,Llamas,74711
74712,419264483,Maricela,Nogueira,74712
74713,541210015,Adelia,Mas,74713
74714,630897681,Balduino,Salmeron,74714
74715,942453679,Tatiana,Suarez,74715
74716,856349896,Primitivo,Duque,74716
74717,474540922,Andres Felipe,Diez,74717
74718,850575621,Maxi,Mari,74718
74719,272792391,Luciana,Sola,74719
74720,776543819,Marcia,Pablo,74720
74721,647811314,Gaspar,Delgado,74721
74722,202475248,Edu,Caparros,74722
74723,522120823,Pastora,Baeza,74723
74724,512411427,Gloria,Esteban,74724
74725,635803227,Leon,Vinas,74725
74726,794726397,Eloisa,Luque,74726
74727,825028769,Nereida,Vargas,74727
74728,518065045,Rosaura,Samper,74728
74729,639301571,Valerio,Yuste,74729
74730,976098735,Concha,Coll,74730
74731,194654512,Gustavo,Mata,74731
74732,630519390,Olegario,Asensio,74732
74733,255110333,Primitiva,Cifuentes,74733
74734,798969102,Carolina,Almeida,74734
74735,812771123,Maxima,Gargallo,74735
74736,588092253,Alberto,Badia,74736
74737,529553270,Toribio,Arenas,74737
74738,244054231,Eliseo,Tello,74738
74739,180975217,Bernardita,Hernando,74739
74740,319185457,Marcela,Simo,74740
74741,126315716,Barbara,Castaneda,74741
74742,883428618,Ascension,Mancebo,74742
74743,617040874,Geronimo,Castro,74743
74744,385498489,Gabriel,Calderon,74744
74745,198473063,Cecilia,Casanovas,74745
74746,979865442,Roldan,Cardenas,74746
74747,489349587,Horacio,Pallares,74747
74748,486704955,Eva Maria,Tello,74748
74749,397460812,Ana Sofia,Sandoval,74749
74750,392669284,Rene,Navarrete,74750
74751,918093621,Agueda,Puerta,74751
74752,381045201,Esperanza,Barranco,74752
74753,978026548,Jose,Bas,74753
74754,337141600,Manuel,Ojeda,74754
74755,884002246,Wilfredo,Rio,74755
74756,840875115,Evelia,Menendez,74756
74757,557156770,Ceferino,Carrera,74757
74758,523364953,Visitacion,Araujo,74758
74759,660758184,Amada,Asenjo,74759
74760,649440666,Encarna,Pablo,74760
74761,798466597,Abraham,Alberola,74761
74762,467315563,Calisto,Badia,74762
74763,385027063,Raul,Olmedo,74763
74764,756071474,Galo,Prada,74764
74765,283404628,Perlita,Nebot,74765
74766,839649495,Maximiano,Sola,74766
74767,310223729,Toribio,Duenas,74767
74768,818177727,Sosimo,Llobet,74768
74769,653501610,Selena,Escolano,74769
74770,286580828,Micaela,Ramis,74770
74771,357342919,Anastasio,Galvan,74771
74772,435001626,Javier,Cortina,74772
74773,243632177,Arcelia,Blanch,74773
74774,743491236,Albino,Gibert,74774
74775,534944677,Octavio,Adan,74775
74776,977293007,Dolores,Bayona,74776
74777,422002973,Alicia,Taboada,74777
74778,502944891,Marcela,Rozas,74778
74779,494244618,Jose Angel,Cabello,74779
74780,378067424,Marcelo,Mayol,74780
74781,502169510,Ruperta,Sola,74781
74782,869854239,Urbano,Moraleda,74782
74783,194930597,Gil,Carlos,74783
74784,800764571,Malena,Cabanas,74784
74785,252161476,Isidora,Pino,74785
74786,391062604,Julieta,Valenciano,74786
74787,917450905,Visitacion,Conesa,74787
74788,754389197,Encarnita,Luque,74788
74789,950805304,Eva,Navas,74789
74790,264734519,Sabas,Sosa,74790
74791,222416220,Candida,Posada,74791
74792,572702876,Isaura,Gallego,74792
74793,551080268,Jose Luis,Alegre,74793
74794,469482628,Agueda,Donoso,74794
74795,687959677,Moises,Poza,74795
74796,110297314,Narciso,Porras,74796
74797,817661064,Aitana,Sales,74797
74798,393754419,Bernarda,Mendez,74798
74799,119006834,Angelino,Melero,74799
74800,824641471,Isidro,Sedano,74800
74801,632764650,Caridad,Recio,74801
74802,472415614,Marina,Hernandez,74802
74803,331572479,Victor,Mari,74803
74804,741488313,Heliodoro,Diez,74804
74805,595784513,Angelica,Guerra,74805
74806,704584073,Fito,Luz,74806
74807,992545628,Dora,Vaquero,74807
74808,754482702,Oscar,Aparicio,74808
74809,789688551,Pancho,Baron,74809
74810,437289135,Carina,Morell,74810
74811,502966622,Alonso,Jaume,74811
74812,989160036,Pascual,Leiva,74812
74813,710003891,Dario,Calvet,74813
74814,499173715,Esmeralda,Vidal,74814
74815,467581051,Regulo,Vidal,74815
74816,372579886,Encarnacion,Blanes,74816
74817,119260075,Oscar,Gargallo,74817
74818,607879369,Lina,Contreras,74818
74819,598564255,Ainoa,Villalonga,74819
74820,356908473,Jacobo,Taboada,74820
74821,940951398,Adalberto,Verdejo,74821
74822,600341283,Maria Jose,Egea,74822
74823,367846694,Hilario,Calzada,74823
74824,261542307,Alex,Cantero,74824
74825,840164767,Lorena,Tenorio,74825
74826,206952019,Efrain,Aguilera,74826
74827,243723924,Celia,Llanos,74827
74828,318216942,Sabina,Espanol,74828
74829,853568294,Teofila,Manrique,74829
74830,416556521,Raquel,Posada,74830
74831,686388410,Erasmo,Bayona,74831
74832,445335841,Cecilia,Palacio,74832
74833,492218025,Ligia,Dominguez,74833
74834,524994624,Francisca,Fiol,74834
74835,865176771,Eligia,Juarez,74835
74836,703711353,Heriberto,Bermudez,74836
74837,935279768,Ruperta,Campoy,74837
74838,418518049,Angela,Carrillo,74838
74839,100313953,Maria Pilar,Lucas,74839
74840,233475430,Emilia,Olivera,74840
74841,627229832,Rosenda,Llano,74841
74842,986096038,Nilo,Pablo,74842
74843,950273012,Felicidad,Pujol,74843
74844,476605446,Mar,Andres,74844
74845,166689813,Hernan,Bernal,74845
74846,771826702,Victorino,Orozco,74846
74847,222985685,Cristian,Perera,74847
74848,599100304,Sosimo,Serna,74848
74849,209420257,Hector,Plana,74849
74850,219479529,Dionisia,Vera,74850
74851,763877248,Amaya,Cerda,74851
74852,135644544,Pablo,Cobo,74852
74853,125750837,Rosa,Martinez,74853
74854,488926287,Imelda,Real,74854
74855,245243347,Salvador,Guerrero,74855
74856,412392064,Geraldo,Haro,74856
74857,369210605,Carina,Garriga,74857
74858,894825643,Belen,Riba,74858
74859,534719745,Vera,Galan,74859
74860,876048493,Ramiro,Velez,74860
74861,222087439,Dan,Nogues,74861
74862,198748867,Clemente,Iriarte,74862
74863,788698587,Antonio,Barragan,74863
74864,675545482,Anselma,Ribera,74864
74865,796634494,Adelardo,Porras,74865
74866,778751280,Albina,Costa,74866
74867,451418139,Pelayo,Armengol,74867
74868,947910506,Inmaculada,Carrasco,74868
74869,597786451,Horacio,Villa,74869
74870,330067617,Sol,Pinol,74870
74871,695978050,Sonia,Franch,74871
74872,623902694,Felipa,Beltran,74872
74873,561382128,Adelardo,Marti,74873
74874,768264052,Rosalia,Nogues,74874
74875,999320153,Jose Antonio,Reguera,74875
74876,540952451,Placido,Salom,74876
74877,714250466,Celestino,Zabaleta,74877
74878,629582502,Segismundo,Arribas,74878
74879,621820036,Manuelita,Vall,74879
74880,559179235,Bernardo,Bartolome,74880
74881,159584674,Olimpia,Palomino,74881
74882,806216704,Nicodemo,Blanca,74882
74883,232456429,Sandalio,Escalona,74883
74884,812993612,Basilio,Colomer,74884
74885,602819737,Ceferino,Fuentes,74885
74886,210817823,Asuncion,Guillen,74886
74887,357500164,Arturo,Noriega,74887
74888,375207992,Humberto,Jerez,74888
74889,955492486,Teodora,Real,74889
74890,656207179,Elias,Valle,74890
74891,383190268,Griselda,Vargas,74891
74892,321758484,Adelaida,Mascaro,74892
74893,262622035,Jeremias,Bayo,74893
74894,574742475,Felipa,Acosta,74894
74895,687124215,Federico,Botella,74895
74896,483834465,Eustaquio,Vall,74896
74897,455390400,Haydee,Miralles,74897
74898,746719025,Remigio,Aroca,74898
74899,944276987,Adora,Bernal,74899
74900,807764786,Gema,Torrecilla,74900
74901,718439279,Marisol,Andres,74901
74902,364618231,Maura,Reyes,74902
74903,702977133,Joan,Agustin,74903
74904,553033893,Vanesa,Saenz,74904
74905,749271034,Aura,Ortuno,74905
74906,185787267,Ovidio,Rivas,74906
74907,455544711,Rocio,Solano,74907
74908,592192133,Teodora,Bernal,74908
74909,738999794,Fabricio,Reina,74909
74910,243711322,Angela,Carvajal,74910
74911,801663703,Amor,Dominguez,74911
74912,194807366,Dora,Arias,74912
74913,573498425,Reynaldo,Casal,74913
74914,685616078,Nando,Bonilla,74914
74915,551398917,Tiburcio,Olive,74915
74916,731812480,Ainara,Fernandez,74916
74917,340852153,Reyna,Amores,74917
74918,531150806,Amarilis,Roma,74918
74919,233138356,Godofredo,Alfonso,74919
74920,970596210,Iban,Escudero,74920
74921,840033738,Cleto,Haro,74921
74922,996800133,Jeremias,Cerezo,74922
74923,959712044,Petrona,Aramburu,74923
74924,453780330,Lupita,Vargas,74924
74925,446386838,Noelia,Maza,74925
74926,565352328,Isaac,Pedraza,74926
74927,655129518,Inigo,Neira,74927
74928,148707593,Moreno,Merino,74928
74929,154263672,Felisa,Mur,74929
74930,850557789,Amanda,Mendizabal,74930
74931,686235136,Elena,Pina,74931
74932,554321504,Diana,Arrieta,74932
74933,731163447,Daniela,Penas,74933
74934,602190900,Mohamed,Diaz,74934
74935,626599531,Malena,Cervera,74935
74936,264440046,Maria,Simo,74936
74937,889147632,Isaura,Valdes,74937
74938,762535034,Consuelo,Saura,74938
74939,764160168,Nilo,Bosch,74939
74940,438411725,Gloria,Oliver,74940
74941,547893681,Soraya,Varela,74941
74942,738179871,Tamara,Pera,74942
74943,971540083,Felicia,Orozco,74943
74944,492306892,Santiago,Zapata,74944
74945,502808530,Georgina,Ariza,74945
74946,579758615,Roldan,Gomez,74946
74947,435670746,Lupe,Morante,74947
74948,275709150,Custodio,Manzanares,74948
74949,867742017,Jose,Colomer,74949
74950,122822974,Loida,Sobrino,74950
74951,542804194,Pio,Franch,74951
74952,260884447,Abril,Ariza,74952
74953,676719176,Teodora,Llanos,74953
74954,202408772,Paloma,Mur,74954
74955,223383432,Anselmo,Solsona,74955
74956,339168844,Abilio,Seco,74956
74957,152173795,Anita,Acosta,74957
74958,113888779,Maximiliano,Pelayo,74958
74959,260491867,Francisco Javier,Silva,74959
74960,611482982,Jessica,Fabra,74960
74961,876955579,Marita,Rebollo,74961
74962,582591661,Dalila,Duran,74962
74963,189126115,Maria Belen,Pelaez,74963
74964,184922020,Severiano,Aranda,74964
74965,580384000,Nicolasa,Amo,74965
74966,278967861,Rodrigo,Sanchez,74966
74967,633674196,Julia,Camacho,74967
74968,545531720,Andrea,Alcazar,74968
74969,972302195,Viviana,Bello,74969
74970,547093199,Jose Antonio,Revilla,74970
74971,492637627,Leonardo,Planas,74971
74972,251352155,Marcia,Zamora,74972
74973,143082762,Rosalva,Gomez,74973
74974,384298937,Anunciacion,Carreras,74974
74975,138810332,Marcia,Rueda,74975
74976,818559841,Pastora,Miralles,74976
74977,524664477,Jessica,Torralba,74977
74978,232488902,Lilia,Fortuny,74978
74979,769336869,Fabiana,Urena,74979
74980,812466439,Angelina,Becerra,74980
74981,735566561,Bernarda,Higueras,74981
74982,245682160,Josep,Munoz,74982
74983,358950696,Abigail,Pages,74983
74984,891856482,Palmira,Sureda,74984
74985,841794599,Pio,Gras,74985
74986,279734885,Lino,Lujan,74986
74987,501277362,Florencia,Aguado,74987
74988,948630243,Coral,Martin,74988
74989,580458344,Toribio,Capdevila,74989
74990,275274282,Aitana,Arnaiz,74990
74991,595326788,Rolando,Gutierrez,74991
74992,426429402,Mar,Gual,74992
74993,863153486,Nidia,Pineda,74993
74994,846503756,Nacho,Mesa,74994
74995,680243518,Teofila,Lobo,74995
74996,737540868,Curro,Salazar,74996
74997,560820229,Benigno,Galindo,74997
74998,190510993,Dominga,Valle,74998
74999,746536751,Pastora,Olivera,74999
75000,760515447,Itziar,Criado,75000
75001,819745173,Candido,Millan,75001
75002,939530706,Nacio,Saavedra,75002
75003,515540652,Jeronimo,Sabater,75003
75004,300437995,Rosario,Valderrama,75004
75005,312216205,Maria Belen,Lumbreras,75005
75006,118066713,Telmo,Prieto,75006
75007,324957133,Bernardo,Carrasco,75007
75008,202593983,Leonor,Marquez,75008
75009,453024549,Abril,Elorza,75009
75010,347973677,Daniel,Tapia,75010
75011,723846110,Trinidad,Suarez,75011
75012,430047296,Maricela,Amador,75012
75013,628362029,Roberta,Mariscal,75013
75014,529658731,Sebastian,Martin,75014
75015,995500796,Sabas,Gabaldon,75015
75016,731232922,Miguel,Llorens,75016
75017,194354242,Sabas,Acero,75017
75018,365812379,Ignacia,Rio,75018
75019,819509539,Joaquina,Esteve,75019
75020,955552791,Leoncio,Prats,75020
75021,295911608,Jonatan,Pi,75021
75022,197325726,Nadia,Yanez,75022
75023,717858093,Jose Angel,Davila,75023
75024,904571371,Carlos,Bernal,75024
75025,607138677,Alicia,Mercader,75025
75026,656204230,Venceslas,Pazos,75026
75027,549846227,Jose Ramon,Casanova,75027
75028,600439926,Hilario,Losa,75028
75029,274736466,Anabel,Domenech,75029
75030,353924575,Evita,Castello,75030
75031,832558135,Lupe,Montesinos,75031
75032,840015241,Coral,Benito,75032
75033,444780295,Modesto,Priego,75033
75034,795872894,Eligia,Garcia,75034
75035,356862563,Noelia,Gomez,75035
75036,906853876,Jacobo,Llorens,75036
75037,675818261,Vidal,Pareja,75037
75038,148096991,Ramona,Lorenzo,75038
75039,600803601,Guiomar,Pacheco,75039
75040,385285852,Fulgencio,Valencia,75040
75041,596245539,Lorena,Gelabert,75041
75042,356805820,Guadalupe,Fonseca,75042
75043,370552215,Donato,Iniesta,75043
75044,546266740,Alma,Barrera,75044
75045,748509963,Reyes,Cuellar,75045
75046,758663632,Demetrio,Sabater,75046
75047,705254987,Chita,Gisbert,75047
75048,719904512,Mohamed,Pina,75048
75049,381943318,Artemio,Asensio,75049
75050,379064506,Montserrat,Gordillo,75050
75051,514514276,Agata,Huguet,75051
75052,254197150,Aranzazu,Gallardo,75052
75053,180282429,Marco,Llano,75053
75054,671614729,Nereida,Serna,75054
75055,854186547,Ascension,Herrera,75055
75056,489186363,Cesar,Echeverria,75056
75057,798273189,Zaida,Sastre,75057
75058,688819755,Saturnino,Diez,75058
75059,911233053,Sabas,Abril,75059
75060,211268029,Emilio,Pons,75060
75061,385898742,Berto,Cobo,75061
75062,344402307,Olga,Losa,75062
75063,368302318,Nando,Velez,75063
75064,521020605,Tere,Diez,75064
75065,583721082,Maria Luisa,Bustos,75065
75066,224437823,Nicanor,Nunez,75066
75067,463212795,Lazaro,Pombo,75067
75068,953527584,Joaquin,Caro,75068
75069,543174554,Ainara,Falco,75069
75070,221647049,Gracia,Sastre,75070
75071,163571263,Marcial,Heredia,75071
75072,347996538,Francisca,Neira,75072
75073,421680574,Augusto,Gras,75073
75074,383566685,Ainoa,Anglada,75074
75075,527993414,Fulgencio,Cueto,75075
75076,447816127,Trinidad,Guitart,75076
75077,736370943,Nicolasa,Carranza,75077
75078,791444707,Magdalena,Segura,75078
75079,403686993,Apolinar,Dominguez,75079
75080,407907860,Cruz,Querol,75080
75081,920036111,Jonatan,Uria,75081
75082,125045643,Victoria,Palacio,75082
75083,894804615,Cruz,Iniesta,75083
75084,882457589,Nico,Cantero,75084
75085,697013424,Azeneth,Garcia,75085
75086,682380227,Alejandra,Tormo,75086
75087,101943101,Anastasio,Cerezo,75087
75088,853079886,Trini,Salcedo,75088
75089,311115052,Adora,Carreras,75089
75090,637347221,Marcia,Manrique,75090
75091,211182596,Dominga,Abril,75091
75092,150089245,Jaime,Palomino,75092
75093,607441139,Benita,Infante,75093
75094,400462539,Ruperto,Serna,75094
75095,556447816,Juan Carlos,Valcarcel,75095
75096,453842162,Mirta,Figuerola,75096
75097,165831705,Noemi,Buendia,75097
75098,857816125,Carlota,Cuesta,75098
75099,916302343,Edmundo,Nogues,75099
75100,944010177,Ana Belen,Fernandez,75100
75101,930004752,Chucho,Castilla,75101
75102,564906292,Eusebia,Cifuentes,75102
75103,856056410,Alfonso,Cruz,75103
75104,679649646,Ainoa,Sevilla,75104
75105,360769573,Eli,Palomar,75105
75106,413270150,Alicia,Jaen,75106
75107,231050826,Juan,Palau,75107
75108,608728784,Ramon,Maestre,75108
75109,269782304,Gabriela,Benitez,75109
75110,455159848,Clara,Zaragoza,75110
75111,282252523,Alcides,Pages,75111
75112,370883766,Jose Mari,Bermudez,75112
75113,124355645,Isaac,Palma,75113
75114,815207788,Cornelio,Tejero,75114
75115,670118832,Soraya,Cal,75115
75116,155422490,Angelina,Paez,75116
75117,792333687,Vito,Muro,75117
75118,468590844,Severo,Rey,75118
75119,668840737,Carmela,Hernandez,75119
75120,348685533,Jennifer,Angulo,75120
75121,754845125,Damian,Calderon,75121
75122,771724544,Cecilia,Paez,75122
75123,503919534,Iban,Carranza,75123
75124,509776252,Felicia,Nadal,75124
75125,412614052,Primitiva,Zorrilla,75125
75126,602304332,Agustin,Carranza,75126
75127,510968321,Maria Belen,Ropero,75127
75128,962088628,Juan Manuel,Cantero,75128
75129,555609219,Vicente,Palomo,75129
75130,753924226,Belen,Sole,75130
75131,134558117,Damian,Ropero,75131
75132,169043104,Candelaria,Mateos,75132
75133,533971690,Jose Luis,Pascual,75133
75134,535649661,Jose Luis,Botella,75134
75135,939384245,Cipriano,Torralba,75135
75136,838530254,Agustina,Ledesma,75136
75137,332879695,Socorro,Mas,75137
75138,994678634,Barbara,Simo,75138
75139,884604115,Ruy,Gimenez,75139
75140,995827133,Marcial,Sosa,75140
75141,272751529,Manuela,Rozas,75141
75142,210325349,Clarisa,Olmo,75142
75143,988615597,Isabela,Zapata,75143
75144,449040745,Federico,Huerta,75144
75145,676717529,Benigno,Morillo,75145
75146,795147663,Eleuterio,Acedo,75146
75147,589183011,Fidel,Perea,75147
75148,369705615,Walter,Casal,75148
75149,228496156,Guillermo,Ramirez,75149
75150,275136561,Amancio,Buendia,75150
75151,248271332,Arsenio,Cuellar,75151
75152,927290975,Ainoa,Jodar,75152
75153,841241290,Leire,Caceres,75153
75154,654912024,Roberta,Vall,75154
75155,537985458,Geronimo,Jara,75155
75156,611430482,Lupe,Seco,75156
75157,207017888,Rafael,Perez,75157
75158,536873941,Dulce,Agudo,75158
75159,926271143,Alondra,Tenorio,75159
75160,897493714,Jacinta,Quiros,75160
75161,393943153,Adrian,Anguita,75161
75162,621949597,Alonso,Sans,75162
75163,351371821,Paca,Bustamante,75163
75164,716958652,Pablo,Palacio,75164
75165,987186743,Natividad,Acevedo,75165
75166,744689811,Julio Cesar,Chaparro,75166
75167,628402990,Yessica,Castaneda,75167
75168,630047590,Primitiva,Noriega,75168
75169,115723917,Jorge,Tirado,75169
75170,149674837,Jacobo,Barrera,75170
75171,552372172,Santiago,Jordan,75171
75172,447073924,Gertrudis,Bonet,75172
75173,498230339,Adelia,Larrea,75173
75174,653597935,Flor,Tovar,75174
75175,281521722,Jose,Benavent,75175
75176,640122110,Carmelita,Ferrandez,75176
75177,266837543,Ezequiel,Ayala,75177
75178,153548949,Angelica,Tello,75178
75179,134706283,Obdulia,Vergara,75179
75180,334275621,Dario,Bilbao,75180
75181,685717053,Duilio,Portillo,75181
75182,690113532,Concha,Pol,75182
75183,544911513,Coral,Villar,75183
75184,544373663,Esperanza,Porras,75184
75185,119289532,Cebrian,Pujadas,75185
75186,591985324,Jessica,Serrano,75186
75187,242306532,Maria Jose,Otero,75187
75188,477436868,Geronimo,Carrasco,75188
75189,338242923,Anastasia,Cervantes,75189
75190,942665352,Aurora,Carro,75190
75191,910179460,Natalia,Montenegro,75191
75192,534412295,Caridad,Chaves,75192
75193,649868317,Dora,Jaume,75193
75194,811360506,Anselmo,Nunez,75194
75195,716198663,Zaira,Cepeda,75195
75196,576406558,Guillermo,Hervia,75196
75197,481380624,Enrique,Costa,75197
75198,246767722,Rosa,Belmonte,75198
75199,624370732,Agustina,Vilanova,75199
75200,810112317,Simon,Calvo,75200
75201,681078120,Natalio,Colomer,75201
75202,554743878,Victoriano,Tapia,75202
75203,249517414,Octavio,Acosta,75203
75204,592867713,Jose,Camacho,75204
75205,688593803,Melania,Aguila,75205
75206,812743711,Maria Belen,Palau,75206
75207,112122413,Jordana,Riera,75207
75208,990272608,Remedios,Mulet,75208
75209,242625905,Chelo,Leal,75209
75210,229856854,Dimas,Moraleda,75210
75211,961635718,Modesta,Coloma,75211
75212,147395446,Angela,Bermudez,75212
75213,707590057,Virginia,Batalla,75213
75214,255639941,Heriberto,Fuentes,75214
75215,701364736,Leandro,Sanmiguel,75215
75216,514808554,Amaya,Cervantes,75216
75217,864305346,Chita,Vila,75217
75218,868019083,Maxi,Yanez,75218
75219,948561500,Vilma,Alvarez,75219
75220,421000186,Juana,Rodrigo,75220
75221,915273384,Anastasia,Ledesma,75221
75222,424372023,Jacinto,Gallart,75222
75223,987150389,Faustino,Angel,75223
75224,294610990,Iris,Andrade,75224
75225,515648563,Ruben,Vilalta,75225
75226,300111386,Roldan,Bonilla,75226
75227,428715678,Purificacion,Gracia,75227
75228,160307607,Antonia,Bartolome,75228
75229,218006899,Roberto,Rey,75229
75230,977179646,Mamen,Solis,75230
75231,949003299,Cayetana,Blanes,75231
75232,523729378,Perlita,Hernando,75232
75233,867715750,Otilia,Ordonez,75233
75234,718989674,Laura,Tellez,75234
75235,651627217,Leocadia,Fernandez,75235
75236,367439862,Francisca,Barroso,75236
75237,723500214,Natividad,Macias,75237
75238,101657221,Felicidad,Acedo,75238
75239,957639870,Purificacion,Guillen,75239
75240,128089233,Luisa,Andrade,75240
75241,554612835,Jafet,Jerez,75241
75242,649647849,Seve,Linares,75242
75243,909202095,Constanza,Iniesta,75243
75244,655829637,Maximiliano,Rojas,75244
75245,589036531,Amaro,Aguilo,75245
75246,919836783,Juan Pablo,Baez,75246
75247,450261203,Ines,Castellanos,75247
75248,440596095,Ildefonso,Gibert,75248
75249,536266617,Josue,Palomares,75249
75250,672658434,Chema,Cal,75250
75251,240245270,Anna,Galan,75251
75252,308867735,Onofre,Viana,75252
75253,238856489,Marco,Camps,75253
75254,676807655,Fernanda,Salmeron,75254
75255,599088652,Juan Jose,Luque,75255
75256,517376808,Hortensia,Ugarte,75256
75257,702731254,Calista,Trillo,75257
75258,528031786,Celia,Barros,75258
75259,127829547,Leocadia,Carvajal,75259
75260,630815827,Anastasio,Guzman,75260
75261,699647311,Aurora,Mariscal,75261
75262,712459953,Ainara,Mayoral,75262
75263,421662059,Blanca,Benavides,75263
75264,492567145,Maria,Caro,75264
75265,408531461,Jose Ignacio,Pedrosa,75265
75266,907571551,Joaquina,Cueto,75266
75267,614423486,Vidal,Borras,75267
75268,755032344,Roman,Anaya,75268
75269,142537397,Estela,Zamorano,75269
75270,340101242,Elodia,Arnaiz,75270
75271,117968986,Samanta,Frutos,75271
75272,875150959,Carina,Sabater,75272
75273,220348263,Luis,Morera,75273
75274,980092209,Sol,Olive,75274
75275,465000292,Manuel,Roca,75275
75276,111395126,Telmo,Mendez,75276
75277,476165329,Valerio,Montserrat,75277
75278,657021638,Rosario,Mancebo,75278
75279,886963560,Jesus,Corominas,75279
75280,612242024,Calixta,Villena,75280
75281,153357346,Luisa,Novoa,75281
75282,459492797,Cruz,Castejon,75282
75283,985680245,Hermenegildo,Mariscal,75283
75284,731771468,Nicanor,Gascon,75284
75285,446477395,Jose Manuel,Arias,75285
75286,548437776,Isaura,Carretero,75286
75287,438347471,Isidro,Briones,75287
75288,437522309,Agata,Balaguer,75288
75289,371115542,Consuelo,Rico,75289
75290,415515012,Casemiro,Canet,75290
75291,556838029,Carlito,Gilabert,75291
75292,540207480,Ingrid,Vilanova,75292
75293,195867793,Lina,Baez,75293
75294,834503254,Magdalena,Lujan,75294
75295,191785293,Hilario,Benitez,75295
75296,496671336,Alma,Pedro,75296
75297,246354980,Rosalva,Gargallo,75297
75298,474760498,Lalo,Garcia,75298
75299,122951921,Asuncion,Cuadrado,75299
75300,786754744,Sofia,Porta,75300
75301,894619056,Miguel,Segarra,75301
75302,413969505,Micaela,Mosquera,75302
75303,437091896,Victorino,Solana,75303
75304,252872202,Petrona,Zapata,75304
75305,327047636,Mirta,Zamorano,75305
75306,915931580,Azucena,Rodrigo,75306
75307,568817084,Debora,Orozco,75307
75308,753685205,Wilfredo,Peiro,75308
75309,334470025,Heliodoro,Vicens,75309
75310,561472738,Sergio,Carpio,75310
75311,286474200,Pastor,Luque,75311
75312,468277169,Mamen,Gomis,75312
75313,382728649,Guadalupe,Haro,75313
75314,382017302,Francisco Jose,Solera,75314
75315,105030668,Lupe,Marino,75315
75316,920929494,Aurelia,Barba,75316
75317,497582990,Lucas,Pina,75317
75318,976421496,Jose Antonio,Salas,75318
75319,183970432,Jose Ignacio,Bertran,75319
75320,524202013,Ramona,Galan,75320
75321,776381688,Maria Pilar,Bru,75321
75322,674468364,Maria Belen,Vidal,75322
75323,605189127,Anna,Bru,75323
75324,182265971,Maricruz,Ortiz,75324
75325,628987629,Obdulia,Rodriguez,75325
75326,501842934,Regulo,Lopez,75326
75327,193419012,Jose Ignacio,Barranco,75327
75328,153268061,Bernardo,Beltran,75328
75329,935087689,Ezequiel,Neira,75329
75330,445872199,Eligio,Hoz,75330
75331,827342426,Patricio,Carnero,75331
75332,433837240,Maristela,Noriega,75332
75333,705123624,Amado,Quiroga,75333
75334,867248831,Gilberto,Escudero,75334
75335,950423335,Isaac,Gordillo,75335
75336,315890026,Fernando,Escribano,75336
75337,459294426,Rogelio,Domingo,75337
75338,318227337,Hilda,Riquelme,75338
75339,545086074,Lara,Reguera,75339
75340,267285143,Raimundo,Casals,75340
75341,372905474,Maria Luisa,Fabra,75341
75342,603889153,Jose Luis,Cabanillas,75342
75343,887953489,Nicanor,Lozano,75343
75344,585024542,Paco,Gutierrez,75344
75345,781715171,Lorena,Pacheco,75345
75346,129104033,Patricia,Rivas,75346
75347,585667664,Mayte,Ballester,75347
75348,113329715,Quirino,Vila,75348
75349,141388547,Eustaquio,Nunez,75349
75350,270686637,Florencia,Bautista,75350
75351,872139743,Florentino,Falcon,75351
75352,454903650,Anastasio,Paniagua,75352
75353,802348332,Felicia,Izquierdo,75353
75354,579410759,Dalila,Cervantes,75354
75355,214838801,Eva,Cadenas,75355
75356,535349930,Marisela,Escobar,75356
75357,940073916,Silvio,Saldana,75357
75358,759572222,Raul,Tomas,75358
75359,692225169,Maricela,Manzano,75359
75360,691019702,Teofilo,Jara,75360
75361,194414508,Norberto,Villalonga,75361
75362,722803516,Miguel Angel,Valverde,75362
75363,829200905,Ana,Vizcaino,75363
75364,562967196,Leticia,Escribano,75364
75365,557156655,Liliana,Pozo,75365
75366,625880543,Candela,Angel,75366
75367,513815063,Victorino,Casal,75367
75368,421304077,Ainara,Alfonso,75368
75369,572512883,Emiliana,Amat,75369
75370,981155691,Casandra,Guitart,75370
75371,384745525,Ester,Lloret,75371
75372,442043499,Candido,Tudela,75372
75373,574674847,Josep,Taboada,75373
75374,405113375,Lupita,Almagro,75374
75375,497097408,Narcisa,Valverde,75375
75376,731796704,Ale,Zaragoza,75376
75377,663171183,Danilo,Estevez,75377
75378,117547820,Leandra,Tena,75378
75379,303019681,Maria Manuela,Gimeno,75379
75380,586681634,Moises,Echeverria,75380
75381,958664919,Ernesto,Posada,75381
75382,205317061,Omar,Amores,75382
75383,566204228,Nicanor,Franco,75383
75384,378750159,Maristela,Ibarra,75384
75385,679668359,Prudencio,Nogues,75385
75386,218353967,Jose,Tolosa,75386
75387,247440746,Agustina,Patino,75387
75388,913410282,Leonardo,Priego,75388
75389,547219764,Claudio,Catala,75389
75390,240048543,Lorena,Amaya,75390
75391,124589071,Saturnino,Pineda,75391
75392,839595207,Reyes,Casado,75392
75393,563884766,Nereida,Figueras,75393
75394,910504851,Lola,Nieto,75394
75395,289568715,Manuela,Alfaro,75395
75396,213578819,Carolina,Pizarro,75396
75397,972361236,Celso,Puente,75397
75398,166444475,Arcelia,Alberdi,75398
75399,595591605,Leopoldo,Peral,75399
75400,327420682,Custodia,Azcona,75400
75401,691611422,Magdalena,Vazquez,75401
75402,349943684,Azucena,Caceres,75402
75403,882592423,Fabricio,Adadia,75403
75404,506045560,Africa,Leiva,75404
75405,625176159,Gabriela,Parra,75405
75406,716869031,Sigfrido,Abad,75406
75407,439569925,Pacifica,Valls,75407
75408,115611561,Ligia,Robledo,75408
75409,274051762,Maribel,Hierro,75409
75410,656560667,Adelina,Montalban,75410
75411,588845619,Yesica,Chaparro,75411
75412,224144353,Delfina,Pujadas,75412
75413,300851451,Hermenegildo,Barroso,75413
75414,631917355,Maximiliano,Vilar,75414
75415,145884676,Cristina,Garmendia,75415
75416,137713228,Marina,Varela,75416
75417,683000755,Sara,Carreras,75417
75418,186427110,Azahara,Lago,75418
75419,218574188,Samuel,Blasco,75419
75420,464820700,Almudena,Segarra,75420
75421,414543126,Lucila,Moreno,75421
75422,505021643,Eva,Palomares,75422
75423,307590929,Rosa,Gamez,75423
75424,839392708,Angel,Roma,75424
75425,633789430,Leandra,Ballester,75425
75426,709172509,Margarita,Quiroga,75426
75427,527725227,Mirta,Arenas,75427
75428,395024923,Modesta,Ballester,75428
75429,998238179,Agapito,Pinilla,75429
75430,761250237,Jesus,Baeza,75430
75431,981641012,Amado,Campillo,75431
75432,737551179,Cristian,Ferrera,75432
75433,452441894,Marita,Cabello,75433
75434,374016704,Emelina,Arroyo,75434
75435,844876151,Flavio,Almansa,75435
75436,341668584,Jaime,Acosta,75436
75437,456349407,Bibiana,Moya,75437
75438,687886274,Cosme,Lago,75438
75439,954949483,Graciela,Barragan,75439
75440,618334746,Catalina,Lumbreras,75440
75441,301400404,Nacio,Botella,75441
75442,778110387,Maristela,Fajardo,75442
75443,398049852,Rogelio,Prada,75443
75444,594173494,Primitivo,Salmeron,75444
75445,617016947,Rosa Maria,Pino,75445
75446,564391090,Sigfrido,Cuenca,75446
75447,530066208,Jose Ramon,Bustamante,75447
75448,127354424,Primitivo,Puig,75448
75449,110695231,Poncio,Ramirez,75449
75450,757646098,Fortunata,Mateos,75450
75451,446985293,Angeles,Castells,75451
75452,961091808,Lupe,Vilaplana,75452
75453,630466338,Pilar,Prat,75453
75454,391217886,Leoncio,Puente,75454
75455,259967590,Felipe,Jerez,75455
75456,755158974,Mireia,Oliva,75456
75457,183950470,Gilberto,Trillo,75457
75458,522572700,Angeles,Chico,75458
75459,206447696,Ignacia,Miguel,75459
75460,568974298,Walter,Canizares,75460
75461,173273307,Lourdes,Otero,75461
75462,703725379,Eva Maria,Romero,75462
75463,780001514,Victorino,Puente,75463
75464,421430695,Abril,Ruiz,75464
75465,418389074,Fidela,Benavides,75465
75466,648912987,Daniel,Luna,75466
75467,502245354,Andres Felipe,Perea,75467
75468,486369435,Leticia,Cobo,75468
75469,108899187,Carlito,Aleman,75469
75470,211093067,Reyes,Pi,75470
75471,206920521,Dora,Borrego,75471
75472,674476789,Quique,Soria,75472
75473,379396889,Elisabet,Busquets,75473
75474,400821583,Agata,Sarabia,75474
75475,613031524,Tatiana,Calzada,75475
75476,760642666,America,Abad,75476
75477,865539462,Jose Carlos,Escamilla,75477
75478,622805986,Concepcion,Santiago,75478
75479,985028346,Ascension,Ayllon,75479
75480,286436627,Romulo,Quero,75480
75481,310588529,Esmeralda,Perez,75481
75482,178415362,Yago,Iniesta,75482
75483,855162159,Georgina,Menendez,75483
75484,811648275,Plinio,Arribas,75484
75485,120946809,Anselmo,Mascaro,75485
75486,633167337,Maria Del Carmen,Manzanares,75486
75487,708456930,Celestino,Fonseca,75487
75488,697121672,Adoracion,Diez,75488
75489,432596294,Edelmira,Hervia,75489
75490,247139426,Fortunata,Carro,75490
75491,470687655,Aitana,Ferrando,75491
75492,139319003,Severiano,Company,75492
75493,331945520,Benjamin,Carvajal,75493
75494,252272644,Morena,Huerta,75494
75495,203804942,Amaya,Sanchez,75495
75496,246555977,Juan Bautista,Quintanilla,75496
75497,745793383,Sofia,Cortes,75497
75498,888551000,Consuela,Busquets,75498
75499,768273220,Dalila,Ponce,75499
75500,622789936,Leoncio,Barcelo,75500
75501,348654986,Juan,Mascaro,75501
75502,723882994,Ricarda,Soriano,75502
75503,417995967,Gertrudis,Torrent,75503
75504,537266622,Nacho,Llorente,75504
75505,264230634,Tomas,Mendez,75505
75506,781991133,Candido,Aznar,75506
75507,711274373,Catalina,Jordan,75507
75508,842467378,Reyna,Alcala,75508
75509,675944211,Ale,Bello,75509
75510,811233707,Curro,Martinez,75510
75511,975371839,Rolando,Minguez,75511
75512,334714323,Balduino,Aparicio,75512
75513,446149606,Anacleto,Boix,75513
75514,217152411,Glauco,Canovas,75514
75515,691481757,Rafaela,Flores,75515
75516,340121764,Maria Del Carmen,Conesa,75516
75517,229426909,Noemi,Bello,75517
75518,417846944,Irene,Mendez,75518
75519,230286594,Remigio,Torrijos,75519
75520,796715800,Palmira,Casas,75520
75521,560777914,Sabas,Caparros,75521
75522,411052131,Noemi,Donoso,75522
75523,583549412,Elena,Nicolas,75523
75524,579792854,Leonel,Diaz,75524
75525,948720214,Adelaida,Acedo,75525
75526,909800993,Encarnacion,Baron,75526
75527,132226133,America,Grau,75527
75528,841773901,Sol,Jodar,75528
75529,698337720,Cebrian,Flor,75529
75530,417216025,Borja,Pozuelo,75530
75531,719270527,Felipe,Vendrell,75531
75532,155916797,Elpidio,Cuadrado,75532
75533,886705278,Felix,Pavon,75533
75534,492962700,Maria Jose,Montoya,75534
75535,866043750,Guillermo,Morata,75535
75536,826292672,Ale,Miranda,75536
75537,100711843,Cesar,Toledo,75537
75538,712649877,Paloma,Rios,75538
75539,491835251,Prudencio,Agusti,75539
75540,854328355,Marcelino,Ferrer,75540
75541,623997702,Raul,Reig,75541
75542,780184258,Noemi,Cortina,75542
75543,178184637,Jesusa,Arteaga,75543
75544,194828603,Florencia,Rosa,75544
75545,481500958,Ovidio,Garcia,75545
75546,411571786,Ruy,Carrera,75546
75547,181513422,Lidia,Roman,75547
75548,831334484,Milagros,Alonso,75548
75549,932030753,Desiderio,Hoyos,75549
75550,855738184,Leticia,Alvarado,75550
75551,106918527,Irene,Blanes,75551
75552,824136170,Marita,Granados,75552
75553,910782875,Roberto,Gilabert,75553
75554,423543736,Cirino,Pol,75554
75555,993987405,Reina,Paniagua,75555
75556,843999288,Florencia,Gomez,75556
75557,362216999,Seve,Aguilar,75557
75558,444069196,Cornelio,Mas,75558
75559,249012643,Fabiana,Requena,75559
75560,560196698,Teresa,Toledo,75560
75561,305257263,Miriam,Enriquez,75561
75562,281263795,Noelia,Villar,75562
75563,283388906,Rodrigo,Arevalo,75563
75564,447814132,Fanny,Ibanez,75564
75565,426730317,Visitacion,Bustos,75565
75566,237018522,Zaira,Leon,75566
75567,172857238,Leticia,Carmona,75567
75568,260247778,Baudelio,Hoyos,75568
75569,943092419,Jeremias,Vilar,75569
75570,169301456,Carmela,Bartolome,75570
75571,876121365,Adriana,Llabres,75571
75572,533288955,Nilo,Criado,75572
75573,979727186,Ramona,Llobet,75573
75574,736027793,Virginia,Duenas,75574
75575,621096407,Susanita,Puga,75575
75576,524942006,Cloe,Bueno,75576
75577,303101581,Adora,Ferran,75577
75578,842788374,Ines,Yuste,75578
75579,446982105,Heraclio,Duran,75579
75580,543103939,Emperatriz,Jaume,75580
75581,889459812,Francisca,Parejo,75581
75582,996919430,Esperanza,Sala,75582
75583,601083842,Felicia,Guardiola,75583
75584,840051769,Sebastian,Casares,75584
75585,619098955,Carmen,Gibert,75585
75586,903923203,Inocencio,Marin,75586
75587,700975650,Agustin,Martinez,75587
75588,859309463,Soledad,Iniesta,75588
75589,297536645,Jose Miguel,Conde,75589
75590,536656924,Cornelio,Casanova,75590
75591,566180596,Nazaret,Mercader,75591
75592,723077551,Omar,Penas,75592
75593,353738542,Amelia,Alcantara,75593
75594,704119092,Francisco Javier,Tejera,75594
75595,606170797,Cristian,Baro,75595
75596,159842469,Mariano,Rio,75596
75597,122264314,Renato,Marino,75597
75598,657369795,Rafa,Palau,75598
75599,197794342,Chus,Penas,75599
75600,653183214,Kike,Muro,75600
75601,853979841,Cecilia,Bas,75601
75602,414614972,Aurea,Carreras,75602
75603,985353196,Amaya,Castilla,75603
75604,516073471,Lope,Muro,75604
75605,403628626,Ruperto,Rojas,75605
75606,242832647,Roque,Amat,75606
75607,998725874,Maxima,Carmona,75607
75608,394085240,Abraham,Riquelme,75608
75609,445079114,Ani,Bou,75609
75610,440034121,Cesar,Carlos,75610
75611,603519985,Modesta,Luna,75611
75612,826113171,Donato,Escribano,75612
75613,197690844,Moreno,Palomino,75613
75614,250149968,Viviana,Pineiro,75614
75615,461024847,Mateo,Mari,75615
75616,211539297,Pepita,Madrigal,75616
75617,941377474,Glauco,Julian,75617
75618,341771855,Alberto,Juarez,75618
75619,709788413,Azahar,Cabanas,75619
75620,549934852,Jacinta,Gras,75620
75621,697887369,Osvaldo,Riera,75621
75622,984107318,Domitila,Laguna,75622
75623,865571598,Jose Manuel,Donaire,75623
75624,624405278,Violeta,Aguila,75624
75625,416667282,Juan Jose,Manso,75625
75626,103915083,Jose Miguel,Perez,75626
75627,588550789,Emilia,Morante,75627
75628,202002972,Rosario,Fajardo,75628
75629,342254875,Cristian,Almagro,75629
75630,131402417,Graciano,Matas,75630
75631,154591434,Dionisio,Mata,75631
75632,257003762,Melania,Colom,75632
75633,583122483,Amaya,Valverde,75633
75634,737748461,Marcia,Pozuelo,75634
75635,109951681,Raul,Olive,75635
75636,352720393,Delfina,Hurtado,75636
75637,124497278,Gloria,Pablo,75637
75638,121981563,Dalila,Company,75638
75639,683402282,Rafaela,Acosta,75639
75640,944862303,Amarilis,Corominas,75640
75641,252715040,Celia,Lloret,75641
75642,714758027,Adolfo,Yuste,75642
75643,566857544,Paulino,Cerezo,75643
75644,368335555,Domingo,Herranz,75644
75645,761683556,Eva Maria,Badia,75645
75646,478867872,Manu,Penas,75646
75647,600148682,Adelia,Segarra,75647
75648,752844405,Isaura,Mas,75648
75649,864489074,Carlota,Romero,75649
75650,782263863,Santos,Vilaplana,75650
75651,206020039,Custodio,Correa,75651
75652,253900681,Remedios,Canovas,75652
75653,449964332,Custodia,Acosta,75653
75654,461075121,Odalys,Madrid,75654
75655,629985779,Nieves,Cardenas,75655
75656,892630780,Teresa,Aragones,75656
75657,935053680,Natalio,Rodriguez,75657
75658,482407972,Abraham,Collado,75658
75659,106391370,Marc,Cobos,75659
75660,682981635,Josep,Cortina,75660
75661,719761399,Evelia,Conesa,75661
75662,721345510,Noemi,Carpio,75662
75663,822802542,Roberta,Guitart,75663
75664,439728936,Rebeca,Posada,75664
75665,991345821,Encarna,Jerez,75665
75666,591343210,Consuela,Arnal,75666
75667,598680352,Odalis,Yuste,75667
75668,379918927,Clotilde,Contreras,75668
75669,887629585,Rafaela,Costa,75669
75670,363064520,Galo,Granados,75670
75671,711678854,Luisa,Cordero,75671
75672,553008842,Jimena,Canete,75672
75673,193137258,Coral,Camino,75673
75674,356179158,Pelayo,Palau,75674
75675,917029508,Barbara,Tolosa,75675
75676,141343985,Osvaldo,Briones,75676
75677,248389298,Barbara,Paez,75677
75678,544919097,Noemi,Benavente,75678
75679,639272416,Eligia,Querol,75679
75680,238479274,Jose,Manrique,75680
75681,473547264,Alex,Cisneros,75681
75682,634423064,Emilia,Luis,75682
75683,783442130,Ines,Pallares,75683
75684,403776860,Felicidad,Bueno,75684
75685,195486259,Olegario,Barba,75685
75686,360295938,Elisabet,Murillo,75686
75687,385884100,Aaron,Aranda,75687
75688,810963047,Consuela,Yuste,75688
75689,805255760,Angeles,Pujol,75689
75690,659347840,Trini,Macias,75690
75691,295021442,Macarena,Miranda,75691
75692,982886626,Rita,Puig,75692
75693,396810436,Juan Manuel,Duque,75693
75694,591579456,Ingrid,Cespedes,75694
75695,153235138,Edgar,Montalban,75695
75696,577275427,Eufemia,Batlle,75696
75697,605422587,Dafne,Guzman,75697
75698,949170401,Osvaldo,Aguado,75698
75699,378926949,Lourdes,Bonet,75699
75700,776505636,Ramona,Fabra,75700
75701,498591602,Ruperta,Arribas,75701
75702,166128995,Salvador,Vicens,75702
75703,267640234,Magdalena,Cuenca,75703
75704,183538337,Natividad,Zapata,75704
75705,619403218,Jacobo,Guijarro,75705
75706,783728178,Noa,Vera,75706
75707,783984728,Sergio,Conde,75707
75708,914027898,Dominga,Milla,75708
75709,118804679,Paula,Escribano,75709
75710,169381606,Heraclio,Gallart,75710
75711,670610437,Urbano,Guerra,75711
75712,620413928,Lorenzo,Alarcon,75712
75713,178278616,Aurora,Berrocal,75713
75714,775826129,Georgina,Soler,75714
75715,320889595,Anselmo,Valentin,75715
75716,459464966,Gloria,Tejero,75716
75717,882020728,Maria Carmen,Sierra,75717
75718,919704137,Hector,Valcarcel,75718
75719,192176868,Leocadio,Valero,75719
75720,378026720,Custodio,Rodrigo,75720
75721,809807262,Faustino,Sabater,75721
75722,369590902,Leon,Salmeron,75722
75723,290839913,Javi,Saez,75723
75724,535788443,Elisa,Merino,75724
75725,554642544,Francisco Jose,Lluch,75725
75726,737593130,Lorenzo,Roura,75726
75727,988378624,Adalberto,Gracia,75727
75728,731329100,Rosario,Lobato,75728
75729,203898951,Severo,Roldan,75729
75730,340735884,Lope,Rebollo,75730
75731,852998647,Adelia,Santamaria,75731
75732,786371024,Florencio,Ferran,75732
75733,934718110,Tere,Barcelo,75733
75734,511461478,Juan Luis,Ribera,75734
75735,383649076,Adela,Pinedo,75735
75736,247607932,Telmo,Amor,75736
75737,719106194,Marcial,Teruel,75737
75738,345871747,Reyes,Saldana,75738
75739,799495212,Marisol,Cueto,75739
75740,277631251,Gala,Huerta,75740
75741,412526582,Jeremias,Rebollo,75741
75742,221021849,Visitacion,Reig,75742
75743,916376885,Vilma,Lopez,75743
75744,532604049,Virgilio,Campos,75744
75745,589972180,Chus,Artigas,75745
75746,345199698,Anibal,Quesada,75746
75747,594925038,Simon,Pelaez,75747
75748,153567645,Teresa,Miranda,75748
75749,696788699,Gaston,Echevarria,75749
75750,714536139,Rita,Rozas,75750
75751,933120125,Victorino,Cortes,75751
75752,395638610,Trinidad,Soria,75752
75753,654311182,Atilio,Tellez,75753
75754,799693450,Alberto,Gimenez,75754
75755,397481673,Marcelino,Blanes,75755
75756,713624049,Isidoro,Guardiola,75756
75757,827518772,Ricardo,Carro,75757
75758,269896376,Isidro,Urrutia,75758
75759,714991556,Luz,Rodriguez,75759
75760,742619816,Emperatriz,Muniz,75760
75761,518348125,Soledad,Villa,75761
75762,485217616,Leire,Donoso,75762
75763,755987859,Rolando,Herrera,75763
75764,799994518,Almudena,Pallares,75764
75765,625075417,Berto,Carranza,75765
75766,927567841,Araceli,Tejada,75766
75767,268617644,Aurelia,Iglesias,75767
75768,330985195,Guadalupe,Segarra,75768
75769,349279293,Fernando,Canovas,75769
75770,673975769,Ricarda,Escolano,75770
75771,623194001,Berto,Moya,75771
75772,928584457,Simon,Caparros,75772
75773,399121234,Candido,Hervas,75773
75774,330166203,Anselma,Aguirre,75774
75775,953442977,Bibiana,Pardo,75775
75776,974920381,Efrain,Escobar,75776
75777,331911563,Eutropio,Ramis,75777
75778,453860641,Leandro,Redondo,75778
75779,379671236,Segismundo,Bautista,75779
75780,637233392,Trinidad,Sabater,75780
75781,370507863,Rosa Maria,Ayuso,75781
75782,230707401,Dorotea,Canas,75782
75783,448090332,Joan,Font,75783
75784,302360792,Dan,Font,75784
75785,519608617,Bernardo,Ferreras,75785
75786,269849467,Cesar,Baez,75786
75787,487123402,Vicenta,Gual,75787
75788,108082796,Jose Ramon,Pinol,75788
75789,240447799,Amor,Santamaria,75789
75790,194188391,Federico,Herranz,75790
75791,890540143,Iker,Arino,75791
75792,853704055,Tomasa,Jauregui,75792
75793,158279680,Manolo,Miguel,75793
75794,302624451,Magdalena,Segura,75794
75795,288886723,Omar,Coronado,75795
75796,200014471,Calisto,Benitez,75796
75797,429675674,Salvador,Jerez,75797
75798,203201486,Natividad,Solis,75798
75799,108331530,Sebastian,Almansa,75799
75800,692009971,Tatiana,Escamilla,75800
75801,986752553,Gabriel,Amador,75801
75802,424465398,Elisabet,Cabrera,75802
75803,899153299,Fernando,Saavedra,75803
75804,189102197,Porfirio,Moran,75804
75805,976719434,Baltasar,Cantero,75805
75806,142525966,Angel,Pages,75806
75807,526385526,Leandro,Izaguirre,75807
75808,209506388,Lucas,Madrigal,75808
75809,481899595,Amanda,Fuster,75809
75810,308690379,Jordi,Canete,75810
75811,290352137,Obdulia,Iglesias,75811
75812,407518504,Armando,Cabanas,75812
75813,930772793,Edu,Morell,75813
75814,868036423,Carlota,Arcos,75814
75815,788163409,Jeremias,Miguel,75815
75816,715601370,Lorenza,Borja,75816
75817,869050104,Aranzazu,Barcena,75817
75818,930946306,Lilia,Mayoral,75818
75819,521918386,Diana,Tejero,75819
75820,763668523,Paola,Almagro,75820
75821,132881368,Manola,Torrent,75821
75822,344658451,Abraham,Belda,75822
75823,297988575,Espiridion,Lucena,75823
75824,816804143,Ester,Terron,75824
75825,730291185,Raquel,Alvaro,75825
75826,601521485,Nazaret,Rebollo,75826
75827,345061618,Nicanor,Rovira,75827
75828,596842870,Victoria,Amoros,75828
75829,228295547,Fabiola,Mendizabal,75829
75830,565691351,Encarna,Mendez,75830
75831,338840547,Leonel,Pelayo,75831
75832,760418866,Hermenegildo,Priego,75832
75833,637665335,Carmelita,Canas,75833
75834,878598447,Cecilia,Vargas,75834
75835,856959736,Reyes,Valencia,75835
75836,666204261,Elodia,Blazquez,75836
75837,514951895,Yesica,Tovar,75837
75838,354851601,Eleuterio,Dalmau,75838
75839,870067174,Albina,Mas,75839
75840,383975574,Sergio,Otero,75840
75841,840334400,Jenaro,Enriquez,75841
75842,153210386,Nando,Gracia,75842
75843,692719186,Ignacia,Rosello,75843
75844,856457876,Liliana,Gimenez,75844
75845,729584539,Juanita,Pintor,75845
75846,354755914,Almudena,Arino,75846
75847,395146559,Hilda,Beltran,75847
75848,468204488,Teo,Saldana,75848
75849,282611372,Amor,Riera,75849
75850,627286049,Marcos,Canas,75850
75851,401766206,Matias,Jaume,75851
75852,104912023,Valentina,Barriga,75852
75853,712009649,Micaela,Tovar,75853
75854,766044845,Damian,Esparza,75854
75855,885505844,Roman,Canet,75855
75856,707241999,Amancio,Royo,75856
75857,709666352,Candelaria,Lucas,75857
75858,928851391,Tristan,Macias,75858
75859,552220608,Evangelina,Catalan,75859
75860,908665520,Natalio,Bou,75860
75861,986949051,Leandra,Solis,75861
75862,283315006,Aurelia,Andrade,75862
75863,876056240,Reina,Trujillo,75863
75864,132424802,Adelia,Crespi,75864
75865,933019518,Rosa,Soto,75865
75866,308841011,Amaya,Heredia,75866
75867,271074791,Pepito,Corominas,75867
75868,891302037,Ofelia,Mulet,75868
75869,667583442,Rosa Maria,Canovas,75869
75870,810927859,Lourdes,Sanmiguel,75870
75871,151560554,Eric,Palacio,75871
75872,906100835,Nazario,Girona,75872
75873,328703856,Primitivo,Zabaleta,75873
75874,247685920,Reinaldo,Acosta,75874
75875,180047953,Vinicio,Caparros,75875
75876,557000292,Javiera,Noguera,75876
75877,724134812,Rosa Maria,Munoz,75877
75878,156087709,Angelino,Pelaez,75878
75879,100613931,Adelardo,Pablo,75879
75880,154049657,Eugenia,Cabezas,75880
75881,879593308,Nando,Serrano,75881
75882,433529753,Eusebia,Pol,75882
75883,745466006,Cayetano,Tovar,75883
75884,426767659,Odalis,Canovas,75884
75885,272702046,Mar,Roura,75885
75886,362316569,Marisa,Lujan,75886
75887,659468603,Leocadia,Cerda,75887
75888,143230327,Calisto,Morales,75888
75889,191210077,Edgar,Castro,75889
75890,465314104,Viviana,Escriva,75890
75891,353756415,Narciso,Navarrete,75891
75892,746633922,Felix,Sevillano,75892
75893,378373627,Ester,Alberto,75893
75894,961630583,Lidia,Moya,75894
75895,906481620,Lorenzo,Paniagua,75895
75896,781535540,Itziar,Mate,75896
75897,440810964,Adrian,Zorrilla,75897
75898,734179042,Ale,Lerma,75898
75899,491004989,Flora,Castellanos,75899
75900,327098096,Borja,Araujo,75900
75901,901915039,Albino,Francisco,75901
75902,349289791,Gaspar,Baron,75902
75903,188072133,Atilio,Vinas,75903
75904,923553404,Carmela,Segarra,75904
75905,803075702,Sarita,Abascal,75905
75906,742894012,Anastasio,Ferreras,75906
75907,431401593,Roberto,Zorrilla,75907
75908,915885366,Lupita,Ros,75908
75909,450857764,Concepcion,Canete,75909
75910,945272028,Cesar,Quintanilla,75910
75911,619111256,Lucia,Anguita,75911
75912,712575306,Sebastian,Ayllon,75912
75913,996173494,Sara,Oller,75913
75914,197788948,Mauricio,Acero,75914
75915,540359807,Natanael,Montenegro,75915
75916,895839129,Salvador,Becerra,75916
75917,648218304,Marcio,Hierro,75917
75918,908052711,Maristela,Peiro,75918
75919,117688027,Adela,Peinado,75919
75920,940188072,Elias,Vinas,75920
75921,724565716,Nacho,Adan,75921
75922,171157048,Mayte,Luque,75922
75923,617978826,Africa,Bonilla,75923
75924,463439091,Adela,Huguet,75924
75925,824127040,Fanny,Urena,75925
75926,522871607,Diana,Mancebo,75926
75927,425771438,Atilio,Alcalde,75927
75928,234410879,Miguel Angel,Clavero,75928
75929,823204123,Patricio,Osuna,75929
75930,982959261,Isidro,Malo,75930
75931,631296003,Hector,Tello,75931
75932,839517710,Cirino,Duran,75932
75933,189360937,Josep,Espana,75933
75934,344443845,Reina,Angel,75934
75935,269609100,Joel,Moll,75935
75936,567913762,Ligia,Canizares,75936
75937,978331523,Dimas,Cardenas,75937
75938,303741889,Nicolasa,Izaguirre,75938
75939,127711717,Cesar,Pellicer,75939
75940,204930174,Pascuala,Nogueira,75940
75941,846442860,Azucena,Garmendia,75941
75942,101619357,Maria Luisa,Botella,75942
75943,231139990,Hugo,Ochoa,75943
75944,156537512,Luciana,Guijarro,75944
75945,409063173,Anastasio,Pulido,75945
75946,337286507,Roque,Azorin,75946
75947,213117200,Maria,Rosello,75947
75948,417847607,Climaco,Blazquez,75948
75949,785959130,Florencio,Carreno,75949
75950,836393882,Silvia,Julian,75950
75951,558485196,Dorotea,Rozas,75951
75952,329646082,Nando,Alvaro,75952
75953,901373085,Jose Luis,Pedro,75953
75954,619682447,Nacio,Vinas,75954
75955,234748633,Octavio,Ferrandez,75955
75956,559208514,Paulina,Borras,75956
75957,628257783,Victoria,Cabanillas,75957
75958,868715484,Pablo,Heredia,75958
75959,487663447,Adolfo,Galindo,75959
75960,267523975,Lupita,Sevilla,75960
75961,703321033,Duilio,Carvajal,75961
75962,132459919,Bruno,Montana,75962
75963,667991162,Estefania,Poza,75963
75964,267009778,Lucas,Suarez,75964
75965,347463334,Silvia,Amoros,75965
75966,296901342,Jesusa,Santiago,75966
75967,777594363,Juanita,Exposito,75967
75968,430717391,Isabela,Pla,75968
75969,129285555,Maria Luisa,Cano,75969
75970,198119187,Fabiana,Zurita,75970
75971,879216215,Simon,Uriarte,75971
75972,539116587,Ismael,Folch,75972
75973,337397088,Luisina,Gutierrez,75973
75974,934590621,Andres Felipe,Flores,75974
75975,568398084,Itziar,Carrillo,75975
75976,806920607,Violeta,Gonzalez,75976
75977,932263801,Marciano,Olmedo,75977
75978,654056024,Dafne,Ribera,75978
75979,732710319,Alicia,Camacho,75979
75980,472398346,Balduino,Molina,75980
75981,266944915,Curro,Melendez,75981
75982,933643175,Georgina,Tomas,75982
75983,408589571,Maximiliano,Ledesma,75983
75984,187463837,Nestor,Tomas,75984
75985,517131747,Jose Manuel,Valenciano,75985
75986,541831891,Ignacio,Donoso,75986
75987,425913773,Marc,Azcona,75987
75988,878339812,Rita,Bastida,75988
75989,104319461,Placido,Ferrer,75989
75990,413293359,Paola,Escolano,75990
75991,100580386,Martin,Castillo,75991
75992,528378846,Nacho,Nieto,75992
75993,287040918,Moreno,Rodenas,75993
75994,896494545,Roxana,Ariza,75994
75995,717464042,Maria Fernanda,Palmer,75995
75996,616698504,Olalla,Toledo,75996
75997,818114100,Luz,Valenciano,75997
75998,796280762,Jacobo,Calvet,75998
75999,488758412,Amaya,Aguilera,75999
76000,466924262,Olivia,Blanes,76000
76001,785362139,Asuncion,Gallego,76001
76002,407848058,Rebeca,Mata,76002
76003,797492093,Yolanda,Atienza,76003
76004,454988407,Luis Miguel,Lobo,76004
76005,456037170,Teresa,Zapata,76005
76006,487811176,Nicolas,Bru,76006
76007,674624813,Nuria,Rossello,76007
76008,172334088,Cesar,Isern,76008
76009,932467345,Lola,Nicolau,76009
76010,910531998,Adela,Benavent,76010
76011,592666454,Kike,Nunez,76011
76012,809541359,Teodosio,Tena,76012
76013,227625612,Rodolfo,Hervia,76013
76014,382989295,Isidora,Lastra,76014
76015,872649013,Lucho,Ferrera,76015
76016,210736453,Hipolito,Escribano,76016
76017,385164437,Ximena,Pastor,76017
76018,935145388,Nazaret,Cerdan,76018
76019,399867320,Nestor,Noguera,76019
76020,612069384,Rosenda,Martinez,76020
76021,316976171,Ivan,Mas,76021
76022,469370388,Febe,Torres,76022
76023,982956379,Pepe,Pera,76023
76024,972266975,Edu,Belmonte,76024
76025,556774014,Socorro,Villalonga,76025
76026,792950350,Manuelita,Barba,76026
76027,984503616,Lupe,Saez,76027
76028,325616315,Amelia,Viana,76028
76029,343924901,Tamara,Recio,76029
76030,717132333,Kike,Elorza,76030
76031,378418557,Micaela,Fernandez,76031
76032,334580263,Gabino,Feliu,76032
76033,362001223,Chucho,Amo,76033
76034,806742580,Brunilda,Ferran,76034
76035,273517999,Ildefonso,Canales,76035
76036,757492481,Herminio,Porcel,76036
76037,422558337,Celestina,Otero,76037
76038,258377739,Sarita,Guitart,76038
76039,347610419,Javi,Barrena,76039
76040,801642820,Regulo,Jover,76040
76041,358403535,Ignacia,Carpio,76041
76042,746286708,Moises,Godoy,76042
76043,981936996,Leoncio,Penas,76043
76044,376101844,Catalina,Saez,76044
76045,753849663,Nicanor,Arroyo,76045
76046,930289622,Bienvenida,Torrens,76046
76047,932010682,Josefa,Sanz,76047
76048,543561035,Chelo,Romero,76048
76049,874442872,Buenaventura,Vila,76049
76050,528210164,Amado,Cepeda,76050
76051,404921634,Regulo,Calzada,76051
76052,586889753,Albert,Vilalta,76052
76053,891908872,Selena,Goni,76053
76054,267690361,Camila,Ros,76054
76055,385518688,Chelo,Rico,76055
76056,966878059,Diana,Castell,76056
76057,207202409,Glauco,Carvajal,76057
76058,320846369,Chus,Benitez,76058
76059,954850453,Artemio,Canellas,76059
76060,774525088,Narcisa,Canton,76060
76061,266810762,Gracia,Polo,76061
76062,207253604,Rosendo,Hurtado,76062
76063,170303241,Elba,Alcolea,76063
76064,346574022,Curro,Teruel,76064
76065,409188401,Josep,Arias,76065
76066,483784602,Lupe,Mir,76066
76067,101984647,Luis Miguel,Lorenzo,76067
76068,582487796,Javiera,Tenorio,76068
76069,902201750,Geraldo,Galiano,76069
76070,273280275,Jose Antonio,Almansa,76070
76071,856013000,Ascension,Llorens,76071
76072,262805578,Nicanor,Rubio,76072
76073,321725714,Lupita,Valles,76073
76074,976402052,Perlita,Criado,76074
76075,778060780,Venceslas,Molina,76075
76076,510260519,Cleto,Gascon,76076
76077,339583295,Gala,Benito,76077
76078,662240663,Artemio,Galan,76078
76079,824806374,Luz,Riera,76079
76080,178572998,Genoveva,Aramburu,76080
76081,912188118,Eligia,Silva,76081
76082,555073561,Jordana,Serrano,76082
76083,595726866,Roman,Cobo,76083
76084,370847264,Alcides,Clavero,76084
76085,876479545,Valentina,Flores,76085
76086,998468029,Valentina,Hervas,76086
76087,779729391,Yaiza,Canas,76087
76088,832216233,Amilcar,Estrada,76088
76089,888491432,Cebrian,Sevillano,76089
76090,981226055,Graciana,Sarabia,76090
76091,604622977,Omar,Ibanez,76091
76092,341660212,Amor,Marin,76092
76093,426523537,Eliana,Sanjuan,76093
76094,637016232,Andres Felipe,Arevalo,76094
76095,982966529,Herberto,Jove,76095
76096,581069116,Adalberto,Hernandez,76096
76097,535841445,Amado,Querol,76097
76098,212357284,Gabriel,Salva,76098
76099,145238582,Cristina,Cerda,76099
76100,104075631,Melania,Diez,76100
76101,639007908,Hector,Nogueira,76101
76102,843484361,Chuy,Soria,76102
76103,697231234,Jose Manuel,Garay,76103
76104,444430823,Saturnina,Olive,76104
76105,275280427,Florentino,Cisneros,76105
76106,141914910,Caridad,Elorza,76106
76107,799152136,Anastasia,Espinosa,76107
76108,488746913,Azeneth,Miranda,76108
76109,811526133,Lourdes,Canete,76109
76110,688468615,Tono,Caro,76110
76111,537044423,Gloria,Camacho,76111
76112,454870651,Martirio,Barral,76112
76113,165213093,Emma,Aguado,76113
76114,255008586,Macario,Melero,76114
76115,699670210,Adriana,Valenzuela,76115
76116,507869092,Heriberto,Mulet,76116
76117,161860104,Celestino,Blazquez,76117
76118,160540527,Ale,Nevado,76118
76119,681154191,Dionisio,Alfonso,76119
76120,585582396,Plinio,Rueda,76120
76121,798218553,Plinio,Maldonado,76121
76122,732646906,Edelmiro,Clemente,76122
76123,174712409,Fausto,Valenzuela,76123
76124,244546745,Sol,Pinilla,76124
76125,219260127,Bernarda,Lluch,76125
76126,636595365,Kike,Barriga,76126
76127,796178859,Isidora,Haro,76127
76128,740501221,Martin,Grande,76128
76129,601314491,Cesar,Taboada,76129
76130,748565302,Amalia,Arnaiz,76130
76131,866091745,Gracia,Reyes,76131
76132,138023944,Heriberto,Mendoza,76132
76133,124471584,Luciana,Cuenca,76133
76134,68227800,Lorena,Jauregui,76134
76135,157616061,Nerea,Segovia,76135
76136,383700136,Javi,Peral,76136
76137,483330927,Rosenda,Canas,76137
76138,897428814,Arturo,Gallo,76138
76139,247672191,Iban,Lopez,76139
76140,139150019,Venceslas,Neira,76140
76141,538462950,Ciriaco,Naranjo,76141
76142,722723051,Carmelita,Zabaleta,76142
76143,788078273,Gala,Tejera,76143
76144,142322320,Jacobo,Roldan,76144
76145,279595436,Severo,Rozas,76145
76146,253615996,Victor Manuel,Sales,76146
76147,329112223,Francisco Jose,Iniesta,76147
76148,182496898,Guadalupe,Cozar,76148
76149,729823126,Martin,Vega,76149
76150,573026239,Leandra,Rius,76150
76151,226537113,Rocio,Sobrino,76151
76152,307142532,Simon,Marin,76152
76153,426014676,Salomon,Marques,76153
76154,630459111,Cesar,Linares,76154
76155,716363991,Julian,Pizarro,76155
76156,227375585,Damian,Arnaiz,76156
76157,208981508,Esther,Vicente,76157
76158,855235121,Rosario,Exposito,76158
76159,448061903,Tania,Hurtado,76159
76160,220935933,Conrado,Barcelo,76160
76161,405756129,Agueda,Marquez,76161
76162,479146221,Ignacia,Muro,76162
76163,450495800,Ariel,Romero,76163
76164,469374431,Alma,Camino,76164
76165,366751203,Teodosio,Ibanez,76165
76166,192096060,Alfonso,Villalba,76166
76167,532232884,Ana,Melero,76167
76168,217719509,Anastasio,Arana,76168
76169,577786076,Osvaldo,Corominas,76169
76170,720074565,Nerea,Company,76170
76171,642728784,Leire,Bas,76171
76172,937766492,Jordan,Lobo,76172
76173,775150615,Paola,Diaz,76173
76174,148579452,Jesusa,Barreda,76174
76175,126926812,Cosme,Casal,76175
76176,305648201,Julio,Riba,76176
76177,231303133,Prudencio,Lago,76177
76178,311757401,Tiburcio,Blazquez,76178
76179,102922261,Jose,Cerda,76179
76180,198126059,Patricia,Segovia,76180
76181,541611180,Carmela,Acevedo,76181
76182,208619298,Juan Jose,Benito,76182
76183,399435280,Manola,Segura,76183
76184,590057470,Porfirio,Chacon,76184
76185,363871398,Pascuala,Nogues,76185
76186,499323242,Cintia,Pozuelo,76186
76187,618196758,Valentin,Morera,76187
76188,580969126,Rodrigo,Valverde,76188
76189,637667215,Oriana,Abella,76189
76190,680999793,Prudencio,Pena,76190
76191,791423521,Luisina,Bustamante,76191
76192,890682929,Esther,Ibarra,76192
76193,939303977,Isaura,Sainz,76193
76194,334437698,Hernan,Amoros,76194
76195,309944289,Blanca,Vicens,76195
76196,909385545,Cristina,Pujol,76196
76197,232044959,Miguel Angel,Osorio,76197
76198,372940938,Saturnina,Villanueva,76198
76199,418183487,Luis,Busquets,76199
76200,768759862,Maria Cristina,Barbero,76200
76201,441146512,Celestina,Gil,76201
76202,502123036,Ofelia,Sanchez,76202
76203,198775883,Itziar,Fonseca,76203
76204,485508138,Manola,Leiva,76204
76205,879699427,Cirino,Crespo,76205
76206,795363718,Roxana,Peral,76206
76207,594682138,Cristobal,Nino,76207
76208,268478398,Luis Miguel,Infante,76208
76209,788823462,Gerardo,Cal,76209
76210,571137668,Clemente,Vergara,76210
76211,980014264,Gilberto,Torres,76211
76212,831326027,Nerea,Linares,76212
76213,982970953,Jose Antonio,Barriga,76213
76214,167304468,Alondra,Santamaria,76214
76215,585085582,Encarnacion,Galan,76215
76216,412638510,Manuela,Carrillo,76216
76217,915910551,Kike,Medina,76217
76218,747400853,Reinaldo,Belda,76218
76219,496792123,Consuela,Ripoll,76219
76220,635938086,Zacarias,Gutierrez,76220
76221,833555866,Gerardo,Enriquez,76221
76222,422606461,Silvestre,Ojeda,76222
76223,731574981,Elpidio,Duenas,76223
76224,627254767,Tere,Solana,76224
76225,804872597,Kike,Briones,76225
76226,211654767,Ernesto,Morante,76226
76227,304977980,Manolo,Valles,76227
76228,566676461,Emperatriz,Huguet,76228
76229,829059595,Angela,Ferrer,76229
76230,861453695,Dionisio,Guillen,76230
76231,655280129,Jacobo,Lasa,76231
76232,623154627,Palmira,Alcantara,76232
76233,374461627,Victoria,Parejo,76233
76234,989075258,Elias,Iborra,76234
76235,330294849,Crescencia,Hervas,76235
76236,239850811,Amando,Sanmartin,76236
76237,557312847,Silvio,Elorza,76237
76238,488394880,Rafaela,Amo,76238
76239,753248563,Jacinta,Puente,76239
76240,820555927,Josefa,Monreal,76240
76241,337512400,Amado,Boix,76241
76242,779871041,Tere,Tejedor,76242
76243,566199130,Felipa,Feliu,76243
76244,259154465,Magdalena,Sala,76244
76245,428568526,Victoria,Nicolau,76245
76246,973364045,Teobaldo,Marin,76246
76247,951128540,Isaias,Narvaez,76247
76248,859272019,Modesta,Mariscal,76248
76249,783705240,Chita,Aleman,76249
76250,656385928,Noemi,Catalan,76250
76251,832562243,Lina,Bravo,76251
76252,198778295,Mohamed,Torralba,76252
76253,636305640,Adora,Montesinos,76253
76254,908302108,Encarna,Cervantes,76254
76255,765784574,Sandalio,Benitez,76255
76256,897744492,Marcos,Cespedes,76256
76257,449742280,Martin,Querol,76257
76258,165332385,Abraham,Ariza,76258
76259,634430557,Elodia,Riquelme,76259
76260,307686962,Yaiza,Sandoval,76260
76261,465182727,Odalis,Talavera,76261
76262,719035498,Ricarda,Giner,76262
76263,106444843,Encarnacion,Villaverde,76263
76264,203333166,Mauricio,Sala,76264
76265,692485225,Otilia,Lluch,76265
76266,869371877,Omar,Amor,76266
76267,699098981,Nelida,Giralt,76267
76268,213985658,Danilo,Palomar,76268
76269,985117890,Piedad,Ricart,76269
76270,155502274,Geraldo,Figuerola,76270
76271,262356612,Marcial,Exposito,76271
76272,761037036,Iris,Arnal,76272
76273,247641062,Eric,Galan,76273
76274,154597108,Edmundo,Calvo,76274
76275,878429155,Sosimo,Plaza,76275
76276,251669233,Maxima,Falcon,76276
76277,591447993,Piedad,Pedrosa,76277
76278,657175816,Brunilda,Padilla,76278
76279,579353197,Maxi,Garces,76279
76280,978063963,Reyna,Codina,76280
76281,932526243,Ainoa,Tejada,76281
76282,937152836,Cipriano,Agullo,76282
76283,964532227,Cruz,Moran,76283
76284,520116941,Victor,Coello,76284
76285,825231448,Kike,Tamarit,76285
76286,967136085,Eutropio,Grau,76286
76287,229772240,Tere,Millan,76287
76288,842881966,Edelmira,Porta,76288
76289,286851014,Vanesa,Perales,76289
76290,232008118,Dan,Cazorla,76290
76291,184944831,Inmaculada,Marti,76291
76292,791103213,Etelvina,Barral,76292
76293,213257710,Severino,Llamas,76293
76294,549928168,Florentino,Ropero,76294
76295,512198217,Rosario,Castro,76295
76296,528036735,Erasmo,Heras,76296
76297,176584493,Felix,Lerma,76297
76298,577233445,Marcia,Cuesta,76298
76299,557016256,Florencio,Salvador,76299
76300,173516142,Atilio,Tello,76300
76301,671421838,Lupe,Manrique,76301
76302,831874160,Glauco,Portillo,76302
76303,628325508,Salomon,Montesinos,76303
76304,268911131,Camila,Llabres,76304
76305,521817336,Chema,Gomis,76305
76306,948058700,Corona,Reguera,76306
76307,643542340,Sandalio,Font,76307
76308,105126125,Etelvina,Mancebo,76308
76309,442158946,Pepita,Serna,76309
76310,268458564,Tania,Fiol,76310
76311,728714256,Loida,Vidal,76311
76312,350562559,Aurora,Pavon,76312
76313,660197500,Cecilia,Blanes,76313
76314,915760822,Isaura,Barrena,76314
76315,187492196,Ariel,Roig,76315
76316,146812958,Jimena,Buendia,76316
76317,407284518,Jacinto,Huerta,76317
76318,574171016,Sabas,Barrios,76318
76319,161213302,Nando,Sotelo,76319
76320,990723208,Tamara,Montenegro,76320
76321,375921689,Simon,Sancho,76321
76322,839005504,Julian,Calderon,76322
76323,724783994,Antonio,Nebot,76323
76324,956224590,America,Mendez,76324
76325,122026551,Mayte,Escudero,76325
76326,126232925,Atilio,Priego,76326
76327,616460801,Melisa,Manuel,76327
76328,918313285,Alberto,Tormo,76328
76329,776847743,Vilma,Escamilla,76329
76330,133728919,Felicidad,Caparros,76330
76331,449747656,Conrado,Canton,76331
76332,133788570,Camila,Nogues,76332
76333,260311721,Poncio,Samper,76333
76334,214523241,Arturo,Bonilla,76334
76335,570794253,Flor,Ribera,76335
76336,595011188,Luisina,Cid,76336
76337,154861272,Jorge,Contreras,76337
76338,954397122,Azahar,Feijoo,76338
76339,742749680,Vidal,Sedano,76339
76340,737937037,Eduardo,Pino,76340
76341,723076201,Lino,Zabala,76341
76342,491642748,Dario,Lobato,76342
76343,917622977,Josep,Morante,76343
76344,823725146,Evelia,Grande,76344
76345,163460718,Gisela,Porras,76345
76346,847273203,Victor,Ramon,76346
76347,966853166,Aitana,Romero,76347
76348,371097599,Candelario,Jodar,76348
76349,933139436,Pepe,Heras,76349
76350,420049916,Walter,Viana,76350
76351,791689722,Esteban,Rebollo,76351
76352,394131890,Mauricio,Lobo,76352
76353,838404526,Luis Angel,Valderrama,76353
76354,407657246,Ester,Arco,76354
76355,171521305,Palmira,Aguilar,76355
76356,907423893,Sebastian,Berenguer,76356
76357,459845260,Leonel,Benet,76357
76358,719043301,Ambar,Bauza,76358
76359,485715957,Alejandra,Abellan,76359
76360,917687858,Domingo,Acevedo,76360
76361,307700658,Jose Miguel,Llano,76361
76362,289969483,Juanita,Bernad,76362
76363,555432449,Natalio,Montserrat,76363
76364,980782378,Hugo,Macias,76364
76365,385079783,Angela,Dieguez,76365
76366,623272939,Reyna,Espinosa,76366
76367,200191030,Ruperto,Chacon,76367
76368,817906541,Jesus,Machado,76368
76369,713616442,Irma,Escobar,76369
76370,302977898,Telmo,Carbajo,76370
76371,714520907,Climaco,Paniagua,76371
76372,149410407,Alma,Hidalgo,76372
76373,165215929,Curro,Guillen,76373
76374,652850624,Tono,Pinedo,76374
76375,328738852,Alvaro,Farre,76375
76376,985913829,Vidal,Benavente,76376
76377,849377159,Aureliano,Cortes,76377
76378,405489027,Regina,Criado,76378
76379,393224869,Lupita,Crespi,76379
76380,860100216,Aurea,Flores,76380
76381,724521164,Tiburcio,Alonso,76381
76382,751667047,Azeneth,Gutierrez,76382
76383,865036939,Sigfrido,Nadal,76383
76384,923991371,Encarna,Baquero,76384
76385,419260264,Daniela,Gimenez,76385
76386,163548531,Luna,Palomo,76386
76387,568159097,Adelaida,Garate,76387
76388,871786491,Vicenta,Roldan,76388
76389,943633245,Jenaro,Riquelme,76389
76390,258300944,Loida,Correa,76390
76391,613406967,Walter,Cuadrado,76391
76392,388948635,Pelayo,Alvarado,76392
76393,474651096,Cesar,Mir,76393
76394,350627845,Socorro,Calzada,76394
76395,163114282,Aranzazu,Pinilla,76395
76396,327554815,Ceferino,Poza,76396
76397,526596249,Sara,Jordan,76397
76398,386049575,Mar,Tormo,76398
76399,997512532,Maria Angeles,Rio,76399
76400,795844518,Leocadia,Saavedra,76400
76401,769394741,German,Diaz,76401
76402,502491230,Adelaida,Robles,76402
76403,680335998,Merche,Pereira,76403
76404,154542109,Duilio,Godoy,76404
76405,741962222,Ingrid,Baeza,76405
76406,229213769,Eloy,Marin,76406
76407,824229913,Arsenio,Revilla,76407
76408,552403395,Ofelia,Canals,76408
76409,988184477,Sancho,Carbajo,76409
76410,622031482,Martina,Ramos,76410
76411,603075721,Olga,Sedano,76411
76412,630031119,Dario,Anguita,76412
76413,117765734,Yolanda,Nogues,76413
76414,718810601,Anselmo,Solera,76414
76415,687881504,Amador,Chacon,76415
76416,934904801,Nayara,Zorrilla,76416
76417,423876984,Atilio,Martin,76417
76418,766690913,Yessica,Benitez,76418
76419,353362366,Jose Manuel,Segarra,76419
76420,415888819,Pastora,Barreda,76420
76421,221170413,Josefa,Sanabria,76421
76422,579244228,Amor,Cabanas,76422
76423,816525550,Ernesto,Velazquez,76423
76424,808395596,Luisina,Salinas,76424
76425,518654036,Asdrubal,Corbacho,76425
76426,363044092,Ricarda,Cabo,76426
76427,658395450,Joan,Patino,76427
76428,738794543,Ricarda,Vigil,76428
76429,749417893,Trinidad,Rodrigo,76429
76430,515039068,Piedad,Agustin,76430
76431,134798329,Ariel,Campillo,76431
76432,252124115,Aranzazu,Ochoa,76432
76433,173569834,Elpidio,Verdu,76433
76434,572163245,Primitiva,Gallego,76434
76435,393474595,Vilma,Amador,76435
76436,111038773,Apolonia,Atienza,76436
76437,119604043,Edgardo,Pacheco,76437
76438,740861875,Pepita,Valero,76438
76439,889585396,Donato,Almeida,76439
76440,764202590,Florencio,Ayala,76440
76441,756715534,Herberto,Nicolas,76441
76442,646862504,Lara,Molins,76442
76443,421831345,Cipriano,Cepeda,76443
76444,443244682,Julio Cesar,Rodriguez,76444
76445,127493147,Toni,Piquer,76445
76446,880966323,Amanda,Pazos,76446
76447,329574800,Rene,Orozco,76447
76448,625568378,Maria Angeles,Camps,76448
76449,966137751,Dionisia,Font,76449
76450,175687979,Jeronimo,Mateo,76450
76451,208109497,Alvaro,Agullo,76451
76452,856020248,Estela,Mayoral,76452
76453,419679075,Maria Manuela,Carranza,76453
76454,700944932,Matilde,Moreno,76454
76455,696760049,Celia,Fuertes,76455
76456,561099098,Soraya,Cuenca,76456
76457,196922542,Eric,Perea,76457
76458,231549132,Jose Ignacio,Guillen,76458
76459,281827752,Vilma,Mendez,76459
76460,994683334,Paco,Bermejo,76460
76461,654273301,Natalia,Lamas,76461
76462,709946433,Florentino,Vilaplana,76462
76463,360139303,Donato,Castaneda,76463
76464,485579973,Regulo,Noriega,76464
76465,368078734,Santos,Serrano,76465
76466,372377932,Patricia,Iriarte,76466
76467,627926495,Noa,Madrigal,76467
76468,221303776,Pacifica,Miro,76468
76469,160264552,Edelmiro,Mulet,76469
76470,859168298,Ariadna,Armas,76470
76471,607671834,Abilio,Sanmiguel,76471
76472,745813130,Agustina,Montero,76472
76473,901593465,Jose Manuel,Garriga,76473
76474,257846910,Chus,Rovira,76474
76475,635070579,Olimpia,Giron,76475
76476,277987718,Rosario,Montesinos,76476
76477,393536170,Palmira,Jurado,76477
76478,250652653,Dionisio,Cano,76478
76479,253790134,Bernardita,Porras,76479
76480,372838338,Ana Belen,Batlle,76480
76481,920122588,Jose,Valdes,76481
76482,112461199,Sabina,Prats,76482
76483,132542947,Teobaldo,Rodenas,76483
76484,141105847,Teofila,Izquierdo,76484
76485,335647179,Vasco,Alarcon,76485
76486,571574483,Simon,Toledo,76486
76487,643414026,Teofila,Gordillo,76487
76488,360401215,Bernabe,Villalba,76488
76489,843928658,Loreto,Sarabia,76489
76490,336781094,Salomon,Pereira,76490
76491,167402703,Calixto,Cerro,76491
76492,971973318,Edgar,Vallejo,76492
76493,318063669,Rita,Paez,76493
76494,832795376,Santos,Tomas,76494
76495,568903321,Concepcion,Bueno,76495
76496,287753524,Andres,Domenech,76496
76497,647162097,Carmelita,Torre,76497
76498,149018197,Renato,Catala,76498
76499,384954008,Hugo,Alcantara,76499
76500,341856949,Leonor,Barrio,76500
76501,864486760,Salud,Mena,76501
76502,681591005,Glauco,Solsona,76502
76503,540360052,Bruno,Valero,76503
76504,793313199,Patricia,Azcona,76504
76505,460444822,Candela,Manjon,76505
76506,865088845,Tadeo,Baron,76506
76507,855317048,Maura,Bustamante,76507
76508,288710031,Herminia,Madrid,76508
76509,694552030,Buenaventura,Abascal,76509
76510,421719730,Nando,Salmeron,76510
76511,450353300,Candido,Nieto,76511
76512,341737517,Aitana,Mugica,76512
76513,510753008,Vinicio,Canellas,76513
76514,315643107,Reynaldo,Menendez,76514
76515,700862981,Marciano,Ferrero,76515
76516,693249386,Tono,Samper,76516
76517,228802095,Carlito,Millan,76517
76518,789447597,Viviana,Espada,76518
76519,664472694,Demetrio,Gordillo,76519
76520,359976139,Raul,Donoso,76520
76521,873386929,Albano,Catalan,76521
76522,252184252,Mario,Valls,76522
76523,926709977,Eloisa,Vidal,76523
76524,258945288,Nerea,Conesa,76524
76525,906524020,Flor,Carnero,76525
76526,341564148,Teofilo,Sarmiento,76526
76527,684525861,Hector,Sedano,76527
76528,299922991,Aranzazu,Vilalta,76528
76529,505340795,Herminia,Figueras,76529
76530,583275623,Jose Mari,Carreno,76530
76531,309098230,Rosario,Prada,76531
76532,213807656,Jose Manuel,Blasco,76532
76533,103367707,Daniela,Hoyos,76533
76534,367720890,Maxi,Polo,76534
76535,650716464,Nacho,Sebastian,76535
76536,156691140,Albert,Aragon,76536
76537,761070615,Manu,Baeza,76537
76538,233940382,Consuelo,Espejo,76538
76539,159166300,Borja,Casas,76539
76540,499272691,Luciano,Huerta,76540
76541,743550848,Amancio,Escriva,76541
76542,518872252,Faustino,Palomino,76542
76543,162664149,Silvia,Checa,76543
76544,186490155,Rosendo,Teruel,76544
76545,695206565,Roberta,Carballo,76545
76546,622407443,Celestino,Rios,76546
76547,134892296,Jose,Ochoa,76547
76548,256745685,Baldomero,Caro,76548
76549,975044818,Martin,Vilanova,76549
76550,255601610,Saturnino,Cabrero,76550
76551,170344387,Leandra,Belmonte,76551
76552,740503685,Yessica,Valenzuela,76552
76553,938036152,Paco,Roldan,76553
76554,339668536,Vicente,Rosell,76554
76555,191730253,Mamen,Rossello,76555
76556,679394446,Teresita,Montserrat,76556
76557,209904744,Sandalio,Carrion,76557
76558,638532778,Alex,Ballesteros,76558
76559,322556748,Florinda,Marquez,76559
76560,113803589,Agueda,Franch,76560
76561,280226332,Aitor,Malo,76561
76562,255090387,Marcelo,Lerma,76562
76563,131416449,Sandra,Jerez,76563
76564,421977636,Maria,Feijoo,76564
76565,741825902,Remedios,Folch,76565
76566,962778981,Remedios,Camps,76566
76567,845058943,Azucena,Segarra,76567
76568,783918254,Estefania,Solera,76568
76569,569223023,Yolanda,Carrillo,76569
76570,560164563,Marita,Izquierdo,76570
76571,191069775,Fortunata,Cobos,76571
76572,946960958,Rafa,Salva,76572
76573,337139704,Nerea,Vazquez,76573
76574,791481193,Ricarda,Alcaraz,76574
76575,844781463,Paco,Herrera,76575
76576,850840621,Emelina,Briones,76576
76577,991554686,Elisa,Quero,76577
76578,348146464,Custodio,Bas,76578
76579,168250686,Plinio,Pizarro,76579
76580,645568244,Miguela,Beltran,76580
76581,897820238,Teodoro,Zaragoza,76581
76582,666771916,Ani,Mas,76582
76583,916145422,Aroa,Coronado,76583
76584,628151240,Yesica,Zaragoza,76584
76585,464361341,Anabel,Rosado,76585
76586,405577790,Alvaro,Colom,76586
76587,481230949,Aurora,Gilabert,76587
76588,695908229,Jose Maria,Mascaro,76588
76589,518734109,Malena,Francisco,76589
76590,797927448,Noa,Pedraza,76590
76591,462332270,Joaquin,Carretero,76591
76592,657759554,Heliodoro,Goicoechea,76592
76593,843560836,Lupe,Oliver,76593
76594,671712899,Ricarda,Segarra,76594
76595,530324451,Dora,Llanos,76595
76596,868682833,Joan,Padilla,76596
76597,217171201,Ileana,Perez,76597
76598,493050340,Ernesto,Almazan,76598
76599,623628963,Samu,Carro,76599
76600,198102234,Osvaldo,Roda,76600
76601,997969829,Gilberto,Nogueira,76601
76602,424464612,Soledad,Vizcaino,76602
76603,643425249,Clotilde,Nunez,76603
76604,120377456,Inocencio,Bustos,76604
76605,905093161,Jonatan,Montero,76605
76606,599665323,Eugenia,Castellanos,76606
76607,725745374,Sofia,Talavera,76607
76608,743912691,Reynaldo,Catalan,76608
76609,594832803,Rosario,Pineda,76609
76610,880238489,Duilio,Folch,76610
76611,397929469,Americo,Maldonado,76611
76612,660646288,Andres,Mulet,76612
76613,954820408,Marcelino,Corral,76613
76614,708692273,Pastora,Haro,76614
76615,592466292,Cruz,Llabres,76615
76616,780080621,Ruy,Plaza,76616
76617,784673403,Lorenza,Berenguer,76617
76618,280723171,Javier,Aller,76618
76619,716589577,Xiomara,Pallares,76619
76620,972973414,Maria Luisa,Egea,76620
76621,232646365,Virginia,Cortes,76621
76622,267436136,Xiomara,Madrigal,76622
76623,274004824,Nilo,Escriva,76623
76624,981486973,Ale,Saavedra,76624
76625,897863748,Vanesa,Bosch,76625
76626,840520421,Aura,Patino,76626
76627,571436721,Ciriaco,Sanz,76627
76628,438951535,Juana,Hurtado,76628
76629,140450097,Gervasio,Barranco,76629
76630,368710792,Heliodoro,Barcelo,76630
76631,475620509,Francisca,Guijarro,76631
76632,332482787,Luisina,Quero,76632
76633,120150611,Marina,Castilla,76633
76634,843040653,Francisco Javier,Robledo,76634
76635,392115591,Lisandro,Chico,76635
76636,117848501,Ruy,Catalan,76636
76637,350976850,Alicia,Fonseca,76637
76638,680437016,Edelmira,Hoyos,76638
76639,842349081,Efrain,Oliveras,76639
76640,174024070,Chita,Pozo,76640
76641,894671780,Florinda,Santiago,76641
76642,731560386,Ricarda,Ugarte,76642
76643,532385842,Sabas,Coll,76643
76644,386333960,Benigna,Mora,76644
76645,757399237,Irene,Llanos,76645
76646,456394837,Eugenia,Valdes,76646
76647,135342992,Benigno,Duarte,76647
76648,568142963,Merche,Jurado,76648
76649,329457960,Ramona,Arenas,76649
76650,905006182,Ema,Cantero,76650
76651,506540350,Valerio,Rio,76651
76652,146213677,Quique,Marin,76652
76653,836573965,Toribio,Gonzalez,76653
76654,157077009,Lupita,Salmeron,76654
76655,758061758,Victor Manuel,Boada,76655
76656,586084547,Lucila,Calvet,76656
76657,868186213,Zacarias,Guillen,76657
76658,798337319,Heraclio,Cuervo,76658
76659,930883003,Severino,Moliner,76659
76660,421375963,Anastasio,Calzada,76660
76661,260831345,Macario,Julia,76661
76662,756751794,Mariana,Fuentes,76662
76663,549088167,Esperanza,Canton,76663
76664,498786062,Gerardo,Chaves,76664
76665,255924252,Julia,Azorin,76665
76666,203188947,Eutimio,Roca,76666
76667,484163359,Alejandra,Martin,76667
76668,613053598,Gaston,Blanch,76668
76669,405298485,Javiera,Sevillano,76669
76670,841291663,Natalio,Nogueira,76670
76671,736423288,Ruben,Pineda,76671
76672,717642934,Luis,Barral,76672
76673,259309218,Azahara,Haro,76673
76674,670014556,Trini,Segura,76674
76675,204772218,Heriberto,Escalona,76675
76676,674953047,Susana,Carbajo,76676
76677,383398780,Dorotea,Zamorano,76677
76678,330844235,Francisco Jose,Gallart,76678
76679,287192150,Margarita,Balaguer,76679
76680,186348017,Fabian,Franco,76680
76681,552732122,Yolanda,Lerma,76681
76682,895956750,Vicente,Lasa,76682
76683,150328763,Rosalia,Cid,76683
76684,517195911,Ana Sofia,Exposito,76684
76685,758881665,Federico,Vila,76685
76686,379807673,Sarita,Benavente,76686
76687,316907470,Juan Manuel,Lorenzo,76687
76688,676049271,Beatriz,Quiroga,76688
76689,167683108,Bernardo,Gimenez,76689
76690,931045575,Miguel Angel,Canton,76690
76691,256850559,Felipa,Novoa,76691
76692,528834893,Evelia,Iborra,76692
76693,412359922,Danilo,Zaragoza,76693
76694,358561279,Adrian,Atienza,76694
76695,323026163,Almudena,Pomares,76695
76696,316696158,Hermenegildo,Paredes,76696
76697,550558083,Lucia,Casares,76697
76698,503033019,Samanta,Barrio,76698
76699,711505144,Juan Luis,Morales,76699
76700,820621145,Joaquina,Viana,76700
76701,381537869,Camilo,Zapata,76701
76702,408872149,Fatima,Macias,76702
76703,174026419,Maria Dolores,Canales,76703
76704,436258120,Nidia,Hoyos,76704
76705,321895224,Teodora,Chico,76705
76706,984639158,Luna,Godoy,76706
76707,892739872,Jordana,Porcel,76707
76708,760651682,Ascension,Beltran,76708
76709,371203426,Quique,Rossello,76709
76710,922952218,Borja,Pascual,76710
76711,209224457,Mario,Conesa,76711
76712,905319191,Jose Angel,Roura,76712
76713,715375850,Abel,Gelabert,76713
76714,462420322,Basilio,Barranco,76714
76715,187224355,Jose,Landa,76715
76716,403428233,Irma,Belda,76716
76717,413663767,Bernardo,Bernat,76717
76718,311517291,Cruz,Alcala,76718
76719,647710613,Eliseo,Abella,76719
76720,827805231,Susana,Aznar,76720
76721,771666730,German,Codina,76721
76722,953662508,Juan Manuel,Agudo,76722
76723,428158098,Josue,Calvo,76723
76724,412030368,Saturnina,Castellanos,76724
76725,259616283,Florencio,Gual,76725
76726,907855832,Leonardo,Bueno,76726
76727,962801358,Paloma,Pintor,76727
76728,647612759,Heriberto,Rubio,76728
76729,867294436,Edu,Cobos,76729
76730,835709161,Adolfo,Ferrero,76730
76731,498979510,Nelida,Blanco,76731
76732,266998139,Anacleto,Vaquero,76732
76733,776950954,Juan Jose,Giner,76733
76734,590851366,Alcides,Lucena,76734
76735,829469844,Fabiana,Palma,76735
76736,475344909,Sandalio,Camara,76736
76737,903219810,Viviana,Bejarano,76737
76738,738177774,Dionisio,Mulet,76738
76739,960790884,Gustavo,Colomer,76739
76740,112544278,Melania,Asenjo,76740
76741,588557980,Jose Luis,Barbera,76741
76742,670512856,Blanca,Cases,76742
76743,859527836,Isaura,Almeida,76743
76744,265188749,Buenaventura,Espinosa,76744
76745,411369926,Jeronimo,Sosa,76745
76746,927107990,Nayara,Chaparro,76746
76747,365805314,Lina,Alberto,76747
76748,452516968,Telmo,Ponce,76748
76749,758474122,Esteban,Casares,76749
76750,501865823,Nazario,Hernandez,76750
76751,627192302,Luis,Galvez,76751
76752,140731555,Nadia,Luis,76752
76753,206459167,Lisandro,Conde,76753
76754,926012389,Calista,Feijoo,76754
76755,773696420,Berto,Godoy,76755
76756,837594185,Jonatan,Mancebo,76756
76757,826444006,Moreno,Gargallo,76757
76758,530252650,Margarita,Zapata,76758
76759,163774581,Cruz,Arcos,76759
76760,557845972,Jorge,Tomas,76760
76761,899794606,Augusto,Amoros,76761
76762,263859645,Teodora,Jimenez,76762
76763,149069327,Fernanda,Salom,76763
76764,732249484,Leopoldo,Camara,76764
76765,374527234,Maria Manuela,Ibarra,76765
76766,716205334,Remedios,Cabezas,76766
76767,892185390,Vito,Palacio,76767
76768,320138542,Luciano,Larrea,76768
76769,203933311,Poncio,Cid,76769
76770,228944357,Cesar,Garmendia,76770
76771,304837744,Nidia,Nicolas,76771
76772,375480674,Azahar,Cases,76772
76773,229077535,Elodia,Antunez,76773
76774,346015690,Eloisa,Pazos,76774
76775,978296975,Yago,Velez,76775
76776,228698746,Nico,Cozar,76776
76777,175926348,Maria Angeles,Bou,76777
76778,706287609,Candelaria,Bernat,76778
76779,340976802,Eliana,Solana,76779
76780,425753890,Alicia,Aleman,76780
76781,104823250,Cleto,Mayoral,76781
76782,722568161,Mar,Manzanares,76782
76783,740771464,Jorge,Marin,76783
76784,257669130,Jenny,Murillo,76784
76785,326170716,Antonia,Lerma,76785
76786,622476142,Panfilo,Font,76786
76787,134136666,Abilio,Andres,76787
76788,851677175,Abigail,Peral,76788
76789,162916832,Mayte,Mercader,76789
76790,774504645,Maria Manuela,Iglesia,76790
76791,721605959,Arsenio,Castellanos,76791
76792,595716662,Americo,Lorenzo,76792
76793,876024996,Maria Del Carmen,Sastre,76793
76794,826579737,Luis,Rodriguez,76794
76795,798153733,Panfilo,Uribe,76795
76796,372978315,Alejandra,Casanovas,76796
76797,752306475,Benigna,Gallardo,76797
76798,287697489,Lourdes,Cornejo,76798
76799,464399970,Rocio,Canet,76799
76800,401405584,Emilia,Angel,76800
76801,636149880,Demetrio,Nieto,76801
76802,814246290,Jose Mari,Rubio,76802
76803,960828822,Victoriano,Arcos,76803
76804,626758788,Elena,Castello,76804
76805,682681680,Leon,Aliaga,76805
76806,640485989,Hernando,Marmol,76806
76807,260463484,Ambrosio,Villalonga,76807
76808,795820979,Nayara,Alberdi,76808
76809,783974880,Ciro,Mayo,76809
76810,799839891,Carmela,Ibanez,76810
76811,867954800,Poncio,Grande,76811
76812,136257901,Jonatan,Andres,76812
76813,288686135,Jenny,Carrion,76813
76814,870747424,Crescencia,Marin,76814
76815,377427718,Teofila,Marquez,76815
76816,631434303,Rufina,Morillo,76816
76817,941560026,Jesusa,Vilalta,76817
76818,797437618,Jose,Pol,76818
76819,561939150,Maria,Rios,76819
76820,241400353,Laura,Nicolas,76820
76821,856417087,Prudencia,Sarabia,76821
76822,600342045,Inigo,Lara,76822
76823,412726983,Olegario,Abascal,76823
76824,204554768,Armando,Ruiz,76824
76825,759430142,Teodosio,Torrent,76825
76826,477501139,Carlos,Buendia,76826
76827,472710247,Fabiana,Blasco,76827
76828,116811834,Dario,Alcalde,76828
76829,287212692,Ligia,Solera,76829
76830,523207747,Adalberto,Gaya,76830
76831,974799398,Amelia,Gomez,76831
76832,193659010,Amalia,Ferrero,76832
76833,677042405,Clemente,Vall,76833
76834,165258325,Vidal,Muro,76834
76835,700320103,Francisco,Guerrero,76835
76836,368187155,Albert,Aguila,76836
76837,507562560,Faustino,Barrena,76837
76838,503741175,Amarilis,Espada,76838
76839,700993471,Samu,Gascon,76839
76840,230659723,Alba,Maestre,76840
76841,334636738,Miguel,Nicolau,76841
76842,453986551,Martina,Rios,76842
76843,847222000,Maria Angeles,Huertas,76843
76844,142876323,Buenaventura,Toledo,76844
76845,594105505,Edgar,Ramon,76845
76846,362978057,Roberta,Mendez,76846
76847,906627157,Carmina,Zapata,76847
76848,519877337,Lilia,Galvan,76848
76849,813315067,Nico,Vargas,76849
76850,709913583,Jenaro,Aleman,76850
76851,163785775,Eduardo,Palacio,76851
76852,726094507,Marc,Ordonez,76852
76853,537908740,Primitivo,Camacho,76853
76854,881977205,Miguel Angel,Lara,76854
76855,740277432,Felix,Cabrera,76855
76856,376219095,Carlota,Echevarria,76856
76857,106719470,Isidora,Fernandez,76857
76858,147753740,Pablo,Portillo,76858
76859,489306469,Jose Angel,Boix,76859
76860,383046350,Amaro,Morales,76860
76861,497751961,Teodosio,Julian,76861
76862,516614698,Hugo,Martinez,76862
76863,910547419,Raquel,Avila,76863
76864,355711839,Sandra,Ocana,76864
76865,626987856,Petrona,Saenz,76865
76866,555168454,Hernan,Lloret,76866
76867,612880110,Rosa Maria,Barreda,76867
76868,766568593,Maricruz,Cuervo,76868
76869,413201180,Edelmiro,Zapata,76869
76870,696086286,Humberto,Cabanillas,76870
76871,354488222,Luz,Anaya,76871
76872,120445859,Faustino,Planas,76872
76873,653639660,Celestina,Gimeno,76873
76874,397243609,Nazario,Segura,76874
76875,552683026,Ariadna,Carpio,76875
76876,632580595,Brunilda,Arregui,76876
76877,899206549,Eufemia,Crespi,76877
76878,441723420,Gema,Valenzuela,76878
76879,851442328,Guillermo,Valenzuela,76879
76880,911937702,Jordi,Arribas,76880
76881,789814735,Valero,Noguera,76881
76882,105809229,Adelardo,Navarrete,76882
76883,294639269,Tristan,Villanueva,76883
76884,868448309,Miguela,Hierro,76884
76885,641601200,Africa,Abascal,76885
76886,705881344,Emelina,Arrieta,76886
76887,426402034,Benigno,Arnal,76887
76888,950964802,Pia,Castaneda,76888
76889,178649716,Quique,Hurtado,76889
76890,770601916,Victor,Toro,76890
76891,625912111,Pelayo,Galvan,76891
76892,427346417,Julie,Llopis,76892
76893,190228070,Victor,Moliner,76893
76894,322247525,Jose Luis,Ramon,76894
76895,648368604,Manuelita,Sarmiento,76895
76896,111878414,Ema,Aliaga,76896
76897,876316279,Felix,Company,76897
76898,589998337,Prudencia,Navas,76898
76899,957385280,Maria Dolores,Herranz,76899
76900,556424715,Sancho,Villaverde,76900
76901,897170144,Amarilis,Casals,76901
76902,546857645,Valeria,Bueno,76902
76903,825600523,Eustaquio,Romeu,76903
76904,746182131,Modesto,Corbacho,76904
76905,792631740,Alejandro,Lastra,76905
76906,844497029,Beatriz,Ortiz,76906
76907,493308984,Barbara,Cases,76907
76908,460753401,Virginia,Barbero,76908
76909,788001322,Espiridion,Prieto,76909
76910,965008860,Caridad,Paez,76910
76911,984337144,Sandalio,Pla,76911
76912,864151803,Viviana,Fernandez,76912
76913,122940698,Ariel,Arroyo,76913
76914,422443369,Imelda,Valenciano,76914
76915,123189325,Imelda,Alvarez,76915
76916,873860759,Heriberto,Mena,76916
76917,807677718,Iban,Agustin,76917
76918,348519980,Lino,Juan,76918
76919,953761159,Perlita,Arce,76919
76920,607505171,Toribio,Villalonga,76920
76921,672723701,Consuela,Tolosa,76921
76922,412405093,Chita,Perello,76922
76923,991442771,Edelmiro,Guardiola,76923
76924,207169617,Bernardita,Jerez,76924
76925,728856215,Heriberto,Salmeron,76925
76926,426254564,Celso,Zabala,76926
76927,169210195,Vito,Calvet,76927
76928,219348284,Roxana,Sanz,76928
76929,582810625,Georgina,Rius,76929
76930,726119895,Leandro,Garmendia,76930
76931,267703387,Miguel Angel,Alarcon,76931
76932,567538770,Jenaro,Rio,76932
76933,610258789,Chus,Roldan,76933
76934,673153496,Miriam,Bonilla,76934
76935,554351821,Jesusa,Pavon,76935
76936,565916519,Fito,Pons,76936
76937,795181456,Jose Carlos,Rivera,76937
76938,561134382,Gilberto,Carmona,76938
76939,269096852,Gerardo,Mayol,76939
76940,810783859,Almudena,Alvarez,76940
76941,523434135,Jeronimo,Santana,76941
76942,337883327,Amaya,Jauregui,76942
76943,662391508,Ale,Palacios,76943
76944,806543383,Loida,Alcolea,76944
76945,907451266,Josefa,Nogueira,76945
76946,586966955,Zaida,Mateo,76946
76947,177040348,Adrian,Cordoba,76947
76948,219756784,Bruno,Villalobos,76948
76949,507838305,Benigno,Vidal,76949
76950,386920795,Victor,Marino,76950
76951,178649625,Claudia,Arribas,76951
76952,373715811,Chema,Batalla,76952
76953,557679425,Tiburcio,Rey,76953
76954,454168706,Jose Luis,Marquez,76954
76955,882069828,Socorro,Nieto,76955
76956,738689940,Celia,Vinas,76956
76957,536329070,Alejandro,Castaneda,76957
76958,605013820,Isidoro,Arnaiz,76958
76959,131565151,Concepcion,Cid,76959
76960,958798372,Paula,Romero,76960
76961,228339806,Nicodemo,Hervas,76961
76962,739027866,Fidel,Riquelme,76962
76963,129028338,Reynaldo,Avila,76963
76964,899193080,Reyes,Correa,76964
76965,492763276,Alex,Cozar,76965
76966,176524305,Telmo,Catala,76966
76967,817222945,Juana,Blasco,76967
76968,826760880,Dorotea,Recio,76968
76969,220909216,Florentina,Hernando,76969
76970,642058237,Flavio,Fortuny,76970
76971,771906814,Marcelo,Carreno,76971
76972,753411875,Casandra,Rueda,76972
76973,723390206,Candela,Calderon,76973
76974,927616975,Elias,Jurado,76974
76975,863372095,Ivan,Contreras,76975
76976,532713044,Paz,Palmer,76976
76977,470069804,Trinidad,Bertran,76977
76978,799899319,Teodoro,Berrocal,76978
76979,595729311,Jorge,Llopis,76979
76980,964443436,Adelaida,Espana,76980
76981,854492426,Jose Carlos,Iglesia,76981
76982,802659787,Cayetano,Priego,76982
76983,845778435,Fabio,Mendizabal,76983
76984,487396749,Felix,Galiano,76984
76985,370939359,Aaron,Valdes,76985
76986,674985036,Vera,Vila,76986
76987,966175070,Ambar,Marquez,76987
76988,898910979,Macaria,Fonseca,76988
76989,913212971,Belen,Blanco,76989
76990,405839178,Rene,Roig,76990
76991,417427756,Agata,Garces,76991
76992,840941905,Enrique,Amor,76992
76993,327434942,Ramon,Real,76993
76994,541900660,Armida,Cuevas,76994
76995,923882683,Amado,Gallo,76995
76996,851185919,Victor,Campos,76996
76997,623423932,Itziar,Conde,76997
76998,703752524,Berta,Cabrera,76998
76999,546255889,Carmela,Garate,76999
77000,989610304,Nilda,Bayona,77000
77001,298654837,Lorenzo,Corbacho,77001
77002,615828708,Valentin,Perales,77002
77003,382748709,Ovidio,Romero,77003
77004,284761621,Begona,Parejo,77004
77005,788905279,Anselmo,Hervia,77005
77006,633727840,Luz,Adadia,77006
77007,721494488,Candela,Gimenez,77007
77008,951846808,Rolando,Amaya,77008
77009,462506528,Carmelo,Higueras,77009
77010,443033122,Lorena,Puga,77010
77011,193201294,Carmina,Padilla,77011
77012,239355884,Baldomero,Abad,77012
77013,432486785,Jenny,Campillo,77013
77014,207136264,Elba,Sebastian,77014
77015,452398594,Fabio,Nicolas,77015
77016,605367311,Jenny,Gargallo,77016
77017,797364527,Isabela,Cazorla,77017
77018,212637484,Chucho,Girona,77018
77019,719372502,Quirino,Comas,77019
77020,177798418,Jesus,Castrillo,77020
77021,524649903,Abigail,Belda,77021
77022,502499036,Olivia,Bilbao,77022
77023,695800187,Georgina,Escalona,77023
77024,416875679,Gabriela,Marquez,77024
77025,117319575,Cesar,Batalla,77025
77026,117141927,Gaston,Aguilera,77026
77027,411577393,Serafina,Porcel,77027
77028,235172787,Bruno,Pena,77028
77029,763275158,Eleuterio,Leon,77029
77030,166963125,Edu,Vigil,77030
77031,552555912,Rocio,Cases,77031
77032,378526888,Mario,Palomino,77032
77033,698534057,Baltasar,Sanabria,77033
77034,812630516,Crescencia,Aznar,77034
77035,506691902,Nicodemo,Carlos,77035
77036,344910831,Xiomara,Busquets,77036
77037,670173870,Leocadia,Barbero,77037
77038,805855785,Nando,Llorens,77038
77039,479395622,Encarnita,Bermudez,77039
77040,190181785,Noe,Yuste,77040
77041,723385472,Ema,Jove,77041
77042,686913419,Gil,Galvan,77042
77043,322626014,Aurelio,Munoz,77043
77044,610604303,Bonifacio,Belmonte,77044
77045,578166624,Claudio,Arranz,77045
77046,286712427,Sigfrido,Duque,77046
77047,763520048,Jordi,Herrera,77047
77048,388213525,Alvaro,Alsina,77048
77049,456008844,Adan,Marmol,77049
77050,175209166,Ciriaco,Huertas,77050
77051,220615092,Mar,Martin,77051
77052,737737116,Noe,Valls,77052
77053,629866896,Fabricio,Fortuny,77053
77054,491185537,Jovita,Pardo,77054
77055,238317212,Marcos,Tellez,77055
77056,530191497,Anselma,Llado,77056
77057,568667427,Fernanda,Baez,77057
77058,945380586,Leopoldo,Azorin,77058
77059,530621614,Pascuala,Gracia,77059
77060,806275972,Natalio,Pereira,77060
77061,581726664,Piedad,Riquelme,77061
77062,952951660,Dionisia,Luque,77062
77063,132468300,Adelardo,Nino,77063
77064,150630274,Jose Carlos,Blasco,77064
77065,382225822,Gerardo,Peiro,77065
77066,754449188,Godofredo,Llabres,77066
77067,318760876,Camilo,Cuenca,77067
77068,976452397,Gil,Arana,77068
77069,654317118,Mateo,Barranco,77069
77070,400706641,Jose Angel,Alcolea,77070
77071,609612997,Calixto,Pizarro,77071
77072,889882271,Juan Francisco,Valera,77072
77073,365416224,Cleto,Caballero,77073
77074,952671501,Luis,Elias,77074
77075,558373110,Manolo,Barranco,77075
77076,795635659,Febe,Cervantes,77076
77077,811680820,Chus,Peiro,77077
77078,762818615,Heriberto,Albero,77078
77079,170007483,Ismael,Galvan,77079
77080,238660384,Alfredo,Cabanas,77080
77081,834613230,Calista,Cervera,77081
77082,280619038,Simon,Leiva,77082
77083,463661046,Raimundo,Viana,77083
77084,553947259,Tadeo,Montes,77084
77085,436889532,Carina,Garcia,77085
77086,571661340,Pepita,Exposito,77086
77087,400935934,Victor,Mendizabal,77087
77088,749428905,Gaston,Casanovas,77088
77089,557389855,Anibal,Pallares,77089
77090,893681389,Juan Jose,Catala,77090
77091,724919871,Pilar,Benavent,77091
77092,565341331,Che,Barriga,77092
77093,902606210,Casemiro,Barral,77093
77094,282349739,Paulina,Posada,77094
77095,824443800,Paca,Verdu,77095
77096,839318535,Juana,Gilabert,77096
77097,671006142,Tristan,Alcaraz,77097
77098,344496257,Rosalva,Pena,77098
77099,630764544,Maria Belen,Moran,77099
77100,907742578,Itziar,Perello,77100
77101,653899892,Marina,Querol,77101
77102,583765235,Dan,Cornejo,77102
77103,219941666,Marisela,Segovia,77103
77104,774376282,Jaime,Clavero,77104
77105,624830319,Cristian,Rios,77105
77106,501170101,Prudencia,Amores,77106
77107,309068259,Clotilde,Ferrandiz,77107
77108,920064696,Paco,Coello,77108
77109,415062661,Claudia,Gabaldon,77109
77110,499856234,Emelina,Camino,77110
77111,569795955,Andres Felipe,Olivera,77111
77112,716869370,Marciano,Vega,77112
77113,388407781,Patricia,Gimenez,77113
77114,691287330,Emiliano,Aroca,77114
77115,895881392,Soledad,Manso,77115
77116,748541397,Augusto,Marco,77116
77117,766956784,Amelia,Fabregat,77117
77118,469132981,Luna,Paniagua,77118
77119,820866232,Alcides,Acuna,77119
77120,884808127,Anna,Ocana,77120
77121,188969687,Candelaria,Vilanova,77121
77122,124948426,Paula,Amor,77122
77123,167037258,Macarena,Cal,77123
77124,323329653,Isaias,Rozas,77124
77125,430994310,Manuelita,Plana,77125
77126,461432384,Gil,Riba,77126
77127,239465156,Adan,Cifuentes,77127
77128,977968615,Fulgencio,Pineiro,77128
77129,524852796,Agueda,Bas,77129
77130,779832861,Casemiro,Gonzalez,77130
77131,934354914,Genoveva,Chaves,77131
77132,271994908,Salome,Manzanares,77132
77133,181134536,Natanael,Salazar,77133
77134,329600597,Jose Mari,Paez,77134
77135,464201170,Julia,Mancebo,77135
77136,151207093,Rodrigo,Santamaria,77136
77137,725802431,Lucho,Lerma,77137
77138,541092215,Isidro,Cerro,77138
77139,767858607,Leon,Cabo,77139
77140,236752304,Jennifer,Palomino,77140
77141,848225478,Bruno,Bernad,77141
77142,561622214,Nestor,Cerdan,77142
77143,809176118,Paco,Herranz,77143
77144,722047725,Sol,Segovia,77144
77145,960059602,Matias,Banos,77145
77146,381615660,Aureliano,Tena,77146
77147,462904101,Hortensia,Vergara,77147
77148,421990883,Seve,Carbo,77148
77149,239235757,Ulises,Benito,77149
77150,889179075,Charo,Oller,77150
77151,763550270,Edgardo,Galindo,77151
77152,623835380,Aureliano,Suarez,77152
77153,599923670,Inigo,Noriega,77153
77154,196300028,Marcos,Duran,77154
77155,111183623,Pelayo,Guerrero,77155
77156,120474031,Abel,Bonet,77156
77157,101676752,Hilda,Ayala,77157
77158,330881913,Amarilis,Cervantes,77158
77159,545284831,Prudencia,Egea,77159
77160,616111466,Benito,Casals,77160
77161,547330649,Priscila,Dalmau,77161
77162,701982274,Martirio,Novoa,77162
77163,520385234,Demetrio,Barros,77163
77164,949654907,Nilda,Montesinos,77164
77165,333006234,Marisol,Jimenez,77165
77166,895007633,Augusto,Novoa,77166
77167,853914919,Roberto,Gimenez,77167
77168,686865385,Casemiro,Llano,77168
77169,649268008,Marina,Jove,77169
77170,575415018,Maria Fernanda,Heredia,77170
77171,177141689,Pastora,Montesinos,77171
77172,405263223,Candido,Pena,77172
77173,800613481,Gracia,Aller,77173
77174,441883494,Federico,Vicente,77174
77175,543375296,Zaira,Hernandez,77175
77176,656310554,Leocadia,Cifuentes,77176
77177,496558869,Chelo,Samper,77177
77178,827994986,Milagros,Cabanillas,77178
77179,646806550,Leocadio,Gonzalez,77179
77180,333661055,Heliodoro,Benavent,77180
77181,789340900,Leticia,Matas,77181
77182,235810247,Paulina,Losada,77182
77183,298084157,Regina,Pla,77183
77184,762711883,Arcelia,Molins,77184
77185,180540624,Gilberto,Royo,77185
77186,494462179,Cebrian,Chaves,77186
77187,805088158,Gabriela,Tapia,77187
77188,629895779,Jose,Barrios,77188
77189,102792252,Bernardita,Tello,77189
77190,442188015,Roxana,Escobar,77190
77191,167142706,Flora,Barrera,77191
77192,210651378,Teresa,Ruano,77192
77193,301923205,Monica,Alberdi,77193
77194,990135784,Angelita,Coello,77194
77195,466471118,Adelina,Lasa,77195
77196,143553553,Teodoro,Sans,77196
77197,815859511,Nelida,Velez,77197
77198,518866040,Miguel,Reguera,77198
77199,591016598,Duilio,Marin,77199
77200,354201446,Remigio,Mendez,77200
77201,591949725,Carmelita,Arellano,77201
77202,554075692,Odalis,Escobar,77202
77203,832248639,Hipolito,Mendez,77203
77204,764277475,Jordan,Banos,77204
77205,372105612,Angelino,Benavent,77205
77206,655571157,Hugo,Jara,77206
77207,648016915,Fernando,Cortes,77207
77208,530182158,Severo,Valencia,77208
77209,106828660,Paca,Anglada,77209
77210,206350523,Ana,Acero,77210
77211,100432465,Gema,Perera,77211
77212,879140637,Ildefonso,Luz,77212
77213,513272298,Obdulia,Melero,77213
77214,947488078,Maria Belen,Lago,77214
77215,752839439,Sigfrido,Campos,77215
77216,428486503,Cecilia,Torrent,77216
77217,604525466,Celia,Lucena,77217
77218,711767000,Rosalinda,Goicoechea,77218
77219,504518193,Carmina,Espada,77219
77220,781573289,Ariadna,Castell,77220
77221,169947093,Maria Belen,Tena,77221
77222,593036909,Sigfrido,Piquer,77222
77223,478711221,Jose Ramon,Rivero,77223
77224,822407283,Martin,Buendia,77224
77225,370832326,Diana,Barral,77225
77226,115610446,Regina,Villegas,77226
77227,648285269,Vito,Silva,77227
77228,858394381,Eric,Valenciano,77228
77229,805107694,Olegario,Mas,77229
77230,621022965,Demetrio,Burgos,77230
77231,291212036,Pascuala,Gomila,77231
77232,567383752,Ramona,Ortuno,77232
77233,707143787,Luis Angel,Cardona,77233
77234,917234621,Candelaria,Cuadrado,77234
77235,548449084,Alondra,Tomas,77235
77236,242112586,Jenaro,Segura,77236
77237,263355376,Eli,Bas,77237
77238,796652278,Dionisia,Robles,77238
77239,929650769,Jose Carlos,Puente,77239
77240,737206398,Marco,Gomez,77240
77241,616763594,Melisa,Tena,77241
77242,770859872,Ines,Torre,77242
77243,445704014,Inmaculada,Benavente,77243
77244,574673392,Leoncio,Palomo,77244
77245,364668158,Calista,Aguilar,77245
77246,329140071,Simon,Jurado,77246
77247,341864151,Chita,Vicente,77247
77248,588956886,Edelmira,Fuentes,77248
77249,241547429,Ceferino,Lamas,77249
77250,129169163,Guiomar,Seco,77250
77251,926235623,Glauco,Belmonte,77251
77252,200073240,Araceli,Adadia,77252
77253,439728702,Jose Luis,Torre,77253
77254,333849306,Tecla,Caceres,77254
77255,766844026,Diana,Peralta,77255
77256,494158249,Maxi,Mulet,77256
77257,404881933,Saturnina,Anglada,77257
77258,144795268,Begona,Morales,77258
77259,745488338,Macarena,Puente,77259
77260,728918765,Jacinto,Vazquez,77260
77261,248500074,Teofilo,Casanovas,77261
77262,397342550,Alexandra,Viana,77262
77263,942500718,Celso,Barral,77263
77264,218089946,Nydia,Giralt,77264
77265,654058688,Eusebio,Albero,77265
77266,806486927,Isa,Benavent,77266
77267,996449479,Consuelo,Hernandez,77267
77268,705203244,Carmelita,Figuerola,77268
77269,444918630,Vicenta,Sole,77269
77270,726336520,Luna,Gonzalo,77270
77271,134758278,Heliodoro,Sola,77271
77272,336479584,Dario,Isern,77272
77273,203022568,Ximena,Fabregas,77273
77274,309861236,Amor,Pineiro,77274
77275,184679207,Anabel,Figueroa,77275
77276,686183640,Angelica,Herranz,77276
77277,511117181,Miguela,Fuente,77277
77278,465942812,Caridad,Herranz,77278
77279,430592449,Roman,Puig,77279
77280,552443193,Rosa Maria,Duarte,77280
77281,982857676,Amilcar,Oliver,77281
77282,554289101,Nicolasa,Barba,77282
77283,868266032,Abigail,Miranda,77283
77284,556289277,Almudena,Zaragoza,77284
77285,887863685,Salomon,Gallart,77285
77286,304962927,Bruno,Pedro,77286
77287,654727571,Jose Manuel,Cornejo,77287
77288,467765670,Georgina,Santamaria,77288
77289,672846245,Selena,Garmendia,77289
77290,346584157,Leticia,Corbacho,77290
77291,921328578,Natividad,Goni,77291
77292,283504339,Eligia,Ramis,77292
77293,676631805,Maricela,Conde,77293
77294,290458393,Roberto,Caparros,77294
77295,827662740,Rogelio,Aroca,77295
77296,571956480,Maribel,Peral,77296
77297,324908509,Ainoa,Pedrosa,77297
77298,197042258,Carmen,Vilar,77298
77299,485784020,Nicanor,Carrera,77299
77300,316120971,Jordi,Villalobos,77300
77301,722999281,Julie,Grau,77301
77302,110935727,Yaiza,Teruel,77302
77303,672798933,America,Plana,77303
77304,634431748,Hector,Cuesta,77304
77305,964459216,Adora,Porta,77305
77306,694679954,Nilo,Barbera,77306
77307,800157281,Moreno,Segui,77307
77308,536697457,Aurea,Boix,77308
77309,784837353,Guillermo,Frias,77309
77310,421531055,Ricarda,Ortega,77310
77311,399755655,Herberto,Camara,77311
77312,932420530,Gonzalo,Saenz,77312
77313,103198704,Yaiza,Rosell,77313
77314,341252955,Vilma,Collado,77314
77315,622603472,Elisabet,Cerdan,77315
77316,190875862,Jose Angel,Larrea,77316
77317,907807759,Abraham,Diaz,77317
77318,343572201,Amaro,Arcos,77318
77319,231836698,Jose,Vina,77319
77320,927310112,Paco,Franco,77320
77321,893930101,Felicidad,Miguel,77321
77322,561676430,Encarnacion,Pino,77322
77323,254577573,Sofia,Querol,77323
77324,128798038,Lalo,Sarabia,77324
77325,108796864,Teodora,Novoa,77325
77326,231895589,Lorena,Pera,77326
77327,122699598,Irma,Hernando,77327
77328,451981923,Juan Jose,Fuertes,77328
77329,314971158,Fortunata,Ordonez,77329
77330,766790451,Abigail,Perera,77330
77331,949729894,Trinidad,Rodenas,77331
77332,923082399,Amanda,Suarez,77332
77333,946636255,Victor Manuel,Matas,77333
77334,753730210,Osvaldo,Manso,77334
77335,962784836,Santiago,Lasa,77335
77336,760532547,Laura,Oller,77336
77337,725061793,Gloria,Cuadrado,77337
77338,438731994,Balduino,Coello,77338
77339,183630121,Ambrosio,Bermudez,77339
77340,672462750,Tecla,Barrios,77340
77341,988401433,Amelia,Enriquez,77341
77342,924665726,Angel,Marmol,77342
77343,321937372,Rosario,Lucena,77343
77344,745496554,Africa,Patino,77344
77345,427300437,Artemio,Barbera,77345
77346,158993442,Salvador,Bou,77346
77347,294219313,Carla,Alegria,77347
77348,352639963,Conrado,Franch,77348
77349,690554541,Nereida,Campoy,77349
77350,130342095,Aurora,Alcantara,77350
77351,470895391,Custodio,Segui,77351
77352,644497314,Eliseo,Ariza,77352
77353,106190506,Nieves,Miranda,77353
77354,653716337,Viviana,Cortes,77354
77355,447677652,Santiago,Vendrell,77355
77356,835988989,Clarisa,Caballero,77356
77357,657138003,Emilia,Alcolea,77357
77358,659228750,Adoracion,Segura,77358
77359,268861465,Epifanio,Soria,77359
77360,134046202,Eligio,Gutierrez,77360
77361,644834030,Remedios,Pomares,77361
77362,870151362,Obdulia,Espana,77362
77363,617843410,Mayte,Font,77363
77364,367884184,Alcides,Ferrera,77364
77365,931444179,Lorena,Crespi,77365
77366,301817897,Chema,Valencia,77366
77367,993885034,Nicolas,Alemany,77367
77368,116886531,Venceslas,Parejo,77368
77369,355836372,Rosenda,Franch,77369
77370,292437477,Custodia,Cobos,77370
77371,944100319,Calista,Salmeron,77371
77372,544188715,Asdrubal,Redondo,77372
77373,657984452,Plinio,Tomas,77373
77374,207024229,Rocio,Araujo,77374
77375,110364086,Francisco Javier,Jimenez,77375
77376,809576478,Carla,Naranjo,77376
77377,126525911,Hilda,Villalobos,77377
77378,153727219,Vicenta,Baena,77378
77379,498938462,Alejandro,Alegre,77379
77380,601708800,Ariadna,Luz,77380
77381,304304177,Leire,Ribera,77381
77382,371714293,Basilio,Hernandez,77382
77383,378834088,Monica,Solano,77383
77384,121524876,Maria Cristina,Palomar,77384
77385,158333471,Lucho,Asenjo,77385
77386,980372304,Baldomero,Rico,77386
77387,472384535,Rosendo,Camino,77387
77388,649239453,Felisa,Castejon,77388
77389,183913973,Anabel,Padilla,77389
77390,193917173,Carmina,Galvan,77390
77391,209420837,Bernardita,Rosello,77391
77392,733079745,Santos,Carranza,77392
77393,414092681,Bruno,Ferran,77393
77394,749934613,Maria Pilar,Torrijos,77394
77395,889225340,Eligio,Cuenca,77395
77396,486347371,Rosalina,Cruz,77396
77397,689967434,Herberto,Frias,77397
77398,562293255,Jeremias,Santamaria,77398
77399,310057568,Emperatriz,Iborra,77399
77400,882763664,Berta,Peralta,77400
77401,875864148,Rafa,Leon,77401
77402,225622005,Joel,Gonzalo,77402
77403,801574129,Ramon,Uriarte,77403
77404,215043182,Manuelita,Baro,77404
77405,949690416,Agustina,Vera,77405
77406,664959736,Dorita,Tamarit,77406
77407,685537523,Salomon,Guijarro,77407
77408,653082994,Martirio,Ramos,77408
77409,584533306,Toni,Seco,77409
77410,106541817,Celso,Llado,77410
77411,538839694,Javi,Palomares,77411
77412,970465694,Mireia,Jara,77412
77413,521789735,Paca,Rocha,77413
77414,380989654,Gustavo,Ibanez,77414
77415,314676012,Juanita,Palau,77415
77416,663159966,Lupita,Real,77416
77417,593198097,Edgardo,Morales,77417
77418,449674536,Martin,Iniesta,77418
77419,398317239,Ramon,Guillen,77419
77420,971363208,Candelaria,Navas,77420
77421,288346321,Gracia,Sole,77421
77422,970039752,Diego,Pascual,77422
77423,562460353,Cristian,Murcia,77423
77424,380550922,Marino,Bernat,77424
77425,165809503,Goyo,Torrent,77425
77426,251460901,Leopoldo,Moran,77426
77427,605069350,Odalis,Blanes,77427
77428,140755716,Domitila,Toledo,77428
77429,429350632,Griselda,Carbonell,77429
77430,781978102,Arcelia,Acedo,77430
77431,736386780,Custodia,Roldan,77431
77432,496897593,Balduino,Roldan,77432
77433,814694951,Fanny,Sebastian,77433
77434,400885948,Aranzazu,Vives,77434
77435,619521555,Celestino,Gilabert,77435
77436,315791591,Montserrat,Cabo,77436
77437,605370295,Anibal,Vilanova,77437
77438,456323203,Loida,Alsina,77438
77439,119403109,Vinicio,Andres,77439
77440,597140305,Nilda,Escudero,77440
77441,604116159,Angelica,Pazos,77441
77442,435821350,Primitivo,Melero,77442
77443,854057949,Fermin,Cervera,77443
77444,325477403,Bernabe,Lozano,77444
77445,220140396,Fidel,Bolanos,77445
77446,701391071,Hortensia,Bernal,77446
77447,928555876,Gonzalo,Cabello,77447
77448,766742230,Bernarda,Mercader,77448
77449,439516519,Eusebia,Taboada,77449
77450,923939747,Begona,Hernandez,77450
77451,519266740,Matias,Molins,77451
77452,994951693,Lucia,Zabala,77452
77453,724376047,Tito,Belmonte,77453
77454,219087867,Maria Belen,Barriga,77454
77455,787786908,Josefina,Villalba,77455
77456,119359003,Maxi,Lobo,77456
77457,422905277,Fortunata,Ribera,77457
77458,114673441,Fatima,Ibanez,77458
77459,381689601,Telmo,Fernandez,77459
77460,425742432,Herberto,Iriarte,77460
77461,213418503,Vito,Pena,77461
77462,486335814,Goyo,Martinez,77462
77463,848930148,Dalila,Peinado,77463
77464,223080158,Esther,Fabra,77464
77465,398937479,Cipriano,Garcia,77465
77466,738944733,Domingo,Llamas,77466
77467,464091138,Poncio,Ferrandiz,77467
77468,632928870,Maria Carmen,Vall,77468
77469,576959420,Dorotea,Belda,77469
77470,884401783,Marcio,Villar,77470
77471,408418724,Juana,Benitez,77471
77472,137265743,Geraldo,Pazos,77472
77473,200513580,Bernardino,Mosquera,77473
77474,234923612,Paca,Requena,77474
77475,165942348,Encarnacion,Abascal,77475
77476,602212895,Noe,Becerra,77476
77477,759550191,Gustavo,Ochoa,77477
77478,330841783,Armando,Iniguez,77478
77479,810062555,Gerardo,Nunez,77479
77480,233355502,Margarita,Ojeda,77480
77481,104138221,Baudelio,Almansa,77481
77482,470836280,Candelario,Carrion,77482
77483,713992955,Seve,Trillo,77483
77484,644215251,Carmelita,Mayo,77484
77485,267883642,Inmaculada,Carlos,77485
77486,242514924,Valero,Manzanares,77486
77487,180857225,Manolo,Terron,77487
77488,857006868,Victorino,Cazorla,77488
77489,510620149,Sabas,Noriega,77489
77490,285931505,Edgar,Rosell,77490
77491,566435135,Paulina,Catala,77491
77492,527650808,Florencia,Davila,77492
77493,915048316,Borja,Velez,77493
77494,685773968,Nestor,Diez,77494
77495,832424181,Calista,Garmendia,77495
77496,931320938,Jose Antonio,Baron,77496
77497,515645234,Anna,Moliner,77497
77498,350566694,Milagros,Pablo,77498
77499,665641237,Seve,Espanol,77499
77500,456772445,Belen,Posada,77500
77501,832620652,Cintia,Duque,77501
77502,923860658,Paloma,Arias,77502
77503,405900492,Macarena,Huguet,77503
77504,996684380,Lucila,Collado,77504
77505,797910948,Lucio,Camara,77505
77506,247578715,Paca,Carretero,77506
77507,773729003,Horacio,Zurita,77507
77508,841193870,Kike,Esteve,77508
77509,497383523,Damian,Amo,77509
77510,763061040,Hugo,Batlle,77510
77511,227782500,Jose Angel,Mora,77511
77512,628433686,Poncio,Carbajo,77512
77513,212123890,Amador,Barragan,77513
77514,558960404,Mariano,Blazquez,77514
77515,908017947,Morena,Cid,77515
77516,195617966,Jose Antonio,Cases,77516
77517,895420836,Socorro,Carballo,77517
77518,433966449,Duilio,Moles,77518
77519,858667836,Gilberto,Cerezo,77519
77520,697429547,Borja,Madrid,77520
77521,256188637,Azucena,Vazquez,77521
77522,305193339,Lucila,Coll,77522
77523,487378531,Marciano,Fajardo,77523
77524,868138051,Encarnacion,Sainz,77524
77525,283421594,Odalys,Llabres,77525
77526,741005707,Ema,Fabra,77526
77527,110026601,Horacio,Palomares,77527
77528,139345227,Irene,Batalla,77528
77529,909168741,Serafina,Porcel,77529
77530,778854935,Bernardo,Ochoa,77530
77531,916108960,Jose Carlos,Salcedo,77531
77532,345397476,Herminia,Ferrer,77532
77533,668286427,Concepcion,Sevillano,77533
77534,374782620,Viviana,Alcantara,77534
77535,298539123,Veronica,Verdu,77535
77536,575500900,Natalio,Pazos,77536
77537,961850586,Nazaret,Andres,77537
77538,645244407,Ciro,Enriquez,77538
77539,863167209,Jose Ignacio,Espanol,77539
77540,292174682,Hugo,Rosales,77540
77541,645283023,Esmeralda,Barroso,77541
77542,117982525,Luciano,Sevillano,77542
77543,437881075,Maria Jesus,Manzano,77543
77544,193193067,Jesusa,Cano,77544
77545,662197884,Celia,Saavedra,77545
77546,551854111,Ignacio,Aguilera,77546
77547,881315357,Tamara,Noguera,77547
77548,828068959,Jesus,Galan,77548
77549,109170294,Aaron,Bustos,77549
77550,158465670,Manuel,Gimenez,77550
77551,294835121,Guiomar,Porcel,77551
77552,725019885,Maricela,Parra,77552
77553,241917549,Tania,Riba,77553
77554,178858420,Flavia,Ocana,77554
77555,819049468,Eliseo,Paniagua,77555
77556,124146551,Nilda,Sabater,77556
77557,314612404,Dulce,Palacio,77557
77558,667343850,Sarita,Menendez,77558
77559,567884203,Raimundo,Paredes,77559
77560,379183008,Natalio,Baena,77560
77561,422717342,Tadeo,Leiva,77561
77562,267431494,Soraya,Valentin,77562
77563,181363328,Perla,Mari,77563
77564,805361620,Maria Jesus,Asenjo,77564
77565,761016525,Natalia,Julia,77565
77566,812738849,Dimas,Echeverria,77566
77567,154732585,Tiburcio,Caro,77567
77568,647140060,Apolonia,Mateu,77568
77569,865069675,Elba,Salas,77569
77570,984914807,Trinidad,Pereira,77570
77571,911205331,Lorena,Montero,77571
77572,868660617,Erasmo,Vilanova,77572
77573,437820900,Marita,Valenciano,77573
77574,777801789,Rafa,Madrid,77574
77575,140059480,Zaida,Carranza,77575
77576,399749082,Eligio,Quintana,77576
77577,419609399,Severiano,Oliveras,77577
77578,153793874,Matias,Arcos,77578
77579,834411324,Victor,Pina,77579
77580,844658437,Alejandro,Mendez,77580
77581,332837424,Luna,Rodriguez,77581
77582,515372703,Alberto,Padilla,77582
77583,324599418,Jose Antonio,Penalver,77583
77584,930793268,Cayetana,Fernandez,77584
77585,155656094,Ruperta,Anaya,77585
77586,166644751,Corona,Puerta,77586
77587,786900127,Luciana,Simo,77587
77588,505738102,Severiano,Campoy,77588
77589,782455189,Isidro,Aleman,77589
77590,812751732,Emiliana,Palau,77590
77591,774903029,Juan Luis,Solis,77591
77592,441073616,Balduino,Gascon,77592
77593,587482130,Ainara,Acedo,77593
77594,489174342,Alejo,Pereira,77594
77595,764736921,Roldan,Delgado,77595
77596,761280135,Amarilis,Murillo,77596
77597,730983832,Felipa,Garrido,77597
77598,639127562,Juana,Castell,77598
77599,265683372,Borja,Guijarro,77599
77600,571588046,Prudencio,Moya,77600
77601,195336157,Angel,Llorente,77601
77602,249792157,Lourdes,Solano,77602
77603,929148382,Eusebia,Zamorano,77603
77604,704800474,Carlito,Perez,77604
77605,764526720,Moreno,Noguera,77605
77606,550356226,Hector,Flor,77606
77607,373370502,Gregorio,Arregui,77607
77608,965001447,Anabel,Agusti,77608
77609,182481013,Dimas,Campillo,77609
77610,399901936,Ainoa,Galiano,77610
77611,638153895,Roldan,Benavente,77611
77612,345095799,Leandro,Lucena,77612
77613,289365434,Edgar,Galiano,77613
77614,608977951,Gervasio,Revilla,77614
77615,318776314,Marcela,Gracia,77615
77616,976776354,Carmen,Tirado,77616
77617,639545783,Alex,Mir,77617
77618,248642725,Angelina,Lillo,77618
77619,757437908,Reyes,Heras,77619
77620,223116255,Regulo,Arjona,77620
77621,310433858,Elvira,Cifuentes,77621
77622,394594906,Alejandro,Arribas,77622
77623,725699368,Fernando,Rosales,77623
77624,678141490,Leyre,Arrieta,77624
77625,575916915,Natalio,Quevedo,77625
77626,302112135,Valentin,Pazos,77626
77627,458976698,Jose Luis,Montes,77627
77628,865736823,Patricia,Villena,77628
77629,767357263,Cecilio,Pizarro,77629
77630,474828254,Juan Carlos,Falco,77630
77631,823585468,Natalio,Gil,77631
77632,549855308,Carlito,Calvo,77632
77633,186793462,Porfirio,Jorda,77633
77634,151788565,Aurelio,Suarez,77634
77635,383593675,Ildefonso,Hoyos,77635
77636,308616870,Bernarda,Lobo,77636
77637,465357236,Socorro,Bayon,77637
77638,181246718,Ciriaco,Medina,77638
77639,554370355,Trinidad,Gordillo,77639
77640,562422380,Maximiliano,Casas,77640
77641,608171893,Marino,Cerro,77641
77642,460412415,Vera,Tudela,77642
77643,915710434,Ramiro,Clavero,77643
77644,636417067,Hector,Villanueva,77644
77645,101240354,Elodia,Carrasco,77645
77646,587730720,Marciano,Sanchez,77646
77647,171889896,Sandra,Salinas,77647
77648,837360061,Felix,Herranz,77648
77649,661159118,Marcia,Palomares,77649
77650,457343162,Sandalio,Esparza,77650
77651,219245203,Benita,Canton,77651
77652,873445245,Guadalupe,Huertas,77652
77653,581067136,Marco,Atienza,77653
77654,476357077,Ignacia,Ledesma,77654
77655,815459858,Ricardo,Casado,77655
77656,796140415,Maria Angeles,Juarez,77656
77657,625614826,Almudena,Becerra,77657
77658,726127780,Azahar,Chacon,77658
77659,340063921,Bernardita,Quintero,77659
77660,194454302,Carlito,Mir,77660
77661,938943951,Natalio,Valles,77661
77662,105785115,Jesus,Roig,77662
77663,989366837,Leandra,Rivero,77663
77664,900090881,Lilia,Sierra,77664
77665,544256774,Aurelio,Mena,77665
77666,707880099,Jose Luis,Cadenas,77666
77667,745761011,Mirta,Merino,77667
77668,667091346,Octavio,Capdevila,77668
77669,613672881,Heliodoro,Andrade,77669
77670,249772394,Jesus,Tirado,77670
77671,915153425,Jose,Amat,77671
77672,896049924,Ester,Estrada,77672
77673,819483614,Chus,Comas,77673
77674,541416927,Jose Angel,Jorda,77674
77675,251602756,Begona,Frias,77675
77676,836190484,Elisabet,Llorente,77676
77677,134160804,Anabel,Ruano,77677
77678,985587297,Toribio,Cabrera,77678
77679,112690459,Buenaventura,Baquero,77679
77680,325168066,Cesar,Elias,77680
77681,587485542,Nilo,Canton,77681
77682,654305693,Leocadio,Noriega,77682
77683,998087580,Melisa,Morante,77683
77684,600648181,Renato,Sainz,77684
77685,712941931,Modesta,Espanol,77685
77686,326584157,Diana,Anton,77686
77687,904235585,Elodia,Martinez,77687
77688,591060868,Juliana,Marcos,77688
77689,833706060,Ciriaco,Bou,77689
77690,958065191,Anselmo,Estrada,77690
77691,852709335,Amilcar,Tena,77691
77692,966414366,Aristides,Arevalo,77692
77693,551755333,Edgardo,Pulido,77693
77694,331154642,Lina,Laguna,77694
77695,272710550,Ariel,Castilla,77695
77696,834936836,Sergio,Arteaga,77696
77697,706556308,Santos,Briones,77697
77698,757420346,Severo,Tenorio,77698
77699,636305977,Carolina,Franch,77699
77700,979680517,Francisca,Noguera,77700
77701,948391590,Jose Carlos,Peralta,77701
77702,625684648,Ciro,Carballo,77702
77703,966085472,Elpidio,Requena,77703
77704,877000024,Alejandro,Riba,77704
77705,547496590,Juan Carlos,Gordillo,77705
77706,125925182,Cesar,Roda,77706
77707,973762695,Consuelo,Rebollo,77707
77708,513694921,Dalila,Ortega,77708
77709,715628098,Arcelia,Aller,77709
77710,523052589,Leandro,Ramirez,77710
77711,753872438,Federico,Diaz,77711
77712,666376803,Sonia,Agullo,77712
77713,740126396,Jeremias,Jara,77713
77714,188531445,Pelayo,Castejon,77714
77715,610995606,Julie,Lopez,77715
77716,914105935,Emilio,Ribas,77716
77717,156925343,Celia,Anglada,77717
77718,951697568,Micaela,Borrell,77718
77719,764744175,Lorenza,Castellanos,77719
77720,294121865,Haroldo,Vizcaino,77720
77721,615324399,Guiomar,Alcaraz,77721
77722,570034469,Vicenta,Palomar,77722
77723,910456348,Fausto,Menendez,77723
77724,939146178,Ale,Fuster,77724
77725,316906962,Arcelia,Real,77725
77726,973982653,Gaspar,Camps,77726
77727,145370433,Alberto,Sierra,77727
77728,550029104,Fortunato,Osuna,77728
77729,331465526,Renata,Valenzuela,77729
77730,493499179,Flora,Simo,77730
77731,901734904,Jose Mari,Fabregat,77731
77732,624058688,Febe,Sans,77732
77733,903903399,Vera,Madrid,77733
77734,884434419,Amanda,Fabregat,77734
77735,386349786,Augusto,Pellicer,77735
77736,780871058,Humberto,Carrasco,77736
77737,929963372,Galo,Pedraza,77737
77738,717172490,Serafina,Carro,77738
77739,571941853,Rosa Maria,Galan,77739
77740,737037426,Rafa,Aparicio,77740
77741,473287068,Martina,Villena,77741
77742,206276578,Zacarias,Bejarano,77742
77743,244860168,Diana,Font,77743
77744,126418439,Anabel,Cerdan,77744
77745,406285135,Raul,Jodar,77745
77746,604155458,Omar,Duque,77746
77747,500670153,Milagros,Mari,77747
77748,804503087,Amaro,Ochoa,77748
77749,242840606,Rosa,Verdugo,77749
77750,774153602,Placido,Carrion,77750
77751,844221463,Alexandra,Baquero,77751
77752,289484263,Mamen,Sabater,77752
77753,414177411,Jose,Cabrera,77753
77754,977069390,Gregorio,Barrios,77754
77755,911376469,Alejo,Sastre,77755
77756,981813551,Natalia,Arroyo,77756
77757,712010225,Maximiano,Raya,77757
77758,882985195,Baldomero,Amoros,77758
77759,553703552,Leonardo,Portero,77759
77760,945652854,Teodoro,Garay,77760
77761,446937769,Isa,Gonzalez,77761
77762,658074227,Dimas,Font,77762
77763,654114292,Mar,Borrell,77763
77764,316136904,Hilario,Mur,77764
77765,953572727,Felicia,Barragan,77765
77766,273558352,Geraldo,Gimeno,77766
77767,178930489,Lucio,Olivera,77767
77768,312875939,Antonia,Ojeda,77768
77769,764477624,Francisca,Guillen,77769
77770,191615033,Cesar,Carbo,77770
77771,872401752,Cecilio,Leal,77771
77772,202817699,Edelmira,Pulido,77772
77773,197944315,Piedad,Paz,77773
77774,456591901,Esther,Mendoza,77774
77775,511581859,Heliodoro,Leal,77775
77776,808016151,Ciriaco,Esteban,77776
77777,118492267,Abigail,Mayol,77777
77778,523623831,Leyre,Cid,77778
77779,897061000,Lope,Arregui,77779
77780,642652353,Carlos,Quesada,77780
77781,818645003,Olimpia,Herrera,77781
77782,506417769,Elisa,Prats,77782
77783,967979197,Maribel,Bauza,77783
77784,874790077,Sandra,Carrera,77784
77785,247150612,Fermin,Badia,77785
77786,574414957,Agata,Real,77786
77787,427143829,Adelina,Quintanilla,77787
77788,362388604,Clarisa,Navarrete,77788
77789,533919013,Rolando,Cobos,77789
77790,530486644,Felicia,Barrera,77790
77791,567363041,Gabriela,Marquez,77791
77792,697717502,Cristobal,Cervera,77792
77793,992140513,Morena,Salmeron,77793
77794,113891002,Araceli,Abad,77794
77795,582519057,Abril,Haro,77795
77796,202766790,Ildefonso,Rivero,77796
77797,524935027,Eli,Tenorio,77797
77798,876113891,Roxana,Quero,77798
77799,913151115,Feliciano,Soler,77799
77800,960119602,Araceli,Amores,77800
77801,706021192,Leocadio,Blanco,77801
77802,184126070,Susanita,Estrada,77802
77803,494027354,Ximena,Arce,77803
77804,180612730,Cristian,Crespi,77804
77805,140752077,Eli,Carro,77805
77806,950155738,Ainara,Calvet,77806
77807,986722002,Ariel,Torre,77807
77808,467075398,Alonso,Macias,77808
77809,185640031,Guiomar,Reina,77809
77810,694308195,Gabriela,Galan,77810
77811,281018504,Nicolasa,Prada,77811
77812,476489098,Eleuterio,Vina,77812
77813,547394071,Borja,Bolanos,77813
77814,863261269,Natalia,Tamayo,77814
77815,109116970,Soledad,Tudela,77815
77816,260655139,Virginia,Barcena,77816
77817,981050897,Gracia,Real,77817
77818,800718114,Ovidio,Coca,77818
77819,402191308,Primitivo,Sales,77819
77820,674621179,Celso,Robledo,77820
77821,126473350,Maria Carmen,Franch,77821
77822,481758010,Jessica,Paez,77822
77823,163286152,Mireia,Mugica,77823
77824,733586025,Guadalupe,Clemente,77824
77825,733058614,Anastasia,Carretero,77825
77826,816495461,Bonifacio,Bauza,77826
77827,950966755,Ainoa,Uriarte,77827
77828,174037526,Edelmiro,Pera,77828
77829,831899135,Albert,Sanchez,77829
77830,880218352,Roman,Gilabert,77830
77831,590875378,Ruperto,Gomez,77831
77832,136140568,Leonor,Quero,77832
77833,512192281,Carlota,Mascaro,77833
77834,441941985,Oriana,Gutierrez,77834
77835,869406170,Jose Antonio,Segura,77835
77836,199703728,Ceferino,Santana,77836
77837,378950912,Hilario,Checa,77837
77838,107933006,Antonia,Ruiz,77838
77839,157120210,Francisco Jose,Losa,77839
77840,968477861,Ligia,Company,77840
77841,765316211,Candela,Rocamora,77841
77842,570866859,Simon,Catalan,77842
77843,257298307,Borja,Rodriguez,77843
77844,984107266,Selena,Sandoval,77844
77845,207116480,Domingo,Enriquez,77845
77846,702899915,Isaura,Bustos,77846
77847,778009406,Javier,Saldana,77847
77848,723401622,Pepe,Castells,77848
77849,523274571,Isidora,Bustamante,77849
77850,179691429,Beatriz,Quiros,77850
77851,614942938,Concepcion,Muro,77851
77852,695928749,Luis Angel,Gibert,77852
77853,399586294,Flor,Amat,77853
77854,179181327,Miguel Angel,Saavedra,77854
77855,197025348,Fidel,Jodar,77855
77856,451202193,Jennifer,Burgos,77856
77857,589752545,Nico,Corral,77857
77858,616790038,Panfilo,Arjona,77858
77859,899994609,Nestor,Arias,77859
77860,294578078,Che,Hierro,77860
77861,136418941,Xiomara,Bravo,77861
77862,276395630,Juana,Marcos,77862
77863,388830219,Isa,Sureda,77863
77864,476730984,Severo,Sedano,77864
77865,515616190,Aranzazu,Llorens,77865
77866,830584614,Lino,Olmedo,77866
77867,643376974,Anselmo,Alba,77867
77868,795226059,Amado,Lago,77868
77869,901047692,Matias,Serrano,77869
77870,463019867,Heriberto,Carrasco,77870
77871,196559037,Adela,Abril,77871
77872,226052077,Angel,Landa,77872
77873,133850512,Aaron,Heredia,77873
77874,405043897,Montserrat,Guillen,77874
77875,908579793,Julie,Recio,77875
77876,745572118,Tomas,Llobet,77876
77877,384742931,Eusebia,Valverde,77877
77878,227796663,Micaela,Frias,77878
77879,971694192,Agata,Escamilla,77879
77880,158936433,Carlos,Gil,77880
77881,221363053,Ariel,Gamez,77881
77882,391098528,Regina,Gelabert,77882
77883,587892888,Emigdio,Llabres,77883
77884,197814225,Felicidad,Castells,77884
77885,444511288,Francisco,Carreno,77885
77886,578043007,Sarita,Murcia,77886
77887,565211545,Jimena,Maldonado,77887
77888,192534675,Almudena,Valverde,77888
77889,864575305,Leandro,Antunez,77889
77890,546918940,Marc,Bertran,77890
77891,706846714,Juanita,Aroca,77891
77892,119511685,Perlita,Riba,77892
77893,825724310,Primitivo,Blasco,77893
77894,834276739,Maria Luisa,Llorens,77894
77895,980718034,Graciano,Acero,77895
77896,332736288,Adelaida,Bonet,77896
77897,745380574,Mireia,Olivera,77897
77898,795943032,Luciano,Tejera,77898
77899,274712246,Yesica,Osorio,77899
77900,503772829,Eusebio,Mateos,77900
77901,912890528,Haroldo,Mosquera,77901
77902,861471880,Esmeralda,Llabres,77902
77903,115946002,Antonia,Saez,77903
77904,150979189,Aurora,Ibarra,77904
77905,142891034,Juanito,Castaneda,77905
77906,984645418,Sandra,Gisbert,77906
77907,445606668,Felicia,Aguilo,77907
77908,388458794,Juanito,Garcia,77908
77909,776403846,Juanita,Herrera,77909
77910,816162528,Abraham,Narvaez,77910
77911,189816781,Chus,Garmendia,77911
77912,783843227,Yago,Vara,77912
77913,655500229,Regulo,Franch,77913
77914,690324941,Leonor,Trillo,77914
77915,704022855,Zacarias,Guillen,77915
77916,686629328,Rodrigo,Donoso,77916
77917,424130512,Adoracion,Morata,77917
77918,518863557,Nerea,Bernat,77918
77919,867428856,Gabriela,Otero,77919
77920,759425360,Begona,Bernad,77920
77921,113990132,Buenaventura,Sedano,77921
77922,441520679,Daniela,Aliaga,77922
77923,867762056,Yesica,Bayon,77923
77924,225092642,Concepcion,Escolano,77924
77925,839127928,Corona,Sanabria,77925
77926,157569911,Emiliano,Escribano,77926
77927,551370718,Dulce,Isern,77927
77928,209163963,Pepita,Salom,77928
77929,456736958,Reyes,Gras,77929
77930,704868629,Bernarda,Lumbreras,77930
77931,685833171,Luna,Sanabria,77931
77932,333410749,Noe,Valderrama,77932
77933,244919080,Apolonia,Jimenez,77933
77934,478427954,Custodia,Agustin,77934
77935,234043998,Maribel,Amat,77935
77936,323903757,Agapito,Arellano,77936
77937,926759202,Toribio,Briones,77937
77938,666855488,Fatima,Pla,77938
77939,517601343,Poncio,Gelabert,77939
77940,725076892,Simon,Palacios,77940
77941,814053778,Emilio,Pera,77941
77942,762865009,Galo,Exposito,77942
77943,875558736,Tito,Montes,77943
77944,205571687,Cristian,Camino,77944
77945,902085932,Jacinto,Colomer,77945
77946,150229710,Nazaret,Vilaplana,77946
77947,417649140,Dimas,Castells,77947
77948,732040825,Felipa,Ayllon,77948
77949,591820122,Hermenegildo,Lledo,77949
77950,599838295,Leire,Sarabia,77950
77951,461938377,Carlito,Leon,77951
77952,943440189,Modesto,Amor,77952
77953,138970999,Trinidad,Alonso,77953
77954,535081992,Caridad,Capdevila,77954
77955,943982361,Candido,Otero,77955
77956,620862425,Dalila,Madrid,77956
77957,151440811,Albert,Pavon,77957
77958,925471906,Calixto,Alegre,77958
77959,278694556,Malena,Marti,77959
77960,804856870,Marc,Soria,77960
77961,685396615,Dominga,Pujol,77961
77962,764593645,Noe,Palomar,77962
77963,904745582,Maxi,Araujo,77963
77964,904938612,Hortensia,Olmo,77964
77965,388398081,Gabriela,Cisneros,77965
77966,234451447,Marcial,Pinedo,77966
77967,234873052,Americo,Boada,77967
77968,718311550,Vera,Riba,77968
77969,560113570,Isabel,Fiol,77969
77970,419630279,Isaac,Aroca,77970
77971,919897615,Martirio,Briones,77971
77972,735934208,Mercedes,Pedro,77972
77973,865798693,Juan,Blazquez,77973
77974,837863764,Ruy,Ortega,77974
77975,492042209,Adalberto,Quevedo,77975
77976,359566268,Nicolasa,Roman,77976
77977,195480910,Lupe,Rueda,77977
77978,518837903,Joan,Gimenez,77978
77979,416704540,Fausto,Noguera,77979
77980,271086473,Ricarda,Vera,77980
77981,602615780,Donato,Guardiola,77981
77982,296164811,Gaspar,Baena,77982
77983,633167083,Vasco,Saldana,77983
77984,603432555,Joan,Aramburu,77984
77985,119850218,Itziar,Izaguirre,77985
77986,288823293,Brigida,Luz,77986
77987,621611536,Isidora,Egea,77987
77988,969160977,Marisela,Iniesta,77988
77989,528180619,Hernando,Hierro,77989
77990,498796743,Pascual,Bonilla,77990
77991,207532770,Nicodemo,Guerra,77991
77992,816948973,Leonardo,Peral,77992
77993,686035385,Estela,Caballero,77993
77994,452197428,Adalberto,Roda,77994
77995,801544913,Jordi,Carbajo,77995
77996,740965586,Armida,Redondo,77996
77997,490601489,Roberta,Barroso,77997
77998,541138180,Armando,Gimenez,77998
77999,944362897,Manu,Pena,77999
78000,197394734,Victoriano,Jauregui,78000
78001,153433671,Gisela,Sala,78001
78002,726222948,Lucio,Yanez,78002
78003,244969454,Roberta,Gonzalez,78003
78004,281089243,Vito,Marin,78004
78005,684191553,Morena,Agusti,78005
78006,305603706,Mar,Pol,78006
78007,166647059,Casandra,Nieto,78007
78008,903538074,Fernando,Sureda,78008
78009,875494106,Espiridion,Priego,78009
78010,940236441,Juanito,Alcolea,78010
78011,463801606,Inocencio,Segui,78011
78012,499227371,Lilia,Cardenas,78012
78013,424352561,Edelmiro,Sandoval,78013
78014,834526863,Flor,Lucas,78014
78015,603592978,Angeles,Frias,78015
78016,878171965,Emigdio,Grau,78016
78017,687074885,Lucila,Gallart,78017
78018,712620348,Ani,Maldonado,78018
78019,532652370,Edgar,Rios,78019
78020,240104872,Salvador,Uria,78020
78021,309799806,Saturnina,Gimeno,78021
78022,628138716,Eric,Molina,78022
78023,714080954,Julieta,Villa,78023
78024,434274445,Paulina,Codina,78024
78025,325587479,Alberto,Ramos,78025
78026,746312166,Emilia,Ribes,78026
78027,189892071,Lupita,Bello,78027
78028,862146145,Narcisa,Delgado,78028
78029,339620423,Jesus,Palomar,78029
78030,263912417,Cipriano,Vaquero,78030
78031,299012844,Maria Del Carmen,Bernad,78031
78032,529481826,Teodoro,Canet,78032
78033,790902069,Pacifica,Gil,78033
78034,171836685,Angelina,Marmol,78034
78035,612282702,Brigida,Laguna,78035
78036,116220649,Julio Cesar,Rios,78036
78037,424949294,Concha,Huguet,78037
78038,471392408,Pilar,Sanjuan,78038
78039,703572720,Isidro,Montenegro,78039
78040,200261961,Claudia,Cifuentes,78040
78041,691746087,Maura,Fonseca,78041
78042,626932514,Asuncion,Cerro,78042
78043,556123244,Ruperta,Mir,78043
78044,163583875,Candelario,Garmendia,78044
78045,352785033,Modesta,Conesa,78045
78046,460597798,Ceferino,Fuente,78046
78047,591257464,Geronimo,Marti,78047
78048,881414658,Anastasia,Caparros,78048
78049,653670718,Nilo,Cornejo,78049
78050,291227827,Juan Pablo,Sierra,78050
78051,105233084,Olga,Navas,78051
78052,305316665,Dora,Duran,78052
78053,173225290,Plinio,Sanz,78053
78054,673865419,Antonio,Ferrer,78054
78055,245382576,Maria Fernanda,Pi,78055
78056,191731991,Coral,Sanjuan,78056
78057,341974345,Pablo,Tellez,78057
78058,151946615,Venceslas,Plana,78058
78059,682452630,Teofilo,Santamaria,78059
78060,113341287,Paula,Casas,78060
78061,912932355,Anabel,Jodar,78061
78062,163323049,Adela,Goni,78062
78063,698356756,Emperatriz,Correa,78063
78064,803096087,Moreno,Batalla,78064
78065,144070209,Bernabe,Vilanova,78065
78066,801256673,Selena,Gallego,78066
78067,774050536,Isidoro,Andres,78067
78068,532603326,Jesusa,Menendez,78068
78069,361589146,Geronimo,Blazquez,78069
78070,935674076,Leonardo,Gallego,78070
78071,592811915,Charo,Serna,78071
78072,142401905,Zoraida,Gallego,78072
78073,986048490,Maria Pilar,Mate,78073
78074,803209931,Josefa,Losada,78074
78075,385839843,Francisco Jose,Alcaraz,78075
78076,183387396,Espiridion,Aguirre,78076
78077,427345133,Vinicio,Acosta,78077
78078,103043736,Anibal,Simo,78078
78079,980111262,Ignacia,Arias,78079
78080,820560003,Santiago,Cortina,78080
78081,715471149,Santos,Toro,78081
78082,412626189,Azahara,Gonzalez,78082
78083,814120176,Juan Jose,Baquero,78083
78084,947347879,Lara,Pelayo,78084
78085,751577684,Javier,Cornejo,78085
78086,882127268,Laura,Vicente,78086
78087,675958489,Geronimo,Aguado,78087
78088,574829984,Pili,Carbo,78088
78089,690197502,Evita,Pacheco,78089
78090,731582646,Joaquina,Lopez,78090
78091,331122715,Adela,Cerezo,78091
78092,271324997,Daniel,Palomar,78092
78093,473729191,Fito,Escamilla,78093
78094,555080462,Armida,Nino,78094
78095,773499619,Porfirio,Beltran,78095
78096,460197272,Obdulia,Escamilla,78096
78097,250179685,Ivan,Priego,78097
78098,668319338,Agapito,Pages,78098
78099,115841476,Jose Miguel,Angulo,78099
78100,636310694,Caridad,Echevarria,78100
78101,291682886,Teresa,Cerda,78101
78102,852769026,Valerio,Nicolau,78102
78103,295846886,Natalio,Tomas,78103
78104,207063393,Cipriano,Tormo,78104
78105,981886594,Victor,Batalla,78105
78106,678052198,Roque,Figuerola,78106
78107,499655775,Javi,Talavera,78107
78108,164103216,Jesus,Francisco,78108
78109,614053252,Ildefonso,Espada,78109
78110,558547904,Noe,Somoza,78110
78111,887505540,Carmelita,Clavero,78111
78112,103115783,Fortunato,Salmeron,78112
78113,588513300,Enrique,Carranza,78113
78114,378068090,Rosendo,Cobos,78114
78115,505943984,Elvira,Cal,78115
78116,475145567,Alvaro,Tejero,78116
78117,647495319,Clementina,Nadal,78117
78118,287416587,Maura,Dalmau,78118
78119,239533382,Ana,Barrera,78119
78120,583718518,Dionisia,Aragones,78120
78121,550875458,Mariano,Benavides,78121
78122,120292598,Anselma,Colomer,78122
78123,488213955,Rosario,Barragan,78123
78124,206215170,Gloria,Valle,78124
78125,942330945,Telmo,Acero,78125
78126,917466899,Ramona,Agustin,78126
78127,394501406,Araceli,Martinez,78127
78128,141433075,Ambar,Anglada,78128
78129,436433241,Iker,Lerma,78129
78130,167527404,Esther,Marco,78130
78131,682080897,Fabiola,Almagro,78131
78132,982208254,Noemi,Palomar,78132
78133,470224159,Ema,Avila,78133
78134,684943768,Octavio,Marmol,78134
78135,599579799,Rosalva,Soria,78135
78136,998911685,Belen,Caparros,78136
78137,549073969,Basilio,Real,78137
78138,858044099,Pastor,Pizarro,78138
78139,437232429,Chema,Hurtado,78139
78140,588925259,Ciriaco,Canizares,78140
78141,760049277,Prudencia,Espanol,78141
78142,916885861,Fortunata,Tolosa,78142
78143,545242409,Moreno,Anton,78143
78144,236210921,Miriam,Varela,78144
78145,614199492,Natalio,Espejo,78145
78146,151673422,Albina,Valencia,78146
78147,944730984,Calisto,Canizares,78147
78148,137166730,Barbara,Sarabia,78148
78149,112421456,Cruz,Garzon,78149
78150,808675928,Renata,Nino,78150
78151,743458303,Teresita,Sanjuan,78151
78152,731464026,Erasmo,Higueras,78152
78153,673495881,Vera,Valcarcel,78153
78154,625466708,Manuel,Esparza,78154
78155,562980286,Modesta,Mendizabal,78155
78156,914121627,Guiomar,Rosell,78156
78157,671862187,Maximo,Abellan,78157
78158,440647542,Manuelita,Naranjo,78158
78159,315194904,Claudia,Hoz,78159
78160,955012892,Carlota,Mena,78160
78161,502716385,Estrella,Mancebo,78161
78162,701965861,Severino,Pera,78162
78163,566426689,Carlos,Ordonez,78163
78164,889366627,Marcelo,Casas,78164
78165,810040657,Leyre,Rivero,78165
78166,640979794,Carmen,Paez,78166
78167,604967564,Eleuterio,Valentin,78167
78168,378842096,Debora,Gallart,78168
78169,741962743,Javiera,Diaz,78169
78170,339729084,Yolanda,Guzman,78170
78171,320073061,Gema,Zorrilla,78171
78172,107500969,Luisina,Bellido,78172
78173,562579150,Artemio,Briones,78173
78174,630770439,Lucila,Naranjo,78174
78175,338672777,Plinio,Zabaleta,78175
78176,168329957,Jose Antonio,Arroyo,78176
78177,638270653,Arcelia,Vilalta,78177
78178,966091116,Arcelia,Abril,78178
78179,883689126,Rufino,Ayuso,78179
78180,748477265,Maria Carmen,Catala,78180
78181,116633722,Jennifer,Tena,78181
78182,345497991,Soledad,Abad,78182
78183,473998009,Jose,Luna,78183
78184,128764123,Herberto,Pineiro,78184
78185,478466022,Lisandro,Arnau,78185
78186,677595776,Curro,Querol,78186
78187,434007523,Yessica,Olivera,78187
78188,579827626,Arsenio,Cardenas,78188
78189,844057021,Eulalia,Asenjo,78189
78190,397957871,Camila,Enriquez,78190
78191,865006690,Iban,Guzman,78191
78192,943438597,Maria Luisa,Bou,78192
78193,368395907,Magdalena,Pozo,78193
78194,491112542,Ale,Luque,78194
78195,498205462,Elba,Jerez,78195
78196,180433680,Evita,Bravo,78196
78197,107060437,Gregorio,Saez,78197
78198,469940694,Serafina,Francisco,78198
78199,653627959,Sabas,Fuentes,78199
78200,387201938,Arsenio,Martinez,78200
78201,318353494,Caridad,Cano,78201
78202,926657342,Tiburcio,Montero,78202
78203,845008353,Jose Carlos,Beltran,78203
78204,784210652,Lorenza,Oller,78204
78205,248540405,Bartolome,Catala,78205
78206,104169113,Cristian,Carreno,78206
78207,688547444,Noa,Manuel,78207
78208,943192728,Maria Luisa,Gisbert,78208
78209,193421130,Bernarda,Jordan,78209
78210,553676141,Dafne,Montoya,78210
78211,313854976,Noelia,Roldan,78211
78212,335135466,Rosario,Falcon,78212
78213,719011452,Macario,Pages,78213
78214,811581856,Jesusa,Samper,78214
78215,896763095,Jorge,Penas,78215
78216,916972400,Manolo,Ropero,78216
78217,592676110,Jimena,Jara,78217
78218,458167549,Candelaria,Salgado,78218
78219,980470993,Montserrat,Tovar,78219
78220,929152742,Felisa,Carranza,78220
78221,483702087,Valentin,Urrutia,78221
78222,293142604,Yolanda,Elias,78222
78223,774798052,Salome,Urrutia,78223
78224,900179955,Alonso,Zaragoza,78224
78225,126930662,Evangelina,Soriano,78225
78226,935823718,Marcio,Morera,78226
78227,963425879,Anita,Alonso,78227
78228,150394442,Juana,Borrego,78228
78229,659060173,Narcisa,Casal,78229
78230,993134401,Amancio,Hervia,78230
78231,633628776,Valentina,Garces,78231
78232,296064158,Arturo,Luis,78232
78233,361217816,Ingrid,Posada,78233
78234,768020359,Martina,Camara,78234
78235,717145067,Aurelio,Montesinos,78235
78236,471688438,Ciro,Matas,78236
78237,909276269,Maria Jesus,Rodrigo,78237
78238,509883572,Gregorio,Angulo,78238
78239,181573860,Calixta,Chamorro,78239
78240,844789121,Juanito,Marti,78240
78241,943111351,Rocio,Tellez,78241
78242,593053012,Martina,Carbo,78242
78243,56591864,Constanza,Jerez,78243
78244,579039714,Hipolito,Chamorro,78244
78245,477412623,Leopoldo,Mariscal,78245
78246,680616065,Itziar,Cardenas,78246
78247,165611586,Luis,Nino,78247
78248,997133075,Manolo,Barros,78248
78249,404640681,Juan Bautista,Gordillo,78249
78250,915242079,Serafina,Bellido,78250
78251,583204658,Natividad,Lorenzo,78251
78252,140683072,Dora,Rivera,78252
78253,525776320,Jennifer,Vaquero,78253
78254,328796472,Efrain,Marin,78254
78255,495559423,Antonia,Alfaro,78255
78256,618975213,Isabel,Acosta,78256
78257,721091456,Cebrian,Ortega,78257
78258,154225709,Salvador,Vicente,78258
78259,171102884,Efrain,Guillen,78259
78260,436716532,Gabino,Garmendia,78260
78261,997328637,Ruy,Olivares,78261
78262,251332080,Moises,Ochoa,78262
78263,576567425,Gonzalo,Villalonga,78263
78264,522188273,Amalia,Manzanares,78264
78265,246701732,Aitor,Fonseca,78265
78266,801527854,Seve,Alvarado,78266
78267,103118862,Visitacion,Mendoza,78267
78268,390627202,Candela,Teruel,78268
78269,886774075,Lidia,Pallares,78269
78270,583188070,Lourdes,Belmonte,78270
78271,379820793,Armando,Bas,78271
78272,280313341,Demetrio,Garrido,78272
78273,274409630,Cristian,Carvajal,78273
78274,517974615,Azeneth,Clavero,78274
78275,131263180,Maria Cristina,Cuellar,78275
78276,862634403,Dafne,Lamas,78276
78277,889487773,Jacinto,Blanch,78277
78278,128237742,Lucila,Alcolea,78278
78279,138842898,Sergio,Arenas,78279
78280,875946052,Cipriano,Ramos,78280
78281,899514241,Jordan,Perales,78281
78282,702712972,Adelia,Castrillo,78282
78283,708911746,Magdalena,Serrano,78283
78284,290217245,Moises,Carrera,78284
78285,911361881,Reyes,Tamayo,78285
78286,244473144,Asdrubal,Costa,78286
78287,179179276,Hugo,Conde,78287
78288,700885857,Nadia,Alvaro,78288
78289,348613686,Leandra,Gomez,78289
78290,956658839,Valero,Escobar,78290
78291,842047563,Joel,Torrent,78291
78292,258164222,Fatima,Ramos,78292
78293,940742301,Duilio,Alamo,78293
78294,567502861,Rosalina,Oliva,78294
78295,187789425,Sandalio,Sanabria,78295
78296,571959225,Roberta,Blanes,78296
78297,127201452,Cristina,Cerro,78297
78298,277138517,Luisa,Linares,78298
78299,538756506,Oscar,Peinado,78299
78300,939935537,Leonor,Vargas,78300
78301,728865816,Ale,Montserrat,78301
78302,307365358,Reyes,Prieto,78302
78303,516544832,Lalo,Ropero,78303
78304,438616139,Maristela,Hernandez,78304
78305,237379431,Aitana,Tello,78305
78306,985558544,Gloria,Galan,78306
78307,556490270,Luz,Arenas,78307
78308,947114777,Carlota,Espada,78308
78309,741818662,Heriberto,Dominguez,78309
78310,929727012,Emiliana,Ortiz,78310
78311,145622672,Eloy,Corbacho,78311
78312,350383418,Carla,Roca,78312
78313,301271265,Sofia,Carrera,78313
78314,653842521,Felisa,Garcia,78314
78315,753796705,Odalis,Ropero,78315
78316,546851653,Osvaldo,Alberdi,78316
78317,850258211,Berto,Banos,78317
78318,966212757,Ainara,Macias,78318
78319,147302985,Fulgencio,Planas,78319
78320,272611217,Filomena,Bertran,78320
78321,260996198,Ruperta,Gelabert,78321
78322,623892002,Jose,Vera,78322
78323,813744454,Juan Jose,Solera,78323
78324,871832132,Vicenta,Castello,78324
78325,384755623,Juanito,Sureda,78325
78326,213437892,Lupe,Bru,78326
78327,278322598,Ricarda,Tenorio,78327
78328,301872653,Miguela,Valderrama,78328
78329,368140193,Monica,Fuster,78329
78330,632435624,Camila,Fuentes,78330
78331,240815563,Viviana,Prats,78331
78332,518018704,Ainara,Pla,78332
78333,323299985,Florentina,Garces,78333
78334,846646430,Damian,Sanmartin,78334
78335,312885612,Bernardita,Ribes,78335
78336,822234486,Fernando,Giralt,78336
78337,440408211,Maricela,Serra,78337
78338,129192385,Moises,Garcia,78338
78339,392653968,Nilda,Machado,78339
78340,474095547,Sandalio,Buendia,78340
78341,187730951,Leopoldo,Ruiz,78341
78342,928052562,Fernando,Prat,78342
78343,826920996,Ainoa,Machado,78343
78344,396255217,Natalio,Riba,78344
78345,643503320,Cristian,Pellicer,78345
78346,233624497,Casandra,Huguet,78346
78347,930791941,Ana Belen,Carro,78347
78348,856981382,Osvaldo,Armengol,78348
78349,719401662,Telmo,Bravo,78349
78350,752150169,Lupe,Portero,78350
78351,307902710,Fito,Gonzalez,78351
78352,407500855,Reyes,Infante,78352
78353,950666779,Aurelia,Toro,78353
78354,312038487,Teodosio,Murcia,78354
78355,739673672,Aroa,Amor,78355
78356,382056187,Octavio,Berenguer,78356
78357,745409465,Pili,Pineiro,78357
78358,806552765,Azucena,Ortiz,78358
78359,414603915,Marino,Exposito,78359
78360,808404956,Valerio,Baena,78360
78361,223094140,Duilio,Pardo,78361
78362,495311866,Rolando,Cordoba,78362
78363,614991897,Apolonia,Robles,78363
78364,582539333,Carina,Pardo,78364
78365,889804334,Saturnina,Lledo,78365
78366,588869547,Lucio,Pelayo,78366
78367,442580140,Hector,Duran,78367
78368,567317017,Aurelia,Torrijos,78368
78369,425197545,Ambar,Marti,78369
78370,991664976,Teresita,Escamilla,78370
78371,366882474,Valentina,Gimeno,78371
78372,122572207,Regulo,Bonet,78372
78373,159549790,Zacarias,Blanch,78373
78374,916213111,Benita,Morillo,78374
78375,867193620,Cristobal,Milla,78375
78376,699357365,Teo,Ayuso,78376
78377,726909344,Eulalia,Leiva,78377
78378,879991493,Chus,Iriarte,78378
78379,928389984,Candelaria,Ferrandiz,78379
78380,236152380,Raquel,Llano,78380
78381,819277277,Cayetano,Varela,78381
78382,249579476,Febe,Menendez,78382
78383,905218546,Emiliana,Gordillo,78383
78384,145550175,Bienvenida,Garzon,78384
78385,540701191,Alicia,Aznar,78385
78386,249563852,Daniel,Alarcon,78386
78387,902548325,Chuy,Alcolea,78387
78388,648630859,Cristina,Arellano,78388
78389,259228818,Apolonia,Marin,78389
78390,468725260,Graciela,Rincon,78390
78391,629075410,Valero,Carpio,78391
78392,682430823,Griselda,Pallares,78392
78393,457177610,Maria Angeles,Castaneda,78393
78394,696590502,Brunilda,Buendia,78394
78395,812164727,Urbano,Sandoval,78395
78396,285850632,Dafne,Verdejo,78396
78397,819122323,Custodia,Pinto,78397
78398,675643451,Edelmiro,Ibarra,78398
78399,319782514,Graciano,Tapia,78399
78400,646779241,Lupita,Figueras,78400
78401,625188634,Alfredo,Carballo,78401
78402,549579393,Lucho,Luna,78402
78403,407882054,Diego,Berrocal,78403
78404,100530950,Elisa,Mata,78404
78405,642663548,Aurelio,Almansa,78405
78406,975077409,Reyes,Amo,78406
78407,467385728,Sabina,Bertran,78407
78408,465250423,Eloisa,Maestre,78408
78409,606270463,Efrain,Saenz,78409
78410,531709575,Miguel,Lobato,78410
78411,473727528,Ana Belen,Tejera,78411
78412,690114546,Salomon,Ibanez,78412
78413,431775263,Bonifacio,Iriarte,78413
78414,107155308,Melchor,Real,78414
78415,448587683,Maria Pilar,Andreu,78415
78416,907436920,Candido,Zabala,78416
78417,555878119,Aranzazu,Cardona,78417
78418,161199851,Heraclio,Pujol,78418
78419,692058977,Susana,Jimenez,78419
78420,316837479,Maria Teresa,Campoy,78420
78421,555189222,Ambrosio,Martinez,78421
78422,737801114,Dafne,Ribas,78422
78423,779255815,Santos,Porta,78423
78424,777296139,Pascual,Montenegro,78424
78425,847296642,Natalia,Segovia,78425
78426,361461193,Nuria,Tomas,78426
78427,472851753,Ismael,Osorio,78427
78428,384970354,Baldomero,Escolano,78428
78429,765219043,Nando,Villalba,78429
78430,395300972,Ani,Redondo,78430
78431,594446963,Nacio,Villalba,78431
78432,748025267,Rogelio,Vera,78432
78433,855929829,Juan Bautista,Penalver,78433
78434,898292517,Ofelia,Diaz,78434
78435,152052905,Marcelino,Aguila,78435
78436,216868958,Urbano,Espanol,78436
78437,973737890,Joel,Rodriguez,78437
78438,969977434,Domingo,Campo,78438
78439,669585008,Maria Pilar,Campoy,78439
78440,564642702,Feliciano,Manuel,78440
78441,255440961,Jose Manuel,Coello,78441
78442,403363081,Marc,Morcillo,78442
78443,818785116,Rafael,Paez,78443
78444,731314161,Loreto,Benavent,78444
78445,261674447,Carolina,Arcos,78445
78446,958072355,Judith,Bueno,78446
78447,935582022,Gertrudis,Luz,78447
78448,516331646,Clemente,Pallares,78448
78449,407228103,Candela,Vergara,78449
78450,950032068,Claudio,Arevalo,78450
78451,645693067,Angeles,Alegre,78451
78452,613098197,Maria Manuela,Losa,78452
78453,240371574,Zaira,Torrecilla,78453
78454,935396660,Jeronimo,Morell,78454
78455,143535553,Odalis,Mateos,78455
78456,438242952,Javier,Valbuena,78456
78457,298906597,Ivan,Valero,78457
78458,753289448,Adriana,Montero,78458
78459,626054909,Sofia,Villena,78459
78460,637182660,Edgardo,Lopez,78460
78461,139299283,Jose,Ruiz,78461
78462,725650422,Fortunato,Contreras,78462
78463,611867854,Bernardita,Pons,78463
78464,366163110,Odalis,Oliveras,78464
78465,475884361,Isidora,Ramis,78465
78466,916103786,Calixto,Prat,78466
78467,768527523,Nerea,Rovira,78467
78468,573196438,Joaquin,Raya,78468
78469,988871478,Noa,Barbero,78469
78470,927117977,Marcelo,Clemente,78470
78471,236837155,Baldomero,Puerta,78471
78472,296224544,Ana,Pina,78472
78473,893383544,Reinaldo,Sabater,78473
78474,802737889,Lupe,Busquets,78474
78475,874484471,Agata,Asensio,78475
78476,763824750,Adelardo,Marmol,78476
78477,573388549,Clemente,Vicente,78477
78478,897091111,Maite,Calzada,78478
78479,460607271,Jesusa,Sandoval,78479
78480,968415091,Blas,Vazquez,78480
78481,400765280,Miguel Angel,Nadal,78481
78482,369867036,Vinicio,Gimenez,78482
78483,286443238,Alba,Barranco,78483
78484,948496543,Jessica,Reyes,78484
78485,950540323,Lucia,Carpio,78485
78486,165338922,Rufino,Berenguer,78486
78487,332635833,Virginia,Duenas,78487
78488,896740191,Cruz,Villalobos,78488
78489,719000243,Climaco,Paez,78489
78490,765871743,Dani,Arteaga,78490
78491,257332805,Edmundo,Jimenez,78491
78492,198816858,Anabel,Godoy,78492
78493,218869166,Espiridion,Solana,78493
78494,202722390,Ruperto,Abella,78494
78495,989585135,Lucho,Raya,78495
78496,524642377,Adora,Anguita,78496
78497,855027033,Pedro,Bonilla,78497
78498,653983367,Belen,Gonzalez,78498
78499,615633763,Encarnacion,Iniguez,78499
78500,355642203,Amaro,Menendez,78500
78501,336194254,Juan,Barcena,78501
78502,653773550,Ambrosio,Tolosa,78502
78503,418881382,Dorita,Gimenez,78503
78504,910225428,Odalys,Franch,78504
78505,445081383,Adelaida,Goni,78505
78506,136288326,Asuncion,Casado,78506
78507,171155199,Jennifer,Vives,78507
78508,543509953,Marianela,Ugarte,78508
78509,455178904,Marisela,Ferran,78509
78510,275404816,Fabiola,Molins,78510
78511,798347466,Silvestre,Duarte,78511
78512,175736944,Pia,Arnal,78512
78513,180853332,Gonzalo,Azcona,78513
78514,435003776,Cleto,Miro,78514
78515,786504006,Luis Angel,Gascon,78515
78516,508309514,Abigail,Arino,78516
78517,319966599,Noelia,Chamorro,78517
78518,529838939,Ainara,Blanes,78518
78519,835923697,Emilia,Herrero,78519
78520,757492001,Valeria,Espana,78520
78521,205395090,Chus,Valle,78521
78522,150056474,Maria Fernanda,Cozar,78522
78523,856940283,Olegario,Lamas,78523
78524,523983423,Samu,Ripoll,78524
78525,956175850,Carmen,Sans,78525
78526,116494804,Carlito,Alcaraz,78526
78527,285736008,Pelayo,Lozano,78527
78528,289903464,Guillermo,Aguirre,78528
78529,505590891,Chus,Coloma,78529
78530,239337801,Genoveva,Barranco,78530
78531,992601523,Graciela,Verdejo,78531
78532,408438509,Casemiro,Muniz,78532
78533,807712304,Margarita,Gomez,78533
78534,752337758,Palmira,Porcel,78534
78535,568730492,Claudia,Guijarro,78535
78536,865686315,Ariel,Parejo,78536
78537,220107315,Victoriano,Blanca,78537
78538,609337249,Rosa,Jimenez,78538
78539,636553858,Felipe,Rodenas,78539
78540,565069196,Catalina,Llabres,78540
78541,948142669,Custodio,Urrutia,78541
78542,731346443,Viviana,Gallo,78542
78543,913813025,Fernanda,Ramos,78543
78544,885440347,Josefina,Aguilo,78544
78545,227599292,Pedro,Angulo,78545
78546,269752556,Francisco Jose,Herranz,78546
78547,307429205,Jose Ramon,Polo,78547
78548,911663838,Luciana,Molins,78548
78549,536951053,Godofredo,Quiros,78549
78550,887252485,Flavio,Saenz,78550
78551,966999575,Celestino,Espinosa,78551
78552,207709916,Borja,Carreras,78552
78553,602772185,Joaquin,Becerra,78553
78554,453667370,Maricruz,Contreras,78554
78555,509731670,Espiridion,Sevilla,78555
78556,515357516,Lourdes,Barrena,78556
78557,948346517,Alicia,Poza,78557
78558,459993082,Desiderio,Rocamora,78558
78559,253400675,Adolfo,Valcarcel,78559
78560,618029437,Anselmo,Aguirre,78560
78561,783544383,Adalberto,Alcala,78561
78562,338176222,Jovita,Muniz,78562
78563,958644947,Teofilo,Chaparro,78563
78564,274743500,Pastor,Castello,78564
78565,987508719,Epifanio,Alvarez,78565
78566,554509077,Zoraida,Elorza,78566
78567,949661740,Roman,Quiros,78567
78568,250722998,Aureliano,Saez,78568
78569,245552994,Eutropio,Arevalo,78569
78570,584432935,Victorino,Guillen,78570
78571,845974020,Fabiana,Fabregat,78571
78572,666331151,Paz,Cuesta,78572
78573,762272224,Angelino,Montalban,78573
78574,638185503,Ligia,Espinosa,78574
78575,168252992,Catalina,Saavedra,78575
78576,502287932,Charo,Pombo,78576
78577,200359063,Azucena,Alberola,78577
78578,409254813,Teresita,Ayllon,78578
78579,270631365,Goyo,Higueras,78579
78580,769809940,Macario,Bustos,78580
78581,702364728,Paca,Vinas,78581
78582,961545686,Victor,Acedo,78582
78583,208464811,Selena,Alfonso,78583
78584,517860060,Jeronimo,Leon,78584
78585,445724726,Geronimo,Aranda,78585
78586,571906587,Felipe,Peiro,78586
78587,313949830,Eustaquio,Tovar,78587
78588,217249461,Paca,Naranjo,78588
78589,681903399,Purificacion,Acero,78589
78590,565999000,Maria Belen,Angel,78590
78591,160013392,Margarita,Castells,78591
78592,707216127,Mar,Cabanas,78592
78593,909223495,Faustino,Galiano,78593
78594,518505464,Juan Pablo,Acosta,78594
78595,607802454,Edelmiro,Gabaldon,78595
78596,662747097,Salvador,Alcazar,78596
78597,406218153,Custodia,Mur,78597
78598,657386816,Plinio,Ruano,78598
78599,274662706,Francisco,Mancebo,78599
78600,282526686,Danilo,Almagro,78600
78601,958765232,Raimundo,Azcona,78601
78602,879905998,Valentina,Gil,78602
78603,967600767,Ileana,Martin,78603
78604,409581041,Angelina,Polo,78604
78605,621021484,Panfilo,Torrents,78605
78606,875557445,Edu,Bonilla,78606
78607,200062727,Jose Angel,Gomis,78607
78608,857341614,Nicolas,Martinez,78608
78609,883441016,Jacinta,Ribes,78609
78610,596081745,Benigno,Quintero,78610
78611,962241304,Maximiliano,Aguila,78611
78612,201057134,Sabas,Gracia,78612
78613,976324395,David,Azorin,78613
78614,601332299,Pio,Montes,78614
78615,439017182,Teodosio,Morata,78615
78616,326862247,Ovidio,Barragan,78616
78617,802656911,Teofila,Garate,78617
78618,148277375,Amaya,Rico,78618
78619,410428120,Venceslas,Morillo,78619
78620,198869911,Gilberto,Querol,78620
78621,485739750,Lucho,Gonzalez,78621
78622,480674550,Raul,Toledo,78622
78623,537305764,Silvia,Castrillo,78623
78624,128888064,Roman,Aguado,78624
78625,937830069,Jaime,Casal,78625
78626,421479622,Flor,Garrido,78626
78627,704458365,Cecilia,Ortega,78627
78628,967877726,Dimas,Mulet,78628
78629,973624509,Zoraida,Sedano,78629
78630,825506717,Bernardino,Egea,78630
78631,478309120,Cosme,Malo,78631
78632,711304046,Jacinta,Bustamante,78632
78633,745555320,Pilar,Guillen,78633
78634,604036640,Nando,Gil,78634
78635,821523864,Toni,Rosado,78635
78636,863358487,Jose Manuel,Franco,78636
78637,924103427,Nilo,Rivero,78637
78638,224295719,Loreto,Abril,78638
78639,242188660,Jordan,Anton,78639
78640,987502426,Maxi,Quesada,78640
78641,284304558,Lisandro,Benavent,78641
78642,502392651,Guadalupe,Cisneros,78642
78643,721340909,Francisca,Pi,78643
78644,726159505,Panfilo,Valcarcel,78644
78645,569261129,Nilda,Chico,78645
78646,295372544,Caridad,Palmer,78646
78647,197908323,Angeles,Cepeda,78647
78648,701959885,Agustina,Molins,78648
78649,492678168,Gabino,Casanovas,78649
78650,442688924,Amada,Montserrat,78650
78651,610449631,Aura,Mur,78651
78652,990119291,Gil,Benavent,78652
78653,809830622,Montserrat,Cervera,78653
78654,407670837,Anunciacion,Tur,78654
78655,408193288,Flor,Huguet,78655
78656,885911764,Romulo,Pinilla,78656
78657,389825932,Ruth,Camara,78657
78658,358820308,Ambar,Velazquez,78658
78659,376669630,Maria Dolores,Vicens,78659
78660,132494549,Gabriel,Ferrer,78660
78661,554825087,Carmelita,Lujan,78661
78662,724573763,Angeles,Beltran,78662
78663,904876987,Nazaret,Borrego,78663
78664,423811474,Encarna,Ortuno,78664
78665,267114346,Lorenzo,Cervera,78665
78666,364864185,Matias,Villalonga,78666
78667,283515393,Pedro,Priego,78667
78668,100768709,Baltasar,Bolanos,78668
78669,853261149,Filomena,Arregui,78669
78670,727190310,Daniela,Miro,78670
78671,485859637,Haroldo,Rivero,78671
78672,490352183,Xavier,Guijarro,78672
78673,999375832,Xavier,Porcel,78673
78674,652562800,Yago,Valbuena,78674
78675,276748344,Eliana,Rueda,78675
78676,129479066,Odalis,Cabanas,78676
78677,442112707,Loida,Vara,78677
78678,814985386,Luisina,Tamayo,78678
78679,594695766,Plinio,Valdes,78679
78680,370404615,Francisco Javier,Carmona,78680
78681,446306871,Maxi,Gordillo,78681
78682,200901740,Asdrubal,Montoya,78682
78683,958986132,Ruben,Tome,78683
78684,240920319,Aurora,Vila,78684
78685,624421400,Renato,Moran,78685
78686,808341057,Guillermo,Mariscal,78686
78687,719807258,Domingo,Escribano,78687
78688,903878294,Ainoa,Barrena,78688
78689,434655250,Jose Manuel,Raya,78689
78690,483670585,Anastasia,Nunez,78690
78691,204815086,Alondra,Zamorano,78691
78692,236771858,Amanda,Palomo,78692
78693,719567995,Albina,Terron,78693
78694,136955591,Merche,Montserrat,78694
78695,483681202,Lorenzo,Huerta,78695
78696,777637442,Seve,Morell,78696
78697,876981482,Gonzalo,Prado,78697
78698,133156278,Eloisa,Calleja,78698
78699,173500613,Albino,Murcia,78699
78700,760477807,Maria,Julian,78700
78701,967376389,Salome,Rosello,78701
78702,445400106,Zacarias,Ruiz,78702
78703,731882998,Emelina,Asenjo,78703
78704,282021338,Plinio,Franch,78704
78705,769631518,Heraclio,Enriquez,78705
78706,160396173,Roberta,Ibanez,78706
78707,376831619,Panfilo,Sainz,78707
78708,318909983,Maria Manuela,Badia,78708
78709,280225653,Apolinar,Moya,78709
78710,105137775,Josue,Puig,78710
78711,457594689,Ivan,Leon,78711
78712,329306869,Cruz,Ibanez,78712
78713,288086886,Jeremias,Vina,78713
78714,384602743,Victor Manuel,Arroyo,78714
78715,820775274,Romulo,Munoz,78715
78716,820757065,Benjamin,Botella,78716
78717,555969961,Maria Cristina,Estevez,78717
78718,110789723,Salvador,Cervantes,78718
78719,158061805,Aaron,Badia,78719
78720,453204097,Eva,Luna,78720
78721,289123147,Natanael,Chaparro,78721
78722,704075766,Eustaquio,Cespedes,78722
78723,520245395,Venceslas,Angel,78723
78724,153800859,Carmina,Canizares,78724
78725,506377251,Pepito,Hernandez,78725
78726,134445859,Nelida,Bueno,78726
78727,698479352,Eva,Castillo,78727
78728,935997367,Trinidad,Zorrilla,78728
78729,211743078,Candela,Coronado,78729
78730,140339479,Rosario,Cabanillas,78730
78731,122450258,Conrado,Diego,78731
78732,596336379,Natividad,Narvaez,78732
78733,903742947,Guadalupe,Clavero,78733
78734,909307861,Tadeo,Vazquez,78734
78735,585873036,Remedios,Pont,78735
78736,140230354,Jafet,Torrijos,78736
78737,841853586,Jeremias,Cabanillas,78737
78738,371892337,Dominga,Boix,78738
78739,528196980,Gaspar,Porcel,78739
78740,553402674,Eli,Alvaro,78740
78741,170034630,Trinidad,Saura,78741
78742,606393096,Maria Luisa,Sacristan,78742
78743,689136717,Martirio,Bilbao,78743
78744,174238354,Geraldo,Diez,78744
78745,600362846,Eladio,Machado,78745
78746,422980090,Salud,Ricart,78746
78747,140540681,Maximiano,Pazos,78747
78748,137153550,Adalberto,Cuesta,78748
78749,162215435,Manu,Roura,78749
78750,991040176,David,Escalona,78750
78751,688307107,Sandalio,Madrid,78751
78752,800011892,Dionisio,Calvo,78752
78753,123344353,Jeronimo,Sebastian,78753
78754,677203036,Aura,Arellano,78754
78755,281288452,Sabas,Cid,78755
78756,202130114,Jose,Barranco,78756
78757,946788233,Silvestre,Arco,78757
78758,237440569,Alba,Tur,78758
78759,480449392,Charo,Cervantes,78759
78760,712160666,Yesica,Aramburu,78760
78761,218388800,Itziar,Borja,78761
78762,508932795,Francisca,Riquelme,78762
78763,457490819,Lorena,Costa,78763
78764,451853727,Gaston,Villegas,78764
78765,122637910,Josefa,Morales,78765
78766,666863597,Mario,Pages,78766
78767,148206664,Ainara,Herranz,78767
78768,851038589,Pili,Sans,78768
78769,823214010,Leandra,Escolano,78769
78770,397155240,Nilda,Verdu,78770
78771,580138696,Juana,Estevez,78771
78772,760716227,Arsenio,Sans,78772
78773,104888522,Leopoldo,Estevez,78773
78774,395991576,Agustin,Torralba,78774
78775,703434295,Marcial,Iniesta,78775
78776,254083496,Arturo,Sabater,78776
78777,480623680,Gaspar,Gallart,78777
78778,367240956,Luna,Coll,78778
78779,586330422,Damian,Cadenas,78779
78780,387247793,Inocencio,Abellan,78780
78781,961020953,Amancio,Quiroga,78781
78782,312310155,Carmelita,Coello,78782
78783,496136707,Ovidio,Ariza,78783
78784,358004670,Olga,Tomas,78784
78785,480649351,Isaias,Solis,78785
78786,186745006,Teofilo,Bellido,78786
78787,896264011,Humberto,Ferran,78787
78788,292065854,Horacio,Gelabert,78788
78789,523458582,Casemiro,Solis,78789
78790,831000182,Bruno,Sanjuan,78790
78791,175017932,Flavio,Bolanos,78791
78792,962569210,Ovidio,Alvarez,78792
78793,232472199,Marco,Ruiz,78793
78794,795136616,Epifanio,Beltran,78794
78795,545840950,Edmundo,Lopez,78795
78796,994089941,Camilo,Melendez,78796
78797,501812195,Elias,Gimenez,78797
78798,305276892,Macaria,Espejo,78798
78799,150382004,Dulce,Gomis,78799
78800,483501295,Florencio,Villalonga,78800
78801,709623861,Nando,Reig,78801
78802,366617532,Armida,Andreu,78802
78803,581398023,Santos,Teruel,78803
78804,497277329,Glauco,Castillo,78804
78805,941370810,Lucio,Segovia,78805
78806,966258421,Nadia,Cabezas,78806
78807,805070253,Maria,Costa,78807
78808,349277524,Osvaldo,Acevedo,78808
78809,319771480,Felix,Atienza,78809
78810,121651934,Pascuala,Tejera,78810
78811,618792447,Lisandro,Barcelo,78811
78812,878352342,Leonardo,Moles,78812
78813,437958822,Gracia,Mugica,78813
78814,258568921,Maristela,Simo,78814
78815,462356873,Alondra,Balaguer,78815
78816,656004347,Enrique,Ruiz,78816
78817,376104708,Florencio,Sole,78817
78818,302326286,Tatiana,Iniesta,78818
78819,452394347,Celia,Alegre,78819
78820,311227665,Angeles,Ramon,78820
78821,182841116,Anunciacion,Palma,78821
78822,586250254,Bernardita,Baron,78822
78823,587092105,Pepito,Canellas,78823
78824,952652007,Maria Jesus,Torralba,78824
78825,449165560,Ricardo,Novoa,78825
78826,442815136,Isa,Carbo,78826
78827,543958495,Chita,Exposito,78827
78828,349818319,Teo,Alberto,78828
78829,290785904,Veronica,Soriano,78829
78830,703850093,Rogelio,Busquets,78830
78831,452109406,Eva,Neira,78831
78832,649037125,Trini,Galvan,78832
78833,713775596,Paca,Jurado,78833
78834,988699343,Zaira,Marmol,78834
78835,608241586,Gonzalo,Alegre,78835
78836,503594235,Cloe,Vara,78836
78837,594819964,Ramiro,Gracia,78837
78838,174145483,Maria Del Carmen,Pelaez,78838
78839,179658111,Custodia,Taboada,78839
78840,844395643,Loreto,Silva,78840
78841,185758901,Maximiano,Vaquero,78841
78842,777439116,Adoracion,Pont,78842
78843,813117127,Miguela,Ros,78843
78844,918169970,Florencia,Real,78844
78845,444067188,Omar,Puente,78845
78846,706878823,Priscila,Cordero,78846
78847,518355484,Amilcar,Roda,78847
78848,503886836,Noa,Hernandez,78848
78849,465432549,Camila,Calvet,78849
78850,380782321,Leon,Miro,78850
78851,865218476,Marcial,Gil,78851
78852,123776014,Merche,Pujol,78852
78853,738691965,Maxi,Ugarte,78853
78854,328951562,Leoncio,Uribe,78854
78855,632587125,Moises,Arnau,78855
78856,862680253,Olga,Saenz,78856
78857,477317972,Eulalia,Ropero,78857
78858,895688055,Ambrosio,Gibert,78858
78859,869056025,Zacarias,Goni,78859
78860,958779176,Brunilda,Pozuelo,78860
78861,474362585,Manola,Verdu,78861
78862,694063990,Benito,Carnero,78862
78863,668665491,Noa,Pozo,78863
78864,614146228,Norberto,Rosa,78864
78865,983027822,Esmeralda,Cerdan,78865
78866,951320076,Leyre,Guerra,78866
78867,168589391,Bienvenida,Lasa,78867
78868,373354927,Isidoro,Bosch,78868
78869,941564999,Sarita,Camino,78869
78870,892035876,Adelardo,Larranaga,78870
78871,986563150,Melisa,Porta,78871
78872,238752696,Angelica,Marco,78872
78873,172396412,Xavier,Hierro,78873
78874,286538225,German,Echeverria,78874
78875,546610034,Loreto,Puga,78875
78876,164141205,Americo,Valle,78876
78877,875602324,Paulino,Rodriguez,78877
78878,727780381,Ines,Gomez,78878
78879,146694075,Vicente,Casares,78879
78880,359855785,Oriana,Lobo,78880
78881,637188078,Tristan,Pellicer,78881
78882,409040251,Nidia,Sandoval,78882
78883,925455062,Cristian,Sainz,78883
78884,400078769,Ainoa,Acero,78884
78885,962372721,Aitana,Carbajo,78885
78886,607026195,Felipa,Arteaga,78886
78887,194368823,Diego,Sainz,78887
78888,256404500,Susana,Montalban,78888
78889,319252920,Severo,Montserrat,78889
78890,884899866,Severo,Aguirre,78890
78891,726398322,Eusebia,Domenech,78891
78892,473339553,Guadalupe,Amigo,78892
78893,758020546,Olga,Sales,78893
78894,623326284,Eustaquio,Julian,78894
78895,251923788,Macarena,Melendez,78895
78896,668290070,Jimena,Quesada,78896
78897,869205242,Martin,Bertran,78897
78898,627227762,Maria Del Carmen,Ugarte,78898
78899,237195477,Juan Pablo,Casals,78899
78900,159648591,Judith,Juan,78900
78901,237650417,Haroldo,Milla,78901
78902,799258440,Vidal,Guerra,78902
78903,192170001,Amarilis,Nieto,78903
78904,603615894,Eufemia,Rivas,78904
78905,746405228,Celia,Carpio,78905
78906,895548831,Marino,Quiros,78906
78907,596046463,Ernesto,Montero,78907
78908,330047332,Teodoro,Morante,78908
78909,887786726,Victoriano,Benavente,78909
78910,457441354,Fidel,Echeverria,78910
78911,432940519,Magdalena,Zaragoza,78911
78912,968254325,Benigno,Terron,78912
78913,372419302,Araceli,Zabala,78913
78914,902438808,Jose Luis,Borras,78914
78915,642504852,Seve,Roig,78915
78916,527051048,Manuel,Beltran,78916
78917,275795346,Mariana,Villegas,78917
78918,467523612,Flavia,Andrade,78918
78919,967827592,Marita,Alegria,78919
78920,128494470,Ezequiel,Manuel,78920
78921,134486880,Toni,Mancebo,78921
78922,598260910,Eloisa,Salazar,78922
78923,263567260,Luna,Lucena,78923
78924,798635355,Isidro,Carlos,78924
78925,544103451,Cristian,Iborra,78925
78926,538577341,Jaime,Bravo,78926
78927,720078692,Tadeo,Tejero,78927
78928,196891426,Nilo,Cazorla,78928
78929,696820666,Gabriel,Almagro,78929
78930,767782000,Aureliano,Lasa,78930
78931,535393826,Eulalia,Atienza,78931
78932,672181032,Soledad,Requena,78932
78933,992461348,Chita,Pol,78933
78934,505980183,Blanca,Alonso,78934
78935,468274157,Rita,Losada,78935
78936,883332398,Fabiola,Pozuelo,78936
78937,632517446,Carla,Torre,78937
78938,142760074,Miguel,Vara,78938
78939,707101497,Rosalinda,Uriarte,78939
78940,945490881,Maximino,Rueda,78940
78941,105737150,Maura,Ortuno,78941
78942,145038626,Jose Angel,Tapia,78942
78943,244828539,Bruno,Planas,78943
78944,874231047,Pilar,Miro,78944
78945,944357751,Hilario,Alvarez,78945
78946,956602258,Francisco Javier,Belda,78946
78947,530415831,Jeremias,Aragones,78947
78948,412001769,Ambrosio,Sole,78948
78949,717670089,Viviana,Guerra,78949
78950,779130681,Ricarda,Gibert,78950
78951,266367866,Teodosio,Sevillano,78951
78952,179943251,Lazaro,Bonet,78952
78953,714519081,Jordan,Rosa,78953
78954,220089298,Felix,Alvarez,78954
78955,324561273,Elena,Jimenez,78955
78956,783559985,Guillermo,Mayol,78956
78957,100576719,Asuncion,Ramos,78957
78958,546777518,Rebeca,Sandoval,78958
78959,397277585,Evelia,Botella,78959
78960,263097194,Trini,Verdu,78960
78961,269924462,Nicolas,Armengol,78961
78962,605048290,Edgardo,Martin,78962
78963,268266053,Isabel,Borja,78963
78964,147240006,Candelaria,Bautista,78964
78965,370354005,Geraldo,Sevillano,78965
78966,498500958,Sara,Alegria,78966
78967,302136978,Poncio,Olive,78967
78968,720231017,Fernando,Arias,78968
78969,733195386,Conrado,Salvador,78969
78970,565858416,Anita,Olivera,78970
78971,816581566,Victor Manuel,Lillo,78971
78972,872803157,Jose Luis,Mendoza,78972
78973,900222838,Leonardo,Borrell,78973
78974,920699517,Cornelio,Giner,78974
78975,578598633,Conrado,Pages,78975
78976,591556437,Pia,Carrera,78976
78977,457510309,Socorro,Beltran,78977
78978,377382285,Beatriz,Fuster,78978
78979,932630015,Jimena,Manzano,78979
78980,763075345,Brunilda,Cuellar,78980
78981,990087263,German,Pedrero,78981
78982,781496005,Adan,Garcia,78982
78983,268579734,Salomon,Paz,78983
78984,111797037,Danilo,Carbonell,78984
78985,543003539,Julio Cesar,Becerra,78985
78986,513353155,Eladio,Yuste,78986
78987,800135943,Clemente,Torrens,78987
78988,289228914,Maximiliano,Campillo,78988
78989,212602551,Pepito,Pelaez,78989
78990,766399642,Alma,Varela,78990
78991,601150541,Cirino,Jaen,78991
78992,296116934,Luis,Riera,78992
78993,628983557,Marcela,Manjon,78993
78994,489932828,Atilio,Molina,78994
78995,168627397,Ani,Alvarado,78995
78996,217914921,Francisco,Alegria,78996
78997,333200545,Lucas,Rossello,78997
78998,648770558,Eloy,Montero,78998
78999,617198300,Manolo,Canals,78999
79000,757215428,Julie,Naranjo,79000
79001,624289975,Cecilio,Verdugo,79001
79002,182322464,Panfilo,Segovia,79002
79003,450831591,Vito,Arana,79003
79004,356534455,Celestina,Villanueva,79004
79005,245511397,Amando,Pedraza,79005
79006,319795119,Josue,Sanmiguel,79006
79007,766017306,Simon,Perales,79007
79008,442937003,Fortunata,Pedrosa,79008
79009,771950834,Ramiro,Montes,79009
79010,869563217,Elisabet,Urrutia,79010
79011,100776028,Leyre,Pinedo,79011
79012,243597082,Luis,Pozo,79012
79013,842610242,Bonifacio,Almazan,79013
79014,799894074,Trini,Chacon,79014
79015,418290150,Melania,Sebastian,79015
79016,148379917,Hilda,Bonet,79016
79017,747764319,Benito,Villaverde,79017
79018,574795831,Clarisa,Alcala,79018
79019,936652127,Salvador,Ferrandiz,79019
79020,950110997,Petrona,Alegria,79020
79021,418349072,Candela,Almeida,79021
79022,932568906,Asuncion,Montana,79022
79023,495910679,Rafaela,Vilaplana,79023
79024,198289102,Elpidio,Heredia,79024
79025,863714640,Octavio,Sastre,79025
79026,221085708,Evelia,Godoy,79026
79027,145819216,Aurea,Acevedo,79027
79028,132641896,Lupe,Guerra,79028
79029,633811671,Amarilis,Exposito,79029
79030,261420846,Cloe,Borras,79030
79031,197466173,Maria Pilar,Arteaga,79031
79032,366657994,Julieta,Viana,79032
79033,611656999,Maximo,Perez,79033
79034,307416742,Edmundo,Matas,79034
79035,875465084,Victor,Zaragoza,79035
79036,247901875,Isaura,Castro,79036
79037,595658624,Rosalia,Lobato,79037
79038,141435979,Odalys,Arjona,79038
79039,739980608,Marc,Duran,79039
79040,921491046,Tere,Castro,79040
79041,802682951,Zaida,Prado,79041
79042,917002103,German,Samper,79042
79043,794383692,Emilio,Madrid,79043
79044,900196725,Genoveva,Iniguez,79044
79045,227211365,Adalberto,Cabrera,79045
79046,356260719,Diana,Marmol,79046
79047,655841682,Reinaldo,Mateos,79047
79048,499072280,Wilfredo,Garate,79048
79049,151974683,Maria Jose,Asensio,79049
79050,486844490,Veronica,Querol,79050
79051,207492482,Pastora,Salazar,79051
79052,257315759,Maria Angeles,Carpio,79052
79053,790297211,Ariadna,Galan,79053
79054,117477681,Magdalena,Salamanca,79054
79055,753358166,Sebastian,Gallego,79055
79056,797301592,Leopoldo,Vargas,79056
79057,638629198,Maximo,Ros,79057
79058,577144696,Encarnita,Martin,79058
79059,685969813,Vinicio,Tamayo,79059
79060,853029408,Prudencia,Gisbert,79060
79061,276590149,Luis,Baeza,79061
79062,205225467,Octavio,Carrera,79062
79063,798323579,Reinaldo,Corbacho,79063
79064,888011118,Daniel,Bonilla,79064
79065,937064863,Alejandro,Montesinos,79065
79066,306471708,Andrea,Delgado,79066
79067,968322327,Valerio,Sastre,79067
79068,864854059,Candelaria,Castilla,79068
79069,227666291,Leticia,Somoza,79069
79070,591343829,Luciano,Velazquez,79070
79071,789923746,Heliodoro,Gual,79071
79072,625241079,Nayara,Cabanas,79072
79073,715401109,Marina,Galvez,79073
79074,359218182,Miguel,Galvez,79074
79075,732192519,Amanda,Tapia,79075
79076,254742844,Reyes,Pablo,79076
79077,188118961,Juan Antonio,Bonet,79077
79078,202049405,Estefania,Ropero,79078
79079,788197222,Jose Manuel,Costa,79079
79080,341490710,Emilia,Agustin,79080
79081,166216280,Cornelio,Carbonell,79081
79082,427907893,Visitacion,Manrique,79082
79083,711423912,Candido,Cabrero,79083
79084,802389676,Cayetano,Porta,79084
79085,255146917,Gabriela,Gordillo,79085
79086,471825638,Jaime,Benitez,79086
79087,879356551,Flor,Camps,79087
79088,859646325,Nazario,Baro,79088
79089,510383245,Bonifacio,Vazquez,79089
79090,715697872,Sigfrido,Arteaga,79090
79091,811854539,Clemente,Andres,79091
79092,609750027,Martina,Ramirez,79092
79093,789838589,Etelvina,Guerrero,79093
79094,572617481,Emperatriz,Montes,79094
79095,580643683,Elisabet,Taboada,79095
79096,905159395,Reyes,Alfaro,79096
79097,275388291,Jordana,Manrique,79097
79098,334446719,Nicanor,Huguet,79098
79099,634262851,Aurora,Checa,79099
79100,771249743,Estrella,Tormo,79100
79101,268534287,Jordi,Luis,79101
79102,974884859,Cecilia,Ballester,79102
79103,781442577,Catalina,Serra,79103
79104,948543728,Isaias,Briones,79104
79105,196023148,Prudencio,Porras,79105
79106,365265056,Luciana,Jerez,79106
79107,222006109,Jordana,Arnal,79107
79108,338242686,Gil,Agusti,79108
79109,402765363,Ricarda,Exposito,79109
79110,885235058,Lisandro,Milla,79110
79111,207186452,Yolanda,Duran,79111
79112,760583955,Paula,Trillo,79112
79113,151128964,Roman,Ponce,79113
79114,987854249,Aranzazu,Cifuentes,79114
79115,325857800,Ana,Guardia,79115
79116,831994894,Dorotea,Carreras,79116
79117,357542932,Aristides,Paz,79117
79118,506094890,Romulo,Penas,79118
79119,104528300,Jacinto,Aguilera,79119
79120,639690565,Carmen,Puga,79120
79121,998326262,Encarnita,Canete,79121
79122,706951160,Narciso,Alberola,79122
79123,601249557,Juanita,Larranaga,79123
79124,256905609,Josue,Pi,79124
79125,972414697,Poncio,Sanjuan,79125
79126,185076994,Edgar,Rocha,79126
79127,166536178,Francisco,Company,79127
79128,464409911,Susana,Vicens,79128
79129,412761553,Arcelia,Casanovas,79129
79130,709164521,Isidro,Tirado,79130
79131,876631625,Renata,Oliveras,79131
79132,279083164,Sarita,Losa,79132
79133,607249756,Bernardo,Becerra,79133
79134,859690438,Anastasia,Ballesteros,79134
79135,693318789,Aranzazu,Badia,79135
79136,558313589,Petrona,Salvador,79136
79137,513592631,Anselmo,Canales,79137
79138,861068397,Abril,Ricart,79138
79139,184439746,Itziar,Sabater,79139
79140,634818188,Victor,Cortes,79140
79141,863187368,Coral,Baez,79141
79142,656566158,Jorge,Sacristan,79142
79143,291945930,Gregorio,Raya,79143
79144,986400476,Arcelia,Hervas,79144
79145,492280810,Soledad,Molina,79145
79146,625860641,Xiomara,Porras,79146
79147,475112737,Manu,Baez,79147
79148,456592554,Juan Antonio,Machado,79148
79149,215462134,Yesica,Dominguez,79149
79150,280134584,Nazario,Esparza,79150
79151,276451665,Julieta,Zaragoza,79151
79152,922142592,Marianela,Valera,79152
79153,335655984,Amelia,Alberdi,79153
79154,140959113,Ximena,Osuna,79154
79155,896277140,Lucas,Olivera,79155
79156,715940782,Basilio,Carranza,79156
79157,447048738,Marco,Benavente,79157
79158,595262228,Azucena,Iriarte,79158
79159,993568172,Eva,Cuesta,79159
79160,394036361,Jose Mari,Mendizabal,79160
79161,810747731,Matilde,Higueras,79161
79162,684684316,Azahara,Rodenas,79162
79163,980942194,Malena,Solis,79163
79164,608010340,Hilario,Guzman,79164
79165,332430310,Edelmira,Bravo,79165
79166,665252008,Azucena,Torrijos,79166
79167,447066869,Asuncion,Aroca,79167
79168,653569524,Ofelia,Catalan,79168
79169,935081091,Nazario,Araujo,79169
79170,300576945,Luis Miguel,Calderon,79170
79171,785895492,Brunilda,Roman,79171
79172,906002123,Elpidio,Morante,79172
79173,626942440,Emelina,Roldan,79173
79174,567961197,Evangelina,Zapata,79174
79175,254667448,Ariel,Galan,79175
79176,208495512,Maribel,Vega,79176
79177,943251976,Climaco,Aragones,79177
79178,521918366,Carlito,Comas,79178
79179,300054396,Julio Cesar,Egea,79179
79180,581547568,Alex,Villena,79180
79181,293773444,Jenny,Delgado,79181
79182,195986675,Jorge,Carlos,79182
79183,768572520,Regina,Mena,79183
79184,935292846,Zacarias,Llobet,79184
79185,521295519,Maria Del Carmen,Catalan,79185
79186,361293445,Elias,Carballo,79186
79187,696166435,Che,Solsona,79187
79188,382160225,Victor,Julian,79188
79189,756490793,Hernando,Mesa,79189
79190,923260934,Lorenzo,Torres,79190
79191,504020101,Juan Manuel,Bautista,79191
79192,159139984,Sofia,Pulido,79192
79193,157642973,Pascual,Samper,79193
79194,283144057,Amancio,Mateo,79194
79195,606161461,Rosenda,Plana,79195
79196,877399475,Eufemia,Canals,79196
79197,192199309,Chema,Morillo,79197
79198,549596829,Jeronimo,Acuna,79198
79199,891185936,Elba,Pulido,79199
79200,126129673,Rosario,Girona,79200
79201,953116894,Jose Antonio,Arenas,79201
79202,476019216,Bienvenida,Peinado,79202
79203,609254149,Pacifica,Ribas,79203
79204,232305711,Inocencio,Lasa,79204
79205,410697374,Fabricio,Pedro,79205
79206,696050864,Sofia,Zaragoza,79206
79207,493460959,Amador,Cervera,79207
79208,869613154,Mariano,Muniz,79208
79209,737066448,Nuria,Soto,79209
79210,705045259,Damian,Boix,79210
79211,260106602,Hipolito,Zaragoza,79211
79212,964150516,Elias,Gras,79212
79213,324660673,Marc,Nieto,79213
79214,612723140,Lupita,Castilla,79214
79215,990433231,Eutimio,Trillo,79215
79216,121700514,Zaida,Tamayo,79216
79217,901206591,Susanita,Bermudez,79217
79218,388292845,Maria Del Carmen,Porras,79218
79219,258731763,Odalys,Ripoll,79219
79220,748647626,Encarnita,Beltran,79220
79221,853376484,Adelardo,Pintor,79221
79222,372691664,Cristina,Casals,79222
79223,248211263,Mateo,Pons,79223
79224,965261040,Maricela,Bayo,79224
79225,309262991,Evaristo,Macias,79225
79226,545326759,Teodosio,Machado,79226
79227,398109521,Fabiana,Guzman,79227
79228,618997152,Agustina,Pascual,79228
79229,533734208,Jaime,Espanol,79229
79230,587005440,Maura,Prieto,79230
79231,519223687,Gerardo,Lamas,79231
79232,246280444,Juan Bautista,Benet,79232
79233,434371275,Anastasia,Torrent,79233
79234,574476451,Gerardo,Llobet,79234
79235,815621153,Miriam,Casanova,79235
79236,650852884,Maxi,Luis,79236
79237,299674780,Francisco,Caceres,79237
79238,313211350,Lorenzo,Ferrera,79238
79239,473497566,Lorena,Jurado,79239
79240,953503273,Dorita,Abril,79240
79241,726011051,Maximiano,Ramos,79241
79242,389513265,Maria Teresa,Arco,79242
79243,327985274,Sabas,Mugica,79243
79244,878696704,Emigdio,Pombo,79244
79245,411406585,Cecilia,Palacios,79245
79246,309729345,Iker,Mariscal,79246
79247,653589379,Eduardo,Guzman,79247
79248,896541864,Juan Manuel,Bolanos,79248
79249,655530926,Fernando,Sala,79249
79250,522792685,Heliodoro,Donoso,79250
79251,597462228,Sancho,Iriarte,79251
79252,933661529,Erasmo,Villaverde,79252
79253,158914192,Santiago,Bartolome,79253
79254,879165884,Felipa,Coello,79254
79255,617647510,Ale,Asensio,79255
79256,629009909,Flavia,Cordoba,79256
79257,310009378,Paz,Quero,79257
79258,713116995,Armando,Torrecilla,79258
79259,621627870,Sofia,Cabezas,79259
79260,506267194,Maxi,Bru,79260
79261,602353336,Evelia,Arroyo,79261
79262,723031564,Susanita,Pintor,79262
79263,569694461,Lupe,Cisneros,79263
79264,104488697,Teobaldo,Riquelme,79264
79265,116995994,Pelayo,Franch,79265
79266,861265265,Julia,Guzman,79266
79267,900504861,Hernando,Rivera,79267
79268,638694499,Trinidad,Quiros,79268
79269,805547965,Jeremias,Cases,79269
79270,324710557,Rodrigo,Llado,79270
79271,667857308,Teofilo,Ramis,79271
79272,782494460,Augusto,Ibarra,79272
79273,725418931,Leonel,Carbonell,79273
79274,950349097,Eloy,Gutierrez,79274
79275,255185688,Josefina,Hernandez,79275
79276,385919019,Jose Carlos,Real,79276
79277,654907246,Sebastian,Arellano,79277
79278,142782202,Primitivo,Tejero,79278
79279,110477190,Daniel,Blanes,79279
79280,255926885,Benigno,Leiva,79280
79281,420786252,Graciano,Arnaiz,79281
79282,305391149,Isa,Miguel,79282
79283,235524296,Guadalupe,Requena,79283
79284,649398568,Leocadia,Beltran,79284
79285,404669528,Leopoldo,Fabregat,79285
79286,562049657,Encarna,Tomas,79286
79287,568026920,Amanda,Tamarit,79287
79288,255015834,Javiera,Saenz,79288
79289,279237373,Jose Maria,Sanz,79289
79290,620446179,Luna,Bernad,79290
79291,315263527,Inmaculada,Manrique,79291
79292,939083044,Griselda,Guijarro,79292
79293,116655235,Catalina,Egea,79293
79294,948646531,Sarita,Enriquez,79294
79295,911609508,Edelmira,Rojas,79295
79296,406686337,Luciana,Hoyos,79296
79297,982066671,Cornelio,Roca,79297
79298,777432375,Manolo,Robles,79298
79299,813902167,Evaristo,Oliveras,79299
79300,227524681,Anunciacion,Penas,79300
79301,730208870,Nicolas,Taboada,79301
79302,843326098,Jose Manuel,Castellanos,79302
79303,306545610,Lorenza,Rosado,79303
79304,695306051,Sabina,Valencia,79304
79305,417574396,Teresa,Barreda,79305
79306,660286796,Benigno,Pallares,79306
79307,827852258,Hector,Polo,79307
79308,539247539,Abraham,Acosta,79308
79309,155156517,Tristan,Trillo,79309
79310,891866396,Estela,Segovia,79310
79311,938786694,Matias,Navas,79311
79312,493813640,Jose Francisco,Franch,79312
79313,560581405,Saturnina,Catala,79313
79314,921865032,Jose,Baron,79314
79315,992992889,Antonia,Olivares,79315
79316,627817300,Andrea,Barbera,79316
79317,317760269,Rufino,Ramos,79317
79318,660590723,Felix,Chico,79318
79319,514017933,Basilio,Cordoba,79319
79320,263642056,Celestino,Patino,79320
79321,741840039,Cecilio,Bonilla,79321
79322,880243053,Rebeca,Alba,79322
79323,432732526,Maria,Torrijos,79323
79324,480559672,Nestor,Cid,79324
79325,158462220,Rosario,Villena,79325
79326,547782285,Julieta,Robledo,79326
79327,482811398,Odalys,Cuervo,79327
79328,883609878,Ruben,Millan,79328
79329,438204509,Abraham,Huguet,79329
79330,599445171,Eliana,Muniz,79330
79331,319960910,Sigfrido,Lillo,79331
79332,843395021,Montserrat,Pinto,79332
79333,934230159,Lalo,Marin,79333
79334,807530144,Ascension,Nunez,79334
79335,500159514,Josue,Cervantes,79335
79336,974562669,Luisa,Pineiro,79336
79337,317219637,Nieves,Luis,79337
79338,481353285,Agustin,Alberdi,79338
79339,653396508,Evita,Barrena,79339
79340,478376505,Maximino,Ibanez,79340
79341,625540567,Purificacion,Rosello,79341
79342,361441634,Maximiano,Cortes,79342
79343,876298741,Apolinar,Huerta,79343
79344,345991816,Inigo,Juan,79344
79345,509498206,Regulo,Saura,79345
79346,145446702,Imelda,Correa,79346
79347,777453754,Caridad,Santiago,79347
79348,673480552,Etelvina,Canton,79348
79349,922198237,Pepito,Murillo,79349
79350,900715803,Jose Manuel,Barba,79350
79351,922311365,Luis,Ayllon,79351
79352,793908033,Elisa,Bermudez,79352
79353,663234574,Erasmo,Vazquez,79353
79354,539341016,Juana,Molins,79354
79355,230215420,Valero,Penalver,79355
79356,996623418,Pancho,Tome,79356
79357,153204867,Leonardo,Calderon,79357
79358,719902619,Angelica,Blanes,79358
79359,135945351,Luis Miguel,Sastre,79359
79360,355062740,Andres,Ramirez,79360
79361,968016233,Leoncio,Baquero,79361
79362,542521597,Jacobo,Cazorla,79362
79363,937101822,Nicanor,Llorens,79363
79364,838927766,Felipa,Marin,79364
79365,426663629,Eulalia,Donaire,79365
79366,797752861,Judith,Ferran,79366
79367,605276947,Jordi,Guerra,79367
79368,791390076,Maximo,Gallart,79368
79369,791739669,Georgina,Calvo,79369
79370,834286659,Liliana,Arcos,79370
79371,704041129,Dario,Rivero,79371
79372,328964571,Diego,Quiros,79372
79373,506261961,Felipa,Fabregat,79373
79374,437141023,Cecilio,Zamorano,79374
79375,715529851,Lupita,Rosado,79375
79376,593183663,Inigo,Garces,79376
79377,460353249,Hernando,Cabello,79377
79378,675294325,Baltasar,Andreu,79378
79379,722885993,Yessica,Ibarra,79379
79380,637539572,Aurelia,Pera,79380
79381,100790737,Mirta,Verdugo,79381
79382,970031408,Lorena,Campo,79382
79383,663113489,Luciano,Ponce,79383
79384,855460406,Sigfrido,Higueras,79384
79385,180150858,Jorge,Tome,79385
79386,988632065,Marc,Agusti,79386
79387,300838696,Esmeralda,Alberdi,79387
79388,481388342,Nieves,Vila,79388
79389,972060796,Eligia,Guijarro,79389
79390,707604675,Mariana,Rojas,79390
79391,323605761,Teobaldo,Pelayo,79391
79392,696816645,Jovita,Pelaez,79392
79393,561269519,Paco,Diego,79393
79394,925024763,Carla,Casares,79394
79395,146620103,Florencia,Leiva,79395
79396,516792886,Primitiva,Arco,79396
79397,365378542,Claudio,Gelabert,79397
79398,853889522,Anna,Crespi,79398
79399,995109883,Felicidad,Rio,79399
79400,295640511,Rene,Requena,79400
79401,297873354,Anacleto,Carnero,79401
79402,652980819,Noa,Solera,79402
79403,438491120,Elvira,Alba,79403
79404,920078254,Felix,Carnero,79404
79405,982884925,Carmelo,Vazquez,79405
79406,569491321,Maxi,Botella,79406
79407,477099666,Aristides,Escolano,79407
79408,449863091,German,Cortes,79408
79409,449339743,Anunciacion,Urena,79409
79410,504593444,Baltasar,Vicens,79410
79411,430420755,Anna,Quintero,79411
79412,494191342,Benjamin,Aguado,79412
79413,438991415,Valentina,Padilla,79413
79414,150048451,Melisa,Benet,79414
79415,142884995,Pastor,Larranaga,79415
79416,935953003,Adan,Zaragoza,79416
79417,788305671,Elena,Mas,79417
79418,421094429,Hilario,Tamarit,79418
79419,892429823,Emilio,Ledesma,79419
79420,788365769,Mateo,Quiros,79420
79421,150177210,Leonel,Contreras,79421
79422,935092019,Candelaria,Trillo,79422
79423,979831782,Placido,Armas,79423
79424,739095983,Leoncio,Dominguez,79424
79425,213646830,Alexandra,Cisneros,79425
79426,554267533,Asdrubal,Garcia,79426
79427,349721761,Clotilde,Roldan,79427
79428,917318920,Jose Angel,Colom,79428
79429,736710663,Arturo,Aragones,79429
79430,752060874,Tomasa,Tudela,79430
79431,721793073,Belen,Puga,79431
79432,292599379,Benigna,Corominas,79432
79433,190358301,Iban,Roca,79433
79434,464568864,Claudio,Casanova,79434
79435,926053936,Lorena,Artigas,79435
79436,415232584,Carmen,Carrion,79436
79437,142064815,Aurora,Peiro,79437
79438,222994840,Bartolome,Jauregui,79438
79439,963175938,Candelas,Izquierdo,79439
79440,273643113,Baltasar,Bauza,79440
79441,672248457,Odalys,Guardia,79441
79442,418331853,Rosendo,Roman,79442
79443,110392289,Raul,Castro,79443
79444,360988953,Pablo,Pulido,79444
79445,895143386,Edu,Matas,79445
79446,229882273,Gil,Tejedor,79446
79447,635324974,Jose Angel,Donoso,79447
79448,608946020,Maria Teresa,Ballester,79448
79449,314106454,Paca,Andres,79449
79450,211438318,Remigio,Alfaro,79450
79451,102474427,Adalberto,Cornejo,79451
79452,189914562,Antonia,Ferrando,79452
79453,212535004,Berta,Canet,79453
79454,153304077,Rocio,Corominas,79454
79455,873782436,Jose Miguel,Romero,79455
79456,189517283,Cristian,Baquero,79456
79457,897570387,Aristides,Pardo,79457
79458,902826305,Maria Teresa,Alberdi,79458
79459,667973857,Rosalia,Gargallo,79459
79460,731722203,Roldan,Agustin,79460
79461,448179720,Aristides,Luis,79461
79462,375518606,Vasco,Pablo,79462
79463,170559011,Rocio,Mesa,79463
79464,136293080,Flavio,Casals,79464
79465,365333095,Manu,Mendizabal,79465
79466,422357099,Tatiana,Olivares,79466
79467,549647864,Ricarda,Muniz,79467
79468,728055497,Sol,Ferrandez,79468
79469,887301635,Teodosio,Morata,79469
79470,650527330,Emilio,Mayo,79470
79471,714014947,Elisa,Cordero,79471
79472,249918333,Damian,Cespedes,79472
79473,353807475,Carmelo,Tovar,79473
79474,666639156,Noe,Acedo,79474
79475,119431901,Manuelita,Carrillo,79475
79476,416531694,Patricia,Crespi,79476
79477,157207538,Natalio,Osuna,79477
79478,672145692,Zaira,Urrutia,79478
79479,778042196,Epifanio,Cabanas,79479
79480,470509725,Haydee,Luque,79480
79481,443401109,Irene,Pedrero,79481
79482,798975282,Conrado,Pelaez,79482
79483,943771380,Carolina,Pomares,79483
79484,724733544,Panfilo,Monreal,79484
79485,346677425,Patricia,Giralt,79485
79486,262143264,Moreno,Galindo,79486
79487,541055034,Jonatan,Benavides,79487
79488,990180352,Socorro,Donaire,79488
79489,761646826,Juan,Carmona,79489
79490,305111345,Cosme,Prat,79490
79491,755148964,Saturnina,Lillo,79491
79492,493395625,Vilma,Pintor,79492
79493,464644918,Maria Cristina,Ariza,79493
79494,621951931,Virginia,Artigas,79494
79495,617955544,Jessica,Maldonado,79495
79496,192259402,Bonifacio,Adadia,79496
79497,166975424,Cristian,Castell,79497
79498,633592186,Mayte,Escamilla,79498
79499,853341081,Anselmo,Nogueira,79499
79500,394201194,Guiomar,Galiano,79500
79501,492941374,Rosalva,Sevillano,79501
79502,156321817,Perlita,Alberdi,79502
79503,358239666,Agapito,Armengol,79503
79504,889783712,Eva,Canas,79504
79505,663117458,German,Puig,79505
79506,991422890,Calixta,Pla,79506
79507,317689014,Diego,Batlle,79507
79508,357892100,Bonifacio,Dominguez,79508
79509,998027122,Danilo,Pastor,79509
79510,310923710,Javiera,Carpio,79510
79511,605395005,Calixta,Coca,79511
79512,478598842,Eulalia,Barcena,79512
79513,159730958,Berta,Carreno,79513
79514,622650344,Juanito,Beltran,79514
79515,615900645,Pia,Jordan,79515
79516,853381716,Joaquin,Sales,79516
79517,230776544,Anacleto,Borrego,79517
79518,287332862,Nacio,Cadenas,79518
79519,336389363,Esmeralda,Aragon,79519
79520,924016525,Ciriaco,Suarez,79520
79521,991461317,Lorenza,Heras,79521
79522,636792719,Maribel,Barriga,79522
79523,767373379,Galo,Rey,79523
79524,724261337,Lupe,Aparicio,79524
79525,224862222,Bruno,Torre,79525
79526,955978166,Carlito,Marques,79526
79527,796211164,Rolando,Ballesteros,79527
79528,679453599,Gustavo,Rico,79528
79529,380168662,Ana Belen,Manso,79529
79530,917322901,Leonardo,Escriva,79530
79531,448310801,Aranzazu,Franch,79531
79532,717582382,Ruben,Enriquez,79532
79533,631128724,Luciano,Bru,79533
79534,982051105,Cruz,Roura,79534
79535,129715253,Nico,Valdes,79535
79536,519298659,Candido,Gomez,79536
79537,735878000,Regina,Barrios,79537
79538,914880333,Maria Cristina,Iniguez,79538
79539,949748744,Florencia,Corbacho,79539
79540,968565788,Panfilo,Acuna,79540
79541,232135417,Yolanda,Rubio,79541
79542,990929328,Claudia,Peiro,79542
79543,581783723,Chema,Gisbert,79543
79544,585719367,Margarita,Penas,79544
79545,727039728,Sofia,Moll,79545
79546,664208185,Araceli,Vergara,79546
79547,374888146,Roberto,Almagro,79547
79548,568698446,Charo,Cifuentes,79548
79549,806544042,Fatima,Iborra,79549
79550,610689334,Fortunato,Hidalgo,79550
79551,622245165,Amanda,Tomas,79551
79552,201885165,Milagros,Velez,79552
79553,555589089,Julia,Villalonga,79553
79554,936705002,Amor,Riba,79554
79555,690552470,Felix,Aguilo,79555
79556,640441182,Zacarias,Galan,79556
79557,658971297,Carlota,Pozo,79557
79558,405100538,Tono,Armengol,79558
79559,412495357,Maria Pilar,Garzon,79559
79560,925753291,Nilda,Gomila,79560
79561,120642411,Amando,Urrutia,79561
79562,178137161,Domitila,Ochoa,79562
79563,467638018,Azahar,Dieguez,79563
79564,805170026,Apolinar,Madrid,79564
79565,304743195,Florinda,Villalba,79565
79566,950341912,Leonardo,Llorente,79566
79567,834892894,Haydee,Giron,79567
79568,865095630,Ester,Campoy,79568
79569,798134711,Gustavo,Jorda,79569
79570,549568431,Maristela,Nebot,79570
79571,411260880,Felisa,Agusti,79571
79572,574212553,Joel,Solano,79572
79573,417399917,Lorenzo,Aliaga,79573
79574,167389924,Imelda,Llobet,79574
79575,312526639,Remigio,Esteve,79575
79576,455402826,Jose Carlos,Rey,79576
79577,414344834,Marita,Iriarte,79577
79578,979093972,Leocadio,Uriarte,79578
79579,401647928,Patricio,Prieto,79579
79580,172687054,Feliciano,Alegria,79580
79581,431752677,Nicolasa,Lago,79581
79582,836055885,Carmen,Macias,79582
79583,269281552,Rosenda,Neira,79583
79584,593273043,Marta,Estevez,79584
79585,380334112,Leire,Torrijos,79585
79586,285041404,Jose Carlos,Acero,79586
79587,345850055,Maria Jesus,Pellicer,79587
79588,695587951,Juan Pablo,Escolano,79588
79589,399646454,Adelardo,Miranda,79589
79590,857463436,Regina,Agudo,79590
79591,362751812,Estefania,Camara,79591
79592,752447163,Felisa,Portillo,79592
79593,719752404,Vidal,Iglesias,79593
79594,264998688,Alexandra,Duarte,79594
79595,715745533,Rodolfo,Mesa,79595
79596,166303705,Emperatriz,Mulet,79596
79597,212610039,Fito,Prieto,79597
79598,519752148,Marcial,Rincon,79598
79599,565077711,Isabela,Mesa,79599
79600,564804495,Brigida,Gracia,79600
79601,201460224,Leonel,Cerro,79601
79602,977835406,Tito,Almeida,79602
79603,175112980,Pascuala,Vilalta,79603
79604,449345790,Mariano,Molina,79604
79605,664263117,Nieves,Blazquez,79605
79606,821670633,Jaime,Boada,79606
79607,898982279,Olga,Ballester,79607
79608,632058252,Leandra,Peinado,79608
79609,171082670,Eligio,Egea,79609
79610,285708115,Isaura,Barroso,79610
79611,528051368,Anacleto,Segura,79611
79612,603224515,Susana,Barbera,79612
79613,542817781,Margarita,Huertas,79613
79614,997463794,Arturo,Miguel,79614
79615,923355440,Lorenzo,Sosa,79615
79616,438396771,Encarnacion,Miro,79616
79617,914970657,Bautista,Rosa,79617
79618,364160058,Jordana,Chico,79618
79619,727583570,German,Criado,79619
79620,790937334,Cesar,Barbera,79620
79621,574109110,Morena,Carranza,79621
79622,833624297,Sol,Anton,79622
79623,127217208,Purificacion,Armas,79623
79624,683099166,Constanza,Tovar,79624
79625,882783206,Dionisia,Paredes,79625
79626,321735538,Yago,Sureda,79626
79627,192222092,Cipriano,Benet,79627
79628,871338556,Ariadna,Torres,79628
79629,553734170,Telmo,Aleman,79629
79630,351350132,Cleto,Valls,79630
79631,626998115,Luz,Gallo,79631
79632,286706912,Gala,Vega,79632
79633,622516318,Pascuala,Hernandez,79633
79634,428994535,Bruno,Calderon,79634
79635,632831708,Jenaro,Porcel,79635
79636,982231997,German,Llamas,79636
79637,742281327,Emigdio,Comas,79637
79638,292914036,Esteban,Alba,79638
79639,391835653,Marco,Paez,79639
79640,187876439,Etelvina,Asenjo,79640
79641,738019217,Montserrat,Acevedo,79641
79642,521568598,Celia,Cueto,79642
79643,811715103,Elena,Pinol,79643
79644,832042213,Paulina,Feijoo,79644
79645,612293799,Alma,Gonzalo,79645
79646,745507789,Irma,Blasco,79646
79647,697689763,Carmina,Salom,79647
79648,898807913,Gilberto,Pacheco,79648
79649,896982590,Marc,Boix,79649
79650,404761520,Luisa,Jimenez,79650
79651,877209935,Reyna,Codina,79651
79652,383138550,Matias,Casares,79652
79653,187148257,Maxi,Pacheco,79653
79654,786817473,Pascual,Gonzalez,79654
79655,356688972,Tecla,Rosello,79655
79656,744166941,Joaquina,Piquer,79656
79657,380768261,Dolores,Pavon,79657
79658,931617619,Daniela,Vaquero,79658
79659,138189528,Tristan,Martin,79659
79660,684344690,Renato,Valverde,79660
79661,532533507,Javi,Araujo,79661
79662,364372727,Manuel,Tomas,79662
79663,957306918,Gabriel,Pages,79663
79664,145803235,Sergio,Sola,79664
79665,790760707,Clemente,Carvajal,79665
79666,126886771,Joaquin,Vives,79666
79667,790180760,Herminio,Salva,79667
79668,847115162,Tito,Vilaplana,79668
79669,764890671,Ciro,Pacheco,79669
79670,963787214,Eutimio,Francisco,79670
79671,791809720,Edgardo,Bonilla,79671
79672,925443094,Brigida,Tirado,79672
79673,686315672,Dimas,Aparicio,79673
79674,265814677,Irene,Lluch,79674
79675,322441590,Javier,Azcona,79675
79676,237404854,Judith,Grau,79676
79677,616074308,Reyes,Jodar,79677
79678,384143567,Porfirio,Castrillo,79678
79679,263503609,Macaria,Torrecilla,79679
79680,500803590,Abigail,Haro,79680
79681,104296367,Sebastian,Carlos,79681
79682,279939353,Ismael,Gallego,79682
79683,130208581,Guillermo,Lujan,79683
79684,543401545,Primitivo,Castells,79684
79685,909770998,Adela,Cano,79685
79686,711001718,Isabel,Lara,79686
79687,377045697,Santos,Rosa,79687
79688,515499573,Alexandra,Marino,79688
79689,757463327,Hernan,Adadia,79689
79690,892014628,Maria Del Carmen,Rossello,79690
79691,828518900,Delfina,Benitez,79691
79692,976702237,Evangelina,Ramos,79692
79693,842295904,Curro,Corral,79693
79694,588969207,Alcides,Carnero,79694
79695,530686718,Adoracion,Arjona,79695
79696,494236785,Tatiana,Izquierdo,79696
79697,654172818,Laura,Acero,79697
79698,253918295,Emiliano,Vilar,79698
79699,776213909,Emiliano,Montero,79699
79700,617231913,Azeneth,Campos,79700
79701,174522664,Ariel,Cornejo,79701
79702,381864137,Adolfo,Miralles,79702
79703,739510456,Calista,Soriano,79703
79704,562482079,Rosa Maria,Duque,79704
79705,940498163,Calixto,Benito,79705
79706,812573051,Candelas,Rocha,79706
79707,177280167,Maria Pilar,Anton,79707
79708,103236666,Soraya,Peral,79708
79709,362400253,Loida,Huertas,79709
79710,530963568,Blas,Benavides,79710
79711,792474242,Lorena,Garcia,79711
79712,673293347,Luisina,Nadal,79712
79713,268258238,David,Pombo,79713
79714,271341439,Amelia,Julian,79714
79715,705618019,Macaria,Soriano,79715
79716,612426490,Melchor,Saez,79716
79717,888399580,Milagros,Izquierdo,79717
79718,422201718,Rocio,Malo,79718
79719,315880187,Felix,Menendez,79719
79720,317014205,Graciano,Padilla,79720
79721,800386758,Amalia,Cordero,79721
79722,338624014,Dan,Gomez,79722
79723,635279608,Ursula,Sans,79723
79724,588361717,Claudio,Pombo,79724
79725,207254316,Teodora,Villa,79725
79726,170007398,Salomon,Iglesia,79726
79727,302743553,Alfonso,Villanueva,79727
79728,608123556,Crescencia,Torralba,79728
79729,997285130,Angel,Cortina,79729
79730,470383345,Isabela,Aramburu,79730
79731,810013960,Cristian,Mayol,79731
79732,494168316,Calista,Roldan,79732
79733,746416996,Rene,Ramos,79733
79734,431338724,Juan Pablo,Mascaro,79734
79735,898190121,Juan Carlos,Sarmiento,79735
79736,651057555,Chelo,Gargallo,79736
79737,359790863,Claudio,Ruano,79737
79738,413264873,Dalila,Figueras,79738
79739,959226048,Julieta,Urrutia,79739
79740,412345519,Leandra,Checa,79740
79741,966446373,Edu,Perello,79741
79742,342425202,Ileana,Llobet,79742
79743,311671364,Jose Antonio,Velazquez,79743
79744,322374048,Iris,Perello,79744
79745,555627846,Rosalva,Casares,79745
79746,494199219,Maria Manuela,Rosell,79746
79747,816767426,Antonia,Jurado,79747
79748,697395521,Mireia,Paez,79748
79749,389460621,Nelida,Ferrero,79749
79750,513834697,Chus,Uribe,79750
79751,205887378,Encarnita,Gonzalez,79751
79752,638286161,Renato,Grande,79752
79753,852890309,Albino,Tejera,79753
79754,737056617,Ale,Lucas,79754
79755,730058618,Feliciano,Ruiz,79755
79756,881639556,Agata,Ribera,79756
79757,267547231,Jonatan,Alba,79757
79758,754079322,Aristides,Puig,79758
79759,216245840,Rita,Gordillo,79759
79760,257968234,Virginia,Batalla,79760
79761,846973945,Maria Belen,Linares,79761
79762,772179295,Dorita,Guardia,79762
79763,327284144,Ezequiel,Rosa,79763
79764,503834257,Nestor,Carballo,79764
79765,776510601,Remedios,Daza,79765
79766,886640373,Tiburcio,Vives,79766
79767,403505259,Lucho,Amor,79767
79768,796318661,Jose Francisco,Pomares,79768
79769,217516291,Jesusa,Francisco,79769
79770,526200690,Maria Carmen,Torre,79770
79771,574604913,Emilia,Suarez,79771
79772,101767897,Candelas,Roma,79772
79773,851946208,Jennifer,Canals,79773
79774,624145658,Maximino,Galvez,79774
79775,200782297,Valeria,Lozano,79775
79776,465807302,Anita,Cortina,79776
79777,635498032,Raquel,Llano,79777
79778,848744884,Candela,Gutierrez,79778
79779,639207633,Brigida,Fuertes,79779
79780,924544602,Yessica,Cepeda,79780
79781,598282983,Marta,Roca,79781
79782,825338785,Jonatan,Vera,79782
79783,170663237,Nerea,Verdejo,79783
79784,320178374,Carmela,Bilbao,79784
79785,404697468,Pascuala,Haro,79785
79786,189467018,Albert,Puente,79786
79787,177994583,Beatriz,Ramon,79787
79788,268910434,Rodolfo,Belmonte,79788
79789,885167439,Hugo,Camacho,79789
79790,177064739,Fabricio,Fabregat,79790
79791,694487173,Carmela,Soria,79791
79792,497561346,Dorotea,Pombo,79792
79793,132556523,Lalo,Arregui,79793
79794,956931905,Lidia,Solana,79794
79795,689147224,Godofredo,Cazorla,79795
79796,967164783,Abilio,Valencia,79796
79797,966234626,Cayetana,Jaen,79797
79798,943813100,Miguel Angel,Roldan,79798
79799,472895885,Rosa,Codina,79799
79800,248200747,Bonifacio,Acero,79800
79801,648106314,Juan Carlos,Benito,79801
79802,463062923,Leonel,Gutierrez,79802
79803,108288973,Amor,Lara,79803
79804,738236590,Modesto,Fernandez,79804
79805,308115214,Cipriano,Carrasco,79805
79806,450221249,Jose Francisco,Luna,79806
79807,758186904,Humberto,Bello,79807
79808,620281046,Pili,Alvarez,79808
79809,987533502,Espiridion,Maldonado,79809
79810,970968530,Eugenio,Pujadas,79810
79811,577122642,Horacio,Flores,79811
79812,878011458,Alex,Bermejo,79812
79813,793320017,Eusebio,Gascon,79813
79814,168780040,Emigdio,Cabezas,79814
79815,659167141,Lupita,Pages,79815
79816,386318956,Valentin,Amaya,79816
79817,563616320,Manolo,Rosa,79817
79818,114641840,Zaida,Garriga,79818
79819,221715750,Asuncion,Castellanos,79819
79820,883549444,Elena,Garcia,79820
79821,684082307,Milagros,Poza,79821
79822,169815521,Sofia,Cobo,79822
79823,546752273,Francisco,Rozas,79823
79824,927044657,Fabricio,Valles,79824
79825,411444608,Dulce,Manzano,79825
79826,984102025,Alfonso,Carreras,79826
79827,556816444,Abilio,Cerro,79827
79828,656040525,Eugenio,Prado,79828
79829,707723658,Ani,Salom,79829
79830,338243322,Regina,Gilabert,79830
79831,612706335,Carlos,Carro,79831
79832,518644460,Carmina,Mari,79832
79833,733391216,Juanita,Fernandez,79833
79834,465746276,Inocencio,Sanchez,79834
79835,802106285,Jacobo,Hoz,79835
79836,716178864,Ciriaco,Hidalgo,79836
79837,601320087,Guillermo,Barragan,79837
79838,201764958,Maura,Luz,79838
79839,190921722,Fatima,Garate,79839
79840,982126176,Ezequiel,Pedrosa,79840
79841,508034078,Elisa,Real,79841
79842,179632109,Hortensia,Riera,79842
79843,996868369,Anabel,Muro,79843
79844,467701996,Bernardita,Luna,79844
79845,178597401,Manuel,Barragan,79845
79846,551629694,Remigio,Marin,79846
79847,318640373,Esmeralda,Romeu,79847
79848,956044155,Gonzalo,Casado,79848
79849,961680448,Fabian,Lloret,79849
79850,533396740,Pio,Hervia,79850
79851,185200898,Chus,Nogues,79851
79852,533928656,Hipolito,Cuesta,79852
79853,551012700,Maximiano,Suarez,79853
79854,449361386,Maria Cristina,Santana,79854
79855,554467463,Jose Angel,Tejero,79855
79856,938392235,Arcelia,Vilar,79856
79857,819201169,Felicia,Goicoechea,79857
79858,157094251,Chucho,Alarcon,79858
79859,486390309,Maria Fernanda,Ocana,79859
79860,987530445,Yaiza,Gutierrez,79860
79861,516835786,Melania,Ferrer,79861
79862,960667722,Maria Teresa,Pineiro,79862
79863,938280906,Leopoldo,Sanmiguel,79863
79864,568900491,Azahara,Mateos,79864
79865,875076425,Sabina,Otero,79865
79866,548307899,Roxana,Berrocal,79866
79867,905072392,Reynaldo,Toro,79867
79868,194657129,Curro,Cerezo,79868
79869,382892466,Chelo,Ibarra,79869
79870,373224949,Chita,Ferran,79870
79871,415382039,Paulina,Pont,79871
79872,528712494,Raimundo,Alsina,79872
79873,307573285,Rafaela,Hernandez,79873
79874,506754385,Regulo,Donaire,79874
79875,389297854,Virgilio,Herranz,79875
79876,439861548,Manolo,Gual,79876
79877,690913163,Araceli,Ferrandiz,79877
79878,275550099,Isabel,Conesa,79878
79879,123050010,Nidia,Castro,79879
79880,166688702,Azeneth,Prat,79880
79881,812636596,Artemio,Dieguez,79881
79882,972137464,Jesus,Blazquez,79882
79883,650710213,Roldan,Duran,79883
79884,623171192,Calixta,Fabregat,79884
79885,575680720,Dorita,Rodriguez,79885
79886,403537317,Nuria,Juarez,79886
79887,762617084,Rosalina,Azcona,79887
79888,321366899,Cruz,Casas,79888
79889,347296202,Vito,Abellan,79889
79890,922313221,Lorena,Verdu,79890
79891,850135934,Amancio,Dieguez,79891
79892,847040661,Jorge,Tomas,79892
79893,601903382,Carmelita,Amador,79893
79894,792983395,Felisa,Segarra,79894
79895,200782337,Paco,Ferrandez,79895
79896,642332310,Victoriano,Guitart,79896
79897,307813150,Carmina,Sobrino,79897
79898,475367432,Teodora,Marti,79898
79899,734862204,Alejandro,Rubio,79899
79900,427241039,Tamara,Lasa,79900
79901,613323529,Joaquina,Pozuelo,79901
79902,653617492,Geraldo,Cerro,79902
79903,953388553,Hector,Mayo,79903
79904,610248670,Aura,Giron,79904
79905,492619016,Reyna,Aroca,79905
79906,168991071,Aranzazu,Abella,79906
79907,921390086,Sosimo,Verdu,79907
79908,402547586,Andres Felipe,Gutierrez,79908
79909,352635072,Maite,Rosales,79909
79910,343936188,Emelina,Blasco,79910
79911,573374593,Mariano,Rosello,79911
79912,544545030,Amaya,Losada,79912
79913,940382244,Azahar,Solera,79913
79914,365084412,Hernan,Mercader,79914
79915,291650923,Arturo,Sobrino,79915
79916,177271209,Ciriaco,Amat,79916
79917,878828849,Beatriz,Palau,79917
79918,267044079,Espiridion,Borja,79918
79919,125322938,Cristobal,Valenzuela,79919
79920,648583119,Maria Del Carmen,Oliva,79920
79921,568139102,Eutropio,Garriga,79921
79922,175073452,Lina,Blanca,79922
79923,933726356,Nacho,Lozano,79923
79924,790523059,Venceslas,Puente,79924
79925,193445511,Judith,Diego,79925
79926,775928038,Trini,Sanmartin,79926
79927,591675759,Jessica,Palomares,79927
79928,511236748,Otilia,Segarra,79928
79929,762962623,Estrella,Palomar,79929
79930,974147063,Eli,Coll,79930
79931,112928350,Gisela,Falcon,79931
79932,129204050,Prudencio,Cazorla,79932
79933,753778856,Florentino,Hoyos,79933
79934,380846316,Felipa,Herrera,79934
79935,128588472,Mohamed,Hidalgo,79935
79936,317961006,Marino,Rios,79936
79937,174330206,Maria Jesus,Llopis,79937
79938,673164280,Celso,Almeida,79938
79939,659502292,Felipe,Torrens,79939
79940,547461468,Zoraida,Angel,79940
79941,458530112,Dalila,Borrego,79941
79942,716382163,Aurelio,Valls,79942
79943,133192492,Moreno,Alamo,79943
79944,391954835,Amanda,Julia,79944
79945,351021448,Vilma,Sanmiguel,79945
79946,990273679,Paulina,Moran,79946
79947,544487259,Maria Cristina,Botella,79947
79948,587401443,Ariel,Echeverria,79948
79949,176838024,Melania,Casares,79949
79950,961293587,Encarnacion,Milla,79950
79951,663543609,Jose Francisco,Gil,79951
79952,353961898,Ester,Marin,79952
79953,232090780,Pilar,Palma,79953
79954,979644107,Griselda,Lerma,79954
79955,801762868,Ingrid,Berenguer,79955
79956,557068957,Artemio,Iglesias,79956
79957,966213602,Chus,Casas,79957
79958,102068591,Jose Ramon,Cerro,79958
79959,845543425,Mario,Pol,79959
79960,735018426,Roque,Rius,79960
79961,196634015,Pili,Ayuso,79961
79962,159520203,Pascual,Coll,79962
79963,592216707,Nico,Ramirez,79963
79964,248106295,Maximiliano,Rosado,79964
79965,374067761,Sergio,Salgado,79965
79966,487881252,Carlota,Melero,79966
79967,386434534,Lisandro,Sastre,79967
79968,593570906,Ofelia,Verdejo,79968
79969,915742005,Venceslas,Requena,79969
79970,687073162,Griselda,Gonzalo,79970
79971,919521013,Luisa,Anguita,79971
79972,784960945,Rufina,Salas,79972
79973,141148097,Rafaela,Folch,79973
79974,986933799,Ascension,Munoz,79974
79975,285855562,Paco,Lobo,79975
79976,589939367,Gisela,Cortes,79976
79977,251875985,Panfilo,Dieguez,79977
79978,759911642,Alex,Manzano,79978
79979,131387437,Fabricio,Gamez,79979
79980,604409225,Ariadna,Cuenca,79980
79981,372929491,Corona,Villalba,79981
79982,854176811,Lorenzo,Andrade,79982
79983,503826602,Goyo,Vives,79983
79984,392915646,Asuncion,Roca,79984
79985,873508249,Faustino,Cervantes,79985
79986,803131058,Francisco Javier,Puga,79986
79987,823210139,Petrona,Manuel,79987
79988,483146772,Bibiana,Luna,79988
79989,283863443,Chus,Garzon,79989
79990,802539836,Mariano,Gascon,79990
79991,406909700,Noemi,Guillen,79991
79992,765507641,Casemiro,Torrents,79992
79993,330326613,Timoteo,Escolano,79993
79994,658797715,Liliana,Garmendia,79994
79995,176977764,Feliciana,Carranza,79995
79996,377141674,Guadalupe,Gracia,79996
79997,222050124,Mohamed,Serna,79997
79998,754250326,Marisela,Aguilo,79998
79999,146754876,Nico,Exposito,79999
80000,394783542,Martirio,Uria,80000
