id,documento,nombre,apellido,mesa_id
40001,553851326,Pastor,Reina,40001
40002,988827580,Eva Maria,Seco,40002
40003,143676683,Nico,Martinez,40003
40004,578995280,Dario,Huerta,40004
40005,951459997,Toribio,Morcillo,40005
40006,694765527,Salvador,Frias,40006
40007,717396400,Javier,Vives,40007
40008,961763283,Alberto,Royo,40008
40009,627470146,Emilio,Hierro,40009
40010,879803067,Eliseo,Julia,40010
40011,362425149,Francisco Javier,Guitart,40011
40012,818992668,Mateo,Casals,40012
40013,484087116,Calixta,Solano,40013
40014,252539186,Rafael,Malo,40014
40015,756404781,Tadeo,Sarmiento,40015
40016,965653571,Viviana,Martin,40016
40017,732693366,Adalberto,Chaves,40017
40018,152579022,Marisa,Pavon,40018
40019,756398584,Albert,Figuerola,40019
40020,847605575,Isabel,Gibert,40020
40021,823442398,Damian,Lumbreras,40021
40022,509008275,Amado,Bayo,40022
40023,938557578,Maximiliano,Figueroa,40023
40024,803061932,Anastasia,Andres,40024
40025,413998390,Carmela,Chacon,40025
40026,548071676,Gustavo,Carreno,40026
40027,538584274,Reyes,Vargas,40027
40028,254287919,Javiera,Castrillo,40028
40029,117074437,Julian,Andrade,40029
40030,632409312,Antonio,Alvarado,40030
40031,622766071,Nazario,Sales,40031
40032,816758165,Abigail,Cardona,40032
40033,635058442,Marina,Sainz,40033
40034,296309560,Jafet,Gibert,40034
40035,802186010,Pastora,Maza,40035
40036,616222608,Alcides,Pino,40036
40037,809784640,Pastor,Pardo,40037
40038,269023155,Ildefonso,Sevillano,40038
40039,752987888,Arturo,Perales,40039
40040,277386561,Vidal,Calvo,40040
40041,409359503,Sandra,Aguado,40041
40042,674032602,Clarisa,Mugica,40042
40043,182100858,Roberta,Nicolau,40043
40044,996980252,Fabio,Ribas,40044
40045,947180603,Salvador,Valverde,40045
40046,421507346,Carmela,Becerra,40046
40047,942534870,Olimpia,Landa,40047
40048,912387210,Gabino,Rosell,40048
40049,634726493,Dalila,Linares,40049
40050,549678109,Josefina,Reina,40050
40051,965728360,Maria,Duran,40051
40052,428228513,Yaiza,Pulido,40052
40053,342110270,Lalo,Diego,40053
40054,162332570,Charo,Solana,40054
40055,518228609,Jose Manuel,Castro,40055
40056,532049033,Jose Maria,Pedraza,40056
40057,749271031,Victor Manuel,Jurado,40057
40058,849529781,Pascual,Roda,40058
40059,234412128,Zaida,Arroyo,40059
40060,542539046,Melania,Jover,40060
40061,547415095,Maite,Zurita,40061
40062,233202689,Jaime,Quesada,40062
40063,139436562,Armando,Real,40063
40064,965094069,Maribel,Alvaro,40064
40065,637780583,Celia,Palma,40065
40066,416212326,Juan Pablo,Galvez,40066
40067,185355512,Ciriaco,Sevilla,40067
40068,439208972,Juana,Contreras,40068
40069,847175353,Gertrudis,Santana,40069
40070,818997957,Constanza,Morillo,40070
40071,437170130,Emilia,Lerma,40071
40072,856804256,Encarnita,Tirado,40072
40073,690511580,Anunciacion,Alvarez,40073
40074,206223592,Hilario,Molina,40074
40075,362868026,Alberto,Anaya,40075
40076,127355914,Benito,Corral,40076
40077,340796037,Epifanio,Luz,40077
40078,799609035,Marciano,Landa,40078
40079,217533450,Calixta,Albero,40079
40080,393385841,Sofia,Villar,40080
40081,301421982,Martina,Moraleda,40081
40082,973108057,Cristian,Almazan,40082
40083,762535939,Isa,Ugarte,40083
40084,375627900,Mariana,Saenz,40084
40085,512609147,Xavier,Ramirez,40085
40086,455174026,Mercedes,Echeverria,40086
40087,410485014,Manuela,Ropero,40087
40088,679599486,Olga,Colomer,40088
40089,188152817,Juana,Tovar,40089
40090,867286798,Tamara,Caro,40090
40091,911423825,Noe,Arcos,40091
40092,596748619,Danilo,Martorell,40092
40093,496602464,Raimundo,Solsona,40093
40094,923907458,Atilio,Iniguez,40094
40095,963236702,Esmeralda,Frutos,40095
40096,990375832,Amor,Almansa,40096
40097,154303049,Leticia,Pino,40097
40098,880870305,Silvia,Canet,40098
40099,883662675,Javier,Segovia,40099
40100,525113427,Ofelia,Prieto,40100
40101,447369474,Marc,Montalban,40101
40102,437413169,Debora,Morera,40102
40103,665899559,Ricarda,Vilanova,40103
40104,263747508,Juan Antonio,Sanjuan,40104
40105,181571438,Esmeralda,Navarro,40105
40106,460768506,Jose,Iglesias,40106
40107,250788044,Estrella,Salamanca,40107
40108,774089909,Domingo,Nino,40108
40109,698443847,Leoncio,Sacristan,40109
40110,520246610,Cruz,Tormo,40110
40111,639567137,Natalia,Serra,40111
40112,437186940,Salud,Montserrat,40112
40113,940470604,Manu,Herrera,40113
40114,829931775,Pablo,Campo,40114
40115,483972583,Isabel,Camps,40115
40116,574928048,Agapito,Casares,40116
40117,481905319,Montserrat,Rios,40117
40118,194192430,Fabricio,Munoz,40118
40119,809160226,Marianela,Heras,40119
40120,127904691,Nico,Sancho,40120
40121,190019215,Segismundo,Oliveras,40121
40122,909394748,Jordana,Aguirre,40122
40123,694372970,Danilo,Crespo,40123
40124,782623370,Juan Pablo,Sandoval,40124
40125,868659477,Edelmiro,Mayoral,40125
40126,542401892,Cristian,Munoz,40126
40127,458644730,Andrea,Galvez,40127
40128,882666364,Rosa,Sanz,40128
40129,319215908,Edgar,Cazorla,40129
40130,209543980,Cayetano,Granados,40130
40131,748400930,Paloma,Coca,40131
40132,821927912,Maria Dolores,Marcos,40132
40133,319826643,Hernando,Gutierrez,40133
40134,329626489,Timoteo,Vaquero,40134
40135,605377413,Jacinta,Suarez,40135
40136,534236467,Segismundo,Izaguirre,40136
40137,564816719,Zoraida,Gonzalo,40137
40138,953370642,Rolando,Uribe,40138
40139,781948242,Eugenio,Piquer,40139
40140,168993142,Eufemia,Casanovas,40140
40141,394179267,Debora,Aliaga,40141
40142,537085933,Sandra,Solano,40142
40143,229385643,Norberto,Egea,40143
40144,407620202,Joaquin,Aller,40144
40145,627841799,Carlos,Lopez,40145
40146,154555528,Regina,Millan,40146
40147,156960602,Omar,Revilla,40147
40148,136085805,Arcelia,Dalmau,40148
40149,556546273,Clotilde,Ortuno,40149
40150,769561119,Maite,Santos,40150
40151,814955135,Haroldo,Grande,40151
40152,988395362,Samu,Vazquez,40152
40153,246096041,Milagros,Romeu,40153
40154,461354382,Antonia,Grau,40154
40155,448251748,Primitiva,Olmedo,40155
40156,338973504,Gaspar,Enriquez,40156
40157,689651117,Marcio,Navarro,40157
40158,405901451,Juan Luis,Arnal,40158
40159,363059907,Arturo,Espanol,40159
40160,731995334,Bonifacio,Pizarro,40160
40161,425644082,Mario,Rodriguez,40161
40162,506078827,Patricio,Arino,40162
40163,587079287,Martirio,Colomer,40163
40164,133918052,Marco,Iniesta,40164
40165,681539752,Maricruz,Gaya,40165
40166,905157924,Haroldo,Conesa,40166
40167,579864813,Zoraida,Chamorro,40167
40168,494517816,Piedad,Bayo,40168
40169,306750502,Vinicio,Flores,40169
40170,508985422,Nicolas,Segui,40170
40171,506013456,Graciano,Campillo,40171
40172,678432392,Adalberto,Escalona,40172
40173,579620163,Nidia,Lloret,40173
40174,841531399,Odalys,Sedano,40174
40175,788907720,Ruy,Bustos,40175
40176,337601489,Jacobo,Salas,40176
40177,649396240,Tono,Linares,40177
40178,486859063,Carmelo,Almazan,40178
40179,697795080,Rufino,Mulet,40179
40180,212047293,Olimpia,Amo,40180
40181,785065831,Graciela,Montesinos,40181
40182,110138919,Edelmiro,Alemany,40182
40183,960229644,Rosario,Baena,40183
40184,180748233,Alejandra,Ariza,40184
40185,410092849,Adelaida,Valera,40185
40186,366555433,Trini,Aller,40186
40187,220471515,Virginia,Contreras,40187
40188,230929544,Tamara,Guardiola,40188
40189,286345263,Curro,Bartolome,40189
40190,708865150,Anselma,Jove,40190
40191,838090575,Patricia,Sainz,40191
40192,722713250,Fabio,Donaire,40192
40193,119661407,Rosalina,Pinto,40193
40194,381280599,Vidal,Torrent,40194
40195,550945617,Donato,Barba,40195
40196,112619148,Toribio,Iniesta,40196
40197,106182228,Marcelino,Morante,40197
40198,848948677,Isaias,Mateos,40198
40199,214924147,Lupe,Gascon,40199
40200,146804936,Zaida,Fabra,40200
40201,255811102,Ainara,Elias,40201
40202,995282348,Evaristo,Egea,40202
40203,588920164,Bonifacio,Barriga,40203
40204,853618241,Javiera,Nebot,40204
40205,770148577,Carmina,Fernandez,40205
40206,202211440,Casemiro,Poza,40206
40207,911122139,Ligia,Pelaez,40207
40208,636182959,Odalys,Barba,40208
40209,623984618,Daniel,Iglesia,40209
40210,233661653,Debora,Pinedo,40210
40211,909044826,Jose Mari,Pineda,40211
40212,426434904,Julie,Minguez,40212
40213,739596721,Emelina,Asenjo,40213
40214,786341487,Consuelo,Almansa,40214
40215,520514750,Estefania,Busquets,40215
40216,293158185,Jorge,Ibanez,40216
40217,725852741,Florinda,Verdugo,40217
40218,142999298,Lazaro,Arevalo,40218
40219,506492714,Benita,Guardiola,40219
40220,378863204,Emilio,Alamo,40220
40221,344483638,Saturnino,Gras,40221
40222,419371263,Fatima,Ruiz,40222
40223,741116697,Nereida,Pou,40223
40224,517396506,Paulino,Carmona,40224
40225,271005255,Chucho,Hernandez,40225
40226,762175795,Jordana,Ferrero,40226
40227,704819061,Lorenza,Garcia,40227
40228,212594300,Nicolas,Marmol,40228
40229,297047009,Jose Luis,Elias,40229
40230,687715318,Pablo,Bermudez,40230
40231,351582804,Adan,Cid,40231
40232,499264027,Mariano,Pavon,40232
40233,495616747,Marc,Echevarria,40233
40234,556207133,Camila,Amor,40234
40235,294957849,Gerardo,Murillo,40235
40236,178862136,Gilberto,Urrutia,40236
40237,223981137,Vicente,Carvajal,40237
40238,415407724,Josefa,Cespedes,40238
40239,594799668,Nando,Sans,40239
40240,534090376,Loreto,Quintanilla,40240
40241,493926302,Laura,Almansa,40241
40242,417450748,Nacho,Arias,40242
40243,656633588,Bernabe,Andrade,40243
40244,142620866,Norberto,Figuerola,40244
40245,321790433,Hipolito,Mancebo,40245
40246,720556885,Soledad,Lobato,40246
40247,964029068,Candelaria,Ferrera,40247
40248,661667902,Gervasio,Poza,40248
40249,325838572,Benigno,Carbajo,40249
40250,670693935,Amparo,Mariscal,40250
40251,816337958,Sandalio,Murcia,40251
40252,894957898,Nacio,Jauregui,40252
40253,126923089,Paulina,Sastre,40253
40254,499166479,Felix,Sebastian,40254
40255,384352734,Curro,Mendez,40255
40256,325673050,Esther,Campo,40256
40257,599280780,Moises,Tejada,40257
40258,758731407,Norberto,Corbacho,40258
40259,532359410,Vidal,Ricart,40259
40260,836719017,Mireia,Exposito,40260
40261,616566339,Celestina,Roda,40261
40262,620111866,Donato,Lerma,40262
40263,943389484,Cristobal,Vazquez,40263
40264,535094008,Rosario,Vigil,40264
40265,708886084,Mauricio,Arias,40265
40266,959233719,Custodia,Moliner,40266
40267,952661557,Heraclio,Botella,40267
40268,942553923,Dani,Catala,40268
40269,976019564,Trini,Marti,40269
40270,781759670,Arsenio,Rius,40270
40271,759453519,Reyes,Uria,40271
40272,746812254,Calisto,Roca,40272
40273,387131926,Andres,Cifuentes,40273
40274,123536178,Anna,Marquez,40274
40275,249392250,Montserrat,Mulet,40275
40276,761951159,Roman,Escolano,40276
40277,903704211,Dorita,Aranda,40277
40278,554913231,Ciriaco,Palacios,40278
40279,405660501,Jose Angel,Camino,40279
40280,790312928,Lilia,Gracia,40280
40281,563808160,Felisa,Pintor,40281
40282,711660024,Roman,Tirado,40282
40283,507643697,Febe,Morell,40283
40284,564272613,Zaira,Morata,40284
40285,643988677,Maria Belen,Reguera,40285
40286,237295201,Rufina,Rodriguez,40286
40287,980626312,Mario,Rivas,40287
40288,701496382,Vinicio,Miranda,40288
40289,697932789,Faustino,Boix,40289
40290,894031381,Javi,Porras,40290
40291,431673064,Custodio,Porras,40291
40292,474035054,Leandro,Mercader,40292
40293,222687419,Virgilio,Carvajal,40293
40294,266598825,Juan Luis,Comas,40294
40295,855975737,Alejandra,Flores,40295
40296,387115635,Noelia,Jurado,40296
40297,100655666,Buenaventura,Contreras,40297
40298,968237316,Rosa,Benet,40298
40299,516133237,Aitana,Bartolome,40299
40300,550812822,Estela,Colom,40300
40301,400200173,Aitor,Vina,40301
40302,167089583,Paz,Gomez,40302
40303,613996541,Gil,Gil,40303
40304,245102393,Amparo,Cano,40304
40305,256216547,Sancho,Dominguez,40305
40306,538407769,Coral,Abad,40306
40307,409066443,Luciana,Gibert,40307
40308,886025499,Cesar,Garmendia,40308
40309,936037825,Elena,Bernal,40309
40310,778896957,Valero,Molina,40310
40311,718901464,Leocadia,Moreno,40311
40312,512456053,Ale,Vila,40312
40313,232292204,Silvio,Quero,40313
40314,728372223,Carla,Barros,40314
40315,751121895,Jacobo,Molins,40315
40316,164442595,Olalla,Canellas,40316
40317,503796627,Vito,Villena,40317
40318,645666827,Armida,Sala,40318
40319,240736968,Tomas,Godoy,40319
40320,945498088,Maximino,Lastra,40320
40321,749382043,Ana,Marco,40321
40322,973760372,Fausto,Font,40322
40323,638233395,Juan Carlos,Antunez,40323
40324,496792659,Felix,Bolanos,40324
40325,814910819,Paca,Sastre,40325
40326,785083645,Elvira,Lopez,40326
40327,967965815,Carlota,Tomas,40327
40328,105327656,Mirta,Aviles,40328
40329,372935180,Marisa,Pinedo,40329
40330,311832686,Armando,Albero,40330
40331,404909699,Jacinto,Rincon,40331
40332,166662663,Nazaret,Molina,40332
40333,449397748,Alejandro,Bernad,40333
40334,626580689,Angelita,Perez,40334
40335,194223700,Kike,Abella,40335
40336,942781604,Ciriaco,Borja,40336
40337,925534968,Leticia,Simo,40337
40338,737007498,Margarita,Olivares,40338
40339,480346704,Albert,Carnero,40339
40340,602498877,Manuel,Martinez,40340
40341,924008337,Vera,Alvarez,40341
40342,683773158,Sofia,Agullo,40342
40343,766923889,Noe,Urrutia,40343
40344,219069068,Paco,Perez,40344
40345,313478363,Leonor,Priego,40345
40346,108758167,Cruz,Rodriguez,40346
40347,689807610,Ariadna,Balaguer,40347
40348,344166055,Angeles,Baron,40348
40349,379333244,Goyo,Amo,40349
40350,495842152,America,Giralt,40350
40351,689342461,Benita,Arteaga,40351
40352,134745602,Jovita,Royo,40352
40353,734873242,Juanita,Pujol,40353
40354,898000297,Raimundo,Rey,40354
40355,581001663,Gala,Carreno,40355
40356,873216277,Octavia,Barba,40356
40357,656150676,Alex,Bustos,40357
40358,532200428,Alex,Lledo,40358
40359,836285210,Severino,Mena,40359
40360,133529639,Encarna,Ferrandez,40360
40361,536384339,Samanta,Garcia,40361
40362,147439623,Luisina,Farre,40362
40363,552973866,Alcides,Cabrero,40363
40364,300890736,Vidal,Jauregui,40364
40365,241260136,Cecilia,Mas,40365
40366,612670244,Graciano,Baena,40366
40367,128983861,Reyes,Llorens,40367
40368,962590766,Balduino,Mendez,40368
40369,576175324,Petrona,Pineda,40369
40370,645874752,Anselmo,Manrique,40370
40371,859882369,Telmo,Giralt,40371
40372,530875543,Matias,Rosales,40372
40373,779736490,Nereida,Santana,40373
40374,703572169,Ana Belen,Zapata,40374
40375,287734341,Ruth,Castrillo,40375
40376,739282795,Andrea,Carrillo,40376
40377,211015959,Renata,Herrero,40377
40378,501182469,Leandro,Paniagua,40378
40379,337087192,Nico,Cerro,40379
40380,819751322,Arturo,Peral,40380
40381,815722575,Reyes,Cerda,40381
40382,276124083,Clotilde,Maza,40382
40383,404704174,Isaias,Uriarte,40383
40384,196643465,Felipa,Beltran,40384
40385,757214777,Javi,Goicoechea,40385
40386,257143693,Angelino,Palma,40386
40387,224105349,Gabino,Garzon,40387
40388,301047005,Rosa Maria,Aliaga,40388
40389,334412705,Cristina,Quero,40389
40390,683152406,Ana,Agullo,40390
40391,131003423,Marisol,Guardiola,40391
40392,961910381,Mariano,Galiano,40392
40393,262750180,Wilfredo,Bonet,40393
40394,473392686,Loreto,Torrecilla,40394
40395,710634349,Hilda,Bertran,40395
40396,792607366,Marta,Vera,40396
40397,916512992,Carlos,Cid,40397
40398,170266847,Valeria,Aguirre,40398
40399,382014891,Lazaro,Moraleda,40399
40400,477567281,Venceslas,Roldan,40400
40401,848137666,Reynaldo,Anguita,40401
40402,990174451,Lisandro,Montalban,40402
40403,192353051,Vera,Narvaez,40403
40404,354345708,Gonzalo,Canizares,40404
40405,945090459,Obdulia,Feijoo,40405
40406,973348111,Buenaventura,Rivero,40406
40407,209586143,Elpidio,Lobato,40407
40408,516960578,Quique,Cornejo,40408
40409,368698572,Chucho,Calvet,40409
40410,376829440,Candelario,Uribe,40410
40411,852896167,Nestor,Paniagua,40411
40412,743843226,Coral,Fiol,40412
40413,987037865,Iris,Serrano,40413
40414,737487941,Vera,Grau,40414
40415,191300441,Nidia,Garate,40415
40416,978280191,Sarita,Miguel,40416
40417,361072940,Domingo,Torres,40417
40418,540399855,Imelda,Saavedra,40418
40419,879821851,Saturnina,Castaneda,40419
40420,573158881,Narcisa,Prat,40420
40421,801357961,Serafina,Daza,40421
40422,148391045,Ramiro,Bautista,40422
40423,203282340,Barbara,Valencia,40423
40424,295919180,Eva,Alberto,40424
40425,265449301,Camila,Orozco,40425
40426,499266086,Priscila,Jover,40426
40427,297694620,Perla,Arino,40427
40428,513581890,Roxana,Sosa,40428
40429,136414480,Lupita,Sole,40429
40430,809636773,Celestina,Somoza,40430
40431,298526543,Isidoro,Cuesta,40431
40432,456391700,Evaristo,Gallego,40432
40433,367082716,Hilario,Losada,40433
40434,879874873,Adela,Rodrigo,40434
40435,215362223,Albert,Marco,40435
40436,145514446,Eugenio,Robledo,40436
40437,484990576,Rosenda,Canales,40437
40438,641909366,Carlota,Novoa,40438
40439,745242364,Nicodemo,Fuente,40439
40440,629978959,Felicidad,Llobet,40440
40441,861410971,Efrain,Planas,40441
40442,258665210,Galo,Parra,40442
40443,443922218,Patricio,Revilla,40443
40444,493011050,Ruperta,Gonzalez,40444
40445,842985175,Eloisa,Gallo,40445
40446,958655145,Eva Maria,Requena,40446
40447,182944314,Maria Cristina,Barbero,40447
40448,992766892,Viviana,Oller,40448
40449,920789620,Nydia,Tejera,40449
40450,223012218,Maria Dolores,Gascon,40450
40451,137444800,Asuncion,Escribano,40451
40452,780790564,Eloy,Arenas,40452
40453,649890705,Teo,Benavente,40453
40454,400321561,Manuel,Rodriguez,40454
40455,927006928,Ambrosio,Garces,40455
40456,911587311,Pacifica,Talavera,40456
40457,281120859,Adela,Mendizabal,40457
40458,769138695,Blas,Vicente,40458
40459,754492700,Lalo,Villegas,40459
40460,102687977,Ambar,Valles,40460
40461,167132404,Tamara,Abellan,40461
40462,231431084,Ignacia,Villena,40462
40463,924988906,Natividad,Rosado,40463
40464,961903774,Patricio,Mendez,40464
40465,206630838,Maria Jose,Vendrell,40465
40466,388663084,Nereida,Gonzalez,40466
40467,248821702,Gerardo,Rios,40467
40468,422242650,Dionisio,Camara,40468
40469,118838472,Susanita,Garcia,40469
40470,599314054,Casemiro,Carrillo,40470
40471,724236789,Macaria,Angulo,40471
40472,865360154,Teresa,Vera,40472
40473,903778992,Luisa,Reguera,40473
40474,997075164,Elisabet,Lozano,40474
40475,739127145,Chema,Marques,40475
40476,441254451,Olegario,Pinilla,40476
40477,906970949,Petrona,Infante,40477
40478,117469027,Nazario,Lago,40478
40479,117176859,Isaac,Calderon,40479
40480,385505816,Anselmo,Blasco,40480
40481,380412458,Ale,Luz,40481
40482,659921739,Gracia,Lopez,40482
40483,548450926,Toribio,Santamaria,40483
40484,379022692,Gerardo,Jove,40484
40485,217576841,Lucia,Espinosa,40485
40486,980834259,Luisa,Almeida,40486
40487,587778736,Benigna,Estevez,40487
40488,893829757,Amor,Mendez,40488
40489,578946209,Morena,Palma,40489
40490,262745381,Pedro,Villegas,40490
40491,363942371,Micaela,Velazquez,40491
40492,966036600,Azahara,Miralles,40492
40493,321316560,Adelia,Jimenez,40493
40494,110378208,Chelo,Losa,40494
40495,811533815,Lalo,Tur,40495
40496,226505621,Ceferino,Ponce,40496
40497,338917919,Nazaret,Porta,40497
40498,670627833,Leocadio,Solera,40498
40499,348434384,Dan,Codina,40499
40500,912349648,Ximena,Espana,40500
40501,599937652,Alcides,Ortiz,40501
40502,970343231,Ruy,Alcala,40502
40503,790919904,Yaiza,Blazquez,40503
40504,809164823,Carmelita,Amat,40504
40505,457210942,Ramiro,Morillo,40505
40506,725183015,Guadalupe,Fabregat,40506
40507,681999453,Adela,Olmo,40507
40508,974508707,Jenaro,Ponce,40508
40509,952410185,Nestor,Sanmartin,40509
40510,263983954,Valentin,Gallego,40510
40511,327953856,Buenaventura,Reyes,40511
40512,161467322,Constanza,Tomas,40512
40513,591375712,Haydee,Valle,40513
40514,803677175,Amaya,Galvan,40514
40515,895012846,Rosa,Revilla,40515
40516,898861003,Cornelio,Castillo,40516
40517,394344416,Haydee,Muro,40517
40518,583408557,Miguela,Saura,40518
40519,912739982,Judith,Marino,40519
40520,999630373,Natividad,Yuste,40520
40521,700452149,Nerea,Mata,40521
40522,163510993,Octavia,Cuadrado,40522
40523,701122330,Pili,Espana,40523
40524,440246193,Francisco Jose,Montero,40524
40525,168130094,Oscar,Moliner,40525
40526,897823385,Adela,Losada,40526
40527,305971667,Martin,Abellan,40527
40528,459955349,Enrique,Aguila,40528
40529,286968251,Jenaro,Olivares,40529
40530,118200679,Francisco Jose,Porcel,40530
40531,983170034,Renata,Jimenez,40531
40532,653894890,Pastor,Jimenez,40532
40533,284314419,Vasco,Vicente,40533
40534,918333160,Marco,Araujo,40534
40535,851741549,Cayetana,Cases,40535
40536,607721385,Omar,Taboada,40536
40537,832685600,Cruz,Losa,40537
40538,840596499,Hilda,Mate,40538
40539,494671043,Balduino,Cobos,40539
40540,870137927,Filomena,Murcia,40540
40541,840246939,Hipolito,Pineda,40541
40542,769310762,Zaira,Benavent,40542
40543,563361079,Nuria,Porcel,40543
40544,196244553,Cayetana,Puente,40544
40545,449747930,Ivan,Burgos,40545
40546,862549379,Elisa,Olivares,40546
40547,471054545,Carmina,Clavero,40547
40548,470054281,Jose,Tejero,40548
40549,114974876,Lorenza,Montserrat,40549
40550,474185581,Valentin,Lozano,40550
40551,414290507,Gabriela,Clavero,40551
40552,855097242,Jesus,Arranz,40552
40553,965270409,Belen,Reig,40553
40554,899560638,Alberto,Urrutia,40554
40555,561030171,Juan Luis,Reig,40555
40556,353598164,Santos,Velazquez,40556
40557,834858878,Nazaret,Calvo,40557
40558,725052621,Soraya,Barcena,40558
40559,116346145,Calixta,Rosales,40559
40560,926280124,Walter,Batalla,40560
40561,357563210,Jose Antonio,Carbo,40561
40562,181025021,Ignacia,Zamorano,40562
40563,682986182,Santos,Campos,40563
40564,945323803,Marina,Palma,40564
40565,976241431,Benjamin,Valero,40565
40566,262096496,Luna,Rozas,40566
40567,881279053,Luis Miguel,Cobo,40567
40568,491285906,Eulalia,Gomez,40568
40569,483282817,Maria Manuela,Alcaraz,40569
40570,825891502,Nestor,Galvez,40570
40571,635497449,Eliseo,Esteban,40571
40572,402541281,Ivan,Baez,40572
40573,606807129,Lupe,Valverde,40573
40574,279093794,Nicolasa,Pellicer,40574
40575,696610907,Blas,Pedrosa,40575
40576,747965173,Rodolfo,Pascual,40576
40577,658003610,Cesar,Aragon,40577
40578,451360178,Eufemia,Manjon,40578
40579,898506329,Maura,Olmo,40579
40580,408573716,Palmira,Bermudez,40580
40581,828263473,Goyo,Agustin,40581
40582,233808909,Romulo,Gallardo,40582
40583,689597039,Cesar,Ibarra,40583
40584,974126960,Rufina,Jorda,40584
40585,861731376,Jose Ramon,Ponce,40585
40586,149536548,Javier,Palmer,40586
40587,194701450,Consuelo,Borja,40587
40588,722478711,Hilda,Cervantes,40588
40589,684331102,Osvaldo,Valcarcel,40589
40590,203923606,Jose,Gilabert,40590
40591,385192204,Consuela,Saldana,40591
40592,765104632,Elvira,Rio,40592
40593,141357080,Azucena,Puig,40593
40594,797823866,Marina,Isern,40594
40595,627885789,Efrain,Saldana,40595
40596,308581594,Reinaldo,Asensio,40596
40597,131254483,Felicia,Carbo,40597
40598,322089395,Berta,Dominguez,40598
40599,986233191,Jacinta,Vila,40599
40600,201130122,Josep,Herrero,40600
40601,899103436,Juanito,Pinto,40601
40602,477480309,Paca,Araujo,40602
40603,692093886,Mateo,Crespo,40603
40604,406973269,Anselma,Hervia,40604
40605,772703734,Alejandro,Badia,40605
40606,444957347,Josep,Polo,40606
40607,977068007,Sigfrido,Giron,40607
40608,468349405,Agata,Manjon,40608
40609,148831677,Urbano,Villanueva,40609
40610,878248555,Clarisa,Minguez,40610
40611,851247882,Alfonso,Baron,40611
40612,933095040,Walter,Sierra,40612
40613,962029625,Aaron,Pont,40613
40614,358492381,Javiera,Cuadrado,40614
40615,297348739,Fabricio,Adadia,40615
40616,329820661,Fatima,Carbo,40616
40617,766506558,Monica,Mercader,40617
40618,695946474,Crescencia,Giner,40618
40619,415416583,German,Barroso,40619
40620,847094974,Carmen,Dominguez,40620
40621,448029929,Laura,Prado,40621
40622,951104375,Juanita,Menendez,40622
40623,959676866,Carmelo,Coca,40623
40624,262868983,Vicenta,Barragan,40624
40625,632437744,Patricio,Cobos,40625
40626,904473534,Beatriz,Guzman,40626
40627,595581959,Severo,Ramirez,40627
40628,343584899,Clementina,Borrego,40628
40629,198148884,Armida,Escamilla,40629
40630,709539517,Nereida,Blanco,40630
40631,197224678,Inigo,Tormo,40631
40632,190759994,Glauco,Delgado,40632
40633,180826828,Noe,Ponce,40633
40634,871425125,Emperatriz,Calderon,40634
40635,908198084,Remigio,Codina,40635
40636,508133747,Salud,Arroyo,40636
40637,440754988,Jose Antonio,Sanz,40637
40638,421096293,Juan Pablo,Villalonga,40638
40639,989584813,Americo,Tudela,40639
40640,668751901,Manu,Penas,40640
40641,853415597,Inigo,Carrasco,40641
40642,341529630,Evaristo,Osuna,40642
40643,180848233,Ximena,Tormo,40643
40644,146373914,Gabriela,Carvajal,40644
40645,379467629,Anna,Carretero,40645
40646,746995726,Marcos,Ruano,40646
40647,536901889,Curro,Palmer,40647
40648,874602027,Angelino,Lasa,40648
40649,245759661,Gabriela,Sevillano,40649
40650,609298254,Amanda,Canales,40650
40651,999959789,Haydee,Esparza,40651
40652,832001374,Ignacia,Santamaria,40652
40653,741755869,Lilia,Mari,40653
40654,461587881,Seve,Conesa,40654
40655,241747312,Roque,Canas,40655
40656,795916422,Trinidad,Ortiz,40656
40657,799206560,Paloma,Cerezo,40657
40658,907263937,Toni,Teruel,40658
40659,992782018,Rosario,Porras,40659
40660,933432027,Clarisa,Agustin,40660
40661,513620767,Anabel,Luis,40661
40662,322522416,Victor,Salvador,40662
40663,441504431,Jose,Pedrosa,40663
40664,405610133,Eliana,Marquez,40664
40665,573633140,Armando,Paez,40665
40666,353143996,Ana Belen,Urrutia,40666
40667,236064253,Adelina,Crespi,40667
40668,595862456,Olivia,Arroyo,40668
40669,875230724,Osvaldo,Izaguirre,40669
40670,946742998,Celestina,Noguera,40670
40671,355636055,Ale,Vila,40671
40672,782393547,Conrado,Andrade,40672
40673,917062355,Ascension,Martinez,40673
40674,759503448,Julie,Carretero,40674
40675,598326374,Isaura,Talavera,40675
40676,395420099,Cayetano,Pinol,40676
40677,563930445,Teo,Aramburu,40677
40678,887545494,Dora,Bru,40678
40679,912997267,Florentino,Caceres,40679
40680,769969617,Goyo,Aviles,40680
40681,370462520,Felix,Gibert,40681
40682,691803738,Jesus,Pablo,40682
40683,807780430,Manu,Baro,40683
40684,110100037,Gertrudis,Recio,40684
40685,191414552,Eutropio,Mayol,40685
40686,120900151,Antonia,Chamorro,40686
40687,487299300,Rosa,Benavides,40687
40688,735467133,Agustin,Montesinos,40688
40689,127151424,Macaria,Castaneda,40689
40690,958296872,Marina,Marquez,40690
40691,788803840,Jose Luis,Luque,40691
40692,176805234,Guiomar,Barcena,40692
40693,185130643,Laura,Casal,40693
40694,397444395,Visitacion,Vives,40694
40695,283251941,Eva,Comas,40695
40696,321521887,Che,Saldana,40696
40697,283696876,Ivan,Alvarado,40697
40698,762258887,Alfredo,Valverde,40698
40699,165303822,Evita,Ferrera,40699
40700,848424325,Ascension,Cisneros,40700
40701,144769880,Dalila,Ariza,40701
40702,718355930,Wilfredo,Galan,40702
40703,440035379,Jaime,Canton,40703
40704,928655583,Hilario,Balaguer,40704
40705,661160892,Feliciana,Alvarez,40705
40706,122754718,Judith,Canales,40706
40707,786993648,Vera,Olivares,40707
40708,740706463,Brunilda,Casals,40708
40709,316983268,Maria Manuela,Miralles,40709
40710,944469087,Cloe,Llorente,40710
40711,312476812,Cecilia,Angel,40711
40712,166707074,Alma,Casanovas,40712
40713,991600851,Hipolito,Gabaldon,40713
40714,864549543,Nacho,Aguilar,40714
40715,966851974,Obdulia,Paniagua,40715
40716,319332199,Olivia,Gutierrez,40716
40717,924380899,Asuncion,Lobo,40717
40718,307926023,Miriam,Alarcon,40718
40719,676552795,Constanza,Arnaiz,40719
40720,863275651,Yaiza,Villaverde,40720
40721,997967856,Hugo,Buendia,40721
40722,736149852,Dorotea,Leiva,40722
40723,869964137,Chucho,Piquer,40723
40724,344962810,Emelina,Jara,40724
40725,453934894,Vera,Cozar,40725
40726,475176958,Maria Fernanda,Terron,40726
40727,760075838,Sandalio,Enriquez,40727
40728,754112293,Horacio,Botella,40728
40729,907307191,Xiomara,Pol,40729
40730,570657260,Agustin,Narvaez,40730
40731,925457607,Juan Jose,Arjona,40731
40732,588211765,Godofredo,Tolosa,40732
40733,290206218,Eligio,Chamorro,40733
40734,323588151,Luis Angel,Guerra,40734
40735,912662888,Gracia,Chamorro,40735
40736,894562480,Claudia,Beltran,40736
40737,704630347,Ramiro,Cerro,40737
40738,871101688,Maria Fernanda,Llopis,40738
40739,481579058,Vinicio,Rincon,40739
40740,901342218,Ramiro,Marco,40740
40741,139705837,Silvestre,Garzon,40741
40742,101885314,Marcelo,Leon,40742
40743,309423438,Vinicio,Banos,40743
40744,820472767,Luisa,Carballo,40744
40745,724289469,Edgar,Tudela,40745
40746,953893200,Alonso,Mercader,40746
40747,770433271,Almudena,Rosello,40747
40748,128596038,Nerea,Franco,40748
40749,324201493,Yolanda,Duran,40749
40750,417868452,Consuelo,Caceres,40750
40751,191786412,Natalio,Villalobos,40751
40752,444694716,Roque,Cuevas,40752
40753,308319352,Primitivo,Rosello,40753
40754,134253517,Julio Cesar,Arnau,40754
40755,126104707,Tristan,Ferrandiz,40755
40756,822666028,Juan Carlos,Plana,40756
40757,186163770,Trini,Rodenas,40757
40758,246067863,Noe,Rico,40758
40759,785926268,Beatriz,Mancebo,40759
40760,462954299,Dionisio,Vallejo,40760
40761,966658864,Carla,Guerra,40761
40762,954348044,Asdrubal,Peralta,40762
40763,640212146,Josefina,Tellez,40763
40764,107272138,Mamen,Casals,40764
40765,457763320,Adoracion,Royo,40765
40766,394176797,Macarena,Posada,40766
40767,338395366,Jose Manuel,Carranza,40767
40768,990142328,Jose Angel,Ibarra,40768
40769,985555920,Jeronimo,Carrillo,40769
40770,917202153,Ruben,Gamez,40770
40771,316495143,Paloma,Parra,40771
40772,354009004,Elena,Plaza,40772
40773,734389613,Carmelo,Velez,40773
40774,952503366,Anita,Barral,40774
40775,809863270,Herminia,Cobo,40775
40776,670437683,Socorro,Franch,40776
40777,398209341,Seve,Reguera,40777
40778,233789047,Fidel,Feijoo,40778
40779,408763663,Amor,Olmedo,40779
40780,926937549,Maria,Gilabert,40780
40781,418900711,Fatima,Rosales,40781
40782,308819262,Marcial,Ferreras,40782
40783,283870297,Jose Carlos,Sevillano,40783
40784,588153234,Guillermo,Villa,40784
40785,823334080,Cruz,Sanchez,40785
40786,961895455,Nidia,Anguita,40786
40787,757354404,Nerea,Olivares,40787
40788,520200581,Jacobo,Neira,40788
40789,678680215,Olimpia,Sotelo,40789
40790,702846982,Jacobo,Sabater,40790
40791,151634822,Cruz,Aragon,40791
40792,852709079,Manu,Alberto,40792
40793,878952895,Amalia,Escudero,40793
40794,142569710,Gaston,Bello,40794
40795,630839753,Vanesa,Capdevila,40795
40796,952463763,Valerio,Chacon,40796
40797,131537001,Miguela,Prado,40797
40798,258391144,Marcial,Pages,40798
40799,435905193,Sandalio,Esparza,40799
40800,904845751,Lola,Valles,40800
40801,985127130,Isaac,Maldonado,40801
40802,305842337,Federico,Salcedo,40802
40803,677423283,Dafne,Puerta,40803
40804,925238886,Leandra,Cervera,40804
40805,633279055,Amparo,Revilla,40805
40806,966577577,Juana,Briones,40806
40807,179874487,Candido,Santamaria,40807
40808,324270311,Valeria,Gamez,40808
40809,828077368,Juan Francisco,Baez,40809
40810,568948268,Luciana,Pozuelo,40810
40811,707651136,Imelda,Calvet,40811
40812,746807803,Jose Angel,Paez,40812
40813,817453168,Ivan,Arevalo,40813
40814,832860951,Tristan,Villanueva,40814
40815,199414196,Odalis,Flor,40815
40816,284125475,Alexandra,Salva,40816
40817,772776844,Edu,Millan,40817
40818,908623108,Odalis,Ayllon,40818
40819,568346115,Adela,Cortina,40819
40820,763705007,Rosario,Ayuso,40820
40821,269270107,Alejandra,Llopis,40821
40822,357332533,Marino,Jauregui,40822
40823,229702137,Otilia,Moya,40823
40824,488933694,Santiago,Plana,40824
40825,700889790,Cintia,Hernandez,40825
40826,185655066,Ruperta,Pineda,40826
40827,360049086,Isidro,Porras,40827
40828,682843720,Haroldo,Cuadrado,40828
40829,308836857,Dionisio,Lobo,40829
40830,760629009,Sol,Sarabia,40830
40831,279777641,Griselda,Tovar,40831
40832,478607078,Cipriano,Exposito,40832
40833,553815247,Rufino,Morante,40833
40834,548303700,Dan,Noguera,40834
40835,632333813,Teodosio,Crespi,40835
40836,197830071,Leoncio,Gascon,40836
40837,185011035,Zoraida,Miguel,40837
40838,744881312,Gabriel,Montes,40838
40839,961230336,Jeronimo,Gallo,40839
40840,401335377,Reyna,Gutierrez,40840
40841,551901144,Nazaret,Vicente,40841
40842,187466789,Evita,Nogueira,40842
40843,672271748,Guiomar,Garmendia,40843
40844,672516182,Moreno,Collado,40844
40845,133757714,Rebeca,Tudela,40845
40846,964003331,Isabel,Portillo,40846
40847,103367116,Judith,Catalan,40847
40848,686562850,Ciriaco,Ariza,40848
40849,978421591,Mercedes,Prada,40849
40850,803728945,Amancio,Acevedo,40850
40851,505271211,Olga,Nunez,40851
40852,805295709,Antonio,Arteaga,40852
40853,632153902,Melchor,Vilanova,40853
40854,317704841,Nadia,Alcala,40854
40855,612875151,Martina,Hierro,40855
40856,143045968,Lupita,Taboada,40856
40857,460535916,Agata,Gibert,40857
40858,240722978,Ciro,Mariscal,40858
40859,534191543,Jose Manuel,Moreno,40859
40860,242893977,Victor,Bermudez,40860
40861,614661719,Eva Maria,Noguera,40861
40862,790196552,Bienvenida,Barrios,40862
40863,163984246,Efrain,Pombo,40863
40864,926425516,Eusebio,Aguilo,40864
40865,175259840,Guillermo,Tejedor,40865
40866,845608779,Jacinto,Adadia,40866
40867,756151258,Hilda,Verdejo,40867
40868,502602709,Tristan,Tejedor,40868
40869,635395848,Tadeo,Soler,40869
40870,135735658,Manolo,Cabello,40870
40871,978827227,Felisa,Pablo,40871
40872,831012609,Susanita,Manzano,40872
40873,975734184,Manolo,Marmol,40873
40874,225515774,Aitana,Bejarano,40874
40875,428876396,Paola,Serna,40875
40876,402161160,Amaro,Porcel,40876
40877,557468672,Ingrid,Campos,40877
40878,491415927,Priscila,Zaragoza,40878
40879,861313552,Amilcar,Sedano,40879
40880,825249925,Clemente,Calderon,40880
40881,137280575,Nacho,Pareja,40881
40882,466224249,Dan,Font,40882
40883,749153320,Nerea,Martin,40883
40884,170502207,Roberto,Grande,40884
40885,408891056,Nacho,Benavente,40885
40886,797757614,Natanael,Gallardo,40886
40887,996816114,Encarnacion,Belmonte,40887
40888,495882861,Rafa,Reig,40888
40889,248202363,Jesusa,Pi,40889
40890,637016377,Anacleto,Narvaez,40890
40891,109867152,Silvio,Almazan,40891
40892,101303539,Severiano,Aragones,40892
40893,552824314,Ricardo,Gallardo,40893
40894,340617590,Maria Del Carmen,Gallart,40894
40895,892332650,Heraclio,Amat,40895
40896,793782507,Valentina,Salamanca,40896
40897,381445763,Vicenta,Rosello,40897
40898,763668540,Ciro,Santos,40898
40899,338009914,Timoteo,Ferran,40899
40900,955060006,Mariano,Vilar,40900
40901,843746285,Carina,Campos,40901
40902,520614699,Emma,Artigas,40902
40903,632017112,Irene,Lluch,40903
40904,714052003,Baltasar,Alberola,40904
40905,654261567,Adelina,Tejedor,40905
40906,339565390,Joaquin,Blazquez,40906
40907,602296422,Anacleto,Guerra,40907
40908,905758971,Walter,Valenciano,40908
40909,391593259,Moreno,Blanco,40909
40910,543875381,Valentina,Collado,40910
40911,757446999,Consuela,Mate,40911
40912,214575723,Amaro,Leon,40912
40913,799338198,Silvia,Terron,40913
40914,226627454,Baltasar,Botella,40914
40915,457027258,Panfilo,Rozas,40915
40916,788539228,Visitacion,Rios,40916
40917,804508983,Fortunata,Hoyos,40917
40918,343497542,Agustin,Mir,40918
40919,350526716,Agustin,Manjon,40919
40920,601512600,Jenny,Morillo,40920
40921,379161281,Sigfrido,Garrido,40921
40922,631327943,Azahar,Abella,40922
40923,607098177,Victor Manuel,Carro,40923
40924,209174948,Fidela,Miranda,40924
40925,644886822,Bautista,Martin,40925
40926,133814043,Quirino,Agullo,40926
40927,329195378,Armando,Baquero,40927
40928,597282414,Carmelita,Cortes,40928
40929,971419414,Ana,Toro,40929
40930,269801545,Anastasia,Pons,40930
40931,971074487,Agapito,Galvez,40931
40932,907938573,Borja,Borja,40932
40933,525049296,Isaac,Vara,40933
40934,460333269,Eloy,Tamayo,40934
40935,568522438,Ariel,Bosch,40935
40936,439842823,Fidela,Blanca,40936
40937,524599377,Saturnina,Lobo,40937
40938,860887740,Paloma,Maestre,40938
40939,566927644,Rosendo,Mayo,40939
40940,411601083,Bernardita,Lorenzo,40940
40941,377608154,Pastor,Pera,40941
40942,516697532,German,Garcia,40942
40943,157834905,Gonzalo,Ramon,40943
40944,932926283,Juanito,Cuervo,40944
40945,174402800,Victor Manuel,Paniagua,40945
40946,584942764,Sofia,Huguet,40946
40947,590017943,Eladio,Tello,40947
40948,816111996,Maribel,Tejera,40948
40949,302031973,Dalila,Montes,40949
40950,715286731,Azucena,Lillo,40950
40951,655306967,Dorotea,Bayo,40951
40952,151531600,Cleto,Benavente,40952
40953,420031421,Santos,Valentin,40953
40954,121208284,Evaristo,Morcillo,40954
40955,854631043,Gloria,Segui,40955
40956,792748236,Felicia,Chaves,40956
40957,871633392,Rodolfo,Llobet,40957
40958,430570617,Marcio,Egea,40958
40959,345840018,Adoracion,Sala,40959
40960,709291250,Maria Carmen,Escriva,40960
40961,594424116,Leopoldo,Valencia,40961
40962,798018662,Leocadia,Godoy,40962
40963,151444423,Maria Del Carmen,Carnero,40963
40964,364420729,Angelino,Portero,40964
40965,982657390,Dalila,Benavides,40965
40966,957536891,Lorena,Diaz,40966
40967,836890875,Rafaela,Arteaga,40967
40968,428515731,Silvestre,Boix,40968
40969,275985773,Leonor,Garriga,40969
40970,145593051,Dionisio,Valls,40970
40971,746407344,Rosa,Botella,40971
40972,604668536,Calixta,Guerra,40972
40973,973520478,Luciano,Sarmiento,40973
40974,326015816,Pepe,Amor,40974
40975,221216427,Venceslas,Suarez,40975
40976,121661246,Lucas,Paez,40976
40977,173221205,Marcia,Santamaria,40977
40978,142753429,Vasco,Landa,40978
40979,189408592,Enrique,Paniagua,40979
40980,235939062,Ana,Alcantara,40980
40981,705050930,Damian,Osorio,40981
40982,691368000,Jose Manuel,Samper,40982
40983,639647884,Saturnina,Hernando,40983
40984,741821966,Anacleto,Ribera,40984
40985,829055121,Mohamed,Gual,40985
40986,355142336,Emiliana,Cabeza,40986
40987,187428843,Amanda,Luz,40987
40988,765279385,Eusebio,Baquero,40988
40989,838058688,Cecilio,Martin,40989
40990,189266011,Liliana,Calderon,40990
40991,784889105,Desiderio,Andres,40991
40992,196823222,Rosa Maria,Gascon,40992
40993,483527372,Pablo,Solera,40993
40994,432461930,Mariano,Adan,40994
40995,978921470,Evelia,Estevez,40995
40996,597157158,Lope,Estevez,40996
40997,130174762,Lupe,Pozuelo,40997
40998,432661687,Marcelino,Sanmiguel,40998
40999,396684544,Tere,Rodriguez,40999
41000,698509858,Modesto,Bayona,41000
41001,655405776,Adriana,Quintanilla,41001
41002,295304646,Joan,Alcaraz,41002
41003,426436259,Santiago,Guillen,41003
41004,690541448,Dan,Aranda,41004
41005,552589487,Aaron,Neira,41005
41006,199087576,Ana Belen,Fuente,41006
41007,620129692,Eliseo,Milla,41007
41008,856773592,Ramona,Mendez,41008
41009,519193548,Rosa,Campillo,41009
41010,396030541,Jordana,Acedo,41010
41011,679698721,Ruperto,Baron,41011
41012,575439285,Rosario,Pi,41012
41013,474056371,Maria Dolores,Delgado,41013
41014,496195121,Cesar,Gomila,41014
41015,756743231,Benito,Falco,41015
41016,193253421,Nicolas,Banos,41016
41017,312296937,Ana Belen,Hernandez,41017
41018,225032394,Cristobal,Rojas,41018
41019,419553951,Lucas,Carrillo,41019
41020,260589907,Victoriano,Llabres,41020
41021,110786559,Oriana,Olivares,41021
41022,608658977,Jose Mari,Prat,41022
41023,451212075,Cleto,Carreras,41023
41024,239837873,Jose Manuel,Giner,41024
41025,408448723,Juan Bautista,Julian,41025
41026,451846342,Etelvina,Colomer,41026
41027,610230240,Malena,Mateos,41027
41028,113943936,Bautista,Palma,41028
41029,532438430,Patricia,Guitart,41029
41030,170443715,Basilio,Cuellar,41030
41031,208009549,Mauricio,Bustos,41031
41032,448160977,Carla,Barrio,41032
41033,916461661,Cesar,Rubio,41033
41034,325620493,Faustino,Yanez,41034
41035,688169998,Clarisa,Macias,41035
41036,597545457,Sebastian,Aznar,41036
41037,764602058,David,Blasco,41037
41038,671369823,Rosalina,Luz,41038
41039,428361290,Diego,Arnaiz,41039
41040,327471360,Angelina,Barcena,41040
41041,608535202,Joaquina,Segura,41041
41042,382446257,Carmen,Casado,41042
41043,273071890,Ruy,Benitez,41043
41044,843475462,Lourdes,Santos,41044
41045,581351164,Quirino,Garzon,41045
41046,617643489,Fernanda,Amoros,41046
41047,750851417,Maria Fernanda,Benitez,41047
41048,642819896,Yaiza,Lozano,41048
41049,643532321,Ricardo,Pujol,41049
41050,166454298,Purificacion,Cortina,41050
41051,288408722,Javiera,Arco,41051
41052,698792935,Olga,Moraleda,41052
41053,414338861,Leticia,Cerezo,41053
41054,975147710,Fernando,Anglada,41054
41055,327213621,Augusto,Bayona,41055
41056,949712819,Clarisa,Contreras,41056
41057,401181757,Calisto,Navarro,41057
41058,593309773,Lorena,Pizarro,41058
41059,181363212,Benigno,Echevarria,41059
41060,311313242,Ramiro,Duran,41060
41061,500337197,Marisela,Muniz,41061
41062,986883503,Jorge,Baeza,41062
41063,581700864,Amador,Solera,41063
41064,496218039,Benjamin,Martinez,41064
41065,671555976,Jesus,Aller,41065
41066,578499403,Desiderio,Palomar,41066
41067,571958642,Modesto,Toro,41067
41068,464637046,Tomas,Garzon,41068
41069,796561581,Julia,Fortuny,41069
41070,566838811,Flora,Franch,41070
41071,865805371,Luisina,Mercader,41071
41072,989509134,Jovita,Espada,41072
41073,904820118,Jovita,Albero,41073
41074,530063946,Miguel Angel,Juan,41074
41075,671428103,Pilar,Paredes,41075
41076,396690047,Martin,Rey,41076
41077,165204016,Luna,Jorda,41077
41078,414883475,Begona,Guzman,41078
41079,475824904,Trinidad,Iglesia,41079
41080,382113066,Javi,Fuentes,41080
41081,477458017,Augusto,Verdejo,41081
41082,947912292,Fatima,Abril,41082
41083,393530857,Fatima,Casado,41083
41084,843040698,Omar,Cobo,41084
41085,930665059,Agata,Trujillo,41085
41086,856352750,Ildefonso,Rios,41086
41087,266977638,Nicanor,Santos,41087
41088,440007767,Matias,Pizarro,41088
41089,587523509,Cosme,Bellido,41089
41090,617910854,Teresa,Gargallo,41090
41091,355320041,Danilo,Alegria,41091
41092,133401046,Xiomara,Llabres,41092
41093,989490015,Olga,Canton,41093
41094,727055814,Teresa,Bermejo,41094
41095,770102062,Fernanda,Guardia,41095
41096,549089416,Cesar,Elorza,41096
41097,654585519,Alfonso,Revilla,41097
41098,380769808,Angelina,Manso,41098
41099,834702121,Pascual,Valencia,41099
41100,823471457,Irma,Coca,41100
41101,101930302,Mayte,Chaves,41101
41102,281099554,Lourdes,Gabaldon,41102
41103,208152090,Placido,Pujol,41103
41104,858338310,Hector,Barcena,41104
41105,121473765,Roxana,Llorens,41105
41106,404790126,Lucia,Medina,41106
41107,670500956,Pablo,Cortes,41107
41108,791774833,Hermenegildo,Salazar,41108
41109,733373110,Antonia,Camara,41109
41110,818686096,Maria Belen,Hernando,41110
41111,415258323,Marcos,Sastre,41111
41112,929415531,Severino,Rios,41112
41113,473856113,Vilma,Rivera,41113
41114,662130996,Gertrudis,Mariscal,41114
41115,544050320,Jose Luis,Fernandez,41115
41116,822135757,Sergio,Tellez,41116
41117,708755643,Roberto,Bellido,41117
41118,486157527,Nieves,Mulet,41118
41119,450655654,Amanda,Llamas,41119
41120,776970731,Roldan,Murillo,41120
41121,903531677,Adela,Nogues,41121
41122,368359667,Agustin,Echeverria,41122
41123,493013267,Eloisa,Aramburu,41123
41124,891423021,Santos,Luque,41124
41125,978492201,Ani,Soler,41125
41126,540120002,Rosa,Pelaez,41126
41127,792551554,Ines,Herrera,41127
41128,871359446,Melchor,Zabala,41128
41129,311502732,Bernardita,Terron,41129
41130,609324246,Gloria,Vall,41130
41131,306035304,Liliana,Pombo,41131
41132,162492114,Hugo,Barcelo,41132
41133,139785499,Enrique,Escobar,41133
41134,580091638,Toni,Navarrete,41134
41135,472163396,Obdulia,Marques,41135
41136,645121820,Reyes,Bautista,41136
41137,606084832,Santos,Real,41137
41138,290116211,Elpidio,Barreda,41138
41139,503745169,Ileana,Barcena,41139
41140,117016241,Maura,Folch,41140
41141,871478558,Victor Manuel,Menendez,41141
41142,851932134,Ernesto,Torrecilla,41142
41143,574853067,Esther,Torrecilla,41143
41144,709286075,Sancho,Roig,41144
41145,601458585,Leandro,Garay,41145
41146,888596799,Ana,Calvet,41146
41147,597699525,Barbara,Yanez,41147
41148,488624365,Arturo,Pacheco,41148
41149,683523989,Aroa,Manuel,41149
41150,757679273,Sandalio,Barco,41150
41151,846528527,Arturo,Hidalgo,41151
41152,245117117,Lalo,Gilabert,41152
41153,933399827,Jesusa,Arranz,41153
41154,929207166,Nazaret,Vilanova,41154
41155,482454766,Isaias,Almeida,41155
41156,654852349,Serafina,Rodriguez,41156
41157,780383532,Martina,Oliveras,41157
41158,516707651,Mateo,Menendez,41158
41159,530627875,Samuel,Borras,41159
41160,109828900,Herminio,Rivero,41160
41161,196689353,Andrea,Vera,41161
41162,321956878,Leandra,Pino,41162
41163,243179542,Estrella,Asenjo,41163
41164,528151205,Tania,Puerta,41164
41165,416666057,Tristan,Pomares,41165
41166,577852632,Nilo,Tome,41166
41167,670375191,Griselda,Villaverde,41167
41168,502495549,Silvestre,Talavera,41168
41169,912595483,Cesar,Duque,41169
41170,684725203,Eutropio,Mendoza,41170
41171,650188803,Florencia,Jaen,41171
41172,555792014,Paca,Heras,41172
41173,700474231,Paloma,Arregui,41173
41174,213247198,Maria Cristina,Chico,41174
41175,343792069,Eliana,Tudela,41175
41176,694136808,Ani,Sales,41176
41177,501708487,Julie,Zamora,41177
41178,315288628,Heraclio,Nogues,41178
41179,536961818,Susana,Cabrero,41179
41180,745598222,Maria Teresa,Sebastian,41180
41181,292281673,Amancio,Montana,41181
41182,885144317,Inocencio,Guardia,41182
41183,106397695,Cristobal,Bertran,41183
41184,974456355,Eusebio,Pineiro,41184
41185,218634558,Inmaculada,Montalban,41185
41186,797481010,Aroa,Cazorla,41186
41187,854397826,Fortunata,Redondo,41187
41188,827702515,Juan Francisco,Riba,41188
41189,372517002,Elias,Tamarit,41189
41190,876707672,Eladio,Blanco,41190
41191,151637847,Domitila,Mateu,41191
41192,192257703,Aranzazu,Blanca,41192
41193,945356782,Alba,Goni,41193
41194,258502129,Leopoldo,Lozano,41194
41195,449107259,Natividad,Pedrero,41195
41196,982985063,Evita,Miro,41196
41197,976511845,Jonatan,Rios,41197
41198,475665014,Brigida,Torrent,41198
41199,958383371,Adriana,Beltran,41199
41200,140595443,Armida,Velazquez,41200
41201,243008400,Miguela,Luna,41201
41202,651339990,Alberto,Pages,41202
41203,628020870,Jose Carlos,Bosch,41203
41204,859831057,Luis,Mir,41204
41205,871855975,Aristides,Hervia,41205
41206,642955699,Loreto,Ferreras,41206
41207,914887935,Judith,Pascual,41207
41208,368153071,Palmira,Milla,41208
41209,148211993,Leandra,Rico,41209
41210,318222387,Narciso,Caballero,41210
41211,563956265,Mar,Sandoval,41211
41212,204624888,Paz,Quiroga,41212
41213,836763404,Reynaldo,Anaya,41213
41214,971373912,Prudencio,Orozco,41214
41215,257433691,Aurea,Casals,41215
41216,601337295,Juan,Paz,41216
41217,345013093,Adrian,Valle,41217
41218,186543392,Virgilio,Sanmartin,41218
41219,301181637,Adelia,Marques,41219
41220,260458450,Cristian,Gual,41220
41221,226284996,Aitana,Cardenas,41221
41222,167970030,Maura,Heras,41222
41223,286471963,Griselda,Herrera,41223
41224,703043060,Severino,Farre,41224
41225,411002075,Melchor,Adadia,41225
41226,607295226,Sancho,Bravo,41226
41227,967775047,Hector,Castillo,41227
41228,671036990,Belen,Luis,41228
41229,239830953,Eugenio,Baez,41229
41230,134094503,Reinaldo,Santos,41230
41231,493129409,Remedios,Lastra,41231
41232,599904345,Eugenio,Caballero,41232
41233,521431076,Ismael,Julia,41233
41234,710863974,Renato,Carrillo,41234
41235,857601649,Ernesto,Laguna,41235
41236,567790958,Tere,Luz,41236
41237,902996395,Bernardino,Mendez,41237
41238,330615835,Jose Ramon,Rius,41238
41239,361195042,Leticia,Tomas,41239
41240,714600359,Walter,Cabrero,41240
41241,902655993,Sarita,Delgado,41241
41242,497315933,Jessica,Rosales,41242
41243,112385168,Isidora,Cortina,41243
41244,422784077,Chus,Pascual,41244
41245,698288103,Benigna,Angulo,41245
41246,886966516,Elisabet,Pi,41246
41247,872450686,Maristela,Campo,41247
41248,918624740,Anunciacion,Frias,41248
41249,125412873,Estrella,Alberto,41249
41250,532880886,Edelmiro,Andres,41250
41251,809245720,Marisa,Solsona,41251
41252,510076735,Pio,Almansa,41252
41253,614914497,Salomon,Cortes,41253
41254,537391398,Palmira,Polo,41254
41255,812555283,Raul,Llorens,41255
41256,470304560,Bartolome,Ribas,41256
41257,562537530,Jimena,Hernandez,41257
41258,304275095,Ramon,Ayllon,41258
41259,591524418,Eva Maria,Menendez,41259
41260,813171137,Felisa,Gutierrez,41260
41261,552125123,Geronimo,Feijoo,41261
41262,714776374,Leandra,Feliu,41262
41263,511538933,Inocencio,Cifuentes,41263
41264,704078814,Evangelina,Pedro,41264
41265,622854656,Ismael,Arregui,41265
41266,327094619,Benita,Ferreras,41266
41267,122299616,Timoteo,Viana,41267
41268,105370978,Nilo,Jorda,41268
41269,721170842,Alex,Camacho,41269
41270,644530832,Casemiro,Tolosa,41270
41271,830891286,Emiliana,Pol,41271
41272,707645226,Anabel,Tirado,41272
41273,955483240,Anabel,Mulet,41273
41274,625578998,Joaquina,Carbonell,41274
41275,765815575,Leonardo,Galan,41275
41276,876840475,Reinaldo,Flores,41276
41277,723014968,Maria,Pomares,41277
41278,617442856,Vidal,Rocamora,41278
41279,308159323,Emma,Rosa,41279
41280,370832986,Rosaura,Berenguer,41280
41281,215204360,Bibiana,Valle,41281
41282,327990483,Marcos,Galvan,41282
41283,948174420,Matilde,Cardenas,41283
41284,406482494,Ruperta,Uriarte,41284
41285,892059990,Agustina,Castells,41285
41286,368303232,Espiridion,Cortes,41286
41287,192876611,Mar,Landa,41287
41288,534818624,Elias,Romeu,41288
41289,713484916,Marcial,Garate,41289
41290,737967641,Rufina,Balaguer,41290
41291,783505278,Natanael,Rincon,41291
41292,242810624,Noemi,Bonet,41292
41293,658253672,Soraya,Zurita,41293
41294,760239151,Juliana,Tur,41294
41295,528672087,Anselma,Mate,41295
41296,865688945,Custodio,Navarrete,41296
41297,913045436,Lina,Vicens,41297
41298,440527283,Trini,Heredia,41298
41299,496178025,Hernando,Cuadrado,41299
41300,822401288,Albina,Valverde,41300
41301,262346435,Marisa,Ramos,41301
41302,377373308,Ruperto,Gascon,41302
41303,371609189,Benjamin,Hernando,41303
41304,268535013,Claudio,Alcantara,41304
41305,982054971,Guadalupe,Perales,41305
41306,772584373,Rico,Ponce,41306
41307,604080121,Sigfrido,Pinedo,41307
41308,604192358,Agustin,Bonet,41308
41309,851400127,Inocencio,Pinol,41309
41310,123730196,Matilde,Viana,41310
41311,961498939,Luis Angel,Aragon,41311
41312,464471684,Andrea,Guillen,41312
41313,781064893,Luis Angel,Santamaria,41313
41314,616929165,Jorge,Trillo,41314
41315,778222759,Marcia,Manso,41315
41316,640324725,Perla,Blanco,41316
41317,149697699,Adriana,Soto,41317
41318,846561123,Carlito,Adadia,41318
41319,789447347,Carmela,Esparza,41319
41320,886389972,Melania,Armengol,41320
41321,948754952,Fatima,Laguna,41321
41322,781987760,Julian,Aller,41322
41323,490507406,Berta,Aparicio,41323
41324,988562275,Benigna,Parra,41324
41325,533689829,Jose Miguel,Lerma,41325
41326,616518591,Epifanio,Haro,41326
41327,101128038,Julia,Ochoa,41327
41328,645512345,Encarna,Cardenas,41328
41329,294268810,Ceferino,Lloret,41329
41330,553522116,Celia,Gallego,41330
41331,755605385,Maria Jose,Adadia,41331
41332,227161878,Valerio,Calvo,41332
41333,689902953,Julian,Dominguez,41333
41334,917026994,Quique,Cadenas,41334
41335,968137594,Bautista,Sureda,41335
41336,747105009,Piedad,Piquer,41336
41337,461401998,Tania,Luz,41337
41338,188705858,Caridad,Benet,41338
41339,241466374,Benigna,Pedro,41339
41340,133967788,Rafaela,Santiago,41340
41341,769255850,Chus,Agullo,41341
41342,566344560,Efrain,Coronado,41342
41343,632201544,Gabino,Rocha,41343
41344,993047299,Evaristo,Espinosa,41344
41345,854709299,Angelino,Alcazar,41345
41346,784766970,Maria Manuela,Frutos,41346
41347,331478650,Rodrigo,Juan,41347
41348,511880925,Marcial,Azorin,41348
41349,262292587,Rebeca,Estevez,41349
41350,605623883,Consuela,Ramirez,41350
41351,140370163,Teresita,Marti,41351
41352,699366509,Fabiana,Luque,41352
41353,613109426,Marisol,Peinado,41353
41354,986316874,Anabel,Herrera,41354
41355,513904608,Agueda,Clemente,41355
41356,933651064,Miguel,Borja,41356
41357,164495492,Noe,Calzada,41357
41358,407533364,Julio,Canet,41358
41359,972245171,Reinaldo,Canete,41359
41360,570537662,Federico,Cifuentes,41360
41361,476275014,Teodora,Ferreras,41361
41362,951238356,Fidela,Marin,41362
41363,939714906,Dario,Yuste,41363
41364,114683764,Bernardo,Carreras,41364
41365,886140800,Bartolome,Rebollo,41365
41366,924698878,Juan Antonio,Villar,41366
41367,813451177,Amarilis,Carnero,41367
41368,856346901,Mirta,Domingo,41368
41369,879912360,Quique,Palomares,41369
41370,176867125,Marcial,Salas,41370
41371,201977766,Eligio,Calderon,41371
41372,238118712,Maximiano,Zabaleta,41372
41373,465690708,Magdalena,Boix,41373
41374,984558667,Abigail,Juan,41374
41375,377212593,Lazaro,Marino,41375
41376,863401991,Ovidio,Torrens,41376
41377,903587169,Josefa,Tenorio,41377
41378,452069442,Cristian,Pinilla,41378
41379,565535165,Olegario,Porta,41379
41380,769179036,Amanda,Rueda,41380
41381,758313247,Pastora,Vara,41381
41382,446294026,Balduino,Calderon,41382
41383,442294406,Cesar,Plaza,41383
41384,825162820,Matias,Saenz,41384
41385,876647916,Cintia,Benito,41385
41386,992479158,Pastora,Nieto,41386
41387,320477475,Samanta,Riera,41387
41388,966115674,Ambrosio,Prat,41388
41389,717923481,Jose Maria,Lozano,41389
41390,373753495,Elena,Pavon,41390
41391,802758742,Agapito,Angulo,41391
41392,876236884,Elias,Terron,41392
41393,180743294,Rosa,Santiago,41393
41394,480356009,Isidora,Carpio,41394
41395,976741934,Cosme,Pedrero,41395
41396,721355859,Nydia,Paez,41396
41397,182613834,Camilo,Castaneda,41397
41398,450202798,Judith,Cobos,41398
41399,520035537,Angelina,Neira,41399
41400,124349536,Visitacion,Vergara,41400
41401,328261907,Maria Belen,Palacio,41401
41402,463898414,Angelita,Ponce,41402
41403,642192174,Amado,Cabeza,41403
41404,621859905,Laura,Losa,41404
41405,591804478,Mauricio,Asenjo,41405
41406,975371578,Florentina,Crespo,41406
41407,528685586,Maria Del Carmen,Rodenas,41407
41408,548471946,Abel,Luque,41408
41409,453558820,Maxima,Higueras,41409
41410,775320513,Nidia,Millan,41410
41411,118403292,Manu,Leon,41411
41412,942231885,Heriberto,Galvez,41412
41413,498062140,Roque,Tamayo,41413
41414,144885620,Josep,Fuentes,41414
41415,244415365,Guadalupe,Saez,41415
41416,366825088,Dora,Querol,41416
41417,592723649,Casandra,Maza,41417
41418,979604720,Bernardo,Chaves,41418
41419,577853372,Custodia,Camacho,41419
41420,943463889,Poncio,Armas,41420
41421,786329632,Baltasar,Vazquez,41421
41422,638917525,Hector,Adan,41422
41423,824645905,Mamen,Oliver,41423
41424,266762939,Virgilio,Viana,41424
41425,342651481,Jose,Herranz,41425
41426,273309361,Carmela,Gordillo,41426
41427,710413003,Reina,Rocha,41427
41428,536487960,Porfirio,Domingo,41428
41429,877149978,Ivan,Mas,41429
41430,453303173,Iban,Adadia,41430
41431,751863070,Saturnina,Cornejo,41431
41432,780639437,Olimpia,Rincon,41432
41433,963419356,Fanny,Jurado,41433
41434,640450577,Fabiana,Sabater,41434
41435,243877998,Laura,Bayon,41435
41436,461624928,Dolores,Royo,41436
41437,821658868,Gabino,Almagro,41437
41438,357010585,Yolanda,Cadenas,41438
41439,704227702,Leire,Aliaga,41439
41440,370910557,Rosalva,Silva,41440
41441,123137677,Leon,Jerez,41441
41442,627219162,Florentino,Gutierrez,41442
41443,701017403,Bienvenida,Rocha,41443
41444,162583619,Demetrio,Macias,41444
41445,931964601,Ismael,Guijarro,41445
41446,863596752,Jose Angel,Olmedo,41446
41447,953868624,Josep,Malo,41447
41448,772893958,Guadalupe,Rocamora,41448
41449,906852439,Maria Fernanda,Jurado,41449
41450,131615578,Trinidad,Bernat,41450
41451,833595828,Chelo,Checa,41451
41452,703483052,Daniela,Calzada,41452
41453,445048911,Julio Cesar,Quero,41453
41454,915678880,Octavia,Valcarcel,41454
41455,257371877,Zaira,Jove,41455
41456,389357479,Rosendo,Blanca,41456
41457,724485746,Maricruz,Rueda,41457
41458,958175045,Amado,Salas,41458
41459,893198219,Jose Antonio,Hoyos,41459
41460,175275957,Aitor,Dominguez,41460
41461,568029095,Dalila,Pozo,41461
41462,978843141,Mariano,Marin,41462
41463,265773121,Itziar,Sainz,41463
41464,312711398,Fabricio,Aramburu,41464
41465,846924030,Cipriano,Alcaraz,41465
41466,263112980,Pepita,Rojas,41466
41467,186665592,Haroldo,Sastre,41467
41468,393084452,Claudia,Espana,41468
41469,540968866,Arcelia,Balaguer,41469
41470,733654268,Omar,Tejada,41470
41471,277782168,Paulina,Cifuentes,41471
41472,215833901,Maribel,Ledesma,41472
41473,622624286,Marco,Naranjo,41473
41474,479112925,Eloisa,Verdu,41474
41475,580242228,Jordi,Luna,41475
41476,784247759,Filomena,Prats,41476
41477,640212919,Ainoa,Marin,41477
41478,409463295,Marino,Antunez,41478
41479,796841577,Amanda,Jover,41479
41480,539073279,Vilma,Sedano,41480
41481,687929485,Susanita,Alvarez,41481
41482,338168168,Paula,Vazquez,41482
41483,780367380,Arcelia,Solsona,41483
41484,716598540,Chus,Giron,41484
41485,859874334,Seve,Parejo,41485
41486,106731315,Josefa,Casares,41486
41487,742463302,Pastora,Peinado,41487
41488,853729176,Iris,Sole,41488
41489,903384125,Simon,Costa,41489
41490,310265569,Nazaret,Sosa,41490
41491,618005489,Carmela,Morata,41491
41492,486159969,Guadalupe,Pedrosa,41492
41493,700195957,Lucas,Estrada,41493
41494,972787953,Rodrigo,Gelabert,41494
41495,809199883,Goyo,Codina,41495
41496,188842233,Eufemia,Boix,41496
41497,391583901,Gloria,Cortina,41497
41498,193036562,Amaro,Crespi,41498
41499,529393514,Timoteo,Agudo,41499
41500,444082939,Zaida,Sureda,41500
41501,602952977,Brunilda,Valencia,41501
41502,663021428,Genoveva,Ortiz,41502
41503,865440305,Dalila,Saenz,41503
41504,244408501,Eutropio,Roda,41504
41505,660866233,Guillermo,Casas,41505
41506,500444145,Bernarda,Lopez,41506
41507,115692218,Luciano,Haro,41507
41508,146767106,Maria Del Carmen,Peiro,41508
41509,206473103,Griselda,Badia,41509
41510,173801255,Susanita,Madrid,41510
41511,137322385,Galo,Caparros,41511
41512,343731031,Modesto,Blazquez,41512
41513,349580666,Maria Manuela,Ribes,41513
41514,381538982,Adelina,Cobo,41514
41515,641533675,Cosme,Higueras,41515
41516,623155812,Roxana,Carrion,41516
41517,329022839,Horacio,Lucas,41517
41518,995577512,Abilio,Tolosa,41518
41519,190499950,Jesusa,Munoz,41519
41520,314154232,Georgina,Tovar,41520
41521,688751733,Berta,Canizares,41521
41522,830798330,Calista,Reina,41522
41523,379800941,Quique,Romeu,41523
41524,721868182,Flor,Conesa,41524
41525,642926717,Valeria,Daza,41525
41526,211485454,Ofelia,Cabello,41526
41527,528775115,Dan,Ramirez,41527
41528,677762846,Vidal,Villaverde,41528
41529,827778933,Hipolito,Arranz,41529
41530,959726978,Lino,Haro,41530
41531,243989648,Maria Luisa,Grande,41531
41532,175957107,Maria Jose,Osuna,41532
41533,123340944,Marcia,Verdejo,41533
41534,501821452,Claudia,Benavides,41534
41535,273057909,Alfonso,Lastra,41535
41536,410894222,Juan Luis,Escudero,41536
41537,789764356,Zacarias,Pinto,41537
41538,869281710,Candelaria,Alvaro,41538
41539,419056636,Daniel,Chacon,41539
41540,200722981,Noemi,Anguita,41540
41541,590393446,Cristobal,Coca,41541
41542,416776265,Lucia,Arteaga,41542
41543,440971818,Eufemia,Sureda,41543
41544,730523641,Custodia,Banos,41544
41545,654808831,Mariano,Fabregat,41545
41546,998596920,Mario,Pi,41546
41547,277154146,Nazaret,Elias,41547
41548,575386480,Almudena,Maldonado,41548
41549,303828134,Marita,Ropero,41549
41550,165540474,Celestina,Parejo,41550
41551,955119900,Martina,Mateos,41551
41552,597570158,Blas,Fernandez,41552
41553,417660495,Guiomar,Fiol,41553
41554,161262733,Estefania,Barbero,41554
41555,808927275,Ana Belen,Rueda,41555
41556,328253601,Jeremias,Verdu,41556
41557,579586201,Alejandra,Casares,41557
41558,648857108,Guiomar,Vendrell,41558
41559,756695821,Rodolfo,Riquelme,41559
41560,589776987,Tania,Guerra,41560
41561,805852586,Jonatan,Arino,41561
41562,442971902,Leoncio,Teruel,41562
41563,691584781,Pablo,Caparros,41563
41564,889513328,Isidro,Solsona,41564
41565,222881645,Valero,Mas,41565
41566,151649143,Irene,Polo,41566
41567,425141344,Rosario,Valentin,41567
41568,786835147,Demetrio,Marques,41568
41569,264855400,Noa,Malo,41569
41570,107611446,Pastor,Redondo,41570
41571,592144489,Diego,Canet,41571
41572,686872029,Jeremias,Gibert,41572
41573,323531564,Hilario,Bernat,41573
41574,333757881,Luisa,Raya,41574
41575,490953047,Veronica,Cespedes,41575
41576,966910133,Pancho,Anguita,41576
41577,771193584,Juan Manuel,Carreras,41577
41578,740689010,Edgardo,Rocha,41578
41579,834663800,Marciano,Neira,41579
41580,859059281,Milagros,Infante,41580
41581,513266038,Salome,Anguita,41581
41582,251891447,Adriana,Quintana,41582
41583,815210502,Nicanor,Ferrero,41583
41584,548452891,Clementina,Aguilo,41584
41585,280454279,Eligia,Saavedra,41585
41586,569242407,Francisco,Cueto,41586
41587,980963262,Modesto,Lillo,41587
41588,105877568,Eusebio,Pedraza,41588
41589,554557402,Che,Rosello,41589
41590,654360178,Armando,Castello,41590
41591,612848617,Francisco Jose,Amoros,41591
41592,464735286,Marianela,Blanca,41592
41593,718469132,Eufemia,Casal,41593
41594,439637239,Geronimo,Fiol,41594
41595,823077434,Bernabe,Cabanillas,41595
41596,708469961,Alex,Tellez,41596
41597,730598280,Fatima,Bustamante,41597
41598,256338194,Joaquina,Barco,41598
41599,964974055,Iris,Abella,41599
41600,139514997,Ricarda,Rincon,41600
41601,115362332,Lupe,Mulet,41601
41602,829413833,Maxi,Santana,41602
41603,294992900,Bruno,Cuadrado,41603
41604,941002869,Veronica,Plana,41604
41605,964084555,Flora,Robledo,41605
41606,206489915,Amelia,Escriva,41606
41607,654512694,Cristian,Vallejo,41607
41608,639750308,Elba,Gimenez,41608
41609,749512676,Miriam,Ramirez,41609
41610,233410446,Ruperta,Marcos,41610
41611,462827795,Julieta,Lozano,41611
41612,508399248,Plinio,Montes,41612
41613,122197687,Esther,Carvajal,41613
41614,349382402,Isa,Olivera,41614
41615,150566329,Severo,Arnau,41615
41616,510732339,Paz,Ortuno,41616
41617,167818109,Juana,Beltran,41617
41618,374671102,Lourdes,Fernandez,41618
41619,909298723,Loreto,Poza,41619
41620,437395943,Azahar,Barco,41620
41621,508966364,Javier,Bayo,41621
41622,337214719,Tono,Esparza,41622
41623,318804777,Charo,Amaya,41623
41624,651443913,Geraldo,Serrano,41624
41625,152290377,Primitivo,Lozano,41625
41626,787629412,Daniela,Coello,41626
41627,290383375,Porfirio,Ibanez,41627
41628,777555434,America,Aguado,41628
41629,982869384,Teodoro,Vargas,41629
41630,725945254,Alfonso,Gallart,41630
41631,825938337,Narciso,Canales,41631
41632,472117151,Luis Miguel,Padilla,41632
41633,461127581,Yessica,Gonzalez,41633
41634,844754501,Ximena,Barba,41634
41635,381036431,Narciso,Galvez,41635
41636,651930724,Angelino,Agusti,41636
41637,349449911,Arcelia,Luz,41637
41638,550673798,Anacleto,Madrid,41638
41639,905508650,Javier,Bustamante,41639
41640,912447971,Gonzalo,Gual,41640
41641,192283714,Camila,Salcedo,41641
41642,471216418,Gilberto,Madrid,41642
41643,601989858,Elisa,Pascual,41643
41644,908972228,Zoraida,Manuel,41644
41645,223479658,Jose Ramon,Toro,41645
41646,304717075,Lorenzo,Gras,41646
41647,617367263,Reina,Guijarro,41647
41648,518284481,Horacio,Rebollo,41648
41649,873205150,Dalila,Verdugo,41649
41650,736091741,Tere,Cabanas,41650
41651,934422410,Hector,Nogues,41651
41652,409636810,Martin,Fuentes,41652
41653,644841188,Amor,Zapata,41653
41654,448209337,Eliana,Garces,41654
41655,771558901,Sabas,Amat,41655
41656,616234118,Aurea,Cabanillas,41656
41657,768290008,Federico,Lerma,41657
41658,877706796,Pastora,Herrera,41658
41659,294265890,Daniela,Gil,41659
41660,643100336,Cosme,Tamayo,41660
41661,871794841,Luis,Querol,41661
41662,735840102,Narcisa,Jordan,41662
41663,902885494,Flora,Velez,41663
41664,987281737,Rosalva,Cepeda,41664
41665,216066629,Luciano,Benitez,41665
41666,755781526,Agustina,Sierra,41666
41667,380267663,Emilio,Sedano,41667
41668,307311225,Lola,Segovia,41668
41669,667565789,Gil,Royo,41669
41670,300215930,Vanesa,Manso,41670
41671,136106840,Maricruz,Ibanez,41671
41672,725133326,Carmela,Neira,41672
41673,800761435,Rosalinda,Oller,41673
41674,915727689,Jimena,Comas,41674
41675,602965434,Bienvenida,Guijarro,41675
41676,609625436,Sandra,Pineiro,41676
41677,261328238,Duilio,Rosa,41677
41678,109457521,Felicidad,Robles,41678
41679,997020867,Margarita,Ochoa,41679
41680,769348513,Dulce,Roman,41680
41681,602627248,Amada,Otero,41681
41682,926817152,Macario,Navarrete,41682
41683,836789401,Aurea,Baeza,41683
41684,317576269,Ciro,Bello,41684
41685,102140765,Bernardo,Figueras,41685
41686,355420471,Jeremias,Angulo,41686
41687,277025682,Gaspar,Iborra,41687
41688,394111030,Severo,Agullo,41688
41689,492593620,Rosario,Fabregas,41689
41690,172861488,Luciana,Baez,41690
41691,879409296,Borja,Bernal,41691
41692,884360613,Ester,Neira,41692
41693,315268362,Amancio,Trillo,41693
41694,919673871,Charo,Leal,41694
41695,705882421,Aristides,Amoros,41695
41696,251568990,Norberto,Cepeda,41696
41697,971285631,Violeta,Ibanez,41697
41698,192717522,Eufemia,Agudo,41698
41699,613070513,Vicenta,Rios,41699
41700,126578555,Graciano,Penas,41700
41701,731274990,Brigida,Ibanez,41701
41702,814733541,Agustina,Barcelo,41702
41703,906352835,Teofila,Ramos,41703
41704,341671428,Florentina,Caceres,41704
41705,815466488,Leire,Mateos,41705
41706,554261295,Calixto,Carranza,41706
41707,120564199,Bernardino,Garrido,41707
41708,582387484,Sandalio,Anglada,41708
41709,322603749,Claudio,Salazar,41709
41710,930547780,Manu,Marquez,41710
41711,306445515,Inigo,Acero,41711
41712,479622559,Regina,Calvo,41712
41713,929716707,Juan Bautista,Porcel,41713
41714,812165452,Cristian,Segura,41714
41715,668790809,Brunilda,Suarez,41715
41716,354615299,Julia,Coloma,41716
41717,126613206,Petrona,Bejarano,41717
41718,220641553,Tiburcio,Riquelme,41718
41719,666227103,Adelina,Garcia,41719
41720,190776818,Faustino,Acero,41720
41721,970826066,Aitor,Vall,41721
41722,167094678,Abril,Martin,41722
41723,971103341,Gilberto,Piquer,41723
41724,787694931,Narciso,Luz,41724
41725,399244527,Virgilio,Sarabia,41725
41726,431152465,Marcio,Arranz,41726
41727,677244513,Herminio,Trillo,41727
41728,970181927,Regulo,Saez,41728
41729,287097379,Andres Felipe,Cabo,41729
41730,165034827,Noelia,Lopez,41730
41731,879445490,Olalla,Alonso,41731
41732,468947995,Olga,Manuel,41732
41733,970792304,Jose Manuel,Marino,41733
41734,267625456,Tito,Romeu,41734
41735,230721673,Valentin,Moll,41735
41736,184270967,Tiburcio,Riera,41736
41737,403085220,Eutropio,Casanova,41737
41738,638932141,Gracia,Aller,41738
41739,215586453,Ciro,Duque,41739
41740,801499990,Jessica,Gomez,41740
41741,381771167,Maximiliano,Sainz,41741
41742,636945478,Marcela,Roig,41742
41743,671887897,Teodora,Maza,41743
41744,397936786,Araceli,Belmonte,41744
41745,432472968,Juan Pablo,Villegas,41745
41746,575258234,Basilio,Pedrosa,41746
41747,679252531,Evangelina,Pacheco,41747
41748,584219135,Jessica,Cifuentes,41748
41749,674586120,Olimpia,Nunez,41749
41750,885068504,Prudencio,Villaverde,41750
41751,656091989,Dora,Ibanez,41751
41752,718154848,Hipolito,Lumbreras,41752
41753,618249017,Beatriz,Nunez,41753
41754,757156570,Leandra,Llano,41754
41755,614331223,Aureliano,Nunez,41755
41756,350760920,Inmaculada,Rincon,41756
41757,856847997,Luis,Company,41757
41758,806939607,Chus,Ros,41758
41759,531712461,Graciano,Crespi,41759
41760,855610337,Eric,Bernad,41760
41761,279733997,Renata,Salas,41761
41762,537467086,Julio Cesar,Palacio,41762
41763,702465639,Pelayo,Egea,41763
41764,800291474,Armida,Pastor,41764
41765,670895969,Paco,Cabello,41765
41766,353333192,Tadeo,Arregui,41766
41767,399394643,Severino,Chamorro,41767
41768,565431089,Roque,Reig,41768
41769,665574306,Sol,Ros,41769
41770,119119793,Dora,Castejon,41770
41771,182602449,Agata,Rivas,41771
41772,975002238,Amilcar,Valera,41772
41773,145012098,Alfonso,Bosch,41773
41774,504643007,Rocio,Maza,41774
41775,900707193,Mariano,Miro,41775
41776,615121557,Rosario,Blanca,41776
41777,589345013,Celestino,Monreal,41777
41778,779994151,Maria Del Carmen,Julia,41778
41779,746649728,Ignacio,Pineiro,41779
41780,943535637,Pablo,Villena,41780
41781,900815959,Bernarda,Manuel,41781
41782,125310511,Feliciana,Vazquez,41782
41783,741759343,Moreno,Tapia,41783
41784,228504535,Marianela,Alsina,41784
41785,288467879,Jose,Nebot,41785
41786,978909451,Maxi,Plana,41786
41787,447768817,Agustin,Leiva,41787
41788,504554228,Soraya,Salas,41788
41789,444222080,Esperanza,Alcaraz,41789
41790,571628621,Jose Ramon,Quesada,41790
41791,149613016,Reyes,Osorio,41791
41792,473753975,Flora,Palomino,41792
41793,815764271,Marianela,Martin,41793
41794,236873415,Ulises,Gargallo,41794
41795,760657608,Eva Maria,Caceres,41795
41796,864558524,Guiomar,Diaz,41796
41797,667433845,Pia,Miralles,41797
41798,922640393,Eugenio,Abascal,41798
41799,518949101,Blanca,Araujo,41799
41800,419252456,Anacleto,Pino,41800
41801,925030927,Eduardo,Ferrandez,41801
41802,341158526,Roldan,Penalver,41802
41803,570590063,Horacio,Luz,41803
41804,912245546,Ruperta,Torrent,41804
41805,627493077,Ramona,Soriano,41805
41806,465230517,Felix,Zorrilla,41806
41807,842131490,Carlota,Zabaleta,41807
41808,227671746,Florina,Merino,41808
41809,272164341,Maria Dolores,Heras,41809
41810,799188008,Rodrigo,Pedrosa,41810
41811,852938193,Edmundo,Aguilar,41811
41812,945653568,Clara,Nadal,41812
41813,862166795,Visitacion,Grande,41813
41814,973338746,Aurea,Valle,41814
41815,856458292,Miguela,Casals,41815
41816,171484417,Leandra,Quesada,41816
41817,446543544,Manu,Pacheco,41817
41818,106787817,Berta,Gutierrez,41818
41819,680671042,Borja,Santamaria,41819
41820,872760596,Seve,Roura,41820
41821,425144283,Paca,Vazquez,41821
41822,278634949,Catalina,Vina,41822
41823,279944422,Jordi,Mesa,41823
41824,811985683,Lucho,Velazquez,41824
41825,677605249,Piedad,Arnaiz,41825
41826,702727494,Constanza,Becerra,41826
41827,634481300,Guadalupe,Cordero,41827
41828,466559189,Tito,Bautista,41828
41829,671740670,Juan Jose,Campoy,41829
41830,365084456,Juan Luis,Rojas,41830
41831,146098823,Nacio,Cortina,41831
41832,603149487,Atilio,Casals,41832
41833,414416209,America,Dieguez,41833
41834,330934229,Mar,Ferreras,41834
41835,533348609,Mireia,Caro,41835
41836,751107679,Alexandra,Matas,41836
41837,464844617,Yesica,Alegria,41837
41838,433044439,Juan Jose,Becerra,41838
41839,147766677,Adalberto,Garzon,41839
41840,729531176,Marina,Armas,41840
41841,994642981,Marcia,Guillen,41841
41842,685703373,Damian,Llobet,41842
41843,641052952,Maximo,Arellano,41843
41844,394399569,Modesta,Pintor,41844
41845,669637119,Malena,Aragones,41845
41846,432642418,Celestina,Guillen,41846
41847,895796342,Romulo,Montserrat,41847
41848,588135148,Gervasio,Ramirez,41848
41849,304611056,Jacobo,Casanova,41849
41850,448625181,Paz,Pi,41850
41851,833675904,Octavio,Guzman,41851
41852,190720746,Julio Cesar,Mascaro,41852
41853,213777967,Oriana,Gordillo,41853
41854,190561064,Eutimio,Fuertes,41854
41855,957937035,Priscila,Plana,41855
41856,668320387,Ulises,Parra,41856
41857,332597011,Melisa,Bonet,41857
41858,605635361,Marcela,Cerezo,41858
41859,408806996,Natalio,Canellas,41859
41860,917359012,Isidora,Leon,41860
41861,906863581,Roldan,Querol,41861
41862,543901822,Ramon,Terron,41862
41863,560635558,Luis,Gimenez,41863
41864,930490185,Bartolome,Quintanilla,41864
41865,821926534,Jose Luis,Morcillo,41865
41866,251239333,Guadalupe,Moll,41866
41867,174610519,Rufina,Amoros,41867
41868,811066854,Joel,Fabregas,41868
41869,116052908,Lucila,Zapata,41869
41870,521827853,Baldomero,Guzman,41870
41871,685779657,Eli,Pomares,41871
41872,468383783,Otilia,Llabres,41872
41873,558435604,Alcides,Aguilera,41873
41874,735272776,Paz,Romeu,41874
41875,528909766,Victoria,Capdevila,41875
41876,512355536,Lara,Sabater,41876
41877,108874968,Baudelio,Garcia,41877
41878,425969410,Dimas,Castejon,41878
41879,684835939,Adelina,Lobo,41879
41880,160446861,Juan Jose,Abellan,41880
41881,722985425,Cristina,Lucas,41881
41882,998784975,Aristides,Soriano,41882
41883,148814545,Maria Fernanda,Gibert,41883
41884,551393504,Duilio,Bueno,41884
41885,381478408,Manu,Luque,41885
41886,370635641,Magdalena,Escobar,41886
41887,292719344,Manolo,Palacio,41887
41888,878844240,Amanda,Aguirre,41888
41889,541254774,Palmira,Sabater,41889
41890,831122695,Fernando,Miro,41890
41891,542511235,Agustina,Miranda,41891
41892,780745691,Miguel Angel,Nunez,41892
41893,992826843,Julie,Arnal,41893
41894,331718013,Jose Antonio,Talavera,41894
41895,544811429,Obdulia,Barral,41895
41896,572462674,Amarilis,Sierra,41896
41897,220091483,Luciana,Ariza,41897
41898,964230781,Yago,Yanez,41898
41899,751925410,Marc,Catalan,41899
41900,310399843,Violeta,Torrecilla,41900
41901,136121121,Miguel,Quiros,41901
41902,684620334,Curro,Bustos,41902
41903,244919729,Ingrid,Zorrilla,41903
41904,635906317,Paloma,Castell,41904
41905,156563456,Emilio,Echeverria,41905
41906,547275756,Lucho,Arcos,41906
41907,224224917,Vito,Aliaga,41907
41908,884057759,Regina,Prado,41908
41909,110858206,Estefania,Bernad,41909
41910,287263214,Leyre,Ortiz,41910
41911,940464742,Carmelita,Peinado,41911
41912,268338928,Sabina,Vall,41912
41913,312827246,Ambrosio,Leiva,41913
41914,919650992,Judith,Galan,41914
41915,901316810,Eric,Serra,41915
41916,976420786,Damian,Mendoza,41916
41917,741022090,Barbara,Jauregui,41917
41918,193471709,Tono,Navarrete,41918
41919,322623936,Lupe,Lorenzo,41919
41920,169998778,Manu,Trillo,41920
41921,148371877,Nazaret,Arjona,41921
41922,129517879,Sofia,Blasco,41922
41923,791660992,Leoncio,Ortuno,41923
41924,918359555,Fernando,Dalmau,41924
41925,756089698,Ignacia,Nino,41925
41926,791537040,Inocencio,Corbacho,41926
41927,822166734,Edmundo,Bermejo,41927
41928,954516519,Pepe,Rosa,41928
41929,249360259,Aranzazu,Malo,41929
41930,301269632,Concha,Coello,41930
41931,627819413,Begona,Sosa,41931
41932,458980665,Elvira,Font,41932
41933,863740246,Ximena,Bueno,41933
41934,868003925,Milagros,Valdes,41934
41935,942509150,Matias,Oliveras,41935
41936,738958567,Adoracion,Alcala,41936
41937,417421247,Aranzazu,Acuna,41937
41938,968397175,Manu,Villena,41938
41939,254370729,Socorro,Bilbao,41939
41940,472310813,Efrain,Benavides,41940
41941,246317427,Angel,Peral,41941
41942,231530756,Paca,Anglada,41942
41943,356193324,Reinaldo,Canas,41943
41944,204243592,Luna,Pons,41944
41945,447106933,Mayte,Delgado,41945
41946,186824112,Maria Cristina,Domingo,41946
41947,431890852,Lara,Maldonado,41947
41948,720233392,Vanesa,Paredes,41948
41949,781367864,Jacobo,Franco,41949
41950,275348424,Dario,Hurtado,41950
41951,640644607,Aurelio,Torrecilla,41951
41952,834685004,Filomena,Cifuentes,41952
41953,817438766,Dani,Alvarez,41953
41954,346869926,Donato,Pablo,41954
41955,669092393,Pili,Briones,41955
41956,616427966,Candelaria,Rico,41956
41957,500433228,Regulo,Bermejo,41957
41958,108595238,Paola,Blanca,41958
41959,341040165,Pepe,Benitez,41959
41960,642583632,Fanny,Andres,41960
41961,247103600,Estela,Lastra,41961
41962,498886028,Obdulia,Bayona,41962
41963,290776660,Custodia,Cabo,41963
41964,546288009,Tatiana,Morell,41964
41965,874688068,Hernando,Morera,41965
41966,655037920,Loida,Cordero,41966
41967,679147229,Aitor,Casanovas,41967
41968,727332690,Dionisia,Puerta,41968
41969,648279609,Ulises,Teruel,41969
41970,400976920,Bartolome,Valentin,41970
41971,145512304,Ciro,Ballester,41971
41972,829267542,Fabricio,Farre,41972
41973,533568924,Amancio,Espanol,41973
41974,288020795,Cruz,Gallardo,41974
41975,639809762,Manolo,Mendez,41975
41976,722765823,Eugenia,Bejarano,41976
41977,706186706,Buenaventura,Blanca,41977
41978,725767678,Teofilo,Flores,41978
41979,932701014,Pepito,Rivera,41979
41980,814320929,Anastasio,Gallo,41980
41981,809837670,Nacho,Vilar,41981
41982,248254450,Adelardo,Aragon,41982
41983,601226229,Crescencia,Jove,41983
41984,131898363,Adrian,Posada,41984
41985,766846466,Aureliano,Uria,41985
41986,489471911,Eligio,Botella,41986
41987,222862142,Heriberto,Zorrilla,41987
41988,353707150,Prudencia,Castells,41988
41989,796797662,Candelas,Santamaria,41989
41990,364081941,Isidro,Canizares,41990
41991,533097378,Valerio,Recio,41991
41992,982594056,Jennifer,Berenguer,41992
41993,892158400,Jose,Tormo,41993
41994,207244870,Jonatan,Gonzalez,41994
41995,925214841,Luis Angel,Diez,41995
41996,944912425,Azahar,Macias,41996
41997,195141685,Clemente,Parra,41997
41998,165273493,Maximiano,Bayon,41998
41999,798542463,Rufina,Osorio,41999
42000,718143458,Macarena,Salvador,42000
42001,883865380,Daniel,Becerra,42001
42002,493822678,Jorge,Cervera,42002
42003,896506576,Carmela,Valdes,42003
42004,346426757,Guillermo,Garcia,42004
42005,923146273,Araceli,Ferrer,42005
42006,347781814,Virgilio,Ramis,42006
42007,392909828,Teresita,Planas,42007
42008,567021004,Carlito,Blanes,42008
42009,112894294,Rodrigo,Teruel,42009
42010,756401296,Martin,Sebastian,42010
42011,705669808,Omar,Boix,42011
42012,321872295,Genoveva,Prado,42012
42013,400629563,Fortunata,Benavides,42013
42014,554627386,Esther,Soler,42014
42015,816583185,Dimas,Camps,42015
42016,870366112,Remigio,Alcalde,42016
42017,366976983,Reynaldo,Llabres,42017
42018,654347757,Remigio,Cerro,42018
42019,951371722,Celia,Lara,42019
42020,168927244,Sosimo,Bonet,42020
42021,659645928,Javier,Quevedo,42021
42022,445389715,Leire,Pacheco,42022
42023,512000936,Rosaura,Benet,42023
42024,289620645,Ciriaco,Carmona,42024
42025,120664460,Ruben,Arevalo,42025
42026,214064783,Candida,Cifuentes,42026
42027,180048059,Arcelia,Casas,42027
42028,652812758,Paulina,Alcolea,42028
42029,184766866,Epifanio,Moll,42029
42030,193862981,Javi,Hoyos,42030
42031,553991918,Emma,Menendez,42031
42032,746718779,Nydia,Carrasco,42032
42033,473994778,Montserrat,Egea,42033
42034,133087151,Loreto,Perez,42034
42035,676837031,Gerardo,Pinedo,42035
42036,834706251,Rafa,Valcarcel,42036
42037,548922616,Socorro,Rodriguez,42037
42038,940091757,Ignacio,Macias,42038
42039,589270644,Nelida,Crespo,42039
42040,431802096,Leandra,Sarabia,42040
42041,127349973,Brigida,Verdu,42041
42042,891116896,Eli,Vallejo,42042
42043,941824868,Dario,Dieguez,42043
42044,507621091,Noa,Carvajal,42044
42045,425085138,Sancho,Busquets,42045
42046,156950074,Luciana,Carrera,42046
42047,224902158,Cornelio,Campoy,42047
42048,585782417,Nazaret,Llabres,42048
42049,962767201,Ruy,Pino,42049
42050,992163243,Marcio,Ramos,42050
42051,664636836,Silvio,Colom,42051
42052,271534835,Mariano,Arellano,42052
42053,423076322,Aura,Abad,42053
42054,478533052,Reina,Cerdan,42054
42055,531851286,Custodia,Campos,42055
42056,258102586,Tania,Llabres,42056
42057,128322493,Cornelio,Mayol,42057
42058,200032019,Bernardita,Menendez,42058
42059,666607600,Arsenio,Aguilar,42059
42060,400862740,Lourdes,Vendrell,42060
42061,485058333,Juan Pablo,Saldana,42061
42062,965232390,Trini,Herrera,42062
42063,723340200,Panfilo,Pedro,42063
42064,892865904,Miguel Angel,Salamanca,42064
42065,257715807,Concha,Leon,42065
42066,648172595,Eloisa,Arranz,42066
42067,591852303,Guadalupe,Plaza,42067
42068,526900947,Aureliano,Garrido,42068
42069,231195309,Pastora,Pozuelo,42069
42070,992466760,Leoncio,Munoz,42070
42071,175897373,Samuel,Acuna,42071
42072,813489978,Conrado,Nicolas,42072
42073,152849035,Casemiro,Reyes,42073
42074,998606598,Paca,Elias,42074
42075,347710490,Graciana,Mesa,42075
42076,610352655,Moreno,Quevedo,42076
42077,169165933,Cloe,Castrillo,42077
42078,734182906,Nayara,Baquero,42078
42079,766548745,Juan Francisco,Abad,42079
42080,400041256,Inigo,Hidalgo,42080
42081,734225352,Jenny,Duque,42081
42082,711751863,Aurea,Elias,42082
42083,875914565,Maria Belen,Moran,42083
42084,663979741,Saturnino,Morillo,42084
42085,747708995,Lilia,Mayoral,42085
42086,833251234,Adelina,Roma,42086
42087,816467510,Samuel,Grande,42087
42088,275604497,Oscar,Chamorro,42088
42089,631767471,Ramona,Maza,42089
42090,511176245,Rosalina,Lledo,42090
42091,274441473,Wilfredo,Carbo,42091
42092,869864051,Lina,Amaya,42092
42093,577548333,Pedro,Marco,42093
42094,911886399,Rafa,Canales,42094
42095,754224549,Angel,Jorda,42095
42096,302723508,Candido,Soler,42096
42097,160412168,Fabricio,Calvo,42097
42098,675947857,Carlos,Montesinos,42098
42099,520289588,Rafa,Barrio,42099
42100,219701670,Gonzalo,Castillo,42100
42101,787683834,Nacho,Zamora,42101
42102,628381249,Emilia,Montalban,42102
42103,434782719,Maximo,Cases,42103
42104,209844680,Alejandra,Morata,42104
42105,658656159,Manuela,Bou,42105
42106,104392553,Ambar,Aleman,42106
42107,120255712,Lucia,Varela,42107
42108,595891576,Rico,Coca,42108
42109,131964369,Felicidad,Cobos,42109
42110,833985676,Pepito,Galvez,42110
42111,542656832,Jenaro,Manso,42111
42112,339510178,Nilda,Rio,42112
42113,863521273,Evelia,Pujadas,42113
42114,193873375,Leonardo,Moraleda,42114
42115,806522586,Jessica,Guijarro,42115
42116,836505877,Nilo,Guillen,42116
42117,583218413,Abril,Tenorio,42117
42118,433265724,Agustin,Ortega,42118
42119,173565443,Encarnacion,Fabra,42119
42120,792874280,Nelida,Nebot,42120
42121,279379627,Teodosio,Carranza,42121
42122,580417333,Onofre,Verdejo,42122
42123,693665188,Florencio,Soto,42123
42124,262074737,Josue,Pinol,42124
42125,106437570,Ruy,Tovar,42125
42126,703807251,Jose Antonio,Roldan,42126
42127,126451515,Romulo,Higueras,42127
42128,227039323,Valero,Lamas,42128
42129,767695028,Eufemia,Bilbao,42129
42130,397461274,Magdalena,Torrijos,42130
42131,650804632,Lorenza,Prat,42131
42132,134968288,Gisela,Giron,42132
42133,122982011,Norberto,Prada,42133
42134,917889504,Ema,Carbo,42134
42135,919116401,Santos,Cueto,42135
42136,602543179,Eligia,Chaves,42136
42137,149634908,Teodora,Pascual,42137
42138,130046542,Visitacion,Codina,42138
42139,169533690,Bernardo,Bustamante,42139
42140,438150772,Chuy,Mendez,42140
42141,130633586,Ciro,Montana,42141
42142,401525484,Fernando,Amat,42142
42143,479748347,Reynaldo,Varela,42143
42144,449696808,Inocencio,Vila,42144
42145,131890018,Gracia,Vazquez,42145
42146,489493954,Fito,Cantero,42146
42147,459898004,Candida,Coll,42147
42148,280953882,Maria Teresa,Rosell,42148
42149,923852886,Santiago,Llanos,42149
42150,987112570,Adriana,Flores,42150
42151,456647971,Gerardo,Vigil,42151
42152,392287423,Priscila,Portillo,42152
42153,820849536,Blas,Fonseca,42153
42154,290249887,Edelmiro,Giralt,42154
42155,768332740,Marta,Cabezas,42155
42156,563904858,Loida,Osorio,42156
42157,894847191,Amelia,Sarmiento,42157
42158,505556771,Pepita,Amo,42158
42159,410032907,Marcelino,Carbonell,42159
42160,780698019,Noe,Valera,42160
42161,898300033,Lucho,Rodrigo,42161
42162,187099892,Camila,Maestre,42162
42163,305209532,Vito,Martin,42163
42164,128739511,Carmina,Ferrero,42164
42165,855078256,Paulino,Anguita,42165
42166,685419343,Cloe,Ribera,42166
42167,368657936,Ruth,Jara,42167
42168,462235102,Ramona,Mendez,42168
42169,801576285,Anibal,Arenas,42169
42170,496961458,Ciriaco,Cisneros,42170
42171,658025717,Liliana,Pont,42171
42172,344901419,Camilo,Soria,42172
42173,863502532,Ana,Collado,42173
42174,749189095,Juan Jose,Urrutia,42174
42175,264165320,Reynaldo,Jordan,42175
42176,455356599,Rafa,Somoza,42176
42177,187682921,Jenaro,Haro,42177
42178,693644611,Hernan,Mulet,42178
42179,981687677,Cristobal,Morillo,42179
42180,854414803,Eufemia,Sarmiento,42180
42181,172837938,Teresa,Nevado,42181
42182,891349587,Felipe,Diaz,42182
42183,654005347,Lorenzo,Rosa,42183
42184,627489230,Juan Luis,Peralta,42184
42185,778776883,Vanesa,Sainz,42185
42186,261883221,Nerea,Espanol,42186
42187,902965662,Dominga,Iglesias,42187
42188,216167045,Ximena,Galiano,42188
42189,731938415,Alejo,Alegria,42189
42190,712704285,Jesusa,Martorell,42190
42191,909894580,Cristian,Guerrero,42191
42192,551585403,Encarnacion,Cabrera,42192
42193,824206151,Isidora,Briones,42193
42194,500781581,Eladio,Goni,42194
42195,102981652,Tomas,Rosa,42195
42196,456677460,Calixto,Dalmau,42196
42197,498147328,Pio,Rebollo,42197
42198,598574687,Agustina,Llorente,42198
42199,807452285,Rocio,Granados,42199
42200,870753527,Amor,Toro,42200
42201,115543944,Borja,Aroca,42201
42202,475966740,Saturnino,Catala,42202
42203,823977364,Alejandro,Gelabert,42203
42204,601625097,Marc,Perez,42204
42205,131855145,Tamara,Verdu,42205
42206,159040575,Tere,Cano,42206
42207,538869754,Moreno,Cabezas,42207
42208,343178605,Emelina,Grau,42208
42209,424492735,Ainoa,Galindo,42209
42210,592400228,Jose Manuel,Ribera,42210
42211,168899053,Reyes,Alberola,42211
42212,795279136,Encarnacion,Nino,42212
42213,236577394,Jose Antonio,Abellan,42213
42214,998284792,Albano,Guzman,42214
42215,690297059,Donato,Cuervo,42215
42216,744972837,Eutropio,Herrera,42216
42217,976915921,Ale,Larranaga,42217
42218,196706446,Marcelo,Moreno,42218
42219,457697772,Nidia,Zurita,42219
42220,955013893,Leocadia,Iglesia,42220
42221,830289178,Pelayo,Hierro,42221
42222,818660155,Visitacion,Cases,42222
42223,362355549,Alfonso,Pinto,42223
42224,393713705,Perla,Mariscal,42224
42225,872258294,Ceferino,Bastida,42225
42226,820374439,Obdulia,Segui,42226
42227,307662315,Itziar,Castrillo,42227
42228,846201411,Anselma,Prats,42228
42229,140423687,Gertrudis,Rico,42229
42230,579788028,Ana Sofia,Asenjo,42230
42231,469782402,Fernando,Cabello,42231
42232,613401333,Aitor,Cornejo,42232
42233,346629690,Ester,Bustamante,42233
42234,828053964,Emma,Acevedo,42234
42235,486780310,Alma,Mur,42235
42236,611995359,Ulises,Chaves,42236
42237,137468537,Rebeca,Godoy,42237
42238,586624237,Celso,Ferrer,42238
42239,869519854,Reina,Torrijos,42239
42240,414153435,Regina,Pineda,42240
42241,840181100,Demetrio,Solana,42241
42242,212309870,Concha,Vara,42242
42243,218885994,Luciana,Caro,42243
42244,274906214,Nidia,Codina,42244
42245,976178150,Armando,Ugarte,42245
42246,464334359,Calixta,Benavides,42246
42247,724558063,Marisol,Prat,42247
42248,249202306,Rosario,Zamorano,42248
42249,921532939,Octavio,Lujan,42249
42250,165886051,Juana,Hervas,42250
42251,695157558,Sabina,Company,42251
42252,284082204,Jeremias,Pages,42252
42253,116267607,Leopoldo,Morillo,42253
42254,709484051,Francisco,Dominguez,42254
42255,966997368,Celestino,Asenjo,42255
42256,849886611,Lucas,Calvet,42256
42257,455210516,Azeneth,Castillo,42257
42258,315130380,Juan Jose,Orozco,42258
42259,195016598,Eligia,Bauza,42259
42260,829114676,Rosenda,Fernandez,42260
42261,331085659,Andrea,Cortina,42261
42262,881389734,Chus,Bernad,42262
42263,894500217,Vasco,Prat,42263
42264,269792994,Benigna,Adan,42264
42265,440619453,Julieta,Botella,42265
42266,652086190,Marcio,Hierro,42266
42267,867086538,Horacio,Paz,42267
42268,100842227,Bernardino,Ortega,42268
42269,933763023,Bartolome,Alvarado,42269
42270,382332280,Charo,Isern,42270
42271,294885173,Glauco,Espanol,42271
42272,763997206,Tristan,Crespo,42272
42273,415673084,Alma,Canellas,42273
42274,867797753,Jeremias,Vara,42274
42275,359122956,Lorena,Lorenzo,42275
42276,801973236,Emelina,Mur,42276
42277,924376420,Eric,Santana,42277
42278,329649935,Armando,Barbero,42278
42279,619226065,Susana,Riera,42279
42280,794501628,Lourdes,Terron,42280
42281,640758694,Otilia,Bou,42281
42282,320162703,Rosenda,Llano,42282
42283,948469526,Evita,Mendez,42283
42284,899125067,Atilio,Beltran,42284
42285,145096149,Ariel,Casares,42285
42286,466494898,Fidel,Gonzalez,42286
42287,527619671,Balduino,Castro,42287
42288,388641606,Consuelo,Solano,42288
42289,936648878,Samanta,Huguet,42289
42290,789084166,Filomena,Heredia,42290
42291,671189731,Nuria,Manzano,42291
42292,103450805,Delfina,Llamas,42292
42293,824684504,Maricela,Luna,42293
42294,721322111,Violeta,Porta,42294
42295,767651506,Emigdio,Manso,42295
42296,480514665,Anabel,Cabrero,42296
42297,472154953,Samanta,Buendia,42297
42298,160586788,Rogelio,Ayllon,42298
42299,367394724,Maxi,Guerrero,42299
42300,294747713,Dani,Segovia,42300
42301,694850175,Joan,Campillo,42301
42302,448950968,Clotilde,Mendizabal,42302
42303,628610899,Ambrosio,Costa,42303
42304,144984396,Maximiano,Campos,42304
42305,480097685,Antonio,Gimenez,42305
42306,611087316,Jorge,Vergara,42306
42307,451953998,Angelita,Ayala,42307
42308,984523195,Jose Antonio,Otero,42308
42309,767000982,Georgina,Garriga,42309
42310,986916946,Flavia,Gracia,42310
42311,249721434,Aristides,Arranz,42311
42312,429701211,Juan,Tena,42312
42313,982777468,Inigo,Lasa,42313
42314,495395748,Martirio,Ferrera,42314
42315,742204155,Pili,Carbo,42315
42316,591462674,Goyo,Roma,42316
42317,823550030,Ignacio,Parra,42317
42318,552686161,Luciana,Macias,42318
42319,839095821,Tiburcio,Arellano,42319
42320,367750530,Celestina,Rodrigo,42320
42321,904136227,Trinidad,Aller,42321
42322,239610703,Haydee,Olivares,42322
42323,410482502,Esperanza,Cordoba,42323
42324,554364078,Eloy,Iniesta,42324
42325,946551416,Saturnina,Fernandez,42325
42326,672399765,Carmela,Ayuso,42326
42327,963230423,Remigio,Ortuno,42327
42328,898352056,Isaias,Tejedor,42328
42329,558920334,Coral,Trillo,42329
42330,564295963,Mateo,Marin,42330
42331,819458281,Pilar,Ribera,42331
42332,747137154,Adelardo,Garriga,42332
42333,199285131,Consuelo,Morillo,42333
42334,665322195,Elisa,Aguirre,42334
42335,729089429,Herberto,Tenorio,42335
42336,217784050,Elisa,Rocha,42336
42337,700819146,Primitivo,Ballesteros,42337
42338,744356763,Angeles,Camacho,42338
42339,318494915,Teofilo,Noriega,42339
42340,649470430,Mateo,Pineda,42340
42341,861219821,Nicolas,Giron,42341
42342,427853260,Ambrosio,Amaya,42342
42343,513237849,Loreto,Minguez,42343
42344,777958949,Timoteo,Bernal,42344
42345,797243553,Bibiana,Sanchez,42345
42346,867776558,Calista,Diez,42346
42347,655729025,Isa,Posada,42347
42348,562024755,Nuria,Castro,42348
42349,278173313,Clementina,Aller,42349
42350,327165432,Sandra,Mayol,42350
42351,274130167,Rafa,Garces,42351
42352,905404785,Ileana,Dieguez,42352
42353,228075972,Maria Del Carmen,Sierra,42353
42354,913826288,Edelmira,Amigo,42354
42355,945045625,Luis,Arias,42355
42356,462025068,Amparo,Millan,42356
42357,363778182,Constanza,Espinosa,42357
42358,311905632,Edgardo,Tejedor,42358
42359,404962361,Josue,Pena,42359
42360,654149505,Albert,Lasa,42360
42361,524470942,Marita,Salgado,42361
42362,413270483,Emperatriz,Mayo,42362
42363,279846036,Ani,Campos,42363
42364,265435847,Octavio,Camacho,42364
42365,727126811,Vicente,Verdugo,42365
42366,269298845,Adalberto,Nunez,42366
42367,477689321,Elisa,Giralt,42367
42368,630513804,Maristela,Jauregui,42368
42369,883072284,Horacio,Hurtado,42369
42370,420687226,Consuela,Echeverria,42370
42371,628390736,Manu,Cabello,42371
42372,284063677,Lucho,Godoy,42372
42373,963403840,Lourdes,Puente,42373
42374,857061500,Zaida,Aviles,42374
42375,648407047,Agueda,Nino,42375
42376,259238744,Ines,Lozano,42376
42377,504398126,Aureliano,Lerma,42377
42378,260666744,Virgilio,Belmonte,42378
42379,167070729,Alma,Llanos,42379
42380,883413745,Octavio,Portillo,42380
42381,227637023,Juliana,Ortega,42381
42382,347870984,Yessica,Hurtado,42382
42383,965898783,Ramiro,Barco,42383
42384,620100779,Angel,Villaverde,42384
42385,810135053,Juan Pablo,Rincon,42385
42386,959981571,Rodrigo,Checa,42386
42387,591947546,Efrain,Molins,42387
42388,397307402,Pastor,Vidal,42388
42389,616683151,Nydia,Alonso,42389
42390,925644030,Obdulia,Ortuno,42390
42391,386451228,Rosalia,Cabello,42391
42392,417912403,Ana Sofia,Ribera,42392
42393,636055388,Margarita,Conde,42393
42394,106303889,Zaira,Exposito,42394
42395,974768517,Lina,Dominguez,42395
42396,846744526,Imelda,Pujol,42396
42397,853442747,Jose Ramon,Leal,42397
42398,419999857,Teo,Quintero,42398
42399,165813943,Valero,Rey,42399
42400,365339040,Ramiro,Bejarano,42400
42401,317046597,Domingo,Mendez,42401
42402,432226708,Joaquina,Zaragoza,42402
42403,669709249,Ligia,Ariza,42403
42404,192498725,Eugenio,Padilla,42404
42405,834595574,Ainara,Rivera,42405
42406,369118684,Bonifacio,Goicoechea,42406
42407,394095660,Heraclio,Robledo,42407
42408,141161342,Flavia,Mateos,42408
42409,651442716,Paulino,Escobar,42409
42410,814854642,Lourdes,Cuevas,42410
42411,898252346,Lazaro,Aguila,42411
42412,131511103,Jose Francisco,Hierro,42412
42413,543392726,Marisela,Mancebo,42413
42414,410501672,Federico,Rosales,42414
42415,464552683,Fabiana,Huguet,42415
42416,665897370,Lilia,Gallo,42416
42417,934140790,Eutropio,Aranda,42417
42418,832324841,Cloe,Nadal,42418
42419,199297169,Joan,Gascon,42419
42420,480720589,Remigio,Monreal,42420
42421,347624675,Nicolas,Vilaplana,42421
42422,884130720,Africa,Linares,42422
42423,565131929,Buenaventura,Salva,42423
42424,755780702,Vidal,Barrios,42424
42425,158279866,Faustino,Sarmiento,42425
42426,475340526,Cayetano,Alfonso,42426
42427,572233702,Cesar,Salgado,42427
42428,498980756,Salud,Vilanova,42428
42429,947374085,Rosa,Cabanillas,42429
42430,187336106,Adelina,Cervera,42430
42431,836482812,Rosa Maria,Conde,42431
42432,589736528,Lucas,Santana,42432
42433,429968389,Anselmo,Moll,42433
42434,509463299,Patricio,Cantero,42434
42435,638905026,Guadalupe,Valle,42435
42436,830960279,Moreno,Castello,42436
42437,124148926,Brigida,Ferreras,42437
42438,992145096,Gaston,Tudela,42438
42439,722997384,Calisto,Baena,42439
42440,269443104,Maria Angeles,Garrido,42440
42441,248768407,Lupe,Neira,42441
42442,802384420,Rosa Maria,Real,42442
42443,717914170,Donato,Mariscal,42443
42444,720609188,Isaac,Sales,42444
42445,218168884,Ceferino,Aguila,42445
42446,805668454,Concepcion,Higueras,42446
42447,335646530,Nilo,Peralta,42447
42448,197378710,Isidora,Barranco,42448
42449,184096222,Andrea,Molina,42449
42450,551733154,Hilda,Alvaro,42450
42451,840746152,Claudia,Bonet,42451
42452,588451719,Corona,Roda,42452
42453,441385520,Benito,Giralt,42453
42454,665381296,Palmira,Pellicer,42454
42455,223896685,Leandra,Lujan,42455
42456,505010838,Fabiana,Pedraza,42456
42457,202176521,Olegario,Marti,42457
42458,147615280,Judith,Tomas,42458
42459,577277886,Coral,Sala,42459
42460,922989953,Olegario,Almeida,42460
42461,284441630,Juanito,Pina,42461
42462,700694272,Jafet,Marcos,42462
42463,376444311,Alfredo,Arias,42463
42464,373469463,Vilma,Roma,42464
42465,313272465,Jovita,Cepeda,42465
42466,397441590,Javi,Ribes,42466
42467,309040131,Maria,Carbonell,42467
42468,643597206,Juanita,Perez,42468
42469,943628826,Victor,Navarro,42469
42470,372461827,Florentino,Exposito,42470
42471,157866799,Manuela,Pol,42471
42472,298803802,Olegario,Teruel,42472
42473,565210396,Luis,Farre,42473
42474,865829502,Eric,Esparza,42474
42475,208169108,Chucho,Novoa,42475
42476,692826290,Marisol,Conesa,42476
42477,867188691,Nuria,Camacho,42477
42478,477286310,Rene,Saez,42478
42479,705432848,Rosaura,Folch,42479
42480,187735528,Hipolito,Palacio,42480
42481,466082919,Cayetano,Font,42481
42482,699122758,Eli,Diaz,42482
42483,364075346,Tiburcio,Hervia,42483
42484,683306035,Raimundo,Valentin,42484
42485,399622479,Agustina,Castellanos,42485
42486,159829431,Hernando,Pla,42486
42487,437303118,Isidora,Samper,42487
42488,882476728,Anna,Riera,42488
42489,338268096,Maximiliano,Peinado,42489
42490,411182996,Lucila,Revilla,42490
42491,211112397,Azeneth,Valenciano,42491
42492,163977068,Atilio,Sevilla,42492
42493,891577856,Blas,Andres,42493
42494,489260747,Joaquina,Molina,42494
42495,737768239,Virgilio,Falco,42495
42496,174046544,Vasco,Lucas,42496
42497,830040908,Angelica,Conesa,42497
42498,141589076,Adalberto,Cueto,42498
42499,850957817,Victor,Echevarria,42499
42500,263181880,Eva Maria,Conde,42500
42501,404214194,Luis,Pi,42501
42502,130009283,Teobaldo,Ojeda,42502
42503,538249470,Paulino,Linares,42503
42504,376981483,Nazario,Quiros,42504
42505,251166657,Rene,Ballester,42505
42506,333397927,Herberto,Torrijos,42506
42507,129921891,Isa,Mariscal,42507
42508,902537129,Eulalia,Isern,42508
42509,861314803,Geraldo,Belmonte,42509
42510,895287102,Moreno,Castells,42510
42511,116355308,Aurelio,Olmedo,42511
42512,776662475,Asuncion,Azorin,42512
42513,594806782,Rosario,Exposito,42513
42514,296711363,Teofilo,Agustin,42514
42515,446482963,Felisa,Briones,42515
42516,837496806,Alba,Seco,42516
42517,546189750,Luciano,Canals,42517
42518,606591102,Mario,Donaire,42518
42519,251040031,Guadalupe,Ferreras,42519
42520,781755856,Florencio,Donoso,42520
42521,370821072,Tadeo,Estevez,42521
42522,910021870,Norberto,Frias,42522
42523,236876960,Malena,Pomares,42523
42524,972469643,Florinda,Nevado,42524
42525,467329685,Estela,Arias,42525
42526,559279121,Epifanio,Carranza,42526
42527,965312213,Javiera,Navarro,42527
42528,338985590,Hermenegildo,Vazquez,42528
42529,219621567,Florencio,Pina,42529
42530,460142490,Chita,Vilanova,42530
42531,121328446,Malena,Martin,42531
42532,523989807,Judith,Fabra,42532
42533,794168186,Maria Jose,Morante,42533
42534,974824583,Nicanor,Campos,42534
42535,887061701,Javiera,Berenguer,42535
42536,519440289,Glauco,Valenzuela,42536
42537,313141674,Evita,Milla,42537
42538,354400680,Calisto,Manso,42538
42539,317362588,Hugo,Peral,42539
42540,260278795,Amanda,Lucas,42540
42541,571128657,Albano,Tomas,42541
42542,322527920,Manuela,Echeverria,42542
42543,705165747,Berta,Mateu,42543
42544,806074768,Maria Carmen,Murillo,42544
42545,981778765,Ema,Riba,42545
42546,902334531,Aranzazu,Cabeza,42546
42547,148142854,Aitor,Barco,42547
42548,542141012,Mariana,Vazquez,42548
42549,328983398,Plinio,Requena,42549
42550,525834729,Flavio,Roca,42550
42551,998703333,Tatiana,Jimenez,42551
42552,843924153,Nieves,Catalan,42552
42553,481889130,Hector,Esteve,42553
42554,225331089,Adoracion,Estevez,42554
42555,493269326,Seve,Torres,42555
42556,141234726,Clemente,Caballero,42556
42557,393562861,Angela,Palomino,42557
42558,184487852,Filomena,Daza,42558
42559,985984310,Juanito,Canales,42559
42560,911578871,Dora,Bustos,42560
42561,128831166,Roldan,Borja,42561
42562,785979133,Jeronimo,Higueras,42562
42563,814861917,Maria Jose,Ayuso,42563
42564,543395400,Arsenio,Sala,42564
42565,655852764,Alondra,Fernandez,42565
42566,876871575,Felipa,Gracia,42566
42567,634487629,Octavio,Cozar,42567
42568,795531215,Octavia,Carreras,42568
42569,740081225,Aitana,Llorente,42569
42570,726451886,Jose Antonio,Vilaplana,42570
42571,356567050,Dorotea,Borrell,42571
42572,502687485,Chus,Gaya,42572
42573,484862740,Macarena,Flores,42573
42574,804052162,Agustina,Zabala,42574
42575,538358831,Tadeo,Becerra,42575
42576,448794239,Maria Del Carmen,Puente,42576
42577,827065419,Che,Viana,42577
42578,417069163,Ximena,Pellicer,42578
42579,293919854,Amarilis,Marmol,42579
42580,686353771,Florina,Zorrilla,42580
42581,417407749,Renato,Montalban,42581
42582,999094958,Mayte,Llobet,42582
42583,317927230,Reyes,Reguera,42583
42584,100951830,Florina,Gimeno,42584
42585,397286383,Severino,Cruz,42585
42586,426007438,Nicodemo,Galvan,42586
42587,425948301,Albina,Hernandez,42587
42588,155260135,Ainoa,Duque,42588
42589,101335742,Sebastian,Cazorla,42589
42590,138411281,Jorge,Benavent,42590
42591,503456163,Rosa Maria,Diaz,42591
42592,235994811,Teodoro,Ferrandez,42592
42593,743582642,Gilberto,Pi,42593
42594,296162533,Jafet,Pulido,42594
42595,194023339,Bonifacio,Pujadas,42595
42596,208675410,Eli,Lobato,42596
42597,573362961,Emperatriz,Gelabert,42597
42598,688729093,Ignacio,Jaume,42598
42599,266366394,Sigfrido,Villar,42599
42600,652032380,Agata,Andrade,42600
42601,827385163,Herberto,Rosa,42601
42602,541218651,Nuria,Camps,42602
42603,941674579,Violeta,Zaragoza,42603
42604,893374141,Juan Francisco,Ferran,42604
42605,315901783,Pepito,Morell,42605
42606,109447297,Fatima,Corominas,42606
42607,183518770,Reynaldo,Romero,42607
42608,863206453,Tristan,Losada,42608
42609,215576323,Hugo,Figuerola,42609
42610,186150692,Silvio,Hervas,42610
42611,434105416,Tere,Conesa,42611
42612,423839335,Elvira,Codina,42612
42613,336476770,Eva Maria,Otero,42613
42614,771914566,Eustaquio,Exposito,42614
42615,444714039,Hector,Bou,42615
42616,612529185,Samanta,Marquez,42616
42617,775659520,Godofredo,Olmedo,42617
42618,699170303,Loreto,Gallart,42618
42619,391881639,Nacio,Toro,42619
42620,917842920,Berto,Prada,42620
42621,593694389,Rebeca,Gonzalez,42621
42622,179268501,Almudena,Gascon,42622
42623,165464372,Concepcion,Jara,42623
42624,365407515,Roque,Beltran,42624
42625,155562989,Joan,Amo,42625
42626,222386554,Alberto,Escamilla,42626
42627,528672732,Felix,Ramirez,42627
42628,584791715,Albino,Sans,42628
42629,948792232,Eugenia,Jove,42629
42630,475434986,Fernanda,Alcazar,42630
42631,734054917,Daniel,Porcel,42631
42632,945368754,Fulgencio,Mateu,42632
42633,193758813,Leticia,Romero,42633
42634,899442220,Jesus,Riera,42634
42635,138841633,Ezequiel,Oliver,42635
42636,574006205,Francisco Jose,Clemente,42636
42637,403854769,Aitana,Marcos,42637
42638,252444564,Desiderio,Guardia,42638
42639,696847527,Erasmo,Madrid,42639
42640,208060595,Nazaret,Cerro,42640
42641,659142141,Toribio,Lamas,42641
42642,412727948,Graciana,Montserrat,42642
42643,667634224,Rufino,Elias,42643
42644,159726678,Rosa Maria,Anglada,42644
42645,711143541,Isidora,Almagro,42645
42646,814365145,Aurelio,Bartolome,42646
42647,989688376,Perlita,Milla,42647
42648,150622006,Rico,Acuna,42648
42649,204445753,Juan Bautista,Pons,42649
42650,753877309,Gertrudis,Casals,42650
42651,940354678,Amilcar,Carballo,42651
42652,967250331,Dorita,Vilaplana,42652
42653,479814768,Amilcar,Vargas,42653
42654,321441229,Guadalupe,Canet,42654
42655,632390595,Maxi,Barco,42655
42656,650297474,Delfina,Ferrandez,42656
42657,792640505,Rosario,Quintanilla,42657
42658,621323285,Jose Ramon,Pina,42658
42659,154774721,Tecla,Saavedra,42659
42660,247582049,Calixto,Silva,42660
42661,684491662,Lina,Castellanos,42661
42662,358245185,Pia,Flor,42662
42663,530656091,Juliana,Agustin,42663
42664,832689617,Octavia,Pedro,42664
42665,145794211,Ruth,Cervantes,42665
42666,179145620,Cesar,Tirado,42666
42667,888389493,Aitana,Morell,42667
42668,838516985,Benita,Rincon,42668
42669,695058066,Primitiva,Taboada,42669
42670,412540553,Nuria,Domingo,42670
42671,677805323,Tristan,Mascaro,42671
42672,821224207,Felix,Costa,42672
42673,936127423,Ambar,Lara,42673
42674,372364847,Nicanor,Ramon,42674
42675,245426924,Leticia,Real,42675
42676,956196935,Omar,Alonso,42676
42677,233553425,Chucho,Vicens,42677
42678,141097524,Armando,Palau,42678
42679,549704227,Ambrosio,Bolanos,42679
42680,843665228,Nydia,Villaverde,42680
42681,627778786,Benjamin,Abella,42681
42682,404511550,Cristina,Nicolau,42682
42683,919519412,Nuria,Canizares,42683
42684,938131742,Mariano,Cabo,42684
42685,558817395,Carlos,Echevarria,42685
42686,697321827,Andres Felipe,Maldonado,42686
42687,306328939,Anselmo,Mayoral,42687
42688,921945441,Magdalena,Sanchez,42688
42689,894718042,Tamara,Julian,42689
42690,676057697,Adora,Escriva,42690
42691,614937571,Felipa,Perera,42691
42692,346175841,Flavio,Paez,42692
42693,547350122,Gil,Somoza,42693
42694,345377122,Vera,Iglesia,42694
42695,656427278,Romulo,Rueda,42695
42696,827764346,Fortunato,Ortuno,42696
42697,103040840,Ariadna,Amo,42697
42698,573261548,Gervasio,Zaragoza,42698
42699,551060388,Agapito,Nunez,42699
42700,649812781,Emiliano,Leon,42700
42701,665638550,Lupe,Lloret,42701
42702,891898915,Ernesto,Prats,42702
42703,272467100,Gertrudis,Lumbreras,42703
42704,738446328,Margarita,Varela,42704
42705,748383769,Clotilde,Catalan,42705
42706,912332833,Narcisa,Ortiz,42706
42707,380969906,Paz,Granados,42707
42708,271350386,Mayte,Perez,42708
42709,540705535,Sara,Arnau,42709
42710,369292245,Manuel,Cerezo,42710
42711,893481027,Viviana,Silva,42711
42712,306022939,Carmelo,Pi,42712
42713,608387442,Fortunato,Anaya,42713
42714,310972574,Sergio,Tejero,42714
42715,247105019,Milagros,Reina,42715
42716,560014652,Nicolasa,Angel,42716
42717,451379311,Malena,Laguna,42717
42718,747939474,Anibal,Gutierrez,42718
42719,211975223,Joaquin,Palau,42719
42720,145666153,Leocadio,Puerta,42720
42721,423047441,Marcial,Alemany,42721
42722,796104193,Matilde,Pujol,42722
42723,718441558,Nazaret,Carreras,42723
42724,467232702,Jose Antonio,Mulet,42724
42725,151162460,Emigdio,Lloret,42725
42726,562813542,Emma,Reyes,42726
42727,882054924,Brunilda,Bustamante,42727
42728,325655656,Rosalia,Guzman,42728
42729,414016953,Rosendo,Madrigal,42729
42730,273941889,Adrian,Blasco,42730
42731,424625408,Agapito,Godoy,42731
42732,964944624,Poncio,Ferrando,42732
42733,609029251,Azahara,Alegria,42733
42734,816509896,Paula,Gutierrez,42734
42735,144368583,Albano,Pena,42735
42736,930662704,Aurelio,Quiroga,42736
42737,503354418,Noelia,Mur,42737
42738,351961246,Paco,Pineda,42738
42739,545595297,Gilberto,Coll,42739
42740,300597220,Pepita,Polo,42740
42741,779058813,Seve,Agudo,42741
42742,527791269,Alexandra,Jodar,42742
42743,319366344,Miguel,Gomez,42743
42744,425569220,Luisina,Aguilo,42744
42745,503537820,Salvador,Benet,42745
42746,500036199,Cintia,Escolano,42746
42747,589212404,Cintia,Benet,42747
42748,855915538,Flavia,Novoa,42748
42749,677464096,Tere,Diego,42749
42750,890567330,Nuria,Aller,42750
42751,716701839,Luis,Llabres,42751
42752,142542921,Raquel,Blanes,42752
42753,794122054,Jeronimo,Rios,42753
42754,180375333,Juan Luis,Gelabert,42754
42755,586485353,Abraham,Espinosa,42755
42756,790414313,Alfredo,Riba,42756
42757,601657052,Natividad,Salmeron,42757
42758,573297419,Miguel Angel,Garay,42758
42759,162238793,Sarita,Corominas,42759
42760,366853832,Maria Pilar,Ocana,42760
42761,308897251,Salvador,Correa,42761
42762,150219183,Rodolfo,Baeza,42762
42763,402541169,Alfonso,Montserrat,42763
42764,282586479,Raul,Vicens,42764
42765,947001862,Aureliano,Garriga,42765
42766,470562320,Paloma,Bertran,42766
42767,126654040,Odalys,Mendizabal,42767
42768,595783415,Eloy,Rueda,42768
42769,376053595,Elisabet,Lillo,42769
42770,583194590,Baudelio,Carranza,42770
42771,991192968,Nieves,Capdevila,42771
42772,187626913,Blanca,Blasco,42772
42773,948181925,Jafet,Amo,42773
42774,800989414,Manolo,Bru,42774
42775,861790890,Silvio,Quintana,42775
42776,658249238,Ambar,Jaume,42776
42777,835942051,Armando,Albero,42777
42778,662399395,Tecla,Arrieta,42778
42779,736384793,Ileana,Boix,42779
42780,224161127,Calixto,Cabezas,42780
42781,280488544,Teresa,Morcillo,42781
42782,135966769,Eduardo,Cuesta,42782
42783,273922792,Macario,Guitart,42783
42784,969842750,Ignacio,Serna,42784
42785,354021176,Edelmiro,Lorenzo,42785
42786,872950540,Estela,Soto,42786
42787,908165562,Dionisio,Guillen,42787
42788,937179135,Aristides,Nogues,42788
42789,604399737,Juan Pablo,Leal,42789
42790,802859495,Oriana,Sevilla,42790
42791,699103985,Florencia,Bonilla,42791
42792,647215490,Ildefonso,Reina,42792
42793,348442649,Estrella,Gomila,42793
42794,444090144,Juan Francisco,Navarrete,42794
42795,266856520,Luisina,Lopez,42795
42796,456451093,Rodrigo,Casanova,42796
42797,633328033,Aristides,Miranda,42797
42798,717391676,Aranzazu,Domenech,42798
42799,138215349,Xiomara,Calvet,42799
42800,125074882,Leopoldo,Solana,42800
42801,210449494,Candela,Marcos,42801
42802,687820796,Rico,Bermejo,42802
42803,476508616,Lucila,Leon,42803
42804,629050087,Paola,Carbonell,42804
42805,496900374,Calixto,Garzon,42805
42806,646232119,Clotilde,Machado,42806
42807,604410806,Joaquina,Gonzalez,42807
42808,133697933,Lupe,Pablo,42808
42809,572993945,Rafaela,Agustin,42809
42810,299798384,Eligio,Pou,42810
42811,237374062,Fatima,Parejo,42811
42812,871787320,Joaquina,Barranco,42812
42813,528208248,Rafaela,Cozar,42813
42814,912692016,Teresa,Pera,42814
42815,104740830,Prudencio,Sobrino,42815
42816,351613334,Cloe,Sandoval,42816
42817,865684217,Ani,Bustos,42817
42818,652934545,Plinio,Arenas,42818
42819,712437836,Loreto,Pinol,42819
42820,570950883,Rosa Maria,Torrecilla,42820
42821,992168360,Zacarias,Cerro,42821
42822,726941050,Begona,Paez,42822
42823,528118167,Odalys,Jimenez,42823
42824,659796227,Ale,Gil,42824
42825,386708818,Armando,Plana,42825
42826,931119713,Salomon,Benavente,42826
42827,652834864,Almudena,Palacio,42827
42828,768625979,Emilia,Catala,42828
42829,228388584,Luisina,Cabrera,42829
42830,441381352,Rosenda,Otero,42830
42831,706127458,Pascuala,Valentin,42831
42832,306163626,Marcelo,Fuente,42832
42833,718467812,Pepe,Berrocal,42833
42834,421694265,Pablo,Verdu,42834
42835,980949887,Trinidad,Aguila,42835
42836,687892311,Inigo,Bustamante,42836
42837,845934966,Rufina,Diaz,42837
42838,644371203,Maria Belen,Anguita,42838
42839,752306903,Rico,Pujadas,42839
42840,990854436,Ramon,Raya,42840
42841,306589383,Nacho,Salgado,42841
42842,680799513,Rolando,Colom,42842
42843,854281097,Debora,Bilbao,42843
42844,587623946,Dora,Exposito,42844
42845,799122987,Fabiana,Alegre,42845
42846,680843637,Irene,Valentin,42846
42847,475623329,Alicia,Gargallo,42847
42848,476931035,Rosalva,Bernad,42848
42849,230613102,Candida,Martinez,42849
42850,586483032,Marcio,Benito,42850
42851,739365699,Angela,Sanmartin,42851
42852,782614607,Marisol,Acedo,42852
42853,662849253,Rosenda,Manzano,42853
42854,392156593,Rosalinda,Castell,42854
42855,492945390,Iris,Abellan,42855
42856,420860873,Anastasio,Anaya,42856
42857,551642860,Curro,Luna,42857
42858,809690311,Tamara,Galvez,42858
42859,742453413,Manu,Elias,42859
42860,948322096,Alexandra,Soler,42860
42861,335790041,Julia,Fuster,42861
42862,113114727,Melisa,Baro,42862
42863,176729653,Angeles,Aranda,42863
42864,691340455,Nerea,Angel,42864
42865,312248611,Nayara,Nunez,42865
42866,467040735,Jenny,Cozar,42866
42867,614285073,Herberto,Pizarro,42867
42868,588749994,Joaquin,Castrillo,42868
42869,943480704,Heliodoro,Pi,42869
42870,357247610,Florencio,Pallares,42870
42871,482114091,Rosenda,Galan,42871
42872,599423599,Leonor,Sans,42872
42873,788270164,Irene,Fernandez,42873
42874,687750779,Noe,Guerra,42874
42875,696980252,Claudio,Zabaleta,42875
42876,627575341,Reyes,Marti,42876
42877,167231556,Regina,Ruano,42877
42878,510531332,Esther,Cordero,42878
42879,127020265,Aurora,Vidal,42879
42880,509373646,Jose Manuel,Amat,42880
42881,420139097,Laura,Cordoba,42881
42882,463992966,Donato,Reig,42882
42883,710537991,Baltasar,Cerro,42883
42884,490228484,Graciana,Carreno,42884
42885,860082511,Valerio,Maza,42885
42886,516690594,Maria,Pardo,42886
42887,250221933,Maria Jose,Valenzuela,42887
42888,687892220,Palmira,Escobar,42888
42889,988274314,Ingrid,Buendia,42889
42890,748124986,Chuy,Malo,42890
42891,108968354,Anacleto,Perea,42891
42892,772321625,Nazaret,Pizarro,42892
42893,360982105,Francisca,Arribas,42893
42894,663331760,Nacio,Bayo,42894
42895,105335450,Eva Maria,Pardo,42895
42896,312034514,Aitor,Vilar,42896
42897,626805111,Donato,Cuenca,42897
42898,994177954,Eusebio,Morell,42898
42899,576948915,Abril,Villa,42899
42900,753957110,Albert,Cepeda,42900
42901,123812103,Calista,Araujo,42901
42902,405836581,Candelaria,Martin,42902
42903,125764518,Salvador,Cornejo,42903
42904,301933430,Eligio,Matas,42904
42905,620716686,Caridad,Mendizabal,42905
42906,188018238,Fito,Castell,42906
42907,466551692,Aurelio,Ballesteros,42907
42908,337414413,Azeneth,Rincon,42908
42909,897907449,Sebastian,Pinol,42909
42910,640003869,Eli,Chamorro,42910
42911,790525229,Santiago,Armengol,42911
42912,940047639,Jose Carlos,Barroso,42912
42913,357845288,Emiliana,Canete,42913
42914,461766095,Fabiana,Asenjo,42914
42915,204429434,Isidora,Patino,42915
42916,885027187,Ingrid,Alberdi,42916
42917,540724706,Delfina,Gallego,42917
42918,329189642,Quirino,Aguilo,42918
42919,798242214,Glauco,Ruiz,42919
42920,753603663,Samu,Collado,42920
42921,412522645,Eligio,Valles,42921
42922,749979511,Herminia,Alcantara,42922
42923,382045904,Herminia,Toro,42923
42924,254477540,Raul,Pujadas,42924
42925,155766660,Melisa,Carlos,42925
42926,534422282,Melisa,Segovia,42926
42927,588796431,Mayte,Barbero,42927
42928,964423662,Joan,Pino,42928
42929,530740444,Zacarias,Prada,42929
42930,496980572,Nidia,Andres,42930
42931,650055441,Blanca,Canales,42931
42932,638228568,Luis,Marti,42932
42933,673401316,Donato,Molins,42933
42934,888664106,Mauricio,Palacios,42934
42935,523086916,Feliciana,Martin,42935
42936,377075659,Federico,Bonilla,42936
42937,294535194,Carla,Domingo,42937
42938,972250043,Juan Antonio,Miguel,42938
42939,122066912,Ximena,Amores,42939
42940,641303918,Jenny,Mari,42940
42941,663817197,Adolfo,Patino,42941
42942,458837017,Concha,Cuadrado,42942
42943,960559339,Olimpia,Duran,42943
42944,156148333,Mamen,Valderrama,42944
42945,255351067,Pastor,Segura,42945
42946,408823494,Sol,Salas,42946
42947,428425331,Lorenza,Casanovas,42947
42948,862156410,Juan Antonio,Solsona,42948
42949,377209491,Alcides,Murillo,42949
42950,189769914,Joaquin,Arino,42950
42951,681386042,Francisco Jose,Espejo,42951
42952,263659382,Heliodoro,Cuadrado,42952
42953,895258659,Concepcion,Pelayo,42953
42954,264380684,Pia,Rios,42954
42955,437422100,Conrado,Clemente,42955
42956,847620232,Maria Dolores,Exposito,42956
42957,441424904,Olalla,Carreras,42957
42958,449599058,Alejandro,Alfaro,42958
42959,627666803,Abigail,Cruz,42959
42960,515496821,Jacobo,Aznar,42960
42961,430635353,Vidal,Reig,42961
42962,251318208,Eutropio,Julian,42962
42963,702681219,Calixta,Ballesteros,42963
42964,884655365,Valerio,Ramos,42964
42965,365278156,Abigail,Beltran,42965
42966,383949965,Pacifica,Bonilla,42966
42967,501526570,Hernan,Ramon,42967
42968,525798239,Marino,Escobar,42968
42969,406810374,Petrona,Machado,42969
42970,363100111,Alondra,Llorente,42970
42971,446713411,Ezequiel,Canals,42971
42972,202889133,Matilde,Araujo,42972
42973,224162506,Ale,Zamora,42973
42974,608309308,Ines,Balaguer,42974
42975,117205259,Tania,Madrigal,42975
42976,908558847,Aranzazu,Marin,42976
42977,917166123,Mirta,Rosales,42977
42978,607077244,Patricio,Vidal,42978
42979,107673569,Candelaria,Hurtado,42979
42980,755046230,Hugo,Nino,42980
42981,169802692,Ambrosio,Silva,42981
42982,777096116,Hipolito,Villanueva,42982
42983,646211868,Maribel,Abad,42983
42984,976827055,Lupita,Parra,42984
42985,789400690,Albano,Benito,42985
42986,251141403,Noemi,Adan,42986
42987,416869968,Blas,Castro,42987
42988,865812105,Herminio,Grande,42988
42989,157562037,Sonia,Prada,42989
42990,215922405,Tiburcio,Ropero,42990
42991,792700379,Rene,Padilla,42991
42992,455975678,Roman,Huertas,42992
42993,439247446,Ruben,Cordoba,42993
42994,840347266,Iban,Tomas,42994
42995,459132703,Noe,Borrego,42995
42996,579079430,Edgardo,Cobos,42996
42997,468501726,Montserrat,Canales,42997
42998,192773611,Domingo,Peral,42998
42999,831674062,Eliseo,Costa,42999
43000,549168847,Eutropio,Baron,43000
43001,863785315,Caridad,Landa,43001
43002,228679618,Agata,Benavides,43002
43003,394178711,Veronica,Maldonado,43003
43004,784598796,Gaspar,Blazquez,43004
43005,565744100,Lara,Rico,43005
43006,653605504,Noa,Lopez,43006
43007,915443950,Gracia,Flor,43007
43008,264994495,Chus,Vilanova,43008
43009,183628037,Rodrigo,Cervantes,43009
43010,883869801,Africa,Cisneros,43010
43011,660739641,Florentino,Enriquez,43011
43012,561526975,Alejandro,Baez,43012
43013,583897920,Noemi,Novoa,43013
43014,731346977,Benito,Juarez,43014
43015,133133629,Alma,Ayala,43015
43016,545710081,Antonio,Pozuelo,43016
43017,106204801,Ainoa,Arregui,43017
43018,492002899,Pablo,Blazquez,43018
43019,309147418,Monica,Sevilla,43019
43020,729739264,Cecilio,Gallo,43020
43021,553709721,Jovita,Ferrandez,43021
43022,272777774,Leonor,Royo,43022
43023,911656686,Camila,Villegas,43023
43024,332234775,Jacinto,Aguirre,43024
43025,448011936,Sancho,Carmona,43025
43026,692615242,Candelaria,Diaz,43026
43027,388250234,Paloma,Vall,43027
43028,105356484,Ruben,Barrio,43028
43029,895830010,Angelica,Briones,43029
43030,246784031,Fulgencio,Carrera,43030
43031,399297506,Sebastian,Roca,43031
43032,384598327,Romulo,Arjona,43032
43033,992463989,Demetrio,Mendoza,43033
43034,236768393,Elias,Borrell,43034
43035,917058421,Maria Jose,Barcena,43035
43036,941576094,Nazario,Colom,43036
43037,955200109,Africa,Sanmartin,43037
43038,202463276,Alfredo,Taboada,43038
43039,198616611,Lucas,Bravo,43039
43040,647829733,Dario,Tejada,43040
43041,366398216,Glauco,Barral,43041
43042,330710843,Pascuala,Martin,43042
43043,989323376,Anacleto,Arcos,43043
43044,774719335,Flavia,Molins,43044
43045,643503352,Lisandro,Angel,43045
43046,209713900,Clara,Catalan,43046
43047,936078886,Lola,Blazquez,43047
43048,226202047,Diana,Esteve,43048
43049,224274699,Carina,Cespedes,43049
43050,564735781,Graciela,Bernad,43050
43051,114766398,Ximena,Menendez,43051
43052,171600972,Regulo,Espana,43052
43053,774097655,Andrea,Castellanos,43053
43054,970895747,Rosa Maria,Murillo,43054
43055,733395173,Martin,Sanmiguel,43055
43056,797793468,Cipriano,Caballero,43056
43057,562657939,Osvaldo,Palomo,43057
43058,996761621,Tecla,Vallejo,43058
43059,408206285,Ciriaco,Quesada,43059
43060,842370605,Rosa Maria,Ochoa,43060
43061,109851614,Zoraida,Figuerola,43061
43062,399002086,Maximo,Mercader,43062
43063,652777438,Trinidad,Blanca,43063
43064,382797211,Nerea,Aviles,43064
43065,465693766,Eleuterio,Cerro,43065
43066,617711371,Victor,Ferrera,43066
43067,931641514,Jose Ramon,Zaragoza,43067
43068,705747585,Loreto,Parra,43068
43069,612778500,Martin,Alvaro,43069
43070,532551887,Humberto,Dieguez,43070
43071,642123015,Inigo,Diaz,43071
43072,367130525,Claudia,Hernando,43072
43073,173777037,Javiera,Herranz,43073
43074,543103440,Nilda,Salgado,43074
43075,499758179,Leticia,Hoz,43075
43076,825672215,Encarnacion,Asensio,43076
43077,960433145,Eligio,Guillen,43077
43078,336464845,Maria Fernanda,Castrillo,43078
43079,864800440,Alfonso,Vilalta,43079
43080,507995518,Adan,Pedrosa,43080
43081,146636446,Maxi,Pina,43081
43082,453031996,Ximena,Reig,43082
43083,849581118,Reinaldo,Silva,43083
43084,444825430,Olalla,Marin,43084
43085,298228125,Ainoa,Espana,43085
43086,886280125,Jose Angel,Arranz,43086
43087,453565395,David,Mendez,43087
43088,975112238,Chita,Gomez,43088
43089,858512342,Oscar,Riquelme,43089
43090,258833867,Borja,Navarro,43090
43091,878490963,Hilda,Acosta,43091
43092,121095738,Dulce,Arenas,43092
43093,215351871,Bartolome,Barco,43093
43094,678069842,Maria Jose,Conesa,43094
43095,240471998,Lucia,Somoza,43095
43096,928422248,Jesus,Medina,43096
43097,538093792,Roxana,Castilla,43097
43098,854440416,Alondra,Leon,43098
43099,703939231,Jose Ramon,Verdejo,43099
43100,633870487,Judith,Corbacho,43100
43101,288604140,Rolando,Lasa,43101
43102,271935497,Felix,Castrillo,43102
43103,827794826,Raquel,Agudo,43103
43104,856746343,Tamara,Pellicer,43104
43105,581223342,Encarnacion,Agullo,43105
43106,629711471,Jose Angel,Estevez,43106
43107,943552799,Elena,Tomas,43107
43108,642605562,Guadalupe,Palomo,43108
43109,416618446,Gerardo,Barrio,43109
43110,244217832,Aitana,Gaya,43110
43111,844195881,Matilde,Fuster,43111
43112,401504212,Hernan,Ferrera,43112
43113,489934786,Armida,Agudo,43113
43114,555078305,Abigail,Briones,43114
43115,917350356,Vito,Planas,43115
43116,113082468,Saturnino,Teruel,43116
43117,359363144,Mario,Rodriguez,43117
43118,369912864,Hermenegildo,Linares,43118
43119,847222113,Marisol,Cervera,43119
43120,132599109,Salvador,Sandoval,43120
43121,356979103,Fulgencio,Lastra,43121
43122,930209090,Teo,Barbero,43122
43123,809205403,Ruben,Castaneda,43123
43124,417043492,Raul,Escobar,43124
43125,779186562,Calixta,Busquets,43125
43126,401337856,Marciano,Osorio,43126
43127,187489745,Florinda,Miro,43127
43128,699040494,Severo,Cortes,43128
43129,597629703,Florentino,Sancho,43129
43130,605814589,Narcisa,Mateo,43130
43131,484525873,Sarita,Valenciano,43131
43132,582504723,Leonor,Porras,43132
43133,531040303,Felix,Rovira,43133
43134,743399470,Luna,Gonzalez,43134
43135,439549422,Charo,Gutierrez,43135
43136,854231987,Caridad,Tome,43136
43137,120585952,Mar,Roura,43137
43138,729347932,Casemiro,Caparros,43138
43139,879502128,Yesica,Pina,43139
43140,691802645,Rene,Munoz,43140
43141,985313496,Ambrosio,Peralta,43141
43142,339274333,Gonzalo,Aznar,43142
43143,266935346,Ciriaco,Lara,43143
43144,308433524,Rafael,Albero,43144
43145,924543290,Atilio,Batlle,43145
43146,431853449,Josep,Molina,43146
43147,580801697,Aurelio,Caparros,43147
43148,928818631,Mohamed,Pintor,43148
43149,874058615,Aitana,Castellanos,43149
43150,728297452,Ciriaco,Jodar,43150
43151,661410274,Violeta,Torrijos,43151
43152,785618153,Fabricio,Melendez,43152
43153,416831006,Hilario,Guerrero,43153
43154,884384277,Julio,Manrique,43154
43155,812479885,Carla,Lopez,43155
43156,505928422,Fabian,Ferrer,43156
43157,558982795,Rafaela,Colomer,43157
43158,847884456,Candido,Leal,43158
43159,388342085,Ruperta,Cobos,43159
43160,885622503,Jose,Tomas,43160
43161,158294797,Loreto,Tirado,43161
43162,639819257,Antonia,Pascual,43162
43163,994694908,Nicanor,Garzon,43163
43164,397211125,Maximiano,Quintana,43164
43165,462991182,Gil,Andrade,43165
43166,945035528,Leon,Roca,43166
43167,190355446,Rebeca,Burgos,43167
43168,303256204,Adelina,Muro,43168
43169,817094714,Arturo,Bermudez,43169
43170,698262555,Cleto,Cortes,43170
43171,619708067,Anunciacion,Collado,43171
43172,985647195,Julieta,Pomares,43172
43173,977088373,Iris,Fuentes,43173
43174,983297482,Santos,Baro,43174
43175,535474666,Romulo,Molina,43175
43176,236638649,Rodrigo,Ferrero,43176
43177,708005550,Ceferino,Pla,43177
43178,229704483,Conrado,Montesinos,43178
43179,945772332,Carmelo,Aramburu,43179
43180,437033948,Benjamin,Roma,43180
43181,457752964,Victor Manuel,Penalver,43181
43182,282429707,Leyre,Diego,43182
43183,598426205,Lilia,Colom,43183
43184,503173878,Edelmira,Marin,43184
43185,909945562,Agustina,Castrillo,43185
43186,742428302,Lucas,Rios,43186
43187,652225747,Noe,Puerta,43187
43188,755820765,Bernardita,Luque,43188
43189,728271929,Domitila,Criado,43189
43190,442151622,Cayetana,Trujillo,43190
43191,908134254,Lina,Ribes,43191
43192,822751090,Macarena,Escribano,43192
43193,288003157,Martirio,Acevedo,43193
43194,294830282,Casemiro,Barbero,43194
43195,827041310,Bartolome,Lago,43195
43196,793686824,Buenaventura,Blazquez,43196
43197,940688788,Feliciano,Arrieta,43197
43198,292583983,Eliseo,Madrid,43198
43199,693024431,Nereida,Pi,43199
43200,993864511,Dan,Sebastian,43200
43201,944662396,Ale,Castell,43201
43202,683299545,Mirta,Berrocal,43202
43203,819760200,Bernardino,Barranco,43203
43204,668554925,Brunilda,Simo,43204
43205,200915939,Adalberto,Dalmau,43205
43206,424194130,Lazaro,Burgos,43206
43207,420771932,Lucas,Sacristan,43207
43208,983565977,Laura,Gil,43208
43209,129275282,Che,Galan,43209
43210,138991617,Pilar,Costa,43210
43211,791215174,Mirta,Atienza,43211
43212,749302493,Gabino,Hernandez,43212
43213,560295306,Urbano,Chaparro,43213
43214,344861029,Ismael,Perales,43214
43215,341437574,Celestino,Fortuny,43215
43216,899505962,Teodosio,Jorda,43216
43217,192708076,Yaiza,Polo,43217
43218,992222119,Artemio,Tejada,43218
43219,516403440,Pastor,Montoya,43219
43220,993803515,Rosa,Marquez,43220
43221,296765597,Sandalio,Losada,43221
43222,451259024,Perlita,Hierro,43222
43223,333175738,Viviana,Porta,43223
43224,909840818,Demetrio,Ferrero,43224
43225,584273937,Joel,Almansa,43225
43226,861263270,Jennifer,Roldan,43226
43227,528488500,Ema,Boix,43227
43228,287133233,Renata,Gutierrez,43228
43229,245815990,Graciano,Antunez,43229
43230,490196070,Chuy,Berenguer,43230
43231,953262987,Soledad,Feliu,43231
43232,309104430,Primitiva,Cardona,43232
43233,626730318,Cesar,Tomas,43233
43234,550434338,Nazaret,Barcelo,43234
43235,885105768,Maximo,Cabo,43235
43236,773416904,Cruz,Ayuso,43236
43237,470977093,Gracia,Dalmau,43237
43238,597188982,Pilar,Ramirez,43238
43239,139930043,Hermenegildo,Pujol,43239
43240,471355344,Marcio,Rey,43240
43241,712456587,Olalla,Anaya,43241
43242,534791948,Luz,Laguna,43242
43243,463177407,Aitor,Duran,43243
43244,439583955,Rosalinda,Haro,43244
43245,496700297,Timoteo,Armas,43245
43246,859250566,Juliana,Carranza,43246
43247,701089750,Benjamin,Carballo,43247
43248,103722597,Flor,Manzano,43248
43249,485144484,Yago,Alamo,43249
43250,810160236,Yesica,Cano,43250
43251,207145464,Joel,Mas,43251
43252,320251389,Jose Angel,Pardo,43252
43253,900100010,Cruz,Canizares,43253
43254,143532311,Silvia,Escobar,43254
43255,970592477,Eric,Alvarado,43255
43256,839040915,Aranzazu,Vina,43256
43257,567095349,Marcia,Garcia,43257
43258,380157031,Joaquin,Canas,43258
43259,221661998,Loreto,Priego,43259
43260,352469353,Esteban,Araujo,43260
43261,318684299,Adela,Hoz,43261
43262,465299483,Nicolasa,Casals,43262
43263,481663324,Baldomero,Roda,43263
43264,697252909,Luis,Canellas,43264
43265,790877980,Paca,Lastra,43265
43266,543667462,Felipe,Gonzalo,43266
43267,988778235,Encarnita,Pelayo,43267
43268,314668357,Dulce,Ramos,43268
43269,817548534,Consuela,Peiro,43269
43270,921815197,Ramon,Hernandez,43270
43271,220578492,Encarnacion,Contreras,43271
43272,810191261,Macarena,Arrieta,43272
43273,509012390,Estrella,Pintor,43273
43274,226251248,Toribio,Rio,43274
43275,607967292,Edmundo,Andres,43275
43276,231191083,Alberto,Ferrer,43276
43277,647357914,Clarisa,Nino,43277
43278,810205539,Viviana,Varela,43278
43279,815206000,Amarilis,Godoy,43279
43280,909836648,Custodio,Campoy,43280
43281,343858719,Desiderio,Banos,43281
43282,915089703,Africa,Pons,43282
43283,134060658,Lucila,Riquelme,43283
43284,732610772,Herminio,Castello,43284
43285,233831298,Violeta,Tena,43285
43286,709679405,Cristian,Torralba,43286
43287,253757655,Manu,Palau,43287
43288,566563048,Dan,Leal,43288
43289,511701127,Anastasia,Casares,43289
43290,428440946,Jose,Tirado,43290
43291,747258465,Feliciano,Sola,43291
43292,839951222,Renata,Moles,43292
43293,318082021,Manola,Gascon,43293
43294,648307823,Baltasar,Priego,43294
43295,459619055,Josefina,Mercader,43295
43296,236685832,Azahara,Ramirez,43296
43297,598929337,Emilio,Alcantara,43297
43298,553497089,Manu,Mendoza,43298
43299,875102555,Calixto,Riquelme,43299
43300,644848320,Encarna,Pont,43300
43301,332240636,Felicidad,Porta,43301
43302,651781540,Mariana,Cases,43302
43303,464475367,Ingrid,Alba,43303
43304,741114615,Florentino,Higueras,43304
43305,722171830,Candelas,Rovira,43305
43306,300438406,Aaron,Nicolau,43306
43307,687836691,Rita,Montana,43307
43308,893746362,Cayetana,Monreal,43308
43309,770438013,Oriana,Cortina,43309
43310,736304899,Leandro,Aragon,43310
43311,717994242,Concha,Puig,43311
43312,252953190,Andrea,Navarro,43312
43313,742622565,Heriberto,Navarro,43313
43314,759562363,Luis Angel,Palma,43314
43315,232592912,Ovidio,Sosa,43315
43316,306953819,Natividad,Arco,43316
43317,227010595,Ruth,Alamo,43317
43318,884997953,Juan Francisco,Santana,43318
43319,949904240,Candida,Valverde,43319
43320,124759065,Ricardo,Pol,43320
43321,431769455,Cintia,Toro,43321
43322,328465889,Rolando,Cuevas,43322
43323,112978747,Alicia,Dominguez,43323
43324,618134468,Lorena,Uria,43324
43325,202949002,Noelia,Carballo,43325
43326,780824214,Eligia,Cervera,43326
43327,899384457,Genoveva,Exposito,43327
43328,540337657,Reyna,Carrera,43328
43329,163616021,Jose Angel,Sanchez,43329
43330,677449917,Dimas,Pinol,43330
43331,979605553,Elena,Gamez,43331
43332,366948603,Sandalio,Pont,43332
43333,358664025,Ambrosio,Carlos,43333
43334,853342956,Hermenegildo,Cabrero,43334
43335,479114182,Duilio,Martin,43335
43336,922747560,Tania,Roldan,43336
43337,743597881,Nicanor,Parejo,43337
43338,962317000,Donato,Segui,43338
43339,257410899,Bautista,Busquets,43339
43340,875316520,Graciana,Belda,43340
43341,454318521,Jenny,Borras,43341
43342,992920464,Candida,Arnaiz,43342
43343,614511385,Lucia,Palomares,43343
43344,198324345,Cruz,Bravo,43344
43345,885974915,Roldan,Alegre,43345
43346,365760016,Juanita,Galan,43346
43347,982531575,Samuel,Borrego,43347
43348,413253596,Brigida,Toro,43348
43349,120275794,Damian,Benitez,43349
43350,808849243,Mireia,Saez,43350
43351,504316516,Maria Angeles,Lastra,43351
43352,406436140,Jacinto,Gonzalez,43352
43353,746069547,Rosalina,Sanjuan,43353
43354,609211949,Florina,Agustin,43354
43355,959615818,Fanny,Cerda,43355
43356,953842320,Agustin,Plana,43356
43357,580709398,Roman,Coll,43357
43358,668190522,Amada,Araujo,43358
43359,985791681,Juan Luis,Escalona,43359
43360,293860650,Juan Antonio,Cobo,43360
43361,215168857,Martin,Perez,43361
43362,934857074,Javi,Riera,43362
43363,933814829,Osvaldo,Pino,43363
43364,457893087,Alfredo,Recio,43364
43365,301791254,Encarnacion,Cornejo,43365
43366,663138879,Celia,Cuadrado,43366
43367,513339296,Severiano,Maestre,43367
43368,307137148,Ciro,Mascaro,43368
43369,801371580,Corona,Barbero,43369
43370,178268525,Ramon,Alba,43370
43371,370221074,Javi,Alcaraz,43371
43372,853000807,Maria,Davila,43372
43373,717724069,Joel,Belmonte,43373
43374,623785789,Bernardino,Mascaro,43374
43375,749505085,Rosalia,Girona,43375
43376,987544161,Jacinta,Puerta,43376
43377,530357413,Amador,Marin,43377
43378,831839680,Olegario,Escamilla,43378
43379,759855025,Elodia,Sebastian,43379
43380,344889737,Salome,Villalonga,43380
43381,598110977,Amaya,Lujan,43381
43382,840687260,Dalila,Canales,43382
43383,389942091,Laura,Bautista,43383
43384,948906162,Natividad,Fernandez,43384
43385,456064826,Jose Manuel,Fajardo,43385
43386,899676582,Wilfredo,Seco,43386
43387,446963864,Pacifica,Badia,43387
43388,597662259,Fermin,Rico,43388
43389,136527542,Chuy,Correa,43389
43390,115823032,Loreto,Soler,43390
43391,771684420,Vinicio,Luis,43391
43392,932714046,Pio,Gallardo,43392
43393,546442345,Marciano,Piquer,43393
43394,195635598,Luisina,Nicolau,43394
43395,668580398,Bautista,Fuentes,43395
43396,795476476,Martirio,Suarez,43396
43397,888881449,Ascension,Barrera,43397
43398,591211486,Concha,Sacristan,43398
43399,461588738,Cipriano,Mendoza,43399
43400,242573389,Abril,Calderon,43400
43401,470031527,Ceferino,Segovia,43401
43402,324347492,Graciana,Lastra,43402
43403,270300219,Albina,Almansa,43403
43404,906033962,Jovita,Ponce,43404
43405,437484753,Anunciacion,Hernando,43405
43406,335842858,Edgar,Catala,43406
43407,982596316,Jenny,Iniesta,43407
43408,909420996,Marisol,Carvajal,43408
43409,888875698,Amado,Montenegro,43409
43410,430299791,Candelas,Cisneros,43410
43411,546117567,Anastasio,Tur,43411
43412,935176012,Nuria,Gelabert,43412
43413,925383379,Ildefonso,Teruel,43413
43414,475766877,Raquel,Duque,43414
43415,389771296,Tere,Criado,43415
43416,587978882,Zoraida,Jaen,43416
43417,939701799,Alejo,Sole,43417
43418,226951127,Pedro,Machado,43418
43419,736988906,Obdulia,Jara,43419
43420,494205466,Lalo,Benavent,43420
43421,336875181,Loida,Arce,43421
43422,615405873,Vicente,Mesa,43422
43423,916822892,Dalila,Cortes,43423
43424,666440276,Charo,Perez,43424
43425,703640460,Maxima,Clavero,43425
43426,462311099,Quique,Carnero,43426
43427,262820756,Maria Carmen,Clemente,43427
43428,468612213,Renata,Asensio,43428
43429,536560396,Isa,Uribe,43429
43430,274527680,Juan Manuel,Rodriguez,43430
43431,708692997,Lucas,Verdugo,43431
43432,435998059,Berta,Pinedo,43432
43433,262957712,Roberto,Gomis,43433
43434,289742408,Ruy,Montes,43434
43435,362197483,Isaura,Parejo,43435
43436,584366695,Gertrudis,Alcalde,43436
43437,310440772,Juanita,Saura,43437
43438,261662622,Octavia,Oliva,43438
43439,675539335,Aranzazu,Gallo,43439
43440,941068313,Herberto,Madrid,43440
43441,463007175,Gala,Diez,43441
43442,693387225,Pacifica,Almeida,43442
43443,805479807,Octavio,Galindo,43443
43444,719106483,Tristan,Atienza,43444
43445,365574335,Amando,Salgado,43445
43446,221244229,Manuela,Gonzalez,43446
43447,945591580,Joaquin,Olmo,43447
43448,830968979,Alejandro,Sandoval,43448
43449,959603155,Tono,Leon,43449
43450,153228319,Adora,Espinosa,43450
43451,936839653,Manu,Franco,43451
43452,957293451,Saturnino,Roura,43452
43453,914788294,Isaura,Gamez,43453
43454,571081052,Ovidio,Barbera,43454
43455,313190852,Catalina,Carmona,43455
43456,804461677,Roman,Armas,43456
43457,654644429,Ani,Villalba,43457
43458,926073890,Jose Antonio,Sainz,43458
43459,250273282,Adriana,Ripoll,43459
43460,252489223,Jacinto,Galindo,43460
43461,136103117,Santos,Roca,43461
43462,194876950,Milagros,Tormo,43462
43463,778942487,Eloy,Valera,43463
43464,549790839,Maxi,Borrego,43464
43465,504845677,Matilde,Ferrer,43465
43466,954322510,Perla,Porras,43466
43467,429019361,Paola,Abad,43467
43468,115484173,Albino,Bolanos,43468
43469,464124498,Edgar,Agullo,43469
43470,804482525,Purificacion,Borras,43470
43471,253375760,Genoveva,Alamo,43471
43472,242099852,Chita,Galiano,43472
43473,519316115,Guillermo,Amor,43473
43474,319339818,Nieves,Escolano,43474
43475,962887088,Mateo,Crespo,43475
43476,976521221,Brigida,Solana,43476
43477,792161577,Luisina,Machado,43477
43478,295589495,Fortunata,Sierra,43478
43479,446663836,Alberto,Parejo,43479
43480,495779583,Ainoa,Prats,43480
43481,581012923,Maria Carmen,Ramirez,43481
43482,736890582,Santiago,Ocana,43482
43483,159339759,Cecilia,Barranco,43483
43484,823785936,Valentin,Pavon,43484
43485,670742292,Jose Antonio,Andres,43485
43486,965506143,Gabriel,Verdugo,43486
43487,752776621,Marina,Manzano,43487
43488,324339928,Aroa,Gabaldon,43488
43489,870405684,Felicidad,Roda,43489
43490,511090144,Maria,Andreu,43490
43491,162518380,Demetrio,Paredes,43491
43492,917800305,Gracia,Vilar,43492
43493,599317639,Vidal,Paniagua,43493
43494,607771085,Amelia,Prats,43494
43495,658185701,Aureliano,Alberdi,43495
43496,737472350,Estrella,Carbajo,43496
43497,327483188,Emigdio,Hervas,43497
43498,653262334,Bibiana,Comas,43498
43499,728542095,Olga,Luque,43499
43500,501670000,Maximiano,Roura,43500
43501,148440602,Paulino,Carrillo,43501
43502,152938459,Hilda,Sanz,43502
43503,970256149,Nilda,Hoz,43503
43504,272321695,Fulgencio,Redondo,43504
43505,372252662,Dionisia,Santos,43505
43506,205021413,Cebrian,Tejero,43506
43507,943140184,Leocadio,Costa,43507
43508,776688837,Haroldo,Ricart,43508
43509,417942024,Modesta,Romero,43509
43510,346340608,Agapito,Navarrete,43510
43511,400370904,Antonio,Sevilla,43511
43512,510100239,Chus,Bautista,43512
43513,780474924,Dulce,Sandoval,43513
43514,639810285,Soledad,Serna,43514
43515,671289166,Herminio,Lobo,43515
43516,300371225,Eladio,Haro,43516
43517,175207753,Arsenio,Escalona,43517
43518,733544101,Paz,Malo,43518
43519,531133258,Armida,Comas,43519
43520,128287247,Florencia,Arias,43520
43521,406695021,Dominga,Pedro,43521
43522,931562004,Pacifica,Ortuno,43522
43523,383596270,Gil,Garces,43523
43524,265294056,Abigail,Vicente,43524
43525,476394422,Juanito,Munoz,43525
43526,480535716,Javiera,Jimenez,43526
43527,597211853,Trinidad,Alcala,43527
43528,598815694,Tiburcio,Blazquez,43528
43529,787067563,Rita,Gutierrez,43529
43530,255993855,Rebeca,Luz,43530
43531,170358358,Teo,Becerra,43531
43532,339788781,Benjamin,Rocha,43532
43533,419771613,Apolinar,Maestre,43533
43534,137548981,Conrado,Rocamora,43534
43535,747607570,Concepcion,Villalonga,43535
43536,510337542,Paco,Bosch,43536
43537,468393401,Pablo,Bolanos,43537
43538,690715252,Aurora,Novoa,43538
43539,838060958,Rosa,Yanez,43539
43540,758234134,Jeronimo,Riquelme,43540
43541,996520303,Ainoa,Aznar,43541
43542,894803232,Rosenda,Martinez,43542
43543,645743766,Lara,Rivas,43543
43544,257708205,Artemio,Coronado,43544
43545,455084181,Bartolome,Hernandez,43545
43546,413407786,Maria Cristina,Guijarro,43546
43547,134226556,Juan,Redondo,43547
43548,484464402,Eliseo,Escalona,43548
43549,908358180,Valentina,Agusti,43549
43550,349890170,Perlita,Gracia,43550
43551,980466220,Edu,Jaen,43551
43552,642617129,Bernardino,Ribera,43552
43553,145382785,Trinidad,Marmol,43553
43554,118562434,Eva Maria,Simo,43554
43555,568965494,Blas,Roma,43555
43556,497451021,Heraclio,Galiano,43556
43557,931554683,Cirino,Garmendia,43557
43558,452235630,Marisa,Fuente,43558
43559,322649610,Isabela,Barrera,43559
43560,319093893,Mauricio,Abril,43560
43561,590832556,Emilio,Barrera,43561
43562,374747677,Florentino,Boada,43562
43563,683349643,Mariano,Suarez,43563
43564,305695917,Fabricio,Vicente,43564
43565,345839423,Salome,Lloret,43565
43566,912951021,Guadalupe,Navarro,43566
43567,666148056,Sol,Aguilar,43567
43568,438060680,Enrique,Salazar,43568
43569,671124906,Maria Fernanda,Sureda,43569
43570,560197743,Raquel,Blasco,43570
43571,130947692,Jose Antonio,Lobato,43571
43572,415954851,Mateo,Atienza,43572
43573,823415071,Vicente,Montesinos,43573
43574,352800075,Maria Fernanda,Gutierrez,43574
43575,718736160,Bernardita,Fuente,43575
43576,238130296,Oscar,Crespi,43576
43577,695625037,Elodia,Villegas,43577
43578,402698214,Remedios,Benavent,43578
43579,420684580,Ruperto,Batalla,43579
43580,704865091,Lucas,Gilabert,43580
43581,880637531,Osvaldo,Montalban,43581
43582,680090405,Gracia,Barbero,43582
43583,512152683,Agustin,Exposito,43583
43584,953415540,Encarnacion,Guillen,43584
43585,100512824,Roman,Mayol,43585
43586,366951185,Estefania,Perello,43586
43587,809648712,Venceslas,Rozas,43587
43588,998062104,Clotilde,Chaparro,43588
43589,183354609,Isabela,Ayllon,43589
43590,731327147,Nicolasa,Adan,43590
43591,662594336,Vito,Nunez,43591
43592,716311805,Custodio,Salvador,43592
43593,553993852,Pelayo,Heras,43593
43594,973952530,Fulgencio,Lamas,43594
43595,102890029,Eladio,Dalmau,43595
43596,229368156,Ismael,Armas,43596
43597,753613138,Victor,Sureda,43597
43598,747175718,Cecilio,Quintana,43598
43599,139157370,Severo,Crespi,43599
43600,461461796,Tomas,Caparros,43600
43601,632216129,Iris,Carrion,43601
43602,814784967,Georgina,Trillo,43602
43603,348153022,Ale,Benavent,43603
43604,669622786,Loreto,Guzman,43604
43605,847477844,Amalia,Cisneros,43605
43606,497769199,Eufemia,Crespi,43606
43607,160781311,Manuelita,Huerta,43607
43608,272595954,Poncio,Torrecilla,43608
43609,828442205,Pelayo,Pellicer,43609
43610,504262526,Ariel,Cobo,43610
43611,537069689,Apolinar,Borrego,43611
43612,825455187,Cecilio,Monreal,43612
43613,632743091,Maria Teresa,Galan,43613
43614,346596715,Eusebia,Pujadas,43614
43615,898237807,Mario,Barrena,43615
43616,781301660,Fernanda,Estevez,43616
43617,338896725,Angelita,Villena,43617
43618,563326571,Vera,Bolanos,43618
43619,750669338,Ulises,Belmonte,43619
43620,649055932,Eliseo,Manjon,43620
43621,562181957,Ramon,Izaguirre,43621
43622,786620717,Fortunato,Escribano,43622
43623,938416463,Baltasar,Valenciano,43623
43624,217882917,Vito,Llano,43624
43625,487235663,Veronica,Comas,43625
43626,504643583,Edmundo,Gordillo,43626
43627,865381339,Aurora,Ramis,43627
43628,414556014,Rafael,Muniz,43628
43629,782891490,Mar,Fernandez,43629
43630,877965873,Flora,Pomares,43630
43631,362946082,Sebastian,Amores,43631
43632,605801410,Victor,Mate,43632
43633,133917704,Edgardo,Carlos,43633
43634,248919511,Brigida,Huerta,43634
43635,511073396,Anastasio,Terron,43635
43636,163910637,Patricio,Moliner,43636
43637,849411173,Jose Luis,Alonso,43637
43638,292030460,Remigio,Mateu,43638
43639,330625423,Pelayo,Beltran,43639
43640,448147569,Adoracion,Rosello,43640
43641,699262777,Cecilia,Segura,43641
43642,254830331,Victor,Frias,43642
43643,201137234,Leoncio,Pina,43643
43644,123581227,Amador,Torres,43644
43645,801422987,Ciriaco,Benito,43645
43646,413996942,Gloria,Ibarra,43646
43647,472333615,Cornelio,Murcia,43647
43648,564828497,Belen,Iglesias,43648
43649,807987547,Florina,Bilbao,43649
43650,353069086,Benito,Rueda,43650
43651,785384596,Juan Luis,Armas,43651
43652,937038600,Bernardino,Molina,43652
43653,758671716,Elpidio,Valls,43653
43654,137693834,Tere,Berenguer,43654
43655,499030852,Cleto,Alberdi,43655
43656,666716903,Agata,Bayo,43656
43657,740174411,Debora,Carrion,43657
43658,745137057,Serafina,Chaves,43658
43659,644414489,Nicanor,Requena,43659
43660,803626366,Concha,Fernandez,43660
43661,899598215,Graciano,Gomez,43661
43662,543408989,Fernanda,Segarra,43662
43663,157855374,Tere,Dominguez,43663
43664,199454218,Macario,Valles,43664
43665,762940076,Georgina,Asensio,43665
43666,713006695,Chus,Tur,43666
43667,521011571,Sancho,Salazar,43667
43668,875215522,Goyo,Gabaldon,43668
43669,101172786,Josefa,Benavent,43669
43670,815082711,Aura,Galan,43670
43671,705593720,Espiridion,Morales,43671
43672,955599002,Yessica,Arnaiz,43672
43673,625177599,Lilia,Baez,43673
43674,752108628,Sigfrido,Valenciano,43674
43675,764154592,Lara,Mata,43675
43676,501311588,Benjamin,Torrent,43676
43677,370060637,Eutimio,Sans,43677
43678,382667878,Palmira,Prieto,43678
43679,559771866,Genoveva,Ramirez,43679
43680,290331452,Sofia,Castello,43680
43681,787691924,Tiburcio,Adan,43681
43682,309149207,Narcisa,Pineda,43682
43683,911163409,Miguel Angel,Escudero,43683
43684,985683219,Dulce,Vazquez,43684
43685,312458285,Aureliano,Miranda,43685
43686,361706200,Ines,Alarcon,43686
43687,352563043,Zacarias,Arellano,43687
43688,112809192,Aaron,Olive,43688
43689,144349534,Evaristo,Ortiz,43689
43690,895261837,Guillermo,Goicoechea,43690
43691,920538690,Brigida,Barroso,43691
43692,488499556,Olimpia,Lucas,43692
43693,238810933,Lorenzo,Palomino,43693
43694,752188572,Amor,Vives,43694
43695,188363794,Isaias,Borrell,43695
43696,368934746,Calista,Escriva,43696
43697,427574997,Dionisia,Naranjo,43697
43698,971550004,Maximiano,Santiago,43698
43699,497919356,Luisa,Cuevas,43699
43700,560101949,Noe,Agustin,43700
43701,647373475,Patricia,Adadia,43701
43702,363527095,Flavio,Calleja,43702
43703,754521379,Valentina,Mosquera,43703
43704,442893669,Josefina,Franco,43704
43705,598069782,Danilo,Caballero,43705
43706,889336971,Joan,Villaverde,43706
43707,353665451,Natividad,Teruel,43707
43708,624621364,Serafina,Matas,43708
43709,878267702,Dalila,Mendez,43709
43710,848761004,Inocencio,Rueda,43710
43711,269433654,Leonel,Fortuny,43711
43712,180560360,Josefina,Cerda,43712
43713,888269486,Duilio,Rozas,43713
43714,239501436,Vicenta,Manjon,43714
43715,174268707,Prudencia,Canellas,43715
43716,347994813,Herberto,Bernat,43716
43717,253768788,Octavio,Arias,43717
43718,288601210,Anacleto,Lobo,43718
43719,151619093,Toribio,Iniesta,43719
43720,327476770,Leopoldo,Saura,43720
43721,912377358,Marcial,Valverde,43721
43722,562458525,Isaias,Nicolas,43722
43723,444582817,Noe,Alemany,43723
43724,264667187,Alonso,Sainz,43724
43725,880492395,Jeremias,Llobet,43725
43726,128926591,Iban,Fabra,43726
43727,172732964,Leocadia,Casanovas,43727
43728,287532261,Ofelia,Camara,43728
43729,949935817,Olivia,Hernandez,43729
43730,745605698,Zacarias,Cerro,43730
43731,148973284,Zaida,Ibanez,43731
43732,408120414,Debora,Sola,43732
43733,339045671,Vicenta,Figueras,43733
43734,561233112,Alejo,Yanez,43734
43735,243399991,Eli,Fuster,43735
43736,281096344,Eva,Leon,43736
43737,194684794,Zacarias,Prieto,43737
43738,840989370,Xiomara,Arroyo,43738
43739,959346913,Fermin,Sotelo,43739
43740,169003301,Alba,Lujan,43740
43741,262404037,Gala,Salom,43741
43742,456010667,Natalia,Rosell,43742
43743,451620096,Jose Manuel,Sanchez,43743
43744,831608667,Rolando,Nadal,43744
43745,605989647,Roldan,Menendez,43745
43746,300373618,Samu,Tapia,43746
43747,438817779,Tania,Cepeda,43747
43748,664056531,Espiridion,Acevedo,43748
43749,168835512,Claudia,Plaza,43749
43750,364307304,Cruz,Benavente,43750
43751,964341239,Efrain,Revilla,43751
43752,494792120,Esteban,Puig,43752
43753,955563719,Julia,Castejon,43753
43754,573046748,Vito,Sebastian,43754
43755,255352904,Emelina,Castello,43755
43756,938248840,Armando,Tomas,43756
43757,221582092,Albano,Aparicio,43757
43758,548795222,Luisina,Sureda,43758
43759,217944275,Cayetana,Puerta,43759
43760,644360433,Teobaldo,Escribano,43760
43761,253127894,Victor Manuel,Castejon,43761
43762,500796822,Maria Fernanda,Balaguer,43762
43763,770234788,Pelayo,Ocana,43763
43764,870941886,Natanael,Serna,43764
43765,758089305,Ariel,Ayuso,43765
43766,612609524,Albino,Agustin,43766
43767,141394840,Cayetana,Verdugo,43767
43768,529303616,Joaquina,Costa,43768
43769,773939908,Paulina,Vicens,43769
43770,216632779,Paola,Vega,43770
43771,672847406,Guadalupe,Baeza,43771
43772,297882674,Francisca,Gomila,43772
43773,611171102,Serafina,Daza,43773
43774,664751266,Lazaro,Boada,43774
43775,129142859,Julio,Valcarcel,43775
43776,834239642,Genoveva,Pascual,43776
43777,287498369,Adelardo,Pomares,43777
43778,731797318,Toni,Seco,43778
43779,246678841,Josue,Ochoa,43779
43780,394276650,Remedios,Tome,43780
43781,592681283,Encarna,Llobet,43781
43782,130872834,Lucia,Cueto,43782
43783,608451380,Joaquina,Guillen,43783
43784,789321116,Jose,Hernandez,43784
43785,547330238,Dorita,Pacheco,43785
43786,934529885,Ramiro,Diez,43786
43787,968936360,Sara,Arce,43787
43788,220080072,Tristan,Paredes,43788
43789,295891100,Julieta,Tur,43789
43790,482924053,Nerea,Berrocal,43790
43791,240065414,Ruben,Alsina,43791
43792,881957215,Encarnacion,Riera,43792
43793,714904685,Gertrudis,Pol,43793
43794,107770772,Amanda,Esteban,43794
43795,801799246,Nadia,Collado,43795
43796,490584901,Julian,Perello,43796
43797,552776731,Anabel,Alvarez,43797
43798,826079738,Melania,Villa,43798
43799,227568665,Dulce,Prado,43799
43800,527562526,David,Cueto,43800
43801,755483462,Diego,Arevalo,43801
43802,189634008,Isabela,Recio,43802
43803,597759982,Violeta,Vina,43803
43804,388431670,Griselda,Segarra,43804
43805,298272926,Flavia,Gargallo,43805
43806,591518714,Bernardita,Nieto,43806
43807,576997425,Soledad,Olivares,43807
43808,827109618,Luciano,Pedro,43808
43809,452817405,Clemente,Acevedo,43809
43810,916324227,Ildefonso,Sala,43810
43811,850426858,Leyre,Pulido,43811
43812,501814641,Nando,Alcala,43812
43813,822755630,Remedios,Vila,43813
43814,933009997,Benigna,Davila,43814
43815,199433299,Clementina,Carro,43815
43816,712878085,Encarnacion,Salmeron,43816
43817,698764428,Jose Ramon,Talavera,43817
43818,998909794,Benigno,Gallart,43818
43819,994849031,Adoracion,Mateu,43819
43820,256247622,Segismundo,Haro,43820
43821,519071624,Moreno,Gonzalo,43821
43822,742677565,Marisa,Gonzalo,43822
43823,282184469,Constanza,Moya,43823
43824,700678207,Pepito,Casas,43824
43825,630275806,Anita,Puig,43825
43826,718935672,Pacifica,Galiano,43826
43827,427961549,Tono,Saura,43827
43828,267639093,Sol,Montserrat,43828
43829,349624993,Modesta,Fabregat,43829
43830,726725935,Emiliana,Rodriguez,43830
43831,787549907,Victor,Alcazar,43831
43832,622660844,Trinidad,Jorda,43832
43833,999530447,Jose Manuel,Abad,43833
43834,404229187,Otilia,Peiro,43834
43835,574926360,Sosimo,Hernando,43835
43836,867238905,Samanta,Ortega,43836
43837,113590891,Gabriela,Alcazar,43837
43838,227764736,Rafaela,Villegas,43838
43839,923963343,Dafne,Rosado,43839
43840,452305854,Adela,Alvaro,43840
43841,585172596,Miguel Angel,Bonilla,43841
43842,682550429,Patricia,Palacio,43842
43843,799294545,Jose,Batlle,43843
43844,758641829,Fabiola,Villar,43844
43845,591447788,Carlos,Ruano,43845
43846,114398320,Celestina,Reguera,43846
43847,241265338,Cosme,Carvajal,43847
43848,253886524,Javiera,Gimenez,43848
43849,826913374,Itziar,Gil,43849
43850,755492091,Calixto,Mayo,43850
43851,980359322,Ofelia,Cornejo,43851
43852,152648651,Espiridion,Palomar,43852
43853,545404971,Isaac,Maldonado,43853
43854,831314470,Custodia,Blanes,43854
43855,836151313,Arsenio,Abella,43855
43856,138899768,Rufina,Boada,43856
43857,881963003,Salomon,Vinas,43857
43858,499924481,Ines,Minguez,43858
43859,660880785,Kike,Sola,43859
43860,358212838,Fanny,Pozo,43860
43861,638922506,Lorenza,Gonzalo,43861
43862,477274343,Albina,Roma,43862
43863,625010292,Xavier,Castellanos,43863
43864,554952054,Ramiro,Lozano,43864
43865,811960072,Sonia,Hernandez,43865
43866,985694945,Marianela,Palomar,43866
43867,288653116,Gregorio,Torrent,43867
43868,423623375,Sabina,Gelabert,43868
43869,883865403,Amaro,Pedrosa,43869
43870,760767531,Jordan,Cuervo,43870
43871,463560383,Abraham,Uribe,43871
43872,669502376,Consuela,Verdugo,43872
43873,992638113,Cebrian,Yuste,43873
43874,883531506,Bernardino,Taboada,43874
43875,871595851,Guiomar,Marino,43875
43876,185912233,Jose Luis,Ramon,43876
43877,680267548,Eva,Salva,43877
43878,620361469,Brunilda,Barreda,43878
43879,507576570,Soraya,Gallardo,43879
43880,454858105,Vera,Monreal,43880
43881,499902953,Consuelo,Alonso,43881
43882,646296197,Nieves,Ortuno,43882
43883,814222856,Abel,Seco,43883
43884,202269295,Jorge,Casado,43884
43885,749350822,Mar,Vallejo,43885
43886,960171765,Erasmo,Arnal,43886
43887,819010792,Patricia,Llobet,43887
43888,992879515,Walter,Macias,43888
43889,869759209,Gerardo,Cifuentes,43889
43890,630063595,Adela,Espinosa,43890
43891,474098077,Ivan,Acedo,43891
43892,131286898,Africa,Busquets,43892
43893,235814780,Reyna,Bou,43893
43894,952066337,Candelas,Colom,43894
43895,641879887,Rafael,Portero,43895
43896,328806741,Isabel,Ruiz,43896
43897,201169942,Cesar,Granados,43897
43898,508003509,Leoncio,Lopez,43898
43899,450578119,Basilio,Diez,43899
43900,916895015,Roberta,Luz,43900
43901,950448558,Lupita,Soriano,43901
43902,405254211,Jacobo,Santana,43902
43903,335680855,Consuela,Palomino,43903
43904,655782262,Adrian,Velasco,43904
43905,170633401,Estela,Piquer,43905
43906,778711989,Teresita,Falcon,43906
43907,473616005,Guadalupe,Feijoo,43907
43908,584204572,Luis,Borrego,43908
43909,640495133,Jose Antonio,Narvaez,43909
43910,177021935,Evangelina,Gracia,43910
43911,815466772,Leonardo,Galindo,43911
43912,329181619,Margarita,Peinado,43912
43913,764966030,Gilberto,Calderon,43913
43914,675765877,Carlota,Capdevila,43914
43915,813867904,Demetrio,Rojas,43915
43916,710653700,Corona,Vilar,43916
43917,941573070,Maxi,Abad,43917
43918,403378553,Leocadio,Gabaldon,43918
43919,135810585,Bernardo,Esteban,43919
43920,629496822,Samuel,Carvajal,43920
43921,403515899,Jorge,Arana,43921
43922,953189954,Serafina,Corbacho,43922
43923,724188470,Godofredo,Pulido,43923
43924,946351742,Genoveva,Torrent,43924
43925,168878838,Aranzazu,Antunez,43925
43926,382844556,Kike,Raya,43926
43927,738416920,Rene,Belmonte,43927
43928,562396643,Estefania,Almagro,43928
43929,320817955,Eric,Villegas,43929
43930,515226744,Vito,Casal,43930
43931,564677872,Eusebio,Herrero,43931
43932,450902373,Juan Luis,Perello,43932
43933,142822316,Alejandro,Arenas,43933
43934,896471353,Gertrudis,Losada,43934
43935,286139433,Carolina,Quesada,43935
43936,366362592,Porfirio,Sevillano,43936
43937,402130203,Heriberto,Vizcaino,43937
43938,518200497,Basilio,Alba,43938
43939,816542102,Valero,Berenguer,43939
43940,666058934,Pascual,Guillen,43940
43941,677411134,Eugenia,Segarra,43941
43942,884304069,Tamara,Delgado,43942
43943,139125329,Estela,Cruz,43943
43944,161595567,Rosenda,Leon,43944
43945,537459541,Jenaro,Vergara,43945
43946,500434452,Ivan,Sierra,43946
43947,255711173,Herminio,Rio,43947
43948,643410555,Carmen,Batlle,43948
43949,452042390,Juan Antonio,Saez,43949
43950,303515792,Adrian,Carbonell,43950
43951,451969167,Odalys,Bellido,43951
43952,499867484,Sonia,Gomila,43952
43953,282120196,Amparo,Camara,43953
43954,474158237,Luis Angel,Rio,43954
43955,904205461,Marcela,Campos,43955
43956,226086159,Omar,Sanabria,43956
43957,399286905,Maxi,Montenegro,43957
43958,825099327,Amilcar,Martorell,43958
43959,322953195,Apolinar,Borrego,43959
43960,469853863,Ceferino,Soriano,43960
43961,539027444,Alex,Baron,43961
43962,474536202,Tomasa,Ferrando,43962
43963,779880654,Albina,Alcala,43963
43964,978534023,Pastor,Vilar,43964
43965,340464670,Rosendo,Ramos,43965
43966,267506630,Mohamed,Feijoo,43966
43967,394881760,Chelo,Uribe,43967
43968,531567546,Josefina,Rivero,43968
43969,861879558,Maxi,Rocamora,43969
43970,535122865,Francisco Jose,Vazquez,43970
43971,284172487,Calixto,Benavides,43971
43972,332678877,Teresita,Malo,43972
43973,369640493,Micaela,Caro,43973
43974,137251514,Isa,Serna,43974
43975,727477414,Zoraida,Zamora,43975
43976,453732744,Isabela,Lara,43976
43977,424249314,Loida,Manzanares,43977
43978,513962887,Emigdio,Olmo,43978
43979,694877540,Patricia,Coca,43979
43980,211186908,Reinaldo,Molins,43980
43981,698880247,Ingrid,Cabello,43981
43982,218056457,Claudia,Blanes,43982
43983,978459118,Daniela,Rivera,43983
43984,463945739,Angelino,Luna,43984
43985,346394786,Leyre,Esteban,43985
43986,625402507,Remigio,Acuna,43986
43987,819069443,Soledad,Cuellar,43987
43988,511795230,Florinda,Saldana,43988
43989,311998267,Fernando,Roman,43989
43990,503142748,Maximiliano,Canellas,43990
43991,494814105,Moises,Perales,43991
43992,941610803,Augusto,Sanmartin,43992
43993,355550338,Isabela,Tomas,43993
43994,354407071,Evita,Palau,43994
43995,876138909,Martirio,Cruz,43995
43996,757979005,Sosimo,Daza,43996
43997,969513727,Fabiana,Tirado,43997
43998,846318226,Rita,Cornejo,43998
43999,936937600,Pascual,Granados,43999
44000,512494997,Angeles,Morante,44000
44001,732051875,Guiomar,Isern,44001
44002,201418555,Jeremias,Barrera,44002
44003,648782914,Encarnacion,Polo,44003
44004,342823476,Narciso,Serna,44004
44005,450475382,Adelia,Segui,44005
44006,413601789,Haroldo,Seco,44006
44007,219192878,Samanta,Roldan,44007
44008,323987193,Gema,Alba,44008
44009,569577724,Ivan,Ugarte,44009
44010,924460654,Ainara,Guitart,44010
44011,128945239,Nilda,Sandoval,44011
44012,801532511,Aristides,Borrego,44012
44013,326688169,Ulises,Taboada,44013
44014,470578417,Martin,Riera,44014
44015,277543266,Marina,Cortes,44015
44016,517773199,Amalia,Cabanas,44016
44017,782693204,Maria Carmen,Diaz,44017
44018,355222004,Fortunato,Corominas,44018
44019,904883773,Sebastian,Guillen,44019
44020,642967028,Rafa,Vergara,44020
44021,434617232,Juan Pablo,Gascon,44021
44022,960145885,Herminia,Otero,44022
44023,174587843,Margarita,Marques,44023
44024,355974788,Cosme,Saura,44024
44025,612623222,Nieves,Saez,44025
44026,723250857,Maria Manuela,Duenas,44026
44027,115144846,Prudencio,Uribe,44027
44028,876912238,Emilia,Echevarria,44028
44029,328187324,Matias,Samper,44029
44030,141725649,Jose,Marco,44030
44031,257397664,Aura,Gual,44031
44032,358965430,Tecla,Cuellar,44032
44033,593502109,Marcial,Ibanez,44033
44034,127026575,Tono,Sacristan,44034
44035,387388535,Kike,Torralba,44035
44036,391397725,Marciano,Guillen,44036
44037,160909885,Aurora,Marino,44037
44038,801824003,Celestina,Domingo,44038
44039,469957959,Teobaldo,Otero,44039
44040,304604352,Veronica,Belda,44040
44041,685037722,Antonia,Alberto,44041
44042,452358860,Lorenza,Mariscal,44042
44043,717832113,Chema,Bauza,44043
44044,425351621,Amilcar,Cervera,44044
44045,215146273,Melisa,Giron,44045
44046,710350880,Sonia,Canton,44046
44047,630683696,Ileana,Pla,44047
44048,717442127,Leocadio,Bayo,44048
44049,547410149,Anacleto,Sarmiento,44049
44050,217607563,Morena,Belda,44050
44051,370977923,Guiomar,Marti,44051
44052,753958778,Angelica,Jerez,44052
44053,486897039,Natalio,Solis,44053
44054,988572423,Jose,Mateos,44054
44055,179803483,Ernesto,Balaguer,44055
44056,570373914,Amada,Pelayo,44056
44057,282012632,Julie,Reig,44057
44058,393337227,Selena,Leiva,44058
44059,812614462,Luisa,Macias,44059
44060,557714195,Gerardo,Mulet,44060
44061,134423545,Baltasar,Martin,44061
44062,607305354,Nico,Munoz,44062
44063,273946282,Visitacion,Vicente,44063
44064,742315188,Ileana,Quintero,44064
44065,967023736,Olivia,Fernandez,44065
44066,956899038,Armida,Sanmiguel,44066
44067,813573659,Leocadio,Vilaplana,44067
44068,750921235,Delia,Segui,44068
44069,345878667,Nidia,Ramon,44069
44070,350734041,Gabriel,Colomer,44070
44071,103284055,Anacleto,Arnau,44071
44072,245794095,Arcelia,Guardia,44072
44073,329534650,Santos,Barranco,44073
44074,934424891,Carlito,Calatayud,44074
44075,317096748,Cayetana,Iniesta,44075
44076,187151799,Guiomar,Alegria,44076
44077,810995957,Renata,Vall,44077
44078,552876535,Alonso,Ballesteros,44078
44079,606006314,Herberto,Cal,44079
44080,601499876,Baldomero,Sabater,44080
44081,302010429,Xiomara,Adadia,44081
44082,603010768,Marcos,Arce,44082
44083,359032883,Gonzalo,Tudela,44083
44084,780554725,Ascension,Granados,44084
44085,585808901,Alonso,Baquero,44085
44086,551597163,Carla,Riba,44086
44087,315068651,Victor,Llano,44087
44088,416550743,Dora,Gutierrez,44088
44089,319874051,Maria Teresa,Dieguez,44089
44090,370204503,Fanny,Pinto,44090
44091,681055177,Soraya,Palacios,44091
44092,787685561,Eloisa,Jordan,44092
44093,909628142,Eligio,Poza,44093
44094,268584549,Lara,Galan,44094
44095,624690528,Manuela,Benet,44095
44096,374908712,Paula,Bolanos,44096
44097,806759625,Ruy,Chico,44097
44098,144471555,Jose Carlos,Montalban,44098
44099,339591851,Concha,Cortes,44099
44100,412740407,Gilberto,Noriega,44100
44101,457784429,Juan Carlos,Conesa,44101
44102,440243413,Patricio,Cervera,44102
44103,479089529,Debora,Lopez,44103
44104,330829219,Noemi,Soriano,44104
44105,752070924,Luna,Armas,44105
44106,111521699,Etelvina,Alberdi,44106
44107,620254841,Miguel Angel,Rosa,44107
44108,705356822,Apolonia,Benet,44108
44109,764174910,Renato,Oller,44109
44110,172488839,Juan Manuel,Borras,44110
44111,388604228,Dora,Cabanas,44111
44112,781868888,Diana,Sandoval,44112
44113,332514775,Pepita,Lopez,44113
44114,134813117,Elena,Conde,44114
44115,447192706,Milagros,Alcala,44115
44116,727982339,Calisto,Cuellar,44116
44117,458621986,Ana Sofia,Bonilla,44117
44118,304168810,Adalberto,Agustin,44118
44119,649551509,Bernarda,Jove,44119
44120,751821325,Maria Luisa,Bru,44120
44121,914566038,Juan Bautista,Figueras,44121
44122,633902236,Teresita,Marcos,44122
44123,455926660,Agueda,Bravo,44123
44124,492763403,Sandra,Aguilo,44124
44125,622684027,Jose Francisco,Benet,44125
44126,848700563,Marciano,Mayo,44126
44127,198050783,Paco,Guerra,44127
44128,534056558,Modesta,Amador,44128
44129,132856269,Silvestre,Llobet,44129
44130,442197195,Roxana,Angulo,44130
44131,969577637,Eulalia,Montes,44131
44132,409747431,Marino,Berrocal,44132
44133,556091104,Crescencia,Abellan,44133
44134,588334421,Elias,Tamayo,44134
44135,151477037,Victor Manuel,Alberto,44135
44136,256303969,Julieta,Minguez,44136
44137,558197831,Pepito,Jauregui,44137
44138,630559542,Roxana,Cabrera,44138
44139,339754319,Macarena,Marin,44139
44140,199611089,Emma,Bellido,44140
44141,176569916,Claudio,Tena,44141
44142,995980126,Belen,Saavedra,44142
44143,211344400,Brunilda,Porras,44143
44144,120197527,Candelas,Blasco,44144
44145,291815910,Roque,Pedrero,44145
44146,497945362,Florinda,Bustamante,44146
44147,111920451,Teobaldo,Leiva,44147
44148,115315814,Leonardo,Novoa,44148
44149,280838627,Estefania,Sala,44149
44150,739589337,Nidia,Blanch,44150
44151,535204363,Rosendo,Pineda,44151
44152,106902366,Fernando,Barbero,44152
44153,478695167,Encarnacion,Gras,44153
44154,971767538,Juana,Noguera,44154
44155,269585033,Herberto,Pereira,44155
44156,881044607,Clara,Lobato,44156
44157,955172561,Ursula,Domingo,44157
44158,714601887,Cruz,Olivares,44158
44159,599090840,Moreno,Murcia,44159
44160,240810994,Albano,Abella,44160
44161,482838566,Yago,Carvajal,44161
44162,189148879,Edmundo,Gonzalez,44162
44163,988714449,Benjamin,Iglesias,44163
44164,852964071,Aura,Bermejo,44164
44165,727048847,Inocencio,Sevillano,44165
44166,650202406,Domitila,Torralba,44166
44167,676995633,Maxima,Villaverde,44167
44168,371264351,Coral,Cepeda,44168
44169,639959587,Eulalia,Izquierdo,44169
44170,669877983,Jordana,Fiol,44170
44171,441270926,Gervasio,Blanch,44171
44172,941495481,Maxi,Gordillo,44172
44173,348795883,Ignacia,Infante,44173
44174,325462863,Hilario,Manzano,44174
44175,513976162,Oriana,Diaz,44175
44176,592468605,Damian,Machado,44176
44177,980461207,Catalina,Fuertes,44177
44178,241462103,Nicolas,Atienza,44178
44179,224442171,Clotilde,Galindo,44179
44180,607231658,Melania,Tejada,44180
44181,253233620,Amor,Gordillo,44181
44182,700966385,Amparo,Saura,44182
44183,570604462,Anacleto,Tamarit,44183
44184,193857402,Macarena,Valbuena,44184
44185,724654310,Zaida,Lastra,44185
44186,526441745,Juan Antonio,Olmedo,44186
44187,510232974,Florina,Prieto,44187
44188,867092878,Miguel Angel,Tello,44188
44189,495704724,Antonio,Hernando,44189
44190,528009700,Jose Miguel,Bauza,44190
44191,419024542,Ruben,Boada,44191
44192,660278075,Silvia,Galiano,44192
44193,742474334,Augusto,Diez,44193
44194,802124454,Julio Cesar,Otero,44194
44195,276097789,Lorenzo,Iglesias,44195
44196,494237779,Marcio,Izquierdo,44196
44197,841531448,Tecla,Diez,44197
44198,154929286,Odalys,Vall,44198
44199,129944475,Lorenza,Alvarez,44199
44200,358908580,Xiomara,Luz,44200
44201,805421260,Joaquina,Agustin,44201
44202,412757434,Carina,Verdu,44202
44203,457481239,Angelica,Olivares,44203
44204,335005936,Alejo,Vergara,44204
44205,572938690,Africa,Matas,44205
44206,677914193,Ainoa,Adadia,44206
44207,545711535,Gustavo,Cortina,44207
44208,328597098,Marisela,Puente,44208
44209,841712621,Carlos,Fernandez,44209
44210,533722146,Aitor,Robles,44210
44211,587207604,Dulce,Haro,44211
44212,508771045,Paloma,Vera,44212
44213,410049656,Nacho,Escolano,44213
44214,200280343,Leocadio,Arnau,44214
44215,230199992,Emilia,Varela,44215
44216,986824461,Eva,Vilalta,44216
44217,282213619,Esther,Pinol,44217
44218,179591686,Marcia,Cabrero,44218
44219,626159829,Sarita,Aragones,44219
44220,243514138,Eli,Collado,44220
44221,313689139,Azeneth,Lujan,44221
44222,449336014,Alfredo,Enriquez,44222
44223,758456012,Octavio,Rosello,44223
44224,543625036,Pastora,Carbajo,44224
44225,631569781,Epifanio,Checa,44225
44226,413067549,Rafaela,Checa,44226
44227,259091290,Aroa,Jodar,44227
44228,557543518,Ingrid,Alvarez,44228
44229,863247015,Pascuala,Baeza,44229
44230,284655122,Genoveva,Espejo,44230
44231,801886512,Macaria,Rosello,44231
44232,495561453,Jesusa,Verdejo,44232
44233,886651149,Vicente,Huerta,44233
44234,428156860,Cayetana,Pareja,44234
44235,205066640,Eusebio,Higueras,44235
44236,679672928,Reina,Montero,44236
44237,937337135,Cristian,Ojeda,44237
44238,291795069,Ambar,Elorza,44238
44239,451554777,Susanita,Julia,44239
44240,409241217,Bernardita,Goni,44240
44241,466358204,Jose,Poza,44241
44242,902988668,Melchor,Ropero,44242
44243,692079786,Baudelio,Donaire,44243
44244,181751741,Bautista,Amo,44244
44245,690388600,Isidoro,Batlle,44245
44246,591834838,Macarena,Banos,44246
44247,287743971,Adan,Pol,44247
44248,253249230,Samanta,Amo,44248
44249,562372183,Visitacion,Bou,44249
44250,906967009,Natividad,Sosa,44250
44251,214427219,Adelaida,Alegria,44251
44252,941438627,Narciso,Checa,44252
44253,721185512,Roman,Vila,44253
44254,396077759,Matilde,Moll,44254
44255,584009498,Remigio,Fiol,44255
44256,985344611,Nando,Velazquez,44256
44257,180146565,Maximo,Sobrino,44257
44258,754208510,Agustin,Gilabert,44258
44259,375822385,Apolinar,Mata,44259
44260,865501233,Natalia,Mugica,44260
44261,290098177,Florentina,Ibanez,44261
44262,386083718,Abril,Macias,44262
44263,251727991,Duilio,Cantero,44263
44264,337107215,Lucho,Borja,44264
44265,854264119,Fabio,Pinto,44265
44266,779446051,Paulino,Marin,44266
44267,198638728,Jafet,Peinado,44267
44268,817538153,Felix,Marcos,44268
44269,580131851,Jordi,Guardia,44269
44270,489258742,Narciso,Pinilla,44270
44271,680735433,Amalia,Benitez,44271
44272,530986572,Carmina,Aguila,44272
44273,593365852,Malena,Juarez,44273
44274,767810688,Catalina,Dieguez,44274
44275,534541153,Lara,Infante,44275
44276,509805559,Ileana,Bayona,44276
44277,747148841,Edgardo,Juan,44277
44278,743846646,Eliseo,Tello,44278
44279,912662708,Andres,Bonilla,44279
44280,691783810,Pepita,Mayol,44280
44281,166776294,Epifanio,Pina,44281
44282,910546863,Cruz,Ruiz,44282
44283,482580266,Victorino,Coll,44283
44284,758909368,Roberta,Pont,44284
44285,819435516,Gabriel,Perez,44285
44286,116172917,Ernesto,Cadenas,44286
44287,366320879,Macarena,Espejo,44287
44288,252638201,Diego,Montenegro,44288
44289,601908483,Reina,Vazquez,44289
44290,746093022,Chuy,Elorza,44290
44291,142933951,Armando,Macias,44291
44292,231028133,Luciano,Blanch,44292
44293,787098295,Domitila,Antunez,44293
44294,570248267,Juan Carlos,Polo,44294
44295,343551971,Toribio,Santamaria,44295
44296,389407617,Ildefonso,Chico,44296
44297,962858339,Eutimio,Reig,44297
44298,261673113,Julie,Mena,44298
44299,153197212,Albina,Fajardo,44299
44300,744631323,Regulo,Castilla,44300
44301,649143936,Ricarda,Suarez,44301
44302,200935242,Gil,Escudero,44302
44303,843959181,Cesar,Mate,44303
44304,487451891,Maximo,Briones,44304
44305,572386212,Jose Manuel,Fuster,44305
44306,171232507,Teresa,Baron,44306
44307,654869344,Eliana,Terron,44307
44308,699612045,Mirta,Cano,44308
44309,411533016,Sara,Arnal,44309
44310,663804741,Celestino,Cortes,44310
44311,144425096,Dominga,Real,44311
44312,766284304,Valentin,Cobo,44312
44313,500585177,Tamara,Lara,44313
44314,148230054,Luz,Angulo,44314
44315,116220554,Carmela,Jauregui,44315
44316,129360913,Sancho,Torrijos,44316
44317,843484006,Luciano,Domenech,44317
44318,206523810,Primitivo,Anaya,44318
44319,305917554,Abraham,Arranz,44319
44320,197610952,Candelario,Valbuena,44320
44321,169028519,Alcides,Silva,44321
44322,519550250,Estefania,Vives,44322
44323,732201695,Cristian,Orozco,44323
44324,487424988,Agapito,Guzman,44324
44325,703266440,Pili,Barreda,44325
44326,968062140,Amaya,Manzanares,44326
44327,719770518,Olimpia,Bayo,44327
44328,460525480,Bonifacio,Alcolea,44328
44329,598668650,Otilia,Rosado,44329
44330,517216352,Albert,Lobo,44330
44331,540982542,Macarena,Llado,44331
44332,171824350,Salvador,Tejera,44332
44333,369320552,Fabiola,Chacon,44333
44334,671343869,Daniel,Gomis,44334
44335,916526514,Hortensia,Acero,44335
44336,611868648,Domitila,Sala,44336
44337,737511184,Gervasio,Luz,44337
44338,701242025,Gustavo,Barroso,44338
44339,370128190,Serafina,Barranco,44339
44340,574873438,Angela,Chaves,44340
44341,545968444,Abel,Lobato,44341
44342,552084326,Fidela,Duran,44342
44343,769572408,Dimas,Echevarria,44343
44344,242045781,Iban,Ocana,44344
44345,957209815,Francisco Jose,Perez,44345
44346,510191248,Roberta,Noriega,44346
44347,576159675,Hilda,Portillo,44347
44348,276421347,Juan Luis,Casal,44348
44349,121352138,Micaela,Espanol,44349
44350,519945671,Adolfo,Mata,44350
44351,143059755,Hector,Pulido,44351
44352,845001540,Macaria,Nunez,44352
44353,368558326,Lilia,Lopez,44353
44354,382700988,Joel,Fiol,44354
44355,184126926,Estrella,Rio,44355
44356,664839848,Fermin,Solis,44356
44357,260860598,Juliana,Martin,44357
44358,347193711,Rosa Maria,Castejon,44358
44359,914244771,Silvio,Heredia,44359
44360,362990390,Jordana,Soto,44360
44361,825200558,Ainoa,Escudero,44361
44362,375444297,Lope,Polo,44362
44363,133356427,Monica,Padilla,44363
44364,268017088,Elisa,Pera,44364
44365,843794150,Gabino,Garrido,44365
44366,242474357,America,Anguita,44366
44367,613667521,Judith,Blanch,44367
44368,231770616,Amada,Talavera,44368
44369,378423842,Cristian,Ugarte,44369
44370,413880842,Eliseo,Castrillo,44370
44371,937470588,Valentin,Navarrete,44371
44372,547885262,Nico,Suarez,44372
44373,544328177,Raquel,Duran,44373
44374,444331114,Fabio,Raya,44374
44375,735677587,Jose Angel,Guzman,44375
44376,919122658,Marisa,Serna,44376
44377,875942210,Piedad,Uriarte,44377
44378,755813782,Alejo,Querol,44378
44379,253804309,Aura,Salom,44379
44380,297123199,Jesus,Saez,44380
44381,864962009,Isabela,Vara,44381
44382,749214708,Clarisa,Cerro,44382
44383,655562066,Iker,Fiol,44383
44384,615384833,Irma,Cantero,44384
44385,662369808,Baudelio,Roman,44385
44386,107501451,Cleto,Zamorano,44386
44387,519555731,Estefania,Cardona,44387
44388,358360102,Veronica,Santos,44388
44389,454217667,Martin,Escolano,44389
44390,151948412,Adelaida,Quesada,44390
44391,652807954,Constanza,Carmona,44391
44392,716521380,Perlita,Vaquero,44392
44393,315584877,Bienvenida,Rico,44393
44394,229699319,Maura,Lucena,44394
44395,798770202,Rosa Maria,Robles,44395
44396,669627969,Ruth,Barragan,44396
44397,886487959,Alonso,Gimeno,44397
44398,960737536,Maria,Tejada,44398
44399,414540948,Esteban,Amor,44399
44400,241657925,Daniel,Vergara,44400
44401,938012256,Teresa,Rosello,44401
44402,854624480,Candela,Sabater,44402
44403,256565900,Pepito,Carvajal,44403
44404,160522000,Blas,Adadia,44404
44405,356684058,Ramona,Sureda,44405
44406,712362188,Adelardo,Prat,44406
44407,927303870,Laura,Pineiro,44407
44408,535289353,Maria Jesus,Alberola,44408
44409,486259643,Manuelita,Iniesta,44409
44410,700174108,Sandalio,Carpio,44410
44411,553986208,Sandra,Segui,44411
44412,869744792,Octavia,Fabregas,44412
44413,235882365,Lucia,Rossello,44413
44414,690851080,Encarna,Landa,44414
44415,879273274,Eloy,Lerma,44415
44416,707418793,Reina,Campos,44416
44417,174841032,Maximino,Aviles,44417
44418,702701489,Yolanda,Fabra,44418
44419,791689459,Irene,Valverde,44419
44420,381502143,Simon,Camps,44420
44421,812968371,Francisco,Sanmiguel,44421
44422,658911805,Marina,Jara,44422
44423,898977028,Valentina,Oliver,44423
44424,279168068,Amor,Rosales,44424
44425,369818191,Cloe,Sales,44425
44426,139300954,Lidia,Palomares,44426
44427,899182534,Urbano,Adadia,44427
44428,309212587,Apolinar,Pla,44428
44429,331747828,Arcelia,Solsona,44429
44430,203464806,Teodoro,Iniguez,44430
44431,877114491,Maxi,Jauregui,44431
44432,941128647,Bernardita,Tejada,44432
44433,864993721,Zacarias,Ramon,44433
44434,273016564,Tere,Andres,44434
44435,626264322,Sabina,Belmonte,44435
44436,279726418,Anna,Peinado,44436
44437,137376255,Cirino,Cifuentes,44437
44438,645265638,Rodolfo,Herranz,44438
44439,868275234,Hernando,Vergara,44439
44440,981686463,Rolando,Iglesia,44440
44441,948738161,Adela,Ledesma,44441
44442,832009607,Clarisa,Alamo,44442
44443,385389594,Moises,Roma,44443
44444,665469587,Lorenzo,Piquer,44444
44445,996592623,Hector,Garriga,44445
44446,679215027,Ignacio,Cid,44446
44447,126523922,Maxi,Ayllon,44447
44448,916679434,Teofilo,Duran,44448
44449,110712257,Amaro,Quero,44449
44450,366418360,Rosalinda,Almeida,44450
44451,664172259,Prudencio,Andres,44451
44452,144508609,Nicolasa,Solana,44452
44453,858054709,Dionisio,Solano,44453
44454,904125056,Pelayo,Nadal,44454
44455,422492637,Ruperta,Valverde,44455
44456,764117582,Roman,Calleja,44456
44457,158888362,Beatriz,Cabanas,44457
44458,260352299,Urbano,Penalver,44458
44459,999785544,Elena,Ferran,44459
44460,222336982,Ximena,Caro,44460
44461,925644272,Arturo,Escalona,44461
44462,530444411,Clementina,Saura,44462
44463,900606003,Eric,Agusti,44463
44464,665992818,Olimpia,Chico,44464
44465,673001620,Ainara,Diaz,44465
44466,890314030,Porfirio,Angel,44466
44467,424541474,Jose Miguel,Guerra,44467
44468,890855983,Gonzalo,Morante,44468
44469,218089442,Timoteo,Llorente,44469
44470,356134875,Clementina,Amor,44470
44471,354167679,Sarita,Medina,44471
44472,201202017,Lucia,Salazar,44472
44473,866463307,Jenny,Rosales,44473
44474,974005336,Pepita,Aramburu,44474
44475,720915447,Jacinta,Carvajal,44475
44476,541937882,Yaiza,Yuste,44476
44477,171079604,Camilo,Cantero,44477
44478,659035438,Poncio,Benavente,44478
44479,703870418,Eloy,Tellez,44479
44480,756364248,Fabiola,Galvez,44480
44481,862932846,Florinda,Lluch,44481
44482,177811141,Onofre,Laguna,44482
44483,649705963,Virgilio,Raya,44483
44484,701276821,Pascual,Baro,44484
44485,486583038,Paulina,Checa,44485
44486,374409622,Anastasio,Paniagua,44486
44487,422417088,Adrian,Cuellar,44487
44488,422771312,Santos,Santamaria,44488
44489,106343673,Nando,Soria,44489
44490,120982178,Ester,Corbacho,44490
44491,692472808,Ani,Cervera,44491
44492,189375533,Ximena,Ramon,44492
44493,949755868,Leyre,Pomares,44493
44494,261797830,Manu,Estrada,44494
44495,340134194,Ruperto,Pinedo,44495
44496,515335323,Eliana,Feliu,44496
44497,855334597,Mar,Matas,44497
44498,133277316,Macario,Vergara,44498
44499,432898109,Climaco,Villaverde,44499
44500,890698141,Hipolito,Villalonga,44500
44501,322055058,Inocencio,Peral,44501
44502,389716186,Azucena,Albero,44502
44503,468329972,Poncio,Bolanos,44503
44504,958482541,Felicidad,Muniz,44504
44505,801059506,Eladio,Villalobos,44505
44506,848002751,Santos,Serna,44506
44507,871723444,Isidoro,Castellanos,44507
44508,404584151,Dolores,Canellas,44508
44509,159040211,Isidora,Antunez,44509
44510,163514009,Julio Cesar,Villalobos,44510
44511,942014716,Diego,Reguera,44511
44512,536943813,Chelo,Aguila,44512
44513,563262088,Gloria,Chaparro,44513
44514,919625537,Eutropio,Milla,44514
44515,557871064,Roldan,Llado,44515
44516,346105617,Aristides,Albero,44516
44517,496124689,Cecilio,Sole,44517
44518,876790001,Anselmo,Paez,44518
44519,369104065,Candido,Campoy,44519
44520,196992682,Macarena,Morera,44520
44521,839885463,Ruben,Mari,44521
44522,878544450,Maria Luisa,Portero,44522
44523,965647964,Noelia,Sotelo,44523
44524,182483918,Ruperto,Colom,44524
44525,605167055,Mateo,Yanez,44525
44526,257724606,Nando,Giron,44526
44527,902813151,Vanesa,Pizarro,44527
44528,578968513,Isabel,Cervantes,44528
44529,934054358,Esther,Oliver,44529
44530,522618973,Ariel,Bernal,44530
44531,408937161,Maria Manuela,Neira,44531
44532,505603499,Florina,Ruiz,44532
44533,404072319,Concepcion,Roca,44533
44534,199006529,Porfirio,Benavent,44534
44535,420350075,Jordi,Collado,44535
44536,885088665,Eulalia,Medina,44536
44537,872880065,Mateo,Manzanares,44537
44538,654691589,Cruz,Valderrama,44538
44539,717656796,Claudia,Arregui,44539
44540,407245535,Antonio,Nunez,44540
44541,612329060,Carlota,Morata,44541
44542,456052156,Fabiana,Pozo,44542
44543,164583547,Pepe,Borras,44543
44544,356964981,Obdulia,Manso,44544
44545,334397842,Alberto,Rosa,44545
44546,678525872,Edelmira,Amores,44546
44547,161486873,Carmelo,Campillo,44547
44548,791075325,Cayetano,Aguirre,44548
44549,807320999,Silvio,Azorin,44549
44550,573435924,Judith,Barba,44550
44551,782107064,Olga,Benavent,44551
44552,129343429,Marita,Marquez,44552
44553,275447180,Margarita,Bueno,44553
44554,442478906,Raquel,Garrido,44554
44555,481256540,Margarita,Castro,44555
44556,688437410,Edu,Borras,44556
44557,744464582,Vanesa,Nino,44557
44558,576018181,Cosme,Jodar,44558
44559,810519642,Placido,Arjona,44559
44560,255302206,Carlito,Sedano,44560
44561,309835517,Olimpia,Montenegro,44561
44562,926409131,Amor,Campoy,44562
44563,669461237,Fulgencio,Vicens,44563
44564,724288808,Dalila,Campillo,44564
44565,976424492,Wilfredo,Goni,44565
44566,482680477,Ainara,Martorell,44566
44567,947936383,Estrella,Marti,44567
44568,602217153,Juliana,Pera,44568
44569,649384628,Chuy,Rios,44569
44570,895625609,Lalo,Cortes,44570
44571,171748060,Fito,Caceres,44571
44572,429109931,Angel,Rivero,44572
44573,647061815,Berta,Hurtado,44573
44574,860627320,Francisco Javier,Llobet,44574
44575,850399313,Florencio,Herrero,44575
44576,957964724,Elba,Teruel,44576
44577,539613507,Teodora,Alegre,44577
44578,920211657,Agapito,Miro,44578
44579,482483819,Yolanda,Gil,44579
44580,195849744,Herberto,Bilbao,44580
44581,527963531,Basilio,Coello,44581
44582,551294391,Flor,Campoy,44582
44583,265852803,Timoteo,Montesinos,44583
44584,812833744,Gaston,Torrecilla,44584
44585,391489481,Marcelino,Peralta,44585
44586,915963635,Cosme,Campo,44586
44587,107688106,Reynaldo,Galan,44587
44588,763874614,Edelmiro,Castellanos,44588
44589,748481879,Montserrat,Cobo,44589
44590,219570027,Baltasar,Aller,44590
44591,426065589,Reina,Gallardo,44591
44592,445099241,Itziar,Herrera,44592
44593,121859940,Trinidad,Chico,44593
44594,184214242,Adelia,Miralles,44594
44595,286793649,Iker,Pacheco,44595
44596,162607570,Feliciano,Barranco,44596
44597,223931504,Carmen,Navas,44597
44598,313215842,Fidel,Mendez,44598
44599,561299433,Sarita,Grande,44599
44600,191686418,Emigdio,Ropero,44600
44601,551666941,Elpidio,Atienza,44601
44602,208804324,Amelia,Lorenzo,44602
44603,578987148,Conrado,Sainz,44603
44604,969670379,Jorge,Falcon,44604
44605,911211718,Luis Miguel,Torrecilla,44605
44606,951327079,Amando,Dominguez,44606
44607,475893914,Porfirio,Carreras,44607
44608,845770341,Juan Bautista,Pera,44608
44609,670860673,Julio,Pareja,44609
44610,578133644,Trini,Amo,44610
44611,994502846,Sigfrido,Lucena,44611
44612,383714313,Carla,Gomila,44612
44613,734074049,Ileana,Gutierrez,44613
44614,696712453,Duilio,Benito,44614
44615,904052690,Remedios,Marti,44615
44616,931096449,Nerea,Pallares,44616
44617,893671490,Nuria,Ariza,44617
44618,853259929,Marta,Olmedo,44618
44619,220838782,Ruperta,Nicolas,44619
44620,967103207,Francisco Jose,Ayuso,44620
44621,603219688,Cipriano,Mateo,44621
44622,958394485,Luciana,Valles,44622
44623,785769098,Adela,Riera,44623
44624,155278028,Ricarda,Coronado,44624
44625,193828923,Eduardo,Elorza,44625
44626,301621987,Modesto,Bou,44626
44627,192881006,Purificacion,Abad,44627
44628,136124465,Hugo,Oliva,44628
44629,713278555,Primitivo,Crespo,44629
44630,408173698,Placido,Castillo,44630
44631,963970227,Joaquina,Borja,44631
44632,769278978,Victoriano,Aguilo,44632
44633,870089312,Lucia,Serna,44633
44634,458502561,Andres Felipe,Camara,44634
44635,482996562,Haroldo,Gual,44635
44636,885957011,Fausto,Valle,44636
44637,951734321,Efrain,Azorin,44637
44638,879461141,Americo,Cisneros,44638
44639,161463025,Micaela,Ferrando,44639
44640,812966204,Modesta,Cozar,44640
44641,525595398,Felix,Azcona,44641
44642,135002864,Julio Cesar,Barbero,44642
44643,343227517,Lucia,Lara,44643
44644,141397417,Panfilo,Cid,44644
44645,194747214,Chita,Moya,44645
44646,972868627,Carlota,Pallares,44646
44647,805457933,Javiera,Espinosa,44647
44648,408419112,Aurelia,Sainz,44648
44649,391332829,Ainara,Ballesteros,44649
44650,319876506,Diego,Rovira,44650
44651,951592155,Candelario,Pombo,44651
44652,544404546,Emilia,Canton,44652
44653,129554823,Hilda,Pou,44653
44654,404714497,Carmelo,Moya,44654
44655,828834711,Evelia,Santiago,44655
44656,420376831,Miguel Angel,Pons,44656
44657,659895210,Diego,Acedo,44657
44658,914774187,Chelo,Codina,44658
44659,984546761,Marta,Perea,44659
44660,964148390,Gilberto,Gallo,44660
44661,417791448,Ainara,Lluch,44661
44662,666102381,Omar,Jaume,44662
44663,802436556,Graciano,Porta,44663
44664,238481216,Reina,Ugarte,44664
44665,626161182,Manuel,Figueroa,44665
44666,368033202,Natanael,Lago,44666
44667,232151382,Andres Felipe,Balaguer,44667
44668,613985134,Goyo,Bosch,44668
44669,609116190,Jose Manuel,Grande,44669
44670,604766440,Manuel,Coello,44670
44671,388595389,Teofila,Ayala,44671
44672,501565701,Marianela,Verdugo,44672
44673,712495821,Juan Jose,Trujillo,44673
44674,396122488,Luis,Tormo,44674
44675,541277279,Anselmo,Toledo,44675
44676,132074580,Luis,Ruiz,44676
44677,635907692,Marina,Valero,44677
44678,572028399,Curro,Saenz,44678
44679,651240088,Teodora,Pomares,44679
44680,404455407,Felicidad,Riera,44680
44681,712083782,Nadia,Bustamante,44681
44682,164071319,Sebastian,Madrid,44682
44683,275789710,Natalio,Barroso,44683
44684,756081258,Tamara,Borrego,44684
44685,144017598,Crescencia,Riquelme,44685
44686,389843997,Lourdes,Nicolau,44686
44687,668254451,Calixto,Avila,44687
44688,890479075,Charo,Castell,44688
44689,184198210,Diego,Pastor,44689
44690,409844053,Clarisa,Cifuentes,44690
44691,979319588,Leon,Rios,44691
44692,886400427,Erasmo,Cepeda,44692
44693,599545154,Amancio,Barragan,44693
44694,760702779,Samu,Adadia,44694
44695,937746987,Reinaldo,Vina,44695
44696,120847835,Perla,Fajardo,44696
44697,401548128,Samuel,Caballero,44697
44698,413003617,Javi,Ledesma,44698
44699,647017972,Jose Ignacio,Lobo,44699
44700,272343198,Maximiliano,Canizares,44700
44701,293474577,Pedro,Fabra,44701
44702,597897793,Espiridion,Ferrando,44702
44703,982687688,Bernardo,Torres,44703
44704,133541630,Vera,Vargas,44704
44705,765634993,Abilio,Villalonga,44705
44706,403693840,Macaria,Font,44706
44707,423009658,Fernanda,Capdevila,44707
44708,639828065,Consuelo,Castello,44708
44709,245154778,Dan,Dominguez,44709
44710,827547144,Esteban,Mugica,44710
44711,676058083,Ciro,Chico,44711
44712,103120524,Moreno,Abad,44712
44713,225039714,Guadalupe,Andrade,44713
44714,216829200,Florencio,Pedrero,44714
44715,622427348,Edu,Adadia,44715
44716,301001068,Hortensia,Gutierrez,44716
44717,958951886,Fulgencio,Domingo,44717
44718,226617344,Felipe,Alberola,44718
44719,487865220,Brunilda,Anguita,44719
44720,340058915,Ciriaco,Ballesteros,44720
44721,854127010,Dario,Morcillo,44721
44722,829480205,Arcelia,Segovia,44722
44723,993425068,Goyo,Rebollo,44723
44724,478345521,Felicia,Simo,44724
44725,139767017,Lucila,Vargas,44725
44726,828774387,Ester,Cisneros,44726
44727,923176057,Eleuterio,Tejedor,44727
44728,464738036,Maria Jesus,Alcala,44728
44729,209320571,Ximena,Larranaga,44729
44730,638804628,Macario,Parra,44730
44731,542550868,Ramiro,Llanos,44731
44732,790623911,Apolinar,Infante,44732
44733,765334366,Florencia,Pozuelo,44733
44734,425711458,Fidela,Ribas,44734
44735,267715959,Leoncio,Ramon,44735
44736,375546892,Andrea,Machado,44736
44737,458671825,Juan Jose,Vila,44737
44738,847299679,Augusto,Manzano,44738
44739,928705336,Noemi,Valenciano,44739
44740,116586870,Aura,Poza,44740
44741,667880914,Berto,Zaragoza,44741
44742,983696938,Reynaldo,Angel,44742
44743,874950909,Sarita,Bermudez,44743
44744,500885989,Nazaret,Juarez,44744
44745,357607555,Eladio,Marco,44745
44746,502692590,Eliana,Fiol,44746
44747,176163745,Maria Teresa,Carro,44747
44748,835786657,Jose Carlos,Nogues,44748
44749,134628823,Kike,Cerezo,44749
44750,597211060,Cecilia,Armengol,44750
44751,330719050,Caridad,Rosa,44751
44752,393296767,Lourdes,Barranco,44752
44753,444904149,Fausto,Martinez,44753
44754,872912089,Amelia,Salva,44754
44755,682470633,Maricela,Zamora,44755
44756,451794779,Lazaro,Cabanas,44756
44757,160173398,Concepcion,Izaguirre,44757
44758,848026455,Teodosio,Paz,44758
44759,296348563,Adelia,Gutierrez,44759
44760,821278672,Curro,Marques,44760
44761,748467877,Esperanza,Caceres,44761
44762,584178961,Nilo,Fiol,44762
44763,478707289,Morena,Torralba,44763
44764,225785855,Anna,Duarte,44764
44765,828589348,Rufina,Tome,44765
44766,209052193,Iris,Paez,44766
44767,573566242,Calisto,Seco,44767
44768,295678567,Albert,Nevado,44768
44769,873686027,Alondra,Espejo,44769
44770,434805995,Danilo,Carreras,44770
44771,906769158,Pilar,Higueras,44771
44772,326585877,Enrique,Criado,44772
44773,614109714,Sigfrido,Giralt,44773
44774,296502077,Merche,Cervera,44774
44775,124181540,Galo,Navarrete,44775
44776,384632088,Roberta,Barriga,44776
44777,123738546,Joel,Pedrero,44777
44778,652754771,Jose Maria,Cuenca,44778
44779,514330223,Natividad,Perea,44779
44780,803439021,Carina,Guardiola,44780
44781,541125717,Gabino,Torres,44781
44782,413244583,Jenaro,Portillo,44782
44783,205246977,Candida,Gilabert,44783
44784,347155258,Ingrid,Verdugo,44784
44785,960929594,Bernarda,Bru,44785
44786,978323056,Jeremias,Cazorla,44786
44787,396441646,Ursula,Cortes,44787
44788,753453771,Clotilde,Pallares,44788
44789,368614720,Violeta,Lamas,44789
44790,943624261,Magdalena,Arrieta,44790
44791,840798726,Lupe,Martin,44791
44792,241802557,Joaquina,Cuenca,44792
44793,816018214,Leire,Zaragoza,44793
44794,678600954,Nayara,Galvan,44794
44795,806980149,Ruben,Tena,44795
44796,727626425,Lidia,Morante,44796
44797,459833850,Alejo,Lillo,44797
44798,416370260,Rene,Ibanez,44798
44799,686739644,Fabiana,Quiros,44799
44800,254100153,Marc,Marques,44800
44801,237448779,Toni,Santamaria,44801
44802,384620053,Begona,Baena,44802
44803,764248878,Encarnacion,Calvo,44803
44804,243882786,Alcides,Almagro,44804
44805,942959479,Consuela,Bastida,44805
44806,958185262,Rufina,Soler,44806
44807,304527056,Florentina,Vilar,44807
44808,649153424,Jose Manuel,Soriano,44808
44809,762822942,Zacarias,Ortuno,44809
44810,798424487,Primitivo,Leiva,44810
44811,430395646,Rodrigo,Parra,44811
44812,191486885,Susanita,Bartolome,44812
44813,593261031,Bernabe,Parejo,44813
44814,392530448,Edelmira,Elorza,44814
44815,506556276,Francisco Javier,Suarez,44815
44816,700803850,Pascual,Girona,44816
44817,730698526,Ovidio,Puig,44817
44818,551498723,Alma,Rodriguez,44818
44819,130030146,Maria,Carbonell,44819
44820,318733412,Omar,Pintor,44820
44821,908696263,Petrona,Donaire,44821
44822,984633040,Nilo,Benito,44822
44823,778488690,Ascension,Goni,44823
44824,817993200,Candido,Arroyo,44824
44825,605611579,Gilberto,Ordonez,44825
44826,416460048,Rodrigo,Valderrama,44826
44827,852877889,Iban,Corral,44827
44828,320326867,Teresita,Tamayo,44828
44829,303131594,Ruben,Pelayo,44829
44830,690268590,Atilio,Costa,44830
44831,787928829,Elena,Vilaplana,44831
44832,702249200,Benigna,Cabello,44832
44833,343071198,Paulina,Valera,44833
44834,291488887,Pablo,Herrera,44834
44835,379917266,Monica,Rey,44835
44836,346338421,Dionisia,Urrutia,44836
44837,121471529,Nico,Oller,44837
44838,572904254,Galo,Barrio,44838
44839,527516895,Alcides,Gimeno,44839
44840,809997069,Zaida,Rey,44840
44841,912700966,Vera,Ferrera,44841
44842,432620989,Chita,Duarte,44842
44843,229958519,Fabiana,Roldan,44843
44844,587868559,Carmela,Marmol,44844
44845,915348475,Maximiliano,Clavero,44845
44846,534990499,Juanito,Gargallo,44846
44847,498062564,Clemente,Barrios,44847
44848,243077420,Isaac,Murcia,44848
44849,104158775,Jordan,Hurtado,44849
44850,986612442,Elena,Carbonell,44850
44851,704337876,Graciana,Botella,44851
44852,264584434,Carlito,Feijoo,44852
44853,478952983,Severo,Fortuny,44853
44854,838270564,Curro,Laguna,44854
44855,859707173,Ana,Bosch,44855
44856,578464407,Cruz,Cornejo,44856
44857,604206425,Fulgencio,Garay,44857
44858,970789501,Alexandra,Larranaga,44858
44859,829253288,Che,Cabezas,44859
44860,394254289,Paola,Rozas,44860
44861,281528138,Luz,Barranco,44861
44862,937634376,Sergio,Torre,44862
44863,616014869,Perlita,Alberdi,44863
44864,595942762,Mohamed,Cerdan,44864
44865,315977562,Luis Angel,Aragones,44865
44866,118051182,Marino,Soto,44866
44867,594878155,Mario,Avila,44867
44868,535159309,Berta,Buendia,44868
44869,367106332,Ariadna,Hoz,44869
44870,700045035,Andrea,Banos,44870
44871,252789044,Lupe,Carballo,44871
44872,866504214,Nydia,Baeza,44872
44873,983000066,Ale,Pinol,44873
44874,527256212,Mireia,Maza,44874
44875,807967712,Cintia,Pacheco,44875
44876,577597572,Marcos,Berenguer,44876
44877,875098502,Salud,Bravo,44877
44878,607206871,Ignacia,Coca,44878
44879,449840237,Consuela,Millan,44879
44880,905434645,Isa,Serra,44880
44881,891600432,Herminia,Guzman,44881
44882,631697062,Eligia,Camino,44882
44883,388412342,Chuy,Bilbao,44883
44884,977558508,Alejandra,Noriega,44884
44885,653476951,Vera,Vazquez,44885
44886,549088230,Julian,Iniguez,44886
44887,200511240,Maximiano,Gallego,44887
44888,278628056,Constanza,Miranda,44888
44889,867324681,Victor,Santana,44889
44890,486965376,Yolanda,Benavides,44890
44891,981994433,Jose Manuel,Botella,44891
44892,346198144,Anabel,Cueto,44892
44893,325355183,Blas,Chacon,44893
44894,678227421,Africa,Olivera,44894
44895,219890034,Leon,Terron,44895
44896,980332104,Leonel,Gutierrez,44896
44897,834591312,Manu,Caparros,44897
44898,448275164,Abraham,Verdugo,44898
44899,524984833,Emilia,Aroca,44899
44900,106372737,Dalila,Barroso,44900
44901,474100182,Clementina,Rosa,44901
44902,665280143,Alex,Iniguez,44902
44903,316320888,Jacinto,Sainz,44903
44904,634042911,Calixta,Cordoba,44904
44905,955296760,Rene,Fajardo,44905
44906,254891943,Marcio,Haro,44906
44907,355455116,Fermin,Valderrama,44907
44908,144215890,Rita,Morillo,44908
44909,451246958,Ramona,Montes,44909
44910,270382568,Heraclio,Roma,44910
44911,508452369,Zacarias,Tello,44911
44912,374565704,Pascual,Nunez,44912
44913,804874996,Ligia,Galan,44913
44914,668971452,Sara,Villegas,44914
44915,727770220,Marco,Espejo,44915
44916,502850999,Esteban,Huerta,44916
44917,151546468,Sergio,Plaza,44917
44918,680530769,Flavia,Revilla,44918
44919,898021583,Consuelo,Pazos,44919
44920,732989702,Ildefonso,Cortes,44920
44921,193378063,Jovita,Cervera,44921
44922,444549779,Isabela,Blanco,44922
44923,567513508,Ani,Iriarte,44923
44924,847428721,Ileana,Montoya,44924
44925,161350686,Amor,Morillo,44925
44926,211365116,Josue,Vargas,44926
44927,236112989,Cirino,Morera,44927
44928,641300832,Pascual,Alsina,44928
44929,352112592,Sofia,Garay,44929
44930,773294478,Fulgencio,Urena,44930
44931,224134091,Nicanor,Ramon,44931
44932,980031017,Fermin,Rovira,44932
44933,884575570,Lino,Montes,44933
44934,528611249,Dani,Santana,44934
44935,556891475,Amparo,Angel,44935
44936,661144553,Maria Jose,Velez,44936
44937,819021901,Gabriel,Porcel,44937
44938,289782688,Melisa,Buendia,44938
44939,754702313,Rico,Catala,44939
44940,175384538,Juanito,Ferreras,44940
44941,262540633,Eligia,Luz,44941
44942,793682357,Cristina,Goicoechea,44942
44943,524522103,Apolonia,Llobet,44943
44944,476594306,Iker,Escalona,44944
44945,774095880,Alejo,Losada,44945
44946,850674655,Ricarda,Cantero,44946
44947,924033344,Maribel,Corominas,44947
44948,307436047,Amor,Rueda,44948
44949,157246660,Fausto,Galindo,44949
44950,699531678,Oriana,Garate,44950
44951,100930326,Segismundo,Folch,44951
44952,780166189,Isaac,Hervas,44952
44953,774423106,Erasmo,Mateos,44953
44954,951101391,Isaura,Cazorla,44954
44955,887731785,Leocadio,Tenorio,44955
44956,989015690,Apolinar,Valderrama,44956
44957,604368604,Lucio,Jorda,44957
44958,746466381,Belen,Valenciano,44958
44959,179452559,Reyes,Campillo,44959
44960,271701124,Maribel,Vargas,44960
44961,479497314,Genoveva,Oliver,44961
44962,621689175,Danilo,Huguet,44962
44963,788554097,Felicia,Rico,44963
44964,102398536,Raquel,Iglesias,44964
44965,632134503,Chus,Novoa,44965
44966,344007032,Jesus,Llobet,44966
44967,736101497,Camilo,Castells,44967
44968,106270096,Eugenio,Quiros,44968
44969,540193345,Fabricio,Higueras,44969
44970,583616479,Jose Manuel,Velazquez,44970
44971,122645772,Marcelo,Canete,44971
44972,907653099,Alcides,Blanch,44972
44973,876797705,Francisco Jose,Vaquero,44973
44974,667533755,Ana Belen,Ribera,44974
44975,242812699,Tono,Garate,44975
44976,644246069,Gervasio,Marti,44976
44977,316024084,Margarita,Rosales,44977
44978,568661951,Nydia,Fiol,44978
44979,922508488,Daniel,Donaire,44979
44980,196857869,Edgardo,Sainz,44980
44981,609116763,Valero,Ortega,44981
44982,232852148,Herberto,Querol,44982
44983,818007070,Amador,Gonzalez,44983
44984,138489824,Ale,Iglesias,44984
44985,175282350,Marita,Barbera,44985
44986,752378303,Aroa,Enriquez,44986
44987,661399707,Victor Manuel,Garay,44987
44988,211358762,Constanza,Fiol,44988
44989,211918714,Ignacia,Bautista,44989
44990,447303282,Maria Belen,Zurita,44990
44991,720546549,Efrain,Quintero,44991
44992,265150198,Maribel,Abascal,44992
44993,576615148,Rebeca,Catalan,44993
44994,882152597,Noelia,Nunez,44994
44995,341414904,Isabela,Carrillo,44995
44996,139875868,Dimas,Alcantara,44996
44997,736815058,Ximena,Aliaga,44997
44998,183343995,Belen,Coloma,44998
44999,851753670,Palmira,Fabregat,44999
45000,191218369,Camila,Ojeda,45000
45001,361690530,Elias,Cazorla,45001
45002,252552931,Miriam,Cantero,45002
45003,792417756,Ignacia,Briones,45003
45004,916946786,Herminio,Montoya,45004
45005,685156528,Luisa,Saez,45005
45006,643769283,Eladio,Roldan,45006
45007,965093374,Rene,Manuel,45007
45008,899913829,Lalo,Valls,45008
45009,956589632,Eusebia,Beltran,45009
45010,364803262,Paola,Blanco,45010
45011,206907539,Adolfo,Vera,45011
45012,882189419,Ariadna,Carvajal,45012
45013,261692926,Curro,Cervantes,45013
45014,732458948,Amor,Moreno,45014
45015,199319154,Socorro,Padilla,45015
45016,692326360,Manuela,Moya,45016
45017,986520076,Adelaida,Montero,45017
45018,530081332,Fabio,Pellicer,45018
45019,589484416,Juan Carlos,Ferrera,45019
45020,527787456,Americo,Tirado,45020
45021,687988133,Maricruz,Palau,45021
45022,864444243,Pacifica,Pol,45022
45023,385216464,Araceli,Cabrero,45023
45024,660704397,Alex,Mateo,45024
45025,177119366,Luciana,Mugica,45025
45026,629399454,Felicia,Mena,45026
45027,572895889,Herminia,Parejo,45027
45028,646374449,Maite,Roldan,45028
45029,763649426,Maribel,Arino,45029
45030,742138799,Arturo,Montserrat,45030
45031,679213167,Godofredo,Saavedra,45031
45032,821704804,Amor,Real,45032
45033,919646257,Adelia,Guillen,45033
45034,309209777,Dorotea,Nino,45034
45035,849535734,Fito,Plana,45035
45036,768765086,Victorino,Bartolome,45036
45037,232283362,Epifanio,Roda,45037
45038,284845363,Prudencio,Batalla,45038
45039,117770982,Sosimo,Sierra,45039
45040,875376169,Almudena,Plaza,45040
45041,852598763,Elisa,Goni,45041
45042,858105933,Ramon,Casanovas,45042
45043,238301275,Reyes,Perez,45043
45044,263373865,Graciana,Bravo,45044
45045,877863692,Ema,Franch,45045
45046,235396480,Miriam,Narvaez,45046
45047,845907742,Toni,Pena,45047
45048,690752885,Romulo,Barreda,45048
45049,574574671,Paulino,Pi,45049
45050,667796142,Carmina,Campoy,45050
45051,831238629,Asdrubal,Cueto,45051
45052,902574667,Almudena,Bernad,45052
45053,249932013,Valentina,Farre,45053
45054,891693250,Paz,Blazquez,45054
45055,626149837,Albina,Vila,45055
45056,505819581,Estrella,Blanco,45056
45057,450392307,Angelica,Reig,45057
45058,313320829,Javier,Nieto,45058
45059,700038402,Diana,Martinez,45059
45060,716869610,Elodia,Pardo,45060
45061,257803450,Telmo,Montesinos,45061
45062,538425247,Mercedes,Vives,45062
45063,392243884,Virgilio,Palomar,45063
45064,181913087,Martirio,Martorell,45064
45065,759824215,Teofilo,Busquets,45065
45066,789678611,Mamen,Martorell,45066
45067,875429969,Ruy,Ferrero,45067
45068,324354202,Mario,Ropero,45068
45069,755864255,Angelica,Ojeda,45069
45070,825732976,Lupita,Vives,45070
45071,622371541,Amor,Munoz,45071
45072,633810507,Guadalupe,Boada,45072
45073,477588489,Rosario,Otero,45073
45074,302250460,Mayte,Robledo,45074
45075,598530718,Victoriano,Buendia,45075
45076,813090485,Fidela,Mascaro,45076
45077,992889305,Paulina,Gordillo,45077
45078,526521914,Emiliana,Tenorio,45078
45079,408716582,Juan Francisco,Anton,45079
45080,517161656,Leandro,Moles,45080
45081,289992617,Maricruz,Cortes,45081
45082,211455584,Marita,Vera,45082
45083,946066777,Clara,Perez,45083
45084,317080653,Adela,Beltran,45084
45085,961209278,Rosendo,Priego,45085
45086,406935244,Ovidio,Echevarria,45086
45087,580436208,Adalberto,Valderrama,45087
45088,165957042,Sergio,Marin,45088
45089,102389547,Jose Manuel,Rueda,45089
45090,364794863,Berto,Vicens,45090
45091,330724705,Maria Jose,Lobo,45091
45092,293425045,Maria Jose,Sabater,45092
45093,969018059,Angelita,Bermejo,45093
45094,285331866,Segismundo,Iglesia,45094
45095,716689478,Luis Miguel,Canales,45095
45096,144327830,Maria Pilar,Benet,45096
45097,526227883,Hipolito,Castello,45097
45098,487550767,Aurelio,Vera,45098
45099,497116110,Aurelio,Mancebo,45099
45100,262951265,Octavio,Hervia,45100
45101,501143833,Purificacion,Padilla,45101
45102,878736792,Raimundo,Olivares,45102
45103,819532277,Maximiliano,Puga,45103
45104,744498295,Macario,Riba,45104
45105,394859221,Dominga,Bru,45105
45106,673534397,Rosalia,Sans,45106
45107,165337243,Gregorio,Gelabert,45107
45108,753841807,Bernardita,Alcolea,45108
45109,590302328,Salud,Muro,45109
45110,122048818,Manuelita,Boix,45110
45111,434954385,Nayara,Minguez,45111
45112,584440956,Sol,Reina,45112
45113,132966656,Julio,Martin,45113
45114,360592013,Sofia,Cruz,45114
45115,945464089,Ingrid,Barbero,45115
45116,191505432,Heliodoro,Vilaplana,45116
45117,190532750,Veronica,Banos,45117
45118,411406686,Silvia,Palma,45118
45119,618850328,Rolando,Zamorano,45119
45120,491042186,Ximena,Sales,45120
45121,211726465,Dani,Pacheco,45121
45122,510881518,Marino,Mugica,45122
45123,590174948,Nilo,Sureda,45123
45124,620494433,Jose Manuel,Alvarado,45124
45125,984665677,Agueda,Quesada,45125
45126,322095641,Jose Angel,Dieguez,45126
45127,934616832,Manolo,Robles,45127
45128,752907291,Ignacia,Calleja,45128
45129,288262194,Felipe,Guijarro,45129
45130,475703602,Pepito,Godoy,45130
45131,910624625,Climaco,Solana,45131
45132,607516783,Toni,Velazquez,45132
45133,150977630,Esperanza,Hurtado,45133
45134,491674660,Imelda,Alvarado,45134
45135,153843119,Juan Pablo,Escriva,45135
45136,579784634,Rosalinda,Arjona,45136
45137,513015780,Azucena,Porras,45137
45138,840507214,Olalla,Garrido,45138
45139,521893444,Lalo,Bru,45139
45140,869107416,Arturo,Campos,45140
45141,137341056,Poncio,Morillo,45141
45142,295468422,Jenny,Tomas,45142
45143,612254508,Virginia,Bernat,45143
45144,580059486,Clarisa,Escribano,45144
45145,973607017,Jacobo,Prada,45145
45146,753523931,Josue,Roman,45146
45147,326173720,Onofre,Ribera,45147
45148,389506684,Lope,Aguilera,45148
45149,120257881,Febe,Galan,45149
45150,222580532,Silvio,Puig,45150
45151,762427168,Jeronimo,Infante,45151
45152,910488199,Raul,Campillo,45152
45153,261930659,Celestino,Mateos,45153
45154,927484012,Herminia,Sobrino,45154
45155,877531896,Albano,Bolanos,45155
45156,937824075,Lidia,Paez,45156
45157,224788666,Odalis,Gil,45157
45158,531079298,Marisela,Alarcon,45158
45159,903988992,Dolores,Menendez,45159
45160,311677971,Ale,Losa,45160
45161,248666064,Marisa,Izaguirre,45161
45162,325265474,Francisco,Duenas,45162
45163,812854319,Raul,Tena,45163
45164,455176011,Genoveva,Mancebo,45164
45165,563248816,Camila,Soria,45165
45166,514668701,Tamara,Santiago,45166
45167,477758790,Florentino,Becerra,45167
45168,811352123,Javier,Barcelo,45168
45169,997903463,Rogelio,Sanabria,45169
45170,115253627,Eusebio,Corominas,45170
45171,949703186,Edelmiro,Pujol,45171
45172,501457248,Manuelita,Fernandez,45172
45173,796554451,Borja,Tejera,45173
45174,271568158,Ligia,Tapia,45174
45175,566036439,Azahara,Ocana,45175
45176,958957745,Santiago,Jaen,45176
45177,522775381,Vidal,Grau,45177
45178,407942305,Benita,Pareja,45178
45179,568040528,Mariana,Cuervo,45179
45180,695483906,Aurelio,Puig,45180
45181,947616489,Cruz,Calleja,45181
45182,172196977,Eva Maria,Ropero,45182
45183,317072538,Camila,Villalobos,45183
45184,213127507,Eulalia,Tormo,45184
45185,836875780,Amada,Arco,45185
45186,405069672,Anibal,Millan,45186
45187,961837692,Julieta,Andres,45187
45188,581357626,Custodia,Barcena,45188
45189,398360849,Nestor,Priego,45189
45190,542319912,Rodolfo,Morante,45190
45191,860958867,Candido,Perello,45191
45192,299524494,Noemi,Davila,45192
45193,178973447,Severino,Blazquez,45193
45194,533550324,Poncio,Bayon,45194
45195,386506183,Maristela,Tome,45195
45196,984536106,Trinidad,Cabrero,45196
45197,651459390,Maximino,Paz,45197
45198,697108277,Vilma,Hurtado,45198
45199,508482366,Carlota,Losa,45199
45200,637413326,Javi,Garrido,45200
45201,627404967,Melchor,Salom,45201
45202,797551615,Maria Cristina,Gaya,45202
45203,581980566,Candida,Alberto,45203
45204,857934332,Sabas,Bernad,45204
45205,182169533,Adelina,Torres,45205
45206,382660950,Juana,Sanmartin,45206
45207,584559102,Sonia,Montana,45207
45208,580396117,Jacobo,Dominguez,45208
45209,459052225,Petrona,Mate,45209
45210,756007007,Lazaro,Mendoza,45210
45211,107158092,Valerio,Gamez,45211
45212,644704995,Baltasar,Pelayo,45212
45213,545983128,Oriana,Pardo,45213
45214,867750449,Baltasar,Lillo,45214
45215,776784171,Paula,Macias,45215
45216,681396424,Reyna,Azorin,45216
45217,269978760,Porfirio,Guardiola,45217
45218,957494446,Ruth,Ros,45218
45219,378104343,Reyna,Fernandez,45219
45220,546244836,Mohamed,Marques,45220
45221,571565852,Maria,Pedrero,45221
45222,614418731,Ismael,Tamayo,45222
45223,896633596,Ignacio,Terron,45223
45224,145004267,Borja,Frias,45224
45225,382044352,Rodrigo,Sosa,45225
45226,936029448,Diego,Terron,45226
45227,672367571,Merche,Izquierdo,45227
45228,427166482,Angelino,Cerda,45228
45229,273179425,Flavia,Ibanez,45229
45230,848290767,Luz,Linares,45230
45231,770818372,Dominga,Baron,45231
45232,643693252,Mauricio,Tena,45232
45233,889221681,Eugenia,Sales,45233
45234,631218769,Kike,Iriarte,45234
45235,801831466,Luciano,Giner,45235
45236,833667442,Hector,Llanos,45236
45237,927319138,Hernando,Fabregas,45237
45238,524383092,Hugo,Granados,45238
45239,571500534,Mariana,Palomar,45239
45240,904882186,Kike,Alegre,45240
45241,872744284,Marina,Bautista,45241
45242,357089382,Plinio,Acero,45242
45243,530038536,Nazaret,Adan,45243
45244,423678824,Jose Carlos,Padilla,45244
45245,731943038,Iban,Bellido,45245
45246,996904432,Celso,Clemente,45246
45247,943259324,Jose Ramon,Nogueira,45247
45248,717579153,Javiera,Recio,45248
45249,360985200,Emilia,Giron,45249
45250,438658467,Martin,Hoz,45250
45251,760597431,Poncio,Casado,45251
45252,175475106,Adalberto,Galindo,45252
45253,777818434,Rosario,Ramirez,45253
45254,310490931,Sosimo,Olivares,45254
45255,517285628,Felipe,Vizcaino,45255
45256,471680672,Benito,Vives,45256
45257,607423543,Severiano,Torrecilla,45257
45258,702059826,Mario,Calleja,45258
45259,259856384,Jose Maria,Leon,45259
45260,876029687,Isaura,Becerra,45260
45261,806233378,Alcides,Jodar,45261
45262,792204937,Jose Carlos,Frutos,45262
45263,770871202,Victor,Guzman,45263
45264,605121923,Ovidio,Tomas,45264
45265,503927753,Donato,Morell,45265
45266,566805537,Hernan,Sanabria,45266
45267,891844672,Anselma,Tolosa,45267
45268,304074567,Angeles,Cerezo,45268
45269,250668467,Amando,Pinedo,45269
45270,141136455,Monica,Acuna,45270
45271,820936337,America,Collado,45271
45272,933596414,Federico,Saenz,45272
45273,621918417,Efrain,Miranda,45273
45274,375267522,Ani,Vicens,45274
45275,183807596,Marta,Collado,45275
45276,915983347,Walter,Quiros,45276
45277,320287685,Rolando,Alemany,45277
45278,896388636,Ezequiel,Pina,45278
45279,412081396,Selena,Plana,45279
45280,255026159,Tamara,Rossello,45280
45281,210120747,Delia,Falco,45281
45282,622850582,Sergio,Amaya,45282
45283,331736935,Perlita,Almeida,45283
45284,287503060,Domitila,Andres,45284
45285,402931847,Olga,Nogues,45285
45286,533093068,Gertrudis,Valbuena,45286
45287,147156806,Lidia,Pascual,45287
45288,574129742,Anita,Garrido,45288
45289,266258321,Tadeo,Bonet,45289
45290,398882662,Otilia,Aguirre,45290
45291,110099531,Quirino,Alamo,45291
45292,845290088,Eusebio,Calderon,45292
45293,330825082,Lino,Vega,45293
45294,619095996,Ezequiel,Borrell,45294
45295,260075358,Evita,Prieto,45295
45296,689590498,Victor,Paredes,45296
45297,119312687,Haydee,Asensio,45297
45298,336659028,Daniel,Jodar,45298
45299,913511689,Juanita,Marin,45299
45300,724289618,Sabas,Terron,45300
45301,393832934,Angelino,Llopis,45301
45302,262267534,Nando,Carrion,45302
45303,166281182,Miguel,Atienza,45303
45304,203175718,Lidia,Rios,45304
45305,649898826,Marita,Amores,45305
45306,258592020,Amelia,Arranz,45306
45307,997815045,Nydia,Peinado,45307
45308,591339074,Carmina,Aguilera,45308
45309,890717941,Kike,Pelaez,45309
45310,747525791,Baldomero,Valentin,45310
45311,973635305,Mauricio,Ramon,45311
45312,457436340,Florencia,Olivares,45312
45313,271584432,Corona,Portero,45313
45314,728687508,Cesar,Cantero,45314
45315,562663662,Regina,Calvo,45315
45316,569298613,Marcelino,Palmer,45316
45317,810470750,Fito,Martinez,45317
45318,764813649,Carmen,Espejo,45318
45319,799476573,Modesto,Vara,45319
45320,935007245,Francisco,Tejera,45320
45321,311637366,Elias,Artigas,45321
45322,673866026,Emigdio,Rosa,45322
45323,108813615,Jose Manuel,Peinado,45323
45324,541236161,Soledad,Boix,45324
45325,492446589,Marcela,Bustamante,45325
45326,793070938,Dafne,Sarmiento,45326
45327,306507148,Susanita,Patino,45327
45328,988003498,Zoraida,Miguel,45328
45329,684839056,Otilia,Casanova,45329
45330,363710187,Gabriela,Gimenez,45330
45331,341343908,Tere,Ponce,45331
45332,987686269,Tecla,Bernad,45332
45333,868229070,Borja,Minguez,45333
45334,394517597,Amada,Ferrer,45334
45335,753212980,Joaquina,Cadenas,45335
45336,340405825,Mohamed,Catalan,45336
45337,847052672,Luis Angel,Rosell,45337
45338,498742635,Olegario,Segui,45338
45339,181856920,Silvestre,Porta,45339
45340,194005617,Patricia,Cuenca,45340
45341,699153837,Anabel,Velez,45341
45342,109415684,Silvio,Figuerola,45342
45343,815364609,Melisa,Espinosa,45343
45344,183355820,Azucena,Minguez,45344
45345,631560848,Victorino,Cid,45345
45346,236383937,Narcisa,Conde,45346
45347,660772493,Imelda,Costa,45347
45348,969462629,Maximiano,Bauza,45348
45349,943303115,Leticia,Gascon,45349
45350,762351628,Isabela,Galvez,45350
45351,789803086,Iris,Yuste,45351
45352,975561188,Sol,Ramos,45352
45353,344555327,Chuy,Vidal,45353
45354,236747436,Octavio,Amor,45354
45355,755268046,Nando,Macias,45355
45356,988249697,Manu,Vara,45356
45357,608988198,Eduardo,Arnau,45357
45358,730719186,Laura,Luz,45358
45359,822910925,Roberto,Ferrando,45359
45360,901285762,Ines,Baena,45360
45361,689861726,Hugo,Valderrama,45361
45362,413072689,Apolinar,Alemany,45362
45363,874518480,Ainara,Alvarez,45363
45364,213275868,Obdulia,Barral,45364
45365,272226121,Joaquina,Caceres,45365
45366,601558869,Armando,Bilbao,45366
45367,675282836,Clementina,Madrid,45367
45368,522999753,Anita,Fuster,45368
45369,978164306,Victoriano,Narvaez,45369
45370,299928482,Cruz,Acuna,45370
45371,186276684,Josefina,Velez,45371
45372,656736286,Felicidad,Navarrete,45372
45373,181236911,Julia,Milla,45373
45374,773949180,Xavier,Yuste,45374
45375,409408396,Maximiliano,Avila,45375
45376,985037673,Alcides,Calvet,45376
45377,105214995,Paz,Boada,45377
45378,787285856,Gema,Giner,45378
45379,223539483,Baltasar,Jaen,45379
45380,701444340,Romulo,Rico,45380
45381,565845806,Julio,Robledo,45381
45382,651247153,Bienvenida,Garay,45382
45383,979079223,Jose Manuel,Corral,45383
45384,413259172,Samuel,Sotelo,45384
45385,483541764,Herminio,Herranz,45385
45386,367448468,Maria Fernanda,Rosales,45386
45387,344005684,Leticia,Blazquez,45387
45388,262914971,Apolonia,Osuna,45388
45389,640330325,Reyna,Balaguer,45389
45390,952629254,Josefina,Puig,45390
45391,829418532,Moreno,Aparicio,45391
45392,741080140,Isidora,Caro,45392
45393,536464462,Ezequiel,Solera,45393
45394,235332046,Sandalio,Palau,45394
45395,539396003,Mariana,Alegre,45395
45396,746066543,Africa,Asensio,45396
45397,730101464,Martin,Fortuny,45397
45398,984737074,Manu,Bolanos,45398
45399,781489218,Herminia,Sarmiento,45399
45400,112220231,Elena,Baez,45400
45401,613029868,Clemente,Paz,45401
45402,973590460,Salvador,Chico,45402
45403,248844816,Eva,Julian,45403
45404,907588019,Almudena,Izaguirre,45404
45405,771803702,Dionisia,Borras,45405
45406,662743684,Olalla,Canovas,45406
45407,852575039,America,Larrea,45407
45408,584655261,Jose Mari,Diez,45408
45409,165098041,Gerardo,Puente,45409
45410,579739666,Jose Francisco,Nadal,45410
45411,228490474,Haroldo,Ribas,45411
45412,694221276,Felipe,Suarez,45412
45413,618002923,Berta,Bayon,45413
45414,696738842,Alicia,Fortuny,45414
45415,130248695,Aranzazu,Gaya,45415
45416,201535137,Maximo,Guardiola,45416
45417,411800918,Aranzazu,Isern,45417
45418,275603830,Irma,Carreno,45418
45419,142206288,Margarita,Arco,45419
45420,163414443,Jose Angel,Catalan,45420
45421,841451279,Borja,Llanos,45421
45422,609456848,Abigail,Puga,45422
45423,875384459,Jafet,Villanueva,45423
45424,616106464,Dorotea,Balaguer,45424
45425,436574533,Serafina,Casals,45425
45426,483475251,Dora,Rios,45426
45427,289390852,Edu,Duran,45427
45428,904227866,Reyna,Carlos,45428
45429,193945626,Josefina,Franco,45429
45430,936410926,Candelario,Abellan,45430
45431,321442083,Gabriela,Galan,45431
45432,423660385,Belen,Garay,45432
45433,466426664,Armida,Perera,45433
45434,804994663,Lucas,Barcelo,45434
45435,106796325,Miguel Angel,Lledo,45435
45436,161349076,Bienvenida,Gisbert,45436
45437,285497329,Marcio,Borrell,45437
45438,503835137,Maria Jose,Busquets,45438
45439,904547814,Leonel,Jurado,45439
45440,352805068,Julian,Tapia,45440
45441,656561397,Patricio,Sanmartin,45441
45442,881206598,Graciana,Arjona,45442
45443,620956317,Severo,Mateo,45443
45444,724834768,Andres,Carvajal,45444
45445,303098335,Dorotea,Figueroa,45445
45446,944276379,Adan,Saavedra,45446
45447,622840668,Rocio,Polo,45447
45448,929706625,Moises,Ochoa,45448
45449,607063428,Sigfrido,Giron,45449
45450,542145018,Andres,Molins,45450
45451,458768560,Jessica,Lasa,45451
45452,999655866,Raquel,Montes,45452
45453,312249341,Angelina,Mayo,45453
45454,724485460,Cayetana,Abellan,45454
45455,752231147,Clara,Arellano,45455
45456,913929577,Luz,Roda,45456
45457,470105154,Nico,Raya,45457
45458,800262332,Chus,Cuenca,45458
45459,801959609,Rosa,Goni,45459
45460,926508299,Emma,Rodriguez,45460
45461,350690659,Jenaro,Castello,45461
45462,369571594,Edelmiro,Marti,45462
45463,985316654,Rita,Cuesta,45463
45464,307215181,Anastasia,Hoz,45464
45465,423998991,Ariel,Mata,45465
45466,457335133,Irma,Marino,45466
45467,915366544,Lucho,Perez,45467
45468,814402725,Francisco Jose,Pol,45468
45469,900717546,Sara,Sobrino,45469
45470,828824637,Isaac,Santiago,45470
45471,680471127,Cruz,Martin,45471
45472,347047725,Obdulia,Moreno,45472
45473,640359733,Micaela,Manrique,45473
45474,985754146,Adelia,Diaz,45474
45475,160049870,Rodrigo,Sabater,45475
45476,775155151,Lina,Marmol,45476
45477,524367186,Albino,Cordero,45477
45478,953747280,Anselmo,Huerta,45478
45479,102250155,Dario,Fernandez,45479
45480,317668477,Gracia,Galan,45480
45481,168701261,Carmen,Abril,45481
45482,431366135,Ligia,Vilalta,45482
45483,194920105,Almudena,Bayona,45483
45484,409501347,Palmira,Rosello,45484
45485,633446917,Bautista,Manrique,45485
45486,762999477,Prudencia,Tellez,45486
45487,379682772,Raul,Franco,45487
45488,750284026,Laura,Solano,45488
45489,854155071,Humberto,Marquez,45489
45490,815452409,Berto,Cuesta,45490
45491,599087814,Duilio,Rivero,45491
45492,343030097,Alejandro,Osorio,45492
45493,392860379,Maximiano,Vilalta,45493
45494,357632000,Selena,Francisco,45494
45495,256514495,Mireia,Sacristan,45495
45496,593617267,Jose Mari,Paniagua,45496
45497,179641879,Ligia,Cozar,45497
45498,143680757,Gracia,Carro,45498
45499,872095615,Melchor,Poza,45499
45500,996481255,Zaida,Chacon,45500
45501,889319454,Guiomar,Villegas,45501
45502,503259738,Juan Carlos,Oller,45502
45503,246145548,Candelaria,Rojas,45503
45504,381734016,Humberto,Mir,45504
45505,824081504,Fabricio,Lorenzo,45505
45506,541858383,Ricardo,Nunez,45506
45507,445148593,Saturnino,Gelabert,45507
45508,503383527,Remigio,Castello,45508
45509,273094536,Adora,Calderon,45509
45510,238281907,Veronica,Tamarit,45510
45511,529976662,Jose Antonio,Arnaiz,45511
45512,773306489,Ivan,Cabo,45512
45513,597767794,Paula,Teruel,45513
45514,540413092,Haroldo,Valencia,45514
45515,145120461,Tomas,Vigil,45515
45516,317007116,Olimpia,Cardona,45516
45517,612107739,Maximiano,Zaragoza,45517
45518,526463585,Benigno,Carro,45518
45519,332146763,Nidia,Lluch,45519
45520,438630597,Paula,Iniguez,45520
45521,456709159,Morena,Vila,45521
45522,341916710,Nicolas,Serra,45522
45523,217950880,Josefa,Vicens,45523
45524,267871434,Maria Manuela,Elias,45524
45525,769762477,Leandra,Portillo,45525
45526,452252512,Consuela,Esteban,45526
45527,729153797,Severiano,Guzman,45527
45528,299334700,Marisol,Olivares,45528
45529,125265684,Diana,Gil,45529
45530,756005863,Gisela,Lopez,45530
45531,769457604,Candelaria,Ramis,45531
45532,643102029,Telmo,Vazquez,45532
45533,222568715,Felipa,Jimenez,45533
45534,296370901,Nando,Velasco,45534
45535,432314483,Priscila,Arnal,45535
45536,107474196,Ignacia,Cozar,45536
45537,768898416,Agustin,Exposito,45537
45538,361203896,Ciriaco,Robles,45538
45539,152783348,Valentina,Abascal,45539
45540,965464156,Alondra,Tejedor,45540
45541,319733490,Erasmo,Llorente,45541
45542,837041706,Fausto,Barreda,45542
45543,523020215,Ana Belen,Marcos,45543
45544,402646292,Isa,Navas,45544
45545,691070755,Pilar,Marti,45545
45546,948044905,Flavio,Francisco,45546
45547,830769224,America,Verdejo,45547
45548,895466433,Amparo,Roman,45548
45549,567516868,Cristian,Lorenzo,45549
45550,265966229,Cruz,Caceres,45550
45551,766437013,Marisela,Gomis,45551
45552,498943496,Rafael,Diaz,45552
45553,975054000,Maximino,Pizarro,45553
45554,322702090,Ainoa,Santana,45554
45555,257109047,Baldomero,Recio,45555
45556,887969680,Luis,Ferrandez,45556
45557,601241935,Lino,Duran,45557
45558,972563025,Jose,Franch,45558
45559,773358214,Hermenegildo,Perello,45559
45560,609011131,Joaquina,Nieto,45560
45561,179704172,Nicodemo,Rosa,45561
45562,418446182,Bernabe,Escamilla,45562
45563,446569093,Lucio,Lago,45563
45564,855556999,Wilfredo,Cerezo,45564
45565,884939332,Lope,Pelayo,45565
45566,331838697,Seve,Taboada,45566
45567,563749047,Obdulia,Pages,45567
45568,745463126,Isidro,Aragones,45568
45569,483016323,Ovidio,Cerdan,45569
45570,448173323,Modesto,Morcillo,45570
45571,561593600,Febe,Carranza,45571
45572,125805836,Rufina,Ramon,45572
45573,994003218,Encarnita,Rey,45573
45574,545969905,Severiano,Torres,45574
45575,852619688,Fabio,Roman,45575
45576,768942692,Bernardo,Valencia,45576
45577,288576225,Juan Pablo,Carrion,45577
45578,518054682,Clotilde,Arcos,45578
45579,334876011,Jorge,Villa,45579
45580,246339103,Julian,Mur,45580
45581,139621276,Leocadia,Sanchez,45581
45582,301370862,Susana,Serra,45582
45583,767461002,Nicolasa,Cuadrado,45583
45584,872097822,Josefina,Morera,45584
45585,806544116,Marianela,Borrell,45585
45586,620529600,Olivia,Galvan,45586
45587,969785879,Elba,Prats,45587
45588,825283285,Alfonso,Gomila,45588
45589,795619813,Tamara,Rivera,45589
45590,868966758,Jennifer,Simo,45590
45591,398978882,Gracia,Solano,45591
45592,341289762,Graciana,Machado,45592
45593,782221026,Pili,Duenas,45593
45594,813059296,Clarisa,Garces,45594
45595,898926550,Miguel,Cardona,45595
45596,448686152,Camila,Macias,45596
45597,713784754,Francisco Jose,Clavero,45597
45598,713364077,Maria Fernanda,Jaume,45598
45599,368843063,Catalina,Bravo,45599
45600,363998494,Belen,Ricart,45600
45601,417286916,Manuel,Guitart,45601
45602,103957203,Aaron,Carbo,45602
45603,989046563,Pascuala,Castillo,45603
45604,851466811,Salomon,Zaragoza,45604
45605,964820900,Mariano,Aguirre,45605
45606,957745733,Gabriel,Rosell,45606
45607,285931165,Gil,Lujan,45607
45608,789569069,Saturnina,Lluch,45608
45609,789375831,Rufino,Vall,45609
45610,208184733,Ileana,Gutierrez,45610
45611,950675386,Jeremias,Cabanas,45611
45612,808258379,Tito,Laguna,45612
45613,319844925,Hector,Porcel,45613
45614,222512369,Ana Sofia,Echevarria,45614
45615,235113211,Gloria,Aller,45615
45616,968595182,Marta,Dominguez,45616
45617,768083592,Jose,Aragones,45617
45618,562091616,Inigo,Muro,45618
45619,879945533,Victor Manuel,Gual,45619
45620,376963570,Anselmo,Alcaraz,45620
45621,366607073,Ramona,Cuenca,45621
45622,313321856,Ivan,Leon,45622
45623,580397142,Gaspar,Carreras,45623
45624,967425713,Buenaventura,Almeida,45624
45625,639121146,Genoveva,Araujo,45625
45626,212494541,Hipolito,Reina,45626
45627,486605003,Jose,Colomer,45627
45628,401205701,Leandro,Bou,45628
45629,999077221,Teofila,Godoy,45629
45630,108820463,Nayara,Sabater,45630
45631,877646980,Maria Cristina,Prada,45631
45632,849670386,Maristela,Hernandez,45632
45633,665114358,Yaiza,Villegas,45633
45634,975166468,Berto,Alegria,45634
45635,941452231,Jenny,Escudero,45635
45636,614348947,Dalila,Torres,45636
45637,620339852,Artemio,Gonzalo,45637
45638,644533738,Octavia,Bonilla,45638
45639,373261778,Sosimo,Jove,45639
45640,597780725,Emperatriz,Alvarez,45640
45641,949638457,Samanta,Alemany,45641
45642,405530641,Graciano,Gallardo,45642
45643,202154224,Federico,Villaverde,45643
45644,630793567,Araceli,Morera,45644
45645,426649869,Silvia,Herrera,45645
45646,868799587,Amor,Bonilla,45646
45647,808708403,Elena,Patino,45647
45648,997606050,Hector,Ribera,45648
45649,187253755,Purificacion,Egea,45649
45650,957558911,Zaida,Roldan,45650
45651,557885485,Arsenio,Martinez,45651
45652,357230650,Africa,Ramis,45652
45653,895438815,Elpidio,Jimenez,45653
45654,270014747,Esperanza,Sarabia,45654
45655,269436854,Panfilo,Tamarit,45655
45656,353969008,Ceferino,Corominas,45656
45657,644697035,Caridad,Lerma,45657
45658,348604384,Joaquin,Hidalgo,45658
45659,717091578,Guadalupe,Albero,45659
45660,664965047,Juan Luis,Gracia,45660
45661,556371560,Cecilia,Mas,45661
45662,190216868,Aitor,Jaen,45662
45663,267335007,Amando,Novoa,45663
45664,787290568,Alexandra,Romeu,45664
45665,100044947,Esmeralda,Blanch,45665
45666,324667544,Severiano,Parra,45666
45667,273157034,Clarisa,Santana,45667
45668,603169480,Otilia,Mayo,45668
45669,197334391,Eusebio,Mancebo,45669
45670,671589776,Alonso,Espejo,45670
45671,724199811,Marcial,Castrillo,45671
45672,238248326,Natalia,Ros,45672
45673,247022295,Hernan,Jover,45673
45674,845323079,Matias,Rozas,45674
45675,190918590,Adan,Cabezas,45675
45676,375914232,Clarisa,Segovia,45676
45677,172585359,Aristides,Barco,45677
45678,958980608,Tomas,Galan,45678
45679,658908997,Anabel,Reguera,45679
45680,977969456,Manolo,Domenech,45680
45681,654342958,Gala,Pont,45681
45682,185429984,Brigida,Cortina,45682
45683,763038806,Olalla,Canovas,45683
45684,696474514,Jose,Nogueira,45684
45685,297082038,Reynaldo,Guzman,45685
45686,394417659,Angelino,Castello,45686
45687,330945090,Angeles,Arce,45687
45688,856168793,Dora,Conesa,45688
45689,721024323,Felipe,Giron,45689
45690,726009508,Jose Antonio,Enriquez,45690
45691,849625389,Heraclio,Folch,45691
45692,221571522,Mercedes,Asensio,45692
45693,683084609,Evangelina,Olive,45693
45694,169457658,Isaac,Infante,45694
45695,733238542,Quirino,Morell,45695
45696,249442921,Efrain,Llano,45696
45697,609066494,Victor Manuel,Bermudez,45697
45698,997982602,Celestina,Casanova,45698
45699,643150719,Dalila,Barragan,45699
45700,428569940,Elisa,Arrieta,45700
45701,552335516,Horacio,Bermudez,45701
45702,635003527,Regina,Castell,45702
45703,393474674,Lucio,Hurtado,45703
45704,959435069,Flavia,Falco,45704
45705,829105967,Eladio,Moreno,45705
45706,520219036,Pilar,Pastor,45706
45707,207635531,Demetrio,Alfonso,45707
45708,358315472,Samuel,Arco,45708
45709,886200031,Elba,Estrada,45709
45710,882873896,Gregorio,Zorrilla,45710
45711,218529719,Anastasio,Mayoral,45711
45712,315809722,Heriberto,Rincon,45712
45713,809018212,Sol,Julian,45713
45714,751320754,Balduino,Capdevila,45714
45715,625012878,Cristian,Mata,45715
45716,993697913,Godofredo,Bustos,45716
45717,915492832,Aristides,Saldana,45717
45718,191219510,Rosa,Ripoll,45718
45719,557499004,Rebeca,Calzada,45719
45720,450187582,Ursula,Sanchez,45720
45721,358849825,Leire,Mena,45721
45722,936922355,Benigno,Amigo,45722
45723,875972799,Lupita,Blanca,45723
45724,480973569,Maria Manuela,Valverde,45724
45725,725596037,Americo,Leal,45725
45726,522326113,Alonso,Iborra,45726
45727,938095446,Joan,Alemany,45727
45728,912365609,Marisa,Larranaga,45728
45729,123743966,Toribio,Torralba,45729
45730,193545020,Dario,Cobo,45730
45731,842935243,Joel,Barros,45731
45732,767314386,Tecla,Ugarte,45732
45733,714243547,Rafael,Alcantara,45733
45734,852850538,Jimena,Blazquez,45734
45735,780217242,Leon,Hervas,45735
45736,867404563,Bienvenida,Lobato,45736
45737,834319124,Gilberto,Mari,45737
45738,721255608,Felipe,Carbo,45738
45739,848123901,Juana,Ponce,45739
45740,425482644,Angelino,Mendizabal,45740
45741,717898568,Noa,Flores,45741
45742,799744582,Gaspar,Segura,45742
45743,195631774,Gil,Valencia,45743
45744,702950328,Corona,Dalmau,45744
45745,534313228,Vinicio,Godoy,45745
45746,726885980,Aurelia,Cerdan,45746
45747,376055600,Desiderio,Pazos,45747
45748,204617280,Felipe,Palacios,45748
45749,555123995,Emilia,Font,45749
45750,636140744,Charo,Figueras,45750
45751,647856084,Che,Salazar,45751
45752,960491345,Adoracion,Casanova,45752
45753,703284819,Rosa Maria,Quintanilla,45753
45754,674016743,Balduino,Campos,45754
45755,217031827,Purificacion,Pla,45755
45756,755585424,Goyo,Tudela,45756
45757,137518910,Joel,Valls,45757
45758,113784344,Marisela,Aliaga,45758
45759,388020312,Carlos,Ortuno,45759
45760,471332933,Josue,Puente,45760
45761,828039072,Martin,Moran,45761
45762,218306095,Charo,Navarro,45762
45763,927804522,Aitor,Muniz,45763
45764,758992010,Aranzazu,Hurtado,45764
45765,754029635,German,Casanovas,45765
45766,252025047,Fidel,Agusti,45766
45767,595823687,Angelino,Segui,45767
45768,751495402,Aitana,Alberola,45768
45769,554150068,Guillermo,Carrion,45769
45770,158946644,Noelia,Roura,45770
45771,489225577,Glauco,Arellano,45771
45772,962314333,Nilda,Mari,45772
45773,150465489,Pia,Ramis,45773
45774,309504692,Leon,Alvarez,45774
45775,624187860,Teobaldo,Alcaraz,45775
45776,749822904,Silvio,Hernandez,45776
45777,862676866,Carmen,Paez,45777
45778,945080252,Manola,Marcos,45778
45779,204565098,Brigida,Arnaiz,45779
45780,118746169,Leoncio,Lucas,45780
45781,967613349,Febe,Gisbert,45781
45782,523023971,Josefina,Alcala,45782
45783,860922932,Casemiro,Vicente,45783
45784,290058088,Angelica,Pons,45784
45785,550257222,Plinio,Rojas,45785
45786,271336351,Lidia,Palma,45786
45787,603937009,Rocio,Munoz,45787
45788,596533301,Corona,Iriarte,45788
45789,187420130,Lupita,Caceres,45789
45790,758482523,Cloe,Valencia,45790
45791,652075465,Maribel,Casado,45791
45792,681461460,Selena,Bravo,45792
45793,983146397,Aitana,Gamez,45793
45794,102780097,Maxi,Yanez,45794
45795,898534439,Nicolasa,Fortuny,45795
45796,224962119,Sarita,Buendia,45796
45797,598316657,Martin,Vina,45797
45798,662161659,Maximino,Pablo,45798
45799,187989450,Rosalia,Ibanez,45799
45800,577753453,Severino,Anglada,45800
45801,881537468,Alondra,Ordonez,45801
45802,331414222,Bienvenida,Mulet,45802
45803,320692433,Luz,Rius,45803
45804,821615137,Felix,Mayoral,45804
45805,220142601,Eusebia,Arnal,45805
45806,994276963,Daniela,Vilaplana,45806
45807,730440095,Teodora,Barbera,45807
45808,579373211,Encarnacion,Terron,45808
45809,853285391,Ruy,Castaneda,45809
45810,775662316,Eduardo,Mascaro,45810
45811,693972730,Charo,Botella,45811
45812,289270508,Loreto,Canals,45812
45813,113677095,Ramona,Cuevas,45813
45814,359455645,Gema,Salmeron,45814
45815,352329038,Alonso,Rojas,45815
45816,441899369,Felix,Castaneda,45816
45817,297737751,Tatiana,Burgos,45817
45818,318167909,Esperanza,Sans,45818
45819,720343195,Baltasar,Nogueira,45819
45820,713139729,Fulgencio,Gilabert,45820
45821,409279216,Adelardo,Monreal,45821
45822,283670705,Belen,Prada,45822
45823,734895957,Claudio,Salva,45823
45824,111860451,Dafne,Soto,45824
45825,225654191,Emilia,Alcaraz,45825
45826,482723153,Rosalinda,Crespo,45826
45827,492203638,Julio,Vargas,45827
45828,220099173,Perla,Sanchez,45828
45829,777949572,Clementina,Carreno,45829
45830,722744615,Guiomar,Pizarro,45830
45831,313070571,Evaristo,Alba,45831
45832,862617455,Joaquina,Balaguer,45832
45833,790258795,Gracia,Carro,45833
45834,801325206,Gloria,Armengol,45834
45835,185808072,Jenny,Armengol,45835
45836,292765323,Eulalia,Polo,45836
45837,734498203,Gisela,Molina,45837
45838,182189970,Armando,Delgado,45838
45839,180811863,Primitivo,Serrano,45839
45840,916131524,Miguela,Almazan,45840
45841,105797707,Delfina,Terron,45841
45842,868631035,Candida,Mancebo,45842
45843,295217279,Matias,Navarrete,45843
45844,910149967,Imelda,Prado,45844
45845,671222040,Ramona,Costa,45845
45846,771968352,Apolonia,Zaragoza,45846
45847,802919428,Vilma,Aranda,45847
45848,987278167,Seve,Puig,45848
45849,257476066,Casemiro,Escamilla,45849
45850,314323130,Rafaela,Valenciano,45850
45851,476003179,Amaro,Lopez,45851
45852,729425689,Iker,Jimenez,45852
45853,193707981,Godofredo,Lasa,45853
45854,150810768,Delia,Nunez,45854
45855,988989536,Modesto,Borja,45855
45856,550568884,Porfirio,Lloret,45856
45857,347329124,Eugenio,Villalonga,45857
45858,535259603,Vicenta,Donoso,45858
45859,847764230,Victor Manuel,Carrillo,45859
45860,631771932,Alcides,Pallares,45860
45861,274803408,Nelida,Verdejo,45861
45862,161336778,Eliseo,Rebollo,45862
45863,230777838,Alonso,Morata,45863
45864,422654080,Yaiza,Valcarcel,45864
45865,168922690,Victorino,Fernandez,45865
45866,795307364,Amor,Haro,45866
45867,523900013,Josue,Porras,45867
45868,844014027,Dora,Nunez,45868
45869,143280711,Joan,Anaya,45869
45870,103838497,Teofila,Anaya,45870
45871,554381299,Mamen,Llanos,45871
45872,768727149,Asdrubal,Verdu,45872
45873,116117498,Eugenia,Portero,45873
45874,431262168,Primitivo,Boix,45874
45875,512954467,Jose Mari,Barranco,45875
45876,105428011,Silvio,Velazquez,45876
45877,295520881,Ximena,Piquer,45877
45878,620794874,Pastora,Armas,45878
45879,450636502,Fabiana,Campos,45879
45880,607090592,Wilfredo,Penas,45880
45881,998335375,Visitacion,Salamanca,45881
45882,717300991,Maximiano,Aramburu,45882
45883,848150915,Clemente,Soriano,45883
45884,457285596,Azeneth,Iborra,45884
45885,575700075,Josefina,Girona,45885
45886,186542509,Ivan,Pelayo,45886
45887,385437017,Teodosio,Landa,45887
45888,944935106,Debora,Rebollo,45888
45889,596997614,Maxi,Lloret,45889
45890,160256675,Ulises,Viana,45890
45891,608502773,Cruz,Simo,45891
45892,793562612,Regina,Tirado,45892
45893,709605899,Nilda,Gaya,45893
45894,724154527,Rolando,Alcantara,45894
45895,339112322,Carmelita,Pons,45895
45896,156735701,Prudencia,Torrijos,45896
45897,364137032,Mario,Santiago,45897
45898,434271109,Dorita,Armas,45898
45899,105718952,Nicanor,Solano,45899
45900,109258305,Ana Belen,Taboada,45900
45901,782340205,Gervasio,Fiol,45901
45902,208473377,Fernanda,Marin,45902
45903,478910579,Omar,Pi,45903
45904,117628897,Eusebio,Plana,45904
45905,991137229,Maria Teresa,Calzada,45905
45906,849993185,Nuria,Sevillano,45906
45907,138190432,Alonso,Zorrilla,45907
45908,182458057,Marita,Marquez,45908
45909,872713923,Maria Del Carmen,Ariza,45909
45910,461422482,Tito,Miranda,45910
45911,264552760,Marino,Barranco,45911
45912,920881006,Amaro,Mesa,45912
45913,696577560,Pelayo,Prat,45913
45914,885676258,Herberto,Soriano,45914
45915,444671546,Abel,Manso,45915
45916,196523185,Rodolfo,Moreno,45916
45917,681572750,Federico,Frutos,45917
45918,375802067,Pacifica,Cervera,45918
45919,562578769,Zacarias,Saez,45919
45920,250434570,Teobaldo,Plana,45920
45921,669252552,Gisela,Solera,45921
45922,987311935,Coral,Becerra,45922
45923,565094596,Ines,Tolosa,45923
45924,686414262,Julieta,Canton,45924
45925,241509813,Carlos,Barreda,45925
45926,469250452,Maria Angeles,Santamaria,45926
45927,571159254,Sabas,Garriga,45927
45928,610873192,Maricruz,Flor,45928
45929,373901912,Consuelo,Naranjo,45929
45930,104486312,Jordana,Exposito,45930
45931,356573854,Paola,Busquets,45931
45932,548146783,Ambrosio,Rossello,45932
45933,736350604,Adora,Sanmartin,45933
45934,959438118,Candelario,Escribano,45934
45935,761088186,Jafet,Marti,45935
45936,601512354,Leocadia,Ramis,45936
45937,606988097,Elvira,Soler,45937
45938,435656587,Venceslas,Lozano,45938
45939,744460500,Judith,Busquets,45939
45940,763529439,Milagros,Amigo,45940
45941,591248661,Vicente,Navarro,45941
45942,341105917,Dalila,Penalver,45942
45943,303911071,Raul,Lucena,45943
45944,837036595,Nico,Penas,45944
45945,826461740,Americo,Pombo,45945
45946,655610615,Agustina,Belmonte,45946
45947,382868096,Gema,Calzada,45947
45948,656010162,Aranzazu,Velazquez,45948
45949,983321540,Marta,Espinosa,45949
45950,653057908,Santiago,Gras,45950
45951,150602742,Delia,Gimenez,45951
45952,833768367,Gertrudis,Zamorano,45952
45953,358676268,Emiliana,Catalan,45953
45954,757180184,Lisandro,Calzada,45954
45955,808135359,Maxi,Tomas,45955
45956,817321601,Dani,Collado,45956
45957,812345241,Serafina,Casal,45957
45958,239759639,Candelario,Mayoral,45958
45959,557738130,Alexandra,Andres,45959
45960,319051695,Rosa,Castellanos,45960
45961,242808270,Demetrio,Dominguez,45961
45962,361847632,Marino,Jordan,45962
45963,844785165,Chus,Paniagua,45963
45964,313140516,Rafael,Medina,45964
45965,981756499,Enrique,Bartolome,45965
45966,930300935,Severiano,Ramon,45966
45967,393213636,Edelmiro,Bru,45967
45968,309746521,Hector,Peinado,45968
45969,498116977,Teodora,Matas,45969
45970,475495871,Eugenio,Penalver,45970
45971,882048697,Dionisio,Vilanova,45971
45972,323264626,Maria Teresa,Agustin,45972
45973,546233384,Arturo,Palma,45973
45974,633902808,Erasmo,Gomis,45974
45975,795453870,Sandra,Sevillano,45975
45976,805655073,Alicia,Abril,45976
45977,678749023,Gala,Quintana,45977
45978,632186509,Pelayo,Espada,45978
45979,419203206,Delia,Espanol,45979
45980,291845629,Tadeo,Alberdi,45980
45981,757695536,Salome,Mayoral,45981
45982,885455991,Paca,Benavent,45982
45983,945588018,Amilcar,Carretero,45983
45984,233390665,Ambar,Aleman,45984
45985,950926546,Nicodemo,Zorrilla,45985
45986,814125188,Narcisa,Aguilo,45986
45987,879259151,Porfirio,Uria,45987
45988,870649159,Juanita,Polo,45988
45989,965414660,Mohamed,Lobo,45989
45990,705588728,Rafaela,Huerta,45990
45991,173450441,Joaquin,Aguilar,45991
45992,491075830,Maxima,Mariscal,45992
45993,387325981,Haroldo,Hervas,45993
45994,151804576,Godofredo,Marques,45994
45995,985159126,Emperatriz,Heredia,45995
45996,598767387,Valerio,Alcaraz,45996
45997,288885073,Rufina,Pacheco,45997
45998,808071534,Francisca,Gracia,45998
45999,349613388,Chema,Ochoa,45999
46000,556712888,Edelmiro,Morata,46000
46001,474444454,Adelia,Espinosa,46001
46002,376015811,Adelaida,Bonilla,46002
46003,407078840,Calista,Sancho,46003
46004,421255000,Lucila,Gutierrez,46004
46005,102437889,Buenaventura,Melero,46005
46006,715098460,Jose,Ugarte,46006
46007,377807580,Isidoro,Pinedo,46007
46008,747137827,Flora,Bello,46008
46009,599588342,Caridad,Borras,46009
46010,254586293,Guadalupe,Cabeza,46010
46011,890215316,Eduardo,Gascon,46011
46012,362890890,Saturnino,Quevedo,46012
46013,868045394,Dimas,Cepeda,46013
46014,968757633,Viviana,Reguera,46014
46015,282008990,Gema,Guzman,46015
46016,805663246,Alondra,Fuentes,46016
46017,956644347,Anna,Dieguez,46017
46018,370501077,Amparo,Mayol,46018
46019,165551928,Danilo,Segura,46019
46020,871055408,Itziar,Fabregas,46020
46021,536458643,Rolando,Hierro,46021
46022,295759117,Anita,Menendez,46022
46023,848601635,Concepcion,Tamarit,46023
46024,170298306,Margarita,Lerma,46024
46025,336761526,Valeria,Porras,46025
46026,357033249,Rosario,Dieguez,46026
46027,302644719,Ulises,Morata,46027
46028,141956234,Otilia,Montoya,46028
46029,427272860,Delia,Riera,46029
46030,155485661,Teresa,Arroyo,46030
46031,131660165,Fausto,Camino,46031
46032,249836230,Amanda,Parra,46032
46033,455719520,Sara,Arco,46033
46034,349392078,Fernando,Jurado,46034
46035,931430444,Leopoldo,Giralt,46035
46036,548007703,Maximino,Mosquera,46036
46037,243678482,Adelina,Vidal,46037
46038,125974061,Ariel,Patino,46038
46039,347947613,Ximena,Bolanos,46039
46040,546345205,Laura,Llano,46040
46041,606886474,Jose Maria,Castrillo,46041
46042,693745415,Flora,Valero,46042
46043,970359347,Dalila,Jover,46043
46044,238850541,Rosalva,Gallego,46044
46045,388295778,Jose Angel,Vargas,46045
46046,183082956,Martirio,Frias,46046
46047,454092755,Martina,Echeverria,46047
46048,964293360,Danilo,Gimenez,46048
46049,367389870,Nydia,Villegas,46049
46050,593574995,Belen,Garzon,46050
46051,766974458,Olimpia,Lara,46051
46052,384121497,Mamen,Andrade,46052
46053,173062129,Dalila,Penas,46053
46054,728423936,Francisco Javier,Pujol,46054
46055,251035212,Veronica,Vidal,46055
46056,360202569,Aurora,Merino,46056
46057,272995541,Olivia,Arranz,46057
46058,321482016,Octavio,Sotelo,46058
46059,189218398,Dionisio,Molins,46059
46060,217688473,Lino,Gelabert,46060
46061,642338153,Armida,Anglada,46061
46062,529520300,Azeneth,Querol,46062
46063,435793579,Lope,Alcalde,46063
46064,747440865,Jose Manuel,Alvarez,46064
46065,271482434,Natalia,Vilar,46065
46066,732776903,Noa,Codina,46066
46067,343263704,Rita,Tamayo,46067
46068,651619560,Sofia,Cozar,46068
46069,468280655,Nazario,Olivera,46069
46070,432855138,Rebeca,Moran,46070
46071,774523476,Maria Pilar,Ibanez,46071
46072,155953500,Benigno,Ayuso,46072
46073,761608098,Domitila,Garzon,46073
46074,574237713,Maria Pilar,Amat,46074
46075,197468191,Encarnacion,Jurado,46075
46076,836439934,Isidro,Penalver,46076
46077,842399701,Ricardo,Vinas,46077
46078,173314628,Teresa,Feijoo,46078
46079,879096917,Moreno,Sala,46079
46080,952684077,Sergio,Garmendia,46080
46081,798694368,Miriam,Arregui,46081
46082,934540877,Guiomar,Valderrama,46082
46083,709819733,Ricardo,Caballero,46083
46084,479580836,Vito,Blazquez,46084
46085,341723574,Jose,Castello,46085
46086,688332905,Tere,Bayona,46086
46087,472081633,Iban,Talavera,46087
46088,253909198,Nicolasa,Baena,46088
46089,673451730,Donato,Orozco,46089
46090,528492605,Mamen,Cuevas,46090
46091,649425625,Graciela,Jara,46091
46092,624354410,Daniela,Canovas,46092
46093,442696147,Leocadio,Benet,46093
46094,220630647,Anastasia,Baena,46094
46095,743807504,Edgar,Sola,46095
46096,943756634,Joel,Morata,46096
46097,414794393,Adoracion,Galvez,46097
46098,597317145,Teo,Roman,46098
46099,264895983,Alejandra,Madrigal,46099
46100,134708774,Arcelia,Moya,46100
46101,723075016,Elena,Gisbert,46101
46102,174700185,Rosalia,Carlos,46102
46103,926506729,Imelda,Soriano,46103
46104,470719967,Pacifica,Correa,46104
46105,536902132,Daniela,Farre,46105
46106,704992752,Sara,Marco,46106
46107,387282713,Quique,Jodar,46107
46108,566789864,Catalina,Anaya,46108
46109,587783333,Jose Manuel,Lago,46109
46110,963198107,Estrella,Higueras,46110
46111,525034343,Marcial,Izaguirre,46111
46112,644211462,Eliana,Marquez,46112
46113,192241329,Maria Fernanda,Barriga,46113
46114,842612563,Adora,Fuente,46114
46115,722584064,Ligia,Aguila,46115
46116,723273487,Martin,Barbero,46116
46117,327929922,Florencia,Alberola,46117
46118,746654365,America,Llobet,46118
46119,768733127,Alcides,Ponce,46119
46120,511680071,Azucena,Pages,46120
46121,395414683,Zaida,Simo,46121
46122,426149876,Juan Antonio,Villena,46122
46123,793987286,Perlita,Somoza,46123
46124,718509042,Amor,Manrique,46124
46125,535847533,Ernesto,Ordonez,46125
46126,692100749,Albino,Sandoval,46126
46127,617885955,Alicia,Cortes,46127
46128,433155159,America,Diez,46128
46129,403244872,Marciano,Gual,46129
46130,575870781,Onofre,Cuevas,46130
46131,830055282,Rosa Maria,Cantero,46131
46132,255242727,Heriberto,Campos,46132
46133,513995665,Rosaura,Garriga,46133
46134,869886276,Rolando,Peinado,46134
46135,629467590,Ligia,Azorin,46135
46136,218716242,Basilio,Bello,46136
46137,241069194,Lisandro,Castrillo,46137
46138,999373904,Nayara,Rivero,46138
46139,672174668,Amaro,Polo,46139
46140,594079074,Pepita,Velazquez,46140
46141,317335814,Laura,Pujol,46141
46142,656798226,Geronimo,Berrocal,46142
46143,128853063,Ezequiel,Ribas,46143
46144,257476989,Baltasar,Manso,46144
46145,551665725,Lilia,Villalonga,46145
46146,278547554,Hortensia,Canizares,46146
46147,251911933,Malena,Galan,46147
46148,245038156,Josefina,Arregui,46148
46149,454602227,Federico,Melendez,46149
46150,218748384,Sebastian,Angel,46150
46151,289381389,Imelda,Calzada,46151
46152,603528983,Valerio,Arrieta,46152
46153,726937630,Mariana,Macias,46153
46154,986035853,Pepita,Boix,46154
46155,972745616,Herberto,Cabo,46155
46156,883058146,Charo,Franch,46156
46157,343258074,Dani,Marques,46157
46158,585408591,Primitiva,Goni,46158
46159,313762191,Gema,Cozar,46159
46160,823743202,Palmira,Villalba,46160
46161,895173317,Jenaro,Torralba,46161
46162,669952602,Calixta,Sandoval,46162
46163,411062731,Pilar,Navas,46163
46164,824819898,Bernardo,Acedo,46164
46165,583193663,Ema,Antunez,46165
46166,752123199,Pili,Romero,46166
46167,417167288,Apolinar,Cortina,46167
46168,692933031,Anna,Gabaldon,46168
46169,346547303,Haydee,Segovia,46169
46170,487028702,Dionisia,Solsona,46170
46171,681320074,Julian,Ibarra,46171
46172,170253489,Tristan,Beltran,46172
46173,221442684,Rufino,Suarez,46173
46174,167079391,Nando,Gracia,46174
46175,617209723,Eusebio,Corominas,46175
46176,460831276,Xavier,Saenz,46176
46177,638718978,Camila,Llamas,46177
46178,989756410,Manola,Rivero,46178
46179,895121721,Ines,Rubio,46179
46180,298864457,Azahar,Lastra,46180
46181,186517581,Amilcar,Valentin,46181
46182,148619157,Manola,Dominguez,46182
46183,650196642,Berto,Losada,46183
46184,262667190,Lorenzo,Tello,46184
46185,697463615,Evelia,Tejada,46185
46186,275312523,Cintia,Lucena,46186
46187,398261550,Vasco,Jove,46187
46188,989415882,Melchor,Correa,46188
46189,379321353,Filomena,Dieguez,46189
46190,199191773,Herminio,Cid,46190
46191,458198697,Sonia,Gutierrez,46191
46192,473107900,Dionisio,Gelabert,46192
46193,455470246,Jeremias,Guzman,46193
46194,311815187,Pascual,Caro,46194
46195,670480912,Apolonia,Llobet,46195
46196,574506582,Leonardo,Agullo,46196
46197,348248751,Martin,Rojas,46197
46198,223799039,Celia,Ibanez,46198
46199,423329312,Fortunato,Figuerola,46199
46200,557800144,Chema,Pont,46200
46201,882584918,Odalys,Donoso,46201
46202,332613549,Nilo,Castaneda,46202
46203,927339224,Celia,Asenjo,46203
46204,640844087,Eladio,Cuenca,46204
46205,760527273,Julie,Armengol,46205
46206,665481547,Teodoro,Palacios,46206
46207,182908044,Donato,Cabrero,46207
46208,753461830,Regina,Bartolome,46208
46209,274631150,Isidora,Pablo,46209
46210,813864203,Calixto,Aleman,46210
46211,345889156,Alfredo,Guardiola,46211
46212,545077751,Angeles,Tirado,46212
46213,230354638,Mateo,Llamas,46213
46214,114339087,Ester,Garzon,46214
46215,122271058,Cruz,Barco,46215
46216,807269182,Alejandro,Pereira,46216
46217,167077189,Esther,Bellido,46217
46218,582166436,Micaela,Villanueva,46218
46219,375358569,Fortunata,Losada,46219
46220,969779932,Sebastian,Barral,46220
46221,676465201,Lazaro,Ramis,46221
46222,495527159,Gervasio,Santana,46222
46223,738100237,Lino,Anguita,46223
46224,566424950,Baltasar,Amo,46224
46225,328912167,Domingo,Bautista,46225
46226,901695050,Geronimo,Cervera,46226
46227,380699247,Isidoro,Bueno,46227
46228,490339589,Anibal,Penas,46228
46229,686457938,Buenaventura,Escobar,46229
46230,935802879,Apolonia,Sans,46230
46231,152565279,Aurelio,Catala,46231
46232,324436899,Chita,Fernandez,46232
46233,686275853,Placido,Cuervo,46233
46234,396041021,Debora,Caparros,46234
46235,802432654,Luis,Belmonte,46235
46236,733615048,Marcos,Alvarez,46236
46237,787296696,Cruz,Ibarra,46237
46238,504309100,Eustaquio,Bello,46238
46239,230775174,Reinaldo,Casanova,46239
46240,605994136,Encarnacion,Nicolas,46240
46241,314868519,Felix,Toledo,46241
46242,845697759,Teo,Ledesma,46242
46243,810808599,Eloy,Ayala,46243
46244,933025065,Gala,Duarte,46244
46245,250386887,Danilo,Zabaleta,46245
46246,818159186,Timoteo,Ibarra,46246
46247,601061028,Tomas,Barroso,46247
46248,269350574,Octavia,Sedano,46248
46249,260696436,Barbara,Vigil,46249
46250,594590658,Ernesto,Barrena,46250
46251,905823689,Valerio,Ibarra,46251
46252,386554331,Celso,Mas,46252
46253,692653482,Filomena,Paez,46253
46254,733868993,Beatriz,Perera,46254
46255,126525450,Porfirio,Martinez,46255
46256,887453156,Consuela,Jodar,46256
46257,792565684,Chema,Navarro,46257
46258,942500701,Brigida,Requena,46258
46259,507404751,Abel,Montana,46259
46260,543385575,Claudia,Perales,46260
46261,446693642,Pancho,Mora,46261
46262,688304490,Gracia,Pla,46262
46263,363736654,Samanta,Quiroga,46263
46264,382170036,Isaac,Malo,46264
46265,742866079,Anselma,Soriano,46265
46266,274155676,Eliana,Arribas,46266
46267,782356647,Rosa,Mir,46267
46268,913597992,Aitana,Miguel,46268
46269,114501858,Iris,Gomez,46269
46270,454220656,Eusebia,Duran,46270
46271,725222472,Fernando,Benavides,46271
46272,876877296,Ingrid,Manso,46272
46273,407493801,Trinidad,Torralba,46273
46274,652177496,Nicodemo,Moya,46274
46275,907638381,Blas,Domingo,46275
46276,709452278,Fermin,Tomas,46276
46277,816351398,Calisto,Vilaplana,46277
46278,498982784,Andrea,Baron,46278
46279,704359814,Eligio,Tena,46279
46280,802922872,Josefina,Lucas,46280
46281,949427680,Laura,Castells,46281
46282,517234343,Heliodoro,Arroyo,46282
46283,111853495,Francisco Javier,Ribes,46283
46284,118065913,Marc,Llorente,46284
46285,637877340,Adelardo,Rubio,46285
46286,311587290,Eli,Caparros,46286
46287,522619834,Ana Sofia,Garrido,46287
46288,441649537,Isaias,Olivera,46288
46289,705574953,Albino,Vilar,46289
46290,443931703,Simon,Pinedo,46290
46291,868218033,Jose Manuel,Salmeron,46291
46292,884363246,Valerio,Guillen,46292
46293,633505748,Leticia,Sastre,46293
46294,355489065,Feliciano,Castaneda,46294
46295,144272832,Merche,Coca,46295
46296,857732759,Ale,Rico,46296
46297,399369427,Maria Dolores,Orozco,46297
46298,213355246,Octavio,Marti,46298
46299,193486938,Felipa,Domenech,46299
46300,329253466,Horacio,Penalver,46300
46301,327820691,Edmundo,Amigo,46301
46302,421120825,Prudencio,Dominguez,46302
46303,160514187,Eleuterio,Carbonell,46303
46304,263760286,Ignacio,Alegre,46304
46305,847746112,Nazaret,Montes,46305
46306,848505645,Horacio,Losa,46306
46307,633472822,Jose Antonio,Colom,46307
46308,858307300,Luciana,Amat,46308
46309,438492518,Viviana,Navarrete,46309
46310,574574205,Nazario,Domingo,46310
46311,359113222,Coral,Jove,46311
46312,504398815,Cecilia,Vergara,46312
46313,165272758,Otilia,Baeza,46313
46314,431051087,Roldan,Salamanca,46314
46315,434967979,Febe,Peinado,46315
46316,975294738,Luis Miguel,Verdejo,46316
46317,641971283,Rosendo,Llobet,46317
46318,835587385,Eloy,Cabrero,46318
46319,777463033,Eusebia,Huguet,46319
46320,431768346,Encarnacion,Cano,46320
46321,628577051,Anunciacion,Agustin,46321
46322,252661306,Eric,Julian,46322
46323,261428484,Geronimo,Izquierdo,46323
46324,396463298,Dani,Escriva,46324
46325,782036278,Maite,Martinez,46325
46326,816367978,Fausto,Planas,46326
46327,425670826,Luz,Taboada,46327
46328,206149548,Zoraida,Ibanez,46328
46329,739275970,Adelardo,Galiano,46329
46330,275403315,Albina,Gual,46330
46331,883649883,Faustino,Izaguirre,46331
46332,216330862,Efrain,Garrido,46332
46333,927265397,Sebastian,Fortuny,46333
46334,986704778,Brunilda,Carpio,46334
46335,569273736,Bienvenida,Saavedra,46335
46336,258742340,Manuel,Lopez,46336
46337,275129937,Federico,Nunez,46337
46338,813599988,Augusto,Iglesia,46338
46339,155747372,Ezequiel,Arce,46339
46340,281959888,Eutimio,Bas,46340
46341,641218192,Reyes,Polo,46341
46342,130322595,Luis Miguel,Montoya,46342
46343,297130404,Celestina,Cardona,46343
46344,627772505,Glauco,Carrion,46344
46345,617324936,Olimpia,Barco,46345
46346,805526479,Nidia,Abella,46346
46347,584971834,Severino,Maldonado,46347
46348,157586990,Debora,Gimeno,46348
46349,841353358,Angel,Duran,46349
46350,892322726,Gil,Manuel,46350
46351,656861687,Pastora,Barranco,46351
46352,679440094,Fatima,Aroca,46352
46353,210453448,Olegario,Tudela,46353
46354,371301798,Adrian,Mercader,46354
46355,555994905,Itziar,Camino,46355
46356,805930536,Eduardo,Sevillano,46356
46357,331663462,Belen,Lumbreras,46357
46358,785047747,Amelia,Rocamora,46358
46359,355053094,Natividad,Sandoval,46359
46360,214564317,Aitana,Ferrandez,46360
46361,792010118,Jose,Gilabert,46361
46362,414303442,Delia,Caceres,46362
46363,219222446,Cloe,Casas,46363
46364,483527381,Loreto,Nieto,46364
46365,145074962,Amalia,Velez,46365
46366,343889229,Vicenta,Anglada,46366
46367,797762131,Eliana,Prat,46367
46368,774770368,Apolonia,Iniguez,46368
46369,163394259,Cornelio,Garay,46369
46370,531205246,Araceli,Jara,46370
46371,545309367,Gertrudis,Goni,46371
46372,723872367,Marino,Heras,46372
46373,524011449,Elias,Calderon,46373
46374,445721146,Geronimo,Gallo,46374
46375,500561863,Benigna,Trujillo,46375
46376,732206392,Yaiza,Marques,46376
46377,677327676,Marcial,Prado,46377
46378,403741335,Casandra,Ariza,46378
46379,231434694,Custodio,Benito,46379
46380,526641202,Maria,Madrid,46380
46381,150794697,Ramon,Lerma,46381
46382,293670094,Alicia,Valcarcel,46382
46383,801520360,Hilda,Barriga,46383
46384,991271408,Custodio,Diez,46384
46385,290102139,Sebastian,Perez,46385
46386,828690213,Ismael,Canet,46386
46387,343751051,Pascual,Pallares,46387
46388,462150887,Raimundo,Salvador,46388
46389,987707965,Gaston,Gilabert,46389
46390,463316963,Rafaela,Fuente,46390
46391,600150301,Jacinto,Padilla,46391
46392,698054537,Dionisia,Jimenez,46392
46393,605480625,Emigdio,Noguera,46393
46394,796183108,Concha,Chacon,46394
46395,900264535,Ingrid,Mateu,46395
46396,592195905,Aurelia,Ferrandez,46396
46397,962018404,Maricruz,Parejo,46397
46398,183259246,Eladio,Olivera,46398
46399,313823867,Coral,Diaz,46399
46400,884691318,Casandra,Carretero,46400
46401,286086319,Telmo,Carretero,46401
46402,209115117,Abilio,Barranco,46402
46403,559656873,Toni,Morante,46403
46404,106821698,Fausto,Fonseca,46404
46405,389190398,Casemiro,Borrego,46405
46406,902029465,Eutimio,Pomares,46406
46407,445511712,Rebeca,Carrillo,46407
46408,250571515,Marcos,Carpio,46408
46409,482343873,Encarna,Pellicer,46409
46410,623725417,Mauricio,Cazorla,46410
46411,774280252,Paca,Sans,46411
46412,653847602,Nazario,Delgado,46412
46413,430825718,Dora,Nicolau,46413
46414,457880773,Marcos,Lillo,46414
46415,396677067,Obdulia,Alcantara,46415
46416,430062306,Leire,Plana,46416
46417,229107862,Maristela,Pinol,46417
46418,949256368,Lucia,Garzon,46418
46419,940908216,Elisa,Robles,46419
46420,251557134,Calixta,Nogueira,46420
46421,411056230,Ana Sofia,Bonilla,46421
46422,725173070,Eva Maria,Rivero,46422
46423,296814346,Paz,Bilbao,46423
46424,605022252,Antonio,Adadia,46424
46425,555605374,Anselmo,Vaquero,46425
46426,859582397,Nico,Llorens,46426
46427,358342495,Maximino,Zabaleta,46427
46428,867901177,Gaspar,Ramos,46428
46429,527356047,Bruno,Valenciano,46429
46430,479459375,Juliana,Santamaria,46430
46431,130798982,Leopoldo,Jerez,46431
46432,446552824,Miguela,Redondo,46432
46433,390560573,Vilma,Vilaplana,46433
46434,526788675,Estrella,Enriquez,46434
46435,793962780,Joaquin,Jerez,46435
46436,326948914,Atilio,Rueda,46436
46437,905348030,Cornelio,Riera,46437
46438,103485921,Marcia,Vaquero,46438
46439,403770074,Otilia,Tenorio,46439
46440,608167140,Calisto,Vilaplana,46440
46441,648388396,Salvador,Lopez,46441
46442,311118497,Nazaret,Conde,46442
46443,658517147,Eusebio,Oller,46443
46444,601027899,Miguela,Robles,46444
46445,534901488,Samu,Barrios,46445
46446,182564655,Concha,Penas,46446
46447,963566855,Nayara,Canton,46447
46448,596868111,Inmaculada,Font,46448
46449,295958304,Desiderio,Garmendia,46449
46450,191109237,Carmelo,Enriquez,46450
46451,897187410,Macario,Pont,46451
46452,750627082,Tere,Gilabert,46452
46453,348466312,Maite,Cid,46453
46454,155113161,Georgina,Olivares,46454
46455,367345464,Genoveva,Gallego,46455
46456,112943087,Flavio,Osorio,46456
46457,872245523,Jenny,Figuerola,46457
46458,538492095,Evaristo,Cepeda,46458
46459,368921103,Maximino,Agullo,46459
46460,362166308,Aurea,Mosquera,46460
46461,163666186,Silvia,Ochoa,46461
46462,530647677,Guadalupe,Llanos,46462
46463,855939365,Marianela,Querol,46463
46464,959181428,Maria Fernanda,Grande,46464
46465,231482148,Lisandro,Torrijos,46465
46466,551694790,Bernarda,Cuellar,46466
46467,624603146,Pastora,Alcazar,46467
46468,570245999,Aurelia,Alcantara,46468
46469,288898325,Ines,Simo,46469
46470,809053670,Maricruz,Jimenez,46470
46471,319420033,Hernando,Vilalta,46471
46472,721671950,Debora,Calderon,46472
46473,964633245,Felipa,Sole,46473
46474,199618485,Ana Sofia,Cuevas,46474
46475,134387482,Manu,Castejon,46475
46476,970561301,Lalo,Nieto,46476
46477,271605124,Nicodemo,Jodar,46477
46478,403837181,Remigio,Carvajal,46478
46479,486762394,Jeremias,Naranjo,46479
46480,455327925,Clemente,Figuerola,46480
46481,568728567,Emilia,Olive,46481
46482,516836371,Chema,Lozano,46482
46483,964535638,Fortunata,Alarcon,46483
46484,309493794,Vicenta,Paz,46484
46485,942532728,Dora,Duenas,46485
46486,607489612,Edgardo,Frutos,46486
46487,321031297,Fito,Palma,46487
46488,122540003,Rogelio,Barragan,46488
46489,388684539,Tecla,Camacho,46489
46490,861351576,Edmundo,Lamas,46490
46491,343639151,Anselmo,Gimenez,46491
46492,696366240,Valero,Maestre,46492
46493,793997271,Sigfrido,Ordonez,46493
46494,645968323,Isaac,Abad,46494
46495,520976565,Macaria,Galvan,46495
46496,917341467,Quique,Fabregat,46496
46497,797815666,Raimundo,Beltran,46497
46498,947204977,Ana Sofia,Tejero,46498
46499,694385083,Lourdes,Buendia,46499
46500,471748683,Olimpia,Abella,46500
46501,149395839,Violeta,Giron,46501
46502,890965463,Florencio,Buendia,46502
46503,681688599,Xiomara,Belmonte,46503
46504,748728707,Pepe,Galan,46504
46505,481374351,Herminia,Cortes,46505
46506,649333805,Lucio,Gilabert,46506
46507,361152438,Pastor,Olmo,46507
46508,623210506,Adrian,Jauregui,46508
46509,924902362,Aaron,Leon,46509
46510,395709929,Carlito,Maza,46510
46511,232572698,Jose,Salamanca,46511
46512,961123565,Griselda,Redondo,46512
46513,555993507,Atilio,Crespo,46513
46514,870563121,Maria Luisa,Lara,46514
46515,944191242,Benigna,Mendoza,46515
46516,456837084,Estrella,Caceres,46516
46517,542002964,Marcio,Salmeron,46517
46518,201385357,Olegario,Taboada,46518
46519,686014375,Francisca,Martorell,46519
46520,720237947,Luisa,Rodriguez,46520
46521,365682579,Jose Ramon,Trujillo,46521
46522,430308803,Martirio,Castello,46522
46523,720165693,Ezequiel,Olive,46523
46524,353903914,Faustino,Gimenez,46524
46525,517939835,Hernando,Oliveras,46525
46526,944850964,Ignacia,Asenjo,46526
46527,383350152,Adela,Zabaleta,46527
46528,312310818,Amor,Ibanez,46528
46529,522674769,Ricarda,Porras,46529
46530,672372575,Bernardita,Abellan,46530
46531,329975015,Edmundo,Crespo,46531
46532,528524080,Maria Carmen,Gelabert,46532
46533,206807571,Guillermo,Espinosa,46533
46534,430407749,Olivia,Galvan,46534
46535,592041016,Augusto,Bertran,46535
46536,170408233,Carmina,Cabanillas,46536
46537,475004392,Rafaela,Aramburu,46537
46538,915904912,Julie,Pastor,46538
46539,130330360,Jordan,Blanes,46539
46540,728327375,Haroldo,Bolanos,46540
46541,400885673,Lisandro,Cabrera,46541
46542,412053908,Eutropio,Casado,46542
46543,251780855,Remigio,Santamaria,46543
46544,897597100,Mauricio,Almagro,46544
46545,158291255,Corona,Alarcon,46545
46546,957787438,Julia,Bartolome,46546
46547,262759243,Roxana,Amoros,46547
46548,277410867,Candelas,Moya,46548
46549,640379484,Macario,Marquez,46549
46550,442223673,Angela,Pou,46550
46551,787879383,Cintia,Barrena,46551
46552,724406050,Oriana,Minguez,46552
46553,242700527,Edu,Montesinos,46553
46554,364874400,Manolo,Sales,46554
46555,267045708,Norberto,Casares,46555
46556,631388566,Guadalupe,Pi,46556
46557,539362956,Guadalupe,Roman,46557
46558,529343441,Asdrubal,Robles,46558
46559,598834326,Rosa,Pacheco,46559
46560,318362757,Gabriela,Rubio,46560
46561,876163664,Jose Luis,Moles,46561
46562,657267288,Joel,Calderon,46562
46563,111780052,Manolo,Ojeda,46563
46564,877064737,Eva,Vara,46564
46565,399229793,Diego,Elorza,46565
46566,420657000,Eutimio,Echevarria,46566
46567,138247745,Guiomar,Almeida,46567
46568,675848515,Aroa,Egea,46568
46569,790906496,Flavia,Mari,46569
46570,522947913,Natalia,Tejedor,46570
46571,454378488,Carlito,Solera,46571
46572,741600557,Dionisia,Pont,46572
46573,464024274,Valentina,Esparza,46573
46574,551329733,Jose,Pellicer,46574
46575,813124390,Nicodemo,Palomar,46575
46576,910207823,Lucho,Hernando,46576
46577,361877255,Valeria,Catalan,46577
46578,556619410,Lazaro,Morata,46578
46579,360075595,Nestor,Anguita,46579
46580,450960567,Rosendo,Valero,46580
46581,285160798,Dimas,Morata,46581
46582,531786623,Maria Angeles,Navarro,46582
46583,937514036,Gabino,Palomo,46583
46584,919928261,Candelas,Varela,46584
46585,781004555,Luis,Guillen,46585
46586,943493904,Vera,Mosquera,46586
46587,328364502,Ale,Marmol,46587
46588,221369010,Aaron,Mayoral,46588
46589,107455033,Ismael,Osorio,46589
46590,344434089,Marcial,Serna,46590
46591,120746227,Natanael,Garcia,46591
46592,272352651,Maria Fernanda,Morales,46592
46593,119032445,Jacinta,Arce,46593
46594,987855557,Baltasar,Pablo,46594
46595,573928076,Cosme,Soto,46595
46596,590445027,Andres,Rosell,46596
46597,975914539,Adriana,Mendez,46597
46598,510339530,Ciro,Vizcaino,46598
46599,422380358,Fabricio,Banos,46599
46600,696555575,Veronica,Losada,46600
46601,916874844,Jenaro,Busquets,46601
46602,641702076,Borja,Valero,46602
46603,436874805,Maristela,Montana,46603
46604,647631947,Jose Luis,Laguna,46604
46605,679673518,Joaquina,Oller,46605
46606,514587757,Aurora,Casares,46606
46607,460440687,Chelo,Naranjo,46607
46608,891259338,Adoracion,Jerez,46608
46609,130527058,Etelvina,Paniagua,46609
46610,531538197,Magdalena,Domingo,46610
46611,420151776,Regulo,Alvarez,46611
46612,897895997,Raul,Benavides,46612
46613,175498026,Macarena,Gisbert,46613
46614,610735304,Juliana,Aragones,46614
46615,141272885,Cecilio,Gutierrez,46615
46616,674361068,Eutropio,Galvez,46616
46617,581987047,Maximino,Blanco,46617
46618,885327122,Celia,Tomas,46618
46619,198273092,Poncio,Verdugo,46619
46620,116166159,Soledad,Pintor,46620
46621,584099332,Toribio,Vargas,46621
46622,540197928,Nicanor,Penalver,46622
46623,425250176,Gloria,Castaneda,46623
46624,680527714,Chema,Palmer,46624
46625,136970512,Azucena,Sole,46625
46626,436872258,Guillermo,Hoyos,46626
46627,996101394,Adriana,Escobar,46627
46628,328847172,Josefina,Catala,46628
46629,603822756,Amaro,Figueras,46629
46630,713927245,Wilfredo,Nunez,46630
46631,992279058,Eric,Solano,46631
46632,588807396,Guadalupe,Mascaro,46632
46633,351115009,Narcisa,Montenegro,46633
46634,189952669,Ramon,Talavera,46634
46635,747193840,Odalis,Falcon,46635
46636,631871243,Angelino,Mascaro,46636
46637,905301697,Prudencia,Montana,46637
46638,130839398,Clara,Ordonez,46638
46639,832674067,Mayte,Ortuno,46639
46640,275987994,Fidel,Cozar,46640
46641,181399839,Consuelo,Ayllon,46641
46642,812403302,Aura,Calleja,46642
46643,321870658,Vinicio,Fuster,46643
46644,383908122,Candelaria,Rueda,46644
46645,185541893,Jose Antonio,Rosello,46645
46646,625507443,Azahar,Ripoll,46646
46647,169108179,Sandalio,Tejedor,46647
46648,771807884,Raimundo,Duran,46648
46649,605689115,Azahara,Tudela,46649
46650,955831686,Hernando,Zamora,46650
46651,539332635,Emiliana,Corominas,46651
46652,353288428,Bibiana,Ribas,46652
46653,643371474,Estefania,Arjona,46653
46654,334022291,Asdrubal,Acedo,46654
46655,321819766,Pepita,Torrens,46655
46656,148309982,Sofia,Luis,46656
46657,855170880,Ines,Quintero,46657
46658,242261315,Adrian,Aragon,46658
46659,476969248,Ana,Pla,46659
46660,657530401,Guiomar,Bermudez,46660
46661,828973349,Narcisa,Padilla,46661
46662,444701021,Julio Cesar,Pla,46662
46663,684722876,Pelayo,Lerma,46663
46664,357887490,Clarisa,Minguez,46664
46665,130320635,Juan Francisco,Llorens,46665
46666,471580956,Luna,Bas,46666
46667,817681378,Vidal,Bermudez,46667
46668,380058034,Loida,Vallejo,46668
46669,315632336,Olegario,Roda,46669
46670,846013425,Quique,Requena,46670
46671,960473411,Elena,Guardiola,46671
46672,789406069,Bernarda,Valderrama,46672
46673,756512428,Clara,Caparros,46673
46674,873365156,Macarena,Carrera,46674
46675,364430979,Gracia,Sevillano,46675
46676,985854641,Loreto,Torrents,46676
46677,420269400,Carolina,Cisneros,46677
46678,747720500,Nidia,Castilla,46678
46679,405619686,Adelaida,Barbera,46679
46680,181603909,Prudencio,Cobos,46680
46681,281154403,Nico,Coello,46681
46682,652063031,Apolinar,Montserrat,46682
46683,374315554,Jose,Tirado,46683
46684,622222135,Santiago,Guardia,46684
46685,186601978,Feliciana,Puig,46685
46686,798279553,Andrea,Camps,46686
46687,724631415,Francisca,Cuadrado,46687
46688,158453320,Carlos,Pages,46688
46689,193193286,Yolanda,Chamorro,46689
46690,775343598,Esperanza,Cuenca,46690
46691,887085914,Valentin,Acedo,46691
46692,293327935,Ruperta,Canovas,46692
46693,412528971,Nacio,Barrera,46693
46694,100652709,Chema,Ferrera,46694
46695,445081677,Eustaquio,Fabregas,46695
46696,828760165,Prudencio,Catala,46696
46697,533912124,Guiomar,Tello,46697
46698,609162161,Amor,Ropero,46698
46699,500974454,Consuela,Tejedor,46699
46700,792770652,Victorino,Alvarado,46700
46701,652931922,Pepito,Machado,46701
46702,482692609,Florentino,Castello,46702
46703,903423969,Lorenzo,Vigil,46703
46704,729976194,Roberto,Antunez,46704
46705,599956072,Dimas,Sales,46705
46706,247038330,Leandro,Lujan,46706
46707,265909494,Eva Maria,Arrieta,46707
46708,623407924,Ema,Agusti,46708
46709,689124597,Feliciano,Galvez,46709
46710,138635629,Brunilda,Parejo,46710
46711,428726479,Laura,Sureda,46711
46712,831753958,Benita,Roura,46712
46713,454039259,Julieta,Garzon,46713
46714,352511523,Barbara,Salvador,46714
46715,750319307,Prudencia,Gallart,46715
46716,522489445,Viviana,Paez,46716
46717,146040923,Susana,Arellano,46717
46718,432899238,Coral,Castells,46718
46719,632383407,Adolfo,Giron,46719
46720,673162822,Nayara,Company,46720
46721,709680402,Luisa,Nunez,46721
46722,723272792,Ileana,Matas,46722
46723,345493948,Dolores,Caro,46723
46724,241284413,Pili,Rossello,46724
46725,768630049,Tamara,Priego,46725
46726,363986010,Angel,Ayllon,46726
46727,443501982,Julio,Diez,46727
46728,369859715,Jacinta,Pareja,46728
46729,855964078,Etelvina,Alarcon,46729
46730,216556409,Humberto,Molins,46730
46731,610740513,Amada,Calderon,46731
46732,910803958,Calixto,Salom,46732
46733,512751894,Victor,Alcantara,46733
46734,149697080,Luisa,Puig,46734
46735,306204660,Erasmo,Tome,46735
46736,622657972,Yesica,Benavente,46736
46737,977367128,Xiomara,Mateos,46737
46738,622531090,Teodoro,Berrocal,46738
46739,161800993,Mateo,Roura,46739
46740,875815988,Haydee,Villena,46740
46741,120905671,Mireia,Cortes,46741
46742,961940085,Cintia,Serra,46742
46743,397147299,Hortensia,Posada,46743
46744,344711342,Dafne,Asensio,46744
46745,192305483,Olga,Palacios,46745
46746,886736448,Luciana,Pascual,46746
46747,204343247,Felicidad,Vinas,46747
46748,831341600,Vito,Alberdi,46748
46749,662578563,Cleto,Galan,46749
46750,554103190,Seve,Jaen,46750
46751,804808830,Maria Luisa,Ochoa,46751
46752,999399416,Carlota,Vazquez,46752
46753,386836394,Cecilia,Iniguez,46753
46754,815122005,Olivia,Amat,46754
46755,606007423,Irma,Atienza,46755
46756,276970518,Olalla,Barroso,46756
46757,523050892,Beatriz,Pi,46757
46758,106840691,Fabio,Palacio,46758
46759,338322777,Marcos,Barragan,46759
46760,714400293,Olga,Taboada,46760
46761,798307679,Felix,Pomares,46761
46762,560720307,Marcial,Borrell,46762
46763,480243946,Eladio,Santana,46763
46764,207499070,Agueda,Sedano,46764
46765,620038861,Adela,Lastra,46765
46766,387711859,Noa,Pages,46766
46767,469495865,Timoteo,Verdu,46767
46768,839597863,Abraham,Agustin,46768
46769,610928100,Yolanda,Feliu,46769
46770,331868793,Griselda,Terron,46770
46771,322057581,Maria Manuela,Bejarano,46771
46772,171928031,Patricio,Lamas,46772
46773,452467834,Jeronimo,Espejo,46773
46774,313258670,Eva Maria,Tenorio,46774
46775,255297879,Elena,Calzada,46775
46776,333786448,Romulo,Puerta,46776
46777,802437721,Octavio,Davila,46777
46778,924418853,Salomon,Pino,46778
46779,351673246,Nidia,Amo,46779
46780,280278823,Fernando,Coloma,46780
46781,403123729,Arsenio,Cabanillas,46781
46782,506186374,Marino,Jerez,46782
46783,982220872,Encarna,Gimenez,46783
46784,632119463,Dionisia,Mayol,46784
46785,189822162,Jordi,Lledo,46785
46786,169993055,Hector,Millan,46786
46787,854453880,Rocio,Pozuelo,46787
46788,818886569,Lina,Rovira,46788
46789,399541674,Anselmo,Bermudez,46789
46790,417364746,Manola,Valcarcel,46790
46791,261485585,Jessica,Mendez,46791
46792,591421677,Benigno,Campillo,46792
46793,532865293,Prudencio,Navas,46793
46794,980128433,Priscila,Torralba,46794
46795,779743107,Alejo,Perez,46795
46796,799237334,Juan Manuel,Checa,46796
46797,201888313,Genoveva,Calvo,46797
46798,480143302,Victorino,Marques,46798
46799,221661829,Jose Manuel,Pintor,46799
46800,633652692,Lucio,Cruz,46800
46801,497566374,Vasco,Giron,46801
46802,605411122,Lourdes,Borrell,46802
46803,454024153,Lorena,Lobo,46803
46804,147167841,Roxana,Sabater,46804
46805,704936828,Bernardino,Font,46805
46806,805065116,Martirio,Mosquera,46806
46807,444883422,Vicenta,Piquer,46807
46808,905351409,Ema,Zaragoza,46808
46809,527481268,Jose Antonio,Laguna,46809
46810,967060278,Paulina,Rosado,46810
46811,419038507,Jose Ramon,Armas,46811
46812,894037693,Reinaldo,Godoy,46812
46813,241806741,Amor,Sobrino,46813
46814,332633426,Petrona,Llano,46814
46815,238274568,Paola,Milla,46815
46816,139339361,Vito,Larranaga,46816
46817,352599452,Eva,Canas,46817
46818,450686726,Baltasar,Navarro,46818
46819,448088073,Luis Miguel,Velez,46819
46820,434548290,Octavio,Nogues,46820
46821,638187415,Loreto,Alegria,46821
46822,890018247,Jose,Castillo,46822
46823,985076558,Joaquin,Prada,46823
46824,881837949,Emigdio,Sancho,46824
46825,442437647,Maria Angeles,Macias,46825
46826,956563887,Jose,Nicolas,46826
46827,924089404,Clara,Isern,46827
46828,244745408,Concha,Torrecilla,46828
46829,611464243,Perlita,Muro,46829
46830,334635828,Juanito,Guijarro,46830
46831,578530740,Aurora,Barrera,46831
46832,476155104,Teresa,Hervia,46832
46833,522738305,Ciro,Amat,46833
46834,772698944,Imelda,Rojas,46834
46835,408104548,Martin,Rocha,46835
46836,150664465,Cecilio,Estrada,46836
46837,558202839,Hernando,Camara,46837
46838,556769857,Martirio,Azcona,46838
46839,621616133,Victoria,Munoz,46839
46840,820999595,Leon,Izaguirre,46840
46841,537369960,Marc,Sureda,46841
46842,584717676,Paz,Cobos,46842
46843,113528391,Timoteo,Ferrandiz,46843
46844,737107336,Jesus,Soler,46844
46845,772598292,Isidro,Torres,46845
46846,731349927,Rufina,Francisco,46846
46847,585609871,Juan Carlos,Roman,46847
46848,974684044,Rafaela,Amor,46848
46849,832844296,Fausto,Verdu,46849
46850,186906489,Salvador,Company,46850
46851,275314439,Glauco,Company,46851
46852,973140209,Joel,Recio,46852
46853,826362928,Remedios,Pino,46853
46854,383258950,Armando,Bru,46854
46855,631880974,Irene,Segura,46855
46856,746268671,Roque,Campillo,46856
46857,219680156,Jordana,Maza,46857
46858,869639863,Chus,Llorens,46858
46859,309980993,Melchor,Paez,46859
46860,860647331,Nicolasa,Jove,46860
46861,371711988,Vidal,Ordonez,46861
46862,132392069,Judith,Menendez,46862
46863,421228667,Juan Antonio,Carrasco,46863
46864,705214693,Regulo,Cerezo,46864
46865,418442956,Aureliano,Jerez,46865
46866,836426493,Emelina,Iriarte,46866
46867,104209717,Dimas,Escalona,46867
46868,155406736,Jenaro,Rivas,46868
46869,773856372,Nelida,Tormo,46869
46870,825637686,Atilio,Diaz,46870
46871,619091684,Agustin,Sevilla,46871
46872,378932291,Jovita,Ugarte,46872
46873,301321052,Eliana,Prieto,46873
46874,928054453,Maximiliano,Pombo,46874
46875,456045691,Amor,Jordan,46875
46876,858498670,Adan,Tomas,46876
46877,801891253,Elba,Carballo,46877
46878,117977461,Adelaida,Pinol,46878
46879,127777524,Conrado,Reguera,46879
46880,831668240,Angelica,Prat,46880
46881,368023319,Jose Angel,Bayona,46881
46882,403621648,Urbano,Enriquez,46882
46883,406455372,Victor,Maza,46883
46884,326555149,Asdrubal,Arnaiz,46884
46885,303064407,Paco,Carrillo,46885
46886,720575950,Luis Miguel,Pozo,46886
46887,361576719,Marino,Escalona,46887
46888,155066399,Iker,Borja,46888
46889,293996106,Eutropio,Aguila,46889
46890,182337743,Che,Tolosa,46890
46891,705190189,Genoveva,Mateo,46891
46892,719595129,Sol,Arino,46892
46893,901067143,Paloma,Pi,46893
46894,203332511,Maite,Frias,46894
46895,867246373,Fernanda,Benavente,46895
46896,351730640,Gabriel,Garrido,46896
46897,612281305,Gema,Castellanos,46897
46898,288367108,Odalis,Calderon,46898
46899,952960126,Dominga,Salmeron,46899
46900,765918908,Angelino,Dominguez,46900
46901,755924801,Ines,Matas,46901
46902,358569105,Rufino,Rivero,46902
46903,349538491,Nicanor,Vargas,46903
46904,875660208,Rolando,Feijoo,46904
46905,685102175,Manu,Velazquez,46905
46906,428921698,Eugenio,Villanueva,46906
46907,445058980,Begona,Landa,46907
46908,347828471,Marcia,Trillo,46908
46909,430130893,Custodio,Porta,46909
46910,237138984,Emilia,Herrero,46910
46911,395462233,Albano,Trujillo,46911
46912,470149683,Evita,Segui,46912
46913,845535300,Eligio,Barroso,46913
46914,688609722,Tania,Sanmartin,46914
46915,355864641,Juanita,Arrieta,46915
46916,818267065,Hermenegildo,Arregui,46916
46917,659635655,Silvio,Estevez,46917
46918,828266208,Chelo,Torralba,46918
46919,921515810,Candelario,Tirado,46919
46920,838106648,Nazaret,Figueroa,46920
46921,841563657,Rosario,Benito,46921
46922,541742550,Osvaldo,Paniagua,46922
46923,778825152,Amancio,Polo,46923
46924,668074168,Tere,Gallo,46924
46925,208016422,Rocio,Arregui,46925
46926,480446742,Sarita,Pelaez,46926
46927,764853921,Georgina,Azorin,46927
46928,921504002,Xavier,Escolano,46928
46929,819459507,Daniel,Angel,46929
46930,976876015,Sara,Valle,46930
46931,790886078,Saturnino,Cordero,46931
46932,501810325,Francisco,Saura,46932
46933,872360920,Nacho,Romero,46933
46934,565024978,Gaston,Palomino,46934
46935,305598154,Agustin,Moya,46935
46936,269723373,Alex,Conesa,46936
46937,561600787,Anastasio,Ortuno,46937
46938,260965264,Tono,Garrido,46938
46939,406938524,Javi,Blanch,46939
46940,666939419,Jeremias,Samper,46940
46941,942142231,Amancio,Adadia,46941
46942,925224568,Dora,Arteaga,46942
46943,304481895,Maria Manuela,Abellan,46943
46944,838470386,Gonzalo,Baron,46944
46945,976640580,Natalia,Bou,46945
46946,913163901,Carlos,Somoza,46946
46947,209467950,Seve,Carrasco,46947
46948,976863535,Efrain,Segura,46948
46949,109299825,Pepe,Cal,46949
46950,751598023,Marciano,Alvarado,46950
46951,516799643,Isa,Barral,46951
46952,808993893,Flavio,Paez,46952
46953,183744981,Esmeralda,Ledesma,46953
46954,307619677,Humberto,Zorrilla,46954
46955,233614600,Cayetana,Aviles,46955
46956,592013472,Angelina,Luque,46956
46957,918375529,Anastasio,Torres,46957
46958,510424870,Juan,Echeverria,46958
46959,828507573,Luisa,Leon,46959
46960,352815904,Moreno,Beltran,46960
46961,504227284,Hilda,Asenjo,46961
46962,170285769,Eufemia,Gisbert,46962
46963,539033184,Florinda,Parejo,46963
46964,708635145,Calixta,Castilla,46964
46965,313811337,Natalia,Marti,46965
46966,397462338,Pastora,Canete,46966
46967,824654098,Eva Maria,Ballesteros,46967
46968,412753279,Jose,Villanueva,46968
46969,482902234,Magdalena,Estevez,46969
46970,428332238,Fernando,Maldonado,46970
46971,815669217,Carolina,Castells,46971
46972,264364266,Isabela,Ariza,46972
46973,489501634,Benigno,Galvan,46973
46974,423890065,Serafina,Valentin,46974
46975,873062947,Carlos,Blanco,46975
46976,847699349,Bernardo,Adadia,46976
46977,598783132,Erasmo,Ripoll,46977
46978,359911303,Jacinto,Hernandez,46978
46979,569731700,Omar,Bas,46979
46980,512613510,Marta,Cordero,46980
46981,481502207,Emiliana,Montesinos,46981
46982,391440110,Flavia,Sedano,46982
46983,297420078,Carlito,Lopez,46983
46984,859046224,Juanito,Fuertes,46984
46985,128288395,Maximino,Bru,46985
46986,810970101,Benita,Ortiz,46986
46987,378323614,Loreto,Moliner,46987
46988,236998217,Dani,Calvo,46988
46989,918937266,Haydee,Collado,46989
46990,279890938,Inigo,Arce,46990
46991,357316935,Anunciacion,Robles,46991
46992,988320999,Demetrio,Manrique,46992
46993,154100001,Rebeca,Corominas,46993
46994,411471261,Herberto,Palma,46994
46995,605203647,Albino,Palomar,46995
46996,305196517,Macario,Amor,46996
46997,429579777,Herminio,Casado,46997
46998,194465878,Tiburcio,Maza,46998
46999,902269875,Montserrat,Ferrera,46999
47000,251067534,Silvia,Manso,47000
47001,526665283,Maria Teresa,Tome,47001
47002,159649694,Marita,Blazquez,47002
47003,272257477,Clotilde,Toro,47003
47004,799418563,Malena,Delgado,47004
47005,576210716,Gregorio,Agusti,47005
47006,508578468,Consuelo,Marquez,47006
47007,373758825,Flavio,Azcona,47007
47008,330575162,Jose Maria,Costa,47008
47009,511822499,Santos,Peinado,47009
47010,786180825,Sergio,Alegre,47010
47011,872619754,Ines,Saavedra,47011
47012,951755450,David,Aramburu,47012
47013,799989095,Jose Angel,Roda,47013
47014,732960128,Rafael,Iglesia,47014
47015,442707976,Consuela,Verdejo,47015
47016,436124364,Daniela,Armas,47016
47017,940043452,Leonel,Chaparro,47017
47018,384272961,Victor Manuel,Osorio,47018
47019,932927149,Octavia,Perez,47019
47020,650101411,Tadeo,Espinosa,47020
47021,154979889,Irene,Benitez,47021
47022,569011455,Wilfredo,Ponce,47022
47023,543252142,Violeta,Carrera,47023
47024,272072202,Nicanor,Sedano,47024
47025,934674135,Marcos,Gelabert,47025
47026,315814987,Amparo,Herrera,47026
47027,278006819,Epifanio,Quevedo,47027
47028,669171770,Olimpia,Diez,47028
47029,841035688,Eladio,Barbero,47029
47030,904398721,Ileana,Olive,47030
47031,558337811,Hermenegildo,Berrocal,47031
47032,241719712,Eustaquio,Camacho,47032
47033,422412889,Jenaro,Montserrat,47033
47034,866666150,Nidia,Salazar,47034
47035,605171264,Belen,Alfonso,47035
47036,517908652,Amaya,Dominguez,47036
47037,338532162,Lope,Lledo,47037
47038,191486499,Candelaria,Llado,47038
47039,181719554,Lisandro,Davila,47039
47040,242836468,Dimas,Soler,47040
47041,410008629,Rosalia,Cerda,47041
47042,844125957,Hugo,Monreal,47042
47043,572174823,Araceli,Barrera,47043
47044,626894192,Felix,Ripoll,47044
47045,255905436,Serafina,Quevedo,47045
47046,361171745,Amando,Vargas,47046
47047,832008442,Teodoro,Suarez,47047
47048,581889741,Teodosio,Saura,47048
47049,353265409,Jose Antonio,Sobrino,47049
47050,854237778,Fabiola,Mayol,47050
47051,262605300,Emiliano,Sancho,47051
47052,774214766,Isidora,Flores,47052
47053,613639872,Jose Ramon,Villaverde,47053
47054,408384350,Nicanor,Bolanos,47054
47055,514778098,Constanza,Sevilla,47055
47056,841468087,Emigdio,Rivero,47056
47057,446918035,Dimas,Amaya,47057
47058,282026347,Encarnita,Julian,47058
47059,199532985,Rosaura,Cabezas,47059
47060,402323574,Haroldo,Arteaga,47060
47061,114301080,Jorge,Acuna,47061
47062,818689901,Valerio,Cortina,47062
47063,192745434,Magdalena,Balaguer,47063
47064,579517836,Carlos,Rodenas,47064
47065,499549038,Pelayo,Jara,47065
47066,137060832,Efrain,Rosell,47066
47067,404314167,Caridad,Donaire,47067
47068,400200077,Soledad,Coll,47068
47069,683933723,Gloria,Paez,47069
47070,372575974,Otilia,Cruz,47070
47071,722339042,Nazario,Carranza,47071
47072,892134792,Rocio,Palacio,47072
47073,633611792,Telmo,Cerezo,47073
47074,370284318,Pepita,Roman,47074
47075,137155168,Cayetana,Puig,47075
47076,916714828,Jennifer,Arnaiz,47076
47077,503552890,Agueda,Sierra,47077
47078,708192306,Valeria,Rozas,47078
47079,353830883,Maxi,Talavera,47079
47080,392866839,Claudia,Delgado,47080
47081,532067829,Vera,Bayon,47081
47082,979344894,Jorge,Lucas,47082
47083,928271184,Amalia,Oliva,47083
47084,838372141,Severo,Narvaez,47084
47085,541221350,Lucio,Cerro,47085
47086,341500080,Pio,Exposito,47086
47087,131423566,Samanta,Villena,47087
47088,340550984,Ruben,Parejo,47088
47089,308135906,Baltasar,Amoros,47089
47090,567339705,Martirio,Arnaiz,47090
47091,564406608,Otilia,Duenas,47091
47092,679179639,Melania,Castello,47092
47093,902137335,Nacio,Mir,47093
47094,357224497,Hugo,Segovia,47094
47095,825472179,Jesusa,Salinas,47095
47096,119454366,Gervasio,Barba,47096
47097,363266074,Camila,Carro,47097
47098,693450913,Piedad,Zabala,47098
47099,515299707,Dorita,Montes,47099
47100,204336823,Alcides,Viana,47100
47101,715823439,Paola,Simo,47101
47102,839114129,Maria Jesus,Belda,47102
47103,833865849,Benito,Casas,47103
47104,939187455,Ciriaco,Estevez,47104
47105,722233822,Agustina,Zabaleta,47105
47106,317977147,Vito,Alamo,47106
47107,691420905,Dalila,Riquelme,47107
47108,973624136,Juan Manuel,Casals,47108
47109,714529371,Toni,Sarabia,47109
47110,581561623,Victor,Rebollo,47110
47111,592243400,Carmelita,Palmer,47111
47112,740864858,Victor,Milla,47112
47113,315077043,Jose Maria,Almazan,47113
47114,170086199,Ceferino,Alberola,47114
47115,971495552,Andrea,Mesa,47115
47116,894152346,Bernardo,Talavera,47116
47117,929533684,Haydee,Agudo,47117
47118,859844073,Rosario,Figueroa,47118
47119,768299816,Dionisio,Becerra,47119
47120,467431176,Natividad,Barral,47120
47121,764536956,Aroa,Querol,47121
47122,394454330,Donato,Acosta,47122
47123,703039225,Juan Francisco,Vendrell,47123
47124,510205366,Celestino,Sacristan,47124
47125,237538540,Almudena,Lobo,47125
47126,447889251,Lupe,Grande,47126
47127,406258098,Alejandro,Rivas,47127
47128,478817813,Eduardo,Anaya,47128
47129,400626509,Berta,Mancebo,47129
47130,357137460,Marisela,Cortes,47130
47131,659908887,Irma,Fabregas,47131
47132,782478082,Asuncion,Torralba,47132
47133,373941189,Chelo,Giner,47133
47134,685576315,Martin,Ochoa,47134
47135,410419505,Leocadio,Julian,47135
47136,892530250,Catalina,Cuenca,47136
47137,355611969,Manuel,Baeza,47137
47138,204680980,Nadia,Barrera,47138
47139,629328213,Yago,Abril,47139
47140,791291546,Jenny,Zamorano,47140
47141,174828513,Telmo,Carrasco,47141
47142,710868850,Nelida,Montserrat,47142
47143,664281491,Bautista,Jurado,47143
47144,793346008,Maria Teresa,Silva,47144
47145,862895301,Evita,Exposito,47145
47146,431820959,Joaquin,Ojeda,47146
47147,327285226,Javi,Badia,47147
47148,676393664,Arcelia,Baena,47148
47149,602028336,Romulo,Marques,47149
47150,399450775,Judith,Almeida,47150
47151,253797932,Baltasar,Bartolome,47151
47152,513377451,Piedad,Neira,47152
47153,607917696,Flor,Gaya,47153
47154,153451226,Diego,Vaquero,47154
47155,856518736,Rosa,Llobet,47155
47156,518967297,Eligia,Navas,47156
47157,483959527,Luna,Torrijos,47157
47158,345172648,Marciano,Arnaiz,47158
47159,358876473,Nicolas,Cortes,47159
47160,541341645,Octavia,Coello,47160
47161,232543012,Trinidad,Giner,47161
47162,262938099,Luz,Samper,47162
47163,879824879,Maxima,Casado,47163
47164,120486195,Flavio,Cabrera,47164
47165,316497331,Hernando,Calzada,47165
47166,425448375,Geronimo,Vilanova,47166
47167,348791579,Chita,Salcedo,47167
47168,637636828,Isa,Lumbreras,47168
47169,587416788,Gabriela,Benavente,47169
47170,633631693,Juan,Canete,47170
47171,816133689,Virgilio,Alcantara,47171
47172,143840935,Federico,Maldonado,47172
47173,766277737,Graciano,Suarez,47173
47174,209529808,Dan,Santamaria,47174
47175,317755882,Iban,Bayona,47175
47176,200109085,Florentina,Tello,47176
47177,158387519,Ofelia,Rosa,47177
47178,979997933,Ignacio,Frias,47178
47179,431012039,Reinaldo,Sanz,47179
47180,522586607,Gaston,Guzman,47180
47181,788400695,Tadeo,Mendez,47181
47182,749184372,Gabriel,Luque,47182
47183,584766210,Narciso,Cuellar,47183
47184,933506040,Gabino,Blazquez,47184
47185,598212624,Gertrudis,Palacio,47185
47186,583287772,Emilia,Busquets,47186
47187,400555583,Marcia,Carbonell,47187
47188,806239211,Maria Dolores,Moliner,47188
47189,628271068,Obdulia,Huerta,47189
47190,416054178,Adalberto,Recio,47190
47191,959008221,Eligia,Barba,47191
47192,541345476,Mamen,Perera,47192
47193,866352811,Diana,Cozar,47193
47194,820471151,Lidia,Carnero,47194
47195,515019649,Hugo,Villalba,47195
47196,140394707,Consuelo,Alfonso,47196
47197,612397848,Remedios,Medina,47197
47198,508122271,Pia,Olmo,47198
47199,524748800,Victor,Varela,47199
47200,212729959,Maximiliano,Rodenas,47200
47201,921306238,Chus,Pinol,47201
47202,291008648,Maria Jesus,Yuste,47202
47203,562986441,Heraclio,Lucas,47203
47204,877249418,Maria Belen,Rosa,47204
47205,376245934,Faustino,Sosa,47205
47206,917525053,Hugo,Jimenez,47206
47207,750843453,Mamen,Pulido,47207
47208,438383455,Ariadna,Torrens,47208
47209,538769583,Encarna,Arco,47209
47210,378168674,Martin,Alcaraz,47210
47211,811075007,Hernando,Garzon,47211
47212,270865844,Lola,Cortina,47212
47213,414672772,Ani,Jove,47213
47214,253789018,Martin,Montero,47214
47215,553936697,Ismael,Alfonso,47215
47216,382222461,Maria Belen,Bertran,47216
47217,818989525,Joel,Yuste,47217
47218,358899204,Rufino,Ramis,47218
47219,302202046,Albano,Reig,47219
47220,822440397,Antonia,Ruiz,47220
47221,256052595,Luna,Pombo,47221
47222,824695110,Rico,Maestre,47222
47223,766532948,Tristan,Castillo,47223
47224,666688035,Eliana,Ariza,47224
47225,675414223,Porfirio,Ponce,47225
47226,245141807,Lino,Fiol,47226
47227,467801332,Gertrudis,Gomila,47227
47228,889778285,Sandra,Garate,47228
47229,518313046,Begona,Arroyo,47229
47230,245702063,Maria Angeles,Fuster,47230
47231,460677777,Matias,Cuenca,47231
47232,947325073,Carlito,Pacheco,47232
47233,142312937,Felix,Miralles,47233
47234,120828857,Amancio,Zaragoza,47234
47235,722335486,Camila,Barragan,47235
47236,930243850,Maria Teresa,Vilalta,47236
47237,599543982,Encarnita,Guillen,47237
47238,794210296,Agueda,Oller,47238
47239,758835809,Maria Pilar,Reyes,47239
47240,412827100,Jafet,Codina,47240
47241,385348133,Mirta,Iborra,47241
47242,375361925,Renato,Duenas,47242
47243,381429667,Telmo,Carrillo,47243
47244,914035960,Malena,Leon,47244
47245,505742210,Cloe,Ibanez,47245
47246,971076606,Jose Antonio,Lluch,47246
47247,554260933,Sofia,Cortina,47247
47248,448251580,Gervasio,Arroyo,47248
47249,475561620,Rosaura,Ferrer,47249
47250,466333485,Silvestre,Valls,47250
47251,850630734,Julio Cesar,Diego,47251
47252,859201736,Isaac,Ferran,47252
47253,737418046,Juan Carlos,Davila,47253
47254,577932695,Matias,Jorda,47254
47255,792790921,Elisa,Lerma,47255
47256,690799722,Juan Pablo,Ramos,47256
47257,525142760,Guadalupe,Aragon,47257
47258,253764912,Dolores,Ortuno,47258
47259,454303514,Fernanda,Gamez,47259
47260,336300795,Che,Roldan,47260
47261,758624058,Herminio,Martinez,47261
47262,339154403,Rodolfo,Agullo,47262
47263,368167639,Eva Maria,Pages,47263
47264,362063345,Candelario,Casanovas,47264
47265,348022965,Carolina,Criado,47265
47266,512244942,Norberto,Abascal,47266
47267,527058603,Jeronimo,Perez,47267
47268,135397043,Emiliana,Hurtado,47268
47269,699984987,Amaro,Bueno,47269
47270,578248110,Emigdio,Perez,47270
47271,313289328,Anabel,Barrio,47271
47272,420048854,Ovidio,Quintanilla,47272
47273,841781888,Nelida,Gonzalez,47273
47274,957554590,Iker,Rosello,47274
47275,890295275,Margarita,Cordero,47275
47276,734458386,Marta,Acedo,47276
47277,517016618,Salome,Farre,47277
47278,196359284,Ciro,Linares,47278
47279,222330644,Feliciano,Amat,47279
47280,420128096,Rosaura,Tovar,47280
47281,444772974,Catalina,Cabrera,47281
47282,432819257,Gaston,Tomas,47282
47283,139186833,Hortensia,Valenzuela,47283
47284,485727288,Juanito,Arjona,47284
47285,794918432,Viviana,Gallart,47285
47286,410111862,Damian,Bosch,47286
47287,306507654,Raquel,Ochoa,47287
47288,897932062,Agapito,Pastor,47288
47289,124437679,Gerardo,Rosa,47289
47290,391831414,Urbano,Giner,47290
47291,924847256,Narciso,Coll,47291
47292,373674468,Amada,Farre,47292
47293,110379653,Pacifica,Antunez,47293
47294,432622722,Isidoro,Infante,47294
47295,574502977,Seve,Lluch,47295
47296,760243475,Petrona,Caballero,47296
47297,706565384,Luz,Morcillo,47297
47298,244295003,Amada,Izaguirre,47298
47299,537453006,Panfilo,Otero,47299
47300,660627468,Beatriz,Burgos,47300
47301,748185530,Eloisa,Castellanos,47301
47302,882219044,Manuelita,Rueda,47302
47303,609627729,Marta,Garay,47303
47304,278872983,Eulalia,Calvet,47304
47305,556616328,Lisandro,Marcos,47305
47306,306523110,Rosendo,Nino,47306
47307,506729943,Lino,Estevez,47307
47308,458596625,Ildefonso,Arevalo,47308
47309,900615983,Claudia,Arribas,47309
47310,887246807,Julieta,Lozano,47310
47311,968201884,Clementina,Rosello,47311
47312,667324306,Miriam,Gutierrez,47312
47313,790836556,Olimpia,Pineiro,47313
47314,217837115,Emiliano,Castillo,47314
47315,370567423,Fernanda,Banos,47315
47316,743543949,Chucho,Llobet,47316
47317,400620068,Victor Manuel,Valle,47317
47318,687841640,Cesar,Pinilla,47318
47319,667088782,Agata,Pinilla,47319
47320,545948119,Soledad,Riquelme,47320
47321,605584207,Valentina,Ugarte,47321
47322,974556743,Loreto,Paniagua,47322
47323,942381670,Reynaldo,Luz,47323
47324,882409788,Marcelo,Palomares,47324
47325,915593641,Virgilio,Vega,47325
47326,237940224,Paco,Otero,47326
47327,996416230,Anselma,Torrent,47327
47328,258256710,Martina,Amaya,47328
47329,940506197,Flor,Barrio,47329
47330,909949758,Vidal,Delgado,47330
47331,134473850,Luis,Melero,47331
47332,627444456,Roman,Villa,47332
47333,868523247,Elodia,Fonseca,47333
47334,554313058,Cayetano,Amores,47334
47335,765846886,Aitor,Ferrando,47335
47336,126342220,Purificacion,Garzon,47336
47337,578220661,Mirta,Palomar,47337
47338,239321109,Noa,Zurita,47338
47339,419082910,Dulce,Mur,47339
47340,785445467,Leandro,Sanmiguel,47340
47341,564030686,Matias,Vilaplana,47341
47342,593250596,Benigna,Bonilla,47342
47343,550592860,Baudelio,Saez,47343
47344,193857744,Florina,Briones,47344
47345,278909142,Tiburcio,Salgado,47345
47346,948532376,Jose Ramon,Batlle,47346
47347,645543622,Felix,Campoy,47347
47348,363423516,Lope,Nogueira,47348
47349,134416397,Jose Ignacio,Bertran,47349
47350,774307426,Guillermo,Roig,47350
47351,327725278,Armando,Llorens,47351
47352,503791397,Nydia,Losada,47352
47353,968392762,Florencio,Mari,47353
47354,748288302,Ismael,Castejon,47354
47355,574934823,Natalia,Aguilo,47355
47356,433035581,Federico,Vives,47356
47357,928396356,Espiridion,Cornejo,47357
47358,608483784,Angel,Olivares,47358
47359,832641694,Emma,Aranda,47359
47360,143336472,Venceslas,Pareja,47360
47361,109623435,Encarnacion,Caballero,47361
47362,837767007,Leocadia,Cerro,47362
47363,246374471,Alba,Arenas,47363
47364,469986849,Nadia,Cobo,47364
47365,914674835,Eugenia,Gabaldon,47365
47366,853599698,Noa,Izquierdo,47366
47367,111559688,Anna,Pedraza,47367
47368,153686793,Nando,Rico,47368
47369,494650361,Nadia,Diez,47369
47370,981986545,Ulises,Escalona,47370
47371,352697300,Juan Manuel,Escribano,47371
47372,159710987,Eligia,Sainz,47372
47373,282280968,Nicanor,Velazquez,47373
47374,449525462,Encarnacion,Alegria,47374
47375,301862961,Patricia,Higueras,47375
47376,250134624,Ovidio,Pujol,47376
47377,539111115,Lara,Escamilla,47377
47378,384630891,Fabiana,Marin,47378
47379,388896152,Aitor,Amigo,47379
47380,409892223,Aurora,Grande,47380
47381,985217514,Venceslas,Blazquez,47381
47382,721312335,Julio Cesar,Arnal,47382
47383,892251902,Petrona,Parra,47383
47384,471533162,Juan Francisco,Baena,47384
47385,416835026,Sosimo,Barba,47385
47386,389067108,Xiomara,Villaverde,47386
47387,876089103,Cecilio,Ortega,47387
47388,274235224,Maria Carmen,Lerma,47388
47389,597828309,Heriberto,Calderon,47389
47390,615128460,Nicolas,Estevez,47390
47391,280582083,Leocadia,Noriega,47391
47392,906539377,Teresa,Briones,47392
47393,918879809,Felix,Roura,47393
47394,974253227,Diana,Villalonga,47394
47395,177935171,Martirio,Pereira,47395
47396,597625652,Esperanza,Font,47396
47397,841951829,Gisela,Olmo,47397
47398,745211470,Lupe,Garcia,47398
47399,564889696,Merche,Lara,47399
47400,134188550,Curro,Verdu,47400
47401,752347662,Anibal,Uriarte,47401
47402,479643678,Luz,Baquero,47402
47403,427862465,Socorro,Novoa,47403
47404,341943092,Tere,Aviles,47404
47405,966143164,Nereida,Gallardo,47405
47406,453700759,Esteban,Pou,47406
47407,710571544,Mar,Franch,47407
47408,130963841,Sonia,Carreno,47408
47409,444299259,Ciriaco,Serra,47409
47410,352950892,Yessica,Iniguez,47410
47411,447213714,Carlito,Valbuena,47411
47412,652511112,Gisela,Leon,47412
47413,287252220,Amada,Nicolas,47413
47414,531684458,Oscar,Cabello,47414
47415,676790410,Almudena,Solano,47415
47416,333710495,Poncio,Cortina,47416
47417,101292877,Olga,Cuadrado,47417
47418,713021552,Augusto,Azorin,47418
47419,460514421,Benita,Hernandez,47419
47420,639123740,Ximena,Boix,47420
47421,653101739,Manola,Paniagua,47421
47422,640235633,Jose Carlos,Real,47422
47423,590944316,Amanda,Escriva,47423
47424,104580721,Leon,Sierra,47424
47425,163903998,Morena,Saez,47425
47426,419978814,Yessica,Mur,47426
47427,347585091,Mariano,Acevedo,47427
47428,985849826,Donato,Barbero,47428
47429,415653276,Chita,Pastor,47429
47430,356220646,Maximiliano,Borrell,47430
47431,585763470,Ruth,Escribano,47431
47432,281476135,Natividad,Cuellar,47432
47433,103842460,Juan Antonio,Plana,47433
47434,308481662,Gerardo,Borras,47434
47435,204672458,Sebastian,Miralles,47435
47436,240058375,Goyo,Elorza,47436
47437,147812239,Teodoro,Jimenez,47437
47438,525556399,Nacio,Jove,47438
47439,196592260,Aitor,Serna,47439
47440,608436958,Jose Ramon,Riba,47440
47441,871636430,Cruz,Velez,47441
47442,762903685,Leocadio,Herranz,47442
47443,305234801,Ismael,Cabeza,47443
47444,425521761,Tere,Ferrandez,47444
47445,880443702,Danilo,Barcena,47445
47446,969908695,Jose Angel,Cuenca,47446
47447,561891752,Marita,Cazorla,47447
47448,464804752,Albino,Rosello,47448
47449,798360403,Iris,Carbajo,47449
47450,403640556,Emiliano,Exposito,47450
47451,449357267,Baudelio,Pelaez,47451
47452,655466302,Cirino,Planas,47452
47453,162929742,Florentina,Lucas,47453
47454,960004004,Gala,Coello,47454
47455,656785385,Damian,Melendez,47455
47456,396919132,Mercedes,Orozco,47456
47457,645289168,Juan Antonio,Barral,47457
47458,738847817,Paca,Peral,47458
47459,713068705,Claudia,Gaya,47459
47460,431485532,Edelmiro,Ledesma,47460
47461,740918513,Herberto,Torrent,47461
47462,551615284,Conrado,Caro,47462
47463,736541991,Amancio,Bautista,47463
47464,241986006,Hernan,Martinez,47464
47465,850584281,Feliciana,Vargas,47465
47466,893970110,Dalila,Arevalo,47466
47467,950365357,Jacinta,Alarcon,47467
47468,808954293,Natividad,Gomez,47468
47469,127621030,Felipa,Vara,47469
47470,936972510,Valero,Roig,47470
47471,591705912,Rene,Landa,47471
47472,811823277,Eloy,Linares,47472
47473,135218150,Azucena,Sedano,47473
47474,705244994,Lucas,Cervantes,47474
47475,895531917,Roberta,Verdejo,47475
47476,474105676,Bernabe,Munoz,47476
47477,197326639,Carmelo,Villa,47477
47478,443894272,Patricia,Jara,47478
47479,356226241,Miguel Angel,Osorio,47479
47480,671650595,Piedad,Solis,47480
47481,536329623,Jacinta,Mora,47481
47482,325768529,Florentina,Valles,47482
47483,983753699,Jordi,Alemany,47483
47484,973199843,Eduardo,Angel,47484
47485,799674833,Norberto,Montesinos,47485
47486,710647412,Ulises,Ribas,47486
47487,880561218,Marisa,Montalban,47487
47488,955779278,Eutimio,Martinez,47488
47489,638618729,Apolinar,Flores,47489
47490,434358534,Jose Angel,Padilla,47490
47491,923917884,Selena,Velasco,47491
47492,113914084,Eloy,Tomas,47492
47493,991373005,Casandra,Julian,47493
47494,397749332,Aureliano,Castejon,47494
47495,682689174,Purificacion,Parra,47495
47496,943666836,Debora,Cobos,47496
47497,628333285,Chelo,Lara,47497
47498,506515084,Maribel,Bauza,47498
47499,791388505,Mayte,Vilaplana,47499
47500,514273193,Nazario,Santana,47500
47501,459860505,Jenny,Miranda,47501
47502,697696506,Paco,Oliva,47502
47503,280900403,Martina,Barrena,47503
47504,757208539,Geronimo,Roda,47504
47505,366332123,Maria Pilar,Galvan,47505
47506,868210412,Ezequiel,Goicoechea,47506
47507,221361650,Lazaro,Riquelme,47507
47508,332187699,Paulina,Criado,47508
47509,982800151,Javi,Delgado,47509
47510,864029510,Clarisa,Castejon,47510
47511,974732421,Jose Miguel,Cazorla,47511
47512,240771449,Fabiana,Ortega,47512
47513,193269056,Noa,Iriarte,47513
47514,810458777,Patricia,Calderon,47514
47515,590096709,Trinidad,Gaya,47515
47516,813143951,Susana,Ojeda,47516
47517,471945886,Celia,Castello,47517
47518,916400495,Isaac,Asensio,47518
47519,430741153,Mayte,Carrillo,47519
47520,399606626,Paola,Belda,47520
47521,155680384,Victor,Jaen,47521
47522,184457744,Sandra,Royo,47522
47523,890681648,Amarilis,Pino,47523
47524,494964868,Manu,Zapata,47524
47525,722749899,Ceferino,Ricart,47525
47526,549027231,Gil,Estrada,47526
47527,438866156,Etelvina,Sanmartin,47527
47528,132369591,Galo,Antunez,47528
47529,778569599,Carmina,Anguita,47529
47530,711815044,Edmundo,Torrens,47530
47531,261838745,Pastor,Anton,47531
47532,748309523,Paola,Diez,47532
47533,612105088,Blanca,Garcia,47533
47534,595142229,Soraya,Carbo,47534
47535,850775180,Evangelina,Zamora,47535
47536,346398993,Reyes,Roura,47536
47537,271985082,Raul,Sancho,47537
47538,218778360,Joan,Arco,47538
47539,782478441,Francisco Jose,Segovia,47539
47540,429949010,Angeles,Llado,47540
47541,957947971,Paulina,Coloma,47541
47542,477589020,Maricela,Dominguez,47542
47543,807701279,Gaston,Rodrigo,47543
47544,245815743,Rosa Maria,Puig,47544
47545,156060949,Gil,Sacristan,47545
47546,747980351,Juanita,Llorente,47546
47547,445659168,Benjamin,Solis,47547
47548,195890186,Chus,Alegre,47548
47549,911640799,Eva Maria,Corbacho,47549
47550,866940667,Saturnina,Espada,47550
47551,159372535,Ricardo,Cervera,47551
47552,620337071,Fermin,Castello,47552
47553,839656972,Juanito,Osuna,47553
47554,513380635,Jose,Casanovas,47554
47555,426203946,Rufina,Rosell,47555
47556,333830294,Maria Carmen,Chaves,47556
47557,950753200,Julian,Lledo,47557
47558,271555349,Macario,Rodriguez,47558
47559,587215974,Cristina,Ramos,47559
47560,851981264,Leon,Casas,47560
47561,821963493,Crescencia,Salva,47561
47562,421195021,Miguel,Gallardo,47562
47563,404357851,Abigail,Jimenez,47563
47564,554612239,Valeria,Villa,47564
47565,982180936,Abel,Benito,47565
47566,981216739,Diego,Barriga,47566
47567,828493034,Ricardo,Hervas,47567
47568,242957304,Viviana,Prada,47568
47569,188243362,Loreto,Borrell,47569
47570,216279344,Rosalinda,Barcena,47570
47571,231880779,Ofelia,Llabres,47571
47572,637120191,Raquel,Alberdi,47572
47573,413762727,Olalla,Araujo,47573
47574,453652160,Olalla,Hernandez,47574
47575,296111564,Pelayo,Morata,47575
47576,629110368,Chema,Arellano,47576
47577,391686279,Alvaro,Fuente,47577
47578,973425597,Maria Manuela,Palomino,47578
47579,892655027,Amarilis,Toledo,47579
47580,118746636,Adoracion,Carranza,47580
47581,810755928,Valerio,Bravo,47581
47582,691064124,Ivan,Ramos,47582
47583,556258030,Ruy,Benavides,47583
47584,854256113,Vito,Falcon,47584
47585,895038014,Armando,Cabezas,47585
47586,692741824,Ramon,Font,47586
47587,846163213,Filomena,Montes,47587
47588,382199305,Estefania,Rueda,47588
47589,482689474,Visitacion,Velez,47589
47590,806011765,Georgina,Cerda,47590
47591,270160153,Araceli,Mora,47591
47592,514470081,Leonor,Querol,47592
47593,756152356,Juan Pablo,Abella,47593
47594,921433402,Inocencio,Vinas,47594
47595,678093117,Arcelia,Portero,47595
47596,950750634,Marcela,Acosta,47596
47597,985480199,Jeremias,Pol,47597
47598,253491969,Juan Antonio,Conesa,47598
47599,995546383,Flavia,Roman,47599
47600,927592455,Carina,Gutierrez,47600
47601,669998944,Ciriaco,Corral,47601
47602,766772318,Ricardo,Buendia,47602
47603,998550374,Ambrosio,Giralt,47603
47604,946691822,Isabel,Llado,47604
47605,765559858,Teodosio,Espanol,47605
47606,283725984,Carina,Guillen,47606
47607,841857997,Marcos,Mendez,47607
47608,334984670,Primitivo,Gallo,47608
47609,673288769,Melisa,Verdugo,47609
47610,935371975,Tadeo,Pina,47610
47611,945310187,Oriana,Iniesta,47611
47612,958669305,Kike,Elias,47612
47613,566907529,Fermin,Canovas,47613
47614,526856179,Odalys,Belda,47614
47615,141420762,Zaida,Olivares,47615
47616,720298834,Raul,Angel,47616
47617,400357712,Natalio,Torre,47617
47618,111177068,Gabriel,Orozco,47618
47619,503270587,Marianela,Vaquero,47619
47620,869436050,Luz,Castro,47620
47621,473137765,Teo,Gimenez,47621
47622,994621944,Aristides,Ocana,47622
47623,133411858,Belen,Tamarit,47623
47624,169621325,Cristina,Benet,47624
47625,365724755,Ciriaco,Saez,47625
47626,476300711,Concha,Salinas,47626
47627,365962705,Almudena,Barcena,47627
47628,589690981,Chus,Arevalo,47628
47629,643695012,Ana Belen,Gimeno,47629
47630,905491672,Jose Angel,Zaragoza,47630
47631,151289066,Severiano,Amo,47631
47632,798475577,Lorenza,Taboada,47632
47633,760041770,Gregorio,Diez,47633
47634,461561890,Ainoa,Roig,47634
47635,553133482,Melchor,Palacios,47635
47636,637410837,Albino,Seco,47636
47637,379001217,Macaria,Rivas,47637
47638,266510862,Soraya,Moya,47638
47639,561128010,Sancho,Girona,47639
47640,213176467,Valentina,Cabanas,47640
47641,979739781,Pacifica,Cespedes,47641
47642,956801962,Silvestre,Elias,47642
47643,952541742,Armida,Fortuny,47643
47644,982984502,Olivia,Gibert,47644
47645,485064148,Javier,Uria,47645
47646,197488135,Lilia,Leiva,47646
47647,357856997,Lara,Vilar,47647
47648,962275152,Gregorio,Garay,47648
47649,598318344,Dorita,Rosales,47649
47650,894640920,Olalla,Arnaiz,47650
47651,953774579,Manuel,Royo,47651
47652,517966436,Silvio,Andreu,47652
47653,634015689,Maura,Rosado,47653
47654,900354266,Gaspar,Marti,47654
47655,139801610,Sebastian,Saavedra,47655
47656,390424209,Dolores,Pavon,47656
47657,704353088,Quirino,Cueto,47657
47658,602363385,Pelayo,Tejedor,47658
47659,363578037,Fidel,Ros,47659
47660,205941182,Barbara,Reyes,47660
47661,370946827,Dora,Huguet,47661
47662,576927683,Aurea,Comas,47662
47663,333279500,Eleuterio,Mancebo,47663
47664,737737517,Pacifica,Lopez,47664
47665,438380742,Bernarda,Calleja,47665
47666,307021794,Maria Jesus,Valle,47666
47667,763352515,Daniel,Rivas,47667
47668,375737531,Marita,Verdu,47668
47669,265944395,Rosalia,Ribas,47669
47670,747057402,Alicia,Tenorio,47670
47671,732840737,Ciriaco,Calvet,47671
47672,362829709,Teodora,Armas,47672
47673,303806633,Vera,Santamaria,47673
47674,147435118,Amando,Montserrat,47674
47675,596212279,Ximena,Castrillo,47675
47676,182641167,Sabina,Alonso,47676
47677,383669521,Marianela,Iriarte,47677
47678,440085708,Rosa,Bernat,47678
47679,252003953,Amado,Leal,47679
47680,466170912,Bernardo,Baquero,47680
47681,835809062,Hermenegildo,Mari,47681
47682,209678490,Gloria,Arnau,47682
47683,666194715,Candelario,Noguera,47683
47684,984622080,Eduardo,Merino,47684
47685,786313163,David,Calleja,47685
47686,358014085,Isidora,Espana,47686
47687,679561681,Jeronimo,Contreras,47687
47688,480975890,Dorita,Colomer,47688
47689,453315305,Calisto,Zurita,47689
47690,727193945,Florentino,Milla,47690
47691,335170505,Clarisa,Valentin,47691
47692,801281518,Loida,Pina,47692
47693,237820042,Manola,Albero,47693
47694,897741048,Socorro,Ferreras,47694
47695,441781820,Panfilo,Carnero,47695
47696,574193651,Nilda,Galvan,47696
47697,658439231,Guadalupe,Gabaldon,47697
47698,136503316,Sebastian,Valverde,47698
47699,828159110,Odalys,Cuevas,47699
47700,826687279,Roxana,Olmedo,47700
47701,223370003,Geraldo,Boada,47701
47702,173734961,Rosaura,Morell,47702
47703,905871165,Emiliano,Lopez,47703
47704,849628774,Delia,Pino,47704
47705,562056492,Nando,Rodrigo,47705
47706,286632948,Isaura,Arana,47706
47707,461085101,Fabio,Leon,47707
47708,328004114,Micaela,Conde,47708
47709,421484444,Florentino,Noguera,47709
47710,202790651,Kike,Barranco,47710
47711,286614949,Reynaldo,Borja,47711
47712,504179197,Ramiro,Gallart,47712
47713,907147756,Lidia,Carrillo,47713
47714,558509073,Jenny,Lobo,47714
47715,535458888,Maribel,Pelaez,47715
47716,684122649,Marcos,Alfonso,47716
47717,685088926,Edelmiro,Anglada,47717
47718,951882748,Primitivo,Anton,47718
47719,439014679,Rosalva,Viana,47719
47720,449804028,Pili,Gutierrez,47720
47721,395489257,Seve,Bravo,47721
47722,745014114,Delfina,Planas,47722
47723,790831634,Ambrosio,Botella,47723
47724,898214695,Onofre,Aragones,47724
47725,662798529,Matias,Porcel,47725
47726,815618916,Emilio,Torrent,47726
47727,934312737,Victoria,Blasco,47727
47728,373988100,Juan,Moraleda,47728
47729,361707390,Edelmira,Sosa,47729
47730,332547330,Jose Carlos,Llanos,47730
47731,830881981,Lourdes,Moya,47731
47732,470481728,Dorotea,Bello,47732
47733,296634795,Lucia,Zabaleta,47733
47734,679108732,Ruy,Dominguez,47734
47735,403145304,Genoveva,Leiva,47735
47736,547847694,Jaime,Barriga,47736
47737,881676851,Sebastian,Penalver,47737
47738,169031033,Susana,Toledo,47738
47739,674749907,Anastasia,Rossello,47739
47740,359733848,Alex,Lujan,47740
47741,779970797,Soraya,Escobar,47741
47742,982436677,Pastor,Minguez,47742
47743,827640745,Teodosio,Pascual,47743
47744,118686610,Leticia,Llamas,47744
47745,535220460,Sancho,Orozco,47745
47746,183791916,Regulo,Zurita,47746
47747,512300666,Ariel,Millan,47747
47748,497013396,Blas,Ramos,47748
47749,662675220,Fabiola,Salvador,47749
47750,344539965,Cloe,Gordillo,47750
47751,627187865,Casemiro,Jover,47751
47752,284319851,Paulino,Canellas,47752
47753,172316484,Paulino,Cozar,47753
47754,273979810,Gaston,Salamanca,47754
47755,117741779,Pili,Espana,47755
47756,441517838,Jose Manuel,Esparza,47756
47757,146369126,Amador,Ribera,47757
47758,378540722,Maribel,Alegre,47758
47759,827401565,Pio,Tejera,47759
47760,325008317,Primitivo,Nevado,47760
47761,364669790,Manuel,Arias,47761
47762,391394890,Nereida,Rocamora,47762
47763,389952402,Nestor,Escalona,47763
47764,705738435,Carlos,Briones,47764
47765,902979223,Nydia,Vilalta,47765
47766,698330785,Marina,Flores,47766
47767,116698610,Hector,Roma,47767
47768,981747755,Loreto,Roma,47768
47769,657202511,Nereida,Aguirre,47769
47770,368000558,Jenaro,Ayllon,47770
47771,368093753,Hortensia,Amat,47771
47772,542939513,Anabel,Varela,47772
47773,251037032,Ruperto,Nogueira,47773
47774,357575087,Pascual,Bou,47774
47775,824219381,Tristan,Oller,47775
47776,425314486,Noemi,Raya,47776
47777,817316236,Nando,Menendez,47777
47778,697522837,Agustin,Fortuny,47778
47779,434153240,Vasco,Aleman,47779
47780,392458853,Teresa,Palomino,47780
47781,253178354,Loreto,Capdevila,47781
47782,372909071,Clemente,Verdejo,47782
47783,599732366,Domingo,Moreno,47783
47784,985441932,Rosendo,Abellan,47784
47785,655572650,Lupe,Rodenas,47785
47786,322253356,Miriam,Roda,47786
47787,976966769,Antonia,Tello,47787
47788,526072757,Charo,Verdugo,47788
47789,125926898,Edgardo,Jorda,47789
47790,120361814,Kike,Lamas,47790
47791,340734581,Manuela,Sacristan,47791
47792,208680957,Amarilis,Olivera,47792
47793,196055795,Bonifacio,Canals,47793
47794,377930573,Teodosio,Cervera,47794
47795,103772921,Herberto,Lobato,47795
47796,358695724,Javi,Rojas,47796
47797,810459155,Anastasia,Chamorro,47797
47798,553039933,Eloisa,Catalan,47798
47799,374602224,Gala,Romero,47799
47800,966601332,Debora,Giner,47800
47801,535650641,Valentina,Carreno,47801
47802,746047445,Matias,Segui,47802
47803,191006707,Joaquin,Cuevas,47803
47804,158608543,Tecla,Mendez,47804
47805,203878508,Margarita,Sevillano,47805
47806,592022928,Griselda,Amat,47806
47807,947649426,Luz,Lasa,47807
47808,382414039,Cristian,Prieto,47808
47809,179337836,Ramiro,Aviles,47809
47810,683345737,Marcelo,Higueras,47810
47811,219488611,Febe,Fiol,47811
47812,617188730,Paca,Nicolas,47812
47813,303903472,Nacio,Duarte,47813
47814,232410865,Ester,Vargas,47814
47815,189553950,Borja,Farre,47815
47816,155971376,Olegario,Navarro,47816
47817,729251501,Jaime,Vargas,47817
47818,267570351,Malena,Mateo,47818
47819,284931472,Concepcion,Marques,47819
47820,525951677,Antonio,Beltran,47820
47821,817062690,Ainara,Sanmartin,47821
47822,998718164,Malena,Barbero,47822
47823,448522237,Ximena,Hervas,47823
47824,293444614,Ester,Miguel,47824
47825,324713340,Sigfrido,Perea,47825
47826,335063129,Juan Francisco,Donoso,47826
47827,914581794,Ale,Ruano,47827
47828,348163936,Rocio,Nicolas,47828
47829,314203249,Valeria,Camara,47829
47830,429351715,Diana,Martinez,47830
47831,438504081,Francisco Javier,Teruel,47831
47832,539888993,Leticia,Mateu,47832
47833,940814302,Ale,Valentin,47833
47834,161954727,Gregorio,Carbajo,47834
47835,841459121,Emilio,Gaya,47835
47836,679616024,Amor,Agullo,47836
47837,896492658,Hernan,Salamanca,47837
47838,693968628,Nerea,Ferreras,47838
47839,874559695,Jose Angel,Galvan,47839
47840,786089713,Vera,Baro,47840
47841,503486242,Olivia,Marques,47841
47842,415322509,Vicenta,Robledo,47842
47843,814418701,Maria Dolores,Valls,47843
47844,883708336,Magdalena,Portillo,47844
47845,114789379,Nydia,Pombo,47845
47846,629902403,Adan,Escamilla,47846
47847,233762527,Chucho,Saura,47847
47848,187990572,Maximo,Blanch,47848
47849,740684157,Nayara,Cabello,47849
47850,974206788,Emilia,Bayo,47850
47851,481569040,Tono,Benitez,47851
47852,869616903,Bernardino,Sanchez,47852
47853,248253823,Maxi,Corral,47853
47854,248022894,Tomasa,Alcolea,47854
47855,849781274,Concepcion,Balaguer,47855
47856,341079477,Vicenta,Sanabria,47856
47857,531375449,Paulino,Fuster,47857
47858,844840767,Eladio,Alba,47858
47859,861135006,Gustavo,Barco,47859
47860,817620860,Isaias,Muniz,47860
47861,864393704,Jenaro,Milla,47861
47862,786459837,Pilar,Alvarado,47862
47863,767564124,Fanny,Guzman,47863
47864,533750664,Rodrigo,Villanueva,47864
47865,561904832,Isidoro,Gallego,47865
47866,199836425,Jordana,Marmol,47866
47867,509201502,Eva Maria,Valentin,47867
47868,765423110,Alberto,Salcedo,47868
47869,802366431,Milagros,Teruel,47869
47870,240932381,Samu,Burgos,47870
47871,176378673,Santiago,Taboada,47871
47872,667706554,Malena,Cabezas,47872
47873,902793413,Hortensia,Estevez,47873
47874,640405325,Georgina,Santamaria,47874
47875,727648230,Gloria,Ayala,47875
47876,174762033,Pili,Lasa,47876
47877,773735882,Timoteo,Angulo,47877
47878,922561581,Porfirio,Adan,47878
47879,853723286,Cruz,Carlos,47879
47880,458210767,Elisa,Arranz,47880
47881,675165791,Amilcar,Pardo,47881
47882,118858657,Cleto,Manzano,47882
47883,555919119,Aurea,Gallardo,47883
47884,955725091,Emelina,Simo,47884
47885,510205241,Daniela,Ibarra,47885
47886,654996195,Nacio,Alcazar,47886
47887,730155097,Elvira,Julia,47887
47888,769794769,Primitivo,Nicolas,47888
47889,547465998,Camilo,Macias,47889
47890,772694439,Pelayo,Priego,47890
47891,581702610,Fortunato,Carrion,47891
47892,584060759,Primitivo,Sobrino,47892
47893,622421271,Julie,Enriquez,47893
47894,888268266,Yolanda,Chico,47894
47895,837832727,Armida,Llobet,47895
47896,883071046,Oscar,Vergara,47896
47897,640249174,Carmelita,Yanez,47897
47898,402509720,Pio,Moliner,47898
47899,846403339,Isaura,Barcelo,47899
47900,415158825,Ruben,Fonseca,47900
47901,761965681,Ximena,Caballero,47901
47902,427487113,Jesusa,Otero,47902
47903,903291774,Esther,Quero,47903
47904,742534586,Valero,Cano,47904
47905,525380670,Luz,Nevado,47905
47906,126455448,Maxima,Gallo,47906
47907,510167430,Dorita,Castrillo,47907
47908,536466386,Haydee,Muniz,47908
47909,722370201,Cirino,Juarez,47909
47910,360131536,Eva Maria,Perea,47910
47911,353155234,Nicolasa,Franch,47911
47912,728238225,Alfredo,Cazorla,47912
47913,297508855,Encarnacion,Exposito,47913
47914,350670458,Jennifer,Lorenzo,47914
47915,934483493,Rogelio,Guardiola,47915
47916,996410740,Natalia,Cabrera,47916
47917,960036782,Isabela,Pablo,47917
47918,284942900,Paz,Lamas,47918
47919,307182436,Albino,Valle,47919
47920,909316043,Abel,Paniagua,47920
47921,636049312,Sarita,Carrera,47921
47922,626095497,Imelda,Montero,47922
47923,794336571,Cristian,Capdevila,47923
47924,615660572,Tristan,Pou,47924
47925,774919980,Bernardita,Cifuentes,47925
47926,740046044,Adalberto,Tomas,47926
47927,307076886,Heliodoro,Yanez,47927
47928,515451802,Leon,Iriarte,47928
47929,549659051,Saturnino,Rios,47929
47930,491939916,Jose Manuel,Arcos,47930
47931,103775232,Flavio,Sevillano,47931
47932,171266839,Candida,Cortes,47932
47933,462543428,Quirino,Redondo,47933
47934,764543354,Ignacia,Tomas,47934
47935,735334115,Seve,Moles,47935
47936,227380057,Adora,Casado,47936
47937,211082302,Cebrian,Uriarte,47937
47938,690432831,Pastor,Martinez,47938
47939,337512312,Anselma,Isern,47939
47940,885243266,Remedios,Alvaro,47940
47941,470174686,Felipe,Rodriguez,47941
47942,169194872,Maricela,Segui,47942
47943,985995097,Rosario,Escriva,47943
47944,568489738,Ismael,Heras,47944
47945,312788428,Tere,Agullo,47945
47946,885154907,Jacobo,Rebollo,47946
47947,188661927,Luciano,Echevarria,47947
47948,861663695,Socorro,Pina,47948
47949,718858096,Javier,Diez,47949
47950,156963714,Maximino,Escriva,47950
47951,479699452,Angelita,Cuellar,47951
47952,231033726,Emiliana,Robles,47952
47953,411893490,Placido,Diaz,47953
47954,235835970,Ciriaco,Menendez,47954
47955,993988489,Bernabe,Figueroa,47955
47956,601134821,Samu,Tejada,47956
47957,355175429,Raimundo,Barros,47957
47958,299718039,Fidela,Correa,47958
47959,452382254,Godofredo,Hoz,47959
47960,686237053,Amor,Palau,47960
47961,474420059,Jose Angel,Mendoza,47961
47962,999911914,Augusto,Acosta,47962
47963,228083412,Cebrian,Solera,47963
47964,370310574,Susanita,Roman,47964
47965,507256238,Carmen,Gil,47965
47966,588479112,Julian,Muro,47966
47967,177894961,Adela,Carbo,47967
47968,189054458,Damian,Fortuny,47968
47969,341458229,Guadalupe,Riera,47969
47970,385989153,Eloisa,Osorio,47970
47971,747236894,Eliseo,Plaza,47971
47972,439062925,Amor,Escriva,47972
47973,457538881,Jordi,Sosa,47973
47974,601230357,Rita,Galan,47974
47975,488657733,Narciso,Ferreras,47975
47976,614509028,Ramiro,Salazar,47976
47977,971337944,Elba,Peinado,47977
47978,194141106,Elias,Galvez,47978
47979,158347557,Juan Luis,Osuna,47979
47980,805217199,Melisa,Vara,47980
47981,199638650,Tiburcio,Soria,47981
47982,974653541,Maria Pilar,Bermudez,47982
47983,837359573,Iris,Dalmau,47983
47984,966164339,Americo,Chico,47984
47985,538791552,Maricela,Gutierrez,47985
47986,398775299,Epifanio,Bou,47986
47987,676438089,Jesus,Mora,47987
47988,975910991,Dani,Clavero,47988
47989,851974950,Nieves,Zabala,47989
47990,884731111,Flavia,Valencia,47990
47991,616032838,Maria Belen,Ibanez,47991
47992,106496916,Joel,Vilalta,47992
47993,142153008,Lola,Mari,47993
47994,373200034,Santiago,Varela,47994
47995,954870180,Jose Antonio,Valls,47995
47996,714010947,Alejandra,Cobos,47996
47997,309798117,Pepita,Baena,47997
47998,514425862,Fabio,Chico,47998
47999,818340389,Cornelio,Cervera,47999
48000,843797548,Irene,Carbajo,48000
48001,321186729,Cipriano,Galiano,48001
48002,732617761,Abel,Rincon,48002
48003,866413772,Montserrat,Mendez,48003
48004,737628769,Eva Maria,Fabregat,48004
48005,744434819,Maria Manuela,Lara,48005
48006,522348095,Arcelia,Garzon,48006
48007,640255872,Berta,Marquez,48007
48008,837049981,Odalis,Llanos,48008
48009,686010985,Albino,Valls,48009
48010,891613696,Fito,Echeverria,48010
48011,648041937,Genoveva,Castilla,48011
48012,412916985,Eloisa,Ferrero,48012
48013,583049836,Emiliana,Corbacho,48013
48014,710642505,Jose Antonio,Mendizabal,48014
48015,465394983,Celestino,Carreras,48015
48016,520829927,Anselmo,Madrid,48016
48017,457387670,Rafaela,Domenech,48017
48018,361425395,Haydee,Vilaplana,48018
48019,883040322,Mireia,Martin,48019
48020,306712259,Cintia,Tomas,48020
48021,957165273,Almudena,Gabaldon,48021
48022,729401313,Javier,Menendez,48022
48023,396996287,Pepita,Ibanez,48023
48024,373786517,Dario,Mateo,48024
48025,985544688,Elodia,Jauregui,48025
48026,464289496,Matilde,Ayuso,48026
48027,243760890,Seve,Esparza,48027
48028,694564742,Isabela,Calderon,48028
48029,288113613,Juan,Montoya,48029
48030,452657189,Jordana,Barbera,48030
48031,813376197,Manuelita,Hernandez,48031
48032,271604128,Ignacia,Ricart,48032
48033,765148193,Tito,Cabrera,48033
48034,469450263,Francisca,Salamanca,48034
48035,541949769,Martin,Falco,48035
48036,800063091,Hermenegildo,Alamo,48036
48037,499090508,Flora,Jimenez,48037
48038,489513063,Maricela,Reguera,48038
48039,837180343,Albano,Pombo,48039
48040,796933045,Nazaret,Ferreras,48040
48041,971236418,Maristela,Galan,48041
48042,269078760,Maximo,Fiol,48042
48043,359658061,Pablo,Soler,48043
48044,702032318,Ana Sofia,Jimenez,48044
48045,473986535,Nuria,Figueroa,48045
48046,305666883,Tamara,Camara,48046
48047,417049769,Micaela,Vera,48047
48048,126788835,Salvador,Velez,48048
48049,390722060,Consuelo,Pedraza,48049
48050,351527184,Lorenza,Almansa,48050
48051,800877703,Olegario,Escalona,48051
48052,693722394,Carina,Cobo,48052
48053,882841824,Ainoa,Blanch,48053
48054,375617205,Mauricio,Canizares,48054
48055,640478232,Conrado,Ortega,48055
48056,875342931,Maximo,Castello,48056
48057,993155440,Juan Manuel,Yuste,48057
48058,475423560,Domingo,Pellicer,48058
48059,998291104,Fortunato,Casado,48059
48060,569981304,Aaron,Molina,48060
48061,988495726,Anselma,Esteban,48061
48062,251216730,Quirino,Suarez,48062
48063,868396704,Asdrubal,Camino,48063
48064,824693478,Araceli,Villena,48064
48065,127794228,Pastora,Alvarez,48065
48066,962242810,Tomas,Carrera,48066
48067,132367721,Florencia,Beltran,48067
48068,431676341,Pastor,Esteve,48068
48069,413039252,Nestor,Pera,48069
48070,362866802,Emigdio,Ramirez,48070
48071,874134775,Borja,Pol,48071
48072,968557586,Graciana,Berenguer,48072
48073,315249540,Leocadio,Saez,48073
48074,532905204,Amparo,Castillo,48074
48075,764695645,Adriana,Ribas,48075
48076,928662942,Pio,Angulo,48076
48077,830404418,Arcelia,Corbacho,48077
48078,964244221,Regina,Araujo,48078
48079,336975049,Lisandro,Ruiz,48079
48080,361128312,Georgina,Aranda,48080
48081,796509763,Jose Carlos,Marco,48081
48082,915109510,Guillermo,Pi,48082
48083,867680276,Nazaret,Alcolea,48083
48084,849916668,Brunilda,Urrutia,48084
48085,180991670,Martina,Monreal,48085
48086,780159896,Jafet,Carlos,48086
48087,577722697,Octavia,Aparicio,48087
48088,236773891,Cleto,Marcos,48088
48089,532682614,Lilia,Angel,48089
48090,785182694,Eugenia,Acuna,48090
48091,399231529,Jennifer,Gargallo,48091
48092,688904869,Primitivo,Echeverria,48092
48093,988161239,Alonso,Hierro,48093
48094,768762312,Ramon,Armas,48094
48095,361722669,Cayetana,Bello,48095
48096,653963198,Leonardo,Tamarit,48096
48097,241549569,Cesar,Berrocal,48097
48098,274885393,Julie,Torrent,48098
48099,715304585,Sofia,Agustin,48099
48100,519778993,Heriberto,Linares,48100
48101,948660694,Wilfredo,Trillo,48101
48102,706878125,Margarita,Poza,48102
48103,170251345,Nicolasa,Solera,48103
48104,855157483,Yago,Alberdi,48104
48105,445276494,Eutimio,Bastida,48105
48106,424271095,Roque,Benito,48106
48107,313014388,Flavio,Gascon,48107
48108,408583062,Felisa,Hierro,48108
48109,473599228,Socorro,Marmol,48109
48110,211231360,Joan,Villa,48110
48111,655445739,Leocadio,Cabello,48111
48112,191502165,Geronimo,Arce,48112
48113,354656483,Lucia,Tamarit,48113
48114,298514730,Itziar,Ribes,48114
48115,820089740,Amilcar,Borras,48115
48116,841373787,Regina,Briones,48116
48117,962766485,Aaron,Aragones,48117
48118,814748230,Bautista,Querol,48118
48119,106317058,Estrella,Gomez,48119
48120,831549565,Guadalupe,Murcia,48120
48121,960047399,Santiago,Castillo,48121
48122,938307994,Epifanio,Carrion,48122
48123,376481434,Ana Sofia,Ariza,48123
48124,605405455,Esperanza,Valenciano,48124
48125,973705891,Arturo,Izaguirre,48125
48126,253431751,Nayara,Rubio,48126
48127,896091124,Venceslas,Guardia,48127
48128,455327377,Melchor,Lumbreras,48128
48129,685981051,Camila,Sotelo,48129
48130,222775537,Lupita,Huertas,48130
48131,996820790,Reinaldo,Roig,48131
48132,849074541,Manolo,Castro,48132
48133,400538966,Renata,Vilaplana,48133
48134,418783672,Aura,Mendez,48134
48135,353103326,Glauco,Arranz,48135
48136,395359466,Gregorio,Castilla,48136
48137,954607808,Febe,Ribes,48137
48138,901707459,Juanita,Buendia,48138
48139,673610600,Irene,Campos,48139
48140,376073321,Conrado,Borja,48140
48141,527709524,Pascual,Canete,48141
48142,253880721,Miguela,Marin,48142
48143,435752009,Alejo,Mas,48143
48144,214752962,Delfina,Molina,48144
48145,987027196,Severino,Guardia,48145
48146,504274836,Fortunato,Franch,48146
48147,599151893,Ciriaco,Exposito,48147
48148,109278377,Vito,Galan,48148
48149,140010025,Samu,Salmeron,48149
48150,333056653,Andres Felipe,Porcel,48150
48151,117337022,Irene,Angulo,48151
48152,976193043,Jose Carlos,Pintor,48152
48153,610196243,Carlota,Marques,48153
48154,341373781,Anastasia,Prats,48154
48155,769833558,Berta,Mas,48155
48156,758141205,Gil,Cabrera,48156
48157,755193142,Gonzalo,Alarcon,48157
48158,980543929,Milagros,Sanchez,48158
48159,388428743,Florentino,Prats,48159
48160,786477095,Luis,Cerro,48160
48161,467667707,Anunciacion,Colomer,48161
48162,529606402,Ruperto,Higueras,48162
48163,445728230,Jose Antonio,Vaquero,48163
48164,120825260,Isaac,Casanovas,48164
48165,471017235,Candelario,Vidal,48165
48166,888083279,Dolores,Mora,48166
48167,514982335,Pepito,Canals,48167
48168,240247810,Chucho,Menendez,48168
48169,292421898,Carla,Robles,48169
48170,783524262,Emiliana,Iglesias,48170
48171,547403670,Adela,Pineiro,48171
48172,210471486,Simon,Farre,48172
48173,792937096,Oscar,Campos,48173
48174,395641021,Violeta,Bayo,48174
48175,506348147,Narciso,Canovas,48175
48176,123018537,Nereida,Acedo,48176
48177,166414608,Juanita,Canton,48177
48178,151414903,Rosalina,Acevedo,48178
48179,846406254,Ingrid,Mendoza,48179
48180,300974008,Lalo,Giner,48180
48181,185645098,Emigdio,Aguilar,48181
48182,744993721,Virgilio,Jurado,48182
48183,947759007,Cecilia,Martin,48183
48184,908179119,Charo,Sebastian,48184
48185,975816000,Yessica,Figueroa,48185
48186,719482773,Baltasar,Vicens,48186
48187,773473163,Inmaculada,Diego,48187
48188,536792751,Inmaculada,Frias,48188
48189,761429027,Severiano,Andres,48189
48190,548101707,Carla,Acevedo,48190
48191,873128140,Mariano,Tudela,48191
48192,444572275,Rebeca,Corbacho,48192
48193,106129558,Paula,Prieto,48193
48194,771864539,Maria Jose,Tello,48194
48195,620309745,Ale,Velazquez,48195
48196,595565965,Ariel,Segui,48196
48197,871973385,Maria Carmen,Franch,48197
48198,381766299,Climaco,Luis,48198
48199,692153870,Albano,Mora,48199
48200,558660437,Estrella,Echevarria,48200
48201,665178884,Cruz,Ibarra,48201
48202,981747342,Edelmiro,Esparza,48202
48203,471807946,Dionisio,Mancebo,48203
48204,606894874,Vera,Sanz,48204
48205,752290675,Emigdio,Sola,48205
48206,663076713,Apolinar,Solis,48206
48207,898919327,Jafet,Larrea,48207
48208,480289468,Iban,Molins,48208
48209,427314502,Fidela,Vigil,48209
48210,634946153,Juan Manuel,Gisbert,48210
48211,677961686,Basilio,Urena,48211
48212,163769119,Encarna,Botella,48212
48213,925200832,Merche,Pozo,48213
48214,487958495,Iker,Villalba,48214
48215,729176195,Maria,Acedo,48215
48216,403711520,Francisca,Aguirre,48216
48217,528960216,Candelaria,Blanch,48217
48218,686013893,Pepito,Murillo,48218
48219,845675069,Lorenza,Estevez,48219
48220,879483897,Adoracion,Ledesma,48220
48221,138449288,Leocadio,Silva,48221
48222,922292694,Tono,Salazar,48222
48223,309371938,Aurora,Trillo,48223
48224,245401651,Placido,Vazquez,48224
48225,741393466,Candido,Peiro,48225
48226,568099011,Atilio,Zamora,48226
48227,937125405,Sol,Sanmartin,48227
48228,872831332,Gonzalo,Zamorano,48228
48229,493320164,Felicidad,Vila,48229
48230,942781137,Benigno,Garcia,48230
48231,380843255,Zoraida,Gelabert,48231
48232,544184429,Pepe,Monreal,48232
48233,788370028,Palmira,Bertran,48233
48234,878036408,Carlito,Prat,48234
48235,466182532,Paula,Guillen,48235
48236,481060921,Leticia,Ribas,48236
48237,381002848,Cecilia,Aramburu,48237
48238,344717167,Olegario,Jimenez,48238
48239,431900196,Lorena,Guerra,48239
48240,172235236,Palmira,Palma,48240
48241,799618578,Chelo,Sotelo,48241
48242,483392817,Herberto,Cid,48242
48243,284120715,Raimundo,Rivas,48243
48244,118289854,Javi,Rio,48244
48245,752115766,Trinidad,Baena,48245
48246,757562298,Nazaret,Rios,48246
48247,730301302,Alcides,Rosado,48247
48248,786398457,Laura,Ledesma,48248
48249,762022443,Gema,Crespo,48249
48250,193803403,Encarnacion,Estevez,48250
48251,864377878,Amelia,Verdugo,48251
48252,479987964,Miguel Angel,Castellanos,48252
48253,494975759,Americo,Alcazar,48253
48254,814520347,Jenny,Torre,48254
48255,573505581,Azeneth,Paniagua,48255
48256,772273877,Lucila,Vilaplana,48256
48257,144793838,Dorotea,Godoy,48257
48258,145142779,Dulce,Benavides,48258
48259,810565426,Martin,Vall,48259
48260,673400802,Angelino,Castilla,48260
48261,930421252,Maximo,Gual,48261
48262,705587127,Matilde,Robles,48262
48263,930053125,Emperatriz,Acosta,48263
48264,474696175,Florencio,Arnau,48264
48265,368406694,Edelmira,Carrion,48265
48266,862108421,Reina,Cerro,48266
48267,754632063,Felicidad,Carbonell,48267
48268,779784918,Dani,Cornejo,48268
48269,167394461,Valentin,Grande,48269
48270,210113985,Leopoldo,Salcedo,48270
48271,220419976,Georgina,Armas,48271
48272,481684277,Haroldo,Santos,48272
48273,105128413,Leyre,Borrell,48273
48274,614699797,Carolina,Isern,48274
48275,793766780,Ana Sofia,Arribas,48275
48276,962458006,Eloisa,Andrade,48276
48277,794845595,Bernarda,Cueto,48277
48278,609713010,Reynaldo,Calderon,48278
48279,162767465,Otilia,Villegas,48279
48280,424461975,Patricia,Ramos,48280
48281,628626210,Emperatriz,Julian,48281
48282,850058531,Heriberto,Vall,48282
48283,311789604,Abilio,Barbera,48283
48284,244661040,Leocadia,Vergara,48284
48285,384176935,Florencia,Zapata,48285
48286,282763241,Zaira,Hurtado,48286
48287,456795296,Sofia,Pedrosa,48287
48288,548088395,Ramiro,Azcona,48288
48289,954091220,Chelo,Iniguez,48289
48290,197443114,Paz,Burgos,48290
48291,773467159,Graciano,Hierro,48291
48292,802247222,Rodrigo,Sarabia,48292
48293,326758235,Ester,Escamilla,48293
48294,123631908,Iris,Castro,48294
48295,927641169,Noelia,Molins,48295
48296,883276298,Mohamed,Mesa,48296
48297,740532681,Angel,Torrens,48297
48298,569198054,Rebeca,Carbajo,48298
48299,813583275,Sonia,Font,48299
48300,743784540,Ismael,Crespi,48300
48301,729672207,Francisco Javier,Manzano,48301
48302,564164898,Silvio,Pastor,48302
48303,273028076,Onofre,Almagro,48303
48304,593258961,Ruperto,Peral,48304
48305,918268311,Teodora,Diez,48305
48306,793389124,Bernardita,Solera,48306
48307,314412220,Faustino,Villena,48307
48308,124163078,Hortensia,Cortina,48308
48309,406209036,Flavio,Escolano,48309
48310,419370344,Heriberto,Paredes,48310
48311,659596507,Fanny,Vigil,48311
48312,826112859,Andres,Montero,48312
48313,586564666,Nicolasa,Munoz,48313
48314,917984888,Gervasio,Bartolome,48314
48315,132462768,Candelario,Bustamante,48315
48316,933853164,Virginia,Anguita,48316
48317,226848710,Samuel,Parra,48317
48318,233519635,Herberto,Llamas,48318
48319,401023778,Perla,Alcolea,48319
48320,639257949,Lorenzo,Santiago,48320
48321,904444478,Regina,Carrera,48321
48322,351897454,Nereida,Rivero,48322
48323,581379420,Tito,Davila,48323
48324,910361471,Florencia,Bilbao,48324
48325,908079289,Loida,Gimenez,48325
48326,511800133,Sabas,Fonseca,48326
48327,937229100,Yesica,Tejedor,48327
48328,568535216,Rosaura,Cordero,48328
48329,138895455,Estrella,Batalla,48329
48330,935958162,Adoracion,Lasa,48330
48331,762909753,Lorena,Calzada,48331
48332,708816128,Seve,Aramburu,48332
48333,378231649,Ruben,Monreal,48333
48334,623843255,Elodia,Rocamora,48334
48335,521714281,Aurora,Vargas,48335
48336,556345571,Che,Lastra,48336
48337,989440943,Godofredo,Alarcon,48337
48338,393354665,Celia,Santamaria,48338
48339,927973655,Rafa,Prado,48339
48340,906358768,Baltasar,Saez,48340
48341,565652955,Godofredo,Maestre,48341
48342,786325987,Armida,Ordonez,48342
48343,287684985,Jose Mari,Casas,48343
48344,544459772,Aaron,Blanco,48344
48345,706265385,Amparo,Zamorano,48345
48346,279074355,Rosaura,Pintor,48346
48347,503873599,Cristina,Mari,48347
48348,611956983,Ruperto,Toledo,48348
48349,819204726,Natividad,Pedro,48349
48350,301368710,Romulo,Gargallo,48350
48351,865926738,Encarnacion,Marin,48351
48352,372342009,Miriam,Rivas,48352
48353,316197860,Sabas,Franch,48353
48354,757339039,Esmeralda,Moran,48354
48355,461481200,Nazario,Andres,48355
48356,982834991,Tomas,Nunez,48356
48357,167932354,Conrado,Colomer,48357
48358,987400436,Marciano,Aguilo,48358
48359,146110602,Natanael,Mena,48359
48360,351440332,Regulo,Manjon,48360
48361,843773463,Fanny,Mariscal,48361
48362,129883137,Guiomar,Santana,48362
48363,551072186,Aurelio,Dominguez,48363
48364,948044033,Monica,Escribano,48364
48365,970829057,Ruperto,Molina,48365
48366,399494521,Valero,Romero,48366
48367,346999321,Liliana,Tolosa,48367
48368,132054277,Diego,Valle,48368
48369,458428419,Silvio,Borrell,48369
48370,713571648,Armando,Montenegro,48370
48371,715762360,Agueda,Baquero,48371
48372,609121788,Eugenio,Arino,48372
48373,323647896,Jacinto,Gallo,48373
48374,161129283,Aurora,Oliva,48374
48375,318599921,Americo,Arco,48375
48376,924759965,Jessica,Torrijos,48376
48377,744579429,Crescencia,Ayala,48377
48378,689146625,Ignacio,Cabanillas,48378
48379,218531416,Carmela,Quintana,48379
48380,761729073,Mercedes,Padilla,48380
48381,223416864,Ursula,Izaguirre,48381
48382,149444483,Rafaela,Campoy,48382
48383,587391851,Nydia,Elias,48383
48384,800370939,Placido,Cabeza,48384
48385,940205195,Manolo,Ibanez,48385
48386,229355628,Socorro,Gascon,48386
48387,470906335,Ale,Armengol,48387
48388,287833405,Leonor,Alvaro,48388
48389,358468196,Elpidio,Aranda,48389
48390,624526813,Chema,Carrion,48390
48391,393859972,Jose Antonio,Cabrero,48391
48392,171561092,Fortunato,Villanueva,48392
48393,637846473,Alex,Sevillano,48393
48394,972688558,Romulo,Alberola,48394
48395,577007609,Manu,Pina,48395
48396,700688115,Elena,Domingo,48396
48397,435499333,Nieves,Somoza,48397
48398,370867581,Anibal,Mayol,48398
48399,176833639,Toni,Arteaga,48399
48400,288908246,Salud,Izquierdo,48400
48401,627939204,Nazaret,Casanova,48401
48402,675327783,Cipriano,Anguita,48402
48403,570132376,Alfonso,Peiro,48403
48404,415189620,Clementina,Gomila,48404
48405,732975811,Maribel,Vicente,48405
48406,689365324,Flora,Correa,48406
48407,136011767,Amarilis,Sanz,48407
48408,768012519,Jose Antonio,Marmol,48408
48409,122707758,Walter,Crespi,48409
48410,747038432,Chus,Espada,48410
48411,353375929,Ambrosio,Bueno,48411
48412,304153248,Antonio,Solis,48412
48413,926870331,Fernando,Ocana,48413
48414,827007644,Sandalio,Carmona,48414
48415,527034661,Federico,Salas,48415
48416,587976013,Julia,Franch,48416
48417,332643356,Herminio,Canete,48417
48418,644081824,Vito,Anguita,48418
48419,870618234,Fabiola,Quiroga,48419
48420,916834686,Heraclio,Cordoba,48420
48421,290056505,Domitila,Sarmiento,48421
48422,160056303,Emigdio,Alcantara,48422
48423,841229082,Alba,Trillo,48423
48424,402890003,Amalia,Verdu,48424
48425,711361582,Juan Manuel,Hernandez,48425
48426,536047660,Carlito,Mate,48426
48427,933256426,Teofila,Prieto,48427
48428,724111407,Haroldo,Manjon,48428
48429,758698683,Gabriela,Montalban,48429
48430,121273433,Jacobo,Font,48430
48431,593418933,Efrain,Hernandez,48431
48432,866272575,Ines,Galan,48432
48433,942372039,Federico,Zamorano,48433
48434,744423954,Prudencio,Sanabria,48434
48435,948589133,Maxi,Nicolau,48435
48436,132917800,Elodia,Ballesteros,48436
48437,154779839,Quirino,Herrero,48437
48438,670046281,Candela,Sainz,48438
48439,745877867,Adelia,Santana,48439
48440,724256273,Emilia,Iborra,48440
48441,292454771,Luisa,Barcena,48441
48442,199938349,Fabiana,Castilla,48442
48443,955692572,Dani,Paredes,48443
48444,249400973,Angelita,Araujo,48444
48445,719393342,Marcia,Batalla,48445
48446,455355434,Aitana,Narvaez,48446
48447,917197791,Isa,Lledo,48447
48448,454767867,Adelina,Fiol,48448
48449,104373806,Angela,Naranjo,48449
48450,130047542,Amador,Conde,48450
48451,553743757,Carlota,Clavero,48451
48452,437082589,Ale,Villegas,48452
48453,856481668,Eutropio,Canellas,48453
48454,652035186,Maria Del Carmen,Priego,48454
48455,304645946,Alfredo,Benavente,48455
48456,423882123,Raul,Minguez,48456
48457,431140296,Lucho,Ribas,48457
48458,934605521,Baudelio,Llano,48458
48459,478035310,Victorino,Linares,48459
48460,139447408,Valentina,Pont,48460
48461,338908873,Pepita,Tamayo,48461
48462,253114994,Agata,Roura,48462
48463,432892878,Pepita,Villalobos,48463
48464,360294350,Diana,Canals,48464
48465,141797476,Silvestre,Gonzalez,48465
48466,903523212,Mayte,Miralles,48466
48467,418941637,Omar,Manrique,48467
48468,239825724,Manolo,Barbero,48468
48469,864587061,Julian,Barroso,48469
48470,422724466,Vanesa,Manjon,48470
48471,226746103,Ariel,Buendia,48471
48472,717461903,Marciano,Contreras,48472
48473,784511578,Paz,Puerta,48473
48474,204258349,Mayte,Zabala,48474
48475,676172519,Andres,Mosquera,48475
48476,838040331,Eric,Palau,48476
48477,933482348,Espiridion,Tapia,48477
48478,592822342,Odalis,Pedraza,48478
48479,663084168,Fernando,Pou,48479
48480,739991838,Adrian,Andres,48480
48481,783160616,Maximino,Guitart,48481
48482,786478913,Maximo,Jaen,48482
48483,787143856,Jonatan,Polo,48483
48484,846395775,Aurelia,Ramirez,48484
48485,946761807,Basilio,Mari,48485
48486,805547722,Rosa,Coello,48486
48487,264281645,Maria Dolores,Marti,48487
48488,372027707,Abel,Sarmiento,48488
48489,827470079,Iban,Nebot,48489
48490,357863080,Juan Francisco,Fabra,48490
48491,549280364,Iban,Carretero,48491
48492,551576298,Laura,Soto,48492
48493,195936625,Lorenza,Villar,48493
48494,511531332,Espiridion,Arnal,48494
48495,931256005,Edelmiro,Ribera,48495
48496,484187314,Sandalio,Mora,48496
48497,527080297,Wilfredo,Bello,48497
48498,715496797,Genoveva,Coll,48498
48499,879123467,Herminia,Minguez,48499
48500,357315942,Miriam,Leiva,48500
48501,651999970,Candido,Quiroga,48501
48502,730158669,Emperatriz,Ramis,48502
48503,930688050,Nacho,Bonilla,48503
48504,868474679,Teofila,Mari,48504
48505,703412773,Custodio,Soria,48505
48506,611484246,Estela,Francisco,48506
48507,971347116,Ema,Montserrat,48507
48508,239866586,Yago,Aguilar,48508
48509,753099857,America,Rios,48509
48510,671063456,Anastasia,Espada,48510
48511,910541256,Encarnita,Elorza,48511
48512,697163193,Manolo,Torrent,48512
48513,152320552,Mercedes,Pedrero,48513
48514,735938313,Fanny,Coello,48514
48515,115548715,Adoracion,Arcos,48515
48516,961115357,Domitila,Mir,48516
48517,953731915,Alfredo,Ortuno,48517
48518,213591170,Emilia,Montana,48518
48519,561501784,Maribel,Laguna,48519
48520,127425288,Barbara,Segura,48520
48521,327615017,Vito,Varela,48521
48522,336781663,Carmela,Solera,48522
48523,426718627,Casandra,Barros,48523
48524,463924175,Apolonia,Parra,48524
48525,701085576,Maria Cristina,Hoyos,48525
48526,154332536,Nadia,Carro,48526
48527,132845962,Reyes,Chacon,48527
48528,379091412,Carmen,Exposito,48528
48529,974747105,Victoria,Leon,48529
48530,409673184,Cebrian,Gallego,48530
48531,127810125,Aurelio,Riquelme,48531
48532,620290943,Alfredo,Pont,48532
48533,625118105,Pia,Osorio,48533
48534,999515838,Odalys,Rosell,48534
48535,254716193,Elba,Alberto,48535
48536,477354492,Fidel,Galan,48536
48537,910832101,Tecla,Camara,48537
48538,552955519,Agata,Camacho,48538
48539,129237337,Salomon,Sabater,48539
48540,640351752,Elisabet,Zamorano,48540
48541,174765228,Odalis,Viana,48541
48542,778194285,Ricardo,Vargas,48542
48543,126105149,Victoriano,Belda,48543
48544,528156813,Gabino,Arenas,48544
48545,586613130,Xiomara,Cuadrado,48545
48546,798980469,Jonatan,Sacristan,48546
48547,852236796,Eulalia,Domingo,48547
48548,887863177,Chuy,Jurado,48548
48549,321750016,Eustaquio,Riquelme,48549
48550,205253441,Adoracion,Garcia,48550
48551,917977618,Roldan,Beltran,48551
48552,911954286,Marcio,Valderrama,48552
48553,558719406,Emelina,Lluch,48553
48554,259047810,Conrado,Pozo,48554
48555,423172486,Santos,Solis,48555
48556,779344812,Esperanza,Almazan,48556
48557,231605944,Ofelia,Carreno,48557
48558,100068159,Glauco,Arnal,48558
48559,731611581,Chucho,Mayo,48559
48560,405838112,Victor Manuel,Grande,48560
48561,605155363,Baltasar,Rodrigo,48561
48562,154985410,Adelina,Isern,48562
48563,937123236,Pancho,Escamilla,48563
48564,655035918,Ingrid,Vergara,48564
48565,733989624,Inigo,Garay,48565
48566,133239538,Macaria,Fabregas,48566
48567,820126996,Matias,Franco,48567
48568,661730385,Desiderio,Boix,48568
48569,287611949,Ramona,Rios,48569
48570,242827871,Jose Francisco,Segura,48570
48571,613143077,Benita,Carpio,48571
48572,481976277,Sarita,Puig,48572
48573,601325974,Maria Pilar,Atienza,48573
48574,278930264,Domingo,Gracia,48574
48575,361952513,Gloria,Juarez,48575
48576,700703781,Dolores,Leon,48576
48577,251923343,Eustaquio,Melero,48577
48578,109735934,Jose Luis,Paez,48578
48579,509117569,Jose Manuel,Araujo,48579
48580,726275402,Sandalio,Tolosa,48580
48581,829302712,Serafina,Oller,48581
48582,282321521,Juanita,Macias,48582
48583,268643809,Nazaret,Jaen,48583
48584,947834484,Jeronimo,Aparicio,48584
48585,515908621,Ariel,Riquelme,48585
48586,479144079,Bruno,Cardenas,48586
48587,732805481,Jenny,Paez,48587
48588,569336830,Isabela,Clavero,48588
48589,996184866,Nayara,Iglesias,48589
48590,193999649,Julieta,Carretero,48590
48591,108000087,Jaime,Planas,48591
48592,839659775,Edelmira,Canete,48592
48593,590135092,Victoriano,Pina,48593
48594,726353088,Loreto,Sastre,48594
48595,961918680,Odalis,Matas,48595
48596,791793771,Trinidad,Aguirre,48596
48597,796202566,Candela,Poza,48597
48598,633604488,Emilio,Linares,48598
48599,301374956,Jose Ramon,Chamorro,48599
48600,331822622,Dorita,Taboada,48600
48601,245537077,Lorenzo,Rosado,48601
48602,860317793,Ale,Murcia,48602
48603,687821276,Olalla,Campoy,48603
48604,419002825,Maite,Berenguer,48604
48605,825077382,Ema,Ocana,48605
48606,258949098,Francisco,Sarmiento,48606
48607,514390631,Lupe,Castillo,48607
48608,680118559,Flavio,Bolanos,48608
48609,345207953,Moises,Dieguez,48609
48610,798208966,Pacifica,Pons,48610
48611,533182548,Ana,Carbo,48611
48612,225287433,Leandro,Rincon,48612
48613,800148705,Victor Manuel,Pedrero,48613
48614,997590045,Moises,Hierro,48614
48615,339703857,Eustaquio,Fortuny,48615
48616,637001228,Americo,Rios,48616
48617,361191207,Quirino,Pinilla,48617
48618,942194505,Lara,Chamorro,48618
48619,229517584,Isabel,Tenorio,48619
48620,468255614,Jose Francisco,Gascon,48620
48621,212579104,Jose Maria,Coll,48621
48622,700185019,Ana Sofia,Cifuentes,48622
48623,756729892,Iris,Colomer,48623
48624,119930922,Odalys,Milla,48624
48625,103776587,Samanta,Calderon,48625
48626,706498153,Celestino,Barbera,48626
48627,105725852,Rosa Maria,Guijarro,48627
48628,341519576,Maximiano,Mendez,48628
48629,534639909,Amancio,Miro,48629
48630,460780318,Jonatan,Criado,48630
48631,171409817,Pascuala,Valenciano,48631
48632,861699739,Gema,Espada,48632
48633,382133210,Iris,Vilaplana,48633
48634,273458577,Pelayo,Bermejo,48634
48635,805156111,Adalberto,Sabater,48635
48636,302752600,Paloma,Lara,48636
48637,768380470,Juan Luis,Diez,48637
48638,900399843,Humberto,Sans,48638
48639,109742573,Leyre,Aparicio,48639
48640,465972193,Dani,Reig,48640
48641,989675960,Edelmiro,Parra,48641
48642,756173318,Loreto,Sierra,48642
48643,128010820,Tomas,Davila,48643
48644,970189708,Julie,Ortega,48644
48645,629154834,Emilio,Jara,48645
48646,215495917,Custodia,Aguilera,48646
48647,846859877,Marcos,Mendizabal,48647
48648,441493072,Luciana,Linares,48648
48649,939229566,Albano,Pellicer,48649
48650,137878444,Severiano,Simo,48650
48651,313971316,Roxana,Mendez,48651
48652,713450188,Ligia,Quintero,48652
48653,373671227,Nestor,Andreu,48653
48654,522371790,Olga,Godoy,48654
48655,744830972,Vanesa,Font,48655
48656,607208565,Demetrio,Bas,48656
48657,656463654,Norberto,Lluch,48657
48658,851586471,Rosaura,Alcaraz,48658
48659,279443505,Rocio,Guzman,48659
48660,808260177,Gabriela,Anglada,48660
48661,101953505,Francisca,Batalla,48661
48662,628392979,Maxi,Melero,48662
48663,999267865,Bernarda,Rey,48663
48664,640097403,Bibiana,Baquero,48664
48665,676244697,Leire,Cisneros,48665
48666,139065943,Ovidio,Pineda,48666
48667,658895734,Luisa,Gallego,48667
48668,112910639,Eli,Nunez,48668
48669,113077896,Dani,Naranjo,48669
48670,521978861,Gabriel,Iglesias,48670
48671,984305720,Anselmo,Lobo,48671
48672,306171280,Isaura,Valdes,48672
48673,635445020,Jose,Maldonado,48673
48674,354888555,Elias,Ricart,48674
48675,922691600,Maura,Alvarado,48675
48676,834772273,Ximena,Ortega,48676
48677,996805438,Pepito,Lastra,48677
48678,200656220,Luis Angel,Campoy,48678
48679,323641873,Jose Miguel,Reguera,48679
48680,901604016,Yago,Bilbao,48680
48681,994987110,Brunilda,Molins,48681
48682,287939534,Augusto,Villena,48682
48683,667190099,Araceli,Gelabert,48683
48684,327443577,Maria Angeles,Lara,48684
48685,300565770,Isidro,Santana,48685
48686,178244070,Marisela,Amador,48686
48687,113161042,Nidia,Sales,48687
48688,691795734,Iban,Baena,48688
48689,395895039,Blanca,Juan,48689
48690,497760763,Obdulia,Tejera,48690
48691,272854401,Palmira,Villa,48691
48692,605629301,Quirino,Colomer,48692
48693,469037447,Leonor,Hidalgo,48693
48694,637061962,Agapito,Aranda,48694
48695,371179471,Lucho,Galiano,48695
48696,811707379,Pia,Herrero,48696
48697,893626629,Cleto,Arteaga,48697
48698,291651896,Vera,Cortina,48698
48699,861584451,Zaira,Duenas,48699
48700,912732909,Rico,Samper,48700
48701,430127875,Evita,Cepeda,48701
48702,721378559,Luis Angel,Azcona,48702
48703,570265567,Javier,Reig,48703
48704,820994453,Emperatriz,Sanchez,48704
48705,115869974,Renata,Barcena,48705
48706,596854088,Celestino,Aguila,48706
48707,689000090,Merche,Carrasco,48707
48708,828861547,Leticia,Comas,48708
48709,761125080,Celestino,Pino,48709
48710,291643524,Tomas,Botella,48710
48711,612103943,Angela,Moles,48711
48712,200690574,Ivan,Palomares,48712
48713,628435543,Isabel,Torrijos,48713
48714,426188857,Nicodemo,Cuesta,48714
48715,596609701,Cristian,Vara,48715
48716,975459819,Segismundo,Sandoval,48716
48717,646727510,Aitor,Arevalo,48717
48718,517938269,Estela,Malo,48718
48719,571857025,Fabricio,Gallego,48719
48720,215234685,Tatiana,Marmol,48720
48721,585526610,Dalila,Heras,48721
48722,806146722,Eligia,Galindo,48722
48723,481088637,Marisa,Carranza,48723
48724,865870510,Luna,Iglesias,48724
48725,834207088,Zacarias,Munoz,48725
48726,951909129,Soledad,Martinez,48726
48727,137071060,Albina,Ramos,48727
48728,405971723,Maria Angeles,Carrion,48728
48729,195940285,Sebastian,Alcolea,48729
48730,429968985,Viviana,Barrio,48730
48731,592020021,Alex,Penalver,48731
48732,734005686,Juana,Luz,48732
48733,768065261,Mariana,Mayo,48733
48734,753100447,Ruperto,Valera,48734
48735,854659394,Anita,Alcaraz,48735
48736,144919930,Delia,Ugarte,48736
48737,585824453,Chelo,Mugica,48737
48738,189068603,Jose Carlos,Miralles,48738
48739,611124041,Evaristo,Buendia,48739
48740,976240762,Teofilo,Revilla,48740
48741,290297657,Fidela,Giner,48741
48742,108225436,Aurelio,Alonso,48742
48743,382243310,Jennifer,Casals,48743
48744,285479233,Virginia,Gallardo,48744
48745,935364048,Abigail,Valero,48745
48746,734799677,Cruz,Vilar,48746
48747,801501956,Dominga,Jorda,48747
48748,380566578,Fito,Cervera,48748
48749,873355868,Josefa,Casas,48749
48750,493129006,Hernando,Carreno,48750
48751,363901495,Paz,Sala,48751
48752,835926981,Custodia,Martinez,48752
48753,256320568,Zaida,Vicens,48753
48754,878334042,Piedad,Gomez,48754
48755,854631087,Jimena,Aznar,48755
48756,974030974,Maria Dolores,Hervia,48756
48757,207793471,Pedro,Company,48757
48758,583112005,Florina,Benitez,48758
48759,308872085,Apolinar,Chaparro,48759
48760,409087598,Rodolfo,Ibanez,48760
48761,992934338,Trinidad,Pardo,48761
48762,147584466,Victorino,Beltran,48762
48763,418267276,Ciriaco,Rodrigo,48763
48764,805239046,Eligia,Zapata,48764
48765,475552824,Candido,Valbuena,48765
48766,101530837,Ingrid,Saenz,48766
48767,696139091,Eladio,Neira,48767
48768,785090124,Renata,Alberdi,48768
48769,912756368,Cipriano,Alberto,48769
48770,795004000,Marcelino,Carnero,48770
48771,792014112,Amor,Delgado,48771
48772,814906064,Pascuala,Cerda,48772
48773,923388659,Miguel Angel,Esparza,48773
48774,977329527,Diana,Abellan,48774
48775,817550145,Americo,Andrade,48775
48776,676833242,Nacio,Verdu,48776
48777,444385502,Jose Francisco,Vega,48777
48778,936668697,Maricela,Merino,48778
48779,281836596,Andres Felipe,Macias,48779
48780,314200773,Pancho,Cobos,48780
48781,340807641,Feliciano,Robles,48781
48782,719598603,Simon,Torrens,48782
48783,480473873,Samuel,Gallo,48783
48784,966032934,Jafet,Daza,48784
48785,807081047,Amaya,Oller,48785
48786,912623950,Omar,Aliaga,48786
48787,889215782,Gertrudis,Tejada,48787
48788,639590745,Noe,Noguera,48788
48789,422075061,Florentina,Baquero,48789
48790,604347255,Fabian,Aguilo,48790
48791,297127359,Veronica,Pastor,48791
48792,118929337,Pastora,Mendez,48792
48793,636682399,Gertrudis,Somoza,48793
48794,294086704,Clara,Comas,48794
48795,953789206,Raimundo,Calvo,48795
48796,524908037,Maria Dolores,Quintero,48796
48797,687074053,Pepe,Mari,48797
48798,109400272,Natividad,Bayona,48798
48799,480997426,Ceferino,Mur,48799
48800,300359194,Sergio,Arevalo,48800
48801,761840754,Luis,Ledesma,48801
48802,212087685,Carmen,Martin,48802
48803,369434054,Lisandro,Codina,48803
48804,704945721,Abel,Moraleda,48804
48805,522848137,Fabiola,Laguna,48805
48806,133833129,Anastasio,Jurado,48806
48807,383886516,Teo,Quevedo,48807
48808,482538772,Rosario,Tomas,48808
48809,904169117,Esteban,Arranz,48809
48810,552421218,Seve,Baena,48810
48811,698575787,Leire,Lucena,48811
48812,811253401,Nadia,Porcel,48812
48813,292425011,Jose,Tomas,48813
48814,618317404,Azeneth,Millan,48814
48815,346269547,Obdulia,Torrecilla,48815
48816,188069708,Margarita,Ocana,48816
48817,686895014,Salud,Piquer,48817
48818,175431714,Lilia,Rios,48818
48819,290676991,Leticia,Canton,48819
48820,870319634,Vanesa,Pedrero,48820
48821,975146395,Arcelia,Olive,48821
48822,750480241,Elias,Uribe,48822
48823,348329835,Calisto,Lumbreras,48823
48824,495329972,Francisca,Sedano,48824
48825,684202309,Nico,Miro,48825
48826,556166085,Gabriel,Barranco,48826
48827,149180285,Aurea,Tur,48827
48828,138471377,Raul,Pedrero,48828
48829,572672098,Vanesa,Barba,48829
48830,262089012,Olga,Canet,48830
48831,637953385,Chita,Palacio,48831
48832,103769853,Vicente,Rios,48832
48833,521537189,Adora,Garces,48833
48834,123320283,Adan,Duenas,48834
48835,649637546,Julieta,Feliu,48835
48836,935392463,Paula,Revilla,48836
48837,944556339,Patricio,Carbajo,48837
48838,650883103,Teo,Ochoa,48838
48839,937410677,Concepcion,Tamarit,48839
48840,351284333,Chus,Marques,48840
48841,513666712,Valero,Alcazar,48841
48842,845558477,Vilma,Guerra,48842
48843,231873114,Victor,Paniagua,48843
48844,653646774,Mayte,Moliner,48844
48845,753621865,Eufemia,Corral,48845
48846,564299795,Arcelia,Campo,48846
48847,667145621,Americo,Correa,48847
48848,452667596,Tomasa,Navarrete,48848
48849,110339330,Armando,Sala,48849
48850,612904869,Rosalina,Martin,48850
48851,273681732,Aristides,Asenjo,48851
48852,820887396,Hector,Fonseca,48852
48853,994500298,Manolo,Canellas,48853
48854,389404076,Abigail,Casares,48854
48855,422492446,Maristela,Ferran,48855
48856,908194301,Jennifer,Camara,48856
48857,230273130,Herminio,Bosch,48857
48858,669623193,Eladio,Vives,48858
48859,963863958,Consuelo,Bastida,48859
48860,627073103,Venceslas,Manrique,48860
48861,254386511,Agueda,Santiago,48861
48862,157725800,Olegario,Pina,48862
48863,601092489,Aaron,Carrera,48863
48864,187484842,Camila,Prada,48864
48865,296177783,Esperanza,Larrea,48865
48866,531797063,Nicodemo,Castejon,48866
48867,485851911,Abel,Uribe,48867
48868,267633934,Amancio,Diaz,48868
48869,946133458,Mirta,Sierra,48869
48870,850591179,Cesar,Fuente,48870
48871,460432309,Hugo,Carro,48871
48872,520289807,Carlos,Badia,48872
48873,136152057,Soledad,Haro,48873
48874,218389327,Mariano,Posada,48874
48875,233657144,Feliciana,Paez,48875
48876,961419649,Belen,Belda,48876
48877,632339860,Claudia,Gil,48877
48878,381546990,Remedios,Plaza,48878
48879,482563268,Juan Bautista,Redondo,48879
48880,540985805,Edelmiro,Sanmiguel,48880
48881,855373418,Jennifer,Moya,48881
48882,538398218,Remigio,Bello,48882
48883,690998024,Benigna,Vilaplana,48883
48884,766053362,Juana,Valls,48884
48885,177843057,Fidela,Palacios,48885
48886,314989574,Paulino,Morell,48886
48887,742459643,Rosario,Mariscal,48887
48888,423555847,Ceferino,Castejon,48888
48889,217976125,Olalla,Chaparro,48889
48890,421955648,Angelita,Hervas,48890
48891,378974301,Haydee,Herrero,48891
48892,875516425,Rodrigo,Lumbreras,48892
48893,356297150,Filomena,Elorza,48893
48894,175926133,Urbano,Terron,48894
48895,929264841,Angeles,Valero,48895
48896,511612094,Nacio,Gallego,48896
48897,122559643,Encarnacion,Hidalgo,48897
48898,393592841,Juan Bautista,Camara,48898
48899,196473287,Osvaldo,Andreu,48899
48900,205074809,Jose Maria,Sans,48900
48901,435112208,Guadalupe,Campo,48901
48902,678926399,Guiomar,Aller,48902
48903,874085845,Iker,Carbonell,48903
48904,811121340,Luis Miguel,Marquez,48904
48905,466036005,Irene,Puente,48905
48906,842820524,Amor,Perello,48906
48907,275360568,Martin,Sanchez,48907
48908,340309137,Pancho,Guerra,48908
48909,876650491,Concepcion,Barrios,48909
48910,698163368,Calista,Fernandez,48910
48911,318312204,Ileana,Tamayo,48911
48912,202617367,Edmundo,Carbajo,48912
48913,857071808,Marcela,Mendez,48913
48914,621013067,Berto,Escamilla,48914
48915,614470675,Brigida,Andrade,48915
48916,664726004,Iris,Martin,48916
48917,730092903,Amada,Bueno,48917
48918,479147580,Amparo,Arrieta,48918
48919,423415935,Maria Cristina,Pont,48919
48920,895353859,Armida,Ferrer,48920
48921,766531762,Alejandra,Pozuelo,48921
48922,129887213,Vanesa,Garces,48922
48923,784408115,David,Cabeza,48923
48924,531587124,Onofre,Tome,48924
48925,501378064,Hipolito,Vigil,48925
48926,518716379,Faustino,Fernandez,48926
48927,544302064,Omar,Baro,48927
48928,198356910,Ursula,Guardiola,48928
48929,937053764,Ofelia,Quevedo,48929
48930,986846340,Cayetana,Exposito,48930
48931,506805106,Lucho,Garriga,48931
48932,586030418,Gregorio,Tamayo,48932
48933,259483595,Adalberto,Arce,48933
48934,519461738,Melchor,Revilla,48934
48935,410221523,Dalila,Alfonso,48935
48936,906964634,Augusto,Malo,48936
48937,292606603,Martirio,Berenguer,48937
48938,732032532,Macaria,Patino,48938
48939,470679622,Jose Miguel,Ferreras,48939
48940,507330653,Renato,Jove,48940
48941,319476326,Nicanor,Pino,48941
48942,663752984,Remedios,Ferrer,48942
48943,813267090,Luciana,Caparros,48943
48944,257957497,Baldomero,Pujadas,48944
48945,790361610,Ani,Tormo,48945
48946,599130852,Flavio,Ribas,48946
48947,179874741,Anselmo,Pereira,48947
48948,640236347,Florentino,Hidalgo,48948
48949,794448947,Yessica,Bernal,48949
48950,316786630,Federico,Vilar,48950
48951,393676190,Cayetana,Muniz,48951
48952,142884107,Alvaro,Andreu,48952
48953,741364418,Reyes,Aguirre,48953
48954,593855874,Nadia,Duran,48954
48955,631064313,Azeneth,Pomares,48955
48956,783125475,Genoveva,Serrano,48956
48957,785794773,Jose Mari,Bolanos,48957
48958,271969652,German,Matas,48958
48959,560137075,Prudencio,Carnero,48959
48960,986321949,Elodia,Borja,48960
48961,485605001,Paz,Vicens,48961
48962,483312418,Otilia,Carrion,48962
48963,877044997,Juan Pablo,Pallares,48963
48964,967862632,Milagros,Tamarit,48964
48965,737610279,Ciriaco,Vargas,48965
48966,280921444,Feliciano,Exposito,48966
48967,534528706,Maximiano,Abella,48967
48968,838294053,Sofia,Ledesma,48968
48969,635736267,Casandra,Caballero,48969
48970,551848595,Carlos,Salas,48970
48971,632441418,Brigida,Ortiz,48971
48972,450954264,Raul,Carbonell,48972
48973,139865244,Josefa,Olmedo,48973
48974,673393052,Mar,Serrano,48974
48975,629133966,Tristan,Valls,48975
48976,539591542,Leonor,Morillo,48976
48977,564492639,Josefina,Carballo,48977
48978,842697749,Leandro,Casal,48978
48979,274792803,Jeronimo,Botella,48979
48980,929282823,Anastasia,Santana,48980
48981,167982558,Vicenta,Vendrell,48981
48982,453439765,Hector,Fuentes,48982
48983,508582525,Adelia,Prieto,48983
48984,830963065,Yessica,Benitez,48984
48985,392850435,Hugo,Caro,48985
48986,300643934,Purificacion,Burgos,48986
48987,752392569,Alex,Nieto,48987
48988,247943259,Marciano,Reina,48988
48989,186903164,Saturnina,Hernandez,48989
48990,486047315,Herminio,Verdu,48990
48991,627558667,Nazaret,Palacio,48991
48992,167475250,Carlota,Ferrandiz,48992
48993,418597207,Remedios,Larranaga,48993
48994,297156566,Esperanza,Amo,48994
48995,159735800,Hernan,Mur,48995
48996,127093768,Malena,Tello,48996
48997,992861773,Vinicio,Lobo,48997
48998,447774693,Fabiola,Salas,48998
48999,840139856,Luciana,Guzman,48999
49000,740967021,Trini,Yuste,49000
49001,452693591,Paulino,Barbero,49001
49002,431984343,Feliciano,Azcona,49002
49003,827983705,Elias,Bastida,49003
49004,769969750,Carmina,Rios,49004
49005,900985537,Nicolasa,Estrada,49005
49006,704017813,Melania,Sierra,49006
49007,219450303,Eleuterio,Galindo,49007
49008,534583773,Nacio,Neira,49008
49009,156530551,Patricia,Serrano,49009
49010,240379207,Alba,Valentin,49010
49011,301497314,Pio,Llobet,49011
49012,547200426,Encarna,Espada,49012
49013,376861344,Fabian,Mosquera,49013
49014,355157288,Alejandra,Amo,49014
49015,374838882,Mateo,Escalona,49015
49016,162975928,Flor,Seco,49016
49017,382374108,Manuela,Valdes,49017
49018,201332087,Alonso,Vizcaino,49018
49019,263546852,Miriam,Vina,49019
49020,585764683,Ariel,Galindo,49020
49021,856660033,Azucena,Guerra,49021
49022,877868775,Otilia,Cespedes,49022
49023,387459506,Maria Del Carmen,Aguado,49023
49024,458803542,Evelia,Llopis,49024
49025,384583565,Gala,Elorza,49025
49026,847467353,Candelas,Folch,49026
49027,230292067,Matias,Arrieta,49027
49028,180686466,Maria Cristina,Alegria,49028
49029,167620688,Sofia,Carreras,49029
49030,650213808,Nazaret,Vara,49030
49031,538823793,Emiliana,Diego,49031
49032,606730647,Bartolome,Mendez,49032
49033,236134405,Leandra,Tamarit,49033
49034,741766893,Eustaquio,Tolosa,49034
49035,900896876,Graciela,Aguila,49035
49036,195933352,Yolanda,Leal,49036
49037,236097233,Zaida,Amo,49037
49038,374345814,Cornelio,Mendoza,49038
49039,955924245,Hernan,Font,49039
49040,321903069,Hector,Castejon,49040
49041,413019383,Gustavo,Cueto,49041
49042,223498304,Fidela,Trillo,49042
49043,142467902,Nuria,Barrera,49043
49044,604285644,Morena,Mayoral,49044
49045,269305134,Olalla,Alvarez,49045
49046,482609057,Alfonso,Carrera,49046
49047,455090639,Cipriano,Ricart,49047
49048,385746851,Jose,Vilar,49048
49049,450709600,Che,Pena,49049
49050,604574541,Javier,Tenorio,49050
49051,658330948,Tania,Linares,49051
49052,949286203,Heraclio,Pina,49052
49053,928636645,Pastora,Goicoechea,49053
49054,444655413,Bernardo,Rosell,49054
49055,397798379,Mauricio,Terron,49055
49056,571307052,Martirio,Garces,49056
49057,241016206,Marisela,Barrena,49057
49058,496046189,Aroa,Mena,49058
49059,864828916,Adela,Iglesias,49059
49060,174638458,Gabriela,Bilbao,49060
49061,683233935,Ignacio,Calleja,49061
49062,692270694,Eligio,Palacio,49062
49063,163056672,Gabino,Mayol,49063
49064,801124860,Pascual,Amores,49064
49065,285892859,Itziar,Amaya,49065
49066,502597470,Fausto,Santamaria,49066
49067,865300165,Esperanza,Castell,49067
49068,354480082,Samuel,Monreal,49068
49069,730339968,Guillermo,Llado,49069
49070,426853792,Evangelina,Segarra,49070
49071,564203540,Tadeo,Rivera,49071
49072,113956821,Rodolfo,Benitez,49072
49073,809942820,Ruth,Cano,49073
49074,960524147,Rufina,Escribano,49074
49075,521299485,Felix,Rios,49075
49076,334366539,Filomena,Pinilla,49076
49077,536819618,Manola,Luis,49077
49078,875259106,Teodosio,Posada,49078
49079,634481645,America,Huertas,49079
49080,419485216,Noa,Herranz,49080
49081,264054417,Soraya,Carnero,49081
49082,109397431,Ivan,Abellan,49082
49083,202659685,Abraham,Arteaga,49083
49084,748887583,Arcelia,Parra,49084
49085,117866254,Fito,Flor,49085
49086,647122238,Roman,Alcazar,49086
49087,373250795,Miguela,Santiago,49087
49088,421572864,Esperanza,Diez,49088
49089,215393646,Pastor,Baez,49089
49090,312453493,Rogelio,Mayoral,49090
49091,565130709,Candelario,Barcena,49091
49092,679095385,Hilario,Font,49092
49093,810396784,Celestina,Sandoval,49093
49094,896365245,Cristian,Canales,49094
49095,385100372,Cesar,Escamilla,49095
49096,723792909,Irma,Lago,49096
49097,324056254,Susanita,Ramirez,49097
49098,472961702,Bruno,Alemany,49098
49099,927436813,Josefa,Garriga,49099
49100,200081101,Ignacia,Acero,49100
49101,411074175,Isaura,Luz,49101
49102,506361162,Aurora,Ibanez,49102
49103,717734467,Lara,Azorin,49103
49104,149661454,Nerea,Rosello,49104
49105,462797683,Esther,Andrade,49105
49106,783136154,Lilia,Heredia,49106
49107,647816867,Anunciacion,Capdevila,49107
49108,853595054,Salud,Reig,49108
49109,693174149,Tere,Herranz,49109
49110,439101056,Jose Carlos,Duenas,49110
49111,183030112,Reynaldo,Ruano,49111
49112,998393486,Florinda,Aragon,49112
49113,675370458,Felix,Andrade,49113
49114,365837050,Jordi,Somoza,49114
49115,958048236,Chema,Benito,49115
49116,528574123,Ale,Marin,49116
49117,472782104,Albert,Manso,49117
49118,617451381,Natalio,Vallejo,49118
49119,552937890,Pio,Ruano,49119
49120,607422590,Daniel,Calzada,49120
49121,727825223,Selena,Gomez,49121
49122,463108563,Cruz,Pombo,49122
49123,607777202,Victor Manuel,Lamas,49123
49124,149802167,Alvaro,Canals,49124
49125,674648830,Edmundo,Codina,49125
49126,680141897,Faustino,Cisneros,49126
49127,151906532,Victor Manuel,Corral,49127
49128,751670649,Liliana,Guitart,49128
49129,549962846,Edgardo,Cordero,49129
49130,123857088,Tomas,Torrens,49130
49131,812548316,Gonzalo,Batlle,49131
49132,341527255,Aurelio,Barco,49132
49133,978783776,Rosalva,Almazan,49133
49134,710995318,Primitiva,Badia,49134
49135,996537370,Modesta,Castilla,49135
49136,594755106,Jafet,Simo,49136
49137,656644441,Isaac,Colom,49137
49138,570393879,Nicanor,Serna,49138
49139,881142760,Tito,Rios,49139
49140,356278066,Duilio,Alcalde,49140
49141,476102964,Tania,Ferreras,49141
49142,583438180,Cebrian,Luz,49142
49143,502655246,Gala,Pallares,49143
49144,767078815,Aura,Dalmau,49144
49145,975398216,Ruben,Giralt,49145
49146,891684003,Cipriano,Melendez,49146
49147,878348521,Candida,Aragones,49147
49148,116445608,Simon,Piquer,49148
49149,834455201,Sandalio,Arnal,49149
49150,733479381,Jeronimo,Giron,49150
49151,506812326,Tiburcio,Arana,49151
49152,659865554,Laura,Carrion,49152
49153,161578034,America,Abad,49153
49154,160278579,Candido,Viana,49154
49155,366109676,Martin,Samper,49155
49156,129131759,Mario,Guerra,49156
49157,963794288,Fortunato,Melero,49157
49158,672243906,Vicenta,Benito,49158
49159,380566023,Cayetano,Andreu,49159
49160,181128379,Yessica,Peralta,49160
49161,960852105,Salud,Benavides,49161
49162,655203589,Pepito,Fuentes,49162
49163,125331787,Aristides,Albero,49163
49164,404231623,Felipa,Llado,49164
49165,294134026,Tiburcio,Cuesta,49165
49166,254395463,Coral,Llopis,49166
49167,742120936,Iris,Gonzalez,49167
49168,946732914,Desiderio,Marquez,49168
49169,820703293,Eulalia,Vallejo,49169
49170,639321434,Ramon,Figueroa,49170
49171,632940755,Loreto,Sancho,49171
49172,285521427,Leopoldo,Tapia,49172
49173,402239095,Fabricio,Almansa,49173
49174,431640293,Bautista,Dominguez,49174
49175,983620635,Azahar,Aroca,49175
49176,882036313,Alma,Iglesia,49176
49177,314320172,Jacinto,Carro,49177
49178,884918419,Anna,Zabala,49178
49179,864592207,Ruy,Aller,49179
49180,210646925,Sabas,Iglesia,49180
49181,779581405,Roque,Macias,49181
49182,203875487,Teodosio,Bautista,49182
49183,664470316,Herberto,Davila,49183
49184,247707228,Armida,Cabrero,49184
49185,264824690,Olga,Alberola,49185
49186,607650068,Dionisia,Aliaga,49186
49187,404875719,Pacifica,Quintanilla,49187
49188,106517312,Lino,Arevalo,49188
49189,454082130,Adelina,Boada,49189
49190,171691998,Roberta,Mesa,49190
49191,127142365,Gaston,Penalver,49191
49192,819966461,Severiano,Arevalo,49192
49193,504136845,Jordan,Nadal,49193
49194,672953589,Manola,Vilalta,49194
49195,464769216,Angelita,Villanueva,49195
49196,810494491,Edelmira,Naranjo,49196
49197,331668053,Teodoro,Ferrer,49197
49198,334016843,Hector,Garate,49198
49199,713258224,Ciriaco,Naranjo,49199
49200,926908933,Ulises,Pinedo,49200
49201,317898539,Nayara,Beltran,49201
49202,388623383,Selena,Carlos,49202
49203,999572326,Maria Dolores,Cabrero,49203
49204,935154894,Custodia,Rico,49204
49205,120819383,Roldan,Martinez,49205
49206,994698609,Jordi,Laguna,49206
49207,218425259,Felipa,Anaya,49207
49208,621487100,Amparo,Mulet,49208
49209,789938779,Carmen,Saura,49209
49210,593755237,Felicidad,Prats,49210
49211,392900252,Miguel Angel,Roma,49211
49212,912107224,Eugenia,Vaquero,49212
49213,681848768,Chema,Rosales,49213
49214,907234447,Artemio,Narvaez,49214
49215,787786114,Yesica,Saenz,49215
49216,988015205,Ruben,Zabaleta,49216
49217,364179592,Fidela,Borja,49217
49218,672730400,Maria Pilar,Yanez,49218
49219,809685962,Ani,Cozar,49219
49220,487381173,Bernardo,Salmeron,49220
49221,888175665,America,Pombo,49221
49222,968448325,Carmelita,Manjon,49222
49223,974686963,Angeles,Cabeza,49223
49224,158801394,Felix,Banos,49224
49225,880837681,Juan Francisco,Arcos,49225
49226,946674408,Bernardino,Flor,49226
49227,784244910,Gustavo,Bernad,49227
49228,331013403,Regina,Ariza,49228
49229,444952425,Noelia,Malo,49229
49230,132626987,Damian,Neira,49230
49231,146487926,Noe,Polo,49231
49232,689852414,Jose Angel,Santamaria,49232
49233,789851336,Nando,Bilbao,49233
49234,368616588,Eugenio,Esteban,49234
49235,463405364,Saturnino,Pujadas,49235
49236,658035812,Feliciano,Canet,49236
49237,133884550,Amanda,Cruz,49237
49238,656674443,Otilia,Abella,49238
49239,967291213,Visitacion,Castro,49239
49240,481642673,Palmira,Guardiola,49240
49241,200587040,Tatiana,Sosa,49241
49242,339534975,Bautista,Navas,49242
49243,729264764,Goyo,Valera,49243
49244,340467740,Viviana,Segovia,49244
49245,469002869,Sancho,Bou,49245
49246,878084032,Eugenia,Villegas,49246
49247,488318540,Graciela,Garzon,49247
49248,862324107,Belen,Arana,49248
49249,365364347,Abel,Mateos,49249
49250,228908173,Amilcar,Garmendia,49250
49251,304610011,Guadalupe,Leal,49251
49252,381646188,Maura,Cardenas,49252
49253,171903650,Godofredo,Ortiz,49253
49254,761863260,Tristan,Llorente,49254
49255,538222350,Lorenza,Oliveras,49255
49256,509239140,Omar,Diaz,49256
49257,247092351,Gaston,Nunez,49257
49258,699485485,Manuelita,Crespi,49258
49259,768711227,Nuria,Cueto,49259
49260,454591696,Juan Manuel,Blanes,49260
49261,211346704,Edu,Escalona,49261
49262,278329197,Carolina,Bas,49262
49263,910181796,Anastasia,Corbacho,49263
49264,788668149,Felipa,Sales,49264
49265,111348184,Mohamed,Fiol,49265
49266,936356746,Mateo,Hervia,49266
49267,844947431,Amor,Millan,49267
49268,878200683,Ines,Montero,49268
49269,575576940,Carmina,Roldan,49269
49270,507862192,Felix,Granados,49270
49271,209748892,Iris,Carmona,49271
49272,343817773,Manuelita,Moliner,49272
49273,159188795,Roberta,Palomino,49273
49274,289475915,Roman,Estrada,49274
49275,674411039,Natalia,Giner,49275
49276,104784443,Alonso,Tolosa,49276
49277,151496437,Gaspar,Estevez,49277
49278,263339489,Tristan,Boix,49278
49279,358337149,Amando,Castejon,49279
49280,844248385,Luis Miguel,Flores,49280
49281,892874008,Marcio,Cabrero,49281
49282,165656405,Noemi,Arteaga,49282
49283,835021555,Antonia,Gimenez,49283
49284,317022031,Leandra,Corral,49284
49285,887648910,Florencia,Acosta,49285
49286,311902598,Ester,Plana,49286
49287,916926606,Tomas,Rosell,49287
49288,559469628,Adelardo,Campos,49288
49289,162227712,Azucena,Romeu,49289
49290,115537379,Eusebio,Urrutia,49290
49291,164687705,Eliseo,Querol,49291
49292,601975174,Florentina,Ferrero,49292
49293,160573852,Virgilio,Torrecilla,49293
49294,133926600,Placido,Portillo,49294
49295,541601289,Raquel,Soriano,49295
49296,492336166,Lucia,Marquez,49296
49297,457672641,Itziar,Verdu,49297
49298,958774253,Violeta,Bermejo,49298
49299,594605555,Emilio,Parra,49299
49300,783888494,Marisol,Pedrero,49300
49301,618698419,Hipolito,Pena,49301
49302,575277935,Morena,Huerta,49302
49303,536120409,Emiliana,Pinilla,49303
49304,603879306,Toribio,Sosa,49304
49305,274406444,Primitivo,Padilla,49305
49306,345844277,Rocio,Malo,49306
49307,854164166,Horacio,Cifuentes,49307
49308,339842239,Juan Carlos,Camacho,49308
49309,755991757,Venceslas,Ruiz,49309
49310,544948189,Lola,Briones,49310
49311,775467003,Jesus,Madrid,49311
49312,641580210,Josefa,Donaire,49312
49313,745898182,Samuel,Plana,49313
49314,619759162,Benigno,Barrera,49314
49315,592042694,Cristian,Ramon,49315
49316,852383784,Palmira,Carballo,49316
49317,122248965,Amaro,Linares,49317
49318,445592610,Fabio,Ferrer,49318
49319,918028941,Gaspar,Delgado,49319
49320,390998795,Remigio,Vargas,49320
49321,997001066,Cristina,Montalban,49321
49322,557776245,Oscar,Vives,49322
49323,710336002,Xavier,Garrido,49323
49324,560350969,Ignacia,Hernandez,49324
49325,957356637,Gustavo,Escudero,49325
49326,153210576,Candelaria,Nogues,49326
49327,980089609,Herminia,Palau,49327
49328,535650052,Candida,Mas,49328
49329,254131118,Aaron,Zabaleta,49329
49330,256341664,Jose Carlos,Batlle,49330
49331,303199251,Maria,Cardona,49331
49332,480967214,Emma,Agullo,49332
49333,455753523,Blanca,Salazar,49333
49334,794638009,Edelmira,Navarro,49334
49335,495308223,Julieta,Muniz,49335
49336,330144557,Victoria,Carrera,49336
49337,149636057,Felipa,Campoy,49337
49338,595443225,Felipa,Jimenez,49338
49339,344610000,Manolo,Pallares,49339
49340,369875264,Benito,Pombo,49340
49341,816250963,Teodoro,Valverde,49341
49342,685181722,Amaro,Rocamora,49342
49343,276672907,Nazaret,Almansa,49343
49344,984574246,Anastasia,Galvez,49344
49345,664847078,Cosme,Mendoza,49345
49346,755023485,Andres Felipe,Berrocal,49346
49347,107264132,Roque,Losada,49347
49348,882712692,Gilberto,Murillo,49348
49349,581034679,Ezequiel,Navarro,49349
49350,296329736,Josue,Luque,49350
49351,922598852,Desiderio,Bravo,49351
49352,117290660,Maria Fernanda,Carnero,49352
49353,682246163,Duilio,Camino,49353
49354,511782772,Eligio,Armengol,49354
49355,706039768,Charo,Borja,49355
49356,601133674,Isabel,Casares,49356
49357,348729805,Camila,Neira,49357
49358,153160226,Camila,Jover,49358
49359,618319200,Lorenza,Montenegro,49359
49360,783690665,Roberta,Vallejo,49360
49361,134847496,Genoveva,Rojas,49361
49362,382934436,Abril,Barbera,49362
49363,971878299,Guiomar,Manzanares,49363
49364,577601244,Rufina,Plana,49364
49365,504397779,Maricela,Cazorla,49365
49366,334622236,Artemio,Lillo,49366
49367,469860348,Flora,Saez,49367
49368,783630869,Marisa,Murillo,49368
49369,252427124,Encarnita,Sarabia,49369
49370,207707246,Aurea,Costa,49370
49371,438062951,Horacio,Velazquez,49371
49372,560789946,Gabriel,Cobos,49372
49373,925538580,Azeneth,Mesa,49373
49374,946819762,Nicanor,Ricart,49374
49375,355395083,Maximo,Rodenas,49375
49376,433354100,Amanda,Lara,49376
49377,692773264,Olegario,Pallares,49377
49378,998701878,Aaron,Mayol,49378
49379,231171512,Constanza,Barrios,49379
49380,864901804,Sergio,Costa,49380
49381,250699452,Barbara,Macias,49381
49382,351458514,Maximino,Ortuno,49382
49383,503600427,Asdrubal,Robledo,49383
49384,692942842,Belen,Gual,49384
49385,894412217,Florencia,Nogueira,49385
49386,158349493,Bibiana,Nicolas,49386
49387,208715030,Alejandro,Vila,49387
49388,828533140,Sara,Nunez,49388
49389,788473913,Dafne,Roca,49389
49390,695087091,Celso,Castello,49390
49391,975415332,Walter,Roldan,49391
49392,995591114,Roxana,Tome,49392
49393,311950804,Flavia,Bejarano,49393
49394,125350138,Rene,Losa,49394
49395,681730757,Leon,Lledo,49395
49396,665955451,Gala,Arco,49396
49397,570282798,Buenaventura,Tello,49397
49398,614521772,Soledad,Penalver,49398
49399,137444927,Alfonso,Castell,49399
49400,673927144,Danilo,Ricart,49400
49401,735074637,Ezequiel,Cobos,49401
49402,235388027,Cristobal,Leal,49402
49403,349225074,Imelda,Garcia,49403
49404,418327584,Samu,Bonilla,49404
49405,265313328,Victoria,Checa,49405
49406,327172538,Carla,Gutierrez,49406
49407,193730839,Amor,Paez,49407
49408,543659118,Leonor,Jodar,49408
49409,847501389,Manola,Sanchez,49409
49410,989844929,Evelia,Sanchez,49410
49411,966964688,Ciro,Olivares,49411
49412,803135380,Reynaldo,Pinol,49412
49413,471730695,Francisco,Manuel,49413
49414,667554759,Albino,Milla,49414
49415,557516890,Miguel Angel,Tolosa,49415
49416,847789866,Nicodemo,Amor,49416
49417,546986031,Norberto,Flores,49417
49418,504016994,Soraya,Dalmau,49418
49419,775631325,Maria Teresa,Pinilla,49419
49420,545889696,Bernardino,Sanchez,49420
49421,141449888,Estefania,Marin,49421
49422,455398873,Diego,Camacho,49422
49423,673279066,Patricia,Quiroga,49423
49424,332264523,Wilfredo,Canton,49424
49425,754876433,Armando,Marti,49425
49426,411895810,Rolando,Exposito,49426
49427,691482325,Feliciano,Sedano,49427
49428,281082785,Azahar,Soler,49428
49429,872218430,Amparo,Alcalde,49429
49430,253770427,Agustin,Rivero,49430
49431,634101554,Florencia,Valles,49431
49432,973359953,Cayetano,Fortuny,49432
49433,291261500,Victor Manuel,Bustos,49433
49434,453321846,Crescencia,Gordillo,49434
49435,604217867,Brunilda,Ayuso,49435
49436,868742414,Bernardino,Valls,49436
49437,652501683,Zoraida,Hierro,49437
49438,543455212,Francisco Jose,Gomila,49438
49439,495524966,Omar,Nogueira,49439
49440,937210313,Concepcion,Costa,49440
49441,452954206,Eleuterio,Verdu,49441
49442,286721980,Guadalupe,Campo,49442
49443,941961516,Jenny,Sarmiento,49443
49444,198853593,Maria Dolores,Villar,49444
49445,478630629,Natalia,Avila,49445
49446,835548380,Gervasio,Rio,49446
49447,774167616,Adelina,Borrell,49447
49448,845362429,Baldomero,Ropero,49448
49449,440847071,Nando,Sosa,49449
49450,200385498,Daniel,Bermudez,49450
49451,421446362,Angelica,Moya,49451
49452,736007009,Clemente,Tomas,49452
49453,612279518,Ursula,Rodriguez,49453
49454,580279188,Camilo,Galvan,49454
49455,338069074,Estrella,Manzanares,49455
49456,344337116,Conrado,Bayona,49456
49457,464210999,Flavia,Bernal,49457
49458,425872151,Anselmo,Hoz,49458
49459,773545690,Isidoro,Neira,49459
49460,659505254,Edu,Arnaiz,49460
49461,967861859,Adelardo,Cano,49461
49462,595205110,Vito,Chaparro,49462
49463,401208551,Genoveva,Pina,49463
49464,673985102,Guiomar,Girona,49464
49465,220663748,Hector,Alcaraz,49465
49466,816234042,Adelaida,Milla,49466
49467,246706959,Eutimio,Guardia,49467
49468,432665347,Maria,Gallart,49468
49469,664835082,Luisina,Beltran,49469
49470,470644268,Bienvenida,Zamorano,49470
49471,361583095,Francisco Javier,Minguez,49471
49472,387960312,Marino,Larrea,49472
49473,404361684,Mariana,Arcos,49473
49474,453348697,Isaias,Sanabria,49474
49475,625765481,Renata,Granados,49475
49476,915942756,Eliseo,Segura,49476
49477,767079212,Ramiro,Jordan,49477
49478,578315482,Jose Ramon,Cardenas,49478
49479,981789251,Virginia,Pastor,49479
49480,607249735,Fabricio,Agullo,49480
49481,940254639,Pablo,Mata,49481
49482,782122310,Glauco,Arroyo,49482
49483,362131065,Dorita,Redondo,49483
49484,446412524,Feliciano,Vara,49484
49485,743727958,Walter,Izquierdo,49485
49486,978367418,Julian,Samper,49486
49487,804233400,Modesto,Vives,49487
49488,271385588,Anselmo,Barreda,49488
49489,869174952,Ricardo,Ribes,49489
49490,918125369,Fidela,Rios,49490
49491,978481577,Nicanor,Corbacho,49491
49492,840898138,Amando,Canellas,49492
49493,698554814,Bienvenida,Arcos,49493
49494,104145746,Maria Jose,Camara,49494
49495,735917326,Trinidad,Mena,49495
49496,528725340,Regulo,Marco,49496
49497,152911475,Florencia,Rios,49497
49498,852166181,Eladio,Elorza,49498
49499,689020402,Gervasio,Gaya,49499
49500,574027327,Yaiza,Sanchez,49500
49501,986770572,Alba,Carbonell,49501
49502,979424043,Carlito,Llobet,49502
49503,118669138,Lino,Cuenca,49503
49504,206210407,Eva Maria,Pineda,49504
49505,703731609,Jeronimo,Atienza,49505
49506,386301715,Fabiola,Fernandez,49506
49507,388024553,Amado,Ayllon,49507
49508,743740234,Soraya,Calatayud,49508
49509,223883563,Agueda,Padilla,49509
49510,823038005,Amor,Falcon,49510
49511,736988091,Cebrian,Mateu,49511
49512,647108111,Azahar,Marti,49512
49513,364509452,Lucia,Blanes,49513
49514,170128549,Yesica,Bernal,49514
49515,229226589,Aroa,Tolosa,49515
49516,276711422,Irene,Alvarado,49516
49517,102136551,Baudelio,Arevalo,49517
49518,538778322,Jose Manuel,Olmedo,49518
49519,633306585,Sandra,Varela,49519
49520,600950186,Haydee,Bueno,49520
49521,942033992,Domitila,Palacios,49521
49522,749337168,Paz,Vara,49522
49523,896183172,Luz,Noriega,49523
49524,907008711,Angela,Badia,49524
49525,420536848,Agueda,Barroso,49525
49526,126020512,Esteban,Ortuno,49526
49527,322401642,Petrona,Benavent,49527
49528,790401217,Luis Miguel,Alvarado,49528
49529,668566096,Chita,Daza,49529
49530,135835463,Luna,Villanueva,49530
49531,490858687,Sarita,Tenorio,49531
49532,794581369,Manola,Manso,49532
49533,758178496,Vito,Quevedo,49533
49534,108029863,Horacio,Valera,49534
49535,723733871,Gloria,Coll,49535
49536,294611417,Quirino,Palomino,49536
49537,912113974,Alex,Iriarte,49537
49538,318421301,Eligio,Aguado,49538
49539,504575145,Sancho,Nogues,49539
49540,367282882,Inigo,Pablo,49540
49541,623397200,Filomena,Cifuentes,49541
49542,670721330,Susanita,Rincon,49542
49543,960334908,Jessica,Martinez,49543
49544,682962019,Amalia,Burgos,49544
49545,980745674,Ciriaco,Figueroa,49545
49546,458612133,Joaquin,Garcia,49546
49547,173691682,Marcelino,Soto,49547
49548,614427972,Joel,Ros,49548
49549,520619914,Chus,Olive,49549
49550,730426834,Rita,Jimenez,49550
49551,414472353,Ceferino,Lago,49551
49552,783209786,Lucila,Martinez,49552
49553,375352668,Anna,Barcena,49553
49554,680821812,Delia,Sacristan,49554
49555,935573383,Luciana,Lamas,49555
49556,732272402,Duilio,Ibarra,49556
49557,583257789,Artemio,Canellas,49557
49558,675623524,Natanael,Lledo,49558
49559,219845740,Leandra,Gual,49559
49560,720439452,Albino,Salas,49560
49561,556751124,Rita,Ripoll,49561
49562,497168917,Aurelia,Costa,49562
49563,119749461,Tere,Alberola,49563
49564,805266017,Juan Manuel,Mateu,49564
49565,354231515,Victor Manuel,Figueroa,49565
49566,904050075,Laura,Vendrell,49566
49567,390723983,Sofia,Reig,49567
49568,256859678,Milagros,Seco,49568
49569,695825029,Blas,Arcos,49569
49570,562442814,Apolonia,Torralba,49570
49571,863808772,Esperanza,Casanova,49571
49572,266215235,Miguel Angel,Blanes,49572
49573,837312060,Olivia,Espanol,49573
49574,720425483,Maria Dolores,Arnal,49574
49575,532731507,Ale,Lobato,49575
49576,329638683,Morena,Acedo,49576
49577,959335639,Araceli,Verdu,49577
49578,675856498,Danilo,Urrutia,49578
49579,968053737,Andres,Galvan,49579
49580,184668661,Sergio,Posada,49580
49581,968207811,Nando,Soler,49581
49582,614717768,Leoncio,Sans,49582
49583,782348088,Cirino,Tapia,49583
49584,446509398,Jimena,Vazquez,49584
49585,101452933,Jafet,Casanova,49585
49586,202228668,Carmela,Villalba,49586
49587,898086832,Gabino,Sandoval,49587
49588,911397435,Vera,Hierro,49588
49589,323661079,Nazaret,Mugica,49589
49590,917030608,Yessica,Grau,49590
49591,304624873,Isabela,Albero,49591
49592,764684824,Dafne,Rubio,49592
49593,785003352,Perla,Rincon,49593
49594,952751148,Benito,Sanjuan,49594
49595,919589651,Maximiano,Izaguirre,49595
49596,533315482,Benigno,Leon,49596
49597,943718122,Calixta,Manuel,49597
49598,222454331,Montserrat,Sarabia,49598
49599,423134833,Jesus,Plaza,49599
49600,906208857,Javiera,Cervera,49600
49601,327506359,Jose Carlos,Fernandez,49601
49602,220305741,Emilia,Roldan,49602
49603,194188408,Jose Francisco,Sacristan,49603
49604,306739802,Maristela,Juarez,49604
49605,840467646,Evita,Cabrero,49605
49606,552241494,Demetrio,Vallejo,49606
49607,231121332,Cebrian,Barrio,49607
49608,533886981,Bautista,Llorente,49608
49609,206179376,Adan,Zorrilla,49609
49610,980319580,Custodio,Huertas,49610
49611,367537279,Curro,Agullo,49611
49612,897022675,Soraya,Aguila,49612
49613,485047187,Angelita,Perea,49613
49614,841916657,Silvestre,Cazorla,49614
49615,937415124,Daniel,Perea,49615
49616,441954856,Isaura,Farre,49616
49617,228653206,Geronimo,Guillen,49617
49618,376230332,Ruben,Falco,49618
49619,906859433,Socorro,Dominguez,49619
49620,264994820,Lucia,Pinilla,49620
49621,316883345,Ezequiel,Borrego,49621
49622,397220437,Mar,Silva,49622
49623,592440722,Daniel,Cobos,49623
49624,355761680,Aureliano,Arribas,49624
49625,133997295,Encarna,Camara,49625
49626,663913192,Abilio,Sastre,49626
49627,916724666,Julie,Tomas,49627
49628,343769777,Pacifica,Gallardo,49628
49629,885906307,Macario,Borja,49629
49630,460866475,Etelvina,Nicolau,49630
49631,224011152,Candelario,Lluch,49631
49632,855897131,Casemiro,Baez,49632
49633,924673088,Venceslas,Estevez,49633
49634,668759886,Remigio,Arnal,49634
49635,333507985,Sonia,Barba,49635
49636,218339554,Cosme,Vazquez,49636
49637,885392102,Alonso,Barbero,49637
49638,834572718,Fidel,Donoso,49638
49639,789366546,Sandra,Belda,49639
49640,579502866,Eugenio,Cano,49640
49641,534118860,Toni,Carbo,49641
49642,442778443,Leonor,Salmeron,49642
49643,129147588,Lara,Exposito,49643
49644,852272909,Ricarda,Mateu,49644
49645,378988613,Valerio,Soler,49645
49646,241992464,Soraya,Marmol,49646
49647,263902609,Luz,Barcelo,49647
49648,172505012,Nicolasa,Aguilar,49648
49649,974880957,Anselma,Valero,49649
49650,778038012,Carlos,Barrena,49650
49651,572754667,Maximiano,Pena,49651
49652,889381967,Leonel,Sales,49652
49653,329115975,Febe,Bermudez,49653
49654,252794050,Eric,Calatayud,49654
49655,445339975,Daniel,Pascual,49655
49656,295034416,Adrian,Mancebo,49656
49657,485448469,Yago,Paredes,49657
49658,945503686,Leticia,Alcolea,49658
49659,646829617,Alondra,Peiro,49659
49660,982870514,Pacifica,Echeverria,49660
49661,271142576,Tomas,Galan,49661
49662,669547879,Abril,Nevado,49662
49663,999116050,Eliseo,Donaire,49663
49664,963882018,Remigio,Palma,49664
49665,605710451,Jesus,Marti,49665
49666,348916339,Fortunata,Bravo,49666
49667,789568174,Mamen,Baquero,49667
49668,143381947,Elodia,Martinez,49668
49669,521580689,Dominga,Blanch,49669
49670,468813027,Claudio,Sanmartin,49670
49671,770011785,Fidel,Martinez,49671
49672,165327958,Martina,Gil,49672
49673,203241456,Lalo,Polo,49673
49674,785063990,Carmelita,Sierra,49674
49675,619889367,Estrella,Cardenas,49675
49676,229806080,Jose Ignacio,Ortiz,49676
49677,365815179,Tecla,Serna,49677
49678,137360842,Juliana,Galvez,49678
49679,310352359,Alexandra,Martorell,49679
49680,478127261,Maximiano,Aviles,49680
49681,823013389,Itziar,Oller,49681
49682,379481892,Cecilia,Gracia,49682
49683,189018274,Saturnina,Villa,49683
49684,485935206,Heriberto,Campoy,49684
49685,526870971,Vasco,Goicoechea,49685
49686,843515747,Ale,Ortiz,49686
49687,650080742,Aristides,Escribano,49687
49688,844996668,Lucila,Escobar,49688
49689,525047832,Emma,Requena,49689
49690,515126877,Walter,Caparros,49690
49691,433901422,Jaime,Ferreras,49691
49692,237947559,Bernardita,Bertran,49692
49693,127757734,Miguel,Hidalgo,49693
49694,904067733,Jennifer,Mayo,49694
49695,983088695,Valero,Galiano,49695
49696,850909101,Benigna,Iniesta,49696
49697,873145233,Pepe,Reguera,49697
49698,434468587,Pepe,Tovar,49698
49699,738475303,Humberto,Teruel,49699
49700,973161450,Juan Carlos,Atienza,49700
49701,190243433,Luis,Fuster,49701
49702,109726294,Flor,Burgos,49702
49703,928876975,Carlota,Ferrandez,49703
49704,316830608,Agustina,Velasco,49704
49705,684547085,Gisela,Valera,49705
49706,330713963,Reina,Arenas,49706
49707,676971076,Telmo,Beltran,49707
49708,599951117,Paz,Fortuny,49708
49709,339255942,Daniel,Peral,49709
49710,757978527,Ema,Busquets,49710
49711,712029880,Bibiana,Casado,49711
49712,824539219,Timoteo,Zabala,49712
49713,117231163,Jaime,Figueras,49713
49714,578446413,Reyes,Recio,49714
49715,664624011,Jovita,Ferrandiz,49715
49716,203598856,Saturnino,Guillen,49716
49717,812726431,Leandro,Nebot,49717
49718,247250023,Andres,Bernad,49718
49719,301903690,Fabio,Pujadas,49719
49720,220442156,Ovidio,Nunez,49720
49721,523122041,Josefa,Goni,49721
49722,196027882,Nacio,Romeu,49722
49723,891307559,Bruno,Jerez,49723
49724,359863827,Eustaquio,Arenas,49724
49725,215751781,Florentino,Huertas,49725
49726,479235073,Flor,Vinas,49726
49727,239553801,Mohamed,Carbonell,49727
49728,916371244,Brigida,Sanchez,49728
49729,953394587,Nestor,Garzon,49729
49730,784277203,Mariano,Merino,49730
49731,489919316,Clotilde,Aramburu,49731
49732,540097186,Luisa,Gonzalez,49732
49733,536199867,Carolina,Cortes,49733
49734,997609987,Asuncion,Castaneda,49734
49735,984717787,Seve,Acedo,49735
49736,670929051,Amancio,Arranz,49736
49737,783276071,Noelia,Yanez,49737
49738,443649890,Baudelio,Perez,49738
49739,992307997,Francisco,Tejada,49739
49740,524112431,Caridad,Arcos,49740
49741,318418665,Julio,Acosta,49741
49742,244029271,Tito,Cases,49742
49743,293669792,Amelia,Amigo,49743
49744,696288181,Luis Angel,Jauregui,49744
49745,249734574,Chucho,Diaz,49745
49746,355325719,Lupe,Borrell,49746
49747,594020664,Mirta,Palomares,49747
49748,441165527,Francisco,Giner,49748
49749,202937943,Anselmo,Lucena,49749
49750,621882422,Ines,Ballesteros,49750
49751,375654865,Gracia,Valbuena,49751
49752,430158898,Cirino,Robles,49752
49753,316595827,Crescencia,Ponce,49753
49754,323555777,Herberto,Arnau,49754
49755,746071223,Angela,Moliner,49755
49756,423007915,Cecilia,Amores,49756
49757,138658061,Ursula,Melendez,49757
49758,848670096,Salvador,Bermejo,49758
49759,634034904,Alcides,Ramos,49759
49760,100052915,Jose Angel,Pineiro,49760
49761,577520891,Angelino,Ros,49761
49762,971372894,Nazaret,Iborra,49762
49763,157495915,Mauricio,Prat,49763
49764,875889410,Nilda,Marmol,49764
49765,167898926,Nereida,Rosado,49765
49766,293591087,Emperatriz,Carrasco,49766
49767,720282526,Nicolas,Sarabia,49767
49768,975368092,Flavio,Arroyo,49768
49769,950997445,Lara,Ballester,49769
49770,622165989,Daniel,Sebastian,49770
49771,338635943,Isidoro,Valderrama,49771
49772,331951916,Ema,Quintana,49772
49773,218276731,Albino,Elorza,49773
49774,380876625,Atilio,Bonilla,49774
49775,626810096,Ramon,Parra,49775
49776,571687346,Cruz,Escriva,49776
49777,352820593,Marina,Bertran,49777
49778,180887106,Onofre,Borras,49778
49779,440576214,Maria,Matas,49779
49780,345569501,Moises,Gras,49780
49781,232510068,Elisabet,Escudero,49781
49782,524842633,Maria Teresa,Pedraza,49782
49783,291073586,Pedro,Valdes,49783
49784,669956553,Erasmo,Fabregat,49784
49785,568632590,Liliana,Guerrero,49785
49786,457742875,Azeneth,Tellez,49786
49787,423424319,Olegario,Salamanca,49787
49788,431917421,Paco,Guerra,49788
49789,426929995,Odalis,Murillo,49789
49790,957732555,Jonatan,Lasa,49790
49791,883458399,Etelvina,Lago,49791
49792,898748847,Inigo,Galindo,49792
49793,843049420,Bibiana,Muniz,49793
49794,824399638,Adelia,Perez,49794
49795,271422297,Juana,Zamora,49795
49796,807352350,Maxi,Davila,49796
49797,720526737,Geraldo,Pellicer,49797
49798,688950530,Sabina,Iriarte,49798
49799,100416358,Gerardo,Cuervo,49799
49800,130679503,Jose Ignacio,Canas,49800
49801,982564688,Zaira,Ugarte,49801
49802,282740782,Gabriela,Paniagua,49802
49803,597132673,Marcela,Moles,49803
49804,975635073,Jose Luis,Aguilera,49804
49805,509326109,Javier,Santamaria,49805
49806,421171173,Juan Carlos,Galan,49806
49807,983914846,Abril,Ortuno,49807
49808,320099313,Rocio,Vila,49808
49809,462715657,Rodolfo,Adan,49809
49810,683536289,Geronimo,Tolosa,49810
49811,101603980,Epifanio,Banos,49811
49812,722278415,Benigna,Mir,49812
49813,530342595,Cesar,Acevedo,49813
49814,608641517,Vinicio,Chaves,49814
49815,660169131,Modesta,Amor,49815
49816,914609734,Sarita,Lasa,49816
49817,565900483,Viviana,Dieguez,49817
49818,321848690,Elba,Vazquez,49818
49819,621791371,Cosme,Parejo,49819
49820,496933852,Moreno,Frias,49820
49821,800877098,Alvaro,Palomares,49821
49822,568645136,Albano,Romeu,49822
49823,331342472,Teofilo,Palomino,49823
49824,712074400,Edmundo,Merino,49824
49825,140056379,Gertrudis,Segarra,49825
49826,188360390,Eliana,Porcel,49826
49827,309732874,Clemente,Ripoll,49827
49828,965160387,Emelina,Vazquez,49828
49829,936774885,Bibiana,Lastra,49829
49830,200380202,Jose Francisco,Pages,49830
49831,664455022,Rosendo,Barral,49831
49832,601424138,Haydee,Llano,49832
49833,125209367,Calista,Montserrat,49833
49834,934551121,Fabiola,Castrillo,49834
49835,479966126,Estefania,Acevedo,49835
49836,958936382,Lilia,Lobato,49836
49837,244456239,Rebeca,Vazquez,49837
49838,662543100,Delia,Gonzalez,49838
49839,662842852,Jose Manuel,Camps,49839
49840,704977342,Amador,Amoros,49840
49841,716507058,Pastor,Bertran,49841
49842,168202137,Maria Cristina,Cid,49842
49843,935905276,Pedro,Duran,49843
49844,432174936,Serafina,Salgado,49844
49845,715693735,Carolina,Rossello,49845
49846,673738089,Isabela,Saavedra,49846
49847,871938078,Emilia,Echevarria,49847
49848,289339167,Roman,Echevarria,49848
49849,971826735,Natalio,Barrera,49849
49850,161729034,Jacobo,Rosa,49850
49851,227002952,Virginia,Amat,49851
49852,510502102,Feliciana,Trujillo,49852
49853,361197540,Demetrio,Balaguer,49853
49854,993946348,Fermin,Novoa,49854
49855,642918307,Zaida,Espanol,49855
49856,548937351,Maria Jose,Tormo,49856
49857,943055091,Enrique,Alvarez,49857
49858,429069244,Humberto,Pacheco,49858
49859,842646555,Cesar,Calderon,49859
49860,807695516,Lucia,Torrecilla,49860
49861,896867139,Paco,Valcarcel,49861
49862,966349668,Maricruz,Mateo,49862
49863,677786499,Leocadio,Molins,49863
49864,447508106,Encarna,Riera,49864
49865,639303873,Sofia,Canton,49865
49866,647915071,Leandro,Barba,49866
49867,371907151,Concepcion,Miguel,49867
49868,406057933,Javiera,Maestre,49868
49869,794911939,Jose Francisco,Artigas,49869
49870,990927883,Custodio,Juarez,49870
49871,503375169,Luciano,Segura,49871
49872,353441925,Aura,Palomares,49872
49873,889346548,Encarnita,Ferrandiz,49873
49874,219290928,Olimpia,Cuenca,49874
49875,275868902,Teodosio,Escamilla,49875
49876,364113567,Jacinto,Castellanos,49876
49877,778123229,Coral,Carro,49877
49878,567204013,Felisa,Marcos,49878
49879,466492267,Leon,Guardiola,49879
49880,614133281,Paca,Amat,49880
49881,605120177,Reyes,Hernando,49881
49882,130481195,Narcisa,Ayala,49882
49883,258592264,Adelia,Rodriguez,49883
49884,797048738,Cayetana,Ros,49884
49885,867638601,Iris,Asensio,49885
49886,433737485,Nilo,Penalver,49886
49887,549552517,Marcial,Montoya,49887
49888,987289593,Joel,Alvaro,49888
49889,938197275,Rufino,Granados,49889
49890,868572288,Araceli,Duran,49890
49891,265447372,Maria Angeles,Vilalta,49891
49892,835063648,Marc,Cardenas,49892
49893,892610009,Adelina,Falco,49893
49894,525042297,Nacho,Prieto,49894
49895,998188460,Sebastian,Bermudez,49895
49896,843962424,Beatriz,Noguera,49896
49897,687969454,Carmina,Nino,49897
49898,677740388,Fidela,Laguna,49898
49899,272227215,Vera,Cases,49899
49900,767932329,Kike,Coca,49900
49901,243049348,Febe,Iniesta,49901
49902,277130313,Filomena,Corominas,49902
49903,701875857,Elisabet,Tamarit,49903
49904,895608303,Santiago,Capdevila,49904
49905,192946640,Etelvina,Baro,49905
49906,314305867,Constanza,Becerra,49906
49907,703188358,Javi,Carreras,49907
49908,753196647,Benjamin,Nadal,49908
49909,217322880,Nuria,Carbo,49909
49910,522042473,Juan Luis,Echevarria,49910
49911,662104035,Feliciana,Valle,49911
49912,631654018,Rufina,Company,49912
49913,430310822,Maria Angeles,Mayol,49913
49914,957612717,Silvia,Abad,49914
49915,797275303,Rodrigo,Mendoza,49915
49916,373195420,Efrain,Olivares,49916
49917,739360968,Eligia,Higueras,49917
49918,530601369,Ema,Salamanca,49918
49919,459987901,Sofia,Jaume,49919
49920,815618232,Walter,Aznar,49920
49921,761336679,Eric,Hervia,49921
49922,312265621,Trinidad,Borrego,49922
49923,759247955,Celestina,Fabregas,49923
49924,933133790,Noemi,Sans,49924
49925,817535816,Sol,Echeverria,49925
49926,848254140,Lupe,Mulet,49926
49927,469965125,Ruy,Navarrete,49927
49928,990525631,Cecilia,Roig,49928
49929,252319546,Maria Manuela,Nunez,49929
49930,124120938,Rafael,Salcedo,49930
49931,467050971,Humberto,Cepeda,49931
49932,670489857,Susanita,Salom,49932
49933,925466478,Raul,Blanes,49933
49934,273316985,Rodrigo,Losa,49934
49935,901436230,Noemi,Amigo,49935
49936,502092775,Isabel,Noguera,49936
49937,962173344,Julie,Guardia,49937
49938,827081481,Jose Angel,Llabres,49938
49939,974844697,Begona,Roda,49939
49940,289430880,Paulina,Rosales,49940
49941,790795495,Micaela,Sebastian,49941
49942,157813313,Maria Belen,Fabra,49942
49943,617709626,Blas,Carrillo,49943
49944,910293551,Herminia,Montero,49944
49945,800166715,Mamen,Donoso,49945
49946,204451266,Paulina,Arnal,49946
49947,916057220,Rufino,Tamarit,49947
49948,193213226,Juana,Escudero,49948
49949,439777881,Luna,Soriano,49949
49950,222217204,Cristina,Vidal,49950
49951,857050403,Nazaret,Casas,49951
49952,426839043,Lina,Lastra,49952
49953,795136546,Quique,Bayo,49953
49954,297352200,Gisela,Marino,49954
49955,967302557,Alcides,Rosales,49955
49956,427114255,Samu,Montenegro,49956
49957,894452410,Emma,Escolano,49957
49958,291863050,Alberto,Carbajo,49958
49959,158512289,Salomon,Valls,49959
49960,918647694,Nieves,Solis,49960
49961,171811096,Salvador,Fonseca,49961
49962,787370418,Guillermo,Gilabert,49962
49963,238808339,Iban,Bru,49963
49964,803899055,Amalia,Lucena,49964
49965,137074287,Rosalinda,Tejera,49965
49966,549204069,Bonifacio,Larranaga,49966
49967,987351912,Valero,Torralba,49967
49968,527128249,Azeneth,Guillen,49968
49969,897531829,Humberto,Acevedo,49969
49970,295982199,Brunilda,Alegre,49970
49971,212748642,Ezequiel,Mendez,49971
49972,704149898,Trinidad,Tejera,49972
49973,350509691,Xiomara,Simo,49973
49974,912347672,Albert,Chamorro,49974
49975,994087073,Vicenta,Pozo,49975
49976,425010172,Paola,Fabregat,49976
49977,648828650,Bibiana,Pomares,49977
49978,181139902,Sonia,Mancebo,49978
49979,638378730,Elodia,Aramburu,49979
49980,361105735,Adelina,Tapia,49980
49981,614302546,Samanta,Minguez,49981
49982,245259337,Vidal,Goicoechea,49982
49983,381012681,Tania,Aliaga,49983
49984,649815437,Simon,Aguilera,49984
49985,162842189,Julie,Seco,49985
49986,506947993,Patricio,Alcaraz,49986
49987,119744180,Samu,Coello,49987
49988,886061530,Carlito,Gomez,49988
49989,887200023,Asuncion,Marti,49989
49990,623076977,Nacho,Viana,49990
49991,500131264,Camila,Gomila,49991
49992,309958984,Febe,Caballero,49992
49993,228963394,Mireia,Martinez,49993
49994,249626373,Sol,Isern,49994
49995,387031866,Urbano,Diez,49995
49996,861775408,Martirio,Hoz,49996
49997,973532804,Socorro,Pou,49997
49998,814908931,Ale,Pi,49998
49999,643200979,Juan Pablo,Pombo,49999
50000,482999810,Vilma,Elias,50000
50001,984707382,Maria Jesus,Bilbao,50001
50002,861548739,Camila,Alvarez,50002
50003,634251625,Alfonso,Castaneda,50003
50004,104765284,Emilio,Ojeda,50004
50005,383509495,Celestina,Marmol,50005
50006,307398573,Simon,Pablo,50006
50007,606603858,Elpidio,Valenzuela,50007
50008,216456935,Almudena,Andrade,50008
50009,938212288,Celia,Solana,50009
50010,858938932,Renato,Barros,50010
50011,744325080,Maristela,Prieto,50011
50012,718821474,Marco,Avila,50012
50013,892924689,Alex,Coca,50013
50014,297623162,Natividad,Lopez,50014
50015,871883367,Feliciana,Mate,50015
50016,271653888,Arturo,Company,50016
50017,790813987,Daniel,Bermejo,50017
50018,643034948,Haydee,Arregui,50018
50019,795699098,Ines,Gonzalo,50019
50020,290162291,Benigno,Sebastian,50020
50021,818772815,Dimas,Peinado,50021
50022,605307010,Mariano,Guerra,50022
50023,203427656,Demetrio,Riquelme,50023
50024,218942170,Estela,Ortega,50024
50025,933421624,Leonardo,Bernat,50025
50026,676606053,Amando,Fabregas,50026
50027,602262863,Jose Ignacio,Sanabria,50027
50028,326195673,Anacleto,Mateo,50028
50029,889593362,Samanta,Pinedo,50029
50030,894418161,Begona,Salinas,50030
50031,683665469,Maricruz,Roman,50031
50032,699623865,Lupe,Alvarez,50032
50033,658017684,Fabiola,Coloma,50033
50034,464530313,Jenny,Peinado,50034
50035,707171485,Loreto,Orozco,50035
50036,616150214,Felipe,Gallo,50036
50037,324576604,Dolores,Segui,50037
50038,205031219,Luna,Asenjo,50038
50039,189019020,Clemente,Casas,50039
50040,574999761,Raquel,Montana,50040
50041,529964386,Olga,Alcaraz,50041
50042,154805370,Isidoro,Duenas,50042
50043,670315624,Roberto,Fuente,50043
50044,575134660,Noemi,Mata,50044
50045,411074845,Gabriel,Ferrero,50045
50046,129357260,Nydia,Guillen,50046
50047,301444051,Atilio,Alcantara,50047
50048,612362930,Marcela,Franch,50048
50049,494447551,Abril,Mora,50049
50050,852241816,Maricruz,Solano,50050
50051,751047175,Jessica,Rocamora,50051
50052,407675445,Azeneth,Andres,50052
50053,362984879,Andres Felipe,Posada,50053
50054,445460396,Narciso,Quero,50054
50055,961010391,Cirino,Casanova,50055
50056,345236286,Graciano,Vilanova,50056
50057,210589074,Angelino,Andres,50057
50058,449722109,Tere,Tomas,50058
50059,558886841,Jose,Castello,50059
50060,364254074,Marina,Pastor,50060
50061,414817008,Nadia,Llamas,50061
50062,305191577,Amaya,Beltran,50062
50063,332361624,Edelmiro,Cantero,50063
50064,533957636,Concha,Corominas,50064
50065,122664409,Poncio,Tapia,50065
50066,172897643,Jose Francisco,Sola,50066
50067,513462996,Bernarda,Navarrete,50067
50068,910098903,Antonia,Vizcaino,50068
50069,350550454,Florencia,Dieguez,50069
50070,844562107,Maria Carmen,Ramirez,50070
50071,830703040,Cristobal,Villa,50071
50072,866710294,Sandra,Cabrera,50072
50073,635930435,Marcio,Manzanares,50073
50074,343682330,Nazario,Tudela,50074
50075,659773215,Teobaldo,Macias,50075
50076,754140515,Godofredo,Guzman,50076
50077,733980695,Jose Carlos,Pelayo,50077
50078,465662522,Maria Jose,Baquero,50078
50079,874289522,Florencio,Cuadrado,50079
50080,100369045,Eric,Rodriguez,50080
50081,767271621,Lino,Portero,50081
50082,944574308,Teodora,Izaguirre,50082
50083,463877313,Clarisa,Castejon,50083
50084,952798401,Wilfredo,Barrera,50084
50085,601738753,Javiera,Frutos,50085
50086,201695902,Marita,Nunez,50086
50087,964384817,Ruperta,Donaire,50087
50088,340398263,Dimas,Saenz,50088
50089,347658222,Haroldo,Gaya,50089
50090,357442819,Leon,Vara,50090
50091,545138387,Esperanza,Zamorano,50091
50092,593790593,Esteban,Vara,50092
50093,667046489,Jesusa,Jover,50093
50094,310396136,Angel,Tolosa,50094
50095,985092059,Nicodemo,Ojeda,50095
50096,702680715,Isidro,Orozco,50096
50097,358694073,Susana,Perera,50097
50098,947286684,Eliseo,Torrecilla,50098
50099,626548403,Paca,Esteve,50099
50100,999828914,Cosme,Gelabert,50100
50101,387097460,Dulce,Pujadas,50101
50102,268077584,Nazaret,Sainz,50102
50103,251397494,Seve,Menendez,50103
50104,470515486,Benita,Planas,50104
50105,233679182,Ovidio,Aroca,50105
50106,404681898,Elisabet,Rebollo,50106
50107,586423244,Quique,Mariscal,50107
50108,997624010,Adela,Feliu,50108
50109,493185743,Julio Cesar,Barba,50109
50110,670001199,Graciano,Suarez,50110
50111,839378922,Nazaret,Sanmartin,50111
50112,988348589,Guiomar,Vall,50112
50113,986087091,Antonia,Hernandez,50113
50114,302431824,Emigdio,Palacio,50114
50115,464574892,Gracia,Galindo,50115
50116,252519132,Benita,Casal,50116
50117,380348462,Maite,Higueras,50117
50118,566776939,Adelaida,Aguila,50118
50119,821406913,Vidal,Tolosa,50119
50120,740015894,Bienvenida,Espanol,50120
50121,775942490,Aaron,Angulo,50121
50122,780030624,Arturo,Aroca,50122
50123,222667272,Graciana,Arnau,50123
50124,134777910,Malena,Solana,50124
50125,314271556,Anunciacion,Alfonso,50125
50126,935626101,Eli,Urrutia,50126
50127,616321279,Edelmira,Saez,50127
50128,721698401,Ana Belen,Pascual,50128
50129,768667171,Rosendo,Larrea,50129
50130,693944084,Poncio,Moran,50130
50131,683892475,Flora,Olivera,50131
50132,749294173,Juan Jose,Abril,50132
50133,569378285,Pepito,Aliaga,50133
50134,536630786,Angeles,Fernandez,50134
50135,394909936,Venceslas,Luna,50135
50136,967403564,Agata,Casals,50136
50137,436548797,Marcelino,Fabregat,50137
50138,342327604,Candida,Teruel,50138
50139,983185515,Maxima,Reina,50139
50140,845435330,Irma,Bayon,50140
50141,684614074,Carmen,Jauregui,50141
50142,626064933,Atilio,Chico,50142
50143,678129970,Visitacion,Murillo,50143
50144,588680133,Bartolome,Mendizabal,50144
50145,657273487,Evita,Ibanez,50145
50146,242684736,Olalla,Goni,50146
50147,906513159,Duilio,Gil,50147
50148,431471620,Natanael,Soriano,50148
50149,653612123,Victor Manuel,Pavon,50149
50150,669223355,Romulo,Penalver,50150
50151,853123515,Lope,Andreu,50151
50152,607379522,Jose Luis,Lobato,50152
50153,157411184,Paula,Malo,50153
50154,204624063,Lina,Menendez,50154
50155,992348015,Fausto,Azorin,50155
50156,814762589,Rosa,Sole,50156
50157,847316227,Lorenza,Munoz,50157
50158,188582771,Aurelio,Cespedes,50158
50159,247565876,Candelario,Arco,50159
50160,339453145,Heriberto,Artigas,50160
50161,436426673,Isaias,Morata,50161
50162,483774300,Jose Francisco,Pedrosa,50162
50163,677842764,Nicodemo,Pastor,50163
50164,302337544,Adelardo,Llamas,50164
50165,937665001,Evita,Julia,50165
50166,883713494,Amanda,Castilla,50166
50167,234874132,Manuela,Verdugo,50167
50168,522165397,Maria Jose,Parejo,50168
50169,105433641,Barbara,Cruz,50169
50170,887250509,Fulgencio,Ferrandez,50170
50171,766468312,Elisabet,Giralt,50171
50172,309958283,Maura,Carreno,50172
50173,102487705,Ainoa,Salas,50173
50174,746175514,Reinaldo,Jara,50174
50175,469254149,Ulises,Rodriguez,50175
50176,361224861,Silvio,Sala,50176
50177,322686944,Tecla,Gargallo,50177
50178,725461761,Ricardo,Calvo,50178
50179,363454488,Angelita,Mendoza,50179
50180,466052095,Paca,Sanchez,50180
50181,387185011,Victorino,Cespedes,50181
50182,979353312,Nestor,Criado,50182
50183,180946234,Candelaria,Pazos,50183
50184,125385080,Severino,Sabater,50184
50185,359622869,Azahar,Aznar,50185
50186,910570865,Emigdio,Verdu,50186
50187,477661037,Montserrat,Rodrigo,50187
50188,582706952,Fausto,Losada,50188
50189,359357017,Ciro,Prada,50189
50190,268125427,Americo,Verdu,50190
50191,887468230,Abilio,Perez,50191
50192,804641711,Graciano,Zorrilla,50192
50193,937437846,Modesta,Gutierrez,50193
50194,189036839,Felicidad,Vilalta,50194
50195,383253045,Nicodemo,Rio,50195
50196,445761300,Claudia,Navarrete,50196
50197,290449586,Victoriano,Arjona,50197
50198,551861696,Aaron,Ortiz,50198
50199,574677489,Evangelina,Garrido,50199
50200,515144637,Irene,Perez,50200
50201,957181797,Poncio,Campo,50201
50202,363801922,Prudencio,Rey,50202
50203,586932971,Fabiana,Sans,50203
50204,243367779,Paca,Manrique,50204
50205,516860839,Marisa,Goicoechea,50205
50206,582792466,Ester,Nadal,50206
50207,645631461,Cruz,Pedrosa,50207
50208,653578788,Casemiro,Ariza,50208
50209,616021767,Cecilia,Dalmau,50209
50210,915182668,Natanael,Tejada,50210
50211,729940194,Teofilo,Bartolome,50211
50212,383398846,Luciana,Madrid,50212
50213,435723298,Rosario,Galvez,50213
50214,926723130,Samanta,Plana,50214
50215,727175833,Lope,Borja,50215
50216,586404291,Basilio,Marti,50216
50217,394188664,Nazaret,Madrid,50217
50218,420975367,Silvia,Camacho,50218
50219,336629471,Montserrat,Bustamante,50219
50220,719052608,Azahar,Nino,50220
50221,523820330,Encarnacion,Palma,50221
50222,246707200,Elba,Valero,50222
50223,575085170,Susanita,Castrillo,50223
50224,605186156,Reina,Marquez,50224
50225,848697996,Francisca,Miguel,50225
50226,365311896,Venceslas,Salva,50226
50227,812841519,Evita,Segui,50227
50228,843932982,Diana,Amat,50228
50229,403816981,Conrado,Iriarte,50229
50230,106957930,Lupe,Oliver,50230
50231,246306567,Renato,Nunez,50231
50232,978001630,Gertrudis,Burgos,50232
50233,295845763,Manola,Adan,50233
50234,826419451,Buenaventura,Cuervo,50234
50235,915860560,Gabriel,Quiros,50235
50236,567619032,Humberto,Velez,50236
50237,833374554,Andres,Casado,50237
50238,532537129,Tamara,Leal,50238
50239,260602331,Carmela,Flores,50239
50240,948401800,Paloma,Bosch,50240
50241,651044902,Adelardo,Llorente,50241
50242,104035153,Rico,Gomila,50242
50243,430330464,Itziar,Tamayo,50243
50244,105872172,Abril,Bou,50244
50245,354861060,Lilia,Domingo,50245
50246,255511121,Candelas,Morcillo,50246
50247,174119542,Ariel,Requena,50247
50248,366015451,Julieta,Fernandez,50248
50249,343097437,Amor,Criado,50249
50250,394405675,Lisandro,Molina,50250
50251,177287148,Bautista,Berrocal,50251
50252,756622657,Adelardo,Villalonga,50252
50253,910814785,Jose Ramon,Pinol,50253
50254,336058715,Olegario,Jaume,50254
50255,738819216,Lilia,Chaves,50255
50256,617833454,Estefania,Manuel,50256
50257,642224593,Nayara,Anaya,50257
50258,331533206,Jose Carlos,Serrano,50258
50259,102359549,Adelaida,Rico,50259
50260,615073773,Aurea,Saldana,50260
50261,166172606,Leocadio,Escribano,50261
50262,761094249,Rolando,Cerro,50262
50263,150492728,Cipriano,Sastre,50263
50264,750252766,Graciela,Elorza,50264
50265,965278325,Miriam,Carranza,50265
50266,709968108,Renata,Muro,50266
50267,304319688,Adan,Sarmiento,50267
50268,794428673,Jesusa,Ramirez,50268
50269,962450912,Eutimio,Mascaro,50269
50270,551550032,Leire,Duenas,50270
50271,456351560,Santiago,Marmol,50271
50272,881411000,Jose Antonio,Segarra,50272
50273,100577942,Glauco,Taboada,50273
50274,109984150,Seve,Sancho,50274
50275,157490176,Rafaela,Arjona,50275
50276,843074701,Victor,Plana,50276
50277,795794727,Leonel,Chamorro,50277
50278,823056143,Susanita,Neira,50278
50279,855978154,Marcela,Huguet,50279
50280,577285408,Cosme,Rozas,50280
50281,191216231,Asdrubal,Prado,50281
50282,267357834,Ani,Araujo,50282
50283,641189881,Federico,Arjona,50283
50284,889263661,Pascuala,Vilaplana,50284
50285,393600004,Angela,Azcona,50285
50286,883956144,Marco,Trillo,50286
50287,791841736,Jacinto,Julian,50287
50288,535426666,Edmundo,Cobos,50288
50289,799313340,Carina,Lobo,50289
50290,688198177,Felix,Posada,50290
50291,265712046,Salomon,Pera,50291
50292,373386444,Chuy,Cabeza,50292
50293,190841870,Felipe,Cerro,50293
50294,398207307,Adrian,Polo,50294
50295,102943508,Rosenda,Andres,50295
50296,664211371,Amanda,Estevez,50296
50297,621212934,Virgilio,Rosello,50297
50298,959783239,Gaston,Solera,50298
50299,594534643,Macarena,Baquero,50299
50300,315243939,Apolinar,Vilanova,50300
50301,157800137,Aurea,Aparicio,50301
50302,169457045,Celia,Mascaro,50302
50303,339273923,Edelmira,Sevilla,50303
50304,416181264,Jacinto,Valenciano,50304
50305,704349274,Enrique,Salamanca,50305
50306,188668329,Curro,Salom,50306
50307,200018080,Teofila,Sanabria,50307
50308,199183761,Gonzalo,Agustin,50308
50309,824704328,Joan,Cal,50309
50310,870584191,Narcisa,Lloret,50310
50311,622506191,Ambar,Menendez,50311
50312,794326385,Ramona,Barrena,50312
50313,297424133,Mirta,Huerta,50313
50314,103107544,Maria,Luis,50314
50315,564296964,Araceli,Bernal,50315
50316,232213358,Coral,Figuerola,50316
50317,378406663,Adelaida,Valles,50317
50318,776822931,Rogelio,Zamorano,50318
50319,113427989,Gertrudis,Penalver,50319
50320,293160130,Jovita,Oliveras,50320
50321,361628173,Arcelia,Bru,50321
50322,864790114,Aranzazu,Juarez,50322
50323,707938583,Aurea,Zorrilla,50323
50324,949666939,Bruno,Marco,50324
50325,403594939,Isabela,Baez,50325
50326,297078130,Judith,Somoza,50326
50327,952093885,Araceli,Rocha,50327
50328,798017420,Teresa,Tomas,50328
50329,873202567,Marcial,Cervera,50329
50330,589201976,Aristides,Clavero,50330
50331,666414377,Encarnita,Hervas,50331
50332,321248787,Bonifacio,Buendia,50332
50333,892543071,Esmeralda,Pages,50333
50334,835920664,Maribel,Lluch,50334
50335,683886413,Jordi,Gallo,50335
50336,451724489,Zacarias,Elias,50336
50337,376159219,Selena,Bravo,50337
50338,475070817,Arcelia,Canet,50338
50339,985650068,Onofre,Alcazar,50339
50340,271533685,Eleuterio,Adan,50340
50341,814049023,Jose,Prada,50341
50342,904956887,Lidia,Teruel,50342
50343,692819975,Juan Manuel,Novoa,50343
50344,403513834,Claudio,Escolano,50344
50345,533769416,Luis Angel,Bauza,50345
50346,350601296,Rosaura,Marin,50346
50347,864049629,Veronica,Pulido,50347
50348,929697365,Paloma,Cid,50348
50349,803294311,Severino,Pera,50349
50350,331148659,Sara,Boada,50350
50351,687622816,Armando,Llado,50351
50352,426706615,Estela,Batlle,50352
50353,320113227,Magdalena,Pino,50353
50354,893473725,Pepe,Jaume,50354
50355,549640670,Clementina,Barbera,50355
50356,142967479,Amado,Pujol,50356
50357,352105890,Borja,Lobato,50357
50358,325647837,Carolina,Tejada,50358
50359,649733536,Jacinta,Pont,50359
50360,600337126,Sancho,Barroso,50360
50361,538757141,Jose Luis,Conde,50361
50362,223097293,Jose Ignacio,Fernandez,50362
50363,596233763,Calixto,Lerma,50363
50364,612617715,Dalila,Ortega,50364
50365,947553036,Sandalio,Alberto,50365
50366,760749507,Samanta,Cuevas,50366
50367,910184738,Cirino,Farre,50367
50368,305836036,Eulalia,Luz,50368
50369,738211215,Fulgencio,Duque,50369
50370,724806387,Jordan,Blanes,50370
50371,763090158,Joaquin,Teruel,50371
50372,326000145,Teo,Huerta,50372
50373,888187567,Eligio,Batlle,50373
50374,880568063,Jose Manuel,Barroso,50374
50375,715190932,Georgina,Torrent,50375
50376,942038298,Segismundo,Ramos,50376
50377,181195977,Bernardino,Urena,50377
50378,120683547,Ruben,Alsina,50378
50379,177406508,Iris,Amat,50379
50380,742917078,Luis Angel,Marcos,50380
50381,500347598,Renato,Aramburu,50381
50382,809385368,Raquel,Artigas,50382
50383,300340119,Ariadna,Giner,50383
50384,978469551,Marisol,Baena,50384
50385,974832644,Reyna,Royo,50385
50386,338645101,Julian,Estevez,50386
50387,353202609,Claudia,Morante,50387
50388,929275519,Pilar,Galan,50388
50389,292542766,Julian,Infante,50389
50390,533279460,Mateo,Bayon,50390
50391,747257342,Marco,Galindo,50391
50392,821985719,Jovita,Morell,50392
50393,313089459,Agueda,Jorda,50393
50394,692648614,Narciso,Barranco,50394
50395,730348123,Felix,Lujan,50395
50396,125184162,Lilia,Sainz,50396
50397,410511499,Bernarda,Tello,50397
50398,648591887,Ascension,Carrasco,50398
50399,589409140,Agustina,Romero,50399
50400,233573063,Matias,Villena,50400
50401,100058399,Pelayo,Manzanares,50401
50402,467465548,Ariel,Marcos,50402
50403,241867092,Juan Antonio,Moraleda,50403
50404,759056916,Ximena,Montero,50404
50405,176303418,Rafa,Blasco,50405
50406,758605453,Raquel,Lopez,50406
50407,481442765,Maximiano,Zamora,50407
50408,285378241,Amalia,Roldan,50408
50409,782730136,Consuelo,Arenas,50409
50410,217122274,Martin,Murillo,50410
50411,583870335,Oriana,Mosquera,50411
50412,649375425,Olimpia,Benavent,50412
50413,408674557,Paola,Amigo,50413
50414,185288549,Chita,Montoya,50414
50415,894662682,Amador,Luis,50415
50416,850134786,Felix,Alberto,50416
50417,374137565,Vinicio,Girona,50417
50418,871263660,Esperanza,Machado,50418
50419,666693647,Reyna,Montana,50419
50420,480213533,Nacho,Agustin,50420
50421,406379310,Jafet,Pinto,50421
50422,677883149,Reinaldo,Lasa,50422
50423,182092526,Renato,Morata,50423
50424,592003724,Narcisa,Marino,50424
50425,493980687,Lupita,Valentin,50425
50426,668658103,Angel,Pavon,50426
50427,133836005,Carolina,Vera,50427
50428,635987090,Eusebio,Campillo,50428
50429,200623064,Nieves,Jimenez,50429
50430,376865586,Judith,Sacristan,50430
50431,491324604,Elias,Marin,50431
50432,613421550,Hector,Alegre,50432
50433,699500451,Climaco,Blazquez,50433
50434,813011928,Clara,Valenciano,50434
50435,516117494,Felicia,Capdevila,50435
50436,741653943,Nuria,Trujillo,50436
50437,479670692,Gustavo,Valenciano,50437
50438,741023794,Olga,Mayoral,50438
50439,551501879,Marianela,Ferran,50439
50440,816015754,Aitor,Moliner,50440
50441,119142629,Lorenzo,Uriarte,50441
50442,107673498,Angelina,Palomares,50442
50443,735106244,Ramona,Bosch,50443
50444,909046121,Lazaro,Ricart,50444
50445,826283040,Carlos,Benito,50445
50446,976937073,Pacifica,Gabaldon,50446
50447,576825588,Estrella,Arenas,50447
50448,761912668,Rico,Blanco,50448
50449,869520467,Luisa,Cueto,50449
50450,592359741,Zacarias,Vallejo,50450
50451,343139821,Aurea,Domenech,50451
50452,164277393,Rosalva,Torre,50452
50453,193862834,Berto,Canizares,50453
50454,577483583,Blanca,Almeida,50454
50455,250135688,Lazaro,Bastida,50455
50456,659957859,Maura,Mosquera,50456
50457,555429788,Ezequiel,Cadenas,50457
50458,193705511,Jacinta,Bauza,50458
50459,980321822,Georgina,Fonseca,50459
50460,518404569,Quique,Mateu,50460
50461,371945670,Nando,Exposito,50461
50462,943111888,Lorenza,Corbacho,50462
50463,838564903,Olegario,Cespedes,50463
50464,407835355,Ale,Estrada,50464
50465,800898512,Victoriano,Plaza,50465
50466,399431902,Silvio,Porras,50466
50467,607429294,Maria,Almeida,50467
50468,386082406,Sigfrido,Palomo,50468
50469,895641705,Rico,Rovira,50469
50470,576350015,Antonio,Barros,50470
50471,745096034,Barbara,Pardo,50471
50472,316471066,Nico,Matas,50472
50473,331106298,Ramon,Murillo,50473
50474,928371137,Mariana,Sevilla,50474
50475,734320466,Florencio,Parejo,50475
50476,857920074,Rafael,Feijoo,50476
50477,391918922,Gil,Benavides,50477
50478,880739172,Javi,Folch,50478
50479,737275702,Jovita,Figueroa,50479
50480,562730827,Maximiliano,Prieto,50480
50481,652299714,Purificacion,Rodrigo,50481
50482,804454571,Florencio,Minguez,50482
50483,591316029,Ariadna,Barriga,50483
50484,284154545,Nazaret,Peralta,50484
50485,292258658,Feliciano,Perez,50485
50486,869559581,Nereida,Landa,50486
50487,232132340,Crescencia,Marmol,50487
50488,493248240,Haydee,Murcia,50488
50489,826811830,Pedro,Gamez,50489
50490,900176578,Eduardo,Jorda,50490
50491,398433526,Flor,Pont,50491
50492,535485220,Maximiliano,Jaen,50492
50493,737555591,Felix,Guerrero,50493
50494,541832737,Fabricio,Vilaplana,50494
50495,467619330,Romulo,Canas,50495
50496,111774004,Charo,Guillen,50496
50497,100535210,Tania,Nicolau,50497
50498,592263552,Elias,Poza,50498
50499,118924890,Lourdes,Jurado,50499
50500,135609930,Ciriaco,Collado,50500
50501,953113229,Milagros,Julia,50501
50502,420680369,Azeneth,Tejedor,50502
50503,835749912,Salome,Llanos,50503
50504,689418202,Nazaret,Davila,50504
50505,351243475,Ana Belen,Ballester,50505
50506,998301457,Ximena,Busquets,50506
50507,444669234,Aurelio,Amo,50507
50508,951123652,Inigo,Barrera,50508
50509,436489125,Piedad,Benito,50509
50510,241829518,Angeles,Cazorla,50510
50511,741690086,Albano,Villalonga,50511
50512,233976471,Reynaldo,Gracia,50512
50513,427011258,Fabricio,Rosales,50513
50514,741718186,Marco,Arnau,50514
50515,997180954,Socorro,Tomas,50515
50516,651216110,Rita,Barranco,50516
50517,854209757,Yesica,Nicolas,50517
50518,695933760,Domingo,Abascal,50518
50519,310975088,Maribel,Morillo,50519
50520,602092130,Hernando,Manrique,50520
50521,640074528,Angel,Ochoa,50521
50522,879535743,Benjamin,Cueto,50522
50523,340262779,Teresa,Yuste,50523
50524,419702238,Zaira,Canizares,50524
50525,593514689,Hilda,Duran,50525
50526,302480761,Juanita,Gomez,50526
50527,806739571,Juan,Alberto,50527
50528,475331914,Belen,Caballero,50528
50529,968857290,Milagros,Tomas,50529
50530,132698000,Elisabet,Falcon,50530
50531,347134342,Nacho,Patino,50531
50532,763757326,Flor,Rossello,50532
50533,486572659,Teofilo,Fabregas,50533
50534,685039763,Paula,Mas,50534
50535,247545356,Candelario,Conde,50535
50536,938820316,Fabiola,Blanch,50536
50537,892102467,Ricardo,Lumbreras,50537
50538,777967596,Duilio,Lucena,50538
50539,549488691,Eulalia,Samper,50539
50540,976524486,Daniel,Lujan,50540
50541,786397806,Samuel,Garate,50541
50542,769092878,Lourdes,Fabregas,50542
50543,428772309,Tadeo,Rosales,50543
50544,391424147,Remedios,Suarez,50544
50545,633500750,Hilda,Macias,50545
50546,986065419,Carmina,Pombo,50546
50547,391875539,Lupe,Roldan,50547
50548,862085844,Gracia,Barba,50548
50549,311732933,Josue,Morera,50549
50550,893058424,Zaira,Isern,50550
50551,681507376,Adalberto,Macias,50551
50552,136793194,Sandra,Madrid,50552
50553,227523917,Dafne,Lledo,50553
50554,128351261,Eulalia,Almazan,50554
50555,966333109,Marco,Ribas,50555
50556,834360373,Emelina,Marmol,50556
50557,416614429,Jonatan,Torrents,50557
50558,698722630,Amparo,Neira,50558
50559,813278922,Maximo,Polo,50559
50560,644754613,Aurea,Blazquez,50560
50561,873687306,Elena,Rius,50561
50562,366796130,Aurelio,Tello,50562
50563,687017108,Lidia,Saura,50563
50564,672844861,Loreto,Rodrigo,50564
50565,483005940,Azeneth,Tolosa,50565
50566,317077183,Trinidad,Alvaro,50566
50567,615390502,Emilia,Tolosa,50567
50568,686856231,Calixta,Rios,50568
50569,270096013,Nicanor,Mayoral,50569
50570,326304447,Eugenia,Iglesia,50570
50571,464180333,Julio,Villa,50571
50572,735616436,Eutropio,Domingo,50572
50573,617340131,Camila,Navarrete,50573
50574,297902250,Fabio,Aguilar,50574
50575,143044566,Chuy,Benavides,50575
50576,714495920,Adoracion,Ortiz,50576
50577,293478183,Emperatriz,Beltran,50577
50578,295087315,Anibal,Rosell,50578
50579,541761374,Telmo,Valencia,50579
50580,350234394,Cosme,Pelayo,50580
50581,783655307,Modesto,Guitart,50581
50582,120689581,Alejo,Canete,50582
50583,715629243,Maximo,Rueda,50583
50584,486276009,Dulce,Gomis,50584
50585,273087776,Ciro,Antunez,50585
50586,647610396,Rodolfo,Sabater,50586
50587,642665398,Clara,Blazquez,50587
50588,772935417,Nazario,Redondo,50588
50589,401466157,Natalio,Valenciano,50589
50590,413062215,Elisabet,Raya,50590
50591,858162565,Aroa,Mendez,50591
50592,995211219,Fabio,Pozo,50592
50593,585360233,Vito,Borrego,50593
50594,685576770,Ursula,Posada,50594
50595,740512789,Susanita,Santana,50595
50596,638967845,Calixta,Palomino,50596
50597,416971241,Severino,Puente,50597
50598,964487829,Heriberto,Arevalo,50598
50599,359605660,Sara,Moliner,50599
50600,224559375,Demetrio,Mercader,50600
50601,555070931,Rufino,Manzano,50601
50602,683680278,Benito,Pina,50602
50603,643440410,Otilia,Puig,50603
50604,237555457,Fanny,Olmedo,50604
50605,200975452,Rodrigo,Bosch,50605
50606,556128178,Tadeo,Lopez,50606
50607,811763716,Reyes,Vendrell,50607
50608,833444478,Panfilo,Chacon,50608
50609,738860669,Samu,Fernandez,50609
50610,564826350,Modesto,Fiol,50610
50611,670939147,Ricardo,Torrecilla,50611
50612,536038424,Pelayo,Caparros,50612
50613,252316582,Patricia,Morillo,50613
50614,220169562,Iris,Prado,50614
50615,898084971,Emiliano,Huguet,50615
50616,328972386,Macarena,Julian,50616
50617,207828223,Primitivo,Barroso,50617
50618,495335050,Maria Angeles,Maldonado,50618
50619,834829515,Aranzazu,Ferrandez,50619
50620,791466176,Soraya,Ferrandiz,50620
50621,326938661,Ariel,Pont,50621
50622,651482772,Ivan,Benavides,50622
50623,124419847,Socorro,Camino,50623
50624,716165697,Ricardo,Bernad,50624
50625,198056622,Mariano,Bueno,50625
50626,344207655,Marciano,Figueroa,50626
50627,755904343,Quirino,Marquez,50627
50628,451040504,Ernesto,Gallart,50628
50629,770000853,Calista,Pages,50629
50630,399604830,Gerardo,Lillo,50630
50631,633847104,Flor,Mateu,50631
50632,688905439,Kike,Julia,50632
50633,788272509,Prudencia,Flores,50633
50634,770500900,Juana,Galvan,50634
50635,659781589,Arturo,Aleman,50635
50636,982911878,Juan Antonio,Lobato,50636
50637,546863126,Eugenia,Lamas,50637
50638,159192348,Belen,Mari,50638
50639,206447454,Cirino,Higueras,50639
50640,342272865,Narciso,Egea,50640
50641,324362391,Adrian,Arce,50641
50642,954136362,Coral,Bravo,50642
50643,653586028,Renata,Bayon,50643
50644,621293722,Eva Maria,Uriarte,50644
50645,706482660,Sebastian,Pino,50645
50646,142974714,Angelica,Villalba,50646
50647,372601477,Liliana,Valenciano,50647
50648,585959837,Haroldo,Carreno,50648
50649,814578070,Nicolas,Espejo,50649
50650,919606962,Ascension,Canas,50650
50651,201459316,Aranzazu,Montana,50651
50652,827969456,Filomena,Sanabria,50652
50653,526130059,Olivia,Fernandez,50653
50654,425777745,Eligio,Duran,50654
50655,121383656,Jacinto,Santamaria,50655
50656,342707994,Marisol,Pastor,50656
50657,254552884,Pascual,Falcon,50657
50658,932612827,Ramona,Sandoval,50658
50659,826382326,Guillermo,Vergara,50659
50660,322673020,Rodolfo,Velasco,50660
50661,756623295,Jose Manuel,Cabello,50661
50662,778340261,Eric,Oliveras,50662
50663,492614348,Evangelina,Simo,50663
50664,194216630,Lorenzo,Alvarado,50664
50665,795840238,Adalberto,Acedo,50665
50666,817353437,Maria Jesus,Tome,50666
50667,729997932,Emperatriz,Jurado,50667
50668,584024599,Alex,Pablo,50668
50669,701001347,Che,Gallardo,50669
50670,339451534,Ruperta,Cortes,50670
50671,267570849,Marciano,Infante,50671
50672,462034199,Joel,Alvaro,50672
50673,385082786,Nazaret,Planas,50673
50674,663528930,Ale,Caceres,50674
50675,291612183,Tito,Hierro,50675
50676,786610868,Paloma,Alberdi,50676
50677,642608495,Odalys,Nadal,50677
50678,712586242,Rafa,Lago,50678
50679,841904960,Emma,Laguna,50679
50680,850149855,Jaime,Mora,50680
50681,302426812,Leonel,Rocamora,50681
50682,243166457,Augusto,Teruel,50682
50683,693526594,Timoteo,Ruiz,50683
50684,559024895,Fidel,Prada,50684
50685,579550317,Isidora,Pareja,50685
50686,123890712,Hilda,Blazquez,50686
50687,697148638,Remedios,Alvarado,50687
50688,152414972,Bernarda,Prado,50688
50689,926167380,Jose Mari,Barco,50689
50690,665284946,Debora,Iniesta,50690
50691,335450535,Valentin,Casanovas,50691
50692,485426915,Estefania,Carlos,50692
50693,103350845,Osvaldo,Alberdi,50693
50694,838229951,Juan Manuel,Iniesta,50694
50695,935332677,Berta,Ramos,50695
50696,146938249,Pascual,Mendizabal,50696
50697,292679690,Marcio,Bou,50697
50698,593923249,Graciana,Garcia,50698
50699,270657583,Silvio,Amo,50699
50700,781187240,Samanta,Rodriguez,50700
50701,835096856,Balduino,Canals,50701
50702,930477140,Ramiro,Lerma,50702
50703,371514168,Javi,Perez,50703
50704,544184451,Victor,Valverde,50704
50705,972776610,Ricardo,Gelabert,50705
50706,776407354,Esmeralda,Valenzuela,50706
50707,582862845,Isabela,Pena,50707
50708,439980009,Cloe,Garcia,50708
50709,134834390,Leonardo,Rosa,50709
50710,899146437,Alonso,Mata,50710
50711,291661489,Pascual,Cruz,50711
50712,310964475,Martirio,Torrents,50712
50713,879236012,Fernando,Villalobos,50713
50714,916083936,Florencia,Planas,50714
50715,346546263,Marita,Daza,50715
50716,329958475,Lina,Miguel,50716
50717,472624728,Climaco,Rossello,50717
50718,889729504,Jose Angel,Vega,50718
50719,701265863,Jose Antonio,Iriarte,50719
50720,367093003,Gabriel,Amoros,50720
50721,855234721,Pastor,Aguirre,50721
50722,481557193,Amelia,Zaragoza,50722
50723,124691385,Lupe,Calderon,50723
50724,898018126,Aaron,Soler,50724
50725,141051767,Artemio,Falcon,50725
50726,154308107,Candido,Tapia,50726
50727,898112577,Ruperto,Ferrero,50727
50728,254045635,Isidora,Pol,50728
50729,909647305,Rosa Maria,Vilaplana,50729
50730,524134123,Antonio,Quesada,50730
50731,684586119,Adan,Segura,50731
50732,751525645,Margarita,Haro,50732
50733,952814742,Sonia,Salmeron,50733
50734,776061451,Encarnacion,Revilla,50734
50735,144116149,Mireia,Ballesteros,50735
50736,811483017,Adolfo,Urena,50736
50737,685392131,Filomena,Anaya,50737
50738,969855437,Salomon,Fiol,50738
50739,895951317,Nuria,Vilaplana,50739
50740,374021829,Francisca,Barroso,50740
50741,368558377,Mohamed,Amor,50741
50742,400801269,Adalberto,Cepeda,50742
50743,763617297,Victoria,Rodriguez,50743
50744,485778840,Lara,Bravo,50744
50745,722404600,Jesus,Goni,50745
50746,402945967,Hector,Duran,50746
50747,591852016,Julio,Escriva,50747
50748,220124798,Constanza,Vicente,50748
50749,295157432,Guadalupe,Carbo,50749
50750,408385607,Odalys,Merino,50750
50751,489389800,Godofredo,Bauza,50751
50752,483021967,America,Baro,50752
50753,998512938,Guiomar,Fuente,50753
50754,256001568,Natanael,Marquez,50754
50755,695754374,Camilo,Uria,50755
50756,774054262,Sergio,Vinas,50756
50757,380474152,Liliana,Quiros,50757
50758,413404776,Narciso,Santos,50758
50759,561531622,Tere,Prada,50759
50760,188143535,Telmo,Miralles,50760
50761,901505883,Lupita,Calderon,50761
50762,470585247,Victoria,Iniguez,50762
50763,708813985,Ascension,Goicoechea,50763
50764,854247176,Hector,Cabello,50764
50765,647315271,Trinidad,Bastida,50765
50766,269871474,Paz,Abella,50766
50767,100259825,Tomas,Sevilla,50767
50768,708427454,Fidela,Lozano,50768
50769,547151473,Ximena,Cuesta,50769
50770,143508163,Damian,Soria,50770
50771,588324216,Julian,Alemany,50771
50772,639461287,Reyes,Baron,50772
50773,936643490,Flor,Ribera,50773
50774,847399914,Dorita,Alcantara,50774
50775,987548396,Blas,Burgos,50775
50776,881304458,Placido,Pellicer,50776
50777,911699837,Saturnina,Pinilla,50777
50778,338021021,Gala,Blanes,50778
50779,188856072,Baldomero,Jordan,50779
50780,639699845,Rosalinda,Valcarcel,50780
50781,454732134,Marianela,Roda,50781
50782,957079103,Alfonso,Mayol,50782
50783,147157345,Maria Manuela,Blazquez,50783
50784,271558025,Hilda,Pou,50784
50785,792320657,Clementina,Jimenez,50785
50786,551793418,Leon,Coca,50786
50787,769039435,Lupita,Briones,50787
50788,229558630,Cristina,Julia,50788
50789,864088972,Evangelina,Fuertes,50789
50790,786090862,Estela,Mendizabal,50790
50791,611062065,Clotilde,Roca,50791
50792,314382794,Norberto,Lamas,50792
50793,264109080,Haydee,Cantero,50793
50794,793314047,Brunilda,Perez,50794
50795,176564810,Lucio,Hurtado,50795
50796,215737065,Petrona,Alcaraz,50796
50797,780459770,Che,Marin,50797
50798,358531214,Yago,Escribano,50798
50799,461398839,Teofila,Castillo,50799
50800,486064802,Emma,Gimenez,50800
50801,915579979,Paulino,Rincon,50801
50802,862725380,Juan Pablo,Diez,50802
50803,365296680,Edelmiro,Zapata,50803
50804,534241335,Pepe,Carrion,50804
50805,197251641,Joan,Mateo,50805
50806,742764578,Baldomero,Fiol,50806
50807,857740680,Rodolfo,Villalonga,50807
50808,226926342,Ileana,Varela,50808
50809,507778281,Maria Belen,Parra,50809
50810,558957516,Cipriano,Bas,50810
50811,139064612,Olegario,Tome,50811
50812,659278417,Encarnacion,Pereira,50812
50813,983037462,Juanita,Sanjuan,50813
50814,564580430,Victoriano,Viana,50814
50815,326478641,Maxi,Fortuny,50815
50816,767155821,Josefina,Carrillo,50816
50817,180523450,Gil,Diaz,50817
50818,521026784,Moises,Peiro,50818
50819,342736276,Reyes,Ferrero,50819
50820,263619305,Goyo,Cruz,50820
50821,219445721,Eugenia,Santos,50821
50822,125594463,Kike,Arana,50822
50823,886420734,Juan Pablo,Aragon,50823
50824,540316671,Severo,Bolanos,50824
50825,581170495,Tiburcio,Giralt,50825
50826,435956997,Iban,Quiroga,50826
50827,115533118,Custodia,Roman,50827
50828,685262084,Edelmira,Mayol,50828
50829,605458658,Americo,Nicolau,50829
50830,132923553,Marciano,Pazos,50830
50831,677205420,Miguel,Garrido,50831
50832,385934666,Aranzazu,Gonzalez,50832
50833,517014117,Zoraida,Casal,50833
50834,412066818,Esther,Valero,50834
50835,533599370,Milagros,Agudo,50835
50836,721327856,Alfredo,Pla,50836
50837,816616052,Efrain,Blanco,50837
50838,614645116,Florencio,Segura,50838
50839,811671372,Guiomar,Gual,50839
50840,638184099,Marisela,Aleman,50840
50841,609007589,Marita,Enriquez,50841
50842,665966577,Jonatan,Ortiz,50842
50843,721516513,Conrado,Carbajo,50843
50844,218617106,Tecla,Pereira,50844
50845,202245724,Valero,Gallart,50845
50846,752994147,Lara,Rojas,50846
50847,952561769,Juan Bautista,Real,50847
50848,656869225,Valentina,Miro,50848
50849,277356016,Tomasa,Samper,50849
50850,208570259,Emigdio,Llobet,50850
50851,103232368,Sosimo,Mendizabal,50851
50852,798597293,Wilfredo,Perea,50852
50853,721594905,Asdrubal,Avila,50853
50854,661766967,Graciela,Rosales,50854
50855,151239136,Dorotea,Arregui,50855
50856,736810545,Jordana,Fernandez,50856
50857,572273038,Ivan,Ochoa,50857
50858,150942258,Pancho,Roman,50858
50859,471885403,Ciro,Moll,50859
50860,783261661,Remedios,Camps,50860
50861,918965988,Macarena,Duran,50861
50862,410673896,Amador,Ferran,50862
50863,514652852,Hermenegildo,Rosello,50863
50864,321402209,Trinidad,Maza,50864
50865,208041290,Isaias,Gamez,50865
50866,213023742,Fidela,Heredia,50866
50867,748196860,Rafaela,Mayo,50867
50868,715066251,Omar,Rueda,50868
50869,288475626,Concepcion,Prado,50869
50870,371687124,Enrique,Alamo,50870
50871,643917370,Esteban,Marquez,50871
50872,652553917,Marcos,Nino,50872
50873,865549426,Graciano,Borja,50873
50874,578375295,Sigfrido,Valderrama,50874
50875,340178656,Elias,Cuervo,50875
50876,410353118,Leonel,Benavent,50876
50877,940771141,Ignacio,Soria,50877
50878,666305052,Lazaro,Quiros,50878
50879,255967208,Fernando,Clavero,50879
50880,619076430,Aurelio,Gascon,50880
50881,577684717,Lorena,Andreu,50881
50882,313158104,Manuelita,Menendez,50882
50883,865712737,Florina,Soria,50883
50884,874124027,Nydia,Mariscal,50884
50885,123778016,Cebrian,Blazquez,50885
50886,407230493,Cruz,Hervia,50886
50887,567244565,Bruno,Royo,50887
50888,783061636,Silvestre,Saez,50888
50889,901029117,Encarnacion,Rodriguez,50889
50890,415563222,Elpidio,Escriva,50890
50891,592146498,Horacio,Tudela,50891
50892,881317767,Atilio,Valles,50892
50893,227968875,Ruth,Tudela,50893
50894,843392142,Ani,Berenguer,50894
50895,129386421,Leandro,Giron,50895
50896,377737379,Angeles,Somoza,50896
50897,405853875,Isaias,Mayo,50897
50898,231842227,Flavio,Fabregas,50898
50899,549860591,Benito,Roman,50899
50900,885401797,Melania,Izaguirre,50900
50901,797632057,Elena,Vilar,50901
50902,826092127,Rodrigo,Monreal,50902
50903,728140126,Estela,Palomar,50903
50904,992297681,Mohamed,Pareja,50904
50905,343980752,Isa,Castillo,50905
50906,451366197,Porfirio,Lucena,50906
50907,612189575,Graciana,Gutierrez,50907
50908,970295908,Albina,Vazquez,50908
50909,143069113,Reinaldo,Castellanos,50909
50910,805454060,Reynaldo,Bas,50910
50911,923859221,Palmira,Moran,50911
50912,390225820,Hugo,Sosa,50912
50913,956493362,Maria Jesus,Gisbert,50913
50914,819090160,Bernabe,Fonseca,50914
50915,878844304,Nydia,Pereira,50915
50916,298218788,Maricruz,Ferreras,50916
50917,713980952,Apolonia,Cabrero,50917
50918,230244887,Isidora,Blasco,50918
50919,666384487,Juan Francisco,Romeu,50919
50920,732484761,Basilio,Sabater,50920
50921,822354760,Marisela,Salom,50921
50922,363160319,Carlito,Suarez,50922
50923,376562855,Beatriz,Tolosa,50923
50924,681945448,Olivia,Mate,50924
50925,994230217,Dario,Casals,50925
50926,424593779,Marcial,Conde,50926
50927,473243266,Eulalia,Espanol,50927
50928,305936328,Jeremias,Paez,50928
50929,687929975,Olegario,Valverde,50929
50930,443420508,Marino,Castejon,50930
50931,736109702,Teresita,Gallart,50931
50932,744747624,Sabas,Carro,50932
50933,748754579,Ezequiel,Marco,50933
50934,308941695,Fortunata,Valenzuela,50934
50935,463330507,Marcio,Albero,50935
50936,564633846,Ceferino,Portillo,50936
50937,889630624,Rosario,Lara,50937
50938,346428567,Josefina,Rebollo,50938
50939,389250709,Olga,Lobato,50939
50940,172287230,Lope,Miralles,50940
50941,703407824,Feliciano,Mate,50941
50942,877633744,Lisandro,Piquer,50942
50943,484244750,Olegario,Prieto,50943
50944,545438089,Roman,Sainz,50944
50945,110676323,Eli,Vazquez,50945
50946,519197014,Nuria,Comas,50946
50947,339911810,Albino,Medina,50947
50948,904716879,Leocadia,Mariscal,50948
50949,412249105,Regina,Ramis,50949
50950,654266476,Maximino,Lobato,50950
50951,125750400,Morena,Baez,50951
50952,402539002,Rita,Escolano,50952
50953,117457867,Benjamin,Peral,50953
50954,258471956,Inocencio,Araujo,50954
50955,751700831,Anna,Colomer,50955
50956,387207618,Maria Angeles,Zabala,50956
50957,998130582,Rafa,Pacheco,50957
50958,574342410,Gervasio,Saenz,50958
50959,627374816,Nazario,Ferreras,50959
50960,814873025,Bibiana,Aller,50960
50961,353530266,Ramiro,Almazan,50961
50962,336784057,Rufino,Tamayo,50962
50963,670398091,Emilia,Llorens,50963
50964,361255892,Leonardo,Salamanca,50964
50965,850884188,Dalila,Miguel,50965
50966,716318437,Concepcion,Valbuena,50966
50967,898450581,Vidal,Villar,50967
50968,587233342,Otilia,Ramis,50968
50969,640258151,Sabas,Aller,50969
50970,353912999,Ruy,Sedano,50970
50971,664009913,Fabian,Parejo,50971
50972,114684980,Isidoro,Frias,50972
50973,678053091,Azucena,Barral,50973
50974,305688635,Osvaldo,Barriga,50974
50975,250021797,Camilo,Campillo,50975
50976,271921797,Maximo,Oller,50976
50977,807564289,Ignacia,Machado,50977
50978,384068793,Angelina,Alcalde,50978
50979,230256627,Apolinar,Pineda,50979
50980,233425639,Asuncion,Nino,50980
50981,251074570,Maxi,Francisco,50981
50982,500401381,Jacinto,Chaparro,50982
50983,759167291,Josep,Tejero,50983
50984,523496326,Severo,Benito,50984
50985,837794712,Julie,Pellicer,50985
50986,606737590,Teodora,Molins,50986
50987,796968715,Corona,Cervantes,50987
50988,421330042,Lara,Pascual,50988
50989,692615274,Osvaldo,Ramirez,50989
50990,425986352,Nicolasa,Varela,50990
50991,398732675,Aitana,Sanabria,50991
50992,995663045,Albert,Luna,50992
50993,727061312,Bernardino,Taboada,50993
50994,259997264,Nacho,Clavero,50994
50995,683107364,Noelia,Jove,50995
50996,935943774,Tomasa,Serrano,50996
50997,138185121,Rodolfo,Tejedor,50997
50998,829672087,Nacio,Leal,50998
50999,804139980,Adan,Uria,50999
51000,519108146,Dionisia,Tormo,51000
51001,710531486,Hernando,Lamas,51001
51002,826619762,Humberto,Valentin,51002
51003,415904938,Piedad,Roldan,51003
51004,718928014,Juan Luis,Raya,51004
51005,272692283,Rosalia,Francisco,51005
51006,500518235,Porfirio,Larrea,51006
51007,214994034,Agueda,Gutierrez,51007
51008,742282833,Fulgencio,Crespo,51008
51009,445684427,Andres Felipe,Tejedor,51009
51010,538108154,Vilma,Luque,51010
51011,271657327,Rosalia,Francisco,51011
51012,382905417,Belen,Avila,51012
51013,996580076,Ines,Dieguez,51013
51014,953211333,Nando,Girona,51014
51015,237288969,Abilio,Clavero,51015
51016,880939211,Delia,Arroyo,51016
51017,352444428,Macaria,Ferreras,51017
51018,782219524,Jose,Pineiro,51018
51019,544143198,Encarnita,Moran,51019
51020,468227983,Severo,Cantero,51020
51021,205430841,Camila,Prado,51021
51022,378538336,Jenny,Reguera,51022
51023,319047147,Raquel,Aroca,51023
51024,960302016,Flavia,Canovas,51024
51025,208550132,Dario,Portillo,51025
51026,335928430,Pacifica,Avila,51026
51027,222649418,Prudencio,Cruz,51027
51028,371617690,Leonel,Pedrero,51028
51029,117110280,Aura,Perera,51029
51030,597175928,Vera,Duran,51030
51031,547006604,Manu,Benito,51031
51032,111596134,Ramon,Gimeno,51032
51033,882968649,Cosme,Tomas,51033
51034,725440450,Amancio,Benito,51034
51035,622200832,Leon,Marques,51035
51036,992404287,Nidia,Echevarria,51036
51037,385939880,Rosalva,Sanchez,51037
51038,696163303,Encarnita,Calderon,51038
51039,360251239,Leandra,Pena,51039
51040,544600920,Donato,Estevez,51040
51041,843465890,Rufino,Noriega,51041
51042,148815182,Marcia,Canales,51042
51043,138545818,Aurelio,Portero,51043
51044,495780975,Paca,Rios,51044
51045,682501367,Felisa,Vergara,51045
51046,428965659,Aitana,Crespo,51046
51047,290704898,Purificacion,Becerra,51047
51048,445456471,Fabricio,Rocamora,51048
51049,419762690,Custodio,Gras,51049
51050,848479235,Estela,Mora,51050
51051,467441422,Teo,Diego,51051
51052,935809936,Heraclio,Garces,51052
51053,915956671,Mireia,Luque,51053
51054,334579895,Yaiza,Julian,51054
51055,441525839,Ciriaco,Adadia,51055
51056,982713778,Yolanda,Perez,51056
51057,435029714,Hilda,Montes,51057
51058,617287689,Lara,Varela,51058
51059,789940982,Febe,Esteban,51059
51060,459497453,Jennifer,Porta,51060
51061,735535262,Regulo,Adadia,51061
51062,220686632,Alberto,Catala,51062
51063,292828966,Ariel,Heras,51063
51064,277323193,Danilo,Fortuny,51064
51065,394727008,Oriana,Guerrero,51065
51066,465894791,Feliciana,Morell,51066
51067,536630028,Evelia,Velez,51067
51068,704879884,Juan Luis,Torrens,51068
51069,637177047,Geronimo,Company,51069
51070,929449159,Seve,Pozuelo,51070
51071,224333515,Jose Ignacio,Llado,51071
51072,317730624,Fatima,Luna,51072
51073,557434337,Saturnina,Roman,51073
51074,738104395,Encarnacion,Verdejo,51074
51075,998123376,Calixto,Ibanez,51075
51076,320741625,Leandra,Aragon,51076
51077,348893470,Paz,Villalobos,51077
51078,470914509,Eufemia,Parejo,51078
51079,773825511,Fabricio,Abad,51079
51080,669614772,Emiliana,Novoa,51080
51081,287277036,Juan Francisco,Real,51081
51082,150516784,Emelina,Catalan,51082
51083,617649280,Bernardino,Benavent,51083
51084,488108152,Tadeo,Aguilo,51084
51085,178045868,Iris,Penas,51085
51086,598480724,Encarnacion,Alfonso,51086
51087,699477662,Sergio,Martin,51087
51088,359696057,Camila,Exposito,51088
51089,179948075,Poncio,Royo,51089
51090,187099534,Ale,Baez,51090
51091,721440914,Miguel Angel,Samper,51091
51092,920974323,Haroldo,Bermejo,51092
51093,909867873,Pascuala,Lorenzo,51093
51094,857979134,Belen,Amaya,51094
51095,412326887,Albano,Perez,51095
51096,337158456,Maria Jose,Trujillo,51096
51097,539166652,Petrona,Arjona,51097
51098,195092375,Purificacion,Tirado,51098
51099,891234604,Toribio,Roman,51099
51100,577884345,Herberto,Blazquez,51100
51101,907739186,Cebrian,Iriarte,51101
51102,416160658,Gabriel,Montero,51102
51103,110635470,Gisela,Iriarte,51103
51104,284424013,Juan Jose,Ugarte,51104
51105,581211417,Emelina,Cardenas,51105
51106,160475947,Iker,Sarmiento,51106
51107,345816688,Emilio,Marcos,51107
51108,781923006,Azahar,Corominas,51108
51109,795886309,Javier,Palacios,51109
51110,107203681,Alfonso,Molins,51110
51111,950052298,Borja,Manjon,51111
51112,161179521,Tomas,Mendoza,51112
51113,567148223,Veronica,Aroca,51113
51114,301284235,Mohamed,Escribano,51114
51115,145563076,Apolonia,Montenegro,51115
51116,421345855,Celestina,Carbonell,51116
51117,786954907,Andres Felipe,Moraleda,51117
51118,928038255,Dora,Rocha,51118
51119,446235703,Carmen,Cabanas,51119
51120,146240602,Eliseo,Ros,51120
51121,174750609,Maricruz,Anaya,51121
51122,457653069,Roque,Cabezas,51122
51123,276155945,Albina,Seco,51123
51124,489662066,Lalo,Baeza,51124
51125,365474292,Ambrosio,Carbajo,51125
51126,914093399,Socorro,Barrera,51126
51127,923892595,Carmina,Barcelo,51127
51128,455448599,Marcia,Soler,51128
51129,807757079,Teodoro,Rosales,51129
51130,324352604,Emelina,Canete,51130
51131,273451046,Nilda,Galvan,51131
51132,688099317,Octavia,Montalban,51132
51133,637419759,Ambar,Miranda,51133
51134,512362324,Fabiana,Briones,51134
51135,649626918,Paz,Martin,51135
51136,149703527,Isidora,Amoros,51136
51137,984956153,Maribel,Cordero,51137
51138,820941313,Octavio,Rojas,51138
51139,873762051,Felicia,Velasco,51139
51140,408985853,Victor,Somoza,51140
51141,335113783,Miguela,Vives,51141
51142,131469940,Simon,Benavente,51142
51143,667860466,Eliana,Pedro,51143
51144,649670021,Ariel,Escriva,51144
51145,164409608,Joel,Roman,51145
51146,975420599,Azeneth,Conde,51146
51147,580374093,Ricarda,Andres,51147
51148,114538122,Emperatriz,Moles,51148
51149,452373803,Ainoa,Taboada,51149
51150,303065224,Nicolasa,Carranza,51150
51151,374694995,Rosalina,Daza,51151
51152,636914992,Ruperto,Cervantes,51152
51153,482424909,Anacleto,Benavente,51153
51154,165008277,Chita,Osorio,51154
51155,910575938,Morena,Casals,51155
51156,350988644,Florentina,Benet,51156
51157,726325037,Cayetano,Tudela,51157
51158,606890510,Estefania,Arevalo,51158
51159,389726561,Luciano,Montalban,51159
51160,456360814,Adela,Pineiro,51160
51161,780234120,Olga,Hervas,51161
51162,896776047,Tere,Nino,51162
51163,114010455,Isidro,Duran,51163
51164,327131656,Guadalupe,Escudero,51164
51165,316285023,Evelia,Nino,51165
51166,194365900,Mateo,Vaquero,51166
51167,669509967,Marianela,Ripoll,51167
51168,635786666,Berto,Gomez,51168
51169,475237376,Olalla,Jaume,51169
51170,341706377,Curro,Seco,51170
51171,883902627,Rufino,Domingo,51171
51172,832735387,Amelia,Blanch,51172
51173,599488649,Maite,Camara,51173
51174,658292436,Odalys,Cid,51174
51175,134767474,Agustina,Jurado,51175
51176,130419433,Ariel,Lobato,51176
51177,537676614,Luisa,Martinez,51177
51178,400880215,Nestor,Gimeno,51178
51179,442772765,Chucho,Velasco,51179
51180,604462552,Maria Jesus,Castro,51180
51181,384694684,Olalla,Urena,51181
51182,453955696,Ciro,Alfonso,51182
51183,378629796,Buenaventura,Batlle,51183
51184,761165649,Vilma,Palomino,51184
51185,501056944,Juan Jose,Torres,51185
51186,867087045,Florencia,Valles,51186
51187,922873366,Susanita,Ferran,51187
51188,663876235,Quique,Galvez,51188
51189,759428823,Remigio,Haro,51189
51190,401824742,Dionisio,Cerezo,51190
51191,777081449,Joaquina,Garrido,51191
51192,792630435,Amor,Casal,51192
51193,862216087,Fermin,Jurado,51193
51194,355052823,Olalla,Villa,51194
51195,312520793,Chelo,Iriarte,51195
51196,484146904,Leoncio,Saez,51196
51197,511711791,Anastasio,Asensio,51197
51198,925072943,Jose Maria,Pina,51198
51199,323904383,Teresa,Sastre,51199
51200,790661586,Anselmo,Quevedo,51200
51201,797415040,Eufemia,Bayon,51201
51202,971220570,Hector,Montana,51202
51203,842405592,Benigno,Jordan,51203
51204,162235146,Camilo,Ayllon,51204
51205,883463218,Jimena,Quevedo,51205
51206,808199310,Chucho,Vigil,51206
51207,106195075,Adora,Terron,51207
51208,338568373,Almudena,Porta,51208
51209,888835099,Candelaria,Boada,51209
51210,619905396,Albina,Noriega,51210
51211,797153686,Jose Antonio,Alberdi,51211
51212,484581739,Amor,Marino,51212
51213,226295568,Jesus,Diego,51213
51214,191217744,Paulina,Escribano,51214
51215,405375232,Rosalva,Domingo,51215
51216,429151682,Alondra,Alegre,51216
51217,843472943,Juan Pablo,Canizares,51217
51218,904816175,Dulce,Solano,51218
51219,217287338,Jose Angel,Cespedes,51219
51220,990566986,Reinaldo,Gascon,51220
51221,635399325,Feliciana,Hernando,51221
51222,868124551,Jaime,Rebollo,51222
51223,916874733,Seve,Vives,51223
51224,146865675,Yago,Vendrell,51224
51225,974118967,Celia,Pazos,51225
51226,236981237,Eduardo,Fuente,51226
51227,313303499,America,Escriva,51227
51228,949464753,Graciana,Varela,51228
51229,408256432,Maite,Chaves,51229
51230,551640109,Sarita,Fabregat,51230
51231,582315309,Anunciacion,Fonseca,51231
51232,408156976,Modesto,Palacio,51232
51233,290108795,Gerardo,Manso,51233
51234,971083349,Armando,Vila,51234
51235,729767788,Elias,Jimenez,51235
51236,837398425,Angelina,Pinol,51236
51237,299143297,Mario,Benavente,51237
51238,569723688,Ines,Cifuentes,51238
51239,701769006,Felisa,Murillo,51239
51240,664347927,Ester,Alegria,51240
51241,537365976,Nilda,Prat,51241
51242,697368971,Evelia,Blanca,51242
51243,144031812,Heriberto,Chaparro,51243
51244,966810004,Nadia,Sevilla,51244
51245,246823212,Natalio,Hurtado,51245
51246,345509593,Eufemia,Villaverde,51246
51247,626745636,Macarena,Bueno,51247
51248,984821511,Ciriaco,Canas,51248
51249,778049612,Venceslas,Millan,51249
51250,786839081,Beatriz,Hurtado,51250
51251,171340551,Guillermo,Jove,51251
51252,477438819,Ligia,Cerezo,51252
51253,989222703,Manolo,Valencia,51253
51254,824722786,Chuy,Boix,51254
51255,837471437,Candelas,Mariscal,51255
51256,557391952,Odalys,Prada,51256
51257,909619952,Nando,Ruano,51257
51258,874418258,Malena,Olivares,51258
51259,245181812,Blas,Rivero,51259
51260,633665780,Gertrudis,Tovar,51260
51261,831774327,Gaston,Navarrete,51261
51262,909437056,Erasmo,Coello,51262
51263,331706555,Priscila,Navarrete,51263
51264,757283364,Berto,Casals,51264
51265,497917197,Walter,Ferrero,51265
51266,946141907,Nazaret,Gomila,51266
51267,446113955,Miguel,Sala,51267
51268,651238661,Ariadna,Egea,51268
51269,433011291,Delia,Alegria,51269
51270,351101025,Maria Del Carmen,Quintana,51270
51271,798257704,Leon,Yuste,51271
51272,321994492,Nelida,Teruel,51272
51273,802908466,Belen,Puga,51273
51274,952331255,Casandra,Alvaro,51274
51275,879615633,Anibal,Aguilera,51275
51276,932412470,Concepcion,Gomez,51276
51277,436584771,Arcelia,Coello,51277
51278,160285521,Gloria,Lozano,51278
51279,558397695,Sebastian,Cabanas,51279
51280,762989086,Pascual,Sarmiento,51280
51281,796441179,Lilia,Marquez,51281
51282,313232838,Luciano,Ferrero,51282
51283,335023706,Natalia,Rivas,51283
51284,781933052,Celestina,Porras,51284
51285,382523905,Lope,Conde,51285
51286,763422624,Sandalio,Parra,51286
51287,189207922,Estrella,Gallo,51287
51288,207370548,Isabel,Figueras,51288
51289,777152240,Cristobal,Plaza,51289
51290,949876981,Lidia,Ortega,51290
51291,196821610,Piedad,Amo,51291
51292,634995732,Salome,Pastor,51292
51293,480633081,Feliciano,Capdevila,51293
51294,732947239,Jesus,Torrijos,51294
51295,348172155,Marcio,Gil,51295
51296,443996335,Quirino,Leon,51296
51297,687230451,Agustina,Tapia,51297
51298,231883729,Cruz,Cardenas,51298
51299,157184409,Carlota,Beltran,51299
51300,332190330,Arturo,Cabanillas,51300
51301,902342543,Catalina,Salmeron,51301
51302,409291968,Cecilia,Pallares,51302
51303,105071647,Apolinar,Oliva,51303
51304,814203609,Jacobo,Muniz,51304
51305,909401566,Emperatriz,Calatayud,51305
51306,526100983,Agueda,Caballero,51306
51307,990083533,Epifanio,Sacristan,51307
51308,886586687,Martina,Abellan,51308
51309,159596418,Loida,Yanez,51309
51310,621500968,Lalo,Albero,51310
51311,735179710,Natalia,Vina,51311
51312,982489384,Gustavo,Gutierrez,51312
51313,681875386,Federico,Quiros,51313
51314,257281625,Nazaret,Cornejo,51314
51315,416787693,Candida,Mendez,51315
51316,374078161,David,Alonso,51316
51317,285258962,Marisa,Zabaleta,51317
51318,177078571,Benigna,Cuadrado,51318
51319,225980067,Ascension,Folch,51319
51320,136826236,Raquel,Patino,51320
51321,179797163,Plinio,Monreal,51321
51322,819259234,Leoncio,Guillen,51322
51323,467403392,Maria Belen,Benavente,51323
51324,770400940,Nuria,Lopez,51324
51325,864184579,Baldomero,Taboada,51325
51326,239880283,Nando,Sainz,51326
51327,512717366,Yago,Urrutia,51327
51328,183798980,Luis Angel,Gibert,51328
51329,825336350,Calixta,Carnero,51329
51330,891047552,Marianela,Ribes,51330
51331,729628133,Rodolfo,Olivera,51331
51332,499219045,Diana,Guerrero,51332
51333,554110435,Vidal,Anaya,51333
51334,769535730,Javi,Vina,51334
51335,293992814,Judith,Noriega,51335
51336,462849419,Soraya,Santana,51336
51337,342781874,Paulino,Oller,51337
51338,808123762,Dorotea,Porras,51338
51339,389175760,Macaria,Caparros,51339
51340,742022686,Seve,Molins,51340
51341,509870448,Rebeca,Pedrero,51341
51342,112096332,Marcelo,Bermejo,51342
51343,658961879,Sarita,Carnero,51343
51344,643286850,Maximino,Pellicer,51344
51345,140082995,Ambar,Armengol,51345
51346,164854031,Amor,Franco,51346
51347,399098157,Nydia,Arellano,51347
51348,576008368,Dulce,Garcia,51348
51349,616805110,Sigfrido,Andreu,51349
51350,192023805,Jenny,Lillo,51350
51351,616185575,Amor,Fonseca,51351
51352,187426744,Roque,Girona,51352
51353,775004673,Ambar,Segui,51353
51354,933753878,Jeronimo,Esteban,51354
51355,586023707,Amaro,Chamorro,51355
51356,917694917,Eusebia,Mas,51356
51357,704845314,Dolores,Camino,51357
51358,518790375,Federico,Casares,51358
51359,635216237,Dulce,Gonzalez,51359
51360,828461683,Victorino,Colom,51360
51361,754293597,Javier,Villalba,51361
51362,157964064,Clemente,Quintana,51362
51363,303079916,Felix,Perez,51363
51364,692893003,Fernando,Aguila,51364
51365,356402346,Iker,Villa,51365
51366,125814453,Raul,Corominas,51366
51367,269777144,Pascual,Barros,51367
51368,841907527,Maria Belen,Vives,51368
51369,691063603,Maximo,Peiro,51369
51370,214614390,Domitila,Iglesia,51370
51371,379914279,Crescencia,Adadia,51371
51372,669605045,Loida,Espanol,51372
51373,452055339,Lucas,Julian,51373
51374,966768138,Paula,Gamez,51374
51375,937969073,Adelardo,Vargas,51375
51376,503965671,Ignacia,Mugica,51376
51377,569055440,Jose Antonio,Luis,51377
51378,532338530,Gabriel,Miro,51378
51379,717009077,Socorro,Alegre,51379
51380,479601919,Romulo,Fuster,51380
51381,995503704,Horacio,Iriarte,51381
51382,286345975,Apolonia,Benet,51382
51383,940159877,Lucas,Echeverria,51383
51384,786899743,Primitivo,Boada,51384
51385,804097165,Juliana,Mayol,51385
51386,761136503,Severo,Carro,51386
51387,857832572,Aureliano,Seco,51387
51388,261477605,Augusto,Cordoba,51388
51389,159886227,Florentino,Galvez,51389
51390,654952270,Alonso,Solano,51390
51391,250279003,Reyes,Llabres,51391
51392,632215277,Fito,Guillen,51392
51393,440356499,Zacarias,Montalban,51393
51394,378245992,Magdalena,Solsona,51394
51395,358391331,Santos,Alberdi,51395
51396,259419387,Hortensia,Girona,51396
51397,510913418,Nacio,Manuel,51397
51398,129239478,Micaela,Canellas,51398
51399,296752709,Felipe,Tomas,51399
51400,468288506,Edelmiro,Valenzuela,51400
51401,653727832,Etelvina,Macias,51401
51402,647116075,Curro,Talavera,51402
51403,828027245,Flor,Narvaez,51403
51404,835089839,Lupe,Galan,51404
51405,326648482,Jenaro,Malo,51405
51406,539684959,Leticia,Martinez,51406
51407,604524498,Loida,Almagro,51407
51408,549169270,Victoria,Oliver,51408
51409,292765421,Felicia,Espanol,51409
51410,353605236,Erasmo,Pina,51410
51411,356901414,Ramon,Farre,51411
51412,327862383,Macario,Barros,51412
51413,851114852,Blas,Ricart,51413
51414,163634686,Jafet,Carrasco,51414
51415,320949592,Gabino,Izaguirre,51415
51416,243167383,Casandra,Sureda,51416
51417,862511474,Leandro,Oliver,51417
51418,366977416,Joaquina,Lujan,51418
51419,843237454,Mariano,Cabeza,51419
51420,125543340,Yaiza,Torrent,51420
51421,571724480,Rosenda,Elorza,51421
51422,237632440,Rafael,Agustin,51422
51423,845268899,Ricarda,Barreda,51423
51424,404428633,Genoveva,Canet,51424
51425,342036692,Genoveva,Roldan,51425
51426,581977329,Gabriel,Guillen,51426
51427,790912369,Samuel,Rozas,51427
51428,603240098,Curro,Vera,51428
51429,835604588,Elodia,Antunez,51429
51430,597211493,Teodosio,Franch,51430
51431,852522213,Mario,Falcon,51431
51432,749420037,Chus,Hervia,51432
51433,780336125,Candida,Machado,51433
51434,557424112,Daniel,Sanchez,51434
51435,804477328,Soraya,Morillo,51435
51436,182735132,Hugo,Crespi,51436
51437,463157760,Belen,Martinez,51437
51438,208764470,Lina,Morell,51438
51439,330713746,Evangelina,Minguez,51439
51440,732102632,Loreto,Palau,51440
51441,247413623,Rafa,Salva,51441
51442,168191122,Juan Antonio,Benito,51442
51443,361353831,Ovidio,Bayona,51443
51444,765756017,Gabino,Crespo,51444
51445,712093095,Sebastian,Morales,51445
51446,317495857,Alcides,Iglesia,51446
51447,291043045,Lope,Campos,51447
51448,830669006,Zacarias,Soria,51448
51449,169418547,Zacarias,Acedo,51449
51450,266707366,Teresa,Marin,51450
51451,305980022,Lara,Pino,51451
51452,732003713,Elisabet,Francisco,51452
51453,426648655,Leopoldo,Carreno,51453
51454,313163447,Claudio,Atienza,51454
51455,989935612,Eleuterio,Pintor,51455
51456,350214177,Juan Pablo,Gibert,51456
51457,553015854,Filomena,Calderon,51457
51458,162680320,Constanza,Benavent,51458
51459,834552854,Calixta,Estevez,51459
51460,802183445,Alondra,Palau,51460
51461,827467559,Debora,Casas,51461
51462,138804005,Lorenza,Capdevila,51462
51463,896720400,Lupe,Castellanos,51463
51464,968570403,Mariano,Donoso,51464
51465,148667463,Maribel,Sanchez,51465
51466,331633075,Ursula,Talavera,51466
51467,130873260,Carmelo,Carbajo,51467
51468,126193059,Silvia,Fabra,51468
51469,146727174,Begona,Bustos,51469
51470,109880031,Maite,Zorrilla,51470
51471,615128259,Eliana,Aguila,51471
51472,379501938,Segismundo,Vicens,51472
51473,377606427,Eusebio,Pareja,51473
51474,234805494,Melania,Roura,51474
51475,370778871,Eloy,Carnero,51475
51476,568101507,Roxana,Llabres,51476
51477,693059040,Pastor,Esteban,51477
51478,753016981,Coral,Ayllon,51478
51479,354329940,Nico,Ramirez,51479
51480,849821329,Herminio,Gabaldon,51480
51481,641931736,Felipa,Raya,51481
51482,647497989,Azucena,Marques,51482
51483,673925783,Atilio,Iglesia,51483
51484,773027411,Alejandro,Manso,51484
51485,983700312,Sarita,Blanch,51485
51486,705852200,Haroldo,Rios,51486
51487,593588064,Marcos,Moya,51487
51488,855053238,Urbano,Barrios,51488
51489,689270494,Dora,Alcolea,51489
51490,240076293,Valeria,Cerda,51490
51491,325256981,Mireia,Paredes,51491
51492,380756840,Eligia,Maestre,51492
51493,975692110,Zoraida,Chico,51493
51494,674079701,Jafet,Bou,51494
51495,606584933,Rosaura,Macias,51495
51496,617993310,Cosme,Blanch,51496
51497,732864806,Bienvenida,Rosello,51497
51498,228900412,Maria Cristina,Cerezo,51498
51499,244515847,Chus,Marquez,51499
51500,295485703,Juan Bautista,Canet,51500
51501,503477075,Porfirio,Rodriguez,51501
51502,324415672,Juan Manuel,Baro,51502
51503,540428855,Clemente,Galvez,51503
51504,565544964,Socorro,Leiva,51504
51505,487053570,Ismael,Escriva,51505
51506,129430341,Luisina,Avila,51506
51507,426013684,Trini,Maestre,51507
51508,856327149,Leandro,Salas,51508
51509,285404332,Itziar,Cid,51509
51510,321975945,Pastora,Gallardo,51510
51511,656316814,Raul,Giralt,51511
51512,595217897,Vilma,Catala,51512
51513,412275416,Faustino,Prats,51513
51514,111151547,Armando,Saavedra,51514
51515,616321559,Rodrigo,Pardo,51515
51516,838768779,Javiera,Barrera,51516
51517,657489662,Toni,Pedro,51517
51518,570767868,Maria Jesus,Gibert,51518
51519,572388758,Debora,Vallejo,51519
51520,920447971,Gervasio,Figueroa,51520
51521,323284326,Eleuterio,Reig,51521
51522,435528679,Natanael,Rebollo,51522
51523,146645183,Morena,Aguirre,51523
51524,442203014,Aaron,Prado,51524
51525,714602241,Haroldo,Carpio,51525
51526,157431643,Bernarda,Vargas,51526
51527,837742570,Maria Jesus,Castrillo,51527
51528,858303159,Eladio,Chacon,51528
51529,615260762,Humberto,Sanchez,51529
51530,253754993,Eutimio,Palma,51530
51531,793347264,Paco,Roman,51531
51532,445254344,Olimpia,Lopez,51532
51533,664114236,Samuel,Vergara,51533
51534,760466871,Paca,Simo,51534
51535,488860653,Evita,Valderrama,51535
51536,379338698,Delia,Vigil,51536
51537,534855381,Marisa,Verdugo,51537
51538,122645907,Silvio,Canet,51538
51539,311174947,Norberto,Rincon,51539
51540,227372796,Blanca,Zabaleta,51540
51541,890746585,Lino,Espanol,51541
51542,368041343,Isa,Galindo,51542
51543,714044581,Aurora,Arteaga,51543
51544,824429906,Elena,Reina,51544
51545,605769427,Nuria,Badia,51545
51546,940344405,Eva,Asensio,51546
51547,866766198,Irma,Segarra,51547
51548,711331637,Amaro,Lobato,51548
51549,843922899,Perlita,Borrego,51549
51550,249804426,Eugenia,Arias,51550
51551,876344079,Jaime,Fuertes,51551
51552,948375574,Beatriz,Tur,51552
51553,221240250,Pancho,Hernando,51553
51554,302135004,Nacio,Duarte,51554
51555,196785148,Camilo,Morata,51555
51556,688615304,Gabino,Roig,51556
51557,162530592,Benigna,Baron,51557
51558,824873314,Edelmiro,Mateos,51558
51559,187829813,Vicente,Garriga,51559
51560,359639027,Camila,Sales,51560
51561,808208174,Arcelia,Benavent,51561
51562,465877689,Panfilo,Samper,51562
51563,577887702,Maura,Aparicio,51563
51564,366656040,Luna,Rosell,51564
51565,268986739,Epifanio,Campos,51565
51566,824880662,Prudencia,Diez,51566
51567,688236469,Olga,Jerez,51567
51568,187101617,Haroldo,Ramis,51568
51569,536215910,Rosenda,Rodriguez,51569
51570,682103976,Asuncion,Campillo,51570
51571,538147584,Teodosio,Serrano,51571
51572,393165155,Inigo,Duenas,51572
51573,797316820,Martin,Dalmau,51573
51574,391339131,Africa,Guitart,51574
51575,119311675,Eric,Blanco,51575
51576,720174140,Teresita,Vina,51576
51577,826183865,Romulo,Roura,51577
51578,468895706,Atilio,Aragon,51578
51579,215781932,Leticia,Conde,51579
51580,978128662,Alfonso,Ojeda,51580
51581,753819588,Yago,Ibanez,51581
51582,806011736,Jose Mari,Gomez,51582
51583,302414516,Asdrubal,Pastor,51583
51584,718147228,Adrian,Aguilera,51584
51585,681933501,Paola,Taboada,51585
51586,919693484,Jose Miguel,Barranco,51586
51587,302750084,Blas,Gracia,51587
51588,479828259,Alonso,Redondo,51588
51589,295320976,Ezequiel,Bustos,51589
51590,179477963,Macario,Ramirez,51590
51591,288047772,Abel,Rosa,51591
51592,393181011,Ignacia,Davila,51592
51593,758611771,Josefa,Sacristan,51593
51594,504801083,Maria Jose,Baena,51594
51595,919792743,Agata,Fuentes,51595
51596,830824554,Armida,Vicens,51596
51597,690712795,Mireia,Gilabert,51597
51598,555495117,Jose,Julian,51598
51599,935249712,Berta,Rodriguez,51599
51600,611821146,Ainara,Jimenez,51600
51601,544004374,Casandra,Sedano,51601
51602,915467116,Victoria,Duque,51602
51603,201538267,Celia,Fuentes,51603
51604,944769587,Alba,Cobos,51604
51605,108895385,Marco,Esteban,51605
51606,493688471,Genoveva,Orozco,51606
51607,898914953,Tecla,Campillo,51607
51608,226081170,Maria Cristina,Coca,51608
51609,639729515,Lorenza,Marquez,51609
51610,519976151,Serafina,Bastida,51610
51611,553812467,Tomas,Carrasco,51611
51612,669736420,Jordana,Salmeron,51612
51613,461001237,Natalia,Belmonte,51613
51614,724604305,Tatiana,Valcarcel,51614
51615,260428751,Cayetano,Rosell,51615
51616,207348614,Silvio,Benavides,51616
51617,890346026,Ale,Llobet,51617
51618,595427298,Alicia,Sevilla,51618
51619,385838880,Candelas,Pardo,51619
51620,749360190,Vera,Navas,51620
51621,797838947,Carlos,Saez,51621
51622,319236103,Abilio,Bellido,51622
51623,291350446,Mariana,Chaves,51623
51624,498218122,Claudio,Chacon,51624
51625,810394092,Rebeca,Almazan,51625
51626,923794652,Flavio,Juan,51626
51627,808000117,Quirino,Carreras,51627
51628,994768861,Angelica,Tovar,51628
51629,482797296,Blas,Castell,51629
51630,626751184,Apolinar,Jorda,51630
51631,586025229,Lucio,Mayol,51631
51632,187700516,Patricia,Armas,51632
51633,919784385,Eli,Somoza,51633
51634,611518908,Diana,Cepeda,51634
51635,922358761,Leire,Milla,51635
51636,546074628,Leonor,Calleja,51636
51637,553320569,Sara,Domenech,51637
51638,643465922,Julieta,Rosado,51638
51639,165156399,Basilio,Torralba,51639
51640,700442104,Baltasar,Martinez,51640
51641,342440415,Casandra,Palau,51641
51642,553800789,Andres,Blasco,51642
51643,892672827,Miguel Angel,Moya,51643
51644,976617471,Ofelia,Alba,51644
51645,932653303,Abraham,Botella,51645
51646,889097971,Hortensia,Laguna,51646
51647,410595247,Reyes,Carvajal,51647
51648,819125564,Iban,Otero,51648
51649,153434917,Isaac,Nogueira,51649
51650,705780754,Yaiza,Pons,51650
51651,459634502,Adelardo,Prats,51651
51652,376748024,Edu,Benet,51652
51653,134349842,Begona,Espada,51653
51654,599507644,Fabricio,Priego,51654
51655,897062619,Roxana,Alegre,51655
51656,168290953,Jeremias,Puig,51656
51657,240582263,Nilda,Lledo,51657
51658,583824289,Maura,Murcia,51658
51659,733616195,Blanca,Pablo,51659
51660,690969697,Maria Angeles,Prieto,51660
51661,710716316,Danilo,Vergara,51661
51662,225708738,Roman,Molins,51662
51663,582952479,Lucia,Berenguer,51663
51664,250632735,Evita,Sola,51664
51665,357211001,Fulgencio,Lillo,51665
51666,237818968,Ariel,Parra,51666
51667,727724822,Buenaventura,Herrero,51667
51668,115639039,Epifanio,Arrieta,51668
51669,580845235,Ines,Puga,51669
51670,645283001,Renata,Alfaro,51670
51671,193373535,Florinda,Lloret,51671
51672,271866589,Calixto,Machado,51672
51673,206932733,Jose Maria,Farre,51673
51674,697733031,Debora,Cueto,51674
51675,809378189,Claudia,Gomila,51675
51676,726907281,Salvador,Palacio,51676
51677,391883063,Joel,Querol,51677
51678,314382240,Maura,Barbera,51678
51679,619871685,Jovita,Aguirre,51679
51680,600257829,Mariano,Cazorla,51680
51681,313216331,Pepita,Bastida,51681
51682,222019077,Olalla,Gonzalez,51682
51683,950986721,Juanito,Bastida,51683
51684,965357303,Valero,Nicolas,51684
51685,179853777,Virgilio,Elias,51685
51686,424477282,Jenaro,Segui,51686
51687,231027729,Amando,Chamorro,51687
51688,445705982,Manola,Exposito,51688
51689,371797043,Maria,Losada,51689
51690,456002808,Bonifacio,Alarcon,51690
51691,214429278,Victorino,Barragan,51691
51692,847022472,Luis Miguel,Cerezo,51692
51693,774494462,Dorotea,Mulet,51693
51694,326801476,Ambar,Delgado,51694
51695,197373482,Zacarias,Lillo,51695
51696,989382318,Nerea,Verdugo,51696
51697,960585090,Leopoldo,Alvarado,51697
51698,531634816,Gregorio,Larranaga,51698
51699,396407323,Jenaro,Gomez,51699
51700,341722806,Natanael,Blazquez,51700
51701,361380813,Blas,Chico,51701
51702,801433905,Fidel,Bernat,51702
51703,191134065,Hernando,Larrea,51703
51704,451954727,Evita,Olive,51704
51705,283346642,Elodia,Duque,51705
51706,921228021,Zaida,Castellanos,51706
51707,121013649,Adelina,Piquer,51707
51708,936834898,Adalberto,Marquez,51708
51709,260981737,Nayara,Rocha,51709
51710,599057576,Aranzazu,Bustos,51710
51711,686669488,Leticia,Folch,51711
51712,707632826,Fabricio,Salamanca,51712
51713,895578511,Maria Manuela,Palau,51713
51714,916435057,Crescencia,Montesinos,51714
51715,288190800,Tamara,Correa,51715
51716,680329738,Angelino,Ferrandez,51716
51717,739703790,Carmela,Salas,51717
51718,437213009,Conrado,Elias,51718
51719,445385463,Fito,Iglesia,51719
51720,783795272,Feliciano,Giner,51720
51721,811823553,Maxi,Adadia,51721
51722,604266864,Conrado,Pedro,51722
51723,670650466,Heraclio,Montenegro,51723
51724,676320351,Leon,Alonso,51724
51725,868057166,Gaston,Agudo,51725
51726,610726623,Azahar,Balaguer,51726
51727,237964775,Eladio,Anton,51727
51728,118076272,Adolfo,Estevez,51728
51729,240145180,Lucia,Hervia,51729
51730,410172318,Carmelita,Ibanez,51730
51731,677405747,Fortunato,Urena,51731
51732,766588755,Sandra,Villegas,51732
51733,869393701,Jafet,Rivera,51733
51734,470626305,Rocio,Calvet,51734
51735,688568146,Valero,Torrijos,51735
51736,356712414,Chuy,Roman,51736
51737,712205559,Clemente,Serrano,51737
51738,284285534,Juan Antonio,Albero,51738
51739,917376812,Bruno,Camacho,51739
51740,822988317,Benjamin,Orozco,51740
51741,876804814,Demetrio,Pacheco,51741
51742,221157233,Felicia,Marti,51742
51743,783500181,Alberto,Narvaez,51743
51744,986238664,Hugo,Riquelme,51744
51745,323945593,Fabiana,Perera,51745
51746,984772552,Angela,Pineda,51746
51747,488116774,Lupe,Pazos,51747
51748,242988790,Roldan,Luque,51748
51749,348400636,Samu,Baro,51749
51750,787061189,Mirta,Chamorro,51750
51751,142068674,Tadeo,Tur,51751
51752,519258245,Jorge,Royo,51752
51753,287450129,Sofia,Badia,51753
51754,173687060,Rafa,Rosales,51754
51755,914294107,Azeneth,Martin,51755
51756,562826715,Rosalina,Sans,51756
51757,120007601,Eva Maria,Palomo,51757
51758,810570336,Sabas,Perales,51758
51759,783298880,Ciro,Isern,51759
51760,129792085,Gracia,Gutierrez,51760
51761,778588283,Lucio,Jimenez,51761
51762,133049372,Rosa Maria,Company,51762
51763,102771419,Aurora,Galan,51763
51764,613721306,Marc,Bellido,51764
51765,447254769,Maria,Aznar,51765
51766,893477706,Americo,Villalonga,51766
51767,851777938,Fatima,Iriarte,51767
51768,363747482,Roberta,Caro,51768
51769,798387682,Maxi,Correa,51769
51770,349488528,Omar,Chacon,51770
51771,525205120,Candelas,Crespo,51771
51772,498035539,Bartolome,Sevilla,51772
51773,587357623,Isaias,Ricart,51773
51774,471229565,Nelida,Tovar,51774
51775,181277821,Zaira,Posada,51775
51776,349485637,Josep,Pages,51776
51777,652208487,Maria Belen,Guzman,51777
51778,739206669,Che,Cerezo,51778
51779,155523068,Araceli,Checa,51779
51780,146907315,Ciriaco,Marco,51780
51781,990652345,Marcela,Dominguez,51781
51782,850764745,Herminio,Montero,51782
51783,587961890,Paulina,Solano,51783
51784,261238790,Juan Antonio,Chico,51784
51785,125234166,Nuria,Llorente,51785
51786,440496759,Sancho,Estevez,51786
51787,596346583,Nelida,Cobo,51787
51788,886716410,Noa,Bermejo,51788
51789,421279808,Chus,Aguila,51789
51790,944091698,Nadia,Pages,51790
51791,264538605,Loreto,Pereira,51791
51792,885613878,Marc,Roca,51792
51793,184811188,Roxana,Fuertes,51793
51794,968510204,Ximena,Alcazar,51794
51795,868974549,Nuria,Higueras,51795
51796,301191780,Lucho,Mesa,51796
51797,391053958,Gil,Zamorano,51797
51798,109446216,Inmaculada,Robledo,51798
51799,579093897,Daniela,Osorio,51799
51800,561788449,Aitana,Macias,51800
51801,762340778,Cesar,Gordillo,51801
51802,164214669,Luna,Santamaria,51802
51803,775040942,Esteban,Aguirre,51803
51804,780067625,Inigo,Sans,51804
51805,578848872,Ursula,Fajardo,51805
51806,289434782,Lucio,Isern,51806
51807,807807866,Pepe,Bilbao,51807
51808,310819674,Esperanza,Sandoval,51808
51809,763395822,Bonifacio,Beltran,51809
51810,937442613,Emigdio,Alcazar,51810
51811,686335436,Elba,Izaguirre,51811
51812,628452416,Pancho,Casanovas,51812
51813,852153821,Tristan,Calvo,51813
51814,200848289,Gerardo,Perera,51814
51815,257896876,Loreto,Vendrell,51815
51816,148258565,Agustin,Cervantes,51816
51817,576771609,Carolina,Donaire,51817
51818,100054182,Arturo,Jimenez,51818
51819,155952076,Corona,Valverde,51819
51820,642183893,Elisabet,Vilalta,51820
51821,918202424,Ligia,Torres,51821
51822,448267098,Jorge,Pont,51822
51823,869679126,Anna,Marmol,51823
51824,551357370,Julio,Sebastian,51824
51825,572767584,Tomasa,Puerta,51825
51826,418123410,Amarilis,Conesa,51826
51827,493966533,Antonio,Losa,51827
51828,103465569,Ani,Arias,51828
51829,717467261,Jose Mari,Roig,51829
51830,144607210,Fausto,Sastre,51830
51831,138345177,Monica,Baez,51831
51832,106575801,Jose Manuel,Pinol,51832
51833,764552565,Elisa,Sevillano,51833
51834,926637142,Perla,Diez,51834
51835,401100370,Rosaura,Escalona,51835
51836,468537270,Ricarda,Cano,51836
51837,375800419,Encarnita,Saavedra,51837
51838,147126777,Yago,Elorza,51838
51839,519024095,Ignacia,Amador,51839
51840,551435879,Nicodemo,Coll,51840
51841,409659762,Roberto,Jimenez,51841
51842,538210687,Leandra,Lamas,51842
51843,799439697,Lola,Amores,51843
51844,319416107,Jafet,Munoz,51844
51845,902718675,Jacinta,Nogues,51845
51846,905919962,Lazaro,Iniesta,51846
51847,212147613,Fanny,Ortuno,51847
51848,864032380,Concepcion,Toro,51848
51849,836262943,Prudencio,Lerma,51849
51850,421179840,Geronimo,Torrents,51850
51851,456498401,Diego,Jerez,51851
51852,459655721,Paula,Amaya,51852
51853,248748739,Manolo,Losada,51853
51854,583280493,Narcisa,Rossello,51854
51855,187969290,Ricarda,Baron,51855
51856,444754602,Nilo,Carbajo,51856
51857,892303346,Agapito,Dominguez,51857
51858,850245197,Kike,Infante,51858
51859,505221272,Celestina,Frias,51859
51860,192134416,Isaias,Santamaria,51860
51861,594767220,America,Exposito,51861
51862,880561058,Almudena,Vizcaino,51862
51863,966651023,Roxana,Baez,51863
51864,984236770,Debora,Arevalo,51864
51865,252639296,Maria Belen,Silva,51865
51866,330222958,Arcelia,Zaragoza,51866
51867,491250611,Domitila,Taboada,51867
51868,241567937,Reinaldo,Rodenas,51868
51869,163873001,Carlito,Granados,51869
51870,730253808,Plinio,Contreras,51870
51871,140784548,Elvira,Hernandez,51871
51872,712575738,Blas,Pujol,51872
51873,256117317,Saturnina,Colomer,51873
51874,257269420,Baudelio,Martin,51874
51875,758770876,Bartolome,Morera,51875
51876,306488037,Lalo,Salgado,51876
51877,832083686,Maximino,Ramirez,51877
51878,384161994,Eduardo,Canellas,51878
51879,952383434,Patricia,Moreno,51879
51880,507067272,Cleto,Barrera,51880
51881,832389236,Guiomar,Guardia,51881
51882,217877626,Lucas,Checa,51882
51883,831078690,Isaac,Fajardo,51883
51884,618827699,Martin,Rocamora,51884
51885,981927710,Natalia,Marco,51885
51886,554845589,Tania,Piquer,51886
51887,885787887,Ana Belen,Penas,51887
51888,622960505,Manola,Sanjuan,51888
51889,768363839,Danilo,Belmonte,51889
51890,782219115,Ernesto,Salva,51890
51891,961173866,Malena,Gascon,51891
51892,110552659,Walter,Ortega,51892
51893,582864584,Estefania,Azorin,51893
51894,243064582,Benita,Vicens,51894
51895,726225367,Fortunata,Pages,51895
51896,210296785,Ingrid,Aroca,51896
51897,460697175,Wilfredo,Arino,51897
51898,636775425,Marisa,Camara,51898
51899,967222771,Amor,Giralt,51899
51900,157342432,Felicidad,Amor,51900
51901,389554454,Socorro,Villalobos,51901
51902,205425580,Amaro,Berenguer,51902
51903,892774407,Nando,Gomez,51903
51904,919241015,Jose,Contreras,51904
51905,844879477,Leonardo,Contreras,51905
51906,952910393,Manola,Cerda,51906
51907,465544289,Miguel Angel,Aparicio,51907
51908,991352244,Isidro,Hoz,51908
51909,558064000,Manu,Exposito,51909
51910,362135225,Calista,Jaen,51910
51911,854049257,Julio,Ibanez,51911
51912,416003829,Bonifacio,Amor,51912
51913,605049635,Modesta,Saenz,51913
51914,249892002,Maria Pilar,Avila,51914
51915,571020069,Estela,Medina,51915
51916,109887482,Fatima,Isern,51916
51917,740516236,Angelica,Arjona,51917
51918,234672982,Teofilo,Garmendia,51918
51919,260292631,Ileana,Arce,51919
51920,848152286,Desiderio,Bilbao,51920
51921,895706721,Eutimio,Catalan,51921
51922,961402970,Baltasar,Roca,51922
51923,327132139,Cesar,Escobar,51923
51924,940890671,Ruy,Ripoll,51924
51925,671644932,Miguel,Bolanos,51925
51926,101272360,Fabio,Robles,51926
51927,734301122,Ursula,Martorell,51927
51928,608714367,Chema,Llorente,51928
51929,430610108,Emma,Peral,51929
51930,723184961,Olga,Sarabia,51930
51931,181274259,Manolo,Dalmau,51931
51932,841108776,Leandra,Bello,51932
51933,357406493,Olalla,Vinas,51933
51934,737952562,Gabino,Reyes,51934
51935,806196583,Luis Angel,Higueras,51935
51936,253213442,Benigno,Capdevila,51936
51937,901917258,Martin,Piquer,51937
51938,441026002,Ana,Cases,51938
51939,318462364,Inmaculada,Puente,51939
51940,456256132,Georgina,Beltran,51940
51941,902813143,Maricela,Segarra,51941
51942,574242375,Leonardo,Samper,51942
51943,692116039,Ambar,Verdu,51943
51944,119126007,Adelaida,Torralba,51944
51945,258236045,Francisca,Amat,51945
51946,304149966,Melania,Checa,51946
51947,767724248,Oscar,Feijoo,51947
51948,268996357,Andres Felipe,Alvarado,51948
51949,600644718,Faustino,Fuertes,51949
51950,640772357,Paulina,Domenech,51950
51951,154477046,Hipolito,Canovas,51951
51952,660232314,Juan Bautista,Banos,51952
51953,527426891,Ursula,Garrido,51953
51954,494616489,Nicodemo,Reina,51954
51955,704199504,Cecilia,Arnal,51955
51956,109750579,Poncio,Priego,51956
51957,277845813,Roberta,Villalba,51957
51958,823847903,Amelia,Huguet,51958
51959,572279479,Barbara,Barco,51959
51960,854241768,Flor,Pino,51960
51961,967004084,Chus,Cabanas,51961
51962,142444111,Hilda,Arias,51962
51963,148377802,Benito,Blazquez,51963
51964,998241593,Aranzazu,Falcon,51964
51965,328086176,Pascuala,Pineiro,51965
51966,693251613,Noe,Gamez,51966
51967,860010197,Adolfo,Cisneros,51967
51968,905329836,Felix,Jodar,51968
51969,395844114,Jordi,Juan,51969
51970,107181043,Joaquin,Hernandez,51970
51971,900808621,Hernan,Mur,51971
51972,953958543,Alfonso,Caballero,51972
51973,581718349,Julian,Santamaria,51973
51974,735048608,Martina,Ibanez,51974
51975,336791276,Baltasar,Carbajo,51975
51976,751879858,Kike,Macias,51976
51977,190987133,Jose Angel,Bello,51977
51978,828133785,Jessica,Jerez,51978
51979,870215731,Tito,Vicente,51979
51980,925316287,Beatriz,Jordan,51980
51981,128257511,Adelaida,Casals,51981
51982,867484231,Chelo,Jordan,51982
51983,771872034,Xiomara,Duran,51983
51984,270590119,Juanita,Casas,51984
51985,207872361,Vilma,Cabanillas,51985
51986,473416723,Benigna,Gelabert,51986
51987,397981670,Flavio,Mayo,51987
51988,450680166,Iris,Avila,51988
51989,981136833,Maria Manuela,Iriarte,51989
51990,529384710,Susanita,Domingo,51990
51991,182824657,Vilma,Ortuno,51991
51992,703255479,Ambar,Pinedo,51992
51993,869084769,Cornelio,Puente,51993
51994,922927406,Chuy,Carlos,51994
51995,471687902,Belen,Bermudez,51995
51996,896653667,Virgilio,Royo,51996
51997,950727066,Amaro,Valls,51997
51998,586185975,Jennifer,Palomino,51998
51999,151690130,Consuela,Garces,51999
52000,704901790,Fernanda,Carrillo,52000
52001,438806530,Buenaventura,Bravo,52001
52002,525391450,Ani,Arteaga,52002
52003,781794993,Rosa Maria,Ponce,52003
52004,635682655,Paula,Bas,52004
52005,548655497,Nico,Abascal,52005
52006,149905361,Alberto,Serrano,52006
52007,870504539,Custodia,Lopez,52007
52008,873318663,Francisco,Rovira,52008
52009,253009929,Dorita,Novoa,52009
52010,755967235,Zacarias,Sosa,52010
52011,515011248,Joel,Corral,52011
52012,658991739,Evaristo,Uribe,52012
52013,495991413,Alfredo,Cepeda,52013
52014,145446304,Teodoro,Vives,52014
52015,464323134,Graciana,Davila,52015
52016,179952565,Isidoro,Bermudez,52016
52017,519331075,Dalila,Teruel,52017
52018,109054936,Carlito,Collado,52018
52019,986381085,Consuela,Pinol,52019
52020,505226994,Jeronimo,Pinol,52020
52021,294167196,Lucio,Sabater,52021
52022,544126191,Belen,Maestre,52022
52023,390046925,Ester,Gil,52023
52024,456982405,Juana,Uriarte,52024
52025,540726075,Cristian,Sebastian,52025
52026,224259304,Ramona,Rovira,52026
52027,692236200,Edgardo,Duque,52027
52028,511628680,Consuela,Serra,52028
52029,385854221,Flor,Sevillano,52029
52030,800388590,Zacarias,Blanco,52030
52031,535802721,Jonatan,Montenegro,52031
52032,848928520,Ruperto,Barrena,52032
52033,739201588,Jacinta,Morillo,52033
52034,996645095,Emigdio,Antunez,52034
52035,812228297,Apolinar,Izquierdo,52035
52036,348496259,Apolinar,Alberto,52036
52037,887278617,Wilfredo,Garcia,52037
52038,976711584,Jenaro,Lorenzo,52038
52039,700727785,Angel,Carbonell,52039
52040,579387716,Jose,Royo,52040
52041,743017964,Sandalio,Moraleda,52041
52042,764025201,Jose Ramon,Haro,52042
52043,264387084,Ileana,Cerda,52043
52044,950312246,Angelina,Fabregas,52044
52045,694220739,Calixta,Nunez,52045
52046,951142984,Wilfredo,Barrios,52046
52047,573923659,Sarita,Pedraza,52047
52048,548826462,Cornelio,Escolano,52048
52049,292862545,Anunciacion,Salom,52049
52050,197412689,Pilar,Molins,52050
52051,607927247,Matilde,Torralba,52051
52052,183689029,Rolando,Bernat,52052
52053,430698996,Ursula,Marmol,52053
52054,506303992,Yesica,Hoyos,52054
52055,685686910,Juan Luis,Llamas,52055
52056,115350337,Ana Sofia,Varela,52056
52057,923001057,Chita,Pera,52057
52058,951676701,Hipolito,Amor,52058
52059,669584128,Bibiana,Catala,52059
52060,481586421,Abraham,Viana,52060
52061,385640602,Nidia,Salom,52061
52062,985975624,Leire,Ordonez,52062
52063,837905795,Ale,Palomino,52063
52064,364809565,Victor Manuel,Grau,52064
52065,853256612,Bienvenida,Madrid,52065
52066,800784738,Venceslas,Pi,52066
52067,632804002,Miguel Angel,Cordero,52067
52068,979530041,Maximo,Samper,52068
52069,236859680,Marcial,Roca,52069
52070,433316915,Bienvenida,Reina,52070
52071,661105954,Jose Miguel,Hernandez,52071
52072,428945731,Eutropio,Bartolome,52072
52073,676129436,Zaira,Zurita,52073
52074,237573117,Tecla,Casado,52074
52075,866910673,Monica,Yuste,52075
52076,712241711,Luis Angel,Uriarte,52076
52077,470295767,Genoveva,Ugarte,52077
52078,336398872,Francisco Javier,Manrique,52078
52079,757314032,Reyes,Ferrer,52079
52080,166612979,Nelida,Quiroga,52080
52081,509998567,Wilfredo,Mesa,52081
52082,394163951,Maite,Tome,52082
52083,237733181,Manu,Campos,52083
52084,663241191,Camilo,Roma,52084
52085,397638652,Lucila,Vergara,52085
52086,245766822,Monica,Nieto,52086
52087,835855008,Candida,Carreno,52087
52088,849323239,Perlita,Hernandez,52088
52089,182001220,Eva Maria,Larrea,52089
52090,959461975,Trini,Vila,52090
52091,270374914,Chema,Alcalde,52091
52092,343106751,Bruno,Estevez,52092
52093,695980348,Irene,Armengol,52093
52094,861217602,Nilda,Perera,52094
52095,732604616,Camilo,Cal,52095
52096,644791325,Jose Ramon,Milla,52096
52097,921024680,Samanta,Aguila,52097
52098,801460266,Azahar,Canton,52098
52099,795631920,Tadeo,Mascaro,52099
52100,501125255,Fabiana,Escamilla,52100
52101,436445109,Mariano,Aragones,52101
52102,712034733,Juan Luis,Galvan,52102
52103,773041138,Rogelio,Trujillo,52103
52104,834242398,Jafet,Valverde,52104
52105,800138416,Cebrian,Busquets,52105
52106,221974158,Jose Antonio,Garriga,52106
52107,568219216,Brunilda,Salom,52107
52108,257480914,Jose Antonio,Yuste,52108
52109,236448304,Asuncion,Amo,52109
52110,160895739,Emigdio,Villalobos,52110
52111,676150594,Irene,Barbero,52111
52112,584029532,Antonio,Ibarra,52112
52113,126381532,Estefania,Ayala,52113
52114,932156312,Ingrid,Canizares,52114
52115,587839507,Luis Miguel,Batalla,52115
52116,507386261,Amancio,Morera,52116
52117,312003502,Marcela,Llamas,52117
52118,832330085,Ambar,Portillo,52118
52119,894806220,Rafael,Salinas,52119
52120,937838823,Teodora,Mate,52120
52121,949648759,Virgilio,Bernat,52121
52122,608026241,Angel,Cano,52122
52123,961583805,Jose Luis,Pages,52123
52124,585649712,Arcelia,Espana,52124
52125,125606311,Ariel,Bautista,52125
52126,503786285,Angelita,Antunez,52126
52127,524339250,Lorena,Lloret,52127
52128,173325209,Araceli,Guardia,52128
52129,785441686,Placido,Mateu,52129
52130,920894906,Ignacio,Rius,52130
52131,534723615,Candelaria,Perez,52131
52132,845585991,Victor Manuel,Isern,52132
52133,292476267,Viviana,Taboada,52133
52134,261422476,Juanito,Barrera,52134
52135,649263401,Maricela,Correa,52135
52136,678213913,Eva Maria,Pages,52136
52137,117687406,Nicodemo,Valverde,52137
52138,558934347,Eugenio,Poza,52138
52139,906138482,Cristian,Rueda,52139
52140,338648344,Adalberto,Pelayo,52140
52141,166351617,Petrona,Rubio,52141
52142,181312821,Etelvina,Sevillano,52142
52143,222484768,Luciana,Sanchez,52143
52144,290078871,Antonio,Sevilla,52144
52145,697925497,Anabel,Borrell,52145
52146,963272707,Cristian,Velasco,52146
52147,349109158,Angelica,Cerezo,52147
52148,814944189,Eleuterio,Blanca,52148
52149,253713622,Patricia,Farre,52149
52150,133251027,Ursula,Pereira,52150
52151,932744835,Hortensia,Alcala,52151
52152,824183472,Carlos,Ripoll,52152
52153,494979353,Fermin,Escamilla,52153
52154,702237242,Eusebia,Espana,52154
52155,346514653,Azahar,Lucas,52155
52156,549522151,Cosme,Casares,52156
52157,858008469,Jose Ramon,Fortuny,52157
52158,170632852,Bruno,Pelayo,52158
52159,540500141,Miguel Angel,Castejon,52159
52160,729166237,Tomas,Nevado,52160
52161,101741837,Griselda,Salmeron,52161
52162,659128830,Marcelino,Sevillano,52162
52163,755703012,Eloisa,Canellas,52163
52164,160538784,Patricia,Segarra,52164
52165,543726105,Geronimo,Serra,52165
52166,957833432,German,Bertran,52166
52167,242002530,Vera,Pomares,52167
52168,905257214,Eliana,Romeu,52168
52169,885734405,Tiburcio,Galan,52169
52170,167571628,Reyes,Castello,52170
52171,215970764,Iris,Manuel,52171
52172,855404118,Sebastian,Sevillano,52172
52173,704456752,Patricia,Sabater,52173
52174,238639034,Poncio,Ferrandez,52174
52175,345209230,Ceferino,Gomis,52175
52176,691355156,Alba,Company,52176
52177,807663144,David,Villalobos,52177
52178,124208144,Nico,Elias,52178
52179,677742119,Ale,Pera,52179
52180,213573726,Tiburcio,Castells,52180
52181,624209752,Eva,Benitez,52181
52182,874179617,Tecla,Prat,52182
52183,206327064,Noa,Munoz,52183
52184,348621333,Sabina,Mascaro,52184
52185,713259854,Claudio,Ferrando,52185
52186,182511821,Natividad,Baeza,52186
52187,569819376,Margarita,Sebastian,52187
52188,266518154,Maria Jose,Pedrero,52188
52189,374569807,Fito,Carrasco,52189
52190,316269153,Tamara,Catala,52190
52191,607179444,Monica,Arnaiz,52191
52192,941174028,Severiano,Villena,52192
52193,738234320,Andrea,Angulo,52193
52194,189227498,Maria Cristina,Royo,52194
52195,588853377,Fabio,Sierra,52195
52196,928620478,Bernabe,Salazar,52196
52197,482653818,Debora,Garate,52197
52198,246210024,Loreto,Adan,52198
52199,668709850,Emigdio,Toledo,52199
52200,112589304,Anselma,Valenzuela,52200
52201,433433020,Gala,Cuellar,52201
52202,906623111,Fernando,Mendoza,52202
52203,485581761,Primitiva,Nicolau,52203
52204,178687739,Felix,Gallego,52204
52205,198821303,Eliana,Olmo,52205
52206,630316334,Joel,Campo,52206
52207,905093675,Santiago,Aleman,52207
52208,903597209,Candida,Solera,52208
52209,529728151,Juan Pablo,Cid,52209
52210,364584227,Carmen,Martin,52210
52211,952477335,Ildefonso,Cueto,52211
52212,288305014,Claudia,Martorell,52212
52213,397831584,Rosalina,Amigo,52213
52214,412378943,Eva Maria,Cerro,52214
52215,710330683,Cecilio,Nadal,52215
52216,302505968,Mariano,Calderon,52216
52217,610770744,Marisela,Sureda,52217
52218,330396761,Ramon,Catalan,52218
52219,927502516,Isabel,Hernandez,52219
52220,826018744,Aura,Riquelme,52220
52221,147333776,Rosenda,Montero,52221
52222,456318713,Gracia,Parejo,52222
52223,714045159,Elpidio,Agudo,52223
52224,286190746,Julian,Iriarte,52224
52225,267100166,Luis,Aguilar,52225
52226,504558355,Feliciano,Trujillo,52226
52227,264632909,Dalila,Bustamante,52227
52228,655697385,Otilia,Alcantara,52228
52229,210435946,Jesusa,Arellano,52229
52230,877759950,Luciano,Perea,52230
52231,901584853,Visitacion,Rodrigo,52231
52232,795284712,Victoria,Oliver,52232
52233,551594686,Leon,Diaz,52233
52234,833567974,Ester,Osorio,52234
52235,284744425,Teresa,Casares,52235
52236,515562936,Joaquin,Alba,52236
52237,514702825,Josue,Heras,52237
52238,654390105,Petrona,Verdugo,52238
52239,710289705,Alicia,Ferrera,52239
52240,715677188,Cipriano,Egea,52240
52241,497258192,Joel,Vicens,52241
52242,408709966,Gertrudis,Miralles,52242
52243,380268542,Jose Angel,Llorens,52243
52244,208479784,Olivia,Perales,52244
52245,215387357,Pepe,Zabala,52245
52246,662168295,Ximena,Dalmau,52246
52247,462090130,Maristela,Naranjo,52247
52248,449969562,Aroa,Sole,52248
52249,109517104,Gustavo,Canton,52249
52250,601177896,Luis Angel,Artigas,52250
52251,253685648,Juan Manuel,Recio,52251
52252,724699435,Daniela,Mayoral,52252
52253,782424459,Blanca,Izaguirre,52253
52254,768991874,Gustavo,Blanch,52254
52255,509815779,Francisca,Reyes,52255
52256,421042674,Roldan,Chico,52256
52257,203877990,Maria Cristina,Tomas,52257
52258,329407578,Herminia,Ribes,52258
52259,839050445,Sonia,Oller,52259
52260,139108918,Esperanza,Sevillano,52260
52261,347865367,Isaias,Carreras,52261
52262,342192524,Benigno,Bermudez,52262
52263,298399161,Yesica,Baez,52263
52264,970863339,Nicanor,Morera,52264
52265,268861480,Jose,Comas,52265
52266,323038780,Roque,Figueras,52266
52267,596640216,Hortensia,Fabregat,52267
52268,604523152,Maricruz,Albero,52268
52269,700906620,Quique,Borras,52269
52270,638041298,Susana,Diego,52270
52271,885105470,Berto,Chico,52271
52272,427091697,Gertrudis,Castilla,52272
52273,300519051,Jose Miguel,Bernat,52273
52274,723729665,Geronimo,Pallares,52274
52275,997875160,Cleto,Matas,52275
52276,961093403,Felix,Toro,52276
52277,311490766,Albano,Galindo,52277
52278,845634025,Cruz,Vazquez,52278
52279,356192498,Plinio,Palomares,52279
52280,201392152,Inocencio,Prats,52280
52281,654905147,Isidoro,Barros,52281
52282,501665905,Tatiana,Alvarado,52282
52283,852304116,Amancio,Vara,52283
52284,596297992,Custodio,Agullo,52284
52285,715874204,Reynaldo,Manuel,52285
52286,611080255,Casandra,Agusti,52286
52287,839490660,Estela,Moles,52287
52288,958381330,Juan,Aranda,52288
52289,357033331,Angela,Barroso,52289
52290,305220207,Marc,Juan,52290
52291,699732599,Roldan,Ruano,52291
52292,968167568,Paulina,Figueras,52292
52293,350254079,Reynaldo,Llabres,52293
52294,420638803,Delfina,Melero,52294
52295,125796350,Victoriano,Cervera,52295
52296,448675563,Aurora,Sotelo,52296
52297,237048426,Reina,Zabala,52297
52298,381301681,Candelario,Coll,52298
52299,150123767,Demetrio,Barrios,52299
52300,524934402,Marc,Izaguirre,52300
52301,204288625,Benita,Aguado,52301
52302,839221866,Chus,Suarez,52302
52303,472236687,Jordan,Juarez,52303
52304,823253033,Gonzalo,Pelayo,52304
52305,885258616,Manola,Gutierrez,52305
52306,719656158,Manolo,Oliver,52306
52307,609734543,Joaquin,Alcolea,52307
52308,476996371,Claudia,Mateu,52308
52309,833259999,Daniel,Figuerola,52309
52310,101946348,Marco,Cortes,52310
52311,894072407,Pia,Juan,52311
52312,643949735,Guiomar,Fuente,52312
52313,382227102,Celestino,Olivares,52313
52314,297166848,Isa,Valdes,52314
52315,995433663,Cosme,Prada,52315
52316,444285235,Edmundo,Navas,52316
52317,498062404,Delia,Arjona,52317
52318,437695333,Mauricio,Valbuena,52318
52319,217611398,Lola,Cortes,52319
52320,535020359,Emelina,Giron,52320
52321,226836634,Abigail,Estevez,52321
52322,893848181,Andres,Belmonte,52322
52323,243848168,Reyna,Talavera,52323
52324,734041173,Jose Francisco,Cabezas,52324
52325,910277914,Santiago,Garcia,52325
52326,984491158,Valentin,Tapia,52326
52327,731250825,Patricia,Segura,52327
52328,219709888,Mirta,Coello,52328
52329,172259592,Victoria,Manrique,52329
52330,887075754,Barbara,Gonzalez,52330
52331,272835285,Ramona,Lillo,52331
52332,793311353,Moises,Pena,52332
52333,248452518,Sosimo,Camacho,52333
52334,481946922,Joaquin,Gibert,52334
52335,673453042,Albert,Ballester,52335
52336,442873818,Julia,Cordero,52336
52337,383037770,Obdulia,Casas,52337
52338,917956988,Guiomar,Lobato,52338
52339,555548418,Dafne,Alcaraz,52339
52340,276589664,Sigfrido,Moraleda,52340
52341,275435073,Aurora,Lumbreras,52341
52342,632200372,Jordi,Iniguez,52342
52343,841478170,Celestino,Pinedo,52343
52344,601235251,Francisco Javier,Contreras,52344
52345,213390309,Cruz,Pons,52345
52346,753655355,Amalia,Prats,52346
52347,316295876,Natanael,Barrios,52347
52348,358608628,Benjamin,Tapia,52348
52349,608484635,Matias,Valle,52349
52350,691581442,Yolanda,Sanz,52350
52351,237887120,Jeronimo,Blanes,52351
52352,187401858,Cesar,Pina,52352
52353,901108702,Ofelia,Alba,52353
52354,773321603,Simon,Serrano,52354
52355,868797184,Macarena,Salva,52355
52356,684802472,Maria Jose,Alba,52356
52357,123723227,Aitor,Feliu,52357
52358,996182624,Maria Manuela,Royo,52358
52359,627441542,Nidia,Segura,52359
52360,540782688,Trinidad,Fuertes,52360
52361,709167378,Cleto,Sales,52361
52362,717988930,Gabriela,Abella,52362
52363,484329416,Anselma,Iglesia,52363
52364,988226633,Milagros,Rosello,52364
52365,440087278,Pio,Aguilera,52365
52366,147037332,Lina,Sevillano,52366
52367,835768960,Silvia,Reguera,52367
52368,707282962,Bernardino,Viana,52368
52369,983760891,Bernardo,Galan,52369
52370,435962181,Sofia,Esparza,52370
52371,959410964,Maria Manuela,Mas,52371
52372,675300967,Natalio,Escribano,52372
52373,837283826,Lupe,Contreras,52373
52374,767302841,Rosalina,Quero,52374
52375,315816875,Gustavo,Acedo,52375
52376,592382548,Bibiana,Silva,52376
52377,322882572,Gonzalo,Campos,52377
52378,301419706,Aaron,Ferrandez,52378
52379,556392178,Regulo,Galvez,52379
52380,955557753,Haydee,Luna,52380
52381,826938993,Elena,Lago,52381
52382,166963924,Bernardita,Rivera,52382
52383,402799112,Jose Manuel,Exposito,52383
52384,511590192,Loida,Narvaez,52384
52385,830521038,Gilberto,Talavera,52385
52386,891512559,Hector,Barreda,52386
52387,459531818,Ismael,Amo,52387
52388,456872334,Heraclio,Pinilla,52388
52389,102288650,Clementina,Bellido,52389
52390,466694634,Felicia,Correa,52390
52391,979291666,Nilda,Alsina,52391
52392,340554909,Amado,Manrique,52392
52393,338511866,Noe,Rozas,52393
52394,253475354,Prudencio,Armengol,52394
52395,954842709,Joel,Jodar,52395
52396,498353346,Lorenzo,Peinado,52396
52397,815702589,Hilario,Galvez,52397
52398,593537321,Teodosio,Mateos,52398
52399,238397970,Joaquin,Sarmiento,52399
52400,589821246,Leonor,Calderon,52400
52401,594947009,Martin,Portillo,52401
52402,958411181,Paco,Solera,52402
52403,552913538,Marcia,Ordonez,52403
52404,827032367,Isaura,Menendez,52404
52405,574357830,Danilo,Ripoll,52405
52406,360345409,Balduino,Torrecilla,52406
52407,727143609,Quique,Pera,52407
52408,611691033,Lucila,Mateos,52408
52409,121292156,Elba,Larrea,52409
52410,839900813,Nacho,Barcelo,52410
52411,966947767,Aurora,Cuervo,52411
52412,989844808,Ciriaco,Sotelo,52412
52413,611908269,Juan Antonio,Garay,52413
52414,515603288,Marisa,Ibanez,52414
52415,640092544,Manuela,Priego,52415
52416,879638871,Maricruz,Galvez,52416
52417,634277466,Nieves,Tejedor,52417
52418,178173834,Fernanda,Blanca,52418
52419,970016975,Joaquina,Marques,52419
52420,727209630,Roberta,Lledo,52420
52421,248368338,Alba,Ortega,52421
52422,927270477,Odalis,Crespi,52422
52423,124744972,Efrain,Camacho,52423
52424,440256627,Eliseo,Alcantara,52424
52425,237433650,Teodoro,Vendrell,52425
52426,265255099,Pepito,Prat,52426
52427,812420147,Coral,Beltran,52427
52428,103627969,Alicia,Pulido,52428
52429,310048211,Teodoro,Losada,52429
52430,875453190,Nicodemo,Calvet,52430
52431,921549570,Angelino,Llano,52431
52432,716882188,Mayte,Guitart,52432
52433,286468673,Espiridion,Acero,52433
52434,785933035,Victor,Sierra,52434
52435,545521315,Dario,Miralles,52435
52436,701976017,Ramon,Acosta,52436
52437,236017253,Aurea,Sevillano,52437
52438,276800346,Chema,Roldan,52438
52439,273797734,Espiridion,Torres,52439
52440,751584576,Jose Angel,Bellido,52440
52441,652140157,Natalio,Garmendia,52441
52442,761209770,Jose,Barranco,52442
52443,883571073,Magdalena,Moran,52443
52444,386461057,Edu,Torres,52444
52445,513351326,Rene,Franco,52445
52446,965435955,Carla,Gargallo,52446
52447,810005926,Francisco Javier,Blanch,52447
52448,574878643,Catalina,Saura,52448
52449,544336176,Manolo,Soria,52449
52450,576879935,Amaro,Palacios,52450
52451,880741461,Cristina,Estrada,52451
52452,857602215,Maria Pilar,Carrion,52452
52453,242763101,Consuelo,Bonilla,52453
52454,850352598,Ricarda,Roldan,52454
52455,554940896,Herminia,Anglada,52455
52456,297975780,Rafael,Gallart,52456
52457,925831556,Agata,Sevillano,52457
52458,437694120,Maria Manuela,Garcia,52458
52459,375172740,Geronimo,Moles,52459
52460,108916514,Eulalia,Espinosa,52460
52461,476168884,Aurea,Santana,52461
52462,747949558,Rosario,Buendia,52462
52463,756181668,Amador,Quintana,52463
52464,459430143,Edelmira,Murcia,52464
52465,793409328,Ciro,Pizarro,52465
52466,233219064,Pastor,Guardia,52466
52467,327951784,Zacarias,Cervera,52467
52468,787649931,Aitor,Pavon,52468
52469,132832558,Xiomara,Jerez,52469
52470,254435407,Celestina,Esteban,52470
52471,898699122,Nicolas,Baena,52471
52472,982227057,Jonatan,Galvez,52472
52473,870781013,Rodrigo,Terron,52473
52474,219481854,Fabiana,Chaves,52474
52475,973762292,Amado,Anglada,52475
52476,470502009,Sabas,Garcia,52476
52477,556714628,Narcisa,Toro,52477
52478,800025737,Ramiro,Crespo,52478
52479,857239965,Priscila,Posada,52479
52480,684190668,Baldomero,Camino,52480
52481,371402343,Urbano,Lopez,52481
52482,722265270,Marianela,Barco,52482
52483,681199985,Camilo,Casas,52483
52484,602855720,Elisabet,Farre,52484
52485,264852757,Milagros,Martin,52485
52486,842286682,Ambar,Angulo,52486
52487,963713733,Leocadio,Minguez,52487
52488,355566860,Melisa,Manzano,52488
52489,797544535,Paz,Vilaplana,52489
52490,205114119,Julie,Nunez,52490
52491,643248748,Oscar,Pardo,52491
52492,426124021,Bartolome,Fernandez,52492
52493,128598017,Haydee,Fuertes,52493
52494,547844489,Alejandro,Valero,52494
52495,534427941,Yaiza,Pedraza,52495
52496,935652465,Valero,Solana,52496
52497,124797107,Eulalia,Aroca,52497
52498,819222139,Irma,Montenegro,52498
52499,870177433,Curro,Rodrigo,52499
52500,851631711,Aurea,Llopis,52500
52501,499083883,Veronica,Ferrera,52501
52502,432793386,Ruperto,Jordan,52502
52503,136166092,Maura,Pacheco,52503
52504,830709036,Eloy,Almansa,52504
52505,941725869,Eligia,Padilla,52505
52506,923320577,Amado,Landa,52506
52507,127818869,Edgardo,Melero,52507
52508,390606332,Armida,Barbera,52508
52509,488661716,Jose Maria,Salas,52509
52510,535268187,Nazaret,Aparicio,52510
52511,214271378,Celso,Alemany,52511
52512,405791288,German,Rozas,52512
52513,980444602,Jose Antonio,Font,52513
52514,560348786,Macario,Dieguez,52514
52515,930364364,Dionisia,Urena,52515
52516,734556496,Josue,Pardo,52516
52517,381534019,Florentina,Paniagua,52517
52518,723086779,Haydee,Collado,52518
52519,443677956,Eulalia,Jaume,52519
52520,658004222,Jose Manuel,Carnero,52520
52521,810941423,Encarnacion,Mancebo,52521
52522,518883683,Ignacia,Capdevila,52522
52523,655708645,America,Oliver,52523
52524,888151802,Jafet,Bello,52524
52525,125607384,Pedro,Pedrero,52525
52526,777318668,Renato,Belda,52526
52527,174384501,Bartolome,Torrijos,52527
52528,188250425,Domingo,Quevedo,52528
52529,186368042,Rogelio,Bosch,52529
52530,865722152,Santos,Montesinos,52530
52531,764011669,Andrea,Cerda,52531
52532,142469221,Crescencia,Pol,52532
52533,341126719,Wilfredo,Crespo,52533
52534,531463266,Martin,Cuevas,52534
52535,410405081,Ulises,Miranda,52535
52536,680289652,Laura,Morera,52536
52537,340964305,Vasco,Valle,52537
52538,381471803,Ale,Bonet,52538
52539,791928005,Maximino,Querol,52539
52540,398152259,Americo,Ibanez,52540
52541,561975322,Emperatriz,Gallo,52541
52542,240315985,Candida,Olmo,52542
52543,543610898,Primitiva,Aguado,52543
52544,656590450,Elisabet,Pinedo,52544
52545,230118728,Debora,Pallares,52545
52546,172475953,Bernardo,Calderon,52546
52547,411750314,Roldan,Azcona,52547
52548,746381925,Irene,Saavedra,52548
52549,948716452,Adela,Codina,52549
52550,277892782,Antonio,Montesinos,52550
52551,372376204,Nelida,Baeza,52551
52552,654443506,Severino,Artigas,52552
52553,687069075,Rosenda,Otero,52553
52554,544375357,Rebeca,Coca,52554
52555,458785583,Jose Ignacio,Jurado,52555
52556,328927636,Nicolas,Arellano,52556
52557,146801494,Margarita,Serrano,52557
52558,257632917,Emigdio,Garriga,52558
52559,808619230,Porfirio,Arellano,52559
52560,841803551,Paloma,Cortes,52560
52561,600805294,German,Donoso,52561
52562,362546143,Evaristo,Donoso,52562
52563,520510386,Heraclio,Soto,52563
52564,441604861,Amanda,Molins,52564
52565,747310871,Nazaret,Melendez,52565
52566,360249057,Amada,Bustamante,52566
52567,310780297,Maite,Arcos,52567
52568,544276894,Marianela,Vilalta,52568
52569,260279551,Celso,Morillo,52569
52570,620154643,Jeronimo,Llorente,52570
52571,434440666,Moreno,Catalan,52571
52572,411637421,Flavia,Torre,52572
52573,587597025,Gala,Font,52573
52574,348224468,Jose Angel,Azorin,52574
52575,750295343,Ale,Colom,52575
52576,935821316,Adelaida,Alcolea,52576
52577,617987753,Rodolfo,Martin,52577
52578,972014818,Fito,Pont,52578
52579,225532203,Delia,Barcena,52579
52580,736897589,Dolores,Belmonte,52580
52581,447450653,Panfilo,Alemany,52581
52582,689128516,Alejandro,Conesa,52582
52583,847543290,Crescencia,Villena,52583
52584,697201656,Efrain,Prado,52584
52585,301104580,Cristobal,Campo,52585
52586,929160262,Santos,Alvaro,52586
52587,868359873,Chucho,Pombo,52587
52588,819267852,Juanita,Trujillo,52588
52589,590296458,Fortunata,Codina,52589
52590,481774087,Javiera,Ayuso,52590
52591,326595076,Aitor,Pera,52591
52592,697393903,Jose Luis,Cobo,52592
52593,817668913,Sandra,Adadia,52593
52594,608225746,Rita,Ariza,52594
52595,250123670,Consuela,Iborra,52595
52596,797996472,Salome,Arenas,52596
52597,505542918,Fermin,Pablo,52597
52598,244448841,Dalila,Hurtado,52598
52599,374630917,Brunilda,Valero,52599
52600,486657428,Soraya,Puente,52600
52601,449684120,Pia,Lumbreras,52601
52602,700096466,Adelia,Sala,52602
52603,662080100,Amelia,Uriarte,52603
52604,318853448,Nadia,Colom,52604
52605,958653095,Alfredo,Ferrandez,52605
52606,236905164,Mauricio,Gargallo,52606
52607,156759635,Regina,Peral,52607
52608,298100627,Miguel,Mayo,52608
52609,632735880,Sabina,Rebollo,52609
52610,631809073,Nestor,Gabaldon,52610
52611,841350912,Chuy,Casanova,52611
52612,352609359,Berto,Bayo,52612
52613,250855688,Alicia,Puente,52613
52614,319958537,Ruperta,Diaz,52614
52615,399688303,Daniela,Contreras,52615
52616,572188583,Isabel,Tena,52616
52617,800192291,Estefania,Soriano,52617
52618,497217363,Rosalina,Paniagua,52618
52619,801576792,Camilo,Neira,52619
52620,769092303,Joaquina,Lara,52620
52621,919346685,Jeremias,Gonzalez,52621
52622,447432419,Violeta,Exposito,52622
52623,103074733,Silvio,Nebot,52623
52624,175802724,Esperanza,Osuna,52624
52625,516127186,Rico,Miro,52625
52626,570245067,Fabian,Bejarano,52626
52627,846110144,Paca,Monreal,52627
52628,232579396,Ramon,Sedano,52628
52629,554651748,Maribel,Hernandez,52629
52630,847971644,Margarita,Segarra,52630
52631,325221045,Raquel,Atienza,52631
52632,976932496,Osvaldo,Solis,52632
52633,181854957,Rufino,Paniagua,52633
52634,138778349,Etelvina,Tovar,52634
52635,456311886,Candela,Carrasco,52635
52636,463575540,Raquel,Montero,52636
52637,590542984,Tatiana,Lastra,52637
52638,773058672,Emigdio,Gomis,52638
52639,258835887,Graciana,Estevez,52639
52640,924075502,Francisco Javier,Manrique,52640
52641,603712379,Gabriela,Leiva,52641
52642,185475465,Marcelo,Bustamante,52642
52643,601078807,Ileana,Gil,52643
52644,851791547,Cornelio,Moya,52644
52645,682967470,Juan Luis,Vina,52645
52646,191262984,Mauricio,Villanueva,52646
52647,819166524,Anacleto,Garzon,52647
52648,531665950,Tomas,Sarmiento,52648
52649,376016385,Macarena,Grau,52649
52650,758082750,Jenaro,Aguado,52650
52651,880594256,Marita,Falcon,52651
52652,179425858,Vasco,Barral,52652
52653,470193643,Eleuterio,Salvador,52653
52654,359992702,Alondra,Real,52654
52655,442372922,Florentino,Hurtado,52655
52656,957250580,Hector,Morera,52656
52657,240074274,Fortunato,Caro,52657
52658,607297969,Isaac,Amo,52658
52659,684266051,Mario,Escalona,52659
52660,612600040,Emigdio,Domenech,52660
52661,294926094,Domitila,Rincon,52661
52662,130849758,Horacio,Bautista,52662
52663,898457213,Ale,Llabres,52663
52664,705267329,Nando,Fabregas,52664
52665,483052415,Nicodemo,Arino,52665
52666,436091058,Elpidio,Jodar,52666
52667,339441207,Andrea,Miralles,52667
52668,797256902,Adela,Guillen,52668
52669,370858260,Teofilo,Castaneda,52669
52670,650630046,Concepcion,Valencia,52670
52671,134322740,Aitana,Guillen,52671
52672,613696134,Melchor,Caceres,52672
52673,461514634,Fortunata,Verdu,52673
52674,924538181,Saturnino,Sevilla,52674
52675,730278449,Anselma,Flor,52675
52676,547865913,Fabiana,Zaragoza,52676
52677,272234186,Lidia,Tome,52677
52678,264898522,Sabina,Arnaiz,52678
52679,915723441,Segismundo,Moles,52679
52680,290253355,Marisol,Amor,52680
52681,988558528,Damian,Pinedo,52681
52682,401955982,Geronimo,Salcedo,52682
52683,229952269,Venceslas,Linares,52683
52684,289785048,Maxi,Galiano,52684
52685,804600182,Rogelio,Arnaiz,52685
52686,566940720,Abilio,Porta,52686
52687,744670079,Ale,Baquero,52687
52688,626457380,Merche,Reig,52688
52689,406779346,Ulises,Ferrer,52689
52690,994380965,Olivia,Armengol,52690
52691,249667020,Bautista,Priego,52691
52692,860018131,Aranzazu,Neira,52692
52693,275806043,Jose Manuel,Contreras,52693
52694,906014919,Alex,Sales,52694
52695,432780116,Juliana,Arcos,52695
52696,337223064,Evelia,Viana,52696
52697,293299253,Esteban,Montana,52697
52698,751235172,Ricarda,Gimenez,52698
52699,233028652,Tatiana,Echevarria,52699
52700,247933766,Lola,Almansa,52700
52701,825768308,Rene,Chaves,52701
52702,840900004,Gregorio,Marti,52702
52703,420817777,Placido,Plaza,52703
52704,331829256,Soledad,Vilaplana,52704
52705,427989778,Candida,Palacio,52705
52706,544071303,Dulce,Gallardo,52706
52707,406509181,Adalberto,Montserrat,52707
52708,784531559,Carmelita,Alcalde,52708
52709,257680705,Ruth,Pablo,52709
52710,214154414,Clotilde,Arrieta,52710
52711,146192995,Andres Felipe,Menendez,52711
52712,879983286,Alfonso,Alsina,52712
52713,450999518,Almudena,Tejero,52713
52714,175597962,Concha,Arcos,52714
52715,705267010,Celia,Rincon,52715
52716,899449011,Adelardo,Tena,52716
52717,346011178,Andrea,Iglesias,52717
52718,237466686,Jaime,Perez,52718
52719,241492117,Florentina,Acevedo,52719
52720,190771707,Sebastian,Mendizabal,52720
52721,170893278,Delfina,Acuna,52721
52722,462884434,Aroa,Boada,52722
52723,532713719,Teodosio,Valera,52723
52724,157107821,Diana,Adadia,52724
52725,260822728,Rosendo,Macias,52725
52726,155207524,Cirino,Casado,52726
52727,935485163,Araceli,Sandoval,52727
52728,543248833,Miriam,Feliu,52728
52729,835520008,Jose,Arevalo,52729
52730,902816350,Beatriz,Ramirez,52730
52731,138708231,Eugenio,Aragon,52731
52732,900379861,Teofila,Andres,52732
52733,112501706,Vilma,Figuerola,52733
52734,899728892,Vicente,Canales,52734
52735,421210995,Eli,Martinez,52735
52736,764325319,Carmelita,Flores,52736
52737,712816934,Aitana,Carpio,52737
52738,283256065,Febe,Villalba,52738
52739,383291042,Candido,Pereira,52739
52740,575490686,Julia,Dieguez,52740
52741,273238920,Dalila,Montesinos,52741
52742,318546751,Graciela,Bartolome,52742
52743,672117582,Custodio,Sanmiguel,52743
52744,866825125,Maxi,Salmeron,52744
52745,310085599,Abril,Tudela,52745
52746,776563508,Brigida,Pujol,52746
52747,218485159,Miguel,Borrell,52747
52748,805275477,Anselma,Villalobos,52748
52749,441764451,Cristian,Portillo,52749
52750,488420214,Chus,Sanchez,52750
52751,392440533,Bernardita,Maestre,52751
52752,254365258,Beatriz,Alberola,52752
52753,389593902,Candido,Enriquez,52753
52754,391804191,Jenaro,Arjona,52754
52755,564149181,Carlota,Peral,52755
52756,789250809,Florencio,Cuervo,52756
52757,232439147,Salud,Gordillo,52757
52758,624371224,Geronimo,Vidal,52758
52759,348874345,Fortunata,Espanol,52759
52760,409047968,Rufino,Duarte,52760
52761,139138888,Charo,Robledo,52761
52762,676593283,Noe,Martinez,52762
52763,836166822,Aura,Garay,52763
52764,949907970,Geronimo,Urrutia,52764
52765,727670329,Mateo,Bou,52765
52766,324048399,Rosalinda,Pascual,52766
52767,477855466,Marta,Lobo,52767
52768,521367915,Manu,Corbacho,52768
52769,818258320,Isidro,Azorin,52769
52770,625460197,Martin,Rosa,52770
52771,880863704,Salomon,Aviles,52771
52772,806386299,Ezequiel,Quintana,52772
52773,867692260,Maria Jose,Coello,52773
52774,298511825,Bernardita,Bernad,52774
52775,633067539,Epifanio,Perea,52775
52776,273271224,Gema,Maestre,52776
52777,296039539,Roldan,Torrens,52777
52778,753156510,Elena,Mariscal,52778
52779,217681361,Gema,Zabala,52779
52780,505651331,Dolores,Vaquero,52780
52781,979029121,Tecla,Alemany,52781
52782,300117084,Alfredo,Serra,52782
52783,535381677,Noe,Prat,52783
52784,350730237,Judith,Fonseca,52784
52785,503265088,Lazaro,Palmer,52785
52786,496885122,Felicidad,Jimenez,52786
52787,938641311,Fernanda,Saavedra,52787
52788,252220992,Angel,Pedro,52788
52789,794497712,Candido,Romeu,52789
52790,517565508,Vilma,Amat,52790
52791,638997872,Lucio,Lopez,52791
52792,459034617,Nadia,Zamora,52792
52793,896574037,Hernando,Criado,52793
52794,579643781,Ruperto,Orozco,52794
52795,589688447,Erasmo,Vinas,52795
52796,360174478,Imelda,Andres,52796
52797,997105679,Silvestre,Ayllon,52797
52798,821857430,Felicidad,Lillo,52798
52799,664445153,Casandra,Gonzalez,52799
52800,641978288,Agustin,Raya,52800
52801,137111141,Maria Del Carmen,Gascon,52801
52802,521152402,Purificacion,Garcia,52802
52803,946826227,Andrea,Chacon,52803
52804,982994767,Carina,Guijarro,52804
52805,951030475,Marciano,Santos,52805
52806,273865258,Reyna,Mas,52806
52807,256568924,Maria Carmen,Arce,52807
52808,284241235,Ximena,Garay,52808
52809,596064111,Jose Angel,Infante,52809
52810,347903030,Maria,Iborra,52810
52811,866977488,Selena,Franco,52811
52812,839537762,Asdrubal,Jaume,52812
52813,848158856,Ligia,Pino,52813
52814,198983638,Odalys,Sacristan,52814
52815,965312450,Elpidio,Guerrero,52815
52816,111283867,Amor,Muniz,52816
52817,396487646,Basilio,Escriva,52817
52818,400469420,Fabio,Angulo,52818
52819,678686065,Cristobal,Andres,52819
52820,612035634,Sarita,Lumbreras,52820
52821,555546697,Bautista,Asensio,52821
52822,193301908,Pacifica,Mateo,52822
52823,197286965,Ligia,Armas,52823
52824,245847094,Pastora,Uria,52824
52825,521818787,Rodolfo,Teruel,52825
52826,172717211,Segismundo,Manuel,52826
52827,271382396,Francisco Jose,Blanca,52827
52828,855008007,Victor,Fuentes,52828
52829,562648191,Luisa,Barriga,52829
52830,228615476,Salud,Alegria,52830
52831,704530785,Susana,Osorio,52831
52832,425811331,Ruy,Llopis,52832
52833,745410410,Miriam,Coello,52833
52834,908726879,Nicolas,Coloma,52834
52835,769542274,Placido,Corominas,52835
52836,768216521,Azahar,Alcazar,52836
52837,176822253,Clara,Barragan,52837
52838,226493060,Tito,Atienza,52838
52839,869686078,Angelita,Blanca,52839
52840,310081435,Saturnina,Aragones,52840
52841,113881707,Natanael,Montalban,52841
52842,694448419,Agapito,Palomo,52842
52843,259734496,Curro,Acuna,52843
52844,170595864,Eugenio,Bueno,52844
52845,591022504,Apolinar,Macias,52845
52846,933892733,Encarnacion,Company,52846
52847,353830174,Nestor,Rojas,52847
52848,794810298,Edgar,Duran,52848
52849,584657597,Abril,Garces,52849
52850,670696630,Geraldo,Daza,52850
52851,337278192,Tomasa,Leon,52851
52852,961494434,Abigail,Castro,52852
52853,787632786,Mamen,Vaquero,52853
52854,404613246,Bienvenida,Fuertes,52854
52855,608071399,Charo,Mayoral,52855
52856,805493361,Hermenegildo,Palacio,52856
52857,237943331,Lazaro,Figueroa,52857
52858,766112167,Marino,Cazorla,52858
52859,159002421,Marina,Ruiz,52859
52860,436260584,Leon,Mesa,52860
52861,283469394,Lucila,Terron,52861
52862,940693468,Duilio,Escolano,52862
52863,697220266,Marc,Aliaga,52863
52864,332459616,Barbara,Lorenzo,52864
52865,296746946,Serafina,Jerez,52865
52866,839973233,Haydee,Cepeda,52866
52867,393976025,Elba,Sabater,52867
52868,640433897,Olivia,Iriarte,52868
52869,596350166,Maximiano,Carrion,52869
52870,561568383,Belen,Narvaez,52870
52871,493796847,Remedios,Uriarte,52871
52872,481196772,Bruno,Calvo,52872
52873,633598574,Jose Ramon,Alcolea,52873
52874,958317543,Camila,Beltran,52874
52875,610788336,Rene,Rosell,52875
52876,188576832,Guiomar,Ramis,52876
52877,128655271,Leticia,Montalban,52877
52878,886642088,Victor Manuel,Arcos,52878
52879,693322376,Valentina,Cozar,52879
52880,342370593,Tristan,Amoros,52880
52881,183400620,Haroldo,Gallardo,52881
52882,704635049,Inmaculada,Vilar,52882
52883,663043431,Cintia,Sureda,52883
52884,680996873,Hernan,Figuerola,52884
52885,917340114,Loreto,Abascal,52885
52886,428516674,Carmelo,Herrera,52886
52887,592470162,Nicodemo,Maestre,52887
52888,713487275,Marcela,Salmeron,52888
52889,385767925,Luz,Beltran,52889
52890,377031550,Albert,Arevalo,52890
52891,926100606,Loreto,Arnal,52891
52892,476063804,Ramona,Fiol,52892
52893,212949663,Ligia,Solis,52893
52894,565822687,Pepito,Amo,52894
52895,301426543,Encarnacion,Andrade,52895
52896,983655844,Melchor,Gomis,52896
52897,127485592,Etelvina,Carro,52897
52898,840216445,Toni,Pelayo,52898
52899,829952781,Maria Fernanda,Gracia,52899
52900,907988689,Manola,Barreda,52900
52901,599626766,Bernardino,Pelayo,52901
52902,385619415,Duilio,Pedro,52902
52903,967854048,Jacinta,Cardenas,52903
52904,311174940,Zacarias,Amat,52904
52905,669420784,Custodia,Miralles,52905
52906,771758669,Martina,Gutierrez,52906
52907,407613428,Conrado,Clemente,52907
52908,275837069,Alex,Jaen,52908
52909,660751128,Aroa,Prat,52909
52910,961886190,Maximiano,Roman,52910
52911,618693213,Angelita,Almansa,52911
52912,938960105,Juan Luis,Boada,52912
52913,162268838,Joan,Farre,52913
52914,573613396,Vinicio,Gamez,52914
52915,943908329,Eliana,Almagro,52915
52916,197432302,Adelaida,Hernando,52916
52917,306091382,Toribio,Calvo,52917
52918,636834083,Domingo,Moraleda,52918
52919,257334541,Adora,Ocana,52919
52920,476148771,Hilda,Ribas,52920
52921,904681350,Adolfo,Barranco,52921
52922,122325337,Luna,Hidalgo,52922
52923,894573910,Olegario,Castillo,52923
52924,296351261,Humberto,Reig,52924
52925,170819221,Bonifacio,Botella,52925
52926,307835172,Gabino,Saldana,52926
52927,650376665,Sol,Ballesteros,52927
52928,614055996,Azucena,Reguera,52928
52929,570333447,Mirta,Barbero,52929
52930,841057754,Isidora,Carreras,52930
52931,935441126,Chus,Salva,52931
52932,881864663,Salud,Lujan,52932
52933,407884671,Dionisia,Bernal,52933
52934,779748056,Filomena,Marin,52934
52935,433899564,Julia,Pareja,52935
52936,164493468,Begona,Fajardo,52936
52937,481020224,Ariel,Nino,52937
52938,921556594,Teofilo,Torrent,52938
52939,207541731,Maxi,Briones,52939
52940,901507644,Dominga,Hervia,52940
52941,952806269,Jose Manuel,Mas,52941
52942,868926913,Yessica,Ferran,52942
52943,628916550,Tiburcio,Barbero,52943
52944,609423033,Blanca,Pinto,52944
52945,500373310,Ceferino,Aranda,52945
52946,122347160,Basilio,Mora,52946
52947,347513789,Valero,Briones,52947
52948,812736517,Jacobo,Palacios,52948
52949,443240189,Josefa,Manjon,52949
52950,530064436,Veronica,Barreda,52950
52951,140386454,Cesar,Alfonso,52951
52952,583417424,Zacarias,Hervia,52952
52953,422752147,Teofilo,Rovira,52953
52954,849880464,Chita,Murillo,52954
52955,528296169,Florentino,Albero,52955
52956,790531739,Noemi,Camps,52956
52957,873380472,Noa,Camacho,52957
52958,964512210,Ramona,Cervera,52958
52959,154152290,Soledad,Barros,52959
52960,558868035,Cipriano,Peinado,52960
52961,266274784,Dorita,Pi,52961
52962,797961897,Eufemia,Rodriguez,52962
52963,434002939,Ambrosio,Izquierdo,52963
52964,242945603,Alondra,Giron,52964
52965,840691900,Cipriano,Carro,52965
52966,976273258,Ambrosio,Torralba,52966
52967,438543269,Victor,Velazquez,52967
52968,299734784,Juanito,Guardia,52968
52969,769349282,Anibal,Canellas,52969
52970,842480272,Albano,Gascon,52970
52971,629953812,Pascuala,Mulet,52971
52972,686052195,Duilio,Marquez,52972
52973,484924270,Lope,Barranco,52973
52974,614582402,Adan,Bayo,52974
52975,436782136,Encarnita,Canals,52975
52976,929760971,Jose,Rubio,52976
52977,473773076,Azucena,Duenas,52977
52978,901088747,Reina,Pedrosa,52978
52979,555885285,Victor,Mesa,52979
52980,351118102,Maria,Cuervo,52980
52981,193821846,Pili,Baeza,52981
52982,877551347,Gustavo,Canton,52982
52983,393366785,Ezequiel,Pinedo,52983
52984,354619886,Fidel,Vara,52984
52985,939890832,Cesar,Nogues,52985
52986,148390561,Natalio,Valls,52986
52987,560906843,Agustina,Baeza,52987
52988,706687775,Nidia,Amoros,52988
52989,831835116,Maximino,Casals,52989
52990,247996391,Sebastian,Madrigal,52990
52991,719130514,Calixta,Rius,52991
52992,484268640,Nicanor,Clavero,52992
52993,138577690,Calisto,Patino,52993
52994,214188216,Jaime,Santana,52994
52995,597957901,Claudio,Alvarez,52995
52996,712013779,Roman,Jerez,52996
52997,378086819,Haroldo,Rosa,52997
52998,470654748,Anastasio,Garay,52998
52999,855364560,Eliseo,Pareja,52999
53000,222925725,Obdulia,Fabregas,53000
53001,907160799,Jose Angel,Iglesia,53001
53002,701898710,Eva Maria,Cepeda,53002
53003,884162702,Cebrian,Canales,53003
53004,753087963,Narciso,Cordoba,53004
53005,862032914,Mariano,Torre,53005
53006,896755067,Leonel,Puente,53006
53007,904435202,Florencia,Montana,53007
53008,288015475,Hipolito,Vilalta,53008
53009,708563796,Amado,Peiro,53009
53010,544422094,Lilia,Martorell,53010
53011,231379485,Josefina,Cueto,53011
53012,478656856,Cecilia,Sole,53012
53013,207288355,Laura,Carrillo,53013
53014,996631462,Gabriel,Cuervo,53014
53015,621170555,Graciana,Larranaga,53015
53016,466585724,Amando,Iglesia,53016
53017,500442780,Carmen,Corominas,53017
53018,785650443,Bonifacio,Redondo,53018
53019,905907016,Noa,Hernandez,53019
53020,936600965,Atilio,Miralles,53020
53021,458152811,Olegario,Clemente,53021
53022,205897143,Jesusa,Calderon,53022
53023,368432955,Damian,Rosa,53023
53024,842026953,Bonifacio,Nevado,53024
53025,606096513,Felipe,Oller,53025
53026,623266015,Carolina,Cuevas,53026
53027,892478731,Ernesto,Cortes,53027
53028,325298300,Lucho,Linares,53028
53029,988156584,Cirino,Cazorla,53029
53030,468397303,Nacio,Tejero,53030
53031,296111203,Victor,Segui,53031
53032,703447580,Bernarda,Bustos,53032
53033,986377091,Maximo,Cornejo,53033
53034,950163442,Rosa Maria,Guzman,53034
53035,364860986,Alberto,Casal,53035
53036,389874493,Silvio,Bueno,53036
53037,626083981,Dionisia,Galvez,53037
53038,622412049,Laura,Lopez,53038
53039,613945102,Dulce,Cabrera,53039
53040,688731538,Paz,Garcia,53040
53041,400052815,Irene,Sotelo,53041
53042,968626528,Eva Maria,Llorente,53042
53043,392774165,Felipa,Font,53043
53044,541463313,Albano,Novoa,53044
53045,988499688,Graciana,Pujol,53045
53046,875787575,Amilcar,Galvan,53046
53047,364961806,Saturnina,Leal,53047
53048,940118410,Jose,Castilla,53048
53049,594849116,Consuelo,Gabaldon,53049
53050,589684255,Gil,Banos,53050
53051,763917589,Tomasa,Blanch,53051
53052,695378245,Elisa,Donaire,53052
53053,744346676,Virginia,Heredia,53053
53054,766642518,Narciso,Sandoval,53054
53055,772942042,Lorenzo,Lozano,53055
53056,240824838,Paz,Marti,53056
53057,341628276,Ruperto,Chaves,53057
53058,658393586,Emiliano,Huguet,53058
53059,561404406,Consuela,Ibarra,53059
53060,931579468,Benigno,Manzano,53060
53061,616556915,Jose,Goicoechea,53061
53062,719790532,Chus,Manzanares,53062
53063,895494313,Manuel,Julian,53063
53064,592414063,Lilia,Parra,53064
53065,887005222,Dionisia,Ballesteros,53065
53066,168231218,Apolinar,Costa,53066
53067,267792627,Dafne,Hidalgo,53067
53068,437932423,Rocio,Carbo,53068
53069,804368365,Emiliana,Vazquez,53069
53070,602943991,Almudena,Coello,53070
53071,283613595,Quirino,Carrasco,53071
53072,932981471,Jose Francisco,Piquer,53072
53073,240223290,Edgar,Acedo,53073
53074,341010065,Cipriano,Fuente,53074
53075,923086572,Olalla,Pallares,53075
53076,332495822,Marcelino,Alarcon,53076
53077,559820338,Sandalio,Bello,53077
53078,151173261,Jacobo,Rueda,53078
53079,629087574,Marcelino,Buendia,53079
53080,858479903,Juan,Ledesma,53080
53081,630738775,Fabricio,Collado,53081
53082,548899138,Fidela,Rey,53082
53083,537671070,Aurea,Donoso,53083
53084,762243081,Bernardino,Reyes,53084
53085,120540509,Rosa,Quiros,53085
53086,114183718,Dionisio,Reig,53086
53087,141931929,Eligia,Atienza,53087
53088,915464123,Epifanio,Cardenas,53088
53089,979547500,Diana,Cobos,53089
53090,463184584,Modesta,Salas,53090
53091,715527856,Marta,Acedo,53091
53092,767212425,Maria Belen,Morera,53092
53093,317079423,Carlos,Tamayo,53093
53094,538777080,Alba,Asensio,53094
53095,973147857,Apolinar,Arranz,53095
53096,630768664,Evaristo,Catala,53096
53097,808297498,Raul,Larrea,53097
53098,569567774,Martina,Rivera,53098
53099,735668989,Mar,Saavedra,53099
53100,204813048,Ines,Anton,53100
53101,522298861,Edmundo,Vargas,53101
53102,409065876,Jenny,Sanmartin,53102
53103,568799069,Luz,Mancebo,53103
53104,507829597,Agustina,Campillo,53104
53105,780435454,Camilo,Gaya,53105
53106,812617730,Jose Mari,Bayona,53106
53107,266584651,Leire,Marquez,53107
53108,370409160,Adelina,Pascual,53108
53109,525212457,Tadeo,Ortuno,53109
53110,653093922,Teodora,Talavera,53110
53111,421347905,Eric,Catala,53111
53112,395644958,Manolo,Castello,53112
53113,243165244,Jeremias,Duran,53113
53114,439326872,Aroa,Camacho,53114
53115,767918441,Luis Angel,Royo,53115
53116,767517015,Pascual,Iglesia,53116
53117,457726082,Chus,Benito,53117
53118,997879449,Guillermo,Lopez,53118
53119,553319164,Rene,Aragones,53119
53120,968929387,Rufina,Varela,53120
53121,779598933,Monica,Aguado,53121
53122,940069707,Alejandro,Alba,53122
53123,106518383,Encarnacion,Chico,53123
53124,767822582,Amelia,Carrion,53124
53125,322313611,Estela,Alegria,53125
53126,651783012,Armando,Andreu,53126
53127,307460051,Andres Felipe,Arnaiz,53127
53128,281819424,Esteban,Maza,53128
53129,260672734,Emigdio,Comas,53129
53130,772464246,Ezequiel,Priego,53130
53131,299495966,Tito,Nebot,53131
53132,839418272,Gabriela,Almeida,53132
53133,216083823,Nilda,Gil,53133
53134,296863953,Anacleto,Blanes,53134
53135,432194354,Regulo,Benavent,53135
53136,810732073,Agata,Canizares,53136
53137,173906809,Sonia,Ojeda,53137
53138,566469362,Nidia,Amat,53138
53139,635398244,Miguel,Ferrandiz,53139
53140,222372615,Adelaida,Daza,53140
53141,413160182,Ileana,Llamas,53141
53142,297912820,Prudencia,Carbo,53142
53143,594447031,Omar,Campo,53143
53144,161139405,Miguel Angel,Castejon,53144
53145,409717612,Jose Luis,Menendez,53145
53146,621235158,Jeremias,Porcel,53146
53147,676723199,Jesus,Agudo,53147
53148,939453881,Conrado,Valverde,53148
53149,896025641,Romulo,Pombo,53149
53150,895412724,Raimundo,Batlle,53150
53151,373445069,Bartolome,Piquer,53151
53152,960014249,Julie,Gallego,53152
53153,720544472,Miguela,Olive,53153
53154,889583402,Felipa,Lopez,53154
53155,421432232,Ambrosio,Ricart,53155
53156,835606245,Aranzazu,Gimenez,53156
53157,875916565,Timoteo,Burgos,53157
53158,928935915,Adrian,Bilbao,53158
53159,803288874,Jordan,Llorente,53159
53160,602406127,Esteban,Peiro,53160
53161,233443059,Silvio,Tovar,53161
53162,728552773,Camilo,Llano,53162
53163,387872141,Trini,Porta,53163
53164,407113153,Jordi,Ferrero,53164
53165,569665797,Faustino,Izaguirre,53165
53166,372893741,Olimpia,Vazquez,53166
53167,994517788,Herberto,Millan,53167
53168,389211245,Merche,Hurtado,53168
53169,267213450,Balduino,Rosell,53169
53170,771697388,Patricia,Otero,53170
53171,693698685,Ricardo,Sabater,53171
53172,511561825,Reina,Higueras,53172
53173,706690360,Ruperta,Mas,53173
53174,549424005,Ale,Romero,53174
53175,212187977,Caridad,Cuenca,53175
53176,252271834,Mateo,Gallego,53176
53177,139852510,Leon,Barba,53177
53178,999936643,Vicenta,Royo,53178
53179,539740573,Pepita,Leon,53179
53180,920884175,Benito,Blazquez,53180
53181,985519185,Manu,Criado,53181
53182,309918607,Balduino,Galvez,53182
53183,566724261,Hernando,Ferrandez,53183
53184,400528424,Sandalio,Cortes,53184
53185,822464305,Abilio,Angulo,53185
53186,124505091,Pia,Izquierdo,53186
53187,884645524,Anselmo,Sacristan,53187
53188,467470857,Dora,Catala,53188
53189,707004582,Moreno,Calderon,53189
53190,289676467,Otilia,Novoa,53190
53191,867760791,Maria Dolores,Tejera,53191
53192,461784682,Claudia,Barros,53192
53193,215674357,Adalberto,Garate,53193
53194,848262607,Pastora,Maestre,53194
53195,604352466,Ruperta,Guillen,53195
53196,322305203,Primitiva,Lumbreras,53196
53197,687725533,Ernesto,Rosado,53197
53198,434616443,Zacarias,Isern,53198
53199,552153981,Sandra,Nino,53199
53200,507790435,Bibiana,Arce,53200
53201,652430390,Juan Pablo,Perera,53201
53202,748868178,Cruz,Yuste,53202
53203,192803710,Ivan,Novoa,53203
53204,578384016,Ruperto,Diez,53204
53205,910396777,Amador,Armas,53205
53206,485553891,Fulgencio,Abascal,53206
53207,679552639,Marcial,Duran,53207
53208,369708283,Emilia,Gomis,53208
53209,978609765,Beatriz,Manso,53209
53210,638951978,Gustavo,Nunez,53210
53211,735232182,Jordi,Segarra,53211
53212,694099347,Valeria,Diego,53212
53213,538276977,Consuela,Pareja,53213
53214,331073762,Paz,Buendia,53214
53215,783750671,Mariano,Pereira,53215
53216,657611346,Rico,Soria,53216
53217,587916543,Marisa,Laguna,53217
53218,286392332,Maximiano,Sureda,53218
53219,843201177,Saturnina,Rosales,53219
53220,783003035,Leocadio,Luque,53220
53221,420983627,Maximiliano,Lobato,53221
53222,310955803,Amelia,Canovas,53222
53223,838852496,Vanesa,Pombo,53223
53224,310689933,Tadeo,Chico,53224
53225,908253498,Eustaquio,Pedrero,53225
53226,995671995,Javier,Mascaro,53226
53227,279525958,Fidela,Torres,53227
53228,508759877,Reinaldo,Abad,53228
53229,906761757,Maribel,Coll,53229
53230,144074819,Jose Luis,Mosquera,53230
53231,289560747,Marina,Barriga,53231
53232,854332359,Teobaldo,Catalan,53232
53233,443801267,Calixta,Navas,53233
53234,656236063,Coral,Calatayud,53234
53235,164126269,Godofredo,Barragan,53235
53236,437802203,Maximiliano,Carranza,53236
53237,811730522,Abilio,Calderon,53237
53238,489062647,Filomena,Larrea,53238
53239,266443641,Ciro,Casanova,53239
53240,758327782,Elisa,Cuevas,53240
53241,850113011,Guadalupe,Carreno,53241
53242,612574794,Julio,Lucena,53242
53243,394713186,Marianela,Baquero,53243
53244,500810889,Bernardita,Berenguer,53244
53245,669920557,Adoracion,Saavedra,53245
53246,380048211,Anabel,Espada,53246
53247,917511961,Francisco Javier,Suarez,53247
53248,484695203,Donato,Espada,53248
53249,101573242,Ricardo,Arregui,53249
53250,507165386,Isa,Macias,53250
53251,977171736,Julieta,Garzon,53251
53252,372127575,Calisto,Garriga,53252
53253,189343969,Paula,Boada,53253
53254,345056377,Delia,Parra,53254
53255,306862422,Leoncio,Cortes,53255
53256,269235977,Ester,Alcalde,53256
53257,486399189,Miriam,Montesinos,53257
53258,333281279,Judith,Pombo,53258
53259,386368703,Rene,Pera,53259
53260,189113887,Delia,Pujol,53260
53261,937766185,Isaura,Miralles,53261
53262,158945485,Fermin,Ortega,53262
53263,170598203,Ruben,Arellano,53263
53264,859727704,Augusto,Gomez,53264
53265,708389643,Teodoro,Mosquera,53265
53266,955826822,Mateo,Sacristan,53266
53267,625219045,Azucena,Moran,53267
53268,257285193,Raul,Armas,53268
53269,535572624,Rosalva,Tormo,53269
53270,116798235,Leandra,Mendez,53270
53271,152448725,Yesica,Boada,53271
53272,717684081,Mamen,Castillo,53272
53273,769280944,Sosimo,Quiroga,53273
53274,788393293,Victor Manuel,Bolanos,53274
53275,879395558,Emigdio,Diez,53275
53276,537382332,Ciriaco,Agusti,53276
53277,840033252,Claudio,Esteban,53277
53278,578581383,Dimas,Agudo,53278
53279,320845327,Consuelo,Solano,53279
53280,300783332,Remedios,Osorio,53280
53281,960563815,Loreto,Carnero,53281
53282,447741404,Angelina,Raya,53282
53283,190287221,Ezequiel,Santos,53283
53284,309311866,Gaston,Serna,53284
53285,571617432,Chema,Barcena,53285
53286,999715015,Santiago,Jimenez,53286
53287,725870148,Jesus,Gallardo,53287
53288,744344670,Iris,Giron,53288
53289,718864212,Natividad,Terron,53289
53290,518340138,Manu,Guzman,53290
53291,893395642,Ale,Barbero,53291
53292,281861258,Jenaro,Palacios,53292
53293,515780785,Jose Angel,Paredes,53293
53294,729231837,Josep,Rosell,53294
53295,682509156,Abel,Roura,53295
53296,868925714,Tito,Linares,53296
53297,481339396,Baltasar,Echevarria,53297
53298,727210786,Marcos,Benitez,53298
53299,322271957,Ana Sofia,Ocana,53299
53300,547222464,Azahar,Garay,53300
53301,743049269,Flavio,Asensio,53301
53302,499535520,Natalia,Duque,53302
53303,984453854,Inmaculada,Arrieta,53303
53304,289991724,Hilario,Vargas,53304
53305,537015675,Lucia,Elias,53305
53306,589865502,Valentin,Cortes,53306
53307,590407919,Victor Manuel,Moya,53307
53308,417411255,Inocencio,Solana,53308
53309,233447083,Amor,Cerda,53309
53310,583862664,Esther,Bernad,53310
53311,493539442,Duilio,Carmona,53311
53312,560461258,Agustina,Valbuena,53312
53313,455342386,Nydia,Perello,53313
53314,732404869,Carlota,Alba,53314
53315,628177873,Flavio,Prat,53315
53316,263806311,Rosalina,Ibanez,53316
53317,984800573,Ismael,Pintor,53317
53318,916661486,Eusebio,Solsona,53318
53319,517969481,Florencia,Ortuno,53319
53320,699933059,Victor,Tello,53320
53321,610433946,Ruth,Dalmau,53321
53322,343814369,Eugenia,Arenas,53322
53323,360398073,Primitivo,Gallart,53323
53324,176996593,Pascuala,Hervas,53324
53325,870457252,Amado,Valverde,53325
53326,354209718,Rafa,Molins,53326
53327,842303568,Trinidad,Zorrilla,53327
53328,343902774,Geraldo,Carro,53328
53329,221774572,Anabel,Gimenez,53329
53330,695102049,Constanza,Gimenez,53330
53331,429489543,Luis Miguel,Dalmau,53331
53332,553374279,Donato,Rovira,53332
53333,129601611,Tadeo,Patino,53333
53334,865451709,Reyes,Guardia,53334
53335,989157766,Rosalinda,Cuesta,53335
53336,923584539,Ricarda,Baron,53336
53337,538404878,Benito,Mesa,53337
53338,954369904,Clara,Castro,53338
53339,794776352,Josep,Villena,53339
53340,212814942,Gonzalo,Pellicer,53340
53341,354441854,Armida,Pardo,53341
53342,826772378,Cirino,Aguilo,53342
53343,527946845,Fausto,Carnero,53343
53344,931165993,Ernesto,Echevarria,53344
53345,300418781,Angelica,Villa,53345
53346,714437758,Trinidad,Pou,53346
53347,978470356,Emilia,Barba,53347
53348,881726301,Gervasio,Puerta,53348
53349,468730607,Maria Luisa,Paniagua,53349
53350,508594304,Evangelina,Araujo,53350
53351,550458669,Amor,Fabregas,53351
53352,283416002,Tomasa,Barroso,53352
53353,292620609,Cruz,Pascual,53353
53354,113757141,Cosme,Tenorio,53354
53355,927060873,Teo,Trujillo,53355
53356,984012302,Elena,Escribano,53356
53357,835802844,Alba,Barcena,53357
53358,764711438,Leticia,Tejada,53358
53359,367242145,Fidela,Armengol,53359
53360,985946966,Regina,Penalver,53360
53361,416101994,Viviana,Burgos,53361
53362,907765567,Cornelio,Posada,53362
53363,907807033,Pancho,Infante,53363
53364,791668816,Xavier,Osorio,53364
53365,661774877,Raquel,Moll,53365
53366,587698812,Adelia,Villalba,53366
53367,818371755,Rosenda,Saez,53367
53368,253745471,Maite,Martin,53368
53369,625895203,Samanta,Duarte,53369
53370,468395221,Marianela,Borras,53370
53371,187859397,Inmaculada,Hervia,53371
53372,265782463,Jesus,Rocha,53372
53373,292947703,Americo,Cerro,53373
53374,756213583,Milagros,Sedano,53374
53375,525317365,Juan Antonio,Calderon,53375
53376,997862204,Ulises,Aragones,53376
53377,958137984,Genoveva,Casado,53377
53378,407332187,Leandra,Vina,53378
53379,988481349,Bruno,Diez,53379
53380,303707073,Hernan,Serra,53380
53381,826859366,Fidel,Espinosa,53381
53382,776761273,Roberta,Esparza,53382
53383,952898958,Silvio,Taboada,53383
53384,595606825,Benigna,Carpio,53384
53385,987547842,Hortensia,Andres,53385
53386,460902135,Atilio,Marti,53386
53387,292497780,Julie,Arnau,53387
53388,592090133,Petrona,Peral,53388
53389,590271442,Soledad,Agusti,53389
53390,501671544,Edmundo,Alcala,53390
53391,986871318,Venceslas,Cabrero,53391
53392,139827056,Candelaria,Benavent,53392
53393,383243425,Tono,Cano,53393
53394,277614284,Bernarda,Pujadas,53394
53395,584473038,Dorita,Soria,53395
53396,852265373,Cesar,Manzano,53396
53397,888518285,Maria Carmen,Pomares,53397
53398,319405270,Piedad,Lujan,53398
53399,692054882,Diego,Soler,53399
53400,258133794,Clemente,Almazan,53400
53401,197525050,Nazario,Fiol,53401
53402,810536737,Isabela,Pedrosa,53402
53403,566441402,Nicolasa,Iglesias,53403
53404,494212449,Claudia,Carbo,53404
53405,295387443,Olalla,Robles,53405
53406,286465285,Arturo,Pons,53406
53407,968570150,Virginia,Morante,53407
53408,396034405,Edelmira,Seco,53408
53409,563008292,Maria Teresa,Mendoza,53409
53410,846412625,Rufina,Ramirez,53410
53411,233546672,Eduardo,Diez,53411
53412,104260193,Benigna,Santiago,53412
53413,687433417,Abilio,Ferrandiz,53413
53414,901269520,Emiliana,Alegre,53414
53415,654835190,Sosimo,Ferrandiz,53415
53416,847849911,Rafa,Pedraza,53416
53417,130476085,Manuela,Carnero,53417
53418,200300800,Luisina,Posada,53418
53419,832742723,Tomas,Alarcon,53419
53420,541849370,Joel,Quevedo,53420
53421,843559615,Consuelo,Bravo,53421
53422,583843601,Norberto,Rosales,53422
53423,828932954,Mario,Cortina,53423
53424,756497861,Severiano,Tamarit,53424
53425,948804764,Amada,Rincon,53425
53426,924095688,Paco,Rueda,53426
53427,215043436,Alejandro,Domingo,53427
53428,459097042,Juan Antonio,Gracia,53428
53429,602874809,Estela,Domingo,53429
53430,392314688,Tania,Sala,53430
53431,444337069,Olimpia,Paredes,53431
53432,754491460,Jose Manuel,Sanz,53432
53433,772744437,Ignacio,Llamas,53433
53434,677536355,Juan Carlos,Sobrino,53434
53435,381576553,Nilda,Nieto,53435
53436,173457392,Sosimo,Montes,53436
53437,840028827,Delfina,Sacristan,53437
53438,773303585,Sara,Pareja,53438
53439,647309513,Edgar,Aragon,53439
53440,456101806,Noemi,Ordonez,53440
53441,692807935,Armida,Cornejo,53441
53442,299529389,Feliciano,Valenciano,53442
53443,238842512,Marcio,Rios,53443
53444,818613930,Ileana,Cerda,53444
53445,764012150,Balduino,Huguet,53445
53446,936065707,Nadia,Llamas,53446
53447,288407048,Fernanda,Valle,53447
53448,892938790,Dorotea,Cortes,53448
53449,187208498,Jose Ramon,Arregui,53449
53450,341544294,Genoveva,Vendrell,53450
53451,355073138,Anita,Cabanas,53451
53452,128445547,Carina,Sureda,53452
53453,635259666,Clara,Carreras,53453
53454,758973573,Charo,Benito,53454
53455,850657917,Pio,Rosell,53455
53456,297304712,Guadalupe,Canellas,53456
53457,167547492,Angelina,Espada,53457
53458,332865030,Jacinta,Casanovas,53458
53459,578944740,Mayte,Reyes,53459
53460,813115969,Salud,Nunez,53460
53461,999814666,Xiomara,Saez,53461
53462,375053586,Eligio,Melendez,53462
53463,979792062,Zaira,Correa,53463
53464,358341763,Pascual,Capdevila,53464
53465,498823270,Irma,Sevillano,53465
53466,715675045,Angela,Amo,53466
53467,455658325,Cirino,Seco,53467
53468,830073224,Marino,Redondo,53468
53469,265981205,Ines,Codina,53469
53470,441531101,Evaristo,Cardenas,53470
53471,364254243,Jordan,Montero,53471
53472,121807607,Jose Ramon,Llopis,53472
53473,367544938,Maricruz,Bustos,53473
53474,794460422,Paula,Riera,53474
53475,470501426,Rafaela,Colom,53475
53476,425027611,Modesta,Carlos,53476
53477,325884670,Abraham,Banos,53477
53478,142128486,Loreto,Barranco,53478
53479,172656972,Gabriela,Olivera,53479
53480,978282861,Encarna,Sanchez,53480
53481,506568248,Edelmira,Abril,53481
53482,823069011,Catalina,Corominas,53482
53483,978192669,Ruben,Vives,53483
53484,836032257,Josue,Robledo,53484
53485,846473611,Marta,Higueras,53485
53486,260518367,Severino,Vinas,53486
53487,651607783,Prudencia,Salom,53487
53488,891183394,Adalberto,Bou,53488
53489,964826986,Albano,Tomas,53489
53490,777403451,Inmaculada,Blanes,53490
53491,292789092,Loida,Acosta,53491
53492,826578406,Joaquina,Casas,53492
53493,131167212,Primitivo,Muniz,53493
53494,953781895,Baudelio,Domenech,53494
53495,860416617,Chus,Ortuno,53495
53496,845522293,Mario,Aguila,53496
53497,218272519,Anunciacion,Ramon,53497
53498,171264090,Amalia,Diaz,53498
53499,622173453,Arcelia,Catalan,53499
53500,815518827,Azahar,Puerta,53500
53501,986734216,Urbano,Boada,53501
53502,942789240,Severiano,Anton,53502
53503,244323655,Nilo,Calzada,53503
53504,494099540,Matilde,Ferrando,53504
53505,166547023,Piedad,Osorio,53505
53506,562640048,Aroa,Acero,53506
53507,337244800,Hilda,Franco,53507
53508,207442211,Haydee,Morcillo,53508
53509,219627237,Valero,Campoy,53509
53510,866828902,Armida,Mendez,53510
53511,727280757,Iker,Dominguez,53511
53512,813683444,Custodio,Baeza,53512
53513,211843378,America,Guzman,53513
53514,578619728,Aurelia,Armas,53514
53515,781556236,Tito,Valcarcel,53515
53516,937134916,Calista,Prado,53516
53517,429949925,Calixto,Mateu,53517
53518,606856376,Amador,Taboada,53518
53519,718552643,Alejandra,Valverde,53519
53520,541702975,Benigna,Miralles,53520
53521,603812465,Roque,Gallo,53521
53522,500108421,Flavio,Bermejo,53522
53523,869285793,Camila,Higueras,53523
53524,788541851,Albert,Cadenas,53524
53525,475842723,Constanza,Paredes,53525
53526,341016090,Maria Belen,Guardia,53526
53527,733000675,Fernando,Rocamora,53527
53528,684986901,Leonor,Morata,53528
53529,819658530,Julia,Tomas,53529
53530,518440683,Anibal,Ramirez,53530
53531,580505868,Lara,Pina,53531
53532,502173465,Clarisa,Royo,53532
53533,331369897,Lourdes,Acedo,53533
53534,883653536,Amarilis,Cadenas,53534
53535,344254183,Raimundo,Benet,53535
53536,251387366,Tere,Tur,53536
53537,514138366,Merche,Gracia,53537
53538,433385093,Abraham,Zaragoza,53538
53539,823231677,Andres,Vendrell,53539
53540,928429215,Constanza,Crespi,53540
53541,712973795,Herberto,Pascual,53541
53542,991980195,Hilario,Castello,53542
53543,496157271,Roldan,Valero,53543
53544,388226169,Juan Manuel,Rojas,53544
53545,870096005,Chus,Zorrilla,53545
53546,428196457,Maria,Paz,53546
53547,458037198,Zoraida,Granados,53547
53548,957000092,Ruperto,Castrillo,53548
53549,257488962,Agueda,Guillen,53549
53550,631350381,Ceferino,Carretero,53550
53551,483798483,Olegario,Colom,53551
53552,164631344,Noelia,Torre,53552
53553,604056159,Hilario,Fortuny,53553
53554,277190801,Jennifer,Millan,53554
53555,231794052,Rufina,Casals,53555
53556,909244529,Magdalena,Fabra,53556
53557,941530485,Mauricio,Royo,53557
53558,384024414,Prudencia,Linares,53558
53559,359187783,Borja,Carreno,53559
53560,478955538,Humberto,Oliveras,53560
53561,522498560,Gabino,Batalla,53561
53562,151278358,Felicidad,Cabello,53562
53563,103157647,Martina,Company,53563
53564,132435307,Ismael,Iglesia,53564
53565,118310348,Ruben,Sola,53565
53566,296695787,Jose,Alfonso,53566
53567,710179258,Apolinar,Valderrama,53567
53568,284339035,Rodrigo,Vina,53568
53569,149361996,Paola,Montserrat,53569
53570,454812770,Nazaret,Jordan,53570
53571,209951980,Dalila,Ruiz,53571
53572,787740687,Faustino,Parejo,53572
53573,429401940,Rodolfo,Iriarte,53573
53574,973888846,Celestino,Puga,53574
53575,410276938,Venceslas,Santos,53575
53576,937504687,Juan Bautista,Palomino,53576
53577,619298254,Jose Miguel,Castillo,53577
53578,973757609,Juanito,Lobo,53578
53579,370222380,Angela,Echeverria,53579
53580,666287888,Espiridion,Escudero,53580
53581,590980418,Maria Angeles,Torrent,53581
53582,253700376,Valeria,Sole,53582
53583,518970409,Porfirio,Botella,53583
53584,641332526,Lola,Garcia,53584
53585,109296941,Macario,Sanz,53585
53586,755486973,Amor,Lillo,53586
53587,181954413,Marciano,Gomez,53587
53588,775165036,Lorenza,Tello,53588
53589,201005241,Evaristo,Maestre,53589
53590,147686324,Roberto,Ortuno,53590
53591,332592879,Angelino,Quiroga,53591
53592,238061390,Severo,Jordan,53592
53593,360694633,Celia,Tenorio,53593
53594,306619619,Maura,Salmeron,53594
53595,897315471,Calixta,Julian,53595
53596,543716392,Eva Maria,Sotelo,53596
53597,399764498,Angelino,Vera,53597
53598,489401416,Maxima,Ochoa,53598
53599,533314290,Victor,Pera,53599
53600,651365105,Rocio,Caballero,53600
53601,217013369,Emma,Torralba,53601
53602,715023805,Alejo,Corral,53602
53603,718816977,Paola,Davila,53603
53604,231572603,Eusebio,Rico,53604
53605,189595873,Carlota,Torrijos,53605
53606,781824873,Cornelio,Alcala,53606
53607,107786005,Ariel,Gutierrez,53607
53608,204959070,Aroa,Gonzalez,53608
53609,668322581,Teresa,Campillo,53609
53610,245961227,Jonatan,Sierra,53610
53611,861846593,Epifanio,Ibanez,53611
53612,887066619,Lope,Mulet,53612
53613,740246186,Julia,Pol,53613
53614,839757939,Bernardino,Clavero,53614
53615,508919307,Nazario,Gonzalez,53615
53616,711543981,Jose Angel,Zamorano,53616
53617,435209649,Gabino,Maestre,53617
53618,454563812,Ignacia,Escudero,53618
53619,201580085,Augusto,Cabanillas,53619
53620,527842906,Lope,Rivero,53620
53621,101521182,Lupita,Ros,53621
53622,173545446,Andrea,Alcala,53622
53623,881439349,Anselma,Anglada,53623
53624,499534662,Mario,Rico,53624
53625,312467868,Placido,Fuster,53625
53626,435767764,Anacleto,Vilalta,53626
53627,650712355,Anastasio,Gimenez,53627
53628,310594534,Lisandro,Tovar,53628
53629,462567156,Evangelina,Angulo,53629
53630,869172201,Juan Francisco,Carbonell,53630
53631,335842247,Elpidio,Cases,53631
53632,580839563,Arturo,Gutierrez,53632
53633,481586896,Amancio,Mayo,53633
53634,325753279,Emperatriz,Garces,53634
53635,344456317,Marcelo,Nicolas,53635
53636,415876082,Roberta,Valbuena,53636
53637,166070853,Cesar,Marin,53637
53638,183867733,Aura,Saldana,53638
53639,136994041,Efrain,Bayon,53639
53640,188727340,Carlos,Cobos,53640
53641,104679116,Alonso,Tello,53641
53642,928503501,Pepe,Mate,53642
53643,607547162,Eladio,Saez,53643
53644,961540062,Hilario,Rocha,53644
53645,170617330,Felicia,Pages,53645
53646,780474996,Susana,Uribe,53646
53647,464229198,Julio Cesar,Cano,53647
53648,621122062,America,Alvarez,53648
53649,869755828,Isidoro,Varela,53649
53650,996519599,Vera,Pino,53650
53651,787717236,Luciano,Espana,53651
53652,505599281,Renata,Plaza,53652
53653,638805437,Pilar,Ferrandez,53653
53654,796555331,Maite,Sierra,53654
53655,721694505,Gervasio,Cabanas,53655
53656,513332709,Yago,Otero,53656
53657,831417763,Hector,Zorrilla,53657
53658,374581128,Luis Miguel,Chacon,53658
53659,460427486,Pili,Lamas,53659
53660,504313143,Maria Cristina,Torrecilla,53660
53661,553978715,Tatiana,Gascon,53661
53662,960408964,Donato,Sales,53662
53663,976103975,Melchor,Andrade,53663
53664,467107977,Galo,Vives,53664
53665,618610713,Guadalupe,Cornejo,53665
53666,331217673,Salome,Araujo,53666
53667,857329161,Atilio,Goni,53667
53668,311486157,Geronimo,Arcos,53668
53669,919256048,Rene,Pereira,53669
53670,449567722,Damian,Pascual,53670
53671,738307143,Raul,Barreda,53671
53672,272121782,Samanta,Sancho,53672
53673,484827322,Perla,Molins,53673
53674,892860720,Walter,Madrid,53674
53675,940248831,Valerio,Gomez,53675
53676,766203286,Wilfredo,Crespi,53676
53677,210784550,Glauco,Abril,53677
53678,993762594,Adoracion,Ariza,53678
53679,505139560,Natividad,Mercader,53679
53680,954530078,Heliodoro,Gomis,53680
53681,258591664,Odalys,Plaza,53681
53682,225542369,Calisto,Giralt,53682
53683,464703959,Hector,Caceres,53683
53684,966212672,Gaston,Bartolome,53684
53685,277274866,Herminio,Castello,53685
53686,571365886,Angelina,Antunez,53686
53687,334953730,Pia,Busquets,53687
53688,119687241,Estrella,Elorza,53688
53689,825831559,Federico,Costa,53689
53690,246142192,Celso,Burgos,53690
53691,362899178,Aristides,Montserrat,53691
53692,682827675,Vicente,Moliner,53692
53693,376240830,Gala,Hernando,53693
53694,565932923,Reyna,Real,53694
53695,445589394,Lino,Sevillano,53695
53696,443173061,Benigna,Cabanillas,53696
53697,516767176,Oriana,Puig,53697
53698,239741096,Jose Francisco,Escribano,53698
53699,952969370,Timoteo,Tur,53699
53700,185103125,Alonso,Haro,53700
53701,690296372,Florentino,Barba,53701
53702,803382577,Gabriela,Carlos,53702
53703,338634593,Baldomero,Carmona,53703
53704,590488813,Marcelo,Mayol,53704
53705,321647371,Merche,Melero,53705
53706,681575405,Felicidad,Pellicer,53706
53707,961582258,Mercedes,Cornejo,53707
53708,946347854,Ambar,Alegre,53708
53709,632532400,Graciela,Avila,53709
53710,416466884,Calixta,Pereira,53710
53711,492890825,Anita,Linares,53711
53712,474961398,Fabricio,Borrego,53712
53713,752911312,Piedad,Milla,53713
53714,457249922,Dorita,Carbo,53714
53715,531860401,Benjamin,Sanz,53715
53716,448467294,Benjamin,Macias,53716
53717,229641957,Valentin,Yuste,53717
53718,962838101,Tadeo,Araujo,53718
53719,220691510,Samuel,Valero,53719
53720,632336116,Jennifer,Frias,53720
53721,620867657,Cloe,Sainz,53721
53722,935021891,Jorge,Larrea,53722
53723,156716517,Febe,Tormo,53723
53724,349392344,Adelaida,Asensio,53724
53725,194468020,Xiomara,Alemany,53725
53726,618116540,Agueda,Peinado,53726
53727,358195235,Agustin,Pereira,53727
53728,909060111,Ani,Zurita,53728
53729,109416557,Isidoro,Gamez,53729
53730,836105277,Eric,Gil,53730
53731,999634588,Mario,Rosell,53731
53732,455441460,Jose Angel,Pons,53732
53733,150978156,Eufemia,Toro,53733
53734,889840445,Marc,Giron,53734
53735,210026687,Hortensia,Castro,53735
53736,826918592,Florencio,Cisneros,53736
53737,665207391,Ana Belen,Cobos,53737
53738,391902066,Abilio,Moles,53738
53739,377936777,Fabiana,Abril,53739
53740,707513522,Reyna,Carbajo,53740
53741,948135334,Romulo,Pizarro,53741
53742,702714096,Epifanio,Duenas,53742
53743,459525414,Lalo,Pi,53743
53744,929244935,Fernanda,Suarez,53744
53745,893609032,Patricio,Llabres,53745
53746,619965602,Salud,Angulo,53746
53747,235260174,Nuria,Canals,53747
53748,707915875,Yessica,Carreras,53748
53749,230207664,Vasco,Angulo,53749
53750,108185122,Maribel,Ros,53750
53751,451404170,Bernabe,Gomez,53751
53752,332369049,Elodia,Martinez,53752
53753,966869322,Victor,Vargas,53753
53754,688261253,Jose Ignacio,Baena,53754
53755,407699133,Aaron,Castro,53755
53756,523724928,Hector,Abellan,53756
53757,705952961,Alma,Palomar,53757
53758,112213062,Olivia,Pardo,53758
53759,838687583,Ruperto,Borras,53759
53760,436217830,Ciro,Figuerola,53760
53761,273985999,Carina,Fajardo,53761
53762,313855093,Elpidio,Barroso,53762
53763,873823749,Jacinta,Duque,53763
53764,952259573,Ruy,Duenas,53764
53765,775573774,Graciela,Torrecilla,53765
53766,971224995,Juan,Agusti,53766
53767,657602920,Morena,Bou,53767
53768,312253627,Ismael,Cisneros,53768
53769,866305884,Aranzazu,Palomo,53769
53770,342554466,Lucho,Beltran,53770
53771,760969781,Fito,Salmeron,53771
53772,889677729,Severino,Agusti,53772
53773,332301278,Cesar,Mari,53773
53774,571759950,Andrea,Guijarro,53774
53775,481087592,Clara,Canales,53775
53776,728232436,Angeles,Duran,53776
53777,870202822,Lorenzo,Villalobos,53777
53778,910442238,Ingrid,Sevilla,53778
53779,410826286,Roberto,Samper,53779
53780,959616700,Rosalinda,Ferrandiz,53780
53781,429124046,Urbano,Patino,53781
53782,337960061,Timoteo,Rey,53782
53783,337855848,Hermenegildo,Jara,53783
53784,385303095,Teodora,Pujol,53784
53785,355677691,Florina,Ferrandiz,53785
53786,704614526,Dulce,Rey,53786
53787,247961641,Amilcar,Pacheco,53787
53788,161330477,Lina,Roman,53788
53789,374617080,Concha,Andrade,53789
53790,840987809,Prudencio,Palomar,53790
53791,102344035,Evelia,Valero,53791
53792,394816278,Ricarda,Roura,53792
53793,323143537,Ceferino,Padilla,53793
53794,467201188,Graciela,Uriarte,53794
53795,887017179,Pili,Carpio,53795
53796,659085226,Jonatan,Grau,53796
53797,554108576,Noemi,Berrocal,53797
53798,584178406,Perlita,Lluch,53798
53799,636171553,Samuel,Ponce,53799
53800,732141935,Esmeralda,Lago,53800
53801,913484868,Paco,Duenas,53801
53802,486559110,Apolinar,Laguna,53802
53803,839334316,Manola,Domingo,53803
53804,757498993,Armida,Valenciano,53804
53805,919353024,Isaura,Marco,53805
53806,740408841,Ofelia,Quevedo,53806
53807,295582319,Osvaldo,Montenegro,53807
53808,247087083,Dulce,Barrio,53808
53809,495718637,Miriam,Milla,53809
53810,896897853,Telmo,Quiroga,53810
53811,947838212,Alex,Gargallo,53811
53812,243644916,Melchor,Cardenas,53812
53813,746474685,Duilio,Roldan,53813
53814,161167635,Pepito,Yanez,53814
53815,314283965,Martin,Bernad,53815
53816,189069872,Octavia,Jurado,53816
53817,225302532,Santiago,Canton,53817
53818,907663603,Francisco Javier,Trillo,53818
53819,222853940,Vito,Davila,53819
53820,827969809,Jorge,Nevado,53820
53821,634053497,Silvestre,Coronado,53821
53822,224074886,Julio,Serra,53822
53823,261921649,Inigo,Avila,53823
53824,288682624,Diana,Quintero,53824
53825,657903970,Eulalia,Cueto,53825
53826,775302053,Teofila,Villalonga,53826
53827,962206854,Agueda,Solsona,53827
53828,448267254,Primitiva,Solana,53828
53829,923073781,Melania,Osorio,53829
53830,942088668,Dulce,Sanmartin,53830
53831,191666607,Pancho,Andres,53831
53832,725895434,Carina,Moll,53832
53833,608899550,Adoracion,Menendez,53833
53834,961895080,Edelmiro,Zabaleta,53834
53835,916083025,Zaira,Mesa,53835
53836,192840909,Nayara,Adadia,53836
53837,856501062,Mariana,Menendez,53837
53838,365513937,Dorotea,Carbonell,53838
53839,259762589,Leopoldo,Rivas,53839
53840,418760714,Palmira,Escamilla,53840
53841,292860036,Eva,Villegas,53841
53842,657960747,Dario,Vives,53842
53843,487241290,David,Villegas,53843
53844,631472191,Primitivo,Grande,53844
53845,417405721,Rosalia,Revilla,53845
53846,724163367,Mar,Almansa,53846
53847,722610797,Jose Maria,Baeza,53847
53848,350576900,Adelia,Llado,53848
53849,135643194,Toribio,Revilla,53849
53850,697555686,Abril,Acuna,53850
53851,650775107,Olimpia,Mateos,53851
53852,615690952,Guadalupe,Guardiola,53852
53853,973093697,Guillermo,Roldan,53853
53854,809327538,Domingo,Ropero,53854
53855,944158654,Salvador,Puente,53855
53856,457686671,Reynaldo,Arco,53856
53857,908397475,Natividad,Echeverria,53857
53858,197943763,Paz,Agustin,53858
53859,687972457,Samanta,Robledo,53859
53860,527158253,Cipriano,Gras,53860
53861,408153178,Lilia,Gimenez,53861
53862,564652172,Teodosio,Avila,53862
53863,254985222,Encarnita,Bejarano,53863
53864,284792262,Concepcion,Izquierdo,53864
53865,436930781,Gerardo,Carrera,53865
53866,772653348,Lorenza,Penalver,53866
53867,876347170,Marianela,Fuentes,53867
53868,448833864,Maria Carmen,Alvarado,53868
53869,933059321,Chuy,Duran,53869
53870,126059030,Belen,Llamas,53870
53871,553545765,Georgina,Campo,53871
53872,128479044,Lola,Folch,53872
53873,617384459,Luna,Badia,53873
53874,907850156,Elisabet,Segura,53874
53875,138414349,Marciano,Anglada,53875
53876,400756095,Felicidad,Marques,53876
53877,269012972,Liliana,Polo,53877
53878,513030802,Arturo,Cespedes,53878
53879,534991259,Edu,Otero,53879
53880,835635922,Gabriel,Peiro,53880
53881,299150965,Merche,Pellicer,53881
53882,764198512,Francisco Javier,Alvarado,53882
53883,335526478,Eva Maria,Agusti,53883
53884,581613103,Ruben,Lerma,53884
53885,133641642,Catalina,Marmol,53885
53886,685032198,Hilda,Sastre,53886
53887,361860015,Serafina,Amat,53887
53888,752038962,Ciriaco,Exposito,53888
53889,458131466,Amarilis,Fuente,53889
53890,472698911,Josefa,Rios,53890
53891,643877911,Maria,Camino,53891
53892,710789806,Narcisa,Asensio,53892
53893,226085904,Estrella,Avila,53893
53894,254491395,Cirino,Hernando,53894
53895,984816469,Hector,Roda,53895
53896,833756723,Jonatan,Ramis,53896
53897,848734356,Omar,Arnaiz,53897
53898,648834376,Maximiano,Parra,53898
53899,359582446,Anselma,Cordoba,53899
53900,163144376,Dalila,Cortes,53900
53901,613768782,Juan Manuel,Baron,53901
53902,380811864,Cayetana,Valenzuela,53902
53903,581759651,Pacifica,Cardenas,53903
53904,779549602,Maria Belen,Bonilla,53904
53905,584035723,Dominga,Rozas,53905
53906,174348393,Gaspar,Talavera,53906
53907,618640018,Ines,Lamas,53907
53908,692282953,Victor,Garay,53908
53909,145444887,Segismundo,Noriega,53909
53910,976764666,Lisandro,Zorrilla,53910
53911,271077029,Pili,Arnaiz,53911
53912,920791354,Luna,Gallego,53912
53913,462100729,Bautista,Alberdi,53913
53914,531788311,Asuncion,Aparicio,53914
53915,382237144,Cintia,Espinosa,53915
53916,894549325,Perla,Velasco,53916
53917,249793441,Amando,Suarez,53917
53918,889519210,Maxima,Frutos,53918
53919,681444960,Baltasar,Jover,53919
53920,987458566,Domingo,Valentin,53920
53921,312052291,Buenaventura,Abella,53921
53922,576804551,Clementina,Luque,53922
53923,842509354,Quique,Colomer,53923
53924,981584954,Julia,Bermudez,53924
53925,931050729,Cecilia,Vendrell,53925
53926,287034873,Maria Cristina,Salvador,53926
53927,146855028,Manolo,Castell,53927
53928,898336177,Rafaela,Montenegro,53928
53929,485546099,Emilia,Tomas,53929
53930,379665244,Ana Sofia,Bru,53930
53931,502935273,Luciana,Urrutia,53931
53932,722354374,Marcial,Guardiola,53932
53933,459424797,Alberto,Fuente,53933
53934,943422864,Mauricio,Paez,53934
53935,582089735,Ruth,Vall,53935
53936,349219239,Emperatriz,Crespi,53936
53937,721663098,Vito,Quesada,53937
53938,290829931,Adelaida,Paez,53938
53939,342002210,Victorino,Sacristan,53939
53940,921936189,Marianela,Ojeda,53940
53941,602657851,Abigail,Ugarte,53941
53942,512234810,Africa,Acedo,53942
53943,476973775,Ligia,Bejarano,53943
53944,640473111,Rosa,Gomila,53944
53945,595338356,Rosario,Almeida,53945
53946,481073593,Tito,Abellan,53946
53947,457421786,Juan Luis,Marmol,53947
53948,245511375,Maristela,Querol,53948
53949,296280138,Nicolas,Armas,53949
53950,309864918,Simon,Berrocal,53950
53951,488583666,Salud,Terron,53951
53952,502294196,Carla,Carretero,53952
53953,338391079,Sonia,Rodenas,53953
53954,579073268,Maria Fernanda,Losada,53954
53955,459724187,Dionisio,Arenas,53955
53956,665587969,Chema,Aragones,53956
53957,329224299,Asdrubal,Rodriguez,53957
53958,883804738,Raul,Salazar,53958
53959,645300979,Leonardo,Vilanova,53959
53960,254816451,Andres Felipe,Crespi,53960
53961,541381177,Manola,Cepeda,53961
53962,486823283,Celso,Gomez,53962
53963,393910851,Dorita,Hoz,53963
53964,414118293,Amaro,Garriga,53964
53965,947149871,Eligia,Galiano,53965
53966,393774137,Almudena,Ballesteros,53966
53967,630145936,Agustin,Arevalo,53967
53968,362829529,Matilde,Lillo,53968
53969,812206911,Pepita,Cabo,53969
53970,293103630,Rita,Cespedes,53970
53971,150287753,Ramon,Abascal,53971
53972,223010042,Manuela,Pedrosa,53972
53973,346015116,Begona,Llanos,53973
53974,757238372,Odalys,Barco,53974
53975,132749068,Nando,Ortiz,53975
53976,984384223,Sandra,Gil,53976
53977,655804638,Jose Antonio,Aguirre,53977
53978,768723759,Angel,Torrecilla,53978
53979,948618546,Sara,Infante,53979
53980,582717479,Epifanio,Barco,53980
53981,971304955,Monica,Godoy,53981
53982,175968209,Clara,Salmeron,53982
53983,113495649,Lisandro,Luna,53983
53984,139481634,Laura,Barcelo,53984
53985,603469111,Amalia,Prieto,53985
53986,527603030,Marisela,Garces,53986
53987,123210997,Pascual,Llopis,53987
53988,874114762,Ofelia,Rosado,53988
53989,305104752,Rufina,Morell,53989
53990,209722527,Marcia,Aller,53990
53991,196680947,Teo,Caballero,53991
53992,784065209,Federico,Esteban,53992
53993,294194803,Edgardo,Riba,53993
53994,663841980,Matias,Gamez,53994
53995,199299873,Esther,Ibanez,53995
53996,777535886,Berto,Bernad,53996
53997,508192473,Baltasar,Gracia,53997
53998,261096227,Valerio,Ferrandiz,53998
53999,219982411,Fabian,Pera,53999
54000,991160458,Segismundo,Ballesteros,54000
54001,664695694,Maria Cristina,Perera,54001
54002,308357519,Mauricio,Collado,54002
54003,405191901,Anastasia,Antunez,54003
54004,655563091,Cleto,Benitez,54004
54005,961450494,Rita,Ballesteros,54005
54006,874043497,Jacinto,Tejada,54006
54007,405944548,Rolando,Menendez,54007
54008,330380227,Manu,Colom,54008
54009,270309977,Maristela,Torralba,54009
54010,420702465,Chus,Frutos,54010
54011,911337671,Edelmira,Cabeza,54011
54012,853745759,Nicolas,Sevilla,54012
54013,198409469,Jose Manuel,Lozano,54013
54014,689106812,Hector,Viana,54014
54015,202094850,Jose Luis,Romeu,54015
54016,869939971,Eladio,Jodar,54016
54017,497059034,Teofilo,Bayona,54017
54018,182341852,Rosario,Molina,54018
54019,559958300,Buenaventura,Soria,54019
54020,640017044,Joan,Jover,54020
54021,608142276,Rosario,Crespo,54021
54022,262142253,Teodosio,Soriano,54022
54023,943005850,Javiera,Hoyos,54023
54024,737256028,Lupita,Plana,54024
54025,253421092,Lalo,Martinez,54025
54026,878669637,Ciriaco,Fuertes,54026
54027,908350679,Cruz,Blanco,54027
54028,731037631,Jimena,Colomer,54028
54029,144054568,Sabina,Arribas,54029
54030,947764529,Emilia,Salamanca,54030
54031,189195918,Consuela,Gilabert,54031
54032,267999887,Marcelino,Penas,54032
54033,568775711,Haroldo,Morante,54033
54034,961962228,Tadeo,Castejon,54034
54035,267196248,Griselda,Gallego,54035
54036,293689013,Lupe,Corral,54036
54037,485939090,Omar,Bayon,54037
54038,584690049,Julie,Llopis,54038
54039,860000597,Maria Teresa,Lluch,54039
54040,510636380,Juana,Alcala,54040
54041,737648764,Milagros,Sacristan,54041
54042,946360659,Salud,Cespedes,54042
54043,321685985,Natanael,Pla,54043
54044,766095445,Valeria,Aguilera,54044
54045,319187601,Jose Antonio,Rubio,54045
54046,671002548,Nelida,Giralt,54046
54047,906760776,Gaston,Yuste,54047
54048,894811654,Manola,Carrasco,54048
54049,170410646,Sabina,Canals,54049
54050,494866090,Guillermo,Aviles,54050
54051,361094194,Armando,Pereira,54051
54052,998881262,Armando,Espinosa,54052
54053,761413729,Angelino,Gabaldon,54053
54054,372281428,Florina,Godoy,54054
54055,821894104,Berto,Arevalo,54055
54056,154924761,Perla,Cabezas,54056
54057,157748602,Artemio,Navas,54057
54058,453505368,Tito,Saenz,54058
54059,920939773,Bautista,Belda,54059
54060,121086508,Elpidio,Murillo,54060
54061,788285574,Ana Belen,Perales,54061
54062,738216387,Sabas,Abril,54062
54063,791129468,Consuela,Acosta,54063
54064,870700231,Casemiro,Rey,54064
54065,290514401,Josefa,Carvajal,54065
54066,115534768,Vicenta,Pastor,54066
54067,817589806,Lupita,Cabello,54067
54068,554948253,Manu,Manzano,54068
54069,937501994,Jimena,Riera,54069
54070,291039968,Salud,Jimenez,54070
54071,343231289,Amancio,Granados,54071
54072,832655959,Xavier,Ricart,54072
54073,148820685,Rafaela,Berrocal,54073
54074,998543209,Hector,Cordoba,54074
54075,110466280,Amando,Cifuentes,54075
54076,461143442,Guadalupe,Gil,54076
54077,404768834,Felipe,Campo,54077
54078,987224237,Mirta,Juan,54078
54079,775422307,Pancho,Tomas,54079
54080,900793298,Hilario,Balaguer,54080
54081,766835391,Rolando,Pinilla,54081
54082,893448869,Juanita,Moreno,54082
54083,577767351,Matilde,Bonilla,54083
54084,817530335,Aureliano,Pelaez,54084
54085,803939470,Brigida,Herranz,54085
54086,154317830,Ambrosio,Manzanares,54086
54087,694418924,Nadia,Hierro,54087
54088,551119668,Julio Cesar,Priego,54088
54089,737575921,Xiomara,Carbajo,54089
54090,520633791,Nidia,Tejada,54090
54091,949876215,Manolo,Tudela,54091
54092,347417815,Luciana,Gomez,54092
54093,362964145,Benigno,Sanmiguel,54093
54094,871355500,Noe,Figueras,54094
54095,213741683,Gervasio,Rozas,54095
54096,931217888,Crescencia,Garcia,54096
54097,315485632,Mamen,Rocha,54097
54098,620208483,Dalila,Nogueira,54098
54099,892221066,Teodoro,Cardenas,54099
54100,115832348,Angelino,Gelabert,54100
54101,231868971,Sebastian,Casado,54101
54102,349331262,Gervasio,Carretero,54102
54103,683395131,Demetrio,Montes,54103
54104,569422188,Eutropio,Elias,54104
54105,708153427,Rosa Maria,Guardiola,54105
54106,331948578,Concepcion,Tur,54106
54107,810002674,Candido,Riquelme,54107
54108,765858282,Enrique,Abascal,54108
54109,143253437,Anselma,Benitez,54109
54110,403743189,Jose Luis,Maldonado,54110
54111,715391465,Elba,Sanmartin,54111
54112,958364072,Mateo,Galvan,54112
54113,414993791,Dulce,Gracia,54113
54114,135837158,Lucio,Pardo,54114
54115,551594482,Inocencio,Arnau,54115
54116,801268466,Amarilis,Canton,54116
54117,148962410,Reinaldo,Segura,54117
54118,227535339,Juan,Solera,54118
54119,616802446,Jessica,Checa,54119
54120,252580733,Lope,Aguilar,54120
54121,514597357,Bernardita,Echevarria,54121
54122,803153225,Onofre,Macias,54122
54123,848602237,Jose Manuel,Bermudez,54123
54124,346620443,Efrain,Corbacho,54124
54125,333208614,Nilo,Urrutia,54125
54126,231920349,Jose,Rozas,54126
54127,912596450,Lilia,Jimenez,54127
54128,600000701,Sabina,Serna,54128
54129,252181336,Benita,Reguera,54129
54130,857791315,Anselmo,Gras,54130
54131,604141968,Raquel,Amores,54131
54132,983106635,Geraldo,Crespo,54132
54133,422707637,Amando,Canete,54133
54134,573551034,Ximena,Toro,54134
54135,558699314,Palmira,Gimenez,54135
54136,492876536,Noelia,Asensio,54136
54137,460997450,Celestina,Lobato,54137
54138,614720776,Anabel,Salinas,54138
54139,579523017,Begona,Pont,54139
54140,327668500,Dionisia,Barco,54140
54141,973643997,Esmeralda,Rincon,54141
54142,436698165,Humberto,Lastra,54142
54143,605688976,Teo,Martinez,54143
54144,744990845,Leandro,Huguet,54144
54145,229043330,Amparo,Castell,54145
54146,358318654,Atilio,Jove,54146
54147,605881024,Eloisa,Granados,54147
54148,697897949,Bernardita,Checa,54148
54149,650267466,Rico,Pujadas,54149
54150,161023363,Fidel,Zabala,54150
54151,972692187,Adelia,Benito,54151
54152,828440583,Marcial,Gelabert,54152
54153,458238172,Santos,Esteve,54153
54154,535041708,Berta,Perera,54154
54155,173461544,Liliana,Terron,54155
54156,471741231,Dalila,Baquero,54156
54157,891477924,Mayte,Mugica,54157
54158,381574778,Natanael,Llabres,54158
54159,532251298,Cristian,Tomas,54159
54160,674026694,David,Robles,54160
54161,944761093,Macario,Granados,54161
54162,611291827,Fito,Chaparro,54162
54163,585566312,Candela,Caceres,54163
54164,886282844,Bernabe,Arias,54164
54165,523748444,Maxima,Jurado,54165
54166,304427380,Amparo,Escamilla,54166
54167,463274863,Gaspar,Cabrero,54167
54168,560844482,Arcelia,Gisbert,54168
54169,882395078,Modesto,Aragones,54169
54170,615564514,Jaime,Exposito,54170
54171,500339079,Manola,Alemany,54171
54172,714499485,Rosalva,Juan,54172
54173,511663417,Baltasar,Hervas,54173
54174,435066837,Lourdes,Peiro,54174
54175,623998255,Loida,Terron,54175
54176,353798722,Carlota,Castejon,54176
54177,375359383,Alicia,Echeverria,54177
54178,990566875,Tito,Pulido,54178
54179,432534182,Osvaldo,Tena,54179
54180,827038663,Salvador,Carbajo,54180
54181,813667928,Bienvenida,Miralles,54181
54182,187440230,Fulgencio,Yuste,54182
54183,682683406,Jorge,Valero,54183
54184,490572211,Margarita,Pera,54184
54185,662856422,Calisto,Puig,54185
54186,733991796,Victoriano,Sarabia,54186
54187,933935061,Rufina,Ortiz,54187
54188,493860829,Jordan,Zamorano,54188
54189,475249167,Jose Manuel,Amigo,54189
54190,656120654,Amando,Arnaiz,54190
54191,242208179,Teofila,Yuste,54191
54192,252657387,Balduino,Heredia,54192
54193,989915308,Elvira,Cordero,54193
54194,762491170,Albert,Adadia,54194
54195,407773865,Andres Felipe,Samper,54195
54196,676395277,Raquel,Benet,54196
54197,356294075,Ani,Belda,54197
54198,588698218,Basilio,Pombo,54198
54199,549238084,Marita,Almeida,54199
54200,364711029,Felipa,Mata,54200
54201,534180309,Victor,Alvarez,54201
54202,580496814,Jose Angel,Urena,54202
54203,368667053,Jennifer,Agullo,54203
54204,131187423,Oscar,Roura,54204
54205,350454307,Rogelio,Varela,54205
54206,540455754,Aristides,Mate,54206
54207,478184945,Marino,Soler,54207
54208,288393654,Noelia,Malo,54208
54209,421802896,Aaron,Iniguez,54209
54210,891898694,Jose Ignacio,Peralta,54210
54211,772621550,Raquel,Cuadrado,54211
54212,902716834,Baudelio,Villar,54212
54213,863375935,Ileana,Gual,54213
54214,358900018,Tono,Sala,54214
54215,114075258,Ainara,Diaz,54215
54216,253478449,Adelardo,Dieguez,54216
54217,787350354,Griselda,Marti,54217
54218,945728375,Teresa,Cruz,54218
54219,188166329,Eugenia,Calderon,54219
54220,861184977,Micaela,Bru,54220
54221,219009635,Pastor,Riera,54221
54222,566566886,Eva Maria,Fabregas,54222
54223,247566498,Victoriano,Cabezas,54223
54224,781231593,Emma,Vina,54224
54225,224084271,Americo,Maza,54225
54226,733799926,Anastasio,Alcazar,54226
54227,182905092,Fortunata,Guerra,54227
54228,871773812,Mariano,Correa,54228
54229,993710642,Toribio,Yanez,54229
54230,306019404,Placido,Casado,54230
54231,263583899,Ambrosio,Hidalgo,54231
54232,595870072,Angelita,Tovar,54232
54233,106684051,Jose,Llado,54233
54234,590730359,Angelina,Losada,54234
54235,532146487,Esperanza,Quintero,54235
54236,157685714,Emilia,Vilaplana,54236
54237,672299728,Poncio,Redondo,54237
54238,251140595,Pilar,Simo,54238
54239,449885272,Diego,Ferrandez,54239
54240,986019423,Eligio,Plana,54240
54241,296588639,Yolanda,Marco,54241
54242,907160159,Petrona,Varela,54242
54243,104481870,Pia,Tovar,54243
54244,564648648,Serafina,Barcena,54244
54245,763913159,Jose Mari,Munoz,54245
54246,748767249,Viviana,Garmendia,54246
54247,442564741,Cosme,Leal,54247
54248,729214091,Pilar,Abella,54248
54249,988283113,Isa,Capdevila,54249
54250,177307483,Quirino,Llamas,54250
54251,813687279,Carlota,Valbuena,54251
54252,764064571,Joaquin,Santos,54252
54253,250491518,Hilario,Porras,54253
54254,739107777,Maria Manuela,Canales,54254
54255,633106034,Rodolfo,Villalba,54255
54256,819498125,Amarilis,Mayoral,54256
54257,825385477,Regina,Machado,54257
54258,870485984,Lucas,Cozar,54258
54259,583985125,Priscila,Losada,54259
54260,260805146,Edelmiro,Agudo,54260
54261,588967077,Barbara,Roura,54261
54262,349785555,Guillermo,Coloma,54262
54263,332222623,Leandra,Ballester,54263
54264,697074387,Elba,Riba,54264
54265,963629563,Lucila,Buendia,54265
54266,939341198,Elodia,Higueras,54266
54267,508608969,Cristobal,Arce,54267
54268,527717025,Eutimio,Pont,54268
54269,501711178,Marco,Torrents,54269
54270,844191369,Gala,Matas,54270
54271,462339825,Berta,Canizares,54271
54272,137967223,Emilio,Villar,54272
54273,357195042,Anastasia,Ramis,54273
54274,428216619,Felipe,Moya,54274
54275,382085823,Mireia,Capdevila,54275
54276,902899242,Julio,Higueras,54276
54277,105889309,Filomena,Arrieta,54277
54278,372156641,Carmelo,Pino,54278
54279,217467447,Cebrian,Villaverde,54279
54280,164974253,Abril,Orozco,54280
54281,941143645,Violeta,Solano,54281
54282,990952957,Pepe,Melero,54282
54283,706145220,Kike,Zapata,54283
54284,984519123,Delia,Mayoral,54284
54285,561531473,Duilio,Martinez,54285
54286,741337877,Alexandra,Mugica,54286
54287,757779134,Severo,Priego,54287
54288,600930975,Leonardo,Gelabert,54288
54289,653904979,Feliciana,Nogueira,54289
54290,527578061,Alejo,Solana,54290
54291,516692051,Rosaura,Garay,54291
54292,569064678,Cirino,Casas,54292
54293,485386381,Julio,Chacon,54293
54294,374834768,Sosimo,Vall,54294
54295,164862531,Andrea,Salazar,54295
54296,523175533,Placido,Villa,54296
54297,648505283,Rogelio,Blanch,54297
54298,390879169,Cecilia,Caro,54298
54299,254166200,German,Hierro,54299
54300,884317518,Manuel,Berrocal,54300
54301,179857181,Charo,Ballester,54301
54302,611450528,Virginia,Alberto,54302
54303,705488104,Filomena,Gimenez,54303
54304,982105312,Fatima,Aguilo,54304
54305,800912964,Omar,Caceres,54305
54306,239179042,Maria Manuela,Morillo,54306
54307,791302405,Lucas,Dieguez,54307
54308,281600686,Jose Luis,Cazorla,54308
54309,746175546,Estrella,Puig,54309
54310,272144510,Oriana,Benitez,54310
54311,566181046,Roman,Guillen,54311
54312,531284230,Francisco Jose,Uria,54312
54313,677417377,Lisandro,Moliner,54313
54314,933463581,Eligia,Vilar,54314
54315,715783100,Jaime,Aragon,54315
54316,878740290,Caridad,Nieto,54316
54317,898782145,Virginia,Nicolau,54317
54318,113665033,Rolando,Tejera,54318
54319,702669270,Joan,Sanchez,54319
54320,116266500,Dulce,Sala,54320
54321,376092086,Ileana,Nieto,54321
54322,544157643,Florentino,Gomez,54322
54323,426818700,Carmela,Baro,54323
54324,702609706,Juan Pablo,Rosado,54324
54325,339571785,Anselma,Pol,54325
54326,337078203,Valentin,Mayoral,54326
54327,547519237,Martirio,Godoy,54327
54328,757927445,Manuela,Sastre,54328
54329,922868745,Apolinar,Fiol,54329
54330,146712817,Eligio,Palomo,54330
54331,617446456,Heliodoro,Montserrat,54331
54332,973090955,Samu,Fabregat,54332
54333,142718599,Agueda,Tapia,54333
54334,918713747,Teofilo,Pelayo,54334
54335,309905338,Florencio,Murcia,54335
54336,854814282,Arturo,Prat,54336
54337,921299187,Miguel,Carrera,54337
54338,208554120,Irma,Batlle,54338
54339,226246635,Violeta,Chamorro,54339
54340,364937741,Julio Cesar,Gilabert,54340
54341,886189645,Ani,Adadia,54341
54342,995250509,Ciriaco,Gallo,54342
54343,138910731,Rita,Colomer,54343
54344,855045014,Fidel,Arcos,54344
54345,237545642,Fanny,Galvan,54345
54346,806353619,Paulina,Mateu,54346
54347,368028666,Ainara,Cozar,54347
54348,295068691,Adriana,Marin,54348
54349,125216565,Amado,Real,54349
54350,523426961,Julia,Somoza,54350
54351,429152637,Patricio,Gual,54351
54352,868792659,Eufemia,Plaza,54352
54353,282117949,Graciela,Alsina,54353
54354,894009010,Adriana,Serrano,54354
54355,175740464,Bernarda,Fabregat,54355
54356,958697373,Jose Ramon,Lillo,54356
54357,587212712,Gabriel,Ferreras,54357
54358,587695806,Loida,Gargallo,54358
54359,374674965,Ruperto,Somoza,54359
54360,925172748,Adalberto,Quevedo,54360
54361,749030863,Noa,Mas,54361
54362,680285070,Anna,Esteve,54362
54363,536588276,Jenaro,Nadal,54363
54364,442205042,Natanael,Gargallo,54364
54365,744586445,Eric,Castro,54365
54366,345865561,Cesar,Ribera,54366
54367,687279825,Rolando,Carvajal,54367
54368,656245456,Pepito,Calzada,54368
54369,787939429,Teofilo,Abril,54369
54370,615972593,Maria Jesus,Vilanova,54370
54371,173831718,Rosaura,Benitez,54371
54372,389771771,Alejandro,Lopez,54372
54373,160168120,Eliana,Peral,54373
54374,583819451,Raimundo,Gonzalez,54374
54375,908072543,Brigida,Antunez,54375
54376,382529770,Hipolito,Corral,54376
54377,164315406,Nando,Canet,54377
54378,879718687,Rosa,Colom,54378
54379,192293926,Antonio,Morcillo,54379
54380,257220541,Celestina,Salom,54380
54381,715520766,Aitor,Estevez,54381
54382,797965020,Maria Cristina,Aguila,54382
54383,528899976,Sigfrido,Feliu,54383
54384,468743760,Pili,Estevez,54384
54385,366064310,Catalina,Nunez,54385
54386,479469100,Rosario,Pinol,54386
54387,604884582,Paulino,Roura,54387
54388,591192882,Sancho,Terron,54388
54389,359003690,Bonifacio,Canet,54389
54390,771698605,Donato,Amador,54390
54391,177901353,Cristina,Calderon,54391
54392,230100871,Leocadia,Lobato,54392
54393,177107534,Ainoa,Pinol,54393
54394,495984581,Encarnita,Rincon,54394
54395,882753956,Charo,Elorza,54395
54396,437586837,Conrado,Garmendia,54396
54397,349740546,Luis,Arroyo,54397
54398,266610621,Climaco,Pi,54398
54399,550208641,Ana Sofia,Asensio,54399
54400,685079941,Fortunato,Seco,54400
54401,993590427,Amelia,Armas,54401
54402,404994405,Isa,Bustamante,54402
54403,421188662,Loreto,Gonzalo,54403
54404,353162325,Nazaret,Chico,54404
54405,959830961,Estela,Martin,54405
54406,476910802,Leocadio,Padilla,54406
54407,253966113,Maite,Luz,54407
54408,590138065,Alejandro,Rovira,54408
54409,869003152,Josep,Canales,54409
54410,280458144,Araceli,Hurtado,54410
54411,501990663,Fabiola,Marmol,54411
54412,629054395,Roldan,Marquez,54412
54413,774233021,America,Figueroa,54413
54414,919668531,Julia,Cornejo,54414
54415,716892573,Dimas,Saura,54415
54416,546187562,Gabriel,Abella,54416
54417,821477919,Eufemia,Manrique,54417
54418,863561735,Albano,Iniesta,54418
54419,945420968,Rogelio,Almazan,54419
54420,136599901,Graciana,Gracia,54420
54421,986428875,Cecilio,Lobato,54421
54422,377566306,Emma,Ayllon,54422
54423,977230709,Sandra,Pujol,54423
54424,885170472,Samu,Pozo,54424
54425,859762872,Marta,Conde,54425
54426,675245031,Calixto,Torrecilla,54426
54427,262336411,Salud,Toledo,54427
54428,725814951,Onofre,Agusti,54428
54429,976182413,Paco,Palmer,54429
54430,116488036,Elias,Salas,54430
54431,456945750,Manuelita,Amigo,54431
54432,161476591,Mamen,Mateu,54432
54433,687155547,Sebastian,Vergara,54433
54434,191135942,Maria Manuela,Checa,54434
54435,549128907,Anselmo,Salvador,54435
54436,445222068,Gonzalo,Zamora,54436
54437,927269705,Jose Carlos,Sebastian,54437
54438,369366531,Isabel,Montesinos,54438
54439,349370302,Valeria,Feliu,54439
54440,432770968,Manola,Pena,54440
54441,935082068,Soledad,Berenguer,54441
54442,477720596,Evelia,Quesada,54442
54443,303914710,Pascual,Verdejo,54443
54444,565257644,Candida,Villalonga,54444
54445,972550073,Otilia,Alegria,54445
54446,319692207,Emigdio,Espada,54446
54447,114316594,Duilio,Quiros,54447
54448,455210397,Macarena,Abril,54448
54449,844490907,Tristan,Calvo,54449
54450,761843556,Artemio,Farre,54450
54451,337313919,Josue,Rius,54451
54452,742248310,Rico,Cuadrado,54452
54453,443520389,Marcio,Campos,54453
54454,206019123,Leire,Verdejo,54454
54455,277137027,Domitila,Bautista,54455
54456,884677714,Macario,Ferrandez,54456
54457,904446064,Emiliano,Vicente,54457
54458,255472354,Manolo,Posada,54458
54459,876175740,Camilo,Manjon,54459
54460,885285194,Florencio,Barros,54460
54461,599520616,Rosalva,Suarez,54461
54462,886520361,Marita,Sandoval,54462
54463,934228886,Octavio,Pereira,54463
54464,229716579,Susanita,Olmo,54464
54465,810502074,Abel,Quevedo,54465
54466,335002989,Palmira,Cabanillas,54466
54467,852444035,Adrian,Escriva,54467
54468,113845449,Maricela,Ferrandez,54468
54469,636380927,Paola,Peralta,54469
54470,572013047,Roberto,Cobos,54470
54471,270696386,Cornelio,Fabra,54471
54472,836309377,Felisa,Prieto,54472
54473,453145571,Candelario,Criado,54473
54474,867933682,Rosario,Andres,54474
54475,854184872,Mauricio,Bernad,54475
54476,810889823,Reyes,Nicolau,54476
54477,620553117,Toni,Tormo,54477
54478,299572042,Luis,Camacho,54478
54479,920812330,Virgilio,Lorenzo,54479
54480,757728448,Jose Manuel,Gallego,54480
54481,717018979,Gil,Aguado,54481
54482,660823848,Aurelio,Cano,54482
54483,689465619,Agustin,Velez,54483
54484,153756717,Maria Dolores,Pellicer,54484
54485,809585082,Elisabet,Muniz,54485
54486,177535656,Cipriano,Gaya,54486
54487,390433442,Jennifer,Terron,54487
54488,940138582,Ruy,Oliver,54488
54489,626922891,Cintia,Julian,54489
54490,601907710,Godofredo,Cerdan,54490
54491,317347252,Iris,Fuertes,54491
54492,285316563,Francisco,Ortuno,54492
54493,587862624,Consuela,Checa,54493
54494,637165094,Aureliano,Villaverde,54494
54495,528077818,Judith,Feijoo,54495
54496,223486909,Lucio,Esteban,54496
54497,139725094,Saturnino,Alsina,54497
54498,932898408,Blanca,Simo,54498
54499,405933828,Nelida,Sole,54499
54500,133943318,Marita,Casal,54500
54501,356172242,Agustin,Riquelme,54501
54502,205471334,Ildefonso,Uribe,54502
54503,732965144,Tomas,Olive,54503
54504,170076838,Consuelo,Espinosa,54504
54505,465470857,Sol,Narvaez,54505
54506,417987422,Jorge,Marino,54506
54507,961491804,Reyes,Quintana,54507
54508,288117501,Espiridion,Tomas,54508
54509,648054910,Angela,Cuadrado,54509
54510,993317424,Dan,Vergara,54510
54511,907325575,Vito,Verdu,54511
54512,861444660,Rufino,Suarez,54512
54513,493324818,Manu,Rosello,54513
54514,338569400,Yolanda,Cortes,54514
54515,288494283,Roxana,Perello,54515
54516,358127123,Azahar,Figueras,54516
54517,143665450,Obdulia,Galvez,54517
54518,312701056,Reyna,Godoy,54518
54519,687122421,Abel,Jimenez,54519
54520,844987575,Anselma,Rocha,54520
54521,678343886,German,Costa,54521
54522,646545744,Gilberto,Diez,54522
54523,355112425,Nieves,Santana,54523
54524,628626490,Augusto,Solis,54524
54525,870935463,Aurea,Bolanos,54525
54526,530003739,Fernando,Pelayo,54526
54527,755101242,Jimena,Nino,54527
54528,997570495,Celia,Pareja,54528
54529,830727565,Trinidad,Cepeda,54529
54530,451094118,Rita,Rodrigo,54530
54531,223379578,Faustino,Corral,54531
54532,410373411,Jennifer,Solis,54532
54533,508380462,Adelaida,Bueno,54533
54534,865583963,Josue,Barrios,54534
54535,418614963,Gloria,Dieguez,54535
54536,814764211,Maxi,Hidalgo,54536
54537,366569113,Benigna,Arellano,54537
54538,307504401,Dionisia,Menendez,54538
54539,261245411,Flora,Carrion,54539
54540,585626232,Jordan,Zamora,54540
54541,488276454,Gilberto,Mugica,54541
54542,975986674,Ramona,Roma,54542
54543,906597457,Walter,Martorell,54543
54544,233418581,Anibal,Bustamante,54544
54545,825403547,Herberto,Verdu,54545
54546,478342209,Fermin,Noguera,54546
54547,628965821,Jovita,Baez,54547
54548,937745980,Nico,Arcos,54548
54549,173317570,Artemio,Nadal,54549
54550,471700701,Goyo,Castell,54550
54551,503465074,Pancho,Barba,54551
54552,308249498,Jacinta,Iglesia,54552
54553,617814691,Genoveva,Navas,54553
54554,882382618,Esmeralda,Bustamante,54554
54555,766505997,Abilio,Pizarro,54555
54556,976368062,Maria Belen,Franch,54556
54557,205106998,Amando,Fonseca,54557
54558,152900416,Lazaro,Paredes,54558
54559,530872885,Nico,Ramis,54559
54560,188946722,Pilar,Llopis,54560
54561,848371682,Iker,Mendizabal,54561
54562,348200034,Luisina,Seco,54562
54563,848105100,Josep,Maza,54563
54564,943100467,Maribel,Segura,54564
54565,307101657,Gustavo,Clavero,54565
54566,797239013,Silvestre,Gonzalez,54566
54567,629930049,Jaime,Larranaga,54567
54568,295989335,Candido,Salas,54568
54569,967831610,Marina,Bartolome,54569
54570,814149481,Irene,Padilla,54570
54571,987317074,Maria Luisa,Giner,54571
54572,847936423,Casemiro,Bermudez,54572
54573,159375115,Ale,Urrutia,54573
54574,376081979,Febe,Gonzalez,54574
54575,402410048,Jose Ramon,Mugica,54575
54576,765357548,Haroldo,Vizcaino,54576
54577,511486352,Juan Manuel,Aguilo,54577
54578,953793989,Sandra,Nicolas,54578
54579,388039463,Nadia,Bernat,54579
54580,946608764,Loida,Donoso,54580
54581,467322729,Yessica,Hoyos,54581
54582,706971856,Carmina,Neira,54582
54583,125248081,Marina,Campillo,54583
54584,567111492,Federico,Pinilla,54584
54585,749800725,Galo,Villalonga,54585
54586,297326107,Yesica,Roig,54586
54587,949652232,Jose Carlos,Checa,54587
54588,420852027,Maite,Novoa,54588
54589,685725552,Elias,Solis,54589
54590,306744255,Azahar,Clemente,54590
54591,777871274,Maricela,Balaguer,54591
54592,942233290,Catalina,Barreda,54592
54593,581924778,Ovidio,Losada,54593
54594,696374689,Toribio,Bello,54594
54595,807676104,Edelmira,Lopez,54595
54596,178623456,Jenny,Clavero,54596
54597,958998845,Anna,Puerta,54597
54598,856912004,Ema,Quiros,54598
54599,727443259,Agustin,Hervas,54599
54600,541845691,Emperatriz,Sebastian,54600
54601,438412428,Paco,Mercader,54601
54602,478480897,Severino,Goicoechea,54602
54603,263888204,Osvaldo,Llorente,54603
54604,556873785,Dalila,Lucena,54604
54605,111571424,Elpidio,Vallejo,54605
54606,294531055,Albert,Bonet,54606
54607,869876478,Pio,Tapia,54607
54608,377930046,Dan,Fabregat,54608
54609,610368321,Isabel,Arenas,54609
54610,636333602,Albano,Menendez,54610
54611,817690377,Eduardo,Romero,54611
54612,373426409,Adrian,Cerezo,54612
54613,465857081,Alejo,Aznar,54613
54614,871442922,Almudena,Chacon,54614
54615,130288201,Luciano,Lorenzo,54615
54616,935194361,Nydia,Berenguer,54616
54617,859853271,Armida,Llado,54617
54618,619489407,Ignacia,Pena,54618
54619,640013016,Flavio,Solano,54619
54620,874547996,Caridad,Alberdi,54620
54621,610769083,Remigio,Villaverde,54621
54622,376272012,Juan Bautista,Atienza,54622
54623,785536545,Marcelino,Barragan,54623
54624,830832640,Lucas,Ibanez,54624
54625,883372386,Arcelia,Camps,54625
54626,505547052,Rosalinda,Clavero,54626
54627,244515076,Reina,Rocamora,54627
54628,576671246,Lorena,Guitart,54628
54629,487448204,Santiago,Cardenas,54629
54630,399560652,Leticia,Giner,54630
54631,431660047,Roberta,Alberdi,54631
54632,592292730,Pascual,Marin,54632
54633,917725240,Pancho,Cazorla,54633
54634,856002717,Ramon,Galvez,54634
54635,298106592,Mar,Cortes,54635
54636,576046763,Eutimio,Izaguirre,54636
54637,684945515,Juan Carlos,Prieto,54637
54638,116166673,Rosa Maria,Pinto,54638
54639,206530950,Eufemia,Baez,54639
54640,162692489,Dorotea,Anguita,54640
54641,914027130,Ileana,Ibanez,54641
54642,511648216,Ciriaco,Muniz,54642
54643,995487907,Vinicio,Oliver,54643
54644,477214528,Adrian,Rossello,54644
54645,959981393,Marcelino,Diaz,54645
54646,737289345,Adelardo,Atienza,54646
54647,426777858,Marcia,Quero,54647
54648,776197354,Manu,Lumbreras,54648
54649,191081834,Clarisa,Robledo,54649
54650,940741904,Ruben,Rios,54650
54651,825334672,Esperanza,Diez,54651
54652,189697723,Berta,Pulido,54652
54653,430181341,Jafet,Mur,54653
54654,971072429,Dora,Almazan,54654
54655,204679680,Marisela,Albero,54655
54656,395869602,Fortunata,Colomer,54656
54657,535170155,Marianela,Tejero,54657
54658,391747848,Abril,Sanchez,54658
54659,954585606,Juan Francisco,Aznar,54659
54660,357296607,Yaiza,Coronado,54660
54661,466425927,Salome,Velez,54661
54662,502686980,Evelia,Lozano,54662
54663,175452932,Edelmiro,Muniz,54663
54664,404582483,Isaac,Codina,54664
54665,719272602,Nazario,Arias,54665
54666,158003278,Manuel,Gonzalez,54666
54667,767841703,Nicanor,Reguera,54667
54668,432585896,Claudia,Roma,54668
54669,238959217,Maxima,Gallardo,54669
54670,993117925,Brunilda,Contreras,54670
54671,273568672,Evaristo,Rivera,54671
54672,380345168,Cesar,Duran,54672
54673,807954237,Benjamin,Iniguez,54673
54674,104609202,Jose Luis,Segui,54674
54675,331006705,Angeles,Carranza,54675
54676,239437266,Segismundo,Plana,54676
54677,370307478,Severo,Ricart,54677
54678,318473820,Graciela,Cabello,54678
54679,774563966,Vinicio,Bas,54679
54680,264967074,Cloe,Pallares,54680
54681,116811099,Loida,Amaya,54681
54682,279190051,Bernabe,Sola,54682
54683,220461371,Gerardo,Puente,54683
54684,135459618,Graciela,Barrena,54684
54685,277547438,Herberto,Minguez,54685
54686,273529742,Hortensia,Amigo,54686
54687,675374953,German,Cuellar,54687
54688,572869409,Nacio,Valles,54688
54689,460109512,Vicenta,Pino,54689
54690,533918816,Juan Pablo,Munoz,54690
54691,840966556,Nerea,Baron,54691
54692,100140074,Elvira,Izaguirre,54692
54693,211551869,Geraldo,Solano,54693
54694,972532659,Bernardino,Diaz,54694
54695,308080215,Lupita,Lumbreras,54695
54696,181312577,Julio Cesar,Pereira,54696
54697,946299311,David,Angulo,54697
54698,866307414,Armida,Marin,54698
54699,316336717,Nidia,Rovira,54699
54700,680040358,Elpidio,Coll,54700
54701,849050556,Nayara,Macias,54701
54702,437072430,Abel,Cervera,54702
54703,328077966,Zaira,Valentin,54703
54704,395922694,Porfirio,Atienza,54704
54705,475892602,Herminia,Saenz,54705
54706,997079846,Buenaventura,Caceres,54706
54707,552665911,Panfilo,Gamez,54707
54708,812818530,Victor,Cabanillas,54708
54709,547887993,Julieta,Iglesia,54709
54710,317441489,Roxana,Sabater,54710
54711,725548366,Cebrian,Manso,54711
54712,913526926,Martin,Coloma,54712
54713,524242097,Santiago,Valera,54713
54714,626495864,Artemio,Aguila,54714
54715,519202039,Jenaro,Vives,54715
54716,566003733,Lupe,Fuster,54716
54717,424800236,Prudencio,Zapata,54717
54718,202786290,Mar,Santana,54718
54719,326963275,Julie,Frutos,54719
54720,822720069,Emigdio,Morcillo,54720
54721,556777715,Horacio,Salmeron,54721
54722,380609287,Angel,Francisco,54722
54723,390265283,Fanny,Simo,54723
54724,592770810,Marisol,Paez,54724
54725,846746080,Vera,Asenjo,54725
54726,160032325,Ruben,Posada,54726
54727,334020780,Noa,Alba,54727
54728,719812221,Ignacio,Marquez,54728
54729,937092210,Leocadia,Romero,54729
54730,142556937,Leonardo,Molina,54730
54731,367194459,Marcial,Giner,54731
54732,636401847,Berta,Soria,54732
54733,216213179,Felicia,Velez,54733
54734,314294102,Maria Angeles,Ribas,54734
54735,342623051,Ignacia,Barranco,54735
54736,561702906,Jordana,Llopis,54736
54737,352946152,Paola,Vega,54737
54738,110567395,Benjamin,Perera,54738
54739,881220255,Elpidio,Chaparro,54739
54740,412246852,Esmeralda,Aguirre,54740
54741,396054377,Reinaldo,Carreno,54741
54742,782248096,Pili,Alonso,54742
54743,546432567,Espiridion,Cantero,54743
54744,699822190,Francisco Jose,Castro,54744
54745,171217662,Kike,Arnau,54745
54746,816067927,Benita,Galvez,54746
54747,880830924,Adrian,Malo,54747
54748,603924732,Vera,Losa,54748
54749,858902031,Pastora,Bayo,54749
54750,276559664,Melisa,Carpio,54750
54751,904903467,Ester,Suarez,54751
54752,220375550,Emperatriz,Donoso,54752
54753,566157263,Valeria,Amador,54753
54754,857520331,Moreno,Pinto,54754
54755,302332041,Joaquina,Bello,54755
54756,742660752,Isabel,Palacios,54756
54757,562334973,Gertrudis,Manuel,54757
54758,737920469,Miriam,Ibanez,54758
54759,885702425,Amarilis,Segarra,54759
54760,175154203,Ismael,Parra,54760
54761,319821458,Custodia,Garriga,54761
54762,253593351,Marcio,Torrens,54762
54763,775619084,Bernardino,Valbuena,54763
54764,442303961,Jennifer,Somoza,54764
54765,877947126,Inigo,Escamilla,54765
54766,510726861,Alvaro,Campillo,54766
54767,257819280,Rosalina,Tomas,54767
54768,894339808,Fanny,Matas,54768
54769,958078719,Nando,Molins,54769
54770,207810607,Domingo,Valencia,54770
54771,148003727,Enrique,Pi,54771
54772,404776768,Julia,Solsona,54772
54773,854300869,Florencio,Querol,54773
54774,715675188,Saturnina,Bejarano,54774
54775,218982539,Juana,Aranda,54775
54776,908788944,Rosario,Calderon,54776
54777,227934664,Bartolome,Rueda,54777
54778,423958661,Inigo,Vargas,54778
54779,941839208,Trinidad,Sales,54779
54780,624198593,Flavia,Ruiz,54780
54781,259704045,Severiano,Velazquez,54781
54782,147419878,Paola,Bermejo,54782
54783,872557507,Rodrigo,Saura,54783
54784,561240851,Kike,Martinez,54784
54785,414151901,Lorenza,Ortiz,54785
54786,932325914,Susana,Cueto,54786
54787,349224897,Glauco,Lloret,54787
54788,326967108,Macario,Vallejo,54788
54789,321431141,Ulises,Zurita,54789
54790,311513367,Miriam,Izaguirre,54790
54791,773578763,Nicodemo,Guijarro,54791
54792,338345348,Amanda,Nevado,54792
54793,622270897,Eutropio,Alcalde,54793
54794,993632548,Sebastian,Calderon,54794
54795,147464304,Raimundo,Marti,54795
54796,566451644,Luisa,Julia,54796
54797,761797019,Toribio,Abella,54797
54798,123799309,Eustaquio,Manzanares,54798
54799,514189999,Celestina,Mesa,54799
54800,550792294,Constanza,Gutierrez,54800
54801,640510978,Macaria,Cabanas,54801
54802,653908801,Edgar,Menendez,54802
54803,937214634,Ramiro,Villegas,54803
54804,431580292,Tecla,Asensio,54804
54805,314374943,Aristides,Oller,54805
54806,785757354,Mirta,Galvez,54806
54807,922772611,Octavia,Yanez,54807
54808,980298837,Teodosio,Huguet,54808
54809,296202841,Guiomar,Navarrete,54809
54810,389310091,Noemi,Pinilla,54810
54811,994823121,Ainoa,Vicens,54811
54812,242802079,Americo,Flores,54812
54813,543016283,Eutropio,Ferrero,54813
54814,428584065,Valeria,Rico,54814
54815,192619466,Cristian,Lopez,54815
54816,468382407,Adriana,Pinol,54816
54817,615485923,Cristobal,Vina,54817
54818,844804829,Eusebio,Porta,54818
54819,445624688,Iker,Torre,54819
54820,192828021,Valeria,Pou,54820
54821,650834246,Pepe,Luque,54821
54822,771017342,Roque,Riera,54822
54823,639947661,Inigo,Girona,54823
54824,538158960,Nazaret,Gomez,54824
54825,118686851,Marisa,Adadia,54825
54826,426874845,Luis,Estevez,54826
54827,687264046,Debora,Palomares,54827
54828,443722604,Albert,Aguilo,54828
54829,257717355,Caridad,Vizcaino,54829
54830,810011666,Lucho,Izaguirre,54830
54831,987190133,Amaro,Palomo,54831
54832,592379638,Javiera,Tejedor,54832
54833,869666998,Perla,Blanca,54833
54834,313263401,Nadia,Osorio,54834
54835,715734427,Geraldo,Pedraza,54835
54836,126975227,Jose Ignacio,Cifuentes,54836
54837,421801207,Adela,Casals,54837
54838,295842768,Elisabet,Cepeda,54838
54839,366774093,Cruz,Marques,54839
54840,242870505,Isidro,Roman,54840
54841,602600651,Vidal,Casanova,54841
54842,176319707,Maria Cristina,Castillo,54842
54843,565528360,Emiliana,Galvez,54843
54844,825568675,Salomon,Azorin,54844
54845,692348911,Ulises,Corbacho,54845
54846,387776781,Joaquin,Lucas,54846
54847,378027278,Julia,Sedano,54847
54848,156282802,Marciano,Tello,54848
54849,746772404,Andrea,Maestre,54849
54850,530719105,Natanael,Iriarte,54850
54851,486991011,Yesica,Lago,54851
54852,436370807,Maite,Gimenez,54852
54853,975504842,Pilar,Olmedo,54853
54854,470677301,Duilio,Mugica,54854
54855,922794526,Mercedes,Parra,54855
54856,257114257,Dario,Gracia,54856
54857,409373507,Lorena,Morata,54857
54858,128820856,Nazaret,Quero,54858
54859,351617576,Ximena,Hernando,54859
54860,729839107,Melisa,Exposito,54860
54861,707740810,Melisa,Parejo,54861
54862,217372306,Imelda,Valentin,54862
54863,686813477,Celestino,Salgado,54863
54864,460312848,Maite,Alegria,54864
54865,799730660,Ruy,Calvo,54865
54866,371595810,Camilo,Cal,54866
54867,537493392,Casemiro,Casares,54867
54868,605431748,Benigna,Nunez,54868
54869,939077146,Nacio,Valderrama,54869
54870,848827026,Silvia,Oller,54870
54871,352977209,Francisco Jose,Bosch,54871
54872,711825718,Pia,Barrio,54872
54873,489616242,Desiderio,Palmer,54873
54874,220834170,Melisa,Caballero,54874
54875,899710090,Domitila,Coello,54875
54876,873673947,Flavia,Bernat,54876
54877,719716532,Vidal,Barreda,54877
54878,644015046,Ruben,Torre,54878
54879,505054036,Silvestre,Marquez,54879
54880,561128892,Cebrian,Jodar,54880
54881,702260170,Loida,Serna,54881
54882,801463935,Tadeo,Grande,54882
54883,376149639,Dalila,Vallejo,54883
54884,975767255,Trinidad,Barco,54884
54885,426061012,Ruperta,Real,54885
54886,956225435,Godofredo,Angel,54886
54887,715350798,Maria Angeles,Murcia,54887
54888,839928920,Ceferino,Coll,54888
54889,466548117,Vicenta,Porcel,54889
54890,479301106,Genoveva,Elias,54890
54891,326231153,Clara,Mas,54891
54892,767336108,Trini,Osuna,54892
54893,651061865,Jose Mari,Herrero,54893
54894,950170929,Gregorio,Llorente,54894
54895,102347424,Luz,Lloret,54895
54896,318879660,Anastasia,Guzman,54896
54897,354045128,Maricela,Exposito,54897
54898,251458670,Isidro,Mesa,54898
54899,468881206,Andres,Company,54899
54900,395166870,Aranzazu,Rosello,54900
54901,991904649,Sebastian,Vendrell,54901
54902,500277609,Jose Mari,Sainz,54902
54903,783799157,Sol,Poza,54903
54904,241521182,Fabio,Velez,54904
54905,238442800,Edelmira,Pina,54905
54906,908716894,Carmelita,Frias,54906
54907,988303450,Rosaura,Verdejo,54907
54908,161550725,Fausto,Soria,54908
54909,280159134,Rosario,Palau,54909
54910,731020193,Eugenio,Iglesias,54910
54911,608531630,Ismael,Ramirez,54911
54912,838642512,Tania,Figueras,54912
54913,755415517,Jose Antonio,Carro,54913
54914,807756579,Eric,Diez,54914
54915,198588295,Clementina,Galvan,54915
54916,163744374,Esperanza,Armengol,54916
54917,609941096,Fermin,Cuervo,54917
54918,725850346,Herberto,Palmer,54918
54919,234297168,Esteban,Cuenca,54919
54920,271296494,Macaria,Abril,54920
54921,925405312,Etelvina,Alberdi,54921
54922,426979202,Ildefonso,Cabeza,54922
54923,443432269,Pascual,Arroyo,54923
54924,637337870,Aitana,Borja,54924
54925,100026722,Poncio,Lago,54925
54926,861229254,Amalia,Espejo,54926
54927,913038664,Bruno,Nicolau,54927
54928,913167235,Lina,Haro,54928
54929,661998331,Maximino,Coloma,54929
54930,902650296,Silvia,Company,54930
54931,764247982,Vicenta,Gomez,54931
54932,511034293,Luis,Pedrosa,54932
54933,329081887,Violeta,Taboada,54933
54934,408292867,Rosalina,Saenz,54934
54935,610470842,Nacio,Salva,54935
54936,517276398,Eloisa,Vilar,54936
54937,591090828,Rosaura,Almazan,54937
54938,970657896,Aurelia,Villena,54938
54939,821746197,Eusebio,Alvaro,54939
54940,727789195,Anibal,Palomo,54940
54941,531629380,Judith,Cuenca,54941
54942,158325627,Octavia,Hurtado,54942
54943,755257167,Graciano,Amor,54943
54944,778427939,Dalila,Posada,54944
54945,505387183,Ruben,Valderrama,54945
54946,411708789,Haydee,Aleman,54946
54947,403516966,Alfredo,Campos,54947
54948,911391496,Ximena,Sacristan,54948
54949,406006452,Ale,Cadenas,54949
54950,518620033,Albert,Aliaga,54950
54951,784325671,Aureliano,Pizarro,54951
54952,928722479,Horacio,Vigil,54952
54953,229127335,Florencia,Olmo,54953
54954,997533687,Lorena,Palomares,54954
54955,242968630,Guiomar,Penas,54955
54956,879315905,Tomasa,Noriega,54956
54957,588521658,Inocencio,Nogueira,54957
54958,147551572,Merche,Sabater,54958
54959,131722012,Blanca,Sureda,54959
54960,452509358,Olegario,Morata,54960
54961,608462155,Celestino,Munoz,54961
54962,809996850,Asuncion,Duque,54962
54963,160199724,Rosario,Gutierrez,54963
54964,519096654,Edgar,Pastor,54964
54965,672898114,Amado,Bustos,54965
54966,336555680,Saturnino,Benavides,54966
54967,239610634,Violeta,Esteve,54967
54968,459937867,Xiomara,Fuente,54968
54969,792724700,Carlota,Valderrama,54969
54970,971586179,Maria Dolores,Machado,54970
54971,693011172,Amarilis,Mate,54971
54972,968123922,Cristian,Reig,54972
54973,306673044,Edgardo,Pedrosa,54973
54974,617698485,Eulalia,Abella,54974
54975,312311731,Violeta,Velez,54975
54976,452417674,Miriam,Andres,54976
54977,707574276,Leocadio,Criado,54977
54978,496272478,Irma,Crespo,54978
54979,270065439,Fulgencio,Cortina,54979
54980,536185906,Ambar,Pulido,54980
54981,717166819,Alonso,Escudero,54981
54982,344814754,Jose Ramon,Goicoechea,54982
54983,600707220,Lina,Nadal,54983
54984,533939560,Noa,Guardiola,54984
54985,767020550,Encarna,Pedrero,54985
54986,780053953,Blas,Giner,54986
54987,630693170,Alba,Pazos,54987
54988,775984535,Gertrudis,Checa,54988
54989,693919819,Cebrian,Avila,54989
54990,514240400,Amor,Duque,54990
54991,874372127,Brunilda,Torralba,54991
54992,673149379,Narciso,Vargas,54992
54993,164801956,Narcisa,Viana,54993
54994,917712518,Alvaro,Gabaldon,54994
54995,278375184,Faustino,Roldan,54995
54996,434952851,Benigna,Almazan,54996
54997,665517684,Margarita,Escribano,54997
54998,948229940,Marino,Jauregui,54998
54999,855517668,Tania,Palomo,54999
55000,939583339,Paco,Pinilla,55000
55001,724106671,Clemente,Ferrandez,55001
55002,393626220,Maxi,Varela,55002
55003,419350937,Luis Miguel,Jover,55003
55004,280672451,Teodora,Puig,55004
55005,267823650,Ingrid,Andrade,55005
55006,203306617,Leocadio,Salva,55006
55007,125768952,Eli,Guardia,55007
55008,659888795,Camila,Suarez,55008
55009,315473015,Romulo,Balaguer,55009
55010,101874870,Eloy,Grande,55010
55011,545830089,Manu,Cuesta,55011
55012,558742342,Marta,Jimenez,55012
55013,828821936,Ricarda,Santos,55013
55014,253249087,Gabriela,Torrent,55014
55015,603578869,Ale,Bello,55015
55016,159850530,Raimundo,Blasco,55016
55017,996448433,Noelia,Marti,55017
55018,786745777,Vera,Martorell,55018
55019,108047040,Macaria,Santamaria,55019
55020,361115383,Roman,Lozano,55020
55021,560351344,Noa,Yanez,55021
55022,872495754,Emperatriz,Belda,55022
55023,379273027,Jovita,Quintero,55023
55024,792884883,Danilo,Bernad,55024
55025,924166761,Ingrid,Feijoo,55025
55026,685428363,Galo,Quesada,55026
55027,484022795,Jorge,Armengol,55027
55028,379223529,Amanda,Bermejo,55028
55029,181442192,Mateo,Talavera,55029
55030,762691425,Belen,Alamo,55030
55031,621577126,Sara,Bosch,55031
55032,848264373,Gisela,Reyes,55032
55033,288972333,Abel,Pina,55033
55034,579180519,Dulce,Grande,55034
55035,598305639,Cristian,Villena,55035
55036,520080444,Bernardino,Pera,55036
55037,176669778,Florentina,Bastida,55037
55038,128775595,Arsenio,Ribas,55038
55039,278158278,Epifanio,Julia,55039
55040,115768788,Albert,Carpio,55040
55041,667496629,Tadeo,Asenjo,55041
55042,186814306,Celso,Segui,55042
55043,814261000,Macarena,Cifuentes,55043
55044,362122116,Ruben,Chaves,55044
55045,831880411,Dolores,Coello,55045
55046,151926902,Custodio,Zurita,55046
55047,242256278,Angeles,Cordoba,55047
55048,314101073,Adan,Tovar,55048
55049,416118386,Manuela,Conde,55049
55050,430833982,Santiago,Varela,55050
55051,939277521,Pastora,Lastra,55051
55052,838231654,Perlita,Pacheco,55052
55053,444185907,Nando,Gonzalez,55053
55054,160612840,Guadalupe,Conesa,55054
55055,669799214,Josep,Perales,55055
55056,289448159,Leocadia,Lucena,55056
55057,805228299,Toribio,Baeza,55057
55058,338405899,Maria Cristina,Carlos,55058
55059,263037688,Ernesto,Bueno,55059
55060,610878548,Dalila,Montero,55060
55061,994459728,Sol,Pinto,55061
55062,227622957,Isidoro,Uria,55062
55063,779222331,Jacobo,Suarez,55063
55064,294906328,Jose Angel,Amores,55064
55065,635934317,Carlito,Olivera,55065
55066,303468748,Noelia,Alba,55066
55067,490445075,Jessica,Alvarez,55067
55068,914224939,Regina,Mendizabal,55068
55069,277409574,Julieta,Gordillo,55069
55070,265277472,Sancho,Uria,55070
55071,935257281,Corona,Castro,55071
55072,771297959,Roman,Hoz,55072
55073,345509944,Andres Felipe,Piquer,55073
55074,224688604,Omar,Alonso,55074
55075,253724377,Nacho,Blanca,55075
55076,849458105,Paz,Salazar,55076
55077,374722429,Amado,Rebollo,55077
55078,832275168,Soledad,Puerta,55078
55079,729762906,Maria Luisa,Solana,55079
55080,225123544,Jacobo,Arcos,55080
55081,275133859,Amando,Duran,55081
55082,627143550,Dolores,Serna,55082
55083,746295703,Jeronimo,Batalla,55083
55084,631962490,Bernarda,Moraleda,55084
55085,409653441,Irene,Arrieta,55085
55086,879823944,Merche,Avila,55086
55087,153722190,Jose Manuel,Hernandez,55087
55088,628021977,Ariadna,Alcantara,55088
55089,636599051,Fabian,Vera,55089
55090,792539928,Paula,Cisneros,55090
55091,524545227,Carlota,Coronado,55091
55092,755798790,Gaston,Bellido,55092
55093,272538098,Samanta,Simo,55093
55094,871009353,Haydee,Sala,55094
55095,374175952,Buenaventura,Ribera,55095
55096,559227644,Nacho,Cortina,55096
55097,576659626,Modesta,Chaparro,55097
55098,388985719,Genoveva,Arteaga,55098
55099,276302917,Reyna,Fernandez,55099
55100,765354723,Ursula,Cal,55100
55101,171781962,Buenaventura,Barrios,55101
55102,866493601,Celia,Hoz,55102
55103,888770019,Marino,Calderon,55103
55104,275458053,Arturo,Bernad,55104
55105,314531812,Ciro,Ordonez,55105
55106,662329526,Emelina,Correa,55106
55107,263254390,Tecla,Baron,55107
55108,926883062,Brunilda,Melero,55108
55109,495614551,Efrain,Pinedo,55109
55110,639924311,Quirino,Dominguez,55110
55111,848089113,Cayetana,Blasco,55111
55112,270863929,Dan,Morata,55112
55113,684556271,Tecla,Muro,55113
55114,762042493,Lilia,Azcona,55114
55115,558567236,Ruben,Caro,55115
55116,946827731,Rebeca,Valencia,55116
55117,430883226,Iban,Bru,55117
55118,485114223,Carla,Bernad,55118
55119,697361217,Ceferino,Sales,55119
55120,547888019,Sancho,Espana,55120
55121,554010380,Angela,Alfaro,55121
55122,163801701,Candelas,Barco,55122
55123,338253633,Gerardo,Pombo,55123
55124,957125074,Maria Fernanda,Camps,55124
55125,845607350,Alonso,Beltran,55125
55126,789864758,Blas,Duran,55126
55127,140018518,Brunilda,Morell,55127
55128,275632426,Segismundo,Hernandez,55128
55129,413938825,Teodoro,Moll,55129
55130,531671461,Climaco,Cal,55130
55131,988771166,Lola,Alfonso,55131
55132,796429919,Alicia,Ortega,55132
55133,461820928,Anselmo,Montenegro,55133
55134,825961002,Jose Manuel,Calatayud,55134
55135,324415860,Sosimo,Recio,55135
55136,370998745,Clarisa,Canovas,55136
55137,328586033,Josep,Garmendia,55137
55138,960908690,Esther,Sierra,55138
55139,415747444,Jesusa,Castaneda,55139
55140,471665378,Cruz,Mateu,55140
55141,816006621,Tere,Gonzalo,55141
55142,321619531,Estrella,Pelaez,55142
55143,198356265,Eligia,Viana,55143
55144,856479680,Pacifica,Terron,55144
55145,848143858,Teobaldo,Escobar,55145
55146,976680449,Tomas,Folch,55146
55147,326086963,Martin,Piquer,55147
55148,200590101,Florentino,Sanmartin,55148
55149,126848130,Juan Antonio,Vilalta,55149
55150,763533864,Urbano,Vazquez,55150
55151,638587361,Geronimo,Cerro,55151
55152,650949629,Damian,Peinado,55152
55153,626541538,Fernando,Benavent,55153
55154,353264704,Narciso,Calderon,55154
55155,710439551,Severino,Feliu,55155
55156,148993060,Ana Sofia,Pina,55156
55157,325408513,Gloria,Prat,55157
55158,410416878,Merche,Pellicer,55158
55159,693952715,Adriana,Chico,55159
55160,260794039,Rosalina,Varela,55160
55161,976399427,Nazaret,Cardenas,55161
55162,620185403,Florencio,Lluch,55162
55163,868312561,Lope,Viana,55163
55164,611422524,Pascual,Lillo,55164
55165,704385929,Tristan,Roldan,55165
55166,383419746,Maria,Arrieta,55166
55167,153929399,Nelida,Borrego,55167
55168,576508231,Oscar,Exposito,55168
55169,695941730,Consuelo,Lasa,55169
55170,127026851,Adalberto,Martin,55170
55171,246218862,Guillermo,Mendizabal,55171
55172,310073516,Mireia,Molina,55172
55173,402573853,Julia,Montenegro,55173
55174,637684045,Macaria,Patino,55174
55175,875622607,Calixta,Heras,55175
55176,866192828,Miriam,Vilanova,55176
55177,129309498,Reynaldo,Barba,55177
55178,349268359,Aurelia,Acero,55178
55179,580170467,Bartolome,Amores,55179
55180,251630101,Serafina,Jurado,55180
55181,578628916,Clara,Colomer,55181
55182,944114765,Victor,Rivas,55182
55183,386945251,Esther,Taboada,55183
55184,509852801,Angelica,Feliu,55184
55185,388698168,Vito,Amador,55185
55186,337218457,Mireia,Julian,55186
55187,821654152,Emigdio,Llobet,55187
55188,288821570,Flora,Leiva,55188
55189,355312503,Guillermo,Hervia,55189
55190,267166445,Paloma,Alarcon,55190
55191,486387723,Edmundo,Estrada,55191
55192,860492457,Jose Angel,Badia,55192
55193,519086882,Jose Francisco,Valle,55193
55194,311305038,Fausto,Bas,55194
55195,810076288,Telmo,Esteve,55195
55196,667514455,Sergio,Ayllon,55196
55197,595343440,Abilio,Alvarez,55197
55198,209747225,Heraclio,Somoza,55198
55199,218906736,Domitila,Corral,55199
55200,123811701,Hector,Cabrera,55200
55201,602994727,Eliseo,Andres,55201
55202,950052502,Hortensia,Collado,55202
55203,305316460,Iker,Pavon,55203
55204,384779757,Edmundo,Gimenez,55204
55205,928517705,Berta,Tormo,55205
55206,592503843,Aitana,Aramburu,55206
55207,744232863,Marta,Tejera,55207
55208,335456809,Jorge,Buendia,55208
55209,294486881,Patricio,Ochoa,55209
55210,879033392,Olalla,Diez,55210
55211,574888684,Conrado,Torres,55211
55212,266564953,Valeria,Barroso,55212
55213,809542822,Rosario,Mena,55213
55214,827277333,Rene,Carrasco,55214
55215,630657025,Ursula,Armengol,55215
55216,850487210,Emelina,Cuevas,55216
55217,619573061,Rodolfo,Pinedo,55217
55218,157982552,Rocio,Fabra,55218
55219,188135230,Tito,Aragon,55219
55220,936929823,Esteban,Carrera,55220
55221,114074583,Maria Del Carmen,Espada,55221
55222,152230876,Vanesa,Donoso,55222
55223,709722463,Dominga,Lillo,55223
55224,864302932,Sara,Juarez,55224
55225,198460995,Angela,Nunez,55225
55226,990440095,Curro,Baena,55226
55227,188486908,Esther,Gascon,55227
55228,471193109,Luciana,Prats,55228
55229,172210588,Rafa,Quintana,55229
55230,689006894,Eugenia,Mas,55230
55231,487616537,Domitila,Barcena,55231
55232,318760994,Rosalia,Heredia,55232
55233,191529138,Federico,Garcia,55233
55234,580520814,Clarisa,Rius,55234
55235,815058490,Noa,Jordan,55235
55236,356143372,Hector,Ojeda,55236
55237,543304414,Marco,Manzano,55237
55238,559388556,Calista,Royo,55238
55239,991405031,Socorro,Miranda,55239
55240,886555643,Jose Antonio,Armas,55240
55241,796893541,Baltasar,Manjon,55241
55242,382407400,Modesto,Porras,55242
55243,681605234,Tristan,Torrens,55243
55244,537497904,Alberto,Villanueva,55244
55245,627681418,Narciso,Bellido,55245
55246,208965970,Bautista,Francisco,55246
55247,255717032,Apolinar,Aguilera,55247
55248,641584002,Gema,Izaguirre,55248
55249,424339125,Apolonia,Lerma,55249
55250,466185223,Berto,Barros,55250
55251,683269917,Cristian,Suarez,55251
55252,469915940,Fabricio,Benavent,55252
55253,759285005,Javi,Guitart,55253
55254,577090351,Ester,Tomas,55254
55255,947853941,Alondra,Iglesias,55255
55256,902242930,Debora,Simo,55256
55257,208804119,Mateo,Mas,55257
55258,115024842,Lucio,Duenas,55258
55259,865636447,Angela,Oliver,55259
55260,347365881,Amaro,Carrera,55260
55261,234521624,Simon,Domingo,55261
55262,189027207,Jonatan,Sole,55262
55263,759788640,Sigfrido,Benavides,55263
55264,494632835,Toni,Pozuelo,55264
55265,828334497,Claudio,Aguilera,55265
55266,932209134,Edu,Aguilar,55266
55267,342491702,Laura,Rosado,55267
55268,543747520,Abril,Estrada,55268
55269,145656227,Silvestre,Pardo,55269
55270,569381386,Flor,Navarro,55270
55271,162528374,Chema,Lago,55271
55272,654346112,Jacobo,Tome,55272
55273,372394539,Carolina,Galan,55273
55274,969893124,Jose Angel,Cordoba,55274
55275,730365178,Valerio,Cuesta,55275
55276,278635359,Javi,Coll,55276
55277,405654431,Teodosio,Gonzalez,55277
55278,742469169,Fabiola,Calleja,55278
55279,133292771,Eleuterio,Canizares,55279
55280,620606973,Rufino,Ibanez,55280
55281,741270736,Bautista,Carnero,55281
55282,933047224,Adelia,Maestre,55282
55283,886026516,Virginia,Gascon,55283
55284,348231920,Ignacia,Benavente,55284
55285,412665126,Cristobal,Grau,55285
55286,556116432,Kike,Mateos,55286
55287,856328997,Amador,Guerra,55287
55288,114757770,Ofelia,Armas,55288
55289,169549819,Bernarda,Bermejo,55289
55290,704694639,Jose Antonio,Zaragoza,55290
55291,809137532,Gerardo,Rosado,55291
55292,231185758,Blanca,Crespi,55292
55293,870095568,Susana,Leiva,55293
55294,741944463,Jacobo,Rosado,55294
55295,559902130,Serafina,Ferrer,55295
55296,257210211,Santiago,Bellido,55296
55297,929985879,Miriam,Arteaga,55297
55298,516761596,Ciro,Aparicio,55298
55299,375096879,Ambrosio,Navarro,55299
55300,676738048,Valentin,Reig,55300
55301,388366522,Angelita,Torrens,55301
55302,692757455,Primitiva,Enriquez,55302
55303,102679193,Maria Jose,Iglesias,55303
55304,747832426,Bartolome,Rio,55304
55305,971544556,Lorenzo,Paez,55305
55306,720405501,Rufino,Barreda,55306
55307,216353631,Mario,Contreras,55307
55308,785967592,Aurelia,Silva,55308
55309,671931899,Maricela,Montoya,55309
55310,640965409,Magdalena,Lillo,55310
55311,399249214,Emiliano,Ribera,55311
55312,466727842,Salud,Ferrando,55312
55313,837235082,Beatriz,Sola,55313
55314,401433060,Javiera,Conde,55314
55315,501904883,Patricia,Prieto,55315
55316,982638186,Daniel,Nunez,55316
55317,295968151,Paz,Losa,55317
55318,477348514,Marianela,Puerta,55318
55319,621385277,Roxana,Bravo,55319
55320,519306062,Juan Carlos,Ramos,55320
55321,715681268,Isaac,Acosta,55321
55322,429018925,Gervasio,Querol,55322
55323,420368587,David,Godoy,55323
55324,185579179,Gabriela,Larranaga,55324
55325,301924163,Ildefonso,Duarte,55325
55326,252129676,Tomasa,Jodar,55326
55327,397008026,Wilfredo,Barranco,55327
55328,858940564,Francisco Jose,Arribas,55328
55329,992080639,Angelita,Estevez,55329
55330,485150694,Amparo,Julia,55330
55331,773873942,Alvaro,Aguilo,55331
55332,761151852,Lupe,Cordoba,55332
55333,649932070,Salome,Colomer,55333
55334,244809540,Leandra,Fernandez,55334
55335,976162023,Dani,Borras,55335
55336,159566777,Kike,Tomas,55336
55337,612966823,Georgina,Vigil,55337
55338,938094882,Petrona,Duenas,55338
55339,304747759,Domingo,Noguera,55339
55340,415167054,Emilia,Miro,55340
55341,793017370,Azahar,Toro,55341
55342,756066873,Martin,Ramon,55342
55343,830831770,Jessica,Costa,55343
55344,392027315,Guillermo,Marti,55344
55345,498853786,Salvador,Tejada,55345
55346,363299529,Susanita,Simo,55346
55347,546185599,Zoraida,Mercader,55347
55348,749300719,Roldan,Arce,55348
55349,896152837,Virgilio,Garzon,55349
55350,496585299,Javiera,Lledo,55350
55351,436249150,Valentina,Cozar,55351
55352,110148988,Anabel,Prado,55352
55353,166096664,Calixta,Martorell,55353
55354,944813524,Haroldo,Pozuelo,55354
55355,143198553,Matilde,Espana,55355
55356,562797927,Albina,Cortes,55356
55357,156553251,Cayetano,Exposito,55357
55358,353731141,Bernardo,Infante,55358
55359,164292540,Eric,Ferrera,55359
55360,657575689,Rafa,Solis,55360
55361,230817582,Alicia,Miralles,55361
55362,703219969,Berto,Cuenca,55362
55363,256434700,Fabian,Diego,55363
55364,693523357,Amada,Anaya,55364
55365,666014806,Borja,Montalban,55365
55366,472203429,Candida,Torrent,55366
55367,960839023,Soraya,Elias,55367
55368,694305229,Maria,Figueras,55368
55369,701040685,Placido,Sanchez,55369
55370,970507486,Buenaventura,Moliner,55370
55371,540134755,Merche,Martin,55371
55372,168780024,Ceferino,Jimenez,55372
55373,998942652,Virgilio,Perello,55373
55374,693257919,Matias,Dominguez,55374
55375,243503733,Miriam,Nogues,55375
55376,565853749,Paca,Izquierdo,55376
55377,805125529,Mamen,Roma,55377
55378,520413608,Jordana,Angulo,55378
55379,331387471,Alfonso,Agudo,55379
55380,165009751,Erasmo,Gallego,55380
55381,129250586,Cruz,Elias,55381
55382,752138093,Yaiza,Posada,55382
55383,324523402,Elias,Morata,55383
55384,366994948,Epifanio,Montalban,55384
55385,416309813,Pastora,Barbera,55385
55386,388116404,Monica,Rosales,55386
55387,944191819,Claudia,Sosa,55387
55388,369816351,Quirino,Gamez,55388
55389,386670826,Julia,Reyes,55389
55390,297278014,Jose Manuel,Arevalo,55390
55391,375426689,Diego,Cifuentes,55391
55392,439622569,Fermin,Daza,55392
55393,438192669,Pili,Casares,55393
55394,178689890,Juanita,Aragon,55394
55395,648535137,Fabiana,Valle,55395
55396,162301066,Encarnacion,Melendez,55396
55397,377103737,Salud,Acero,55397
55398,974493306,Celso,Valderrama,55398
55399,449071898,Lope,Vaquero,55399
55400,786002887,Maristela,Martin,55400
55401,505402840,Tito,Rebollo,55401
55402,606731515,Erasmo,Domenech,55402
55403,369841020,Noelia,Salamanca,55403
55404,750718790,Clementina,Cano,55404
55405,866381308,Maria Dolores,Torrecilla,55405
55406,891044481,Saturnino,Carrera,55406
55407,882389945,Martin,Cadenas,55407
55408,492364558,Faustino,Alvarado,55408
55409,290668770,Cruz,Bilbao,55409
55410,969856014,Rico,Alarcon,55410
55411,300771712,Nando,Urena,55411
55412,579810121,Reyes,Elias,55412
55413,244863546,Isaias,Figueroa,55413
55414,770017961,Donato,Vall,55414
55415,902356353,Morena,Chaparro,55415
55416,827628898,Ileana,Llabres,55416
55417,630443743,Flora,Pavon,55417
55418,184541724,Cebrian,Manso,55418
55419,610508052,Agata,Gomez,55419
55420,866692731,Agustina,Rio,55420
55421,390019865,Gilberto,Melendez,55421
55422,648581229,Elpidio,Olivares,55422
55423,357355616,Lina,Escolano,55423
55424,305678817,Valentin,Navas,55424
55425,719337433,Brunilda,Cobo,55425
55426,374385625,Perlita,Rico,55426
55427,691112217,Andrea,Amoros,55427
55428,407211132,Marcelo,Montoya,55428
55429,801411047,Nicanor,Martorell,55429
55430,480049325,Carmelita,Roman,55430
55431,152526043,Susanita,Fernandez,55431
55432,595122933,Adolfo,Iglesia,55432
55433,963636880,Sofia,Contreras,55433
55434,950094247,Cristian,Salgado,55434
55435,653458494,Emiliano,Olmedo,55435
55436,130759401,Abril,Arcos,55436
55437,946745269,Maria Pilar,Sans,55437
55438,573879259,Lucia,Nicolau,55438
55439,676121920,Rosario,Pareja,55439
55440,549583189,Xiomara,Cepeda,55440
55441,169767411,Melchor,Bauza,55441
55442,367499725,Isabel,Alberto,55442
55443,207906424,Carla,Gimenez,55443
55444,443017538,Crescencia,Villanueva,55444
55445,951257454,Maribel,Iriarte,55445
55446,616966805,Macaria,Rossello,55446
55447,145778130,Ciro,Tejera,55447
55448,993100085,Rosa,Oller,55448
55449,799559272,Irma,Ropero,55449
55450,671704706,Gloria,Mata,55450
55451,764045983,Ruperta,Gelabert,55451
55452,120108603,Clemente,Arco,55452
55453,523511807,Buenaventura,Barbera,55453
55454,674059438,Ildefonso,Marcos,55454
55455,671856030,Marciano,Sevillano,55455
55456,100307511,Amancio,Acevedo,55456
55457,995538070,Jordana,Palomar,55457
55458,984315930,Alexandra,Carballo,55458
55459,542816393,Carlito,Baquero,55459
55460,454403094,Martin,Saenz,55460
55461,173185379,Lupe,Yuste,55461
55462,992463468,America,Ledesma,55462
55463,334031274,Julian,Sotelo,55463
55464,615987868,Norberto,Cazorla,55464
55465,763736989,Beatriz,Porta,55465
55466,141814363,Fito,Bermudez,55466
55467,773597409,Santiago,Caparros,55467
55468,444254907,Lara,Becerra,55468
55469,120868310,Fito,Serna,55469
55470,713741192,Remedios,Nieto,55470
55471,255704268,Gabino,Peralta,55471
55472,421049644,Benigna,Soria,55472
55473,904459442,Eutimio,Pellicer,55473
55474,271178069,Ana Sofia,Olivares,55474
55475,749264468,Guiomar,Jodar,55475
55476,703750784,Pastora,Rubio,55476
55477,151990038,Julian,Bas,55477
55478,124909981,Aitor,Nieto,55478
55479,414245473,Fulgencio,Rojas,55479
55480,685013118,Xiomara,Egea,55480
55481,358740796,Cloe,Marti,55481
55482,296116378,Evelia,Torre,55482
55483,578847860,Jose Manuel,Quesada,55483
55484,631953898,Benito,Luis,55484
55485,773016349,Edgar,Pou,55485
55486,698012768,Vinicio,Giralt,55486
55487,282260370,Consuelo,Colomer,55487
55488,406975440,Anibal,Pulido,55488
55489,401161667,Lupe,Barcena,55489
55490,908139862,Yago,Costa,55490
55491,478169428,Olga,Ripoll,55491
55492,135692636,Asuncion,Conde,55492
55493,547442616,Enrique,Sanchez,55493
55494,140744056,Carmelo,Mora,55494
55495,855344008,Jose Angel,Cespedes,55495
55496,577505860,Iban,Soria,55496
55497,974308712,Monica,Lobato,55497
55498,346754715,Nacho,Soria,55498
55499,554423358,Jesusa,Vina,55499
55500,728022053,Maria Angeles,Rios,55500
55501,563956835,Abilio,Plaza,55501
55502,292110296,Amarilis,Sancho,55502
55503,765568311,Luciana,Minguez,55503
55504,152027777,Maria Luisa,Santiago,55504
55505,594812505,Anastasia,Novoa,55505
55506,439214866,Dulce,Boada,55506
55507,404235293,Elias,Bustamante,55507
55508,778077018,Judith,Espejo,55508
55509,620664239,Joaquina,Valenciano,55509
55510,528702778,Crescencia,Duenas,55510
55511,312367048,Candela,Requena,55511
55512,610264569,Vito,Perea,55512
55513,848485290,Pio,Jove,55513
55514,464869715,Ramona,Elias,55514
55515,441176350,Leocadia,Perera,55515
55516,454451676,Encarnacion,Berrocal,55516
55517,822006265,Lucio,Sastre,55517
55518,682166684,Artemio,Cabo,55518
55519,542361368,Panfilo,Alarcon,55519
55520,623571510,Geraldo,Olmedo,55520
55521,405044968,Isaias,Pineiro,55521
55522,164278693,Xavier,Agustin,55522
55523,439057389,Pilar,Coca,55523
55524,207435690,Ciriaco,Uriarte,55524
55525,574502038,Alvaro,Zabaleta,55525
55526,485739051,Guiomar,Abril,55526
55527,637689840,Jonatan,Batlle,55527
55528,955528674,Isaac,Segovia,55528
55529,980033308,Leopoldo,Coll,55529
55530,156144868,Trini,Badia,55530
55531,971755947,Sandra,Rio,55531
55532,651633567,Ciro,Molins,55532
55533,226982015,Balduino,Miralles,55533
55534,334515337,Benito,Abascal,55534
55535,315428556,Eugenia,Carbo,55535
55536,425284486,Inocencio,Duarte,55536
55537,725425355,Zaira,Sevilla,55537
55538,655390972,Teresa,Yuste,55538
55539,607626093,Azucena,Real,55539
55540,157268480,Omar,Elias,55540
55541,263751872,German,Bellido,55541
55542,554868594,Candela,Sala,55542
55543,431515230,Rico,Gallardo,55543
55544,724513728,Fortunato,Marti,55544
55545,227697149,Manuelita,Solano,55545
55546,997579959,Jose Ramon,Barragan,55546
55547,719811597,Lisandro,Barcena,55547
55548,449875165,Bernarda,Arnau,55548
55549,801806753,Maria Dolores,Vizcaino,55549
55550,674624560,Ani,Guitart,55550
55551,298036670,Lucila,Arteaga,55551
55552,826881062,Joel,Vera,55552
55553,929022066,Pepita,Julian,55553
55554,498911847,Venceslas,Guerrero,55554
55555,570901154,Maria Fernanda,Cordoba,55555
55556,705835972,Tatiana,Exposito,55556
55557,103968930,Ainara,Cobos,55557
55558,680137288,Aura,Osorio,55558
55559,211420377,Julie,Pina,55559
55560,427456947,Juana,Moraleda,55560
55561,585505346,Salud,Huertas,55561
55562,981249400,Inigo,Cano,55562
55563,632030673,Jose Carlos,Fiol,55563
55564,775218063,Natalio,Figueroa,55564
55565,992685762,Victoriano,Llopis,55565
55566,322954271,Yesica,Carreras,55566
55567,243410721,Manuela,Bello,55567
55568,147473828,Zoraida,Tejedor,55568
55569,126746080,Maria Jesus,Osorio,55569
55570,723853182,Manolo,Guijarro,55570
55571,970623739,Florinda,Sarmiento,55571
55572,116731150,Marcia,Polo,55572
55573,540702941,Atilio,Pablo,55573
55574,696354537,Eusebio,Valencia,55574
55575,548566479,Conrado,Villar,55575
55576,900669053,Silvia,Alegria,55576
55577,258512764,Patricia,Sierra,55577
55578,432653230,Marianela,Blanco,55578
55579,256965642,Caridad,Zorrilla,55579
55580,452354235,Edgar,Calatayud,55580
55581,614296528,Guiomar,Camps,55581
55582,838838236,Valero,Macias,55582
55583,197651152,Maria Cristina,Alberto,55583
55584,718293209,Teresa,Roman,55584
55585,535814599,Marcelino,Benito,55585
55586,813923637,Mariana,Heredia,55586
55587,491764506,Fidela,Clemente,55587
55588,228112639,Remedios,Marco,55588
55589,552597742,Heriberto,Vicens,55589
55590,716510595,Lucas,Corral,55590
55591,589841535,Ainara,Alfonso,55591
55592,325980469,Esperanza,Beltran,55592
55593,694388607,Teodosio,Carrillo,55593
55594,803999725,Albano,Vidal,55594
55595,369628682,Adalberto,Garriga,55595
55596,948154267,Jimena,Bermudez,55596
55597,949793316,Inmaculada,Barreda,55597
55598,877119455,Teodora,Vallejo,55598
55599,582849742,Jesusa,Mate,55599
55600,961412746,Vasco,Navas,55600
55601,916133161,Valeria,Barrera,55601
55602,758311894,Fabio,Valentin,55602
55603,310458839,Josep,Donoso,55603
55604,578249223,Lucia,Madrigal,55604
55605,339823907,Maria,Mir,55605
55606,692298825,Veronica,Mayol,55606
55607,486497566,Jose Maria,Donaire,55607
55608,569842787,Graciano,Cobo,55608
55609,654016208,Merche,Torralba,55609
55610,140352020,Aitor,Ferrando,55610
55611,127871387,Araceli,Egea,55611
55612,361260617,Almudena,Salcedo,55612
55613,977337870,Mirta,Escribano,55613
55614,209902963,Damian,Alamo,55614
55615,154923829,Rita,Castello,55615
55616,710063367,Fulgencio,Plaza,55616
55617,230887515,Laura,Yuste,55617
55618,910914598,Flavia,Calderon,55618
55619,268538925,Ainoa,Franch,55619
55620,467411768,Valeria,Manrique,55620
55621,321228129,Rafa,Perez,55621
55622,386713163,Veronica,Coloma,55622
55623,949266242,Marcelino,Falco,55623
55624,148033047,Bernardino,Garay,55624
55625,498640643,Sancho,Escalona,55625
55626,752209321,Isaias,Baro,55626
55627,143237209,Jordana,Fortuny,55627
55628,974447410,Martirio,Torrijos,55628
55629,638072534,Teresita,Bernal,55629
55630,976611189,Hilda,Rios,55630
55631,620135841,Guiomar,Arco,55631
55632,802666127,Plinio,Rico,55632
55633,112712312,Adelardo,Tomas,55633
55634,332234846,Salvador,Hernandez,55634
55635,402185853,Melchor,Carreno,55635
55636,545836609,Sara,Villaverde,55636
55637,940191739,Paco,Codina,55637
55638,304958396,Gracia,Cabanillas,55638
55639,182812989,Candelaria,Arribas,55639
55640,524133406,Carmelo,Serrano,55640
55641,200332578,Alex,Rodriguez,55641
55642,251411964,Jose Mari,Juan,55642
55643,972597849,Primitivo,Otero,55643
55644,747590124,Hector,Alberto,55644
55645,949424989,Rosario,Padilla,55645
55646,426286900,Gema,Sales,55646
55647,364017483,Silvio,Tello,55647
55648,176992558,Leyre,Sosa,55648
55649,783671887,Danilo,Gaya,55649
55650,592429683,Guadalupe,Bas,55650
55651,263332419,Elias,Granados,55651
55652,761508592,Piedad,Manrique,55652
55653,306598108,German,Barral,55653
55654,306023771,Gisela,Clavero,55654
55655,442920940,Guadalupe,Castejon,55655
55656,818330787,Feliciano,Tejedor,55656
55657,911164243,Xavier,Crespo,55657
55658,510269040,Manuelita,Cabrera,55658
55659,658066581,Teo,Gaya,55659
55660,715724330,Leonardo,Roldan,55660
55661,222025990,Margarita,Abascal,55661
55662,847485393,Juan Carlos,Estevez,55662
55663,679134314,Sosimo,Lago,55663
55664,153555313,Elias,Corbacho,55664
55665,978596913,Nazaret,Muro,55665
55666,652080617,Ruben,Palma,55666
55667,879447008,Fausto,Palomar,55667
55668,253800053,Manuel,Roda,55668
55669,257257488,Josefina,Roda,55669
55670,687833889,Alfonso,Buendia,55670
55671,736428890,Vera,Dalmau,55671
55672,184156231,Carmela,Ferran,55672
55673,931453537,Goyo,Acuna,55673
55674,222758397,Amilcar,Huertas,55674
55675,487513417,Luz,Sebastian,55675
55676,570802153,Ciro,Terron,55676
55677,448398946,Ramona,Novoa,55677
55678,536342144,Roberta,Baron,55678
55679,263897683,Juan Jose,Nunez,55679
55680,503872501,Florinda,Ramon,55680
55681,899064572,Ines,Padilla,55681
55682,261743960,Leire,Noguera,55682
55683,499180660,Nilda,Martin,55683
55684,790862616,Aurea,Arana,55684
55685,775801371,Victor Manuel,Villalobos,55685
55686,569262097,Mario,Mena,55686
55687,577548521,Marta,Naranjo,55687
55688,665820026,Olivia,Sanjuan,55688
55689,492178142,Virginia,Estevez,55689
55690,613080783,Maximiano,Montserrat,55690
55691,126637464,Merche,Garmendia,55691
55692,373482511,Benigna,Nadal,55692
55693,753650402,Prudencia,Llorente,55693
55694,164213219,Reyes,Canete,55694
55695,817579873,Vera,Valles,55695
55696,581273432,Melania,Alba,55696
55697,147579963,Amparo,Hoyos,55697
55698,634433091,Eugenio,Carnero,55698
55699,941343102,Teofila,Farre,55699
55700,497933559,Roberto,Mena,55700
55701,171916523,Ximena,Angulo,55701
55702,980788659,Paola,Marin,55702
55703,506869216,Gala,Davila,55703
55704,337437373,Donato,Gallego,55704
55705,311140196,Albino,Nieto,55705
55706,409605332,Romulo,Tomas,55706
55707,842099354,Alvaro,Tolosa,55707
55708,518537978,Bernardino,Palacios,55708
55709,457341106,Mariana,Tenorio,55709
55710,717868456,Lisandro,Cuadrado,55710
55711,125236557,Pio,Ramos,55711
55712,780921457,Cesar,Valdes,55712
55713,846860490,Juan Manuel,Donaire,55713
55714,278044765,Crescencia,Muniz,55714
55715,657268315,Maristela,Ojeda,55715
55716,193274889,Maria Luisa,Armengol,55716
55717,494982211,Lupe,Alfonso,55717
55718,759443432,Silvestre,Montesinos,55718
55719,273405867,Maria Teresa,Goicoechea,55719
55720,876666966,Maria Del Carmen,Vallejo,55720
55721,479726585,Alonso,Iborra,55721
55722,721438516,Abril,Folch,55722
55723,520665416,Benigno,Tejera,55723
55724,272289490,Mireia,Duenas,55724
55725,313940638,Agata,Bravo,55725
55726,969510911,Guillermo,Montes,55726
55727,688138931,Daniela,Palomares,55727
55728,539085196,Ruperto,Font,55728
55729,303928371,Lucho,Ocana,55729
55730,640228792,Dolores,Almeida,55730
55731,682197147,Tatiana,Llanos,55731
55732,676950513,Dionisio,Acevedo,55732
55733,498854775,Vicenta,Sacristan,55733
55734,976530481,Soledad,Benavente,55734
55735,454557084,Claudia,Palomar,55735
55736,718676813,Donato,Borrell,55736
55737,317598443,Bernardita,Casado,55737
55738,313374687,Anna,Cardona,55738
55739,777536190,Jennifer,Guzman,55739
55740,174174623,Aureliano,Badia,55740
55741,685528321,Hernan,Colom,55741
55742,616000460,Primitivo,Muro,55742
55743,417118562,Dora,Ortuno,55743
55744,413394645,Benigna,Fuster,55744
55745,420418810,Antonia,Solana,55745
55746,538794675,Anselma,Agudo,55746
55747,237352519,Patricia,Guillen,55747
55748,704473872,Iker,Pena,55748
55749,494697948,Ursula,Esteban,55749
55750,924222701,Griselda,Collado,55750
55751,467983416,Geraldo,Casado,55751
55752,720506859,Sandra,Sancho,55752
55753,578327766,Ruben,Prado,55753
55754,562080690,Silvio,Posada,55754
55755,269485789,Arturo,Melero,55755
55756,613986949,Carmina,Guitart,55756
55757,525422951,Celso,Llorens,55757
55758,240487511,Ani,Banos,55758
55759,673470056,Eduardo,Castellanos,55759
55760,103436763,Jessica,Puente,55760
55761,934805244,Flavio,Cuervo,55761
55762,251431406,Loreto,Benet,55762
55763,304958899,Ema,Arcos,55763
55764,398083440,Silvia,Marino,55764
55765,526788297,Jose Manuel,Pelaez,55765
55766,142043990,Mar,Esparza,55766
55767,170783471,Imelda,Marmol,55767
55768,288954043,Loreto,Larrea,55768
55769,441517494,Pia,Costa,55769
55770,469513444,Rosendo,Mateos,55770
55771,565053887,Fernanda,Iborra,55771
55772,579672256,Santos,Valera,55772
55773,131979049,Hector,Carvajal,55773
55774,810421797,Sandra,Cases,55774
55775,261787133,Melisa,Gil,55775
55776,690206608,Luis Angel,Vilalta,55776
55777,829358094,Ricardo,Carrion,55777
55778,979646425,Valeria,Villa,55778
55779,917582371,Chus,Vendrell,55779
55780,235905041,Paca,Mate,55780
55781,643471814,Victor Manuel,Bello,55781
55782,867860865,Tristan,Taboada,55782
55783,674811875,Cruz,Banos,55783
55784,380025325,Evelia,Castell,55784
55785,437929222,Severiano,Camino,55785
55786,265610148,Moreno,Barranco,55786
55787,916196595,Constanza,Esteve,55787
55788,848925961,Xiomara,Cuellar,55788
55789,840637869,Omar,Gallego,55789
55790,780447617,Gracia,Exposito,55790
55791,465844994,Severo,Tenorio,55791
55792,345675567,Goyo,Bilbao,55792
55793,203903718,Eulalia,Agustin,55793
55794,465118936,Montserrat,Gargallo,55794
55795,418295789,Florencia,Cisneros,55795
55796,729797494,Vito,Jodar,55796
55797,480726878,Gema,Manso,55797
55798,448248935,Dan,Montero,55798
55799,673379536,Reyes,Aguila,55799
55800,375064218,Nazaret,Borras,55800
55801,412960349,Jafet,Pascual,55801
55802,129853391,Fernanda,Chaves,55802
55803,441901443,Cornelio,Posada,55803
55804,385416533,Jennifer,Ribes,55804
55805,821388646,Sabas,Pena,55805
55806,281931825,Jonatan,Palomino,55806
55807,842553684,Emelina,Ruano,55807
55808,521358536,Bibiana,Tolosa,55808
55809,471315385,Vera,Bolanos,55809
55810,964594033,Antonia,Benavides,55810
55811,870997554,Paola,Moya,55811
55812,426154713,Federico,Coll,55812
55813,415857570,Sol,Garrido,55813
55814,757904398,Maria Teresa,Manjon,55814
55815,396708196,Paz,Mendez,55815
55816,704118732,Aaron,Alberola,55816
55817,693148087,Javi,Buendia,55817
55818,159285194,Leandro,Bueno,55818
55819,461665778,Armando,Berrocal,55819
55820,954186515,Susana,Arnau,55820
55821,494382118,Ricarda,Velez,55821
55822,536318727,Aurea,Carnero,55822
55823,804357229,Alexandra,Benavente,55823
55824,839561310,Felix,Ramis,55824
55825,257511347,Efrain,Aviles,55825
55826,979628133,Celso,Donaire,55826
55827,165035572,Flavio,Morante,55827
55828,864343784,Luisina,Bou,55828
55829,833006304,Francisco Javier,Luna,55829
55830,417691781,Maria Dolores,Fonseca,55830
55831,800956700,Matias,Cueto,55831
55832,661536150,Cruz,Cardenas,55832
55833,668674930,Vicente,Barcelo,55833
55834,444590726,Jose Manuel,Barba,55834
55835,246649429,Rosa,Mendez,55835
55836,368534677,Silvia,Viana,55836
55837,785067213,Tristan,Carrillo,55837
55838,440307432,Marita,Valdes,55838
55839,971748146,Florinda,Salcedo,55839
55840,144638751,Carolina,Alberola,55840
55841,982237412,Fabian,Espanol,55841
55842,112021414,Febe,Barrena,55842
55843,151516550,Vicente,Canizares,55843
55844,794972506,Ismael,Duenas,55844
55845,241777612,Agustin,Campoy,55845
55846,716256630,Rafael,Portero,55846
55847,141264079,Dulce,Esteban,55847
55848,188705544,Aura,Estevez,55848
55849,444708276,Jose Angel,Sandoval,55849
55850,943665846,Francisca,Cabanillas,55850
55851,868324099,Calixta,Cadenas,55851
55852,883340462,Sandra,Fabregat,55852
55853,959185240,Francisco,Pujol,55853
55854,973933524,Alicia,Tamayo,55854
55855,768937452,Veronica,Briones,55855
55856,203304269,Adelina,Salinas,55856
55857,997830173,Ezequiel,Barroso,55857
55858,949240682,Calista,Leon,55858
55859,202693799,Cruz,Lopez,55859
55860,945782918,Dan,Herrera,55860
55861,781891076,Geraldo,Pena,55861
55862,541220044,Efrain,Mesa,55862
55863,753975132,Elodia,Garzon,55863
55864,259989822,Leticia,Alberdi,55864
55865,294488742,Poncio,Heras,55865
55866,714492216,Chuy,Gimenez,55866
55867,402353958,Juan Carlos,Barbero,55867
55868,485052601,Pascual,Casals,55868
55869,969205130,Javi,Trillo,55869
55870,971741272,Anastasio,Borrell,55870
55871,768768316,Miguela,Vega,55871
55872,826355831,Aroa,Rovira,55872
55873,127821434,Inigo,Saldana,55873
55874,270736839,Jose Angel,Moliner,55874
55875,328989957,Ulises,Saenz,55875
55876,320092612,Selena,Urrutia,55876
55877,771806845,Zoraida,Rodriguez,55877
55878,869893561,Obdulia,Cabo,55878
55879,893499158,Manu,Sacristan,55879
55880,352962882,Iker,Almeida,55880
55881,240447166,Vidal,Leon,55881
55882,973917734,Candelaria,Pelayo,55882
55883,152901936,Hermenegildo,Belmonte,55883
55884,942409685,Aurelia,Atienza,55884
55885,930385414,Eladio,Agustin,55885
55886,435882505,Fidela,Abril,55886
55887,586210224,Rebeca,Roman,55887
55888,516533046,Jose Antonio,Asensio,55888
55889,792172654,Manuela,Lago,55889
55890,546641242,Sonia,Tomas,55890
55891,261628153,Irene,Barral,55891
55892,801864028,Vanesa,Aragones,55892
55893,945146486,Ricardo,Hernandez,55893
55894,653899247,Violeta,Aparicio,55894
55895,357746078,Marisela,Herranz,55895
55896,418318776,Alex,Alfonso,55896
55897,390698339,Claudio,Guillen,55897
55898,537660539,Severiano,Mir,55898
55899,256724042,Anabel,Pina,55899
55900,810620518,Lisandro,Calvo,55900
55901,770342381,Narcisa,Batlle,55901
55902,907511994,Daniela,Soriano,55902
55903,493416206,Hortensia,Rosales,55903
55904,614615438,Rosenda,Ariza,55904
55905,692148954,Modesto,Cadenas,55905
55906,379220142,Maria Pilar,Zaragoza,55906
55907,425941468,Edu,Saez,55907
55908,937660889,Debora,Jara,55908
55909,682024726,Zoraida,Paredes,55909
55910,936384796,Tamara,Bayona,55910
55911,176524791,Aurea,Beltran,55911
55912,437006561,Adelina,Falco,55912
55913,888859446,Blanca,Segarra,55913
55914,835571514,Marta,Estevez,55914
55915,186090272,Adelia,Linares,55915
55916,159815678,Vito,Castrillo,55916
55917,265446572,Juan Carlos,Marmol,55917
55918,689581149,Calixto,Escobar,55918
55919,152400928,Roque,Seco,55919
55920,211307059,Nicodemo,Poza,55920
55921,704688768,Fabian,Tolosa,55921
55922,873874595,Amada,Pou,55922
55923,661727653,Noelia,Giralt,55923
55924,206882697,Soledad,Gutierrez,55924
55925,474962684,Virgilio,Alsina,55925
55926,797279813,Alvaro,Malo,55926
55927,839415251,Tono,Cozar,55927
55928,373771717,Africa,Zurita,55928
55929,580432526,Plinio,Casares,55929
55930,823728315,Monica,Gaya,55930
55931,434685100,Juan Jose,Chaves,55931
55932,804952366,Valerio,Jover,55932
55933,606235086,Odalis,Paredes,55933
55934,217371309,Paulino,Bermudez,55934
55935,148142909,Ruben,Gabaldon,55935
55936,255301105,Pepe,Hierro,55936
55937,924630707,Fermin,Gisbert,55937
55938,354390755,Ildefonso,Cuellar,55938
55939,981609813,Salvador,Talavera,55939
55940,327973116,Severiano,Losada,55940
55941,797492931,Amarilis,Valcarcel,55941
55942,651416735,Roxana,Lorenzo,55942
55943,624924875,Ruperta,Prieto,55943
55944,455646441,Chucho,Pablo,55944
55945,639212859,Paca,Rosales,55945
55946,418747507,Nicanor,Amador,55946
55947,259717297,Martirio,Morata,55947
55948,384744718,Emelina,Lopez,55948
55949,709588866,Gabriel,Bejarano,55949
55950,149920708,Inigo,Pedrosa,55950
55951,657564667,Beatriz,Francisco,55951
55952,600943803,Ciro,Rivero,55952
55953,271432310,Aitor,Martinez,55953
55954,836708976,Bautista,Vives,55954
55955,575927163,Amparo,Sandoval,55955
55956,312939343,Salvador,Garmendia,55956
55957,854588035,Cecilia,Flor,55957
55958,863277914,Fito,Tejada,55958
55959,796931227,Cruz,Pulido,55959
55960,738523894,Luis,Pujadas,55960
55961,413432834,Anna,Aramburu,55961
55962,343507219,Amando,Mateo,55962
55963,545723138,Jose,Valenzuela,55963
55964,613210984,Lola,Lluch,55964
55965,494402011,Gaspar,Rocha,55965
55966,356441911,Baudelio,Cobo,55966
55967,693848181,Josep,Palomino,55967
55968,169079263,Lorenza,Lorenzo,55968
55969,693164633,Remigio,Galan,55969
55970,753891839,Fermin,Blazquez,55970
55971,589088750,Valentin,Leon,55971
55972,964975118,Margarita,Manzanares,55972
55973,707215948,Eduardo,Segura,55973
55974,773055454,Eufemia,Arrieta,55974
55975,939827863,Juan Carlos,Tena,55975
55976,254879345,Anna,Benito,55976
55977,359250838,Maribel,Mariscal,55977
55978,947527939,Salomon,Parejo,55978
55979,654612827,Rafael,Alegre,55979
55980,357046789,Fortunata,Zorrilla,55980
55981,562888606,Marciano,Somoza,55981
55982,175543969,Aitor,Solsona,55982
55983,795645069,Patricia,Menendez,55983
55984,673211375,Bienvenida,Machado,55984
55985,651306039,Vasco,Riba,55985
55986,348885863,Buenaventura,Bou,55986
55987,573607760,Etelvina,Aguilera,55987
55988,454866916,Adelardo,Pol,55988
55989,934682450,Nicolasa,Poza,55989
55990,432500014,Joel,Baro,55990
55991,690615345,Chus,Corbacho,55991
55992,132523357,Amor,Martinez,55992
55993,142895210,Consuela,Cabanas,55993
55994,908445074,Elpidio,Cerezo,55994
55995,590035440,Antonia,Lamas,55995
55996,449679764,Cornelio,Rivero,55996
55997,742732554,Marisa,Ibarra,55997
55998,167073633,Carolina,Casas,55998
55999,409225531,Roberta,Otero,55999
56000,870624136,Benjamin,Catala,56000
56001,780984981,Maxima,Monreal,56001
56002,224423030,Loreto,Abella,56002
56003,400860776,Gustavo,Garzon,56003
56004,496209589,Onofre,Valle,56004
56005,405597190,Amalia,Abellan,56005
56006,652108206,Isaura,Luz,56006
56007,973622797,Maxi,Jara,56007
56008,374975013,Aristides,Jauregui,56008
56009,439566148,Eleuterio,Linares,56009
56010,945151219,Candido,Tejada,56010
56011,281973499,Gil,Alcaraz,56011
56012,179184640,Clotilde,Puig,56012
56013,921709081,Otilia,Barcena,56013
56014,741555865,Ismael,Soler,56014
56015,253794729,Eloy,Uriarte,56015
56016,215337435,Rosalva,Lloret,56016
56017,765257395,Dora,Marino,56017
56018,287102050,Valeria,Figuerola,56018
56019,180261695,Francisco Javier,Coloma,56019
56020,822865205,Ruth,Garay,56020
56021,715533053,Gabriel,Adan,56021
56022,119060466,Angelica,Roca,56022
56023,193092184,Valentin,Amador,56023
56024,364803844,Calixto,Arana,56024
56025,501566095,Clotilde,Rosell,56025
56026,159312341,Bernabe,Ortiz,56026
56027,972188895,Camila,Juarez,56027
56028,928779293,Noe,Cuenca,56028
56029,362791183,Dolores,Milla,56029
56030,323076229,Loreto,Valls,56030
56031,501137726,Almudena,Porras,56031
56032,886610264,Chema,Pino,56032
56033,795169186,Fabiana,Priego,56033
56034,143619618,Cristian,Yuste,56034
56035,377637599,Alejandra,Echevarria,56035
56036,304660961,Emiliano,Tejada,56036
56037,789929197,Ana Belen,Iniesta,56037
56038,254995216,Margarita,Pombo,56038
56039,877375669,Chelo,Coca,56039
56040,170018320,Silvestre,Farre,56040
56041,623820017,Jordan,Pla,56041
56042,214280490,Nazario,Mata,56042
56043,572618817,Josefa,Peiro,56043
56044,394798487,Gilberto,Nicolau,56044
56045,983741045,Albert,Grau,56045
56046,130166771,Porfirio,Badia,56046
56047,320198793,Jordan,Gual,56047
56048,425619325,Etelvina,Rey,56048
56049,399080118,Ildefonso,Campo,56049
56050,225048587,Seve,Hernando,56050
56051,603812261,Gregorio,Valdes,56051
56052,817451128,Cesar,Ojeda,56052
56053,639688805,Jeronimo,Nieto,56053
56054,374092501,Aura,Gibert,56054
56055,258505285,Javier,Murcia,56055
56056,154151603,Miriam,Casares,56056
56057,383511581,Tania,Querol,56057
56058,648891703,Erasmo,Jover,56058
56059,438286618,Anabel,Villar,56059
56060,184134467,Jose Luis,Silva,56060
56061,704973143,Modesto,Barriga,56061
56062,572849047,Jessica,Carvajal,56062
56063,568634209,Esmeralda,Pinilla,56063
56064,166070836,Odalis,Bastida,56064
56065,387355736,Basilio,Galan,56065
56066,977035632,Eutimio,Serra,56066
56067,489190960,Ivan,Fuster,56067
56068,219156029,Ale,Soler,56068
56069,728059991,Virgilio,Fortuny,56069
56070,917543581,Roque,Carbonell,56070
56071,156087585,Jacobo,Tomas,56071
56072,922379612,Fernanda,Baena,56072
56073,155402131,Dionisio,Ribes,56073
56074,131699334,Guillermo,Alvarado,56074
56075,949079211,Debora,Corominas,56075
56076,542355453,Remigio,Jodar,56076
56077,133755627,Cirino,Gallardo,56077
56078,535164651,Marcial,Calvo,56078
56079,392690671,Espiridion,Mayo,56079
56080,592694571,Maria,Ayala,56080
56081,476819072,Tamara,Mesa,56081
56082,585547838,Celia,Colom,56082
56083,795596919,Sebastian,Arana,56083
56084,76935190,Clemente,Adadia,56084
56085,523688949,Nacho,Prada,56085
56086,893236579,Casemiro,Arenas,56086
56087,826895745,Gabriela,Valera,56087
56088,882508993,Porfirio,Cuervo,56088
56089,721162395,Prudencia,Samper,56089
56090,587050930,Angelina,Chaves,56090
56091,568619729,Ruperta,Medina,56091
56092,414588645,Juan Jose,Villalba,56092
56093,803481329,Maria Manuela,Prado,56093
56094,576263747,Olimpia,Iglesias,56094
56095,163841102,Maristela,Vendrell,56095
56096,781822836,Teresa,Barral,56096
56097,413982214,Rita,Vallejo,56097
56098,605612210,Primitiva,Oller,56098
56099,891374714,Purificacion,Martin,56099
56100,533384363,Serafina,Haro,56100
56101,616548726,Jose Manuel,Sabater,56101
56102,780862684,Marita,Pages,56102
56103,328883174,Leopoldo,Hoyos,56103
56104,755532899,Florencio,Santamaria,56104
56105,836494702,Amando,Mayol,56105
56106,831189065,Pedro,Baquero,56106
56107,116589536,Etelvina,Valles,56107
56108,519323620,Gabino,Rey,56108
56109,320545020,Marisa,Escriva,56109
56110,395766494,Eladio,Bernal,56110
56111,751542507,Simon,Valencia,56111
56112,947477492,Raquel,Solsona,56112
56113,951500199,Primitiva,Conde,56113
56114,742310657,Cruz,Muniz,56114
56115,252997437,Brigida,Almeida,56115
56116,422275661,Dora,Canizares,56116
56117,549675297,Leonardo,Villalba,56117
56118,404221855,Daniel,Haro,56118
56119,159183979,Jose Francisco,Mur,56119
56120,542197716,Esperanza,Zorrilla,56120
56121,808463419,Nydia,Calleja,56121
56122,137601258,Vidal,Pereira,56122
56123,591784970,Belen,Benitez,56123
56124,945662764,Elisabet,Vives,56124
56125,727035567,David,Ribes,56125
56126,815432560,Valentin,Navas,56126
56127,267034928,Placido,Bonilla,56127
56128,381139461,Irma,Barroso,56128
56129,189755876,Toribio,Castro,56129
56130,729158188,Adora,Pinol,56130
56131,678262871,Evelia,Bayon,56131
56132,513644852,Ligia,Muro,56132
56133,273405504,Delia,Ayala,56133
56134,465901326,Felicia,Zaragoza,56134
56135,313753360,Manuela,Pozo,56135
56136,956736591,Anita,Castilla,56136
56137,769144684,Rosalina,Benavente,56137
56138,276677857,Adrian,Ferrero,56138
56139,430310207,Brigida,Lumbreras,56139
56140,505646801,Odalys,Saavedra,56140
56141,614557660,Baudelio,Agudo,56141
56142,459929899,Florencio,Diez,56142
56143,111570300,Augusto,Catala,56143
56144,792363808,Sancho,Bru,56144
56145,104668660,Angelica,Quiroga,56145
56146,682252329,Victor,Nogues,56146
56147,441419015,Jose Antonio,Castro,56147
56148,130903570,Reyes,Andreu,56148
56149,261392182,Marciano,Codina,56149
56150,161704985,Regina,Pina,56150
56151,740800854,Ambar,Sanchez,56151
56152,840578154,Sandalio,Rivas,56152
56153,299257035,Encarnacion,Barrios,56153
56154,860442956,Tecla,Fuertes,56154
56155,731545968,Amancio,Cortina,56155
56156,405363675,Emelina,Gonzalez,56156
56157,121212177,Borja,Campoy,56157
56158,177189297,Mayte,Zamorano,56158
56159,125533531,Imelda,Bustos,56159
56160,483684069,Amalia,Cabrero,56160
56161,792939421,Fidel,Mesa,56161
56162,964569041,Aura,Arnaiz,56162
56163,988541106,Juanito,Andrade,56163
56164,706990801,Marisa,Morillo,56164
56165,107521646,Alejandra,Roma,56165
56166,136994924,Agustina,Lago,56166
56167,343215016,Berta,Barragan,56167
56168,460145969,Vinicio,Fuente,56168
56169,545998312,Paloma,Teruel,56169
56170,132366699,Ariel,Jodar,56170
56171,360621034,Crescencia,Jimenez,56171
56172,292833585,Eladio,Prat,56172
56173,799929303,Wilfredo,Carvajal,56173
56174,406270177,Chus,Chaparro,56174
56175,833554096,Paz,Salas,56175
56176,227054093,Gaspar,Jimenez,56176
56177,983351076,Raquel,Borja,56177
56178,694891067,Felicia,Balaguer,56178
56179,243553572,Ema,Dominguez,56179
56180,912369953,Marcos,Abascal,56180
56181,251602109,Carlito,Sierra,56181
56182,146775542,Dulce,Alba,56182
56183,352477067,Marciano,Alamo,56183
56184,402618302,Pepito,Herrera,56184
56185,475492865,Benito,Acevedo,56185
56186,784401512,Elisabet,Leiva,56186
56187,482025947,Aristides,Esteban,56187
56188,156934940,Francisco Jose,Guardiola,56188
56189,718194065,Leonor,Roca,56189
56190,978201619,Jose Ramon,Reina,56190
56191,660709696,Marisela,Hoz,56191
56192,558477797,Ambrosio,Duran,56192
56193,857065470,Isidro,Pineiro,56193
56194,368732840,Aurora,Tomas,56194
56195,451731346,Guadalupe,Rodrigo,56195
56196,996378804,Victoria,Cases,56196
56197,558110921,David,Iriarte,56197
56198,591936155,Cirino,Tenorio,56198
56199,159369669,Adelina,Prat,56199
56200,912062797,Baldomero,Baeza,56200
56201,145259165,Judith,Morera,56201
56202,521194347,Agapito,Casares,56202
56203,859829596,Edgar,Cabello,56203
56204,786392137,Bartolome,Peral,56204
56205,957498124,Nicodemo,Llorens,56205
56206,466410191,Araceli,Velazquez,56206
56207,605025561,Olga,Vilalta,56207
56208,120217324,Priscila,Escobar,56208
56209,352694705,Panfilo,Mancebo,56209
56210,671659830,Che,Rosales,56210
56211,791472599,Ciro,Segarra,56211
56212,573319951,Natanael,Oliveras,56212
56213,379552651,Julio Cesar,Berrocal,56213
56214,419813042,Rosalva,Paz,56214
56215,856071032,Anita,Llano,56215
56216,572583578,Teofila,Pellicer,56216
56217,630249243,Juan Pablo,Navas,56217
56218,275912530,Ester,Bauza,56218
56219,198970565,Teofilo,Exposito,56219
56220,449224103,Kike,Rosello,56220
56221,594275727,Oscar,Reguera,56221
56222,338182662,Rene,Mate,56222
56223,981713629,Debora,Mendez,56223
56224,418584137,Maria Teresa,Mateo,56224
56225,171828626,Prudencia,Angulo,56225
56226,242011339,Ezequiel,Gutierrez,56226
56227,321248232,Vidal,Gonzalez,56227
56228,753707485,Dolores,Amor,56228
56229,238550714,Jose Luis,Jurado,56229
56230,633684005,Dafne,Aragones,56230
56231,473926507,Rosalina,Ramirez,56231
56232,515306940,Juan Jose,Canton,56232
56233,380435094,Jose Miguel,Alfaro,56233
56234,357735580,Javi,Cespedes,56234
56235,562025508,Irma,Castello,56235
56236,553485422,Eduardo,Palacios,56236
56237,430604107,Piedad,Montenegro,56237
56238,452336543,Esperanza,Nevado,56238
56239,364376736,Belen,Zamorano,56239
56240,784322236,Candelas,Valles,56240
56241,968828429,Amilcar,Pombo,56241
56242,453653803,Morena,Cases,56242
56243,379376650,Eleuterio,Ordonez,56243
56244,341869481,Reinaldo,Arana,56244
56245,131774740,Teo,Benito,56245
56246,557247080,Arturo,Benavent,56246
56247,336671896,Mercedes,Llabres,56247
56248,338242326,Tatiana,Carbonell,56248
56249,604466562,Selena,Maldonado,56249
56250,678851915,Jessica,Aguilar,56250
56251,109336646,Martina,Rius,56251
56252,979098550,Marciano,Saez,56252
56253,792555945,Angelica,Palau,56253
56254,990298311,Jesus,Bermudez,56254
56255,498163692,Javi,Priego,56255
56256,545746318,Rosario,Morillo,56256
56257,914213889,Ileana,Casal,56257
56258,935014956,Juan Luis,Lozano,56258
56259,124459950,Simon,Martinez,56259
56260,933244573,Jose Antonio,Adan,56260
56261,516906041,Anselmo,Monreal,56261
56262,471794702,Maria Jose,Villena,56262
56263,758899716,Goyo,Girona,56263
56264,813896698,Edu,Lastra,56264
56265,676628001,Maria,Peral,56265
56266,292388421,Calixto,Navas,56266
56267,666558697,Reynaldo,Rebollo,56267
56268,770305924,Aroa,Madrigal,56268
56269,765015030,Felicidad,Iriarte,56269
56270,866003277,Delia,Ruano,56270
56271,815307594,Graciela,Manzanares,56271
56272,992241054,Joaquina,Alvaro,56272
56273,272049257,Rosario,Larrea,56273
56274,163597820,Leandra,Orozco,56274
56275,128053002,Dimas,Urrutia,56275
56276,370181610,Obdulia,Puig,56276
56277,660286563,Graciano,Casal,56277
56278,672529704,Joel,Arnaiz,56278
56279,573549625,Gertrudis,Cervantes,56279
56280,798126321,Jessica,Gimeno,56280
56281,627762161,Amor,Canizares,56281
56282,846262976,Ramona,Saenz,56282
56283,315272154,Maria Belen,Rodriguez,56283
56284,948316608,Felipa,Fortuny,56284
56285,947552584,Lucio,Alberdi,56285
56286,202283491,Lino,Perez,56286
56287,325207382,Sol,Campos,56287
56288,946542740,Martin,Fabra,56288
56289,850219455,Nereida,Berenguer,56289
56290,187872502,Ulises,Cervera,56290
56291,304709114,Sancho,Contreras,56291
56292,457445498,Matilde,Pineiro,56292
56293,394181245,Narcisa,Andrade,56293
56294,800858892,Roman,Pi,56294
56295,165157564,Adolfo,Moraleda,56295
56296,643214655,Cristian,Artigas,56296
56297,291584842,Rafaela,Borrell,56297
56298,225004862,Bonifacio,Chaparro,56298
56299,331683600,Eva Maria,Marques,56299
56300,749373296,Joan,Murillo,56300
56301,840575770,Cebrian,Martin,56301
56302,169908622,Jose Francisco,Calvet,56302
56303,689390957,Felipa,Losada,56303
56304,600189975,Francisco Javier,Arnau,56304
56305,965984299,Alcides,Porras,56305
56306,325832288,Maximiano,Revilla,56306
56307,283620991,Leyre,Pujadas,56307
56308,795606397,Emelina,Galan,56308
56309,193018955,Lara,Uribe,56309
56310,667388670,Candida,Morcillo,56310
56311,348920287,Yago,Seco,56311
56312,871329548,Segismundo,Pelaez,56312
56313,370966890,Hilario,Pelayo,56313
56314,272162679,Jose Manuel,Bernad,56314
56315,193122498,Anunciacion,Company,56315
56316,395695586,Milagros,Agustin,56316
56317,668163511,Florencio,Sans,56317
56318,556739166,Emma,Campoy,56318
56319,804724231,Augusto,Serrano,56319
56320,334454396,Simon,Pelayo,56320
56321,269780712,Rafael,Benitez,56321
56322,878672842,Rosario,Galiano,56322
56323,910400710,Omar,Bou,56323
56324,593631339,Salome,Paniagua,56324
56325,196955658,Salud,Jimenez,56325
56326,490124740,Godofredo,Rivera,56326
56327,178571688,Moises,Flores,56327
56328,891599495,Eufemia,Tome,56328
56329,243639210,Juan Carlos,Perez,56329
56330,537448558,Diana,Azcona,56330
56331,826142871,Angelica,Tello,56331
56332,487964364,Custodio,Cisneros,56332
56333,894035790,Victor,Osorio,56333
56334,731739929,Nuria,Cardenas,56334
56335,297986109,Gema,Tur,56335
56336,543115570,Sancho,Saenz,56336
56337,515438288,Virginia,Valencia,56337
56338,437565072,Yago,Olivera,56338
56339,506781625,Lupe,Somoza,56339
56340,625183092,Belen,Sanchez,56340
56341,464139525,Mercedes,Berenguer,56341
56342,571843028,Isidoro,Paredes,56342
56343,317206394,Lupe,Tomas,56343
56344,616981783,Arsenio,Benavent,56344
56345,275034090,Aaron,Ocana,56345
56346,996569462,Saturnina,Heredia,56346
56347,269656785,Violeta,Solsona,56347
56348,257980406,Visitacion,Domenech,56348
56349,395880093,Miguel Angel,Carpio,56349
56350,137312896,Victor Manuel,Cantero,56350
56351,678893499,Tiburcio,Ropero,56351
56352,133629328,Camilo,Ribera,56352
56353,283534338,Apolinar,Galiano,56353
56354,382305348,Porfirio,Prada,56354
56355,281247954,Sarita,Torres,56355
56356,520282220,Leonel,Cardona,56356
56357,212617227,Climaco,Garcia,56357
56358,980035703,Marianela,Guillen,56358
56359,268975918,Otilia,Abellan,56359
56360,658107367,Mariana,Diaz,56360
56361,295393564,Miguel,Moreno,56361
56362,323186621,Horacio,Salom,56362
56363,964931253,Cloe,Aguado,56363
56364,737138343,Lidia,Arellano,56364
56365,475061512,Graciana,Olmo,56365
56366,874756141,Alejo,Sureda,56366
56367,409499356,Lola,Bernat,56367
56368,357894858,Maristela,Carbajo,56368
56369,151903998,Chema,Campillo,56369
56370,344856668,Tomasa,Paez,56370
56371,236941933,Rodolfo,Talavera,56371
56372,499993516,Juan Antonio,Sanjuan,56372
56373,652955729,Lilia,Gilabert,56373
56374,976205229,Debora,Abella,56374
56375,676098675,Agapito,Pinol,56375
56376,528279426,Domingo,Alvarez,56376
56377,237796437,Haydee,Mendizabal,56377
56378,739366312,Loreto,Castaneda,56378
56379,645397957,Rosalva,Cerezo,56379
56380,130129602,Juan Pablo,Aragon,56380
56381,918561872,Erasmo,Escamilla,56381
56382,899686667,Odalys,Nicolas,56382
56383,623558397,Raquel,Galiano,56383
56384,343964631,Goyo,Cerezo,56384
56385,389872336,Sosimo,Arevalo,56385
56386,634333055,Emperatriz,Barroso,56386
56387,882747571,Morena,Rico,56387
56388,406519232,Angel,Artigas,56388
56389,606300274,Rosalinda,Canales,56389
56390,869878440,Faustino,Arteaga,56390
56391,646416893,Dalila,Agullo,56391
56392,632694203,Roman,Cuesta,56392
56393,294867873,Sigfrido,Priego,56393
56394,799643799,Juanita,Herrero,56394
56395,555734851,Hortensia,Sarabia,56395
56396,852456073,Maura,Berenguer,56396
56397,462392235,Loida,Arroyo,56397
56398,904469070,Lucas,Ripoll,56398
56399,228790670,Rosario,Ibanez,56399
56400,807538632,Olegario,Roura,56400
56401,685849688,Francisco Javier,Agusti,56401
56402,594672436,Crescencia,Yuste,56402
56403,242669639,Tiburcio,Menendez,56403
56404,622837762,Virginia,Sierra,56404
56405,463411006,Maribel,Fuente,56405
56406,968113901,Amarilis,Nogueira,56406
56407,312129399,Melania,Olivares,56407
56408,455649564,Jordi,Ramon,56408
56409,651224185,Jose Ramon,Campo,56409
56410,529334891,Cristian,Lloret,56410
56411,702526538,Jose Ignacio,Tolosa,56411
56412,772089499,Gilberto,Ripoll,56412
56413,334554414,Simon,Carbo,56413
56414,318141380,Alondra,Vicens,56414
56415,280446195,Lorenza,Mur,56415
56416,475525930,Marcos,Camps,56416
56417,781854395,Salvador,Gisbert,56417
56418,992240421,Irma,Rosado,56418
56419,781398021,Ignacio,Mas,56419
56420,119443354,Leandra,Manrique,56420
56421,513400611,Sandra,Marcos,56421
56422,276012596,Olivia,Garcia,56422
56423,179839245,Anita,Santamaria,56423
56424,221962261,Agata,Almazan,56424
56425,876719504,Plinio,Torrijos,56425
56426,719356637,Tere,Aliaga,56426
56427,902551788,Carlito,Benavent,56427
56428,730368886,Alejandra,Riera,56428
56429,815103209,Melchor,Olive,56429
56430,708858229,Reyes,Salamanca,56430
56431,430583908,Adolfo,Donoso,56431
56432,613864175,Anabel,Reina,56432
56433,997140529,Almudena,Baquero,56433
56434,367509281,Hilario,Marco,56434
56435,883108045,Clementina,Coloma,56435
56436,299502779,Josefina,Castro,56436
56437,766347729,Beatriz,Rios,56437
56438,200895208,Florencia,Alcaraz,56438
56439,382064636,Alejandro,Reina,56439
56440,554453363,Carolina,Guerra,56440
56441,609868608,Isabela,Arino,56441
56442,469646351,Soledad,Coloma,56442
56443,290068521,Elodia,Arnaiz,56443
56444,923774677,Ariel,Garrido,56444
56445,521581224,Marcio,Barros,56445
56446,316955452,Evangelina,Cuenca,56446
56447,116807057,Maite,Plaza,56447
56448,892742000,Fulgencio,Marquez,56448
56449,745596409,Santiago,Arrieta,56449
56450,344419281,Telmo,Montana,56450
56451,980877199,Custodia,Rio,56451
56452,290318300,Crescencia,Mendez,56452
56453,692800949,Maricela,Frias,56453
56454,648744723,Maribel,Pinilla,56454
56455,335520734,Wilfredo,Bastida,56455
56456,821740538,Ramon,Almagro,56456
56457,173546822,Leyre,Almagro,56457
56458,448999469,Manu,Benavent,56458
56459,438805045,Leonor,Goicoechea,56459
56460,396220737,Maria Dolores,Castello,56460
56461,927428821,Marco,Pineda,56461
56462,269621497,Tomas,Escamilla,56462
56463,318150412,Antonio,Fuente,56463
56464,832729906,Sabina,Caparros,56464
56465,348231756,Ramon,Amo,56465
56466,961156259,Rico,Leon,56466
56467,405711057,Leandra,Esparza,56467
56468,665757820,Dora,Gomila,56468
56469,502933866,Emilio,Amaya,56469
56470,503538731,Goyo,Saez,56470
56471,601426025,Ariadna,Tirado,56471
56472,902329532,Ofelia,Costa,56472
56473,157695386,Cruz,Escriva,56473
56474,735104472,Tono,Soto,56474
56475,491604669,Africa,Santiago,56475
56476,663602802,Andres,Enriquez,56476
56477,391276469,Veronica,Mari,56477
56478,689589671,Aurora,Barranco,56478
56479,849725622,Valerio,Mari,56479
56480,381967545,Eva,Comas,56480
56481,524430251,Maxi,Cisneros,56481
56482,372707215,Jafet,Ayllon,56482
56483,485859324,Eloy,Castillo,56483
56484,807783550,Juliana,Rey,56484
56485,783114537,Gisela,Manso,56485
56486,780876672,Luis Miguel,Alvaro,56486
56487,904740888,Florencio,Bejarano,56487
56488,538787618,Petrona,Collado,56488
56489,231246450,Nilo,Trillo,56489
56490,547945311,Clementina,Cordoba,56490
56491,643561796,Petrona,Osorio,56491
56492,819341784,Gertrudis,Macias,56492
56493,458216097,Carolina,Francisco,56493
56494,346004395,Concha,Escolano,56494
56495,325604088,Leopoldo,Baron,56495
56496,355208121,Cristina,Zabala,56496
56497,745048824,Lucho,Gutierrez,56497
56498,413777195,Gil,Sosa,56498
56499,376465280,Josep,Valera,56499
56500,483985376,Salud,Diaz,56500
56501,965485451,Ainara,Sans,56501
56502,988139182,Santos,Rico,56502
56503,805918668,Calixta,Mendez,56503
56504,784263638,Marisol,Gelabert,56504
56505,647617354,Catalina,Cerro,56505
56506,142576591,Maria Manuela,Manrique,56506
56507,321636566,Elisabet,Torralba,56507
56508,309607256,Evita,Chico,56508
56509,225818597,Josefina,Estrada,56509
56510,982974953,Haroldo,Esparza,56510
56511,141794437,Joaquina,Arco,56511
56512,835961628,Julia,Pedraza,56512
56513,866388600,Benita,Verdugo,56513
56514,893634345,Sosimo,Rodenas,56514
56515,909429187,Amanda,Maestre,56515
56516,717167183,Yaiza,Carmona,56516
56517,914501208,Ines,Martinez,56517
56518,729082838,Nidia,Carrillo,56518
56519,530780101,Silvia,Medina,56519
56520,394518904,Berta,Velazquez,56520
56521,419805824,Samanta,Pelaez,56521
56522,372170465,Estefania,Espana,56522
56523,944569320,Rosalinda,Somoza,56523
56524,716559013,Rosalia,Oliver,56524
56525,143874495,German,Menendez,56525
56526,470621797,Leopoldo,Casanova,56526
56527,519443551,Olga,Morera,56527
56528,548865768,Salome,Fajardo,56528
56529,274817346,Victor,Cervantes,56529
56530,259395940,Enrique,Barroso,56530
56531,126524240,Abilio,Molina,56531
56532,107455783,Cesar,Talavera,56532
56533,755765257,Ignacio,Figueroa,56533
56534,551009903,Reina,Angulo,56534
56535,912570081,Ernesto,Landa,56535
56536,189868310,Lorenzo,Gimeno,56536
56537,602822370,Edelmira,Gomis,56537
56538,368217830,Alberto,Verdu,56538
56539,848659982,Leocadia,Carbonell,56539
56540,772965702,Nilo,Galvez,56540
56541,786076372,Marisela,Verdugo,56541
56542,610993035,Manu,Neira,56542
56543,380682344,Jordana,Sole,56543
56544,989690609,Remigio,Diez,56544
56545,848164375,Tito,Melero,56545
56546,707620663,Marcia,Mendizabal,56546
56547,507626743,Dominga,Oliva,56547
56548,825586358,Prudencio,Melendez,56548
56549,970011415,Toribio,Portillo,56549
56550,778459777,Evaristo,Cabo,56550
56551,678206699,Emelina,Arregui,56551
56552,895146936,Regulo,Arevalo,56552
56553,785585759,Aura,Vinas,56553
56554,834585112,Abraham,Ferrandiz,56554
56555,601442258,Emelina,Velez,56555
56556,878261507,Mateo,Gabaldon,56556
56557,982938451,Maximiliano,Espejo,56557
56558,855102854,Luisa,Viana,56558
56559,361956498,Albert,Verdu,56559
56560,170074644,Daniela,Arnal,56560
56561,857292295,Josue,Bustamante,56561
56562,363351743,Rosalva,Artigas,56562
56563,352586987,Eva,Lobo,56563
56564,285042163,Salud,Vina,56564
56565,344707179,Isa,Solsona,56565
56566,835342121,Clemente,Zurita,56566
56567,767101398,Salome,Ballester,56567
56568,311653969,Xavier,Rosello,56568
56569,537915524,Montserrat,Vilaplana,56569
56570,180745044,Celestino,Sanabria,56570
56571,900429968,Emelina,Pujadas,56571
56572,679512366,Julio,Arteaga,56572
56573,223804656,Mireia,Cuadrado,56573
56574,944212508,Luis,Marin,56574
56575,897545268,Martina,Lobato,56575
56576,671630565,Cebrian,Serra,56576
56577,498862746,Rosa,Almagro,56577
56578,515151193,Sergio,Castellanos,56578
56579,705846774,Blas,Miralles,56579
56580,411393879,Lina,Silva,56580
56581,236300231,Renata,Camps,56581
56582,644089962,Goyo,Peinado,56582
56583,463278958,Gertrudis,Catala,56583
56584,503065991,Azeneth,Aparicio,56584
56585,603026109,Juanito,Esteban,56585
56586,703453489,Consuela,Angulo,56586
56587,579610884,Benjamin,Martinez,56587
56588,762622702,Vidal,Atienza,56588
56589,862762521,Felix,Arenas,56589
56590,199319752,Matilde,Cifuentes,56590
56591,750732497,Lino,Vaquero,56591
56592,772094642,Jafet,Pedraza,56592
56593,512230104,Jose Antonio,Aroca,56593
56594,825104521,Adalberto,Noriega,56594
56595,956315160,Leon,Suarez,56595
56596,811911900,Aurora,Aparicio,56596
56597,818836441,Roman,Esteve,56597
56598,387304607,Emigdio,Aviles,56598
56599,423895551,Victoriano,Cerda,56599
56600,964589098,Sonia,Zabala,56600
56601,105223194,Maria Luisa,Gallardo,56601
56602,711647428,Miguel Angel,Conesa,56602
56603,949274448,Camila,Vendrell,56603
56604,615293257,Jose Carlos,Nino,56604
56605,723961451,Martirio,Pages,56605
56606,892777710,Severino,Flor,56606
56607,711627043,Gala,Tome,56607
56608,247928445,Maria Manuela,Vila,56608
56609,839727977,Casemiro,Aranda,56609
56610,369021623,Ani,Rovira,56610
56611,683770052,Ovidio,Marmol,56611
56612,200328025,Isabela,Montana,56612
56613,490931351,Nicolas,Llobet,56613
56614,661789382,Dorita,Canizares,56614
56615,215461297,Ruben,Anton,56615
56616,144691147,Albano,Garrido,56616
56617,247454811,Aaron,Duque,56617
56618,652109761,Custodia,Donaire,56618
56619,144832502,Eutropio,Echevarria,56619
56620,482934490,Salud,Paz,56620
56621,159391342,Lalo,Cobo,56621
56622,107203523,Dolores,Cabo,56622
56623,138781258,Aureliano,Puga,56623
56624,186196082,Apolinar,Colomer,56624
56625,288050072,Melisa,Alegre,56625
56626,386262573,Pastora,Raya,56626
56627,198795712,Emiliano,Aller,56627
56628,637369814,Rebeca,Hernando,56628
56629,346031923,Herminia,Fonseca,56629
56630,982416612,Marcelo,Marti,56630
56631,392454504,Federico,Diego,56631
56632,927490588,Che,Canet,56632
56633,974449648,Hernan,Bejarano,56633
56634,868940307,Josue,Garcia,56634
56635,981228996,Francisco Jose,Galvez,56635
56636,337042799,Carmela,Gabaldon,56636
56637,280336552,Luciana,Fuentes,56637
56638,781862788,Desiderio,Rozas,56638
56639,247917070,Rosario,Sobrino,56639
56640,583506189,Enrique,Yanez,56640
56641,334535081,Juanito,Abella,56641
56642,314561800,Clarisa,Neira,56642
56643,242012656,Jose Miguel,Llabres,56643
56644,363674513,Jenaro,Coca,56644
56645,790511166,Casemiro,Manzano,56645
56646,757151453,Lazaro,Tena,56646
56647,875250666,Carlito,Palomares,56647
56648,246732650,Reyna,Enriquez,56648
56649,430340421,Mauricio,Gibert,56649
56650,832383971,Jose Maria,Vargas,56650
56651,851019670,Chema,Penalver,56651
56652,889362391,Felisa,Bueno,56652
56653,120265540,Estela,Castillo,56653
56654,894427217,Jonatan,Ballester,56654
56655,433111745,Delfina,Avila,56655
56656,945006229,Ruy,Muro,56656
56657,921738334,Leonor,Velazquez,56657
56658,405606194,Ruben,Busquets,56658
56659,618508665,Ines,Maldonado,56659
56660,956995645,Florentina,Vila,56660
56661,780224945,Calisto,Casas,56661
56662,798657278,Manola,Cuervo,56662
56663,777380749,Regina,Manrique,56663
56664,569238281,Concepcion,Lara,56664
56665,601907372,Nelida,Mena,56665
56666,473539392,Elpidio,Andreu,56666
56667,125138569,Fortunato,Maldonado,56667
56668,628700657,Bernarda,Vizcaino,56668
56669,785181435,Octavia,Luque,56669
56670,328776882,Nicolasa,Aragones,56670
56671,185432353,Jose,Ramirez,56671
56672,940696211,Adan,Casals,56672
56673,640978053,Rosalina,Bueno,56673
56674,138180076,Manuel,Estevez,56674
56675,453296314,Donato,Flores,56675
56676,364929462,Alberto,Aragones,56676
56677,423387533,Amor,Samper,56677
56678,243006013,Sandra,Estevez,56678
56679,424864491,Miguel,Arellano,56679
56680,186845678,Edgardo,Caceres,56680
56681,716050354,Nayara,Serna,56681
56682,144423860,Florentina,Losada,56682
56683,312860120,Maria Jesus,Hoyos,56683
56684,997964040,Ale,Pineda,56684
56685,573792508,Paloma,Casares,56685
56686,190193465,Berta,Rivero,56686
56687,959580082,Elba,Marin,56687
56688,364823467,Juliana,Laguna,56688
56689,119433589,Fito,Rosa,56689
56690,456156912,Perla,Sacristan,56690
56691,946516262,Leoncio,Vilanova,56691
56692,271690159,Gustavo,Aller,56692
56693,538913338,Emiliana,Cordero,56693
56694,289259847,Plinio,Franch,56694
56695,735764451,Dionisia,Higueras,56695
56696,926543776,Luis Miguel,Cortes,56696
56697,514455339,Tadeo,Serra,56697
56698,253670801,Anastasia,Alcazar,56698
56699,938274470,Pepito,Valenciano,56699
56700,524913825,Leoncio,Carpio,56700
56701,655279799,Primitivo,Mate,56701
56702,664602723,Salvador,Quiroga,56702
56703,130476031,Aureliano,Nogueira,56703
56704,937017217,Toni,Castello,56704
56705,187848875,Calista,Fuentes,56705
56706,847245414,Vasco,Llorente,56706
56707,390613253,Amancio,Arevalo,56707
56708,389071376,Severo,Salmeron,56708
56709,853325660,Ramiro,Porcel,56709
56710,670246995,Ignacia,Jorda,56710
56711,352662524,Nazaret,Vall,56711
56712,295444101,Reina,Malo,56712
56713,501888278,Juan Bautista,Amores,56713
56714,951312345,Violeta,Aguirre,56714
56715,387602514,Silvia,Gimeno,56715
56716,652841449,Adelaida,Pla,56716
56717,588716780,Celestina,Alarcon,56717
56718,449351703,Sabas,Amaya,56718
56719,643079310,Ambar,Parejo,56719
56720,402442065,Emma,Domenech,56720
56721,876278044,Pepe,Ramon,56721
56722,162977152,Juan Francisco,Bernad,56722
56723,110168998,Julio Cesar,Morales,56723
56724,987541149,Marc,Duque,56724
56725,790959887,Sol,Mayo,56725
56726,449998767,Chucho,Checa,56726
56727,563164470,Francisco Jose,Pavon,56727
56728,631270437,Walter,Penas,56728
56729,866856799,Fabiola,Real,56729
56730,306671070,Luisa,Corral,56730
56731,545234642,Pancho,Pardo,56731
56732,608310158,Yaiza,Muniz,56732
56733,592100643,Quique,Blanco,56733
56734,607748944,Natalia,Castilla,56734
56735,810235637,Olalla,Cantero,56735
56736,261016090,Anna,Catala,56736
56737,893363628,Romulo,Blasco,56737
56738,214931656,Marita,Segui,56738
56739,964473781,Eduardo,Luis,56739
56740,556497985,Sarita,Aguilo,56740
56741,402535693,Modesta,Lasa,56741
56742,731060840,Matilde,Noriega,56742
56743,466425589,Paulina,Sala,56743
56744,516782911,Adelina,Aroca,56744
56745,177182281,Clemente,Gallart,56745
56746,165776129,Miguel Angel,Rozas,56746
56747,269726147,Bautista,Sedano,56747
56748,688815374,Natividad,Salamanca,56748
56749,658518310,Natalia,Carrasco,56749
56750,610329259,Joaquin,Espana,56750
56751,108064287,Alfredo,Uria,56751
56752,164164200,Climaco,Alfonso,56752
56753,839828656,Valentin,Llabres,56753
56754,440256506,Oriana,Osorio,56754
56755,240683158,Olivia,Palomo,56755
56756,888874280,Cipriano,Noguera,56756
56757,613102602,Rodolfo,Pujadas,56757
56758,500949841,Adoracion,Campos,56758
56759,575297851,Delia,Tejedor,56759
56760,567759044,Narcisa,Pinedo,56760
56761,308658994,Jose Manuel,Mate,56761
56762,814108811,Consuela,Portillo,56762
56763,315676192,Perlita,Echevarria,56763
56764,480644147,Lidia,Barriga,56764
56765,685339536,Chelo,Navas,56765
56766,962923454,Nazaret,Estevez,56766
56767,747559245,Ciro,Cisneros,56767
56768,338086692,Pascual,Larrea,56768
56769,428699980,Palmira,Pardo,56769
56770,489259463,Haydee,Rosado,56770
56771,271048149,Tiburcio,Coca,56771
56772,334793633,Marisela,Barrio,56772
56773,986503117,Eduardo,Blasco,56773
56774,568693754,Francisco,Navas,56774
56775,318806769,Remigio,Zabala,56775
56776,498222349,Montserrat,Hidalgo,56776
56777,710413302,Andrea,Salcedo,56777
56778,326003964,Jeremias,Calzada,56778
56779,283787744,Clementina,Uria,56779
56780,699967836,Natividad,Nadal,56780
56781,443871165,Mirta,Infante,56781
56782,703140522,Rebeca,Pomares,56782
56783,788134608,Carmela,Menendez,56783
56784,778569970,Donato,Pineda,56784
56785,452324310,Benito,Montes,56785
56786,876774649,Baldomero,Miguel,56786
56787,302376406,Prudencia,Cuellar,56787
56788,257295979,Edu,Jaume,56788
56789,574527729,Benita,Samper,56789
56790,987443829,Valerio,Viana,56790
56791,916723424,Anabel,Exposito,56791
56792,658228928,Fernanda,Escolano,56792
56793,943147038,Viviana,Carlos,56793
56794,373408895,Florinda,Planas,56794
56795,258221225,Pascuala,Bonilla,56795
56796,733119853,Cecilia,Aramburu,56796
56797,652376468,Anunciacion,Casas,56797
56798,236338545,Maria Carmen,Vega,56798
56799,209956857,Alba,Vinas,56799
56800,673819941,Leticia,Egea,56800
56801,501670687,Mauricio,Bayo,56801
56802,552774283,Valeria,Vara,56802
56803,725504277,Quirino,Madrigal,56803
56804,938813858,Dan,Girona,56804
56805,329490335,Rosalinda,Catala,56805
56806,885149965,Pastor,Roldan,56806
56807,648659429,Duilio,Pujol,56807
56808,541641141,Ligia,Asensio,56808
56809,398260442,Geronimo,Colomer,56809
56810,291118919,Galo,Bilbao,56810
56811,847390586,Virgilio,Vara,56811
56812,107919868,Fidel,Oliveras,56812
56813,906835619,Natalio,Roca,56813
56814,782925045,Anibal,Collado,56814
56815,700953429,Ezequiel,Santiago,56815
56816,324974389,Tristan,Cabezas,56816
56817,598663655,Evaristo,Garcia,56817
56818,584622436,Luis Miguel,Ortuno,56818
56819,746603813,Aitor,Rivas,56819
56820,225433921,Martin,Riera,56820
56821,651955239,Cesar,Heredia,56821
56822,567058796,Blanca,Beltran,56822
56823,173170533,Josefina,Herrero,56823
56824,854937529,Fermin,Marino,56824
56825,126212279,Hernan,Bayon,56825
56826,954481925,Dimas,Nicolas,56826
56827,189323107,Carlota,Roma,56827
56828,797056070,Edelmiro,Lozano,56828
56829,505711487,Tecla,Lobo,56829
56830,995382193,Fabricio,Ruano,56830
56831,738969222,Zaida,Mendoza,56831
56832,596068791,Amor,Priego,56832
56833,267370917,Sabas,Alcala,56833
56834,193892817,Tadeo,Acuna,56834
56835,534999088,Marita,Lerma,56835
56836,797270856,Marco,Aragones,56836
56837,837276257,Eulalia,Costa,56837
56838,258279726,Aurelio,Bonet,56838
56839,854239225,Amarilis,Mateu,56839
56840,986064068,Benjamin,Marquez,56840
56841,903228136,Sandalio,Gamez,56841
56842,766855276,Raquel,Giralt,56842
56843,782665451,Ramiro,Sabater,56843
56844,726502974,Inigo,Becerra,56844
56845,634844146,Elisa,Juarez,56845
56846,275851785,Eugenia,Ballesteros,56846
56847,635583238,Raquel,Otero,56847
56848,532935747,Cleto,Valentin,56848
56849,444518935,Roberta,Iglesia,56849
56850,654528850,Ariel,Leon,56850
56851,528968752,Buenaventura,Gimenez,56851
56852,646033247,Calixto,Pinedo,56852
56853,650090281,Edelmira,Munoz,56853
56854,638595401,Amor,Pozuelo,56854
56855,415573272,Desiderio,Macias,56855
56856,809994523,Carlito,Rubio,56856
56857,754434616,Demetrio,Penalver,56857
56858,792887116,Marcia,Amat,56858
56859,575351874,Gustavo,Diaz,56859
56860,858595243,Fabiana,Coca,56860
56861,727043063,Carmina,Montero,56861
56862,470343591,Pastor,Bolanos,56862
56863,137093470,Luna,Reyes,56863
56864,102482909,Eulalia,Canete,56864
56865,461848396,Almudena,Ibanez,56865
56866,555852011,Obdulia,Leon,56866
56867,517683605,Aurea,Arranz,56867
56868,435072209,Augusto,Guzman,56868
56869,527208564,Luis Angel,Ferrando,56869
56870,115059760,Evita,Comas,56870
56871,771437084,Abel,Mulet,56871
56872,462351907,Bienvenida,Garmendia,56872
56873,367713296,Loida,Nebot,56873
56874,574178445,Teobaldo,Prado,56874
56875,595128918,Nacio,Conesa,56875
56876,837717475,Berta,Esteban,56876
56877,564055999,Rosaura,Moreno,56877
56878,218934802,Marcio,Rossello,56878
56879,143649645,Xiomara,Almansa,56879
56880,560848002,Cirino,Tamayo,56880
56881,408723509,Enrique,Pina,56881
56882,830935012,Anacleto,Pol,56882
56883,135233814,Berta,Izquierdo,56883
56884,430724712,Loreto,Carmona,56884
56885,517421873,Damian,Chacon,56885
56886,828654753,Duilio,Solano,56886
56887,615193531,Porfirio,Cruz,56887
56888,198393680,Angela,Alcalde,56888
56889,528500924,Alberto,Palmer,56889
56890,328055977,Moreno,Falcon,56890
56891,376474149,Porfirio,Figueroa,56891
56892,739985667,Julie,Garcia,56892
56893,423466883,Lupe,Ojeda,56893
56894,761465045,Calisto,Ruiz,56894
56895,410649843,Iban,Bautista,56895
56896,370086076,Rosalina,Chamorro,56896
56897,414851305,Carlos,Solsona,56897
56898,975950017,Clara,Dominguez,56898
56899,705225785,Tono,Rossello,56899
56900,633062959,Clarisa,Polo,56900
56901,760266200,Julian,Velazquez,56901
56902,594803755,Heliodoro,Sanchez,56902
56903,989194025,Marcio,Marti,56903
56904,851528186,Reyes,Varela,56904
56905,260569234,Gil,Aguilo,56905
56906,789476117,Nacio,Ramis,56906
56907,922580820,Ignacia,Mesa,56907
56908,276225616,Lilia,Galiano,56908
56909,431618454,Lucho,Rodriguez,56909
56910,796901735,Ambar,Alberto,56910
56911,254713987,Juan Luis,Heredia,56911
56912,961086284,Eugenia,Ibarra,56912
56913,693414273,Remedios,Rocamora,56913
56914,378502356,Antonio,Moliner,56914
56915,825662856,Gaspar,Paz,56915
56916,373499740,Salomon,Duenas,56916
56917,210079525,Elba,Alberdi,56917
56918,563628591,Celestina,Ortiz,56918
56919,391412525,Maristela,Zabala,56919
56920,138277121,Porfirio,Pujadas,56920
56921,636958547,Eusebia,Vergara,56921
56922,909237024,Moises,Cabo,56922
56923,340571659,Marino,Gallo,56923
56924,598608663,Eustaquio,Losada,56924
56925,905051254,Nacho,Valentin,56925
56926,695367765,Maristela,Briones,56926
56927,402634174,Valerio,Murillo,56927
56928,190019909,Saturnino,Blanco,56928
56929,813671513,Serafina,Ferrandez,56929
56930,690693643,Celestino,Benet,56930
56931,613736298,Anselma,Mate,56931
56932,969003457,Fabricio,Aleman,56932
56933,747117881,Simon,Navarro,56933
56934,530873031,Morena,Busquets,56934
56935,708683728,Luna,Suarez,56935
56936,367829701,Conrado,Molina,56936
56937,340178506,Jose Manuel,Oliveras,56937
56938,195832150,Cayetana,Garces,56938
56939,526515059,Gloria,Pena,56939
56940,760394318,Luna,Llanos,56940
56941,391939037,Juan Jose,Cuenca,56941
56942,718853697,Martin,Portillo,56942
56943,144933834,Bernabe,Galiano,56943
56944,998207601,Almudena,Romero,56944
56945,869885994,Eliseo,Colom,56945
56946,328728357,Seve,Huertas,56946
56947,830656170,Estela,Ferrera,56947
56948,356620153,Adelardo,Alegria,56948
56949,514010771,Candela,Macias,56949
56950,676340423,Carla,Zabaleta,56950
56951,337535184,Nydia,Naranjo,56951
56952,707012095,Desiderio,Valera,56952
56953,887864740,Fidela,Ramirez,56953
56954,100541077,Ildefonso,Hernandez,56954
56955,181969275,Lucila,Lastra,56955
56956,113154894,Saturnino,Arias,56956
56957,355970072,Wilfredo,Velazquez,56957
56958,276875069,Dorotea,Haro,56958
56959,881647912,Carlito,Villa,56959
56960,688628505,Leire,Medina,56960
56961,263368301,Anacleto,Nieto,56961
56962,809227084,Jacinto,Moya,56962
56963,725280225,Ani,Mir,56963
56964,519848962,Maura,Aguila,56964
56965,457497091,Vasco,Berrocal,56965
56966,636958630,Jose Miguel,Escobar,56966
56967,382835230,Marisa,Torre,56967
56968,197655214,Lupita,Alcalde,56968
56969,346208137,Severino,Garces,56969
56970,799065854,Judith,Farre,56970
56971,761374992,Armando,Lozano,56971
56972,863161406,Hector,Gutierrez,56972
56973,698950995,Reyes,Navarrete,56973
56974,387876012,Carmina,Chaparro,56974
56975,887689628,Ester,Gallardo,56975
56976,390412339,Isabel,Corbacho,56976
56977,130472372,Berto,Ripoll,56977
56978,150145670,Jose Antonio,Tolosa,56978
56979,619969092,Alonso,Menendez,56979
56980,642521835,Vilma,Alcantara,56980
56981,774975119,Ivan,Ferrando,56981
56982,181781604,Raul,Orozco,56982
56983,371755276,Adolfo,Nogueira,56983
56984,763132336,Chus,Jordan,56984
56985,513381399,Miriam,Belmonte,56985
56986,517800276,Fabiola,Cases,56986
56987,909399888,Leonor,Cal,56987
56988,221356415,Loreto,Ibanez,56988
56989,822977855,Mercedes,Mateu,56989
56990,742725351,Aura,Teruel,56990
56991,677747900,Benito,Aviles,56991
56992,572854353,Juan Pablo,Jimenez,56992
56993,615594559,Eutropio,Cuesta,56993
56994,400774624,Ciro,Navas,56994
56995,733472295,Carina,Fiol,56995
56996,495074501,Anastasia,Gomez,56996
56997,835314395,Inocencio,Leon,56997
56998,125607128,Almudena,Aparicio,56998
56999,804520171,Berta,Rivas,56999
57000,242329445,Clementina,Serna,57000
57001,744182995,Gil,Duenas,57001
57002,265431835,Calixto,Crespo,57002
57003,142803442,Elisabet,Blanes,57003
57004,802232474,Concepcion,Cerro,57004
57005,234520345,Milagros,Moraleda,57005
57006,853667893,Ema,Vina,57006
57007,383648660,Salud,Jauregui,57007
57008,459501419,Manu,Garay,57008
57009,794669835,Tere,Calleja,57009
57010,741240557,Maria Angeles,Diez,57010
57011,483967663,Geronimo,Torres,57011
57012,916869183,Anacleto,Badia,57012
57013,489430941,Gaspar,Avila,57013
57014,565502729,Chita,Jerez,57014
57015,691547145,Venceslas,Marques,57015
57016,849643902,Hector,Lara,57016
57017,231931113,Che,Carrillo,57017
57018,207749349,Casandra,Calvet,57018
57019,558326071,Nacho,Moles,57019
57020,923269632,Octavia,Quintanilla,57020
57021,935966121,Sebastian,Azorin,57021
57022,260206818,Benigna,Anton,57022
57023,342209802,Bernardino,Calleja,57023
57024,370991822,Marisela,Nino,57024
57025,964362649,Emilio,Sola,57025
57026,217526404,Yessica,Lucena,57026
57027,455531798,Josefa,Tirado,57027
57028,800788705,Tania,Patino,57028
57029,928478215,Rodolfo,Abril,57029
57030,941442649,Martin,Salva,57030
57031,590426828,Abril,Munoz,57031
57032,258341293,Lucila,Lasa,57032
57033,377956706,Marc,Sobrino,57033
57034,508475871,Silvia,Valbuena,57034
57035,771357403,Melisa,Mendez,57035
57036,931117114,Ovidio,Palma,57036
57037,970633772,Moises,Lobato,57037
57038,480191374,Nacio,Esparza,57038
57039,603646475,Valentin,Gargallo,57039
57040,432683756,Telmo,Jordan,57040
57041,186664436,Lalo,Lobo,57041
57042,782099513,Cristobal,Tamarit,57042
57043,463046401,Claudia,Giron,57043
57044,303946680,Amaya,Puente,57044
57045,994516018,Cecilia,Espinosa,57045
57046,571591031,Emperatriz,Alvarez,57046
57047,621097693,Ramon,Aller,57047
57048,142521610,Carmen,Manuel,57048
57049,253297946,Irene,Bermudez,57049
57050,260534157,Camila,Puig,57050
57051,128659994,Isaac,Aleman,57051
57052,932784778,Teodora,Balaguer,57052
57053,709955410,Valentin,Escobar,57053
57054,755472478,Ines,Davila,57054
57055,809319342,Carina,Redondo,57055
57056,815981206,Primitivo,Calvet,57056
57057,405287429,Paulina,Mendizabal,57057
57058,588319450,Sosimo,Larrea,57058
57059,933134648,Artemio,Roman,57059
57060,407784103,Maximino,Munoz,57060
57061,499294890,Inmaculada,Castillo,57061
57062,146914152,Vera,Aroca,57062
57063,679548855,Ariel,Duran,57063
57064,569205242,Joel,Girona,57064
57065,728902867,Erasmo,Martinez,57065
57066,482382999,Apolonia,Pazos,57066
57067,950646883,Venceslas,Llorente,57067
57068,452330994,Palmira,Ocana,57068
57069,330470625,Ingrid,Redondo,57069
57070,324012167,Humberto,Rosa,57070
57071,767908410,Baldomero,Barrio,57071
57072,174873556,Juanita,Castilla,57072
57073,826740707,Catalina,Sola,57073
57074,250592189,Viviana,Bayona,57074
57075,836388097,Laura,Banos,57075
57076,102538212,Alma,Vaquero,57076
57077,748277326,Adoracion,Iniesta,57077
57078,317620723,Hilda,Comas,57078
57079,847445625,Clarisa,Giner,57079
57080,744953958,Reyes,Miro,57080
57081,727206038,Africa,Alcaraz,57081
57082,263427859,Nicolas,Pomares,57082
57083,777126717,Guadalupe,Mora,57083
57084,824191268,Quique,Bonet,57084
57085,868923706,Marciano,Iglesia,57085
57086,397064354,Dorita,Casas,57086
57087,973968374,Goyo,Hernandez,57087
57088,560146554,Eutimio,Garmendia,57088
57089,697758794,Lorena,Toledo,57089
57090,951562631,Samanta,Canete,57090
57091,927745164,Elodia,Vallejo,57091
57092,885572544,Emigdio,Rossello,57092
57093,149551957,Jeronimo,Torrens,57093
57094,901059734,Maxi,Macias,57094
57095,433792421,Juanita,Paez,57095
57096,723868382,Pedro,Paz,57096
57097,798587251,Azucena,Villena,57097
57098,848224361,Matias,Arranz,57098
57099,670147085,Julie,Noriega,57099
57100,418078677,Emiliana,Adadia,57100
57101,495667054,Geronimo,Saura,57101
57102,625233379,Tatiana,Guzman,57102
57103,985997538,Victoriano,Zaragoza,57103
57104,220141776,Atilio,Quiroga,57104
57105,845678602,Pelayo,Somoza,57105
57106,630052858,Nico,Pina,57106
57107,191789395,Gracia,Cornejo,57107
57108,610412145,Reyna,Contreras,57108
57109,404695458,Adela,Vilar,57109
57110,305294264,Sonia,Capdevila,57110
57111,220848858,Agueda,Llorens,57111
57112,822809907,Guiomar,Vendrell,57112
57113,241982244,Pepe,Terron,57113
57114,720300185,Eva,Tejada,57114
57115,756747809,Aaron,Trillo,57115
57116,965853514,Estrella,Crespi,57116
57117,770040664,Sebastian,Galvan,57117
57118,429312835,Matias,Olmo,57118
57119,336626896,Nidia,Garces,57119
57120,893573640,Victor,Torre,57120
57121,294622507,Otilia,Arribas,57121
57122,648444053,Jose Manuel,Salamanca,57122
57123,899799761,Susana,Casado,57123
57124,603718274,Pacifica,Crespi,57124
57125,171220697,Adoracion,Fabregas,57125
57126,260857926,Odalis,Girona,57126
57127,448492670,Plinio,Alsina,57127
57128,201369692,Isaac,Almeida,57128
57129,293503116,Samanta,Nino,57129
57130,681664881,Bibiana,Vigil,57130
57131,912687889,Gala,Palmer,57131
57132,138462348,Primitiva,Montenegro,57132
57133,789996370,Calixto,Alvarez,57133
57134,916404197,Tatiana,Vicens,57134
57135,387880558,Marciano,Talavera,57135
57136,543083956,Marisa,Valero,57136
57137,218169602,Candelas,Zamorano,57137
57138,258706553,Rosario,Avila,57138
57139,722840429,Mariano,Borja,57139
57140,978888054,Ale,Vives,57140
57141,307826934,Georgina,Pedraza,57141
57142,395027187,Eric,Gordillo,57142
57143,304138717,Pepito,Canellas,57143
57144,287423759,Horacio,Esteve,57144
57145,684980162,Maristela,Ramirez,57145
57146,191488212,Maura,Barral,57146
57147,860872071,Rebeca,Olivera,57147
57148,345480349,Felix,Valenciano,57148
57149,963168955,Bernabe,Cifuentes,57149
57150,732730625,Gustavo,Ortega,57150
57151,795446383,Maria Del Carmen,Mercader,57151
57152,433009803,Quirino,Garrido,57152
57153,171102653,Cesar,Barranco,57153
57154,587644817,Luisa,Seco,57154
57155,308597916,Coral,Monreal,57155
57156,387352915,Camila,Maldonado,57156
57157,479324823,Roque,Terron,57157
57158,711971744,Felipe,Maldonado,57158
57159,273053952,Candida,Pintor,57159
57160,123022284,Noemi,Rojas,57160
57161,125142770,Marciano,Nebot,57161
57162,453651508,Chelo,Arco,57162
57163,999268679,Guillermo,Perello,57163
57164,569532905,Rafa,Martinez,57164
57165,737113157,Eli,Porcel,57165
57166,118638914,Clemente,Arnaiz,57166
57167,961643284,Carmelo,Fortuny,57167
57168,223513318,Irene,Blazquez,57168
57169,351145459,Faustino,Bellido,57169
57170,551233828,Gustavo,Galvan,57170
57171,511172678,Jovita,Bosch,57171
57172,961840666,Alcides,Nicolas,57172
57173,742674262,Diego,Gallego,57173
57174,343291811,Sarita,Cabanas,57174
57175,474791936,Guiomar,Neira,57175
57176,403569535,Maria Belen,Paez,57176
57177,970736841,Teodora,Delgado,57177
57178,494803585,Baltasar,Adan,57178
57179,392639018,Pilar,Alvarez,57179
57180,558128180,Esther,Pineiro,57180
57181,864007227,Andres,Huguet,57181
57182,521501921,Gervasio,Tello,57182
57183,561155834,Salome,Pazos,57183
57184,776715216,Custodio,Borrell,57184
57185,225073754,Onofre,Grande,57185
57186,735794188,Sandalio,Trillo,57186
57187,870188827,Maria Jose,Galvan,57187
57188,741436717,Lope,Esparza,57188
57189,601779318,Ruperto,Amo,57189
57190,877139307,Florentino,Zabala,57190
57191,985070511,Martina,Lucas,57191
57192,913425638,Alba,Arino,57192
57193,219924075,Alejandra,Pereira,57193
57194,290070282,Flor,Guerrero,57194
57195,242391708,Amaro,Macias,57195
57196,504375133,Santiago,Landa,57196
57197,819212318,Milagros,Casas,57197
57198,968501742,Romulo,Ordonez,57198
57199,112357360,Lucas,Mosquera,57199
57200,519071263,Tomas,Fernandez,57200
57201,967762832,Ximena,Bejarano,57201
57202,340504265,Florinda,Marin,57202
57203,433586126,Artemio,Arribas,57203
57204,832733570,Dorotea,Carreras,57204
57205,646393799,Maria Dolores,Guerrero,57205
57206,269185721,Federico,Ribera,57206
57207,139713759,Soraya,Clemente,57207
57208,326325349,Samu,Bermudez,57208
57209,344245696,Micaela,Montalban,57209
57210,491810627,Noelia,Ribas,57210
57211,138309442,Matilde,Correa,57211
57212,956633539,Macario,Palomino,57212
57213,443318631,Dionisia,Osuna,57213
57214,587413633,Brunilda,Blanes,57214
57215,148052339,Reyes,Sevillano,57215
57216,893623744,Etelvina,Carranza,57216
57217,385469917,Nicolasa,Cortes,57217
57218,444602093,Rosalia,Abril,57218
57219,811586160,Visitacion,Segovia,57219
57220,725252116,Abraham,Redondo,57220
57221,718699267,Sabas,Saez,57221
57222,410913185,Borja,Pavon,57222
57223,605110125,Celso,Caballero,57223
57224,933641437,Feliciano,Giner,57224
57225,415927385,Belen,Guillen,57225
57226,248860334,Eusebia,Vilalta,57226
57227,881045635,Cebrian,Bernal,57227
57228,778563286,Edelmira,Palacio,57228
57229,780973979,Delfina,Amoros,57229
57230,854129434,Cirino,Larranaga,57230
57231,411332470,Luna,Barrio,57231
57232,185170388,Mohamed,Mascaro,57232
57233,814590049,Luisina,Valencia,57233
57234,699712515,Teresa,Navarro,57234
57235,740189455,Ursula,Montenegro,57235
57236,571870390,Aurea,Boada,57236
57237,723862195,Ambar,Ribera,57237
57238,183377639,Luisina,Paz,57238
57239,616729229,Gabriela,Malo,57239
57240,513936749,Maria Luisa,Calderon,57240
57241,604087896,Anselmo,Espinosa,57241
57242,937336937,Donato,Coca,57242
57243,475113683,Carmela,Fernandez,57243
57244,574297480,Inigo,Frias,57244
57245,870530979,Fernando,Moran,57245
57246,997084556,Mar,Molina,57246
57247,690459089,Urbano,Almansa,57247
57248,557609676,Perla,Arce,57248
57249,241220017,Anastasia,Ramis,57249
57250,589035643,Ezequiel,Pont,57250
57251,775440232,Eliseo,Luis,57251
57252,239298631,Yesica,Perez,57252
57253,411979622,Elvira,Tirado,57253
57254,992501777,Marina,Ros,57254
57255,502487922,Sabina,Sedano,57255
57256,581325306,Zaira,Cozar,57256
57257,424853534,Emma,Prats,57257
57258,265299475,Leocadio,Tolosa,57258
57259,520995626,Vera,Arcos,57259
57260,201466077,Eli,Bello,57260
57261,847251576,Bruno,Gallo,57261
57262,345412105,Lorenza,Torrijos,57262
57263,119266760,Clotilde,Barranco,57263
57264,527348149,Maxima,Aparicio,57264
57265,218835608,Cipriano,Puente,57265
57266,429533150,Andres Felipe,Martinez,57266
57267,218509300,Hipolito,Torrecilla,57267
57268,730063061,Serafina,Vaquero,57268
57269,390455920,Cecilia,Frutos,57269
57270,179091442,Yago,Munoz,57270
57271,794823593,Emilia,Ariza,57271
57272,581614037,Lucio,Rey,57272
57273,387054112,Trinidad,Morillo,57273
57274,567288110,Carmina,Salmeron,57274
57275,963883015,Micaela,Garate,57275
57276,938081917,Concepcion,Barbero,57276
57277,849796312,Aurea,Menendez,57277
57278,436520670,Magdalena,Bayon,57278
57279,842236764,Encarnacion,Coloma,57279
57280,150120215,Pepito,Nogueira,57280
57281,857621086,Benigno,Marti,57281
57282,255759957,Victor,Uribe,57282
57283,183779038,Primitivo,Cornejo,57283
57284,454842341,Julian,Gonzalez,57284
57285,938823167,Fanny,Egea,57285
57286,276396380,Marciano,Alfaro,57286
57287,176877893,Graciano,Revilla,57287
57288,245585310,Aurelia,Salazar,57288
57289,620292410,Fanny,Moll,57289
57290,379973198,Inmaculada,Barbero,57290
57291,278061872,Nydia,Morillo,57291
57292,414742242,Maria Belen,Anglada,57292
57293,751470990,Cesar,Prado,57293
57294,901224875,Baudelio,Calderon,57294
57295,448751411,Fabio,Lobato,57295
57296,622453359,Espiridion,Carranza,57296
57297,238101552,Etelvina,Carbonell,57297
57298,567669820,Rita,Reina,57298
57299,164946662,Guiomar,Pazos,57299
57300,537066197,Ruperto,Talavera,57300
57301,492323633,Ezequiel,Garmendia,57301
57302,611639596,Paca,Rocha,57302
57303,600467926,Leandra,Barragan,57303
57304,769503859,Nacho,Arellano,57304
57305,923480417,Moreno,Mugica,57305
57306,472470286,Rosalinda,Ferrando,57306
57307,643590396,Sandra,Pozuelo,57307
57308,139165666,Emilio,Becerra,57308
57309,546989045,Arturo,Bilbao,57309
57310,584228603,Hilda,Calderon,57310
57311,395924533,Porfirio,Espejo,57311
57312,875236892,Paz,Olmedo,57312
57313,124259407,Leonor,Gonzalez,57313
57314,348861558,Tere,Vergara,57314
57315,811626712,Guiomar,Carbo,57315
57316,307685553,Edmundo,Morillo,57316
57317,489242942,Azahar,Recio,57317
57318,948365628,Rita,Aguilera,57318
57319,700625209,Francisco,Hernandez,57319
57320,759586466,Alicia,Barco,57320
57321,938316004,Jacinta,Arevalo,57321
57322,203270175,Agata,Solera,57322
57323,443049191,Abilio,Coca,57323
57324,450473674,Porfirio,Landa,57324
57325,887831329,Dolores,Rosa,57325
57326,278851965,Albino,Carreras,57326
57327,825867084,Lucio,Mariscal,57327
57328,317329382,Amada,Acuna,57328
57329,988694304,Espiridion,Morante,57329
57330,660383517,Lino,Alcaraz,57330
57331,585273454,Apolinar,Isern,57331
57332,724157415,Jorge,Bertran,57332
57333,493676496,Natanael,Tovar,57333
57334,806026638,Asuncion,Sala,57334
57335,114478053,Adora,Mir,57335
57336,463973055,Anastasio,Saez,57336
57337,811992255,Ciro,Reguera,57337
57338,697124241,Isaura,Ribera,57338
57339,196156983,Eulalia,Tapia,57339
57340,736297129,Luisina,Ferrandez,57340
57341,905731664,Francisco Javier,Montoya,57341
57342,422017076,Rosario,Campos,57342
57343,373762624,Nilda,Porta,57343
57344,789319694,Marcio,Maestre,57344
57345,423190422,Eladio,Rosell,57345
57346,587908739,Aitana,Urrutia,57346
57347,173438135,Piedad,Gallego,57347
57348,362141715,Nico,Rio,57348
57349,642848910,Tamara,Arjona,57349
57350,394849459,Clarisa,Marquez,57350
57351,840034349,Otilia,Carballo,57351
57352,818766199,Florentina,Madrigal,57352
57353,907075004,Emigdio,Moreno,57353
57354,399536533,Reynaldo,Valverde,57354
57355,208603438,Febe,Cerda,57355
57356,172341506,Armida,Iglesia,57356
57357,607239435,Abigail,Francisco,57357
57358,823067344,Aitor,Sola,57358
57359,106016381,Alejandra,Aguirre,57359
57360,434067364,Maria Teresa,Morales,57360
57361,549133639,Almudena,Pedrero,57361
57362,329759764,Armando,Solsona,57362
57363,450062454,Leticia,Soler,57363
57364,229019953,Fabiola,Canton,57364
57365,760718227,Brigida,Martorell,57365
57366,826100954,Odalys,Andres,57366
57367,373078345,Ingrid,Quintanilla,57367
57368,229829791,Jose Ramon,Torralba,57368
57369,734908987,Leyre,Maestre,57369
57370,214312641,Antonia,Salamanca,57370
57371,328792917,Odalys,Checa,57371
57372,903210024,Edelmiro,Carreras,57372
57373,744831591,Placido,Acero,57373
57374,556546418,Fidela,Vilalta,57374
57375,626878313,Nilo,Rovira,57375
57376,662912330,Maria Dolores,Nadal,57376
57377,942380496,Rosalinda,Gaya,57377
57378,254195781,Rodrigo,Duarte,57378
57379,477772952,Romulo,Guardiola,57379
57380,441475197,Rufino,Izaguirre,57380
57381,824549409,Teodora,Arranz,57381
57382,201385896,Celso,Larrea,57382
57383,621865810,Armando,Ponce,57383
57384,174901712,Benigno,Lucena,57384
57385,231742480,Otilia,Mata,57385
57386,314287875,Sebastian,Vendrell,57386
57387,984392436,Alicia,Acuna,57387
57388,895814285,Augusto,Valls,57388
57389,832098106,Baudelio,Aviles,57389
57390,241109855,Ramiro,Garay,57390
57391,333480705,Prudencio,Cardona,57391
57392,747698023,Rosalia,Cerdan,57392
57393,669879372,Agustina,Pont,57393
57394,746759607,Hipolito,Saenz,57394
57395,170650833,Alexandra,Escribano,57395
57396,754723666,Bernabe,Padilla,57396
57397,855528153,Carlos,Arrieta,57397
57398,795898083,Edelmiro,Arjona,57398
57399,913836349,Fabian,Ripoll,57399
57400,666213475,Amor,Palacio,57400
57401,814397435,Nazaret,Nieto,57401
57402,970719124,Florentina,Monreal,57402
57403,183063280,Leticia,Ferrero,57403
57404,641921965,Jose,Calvet,57404
57405,224918966,Wilfredo,Valcarcel,57405
57406,182178867,Adelardo,Bonilla,57406
57407,834223091,Aura,Valencia,57407
57408,670488349,Aitor,Acosta,57408
57409,614038492,Tomas,Nogueira,57409
57410,730407174,Alba,Cobo,57410
57411,653194341,Vicenta,Angulo,57411
57412,717387403,Dorotea,Valverde,57412
57413,421275604,Severino,Martin,57413
57414,571917953,Teo,Santamaria,57414
57415,738530726,Loreto,Nunez,57415
57416,978539184,Julian,Villalobos,57416
57417,467790399,Reina,Grau,57417
57418,561906353,Marcio,Espanol,57418
57419,167319890,Patricio,Castellanos,57419
57420,448818705,Natividad,Nino,57420
57421,450592502,Ovidio,Pareja,57421
57422,197340637,Edelmiro,Uria,57422
57423,302864096,Ambrosio,Arana,57423
57424,606152281,Hernan,Esparza,57424
57425,492050716,Eloy,Coronado,57425
57426,892565072,Marisela,Marino,57426
57427,198788642,Jafet,Iglesias,57427
57428,409734981,Telmo,Ros,57428
57429,579396272,Pascual,Perea,57429
57430,251358955,Consuela,Planas,57430
57431,745948649,Mar,Alberdi,57431
57432,465204041,Marta,Bustamante,57432
57433,621549889,Marina,Campoy,57433
57434,929668208,Arturo,Catala,57434
57435,562492105,Loreto,Moran,57435
57436,812986168,Eva,Berenguer,57436
57437,172497931,Marciano,Sanmiguel,57437
57438,144810794,Vicenta,Pablo,57438
57439,574634233,Agata,Espanol,57439
57440,752857457,Constanza,Navas,57440
57441,642742926,Jose Ignacio,Mancebo,57441
57442,561795179,Francisca,Rosales,57442
57443,559104915,Mercedes,Mari,57443
57444,661301923,Yago,Sarmiento,57444
57445,209924839,Maria Del Carmen,Bueno,57445
57446,713212933,Desiderio,Terron,57446
57447,789538278,Mateo,Alcazar,57447
57448,160336514,Maximino,Herrera,57448
57449,791991884,Purificacion,Salva,57449
57450,672669115,Africa,Montenegro,57450
57451,158629137,Fidel,Guijarro,57451
57452,576011765,Pascual,Nunez,57452
57453,191473857,Veronica,Crespi,57453
57454,103102169,Yesica,Lamas,57454
57455,714610506,Pedro,Belda,57455
57456,714437261,Amancio,Hurtado,57456
57457,884435864,Gracia,Benitez,57457
57458,521256601,Berta,Segura,57458
57459,589322510,Herminia,Daza,57459
57460,183750866,Rosario,Andres,57460
57461,708559617,Benita,Piquer,57461
57462,445912201,Felicidad,Navarro,57462
57463,273601324,Roberta,Pages,57463
57464,488761674,Sebastian,Tolosa,57464
57465,643938842,Roldan,Carrillo,57465
57466,329536370,Perla,Grande,57466
57467,523260931,Juan Bautista,Galvez,57467
57468,672134280,Herminio,Bernad,57468
57469,335648483,Viviana,Domenech,57469
57470,267003528,Corona,Miralles,57470
57471,116296219,Daniela,Arteaga,57471
57472,956631827,Martirio,Galvan,57472
57473,324120072,Maria Carmen,Gaya,57473
57474,973306624,Enrique,Moliner,57474
57475,433562645,Albano,Mateos,57475
57476,176179055,Socorro,Perera,57476
57477,773878598,Reinaldo,Vendrell,57477
57478,168299189,Segismundo,Diego,57478
57479,166467019,Silvestre,Blazquez,57479
57480,881457154,Juan Bautista,Flores,57480
57481,711726485,Chita,Mendez,57481
57482,213976756,Esperanza,Cabo,57482
57483,234508441,Ricarda,Cordero,57483
57484,737485468,Sarita,Duran,57484
57485,965849695,Valero,Carrasco,57485
57486,466748150,Guadalupe,Crespi,57486
57487,982480720,Camilo,Roma,57487
57488,199896532,Matilde,Flores,57488
57489,718389278,Adora,Pinto,57489
57490,994424196,German,Pacheco,57490
57491,374931997,Apolonia,Real,57491
57492,132206977,Claudia,Zamorano,57492
57493,427209979,Fernando,Lucena,57493
57494,968514060,Tomasa,Olmedo,57494
57495,369062498,Asdrubal,Espinosa,57495
57496,693778464,Ildefonso,Pascual,57496
57497,291742332,Agueda,Adan,57497
57498,664663776,Constanza,Palomo,57498
57499,673415741,Heraclio,Goicoechea,57499
57500,158308479,Nydia,Quintana,57500
57501,923106146,Cintia,Garmendia,57501
57502,449644826,Paloma,Garces,57502
57503,131977132,Ruben,Tome,57503
57504,271214645,Leonel,Cerda,57504
57505,659674967,Jose,Aguado,57505
57506,714474062,Josep,Galan,57506
57507,246852938,Anita,Baez,57507
57508,244295450,Pilar,Santos,57508
57509,755121825,Ascension,Gomis,57509
57510,775506904,Gala,Carreras,57510
57511,684476350,Carlito,Cruz,57511
57512,697109426,Nacho,Cid,57512
57513,536137195,Paola,Anguita,57513
57514,959356758,Angela,Torralba,57514
57515,435748029,Porfirio,Valle,57515
57516,182191504,Tatiana,Beltran,57516
57517,589236086,Tiburcio,Espinosa,57517
57518,897118986,Lupe,Jove,57518
57519,192931256,Lidia,Larrea,57519
57520,537406485,Sancho,Paz,57520
57521,873899945,Marcela,Torrent,57521
57522,662517239,Tere,Tur,57522
57523,111083132,Joan,Prada,57523
57524,530272823,Victorino,Daza,57524
57525,745613047,Angelino,Cabanas,57525
57526,144418004,Carla,Acero,57526
57527,966707990,Juan,Zamorano,57527
57528,575486067,Nacio,Ballesteros,57528
57529,489197432,Aura,Hernandez,57529
57530,958204876,Pablo,Domingo,57530
57531,464658316,Serafina,Font,57531
57532,218588596,Dimas,Andres,57532
57533,788069130,Venceslas,Jimenez,57533
57534,713647592,Jose Angel,Maldonado,57534
57535,237097566,Ezequiel,Rosa,57535
57536,952861621,Adoracion,Garzon,57536
57537,906750582,Cebrian,Barreda,57537
57538,119020053,Flora,Taboada,57538
57539,730496186,Mayte,Casares,57539
57540,134679013,Jeremias,Guardiola,57540
57541,505772186,Carmela,Alberola,57541
57542,451762960,Maria Teresa,Rios,57542
57543,924408564,Conrado,Ferreras,57543
57544,755739482,Inigo,Ros,57544
57545,648945693,Priscila,Martorell,57545
57546,701132714,Quique,Camacho,57546
57547,578862778,Zacarias,Cerro,57547
57548,640179826,Araceli,Caro,57548
57549,641563732,Natalia,Giner,57549
57550,986502539,Cayetana,Sacristan,57550
57551,865119669,Leon,Canton,57551
57552,725329138,Herberto,Camara,57552
57553,432321799,Cecilio,Bayon,57553
57554,618852618,Guillermo,Belmonte,57554
57555,257130939,Tiburcio,Valls,57555
57556,987363854,Xavier,Miranda,57556
57557,773403516,Celestina,Bonet,57557
57558,591436801,Humberto,Herrera,57558
57559,725630483,Wilfredo,Alonso,57559
57560,827917818,Marcelino,Saavedra,57560
57561,636389407,Domitila,Garate,57561
57562,278749593,Judith,Talavera,57562
57563,563259396,Nazaret,Alcazar,57563
57564,640803668,Marcela,Manuel,57564
57565,876591562,Dolores,Sanabria,57565
57566,925732000,Joel,Pareja,57566
57567,571621494,Luisina,Prats,57567
57568,269188978,Teodoro,Pareja,57568
57569,635913161,Jose Manuel,Franco,57569
57570,632999232,Candelario,Benavente,57570
57571,534296610,Micaela,Batalla,57571
57572,943273690,Lorenza,Vila,57572
57573,658772977,Coral,Alcalde,57573
57574,111693003,Ana,Ribera,57574
57575,600828692,Leyre,Pont,57575
57576,115729383,Josefina,Hierro,57576
57577,924584331,Amelia,Calatayud,57577
57578,499322200,Pablo,Bermudez,57578
57579,168059306,Amor,Castell,57579
57580,502994142,Javiera,Bustamante,57580
57581,677851834,Luis Angel,Bilbao,57581
57582,709668437,Plinio,Ibanez,57582
57583,833286911,Humberto,Tudela,57583
57584,830692587,Socorro,Prat,57584
57585,468555563,Jorge,Ortuno,57585
57586,145818006,Olga,Nicolas,57586
57587,816947257,Encarna,Azcona,57587
57588,963878986,Leonor,Blazquez,57588
57589,281143825,Valero,Saez,57589
57590,283339454,Raquel,Arcos,57590
57591,894722068,Tomasa,Aparicio,57591
57592,142786494,Roberto,Ferrera,57592
57593,342231957,Amancio,Asenjo,57593
57594,750212557,Dominga,Vigil,57594
57595,206778588,Lorenzo,Ortuno,57595
57596,580053616,Plinio,Guzman,57596
57597,657320098,Octavia,Sevillano,57597
57598,432790499,Montserrat,Cisneros,57598
57599,295277389,Gregorio,Casado,57599
57600,900686556,Emiliana,Guillen,57600
57601,871009947,Gregorio,Perea,57601
57602,143137037,Vinicio,Velazquez,57602
57603,482886155,Maria Manuela,Falco,57603
57604,786675037,Teofila,Tapia,57604
57605,410728831,Jose Ramon,Rey,57605
57606,956581252,Florina,Alemany,57606
57607,659331338,Domitila,Villa,57607
57608,135620477,Raquel,Madrid,57608
57609,694936390,Sara,Soria,57609
57610,164539892,Tadeo,Romero,57610
57611,661450347,Cesar,Alcolea,57611
57612,344500612,Maximino,Berenguer,57612
57613,207569201,Damian,Coello,57613
57614,807496761,Marisa,Cantero,57614
57615,742978798,Silvia,Crespi,57615
57616,759156930,Montserrat,Lluch,57616
57617,236638468,Alma,Castaneda,57617
57618,758317579,Consuelo,Ramis,57618
57619,625947538,Julieta,Bartolome,57619
57620,336783549,Sara,Ferrandiz,57620
57621,834840957,Luis,Mugica,57621
57622,166522448,Ambar,Barrios,57622
57623,209309074,Ildefonso,Cases,57623
57624,569400711,Delfina,Pereira,57624
57625,168518792,Fortunato,Cuellar,57625
57626,743325626,Milagros,Barragan,57626
57627,271584142,Purificacion,Escribano,57627
57628,626986088,Marina,Badia,57628
57629,536809507,Manu,Oller,57629
57630,756899581,Ines,Canton,57630
57631,177532363,Leandro,Salmeron,57631
57632,332132149,Irma,Valle,57632
57633,644080833,Alejo,Arregui,57633
57634,785542941,Maximiliano,Torrents,57634
57635,563573101,Alvaro,Alberto,57635
57636,845808515,Cristobal,Ortuno,57636
57637,836589605,Ligia,Company,57637
57638,928122275,Adoracion,Abascal,57638
57639,716437095,Luisa,Sarabia,57639
57640,358391032,Inmaculada,Malo,57640
57641,371005716,Lupe,Llobet,57641
57642,930053050,Urbano,Llado,57642
57643,438091376,Albino,Coronado,57643
57644,472186658,Jeronimo,Nicolas,57644
57645,365329706,Geronimo,Peralta,57645
57646,629202003,Nerea,Andrade,57646
57647,708510682,Maria Cristina,Gelabert,57647
57648,852502220,Alexandra,Uria,57648
57649,859386563,Jenny,Aguilera,57649
57650,445938219,Rosalia,Ribes,57650
57651,441284092,Marianela,Bonet,57651
57652,755434030,Dan,Casado,57652
57653,560296184,Josue,Berrocal,57653
57654,129893237,Adelardo,Sancho,57654
57655,782029983,Azahar,Lopez,57655
57656,501595113,Isaias,Vila,57656
57657,193160275,Serafina,Amat,57657
57658,519023637,Angelino,Jaen,57658
57659,921159613,Eduardo,Hervia,57659
57660,454412509,Bautista,Torrecilla,57660
57661,199959872,Maxi,Taboada,57661
57662,330220100,Saturnino,Pomares,57662
57663,777806284,Ileana,Alsina,57663
57664,445733198,Rosario,Duenas,57664
57665,490620926,Filomena,Diaz,57665
57666,321734114,Anastasio,Ayuso,57666
57667,877125902,Cecilio,Espada,57667
57668,313764631,Joan,Goni,57668
57669,526746491,Jovita,Galvan,57669
57670,295411355,Alicia,Pizarro,57670
57671,149190999,Osvaldo,Muniz,57671
57672,146809159,Daniela,Sancho,57672
57673,181244560,Isidro,Montalban,57673
57674,179394608,Paola,Porcel,57674
57675,504854166,Gabriela,Uriarte,57675
57676,853120084,Telmo,Alvarado,57676
57677,755380495,Julie,Casal,57677
57678,755700552,Rodrigo,Guillen,57678
57679,875961234,Amor,Cueto,57679
57680,766209130,Vilma,Escalona,57680
57681,275487315,Alma,Arregui,57681
57682,483491936,Maria Teresa,Martin,57682
57683,120012420,Genoveva,Flores,57683
57684,283554861,Xiomara,Corbacho,57684
57685,230428735,Buenaventura,Arana,57685
57686,408109822,Jorge,Acero,57686
57687,960123724,Flavio,Cepeda,57687
57688,271453008,Carolina,Espanol,57688
57689,858547864,Jorge,Fernandez,57689
57690,248720765,Omar,Cabo,57690
57691,491808645,Luz,Canete,57691
57692,226322822,Albert,Guerrero,57692
57693,929753025,Soledad,Espejo,57693
57694,443714077,Felipe,Sola,57694
57695,400662203,Ambar,Canas,57695
57696,920026884,Cleto,Acevedo,57696
57697,478371192,Leocadio,Roda,57697
57698,575297020,Angelica,Munoz,57698
57699,419801881,Maura,Arroyo,57699
57700,897901539,Maximino,Saez,57700
57701,691764195,Tito,Manzano,57701
57702,432937975,Emma,Ferrer,57702
57703,336719301,Bernardino,Quiros,57703
57704,221801435,Joan,Barros,57704
57705,654821479,Oriana,Tenorio,57705
57706,989587635,Emigdio,Roig,57706
57707,913250824,Alberto,Jaume,57707
57708,325488664,Socorro,Varela,57708
57709,493607890,Iban,Avila,57709
57710,162640543,Rosenda,Casas,57710
57711,441868007,Antonia,Nieto,57711
57712,587351416,Jordi,Codina,57712
57713,399707817,Olivia,Criado,57713
57714,829984429,Gerardo,Olivera,57714
57715,629698231,Clara,Alvaro,57715
57716,458765613,Judith,Palomar,57716
57717,841402147,Paula,Palau,57717
57718,179917403,Edgardo,Galindo,57718
57719,233090257,Juliana,Verdu,57719
57720,450578942,Felix,Moya,57720
57721,281602749,Leoncio,Salgado,57721
57722,410137007,Florentino,Barcena,57722
57723,940316139,Andres,Tello,57723
57724,950849074,Albino,Maza,57724
57725,819020254,Ciriaco,Roman,57725
57726,348528737,Jaime,Campos,57726
57727,959737079,Maria Carmen,Blanes,57727
57728,679123464,Felisa,Alcazar,57728
57729,478256594,Victoriano,Pinol,57729
57730,651665865,Julio,Velasco,57730
57731,343740533,Romulo,Llano,57731
57732,688749058,Maria Jesus,Palomar,57732
57733,613479753,Jose,Sevillano,57733
57734,466139899,Leonel,Goicoechea,57734
57735,823479929,Maria Luisa,Gelabert,57735
57736,149706673,Victor Manuel,Egea,57736
57737,241987261,Emma,Castejon,57737
57738,807205666,Viviana,Vargas,57738
57739,947301517,Berto,Portillo,57739
57740,227378810,Pelayo,Alcalde,57740
57741,347851610,Rosa Maria,Hidalgo,57741
57742,445082788,Eugenia,Oliva,57742
57743,690597632,Maxi,Gisbert,57743
57744,902556373,Dionisia,Quiros,57744
57745,623515388,Isaac,Vega,57745
57746,350435023,Morena,Pazos,57746
57747,652248504,Marcia,Cardenas,57747
57748,357167745,Matias,Uriarte,57748
57749,662630899,Maria Jesus,Chaparro,57749
57750,946456384,Sebastian,Camino,57750
57751,583314848,Osvaldo,Ropero,57751
57752,381775034,Ciro,Bernat,57752
57753,288519277,Lupe,Arevalo,57753
57754,243537195,Aurea,Tejada,57754
57755,696626607,Adrian,Cozar,57755
57756,241893465,Jeronimo,Arrieta,57756
57757,106422645,Celia,Aller,57757
57758,883323688,Nazaret,Vives,57758
57759,711851645,Cecilio,Jaen,57759
57760,577089221,Alejandra,Bustamante,57760
57761,156513918,Francisca,Vilar,57761
57762,886090964,Arcelia,Iglesia,57762
57763,275339540,Panfilo,Jerez,57763
57764,403016845,Marino,Peral,57764
57765,707630984,Alfonso,Benitez,57765
57766,819713892,Barbara,Guillen,57766
57767,923437789,Ale,Manso,57767
57768,349298945,Luis,Castrillo,57768
57769,230785748,Cornelio,Blasco,57769
57770,281180053,Nayara,Giralt,57770
57771,854882787,Roxana,Barriga,57771
57772,939131354,Diana,Vigil,57772
57773,624628026,Hernan,Riba,57773
57774,857689161,Bartolome,Patino,57774
57775,160894315,Alberto,Oliva,57775
57776,113801926,Odalis,Quintanilla,57776
57777,636226796,Ana Sofia,Castrillo,57777
57778,329338035,Filomena,Luque,57778
57779,625997141,Juan Carlos,Pozo,57779
57780,573894350,Genoveva,Bauza,57780
57781,936136428,Jose Manuel,Valenciano,57781
57782,602604244,Salvador,Colomer,57782
57783,722101737,Sosimo,Mate,57783
57784,416793764,Candelaria,Batlle,57784
57785,459865979,Luisa,Sevilla,57785
57786,798968532,Rita,Arteaga,57786
57787,822122646,Fabian,Roig,57787
57788,556200012,Jose Angel,Sancho,57788
57789,950085399,Cecilia,Marques,57789
57790,295532803,Leonor,Velez,57790
57791,421381402,Estela,Rius,57791
57792,614777019,Yessica,Molins,57792
57793,142506957,Cosme,Garrido,57793
57794,325313942,Adelaida,Valero,57794
57795,630038497,Calisto,Tur,57795
57796,510673166,Armida,Castilla,57796
57797,989197259,Federico,Ayala,57797
57798,866789178,Tito,Penalver,57798
57799,994727773,Azahar,Cabeza,57799
57800,868023871,Flavio,Iglesia,57800
57801,907918383,Fabiana,Duque,57801
57802,645836551,Ceferino,Miranda,57802
57803,508356879,Paulino,Cardenas,57803
57804,519237118,Carlos,Perera,57804
57805,681983586,Fernando,Carranza,57805
57806,561002910,Maxi,Iniguez,57806
57807,790991647,Casemiro,Herrero,57807
57808,224330631,Tristan,Anton,57808
57809,102932893,Lupe,Sarabia,57809
57810,614280304,Marcos,Segura,57810
57811,194432936,Hector,Montoya,57811
57812,972353898,Quirino,Gilabert,57812
57813,889153033,Florentina,Quesada,57813
57814,629141564,Etelvina,Porta,57814
57815,727886075,Gisela,Fortuny,57815
57816,329899810,Florinda,Abellan,57816
57817,866465218,Claudia,Arribas,57817
57818,998176818,Aitana,Zabaleta,57818
57819,389990651,Leonor,Bernal,57819
57820,628991960,Consuela,Buendia,57820
57821,117715657,Adan,Ibarra,57821
57822,427793417,Ileana,Catala,57822
57823,979691020,Rosaura,Arranz,57823
57824,925311161,Maria Cristina,Rincon,57824
57825,144422457,Esther,Montana,57825
57826,710135941,Herberto,Leiva,57826
57827,727245611,Zacarias,Aguilera,57827
57828,374142846,Pastor,Vilanova,57828
57829,873025105,Elpidio,Pena,57829
57830,510094788,Moreno,Vicente,57830
57831,725464028,Socorro,Cerro,57831
57832,425624730,Hector,Torres,57832
57833,596042487,Alma,Hernandez,57833
57834,976417572,Silvestre,Lopez,57834
57835,531927485,Isabel,Izaguirre,57835
57836,888152790,Ulises,Sierra,57836
57837,414997853,Cecilia,Zabala,57837
57838,933169155,Calisto,Pujadas,57838
57839,545025308,Yesica,Prada,57839
57840,413852258,Rosario,Amor,57840
57841,733971749,Amador,Cases,57841
57842,421178672,Adelina,Barranco,57842
57843,524666889,Marisol,Ibanez,57843
57844,905862111,Ramiro,Zorrilla,57844
57845,995502261,Maximino,Echevarria,57845
57846,494938270,Marcial,Alcazar,57846
57847,751416860,Fabiola,Saez,57847
57848,626799527,Samu,Asenjo,57848
57849,344618012,Jose Ignacio,Maldonado,57849
57850,497712532,Telmo,Gimenez,57850
57851,141947271,Venceslas,Garzon,57851
57852,441822594,Fortunata,Armengol,57852
57853,655453601,Pablo,Nevado,57853
57854,316072336,Carmina,Serrano,57854
57855,851374477,Eric,Muro,57855
57856,924133447,Eliseo,Bejarano,57856
57857,705523426,Serafina,Ordonez,57857
57858,465767861,Dulce,Roma,57858
57859,907799342,Petrona,Silva,57859
57860,339812968,Maria Pilar,Campillo,57860
57861,877156844,Maria,Arranz,57861
57862,488157379,Luciana,Prats,57862
57863,684066231,Elpidio,Aparicio,57863
57864,269869173,Lucho,Cal,57864
57865,668196576,Eloisa,Cisneros,57865
57866,577245987,Goyo,Valero,57866
57867,374747998,Celso,Tolosa,57867
57868,752054964,Leandro,Fonseca,57868
57869,965507302,Celso,Porcel,57869
57870,411552722,Carla,Menendez,57870
57871,777420022,Juan Francisco,Nieto,57871
57872,485042648,Domingo,Amoros,57872
57873,708621166,Cristian,Cardenas,57873
57874,804043439,Elisa,Segovia,57874
57875,344011416,Marisol,Medina,57875
57876,828104284,Albano,Prada,57876
57877,921014343,Andres,Tejero,57877
57878,252459142,Lope,Gordillo,57878
57879,518674834,Leopoldo,Serna,57879
57880,341991134,Tito,Juarez,57880
57881,295277750,Gonzalo,Pacheco,57881
57882,917291573,Raquel,Mora,57882
57883,481041042,Ricardo,Pujol,57883
57884,553539822,Juanita,Linares,57884
57885,107781547,Benito,Palacio,57885
57886,296035504,Isa,Montalban,57886
57887,212408642,Eli,Sarmiento,57887
57888,217532609,Renata,Villalba,57888
57889,373796850,Martina,Leal,57889
57890,595117757,Juana,Hernando,57890
57891,791207090,Juan,Pastor,57891
57892,961648276,Americo,Carrasco,57892
57893,572486817,Cesar,Zabala,57893
57894,432027645,Clemente,Perez,57894
57895,936260957,Buenaventura,Alegre,57895
57896,992370239,Obdulia,Miguel,57896
57897,389737721,Alejo,Fernandez,57897
57898,372478161,Ciriaco,Font,57898
57899,765551165,Jose Miguel,Canet,57899
57900,939297380,Fernando,Calvet,57900
57901,472975098,Rosendo,Gras,57901
57902,675274582,Luz,Gascon,57902
57903,691282328,Nieves,Alvarez,57903
57904,553427440,Carmela,Perez,57904
57905,989060307,Maximo,Isern,57905
57906,707962948,Ana Belen,Llabres,57906
57907,725649357,Leocadio,Cerdan,57907
57908,105917833,Maria Manuela,Melero,57908
57909,618969183,Eva Maria,Saez,57909
57910,113730337,Otilia,Llabres,57910
57911,989451846,Rafael,Salazar,57911
57912,928645495,Paola,Neira,57912
57913,961937060,Ines,Tejero,57913
57914,126448403,Mirta,Ocana,57914
57915,848530606,Maria Fernanda,Jaume,57915
57916,954167657,Leandra,Goicoechea,57916
57917,812574535,Maria Cristina,Cueto,57917
57918,993107703,Sancho,Jimenez,57918
57919,179683583,Encarnacion,Andrade,57919
57920,494032884,Eligia,Miranda,57920
57921,192013670,Rosalia,Nevado,57921
57922,234309313,Amarilis,Arco,57922
57923,108347080,Luisa,Pedrosa,57923
57924,348650650,Felipa,Sastre,57924
57925,532818455,Custodio,Casado,57925
57926,363594933,Renata,Lillo,57926
57927,158622053,Apolonia,Arino,57927
57928,397215181,Rosendo,Casal,57928
57929,597696554,Alejandra,Perez,57929
57930,127901022,Aaron,Borras,57930
57931,788838606,Socorro,Barros,57931
57932,665536055,Itziar,Manuel,57932
57933,635750982,Plinio,Muro,57933
57934,488541468,Luis,Cabezas,57934
57935,178916418,Mireia,Valentin,57935
57936,603513442,Mayte,Sandoval,57936
57937,861217126,Agapito,Rebollo,57937
57938,972057895,Fortunato,Ferreras,57938
57939,622064556,Curro,Roman,57939
57940,211827080,Santiago,Sola,57940
57941,325151015,Ezequiel,Bermudez,57941
57942,724404311,Guiomar,Marcos,57942
57943,323510175,Rosaura,Chacon,57943
57944,203890606,Nazario,Pineda,57944
57945,215610945,Obdulia,Julian,57945
57946,528089161,Luis Miguel,Martin,57946
57947,907536354,Ramona,Pozuelo,57947
57948,699982801,Marisa,Exposito,57948
57949,357365019,Melania,Planas,57949
57950,160849951,Daniela,Camino,57950
57951,662995143,Teofila,Gil,57951
57952,665236303,Felicia,Alberdi,57952
57953,471076868,Raimundo,Marco,57953
57954,890781672,Anibal,Tamarit,57954
57955,848491161,Alcides,Garcia,57955
57956,923619070,Gabriel,Vaquero,57956
57957,814576815,Ascension,Castaneda,57957
57958,255525505,Gema,Vazquez,57958
57959,167445727,Piedad,Bertran,57959
57960,510246677,Perla,Uria,57960
57961,757342839,Ambrosio,Ojeda,57961
57962,390763982,Humberto,Montalban,57962
57963,158706621,Maribel,Vilar,57963
57964,119006220,Sara,Portillo,57964
57965,616413633,Cesar,Orozco,57965
57966,446334257,Juan Manuel,Torrent,57966
57967,912730341,Tiburcio,Arregui,57967
57968,857890654,Priscila,Aguilera,57968
57969,931144110,Reyes,Plaza,57969
57970,346079296,Santiago,Suarez,57970
57971,759829147,Remigio,Rebollo,57971
57972,147684039,Tono,Saez,57972
57973,506812183,Iris,Echevarria,57973
57974,874824608,Sebastian,Gutierrez,57974
57975,885697335,Belen,Prat,57975
57976,144293346,Marisa,Jover,57976
57977,502039727,Leocadia,Jurado,57977
57978,591611182,Rico,Zabaleta,57978
57979,704922616,Pacifica,Perales,57979
57980,783478260,Panfilo,Barroso,57980
57981,886858739,Yago,Beltran,57981
57982,128359192,Haroldo,Saez,57982
57983,751794732,Humberto,Acevedo,57983
57984,258924101,Asdrubal,Rubio,57984
57985,909106027,Yaiza,Ramirez,57985
57986,191843918,Dionisio,Tovar,57986
57987,471971600,Magdalena,Salazar,57987
57988,394952358,Remedios,Calvet,57988
57989,201918574,Maria Del Carmen,Figuerola,57989
57990,561383731,Ariel,Benet,57990
57991,971718369,Nico,Montana,57991
57992,163428618,Olegario,Olivera,57992
57993,811856313,Edgar,Bastida,57993
57994,758462733,Francisca,Cases,57994
57995,161724813,Loreto,Vilar,57995
57996,907370625,Adoracion,Agustin,57996
57997,693697609,Nicanor,Aragon,57997
57998,525671408,Dimas,Palau,57998
57999,858192747,Flor,Alberdi,57999
58000,711533230,Panfilo,Pozo,58000
58001,173286953,Isabel,Blasco,58001
58002,658634862,Jacinta,Murillo,58002
58003,240207084,Gema,Pons,58003
58004,863631139,Andres,Morell,58004
58005,701512376,Felix,Calderon,58005
58006,575583666,Salud,Esteve,58006
58007,555042402,Cristian,Sanz,58007
58008,547484629,Raimundo,Boada,58008
58009,455258652,Tamara,Briones,58009
58010,616707560,Felix,Monreal,58010
58011,785688816,Elena,Salmeron,58011
58012,635069570,Maribel,Porcel,58012
58013,358549604,Azahar,Cortina,58013
58014,984549260,Nicolas,Beltran,58014
58015,573119817,Angelino,Escamilla,58015
58016,696432072,Mercedes,Pina,58016
58017,820487316,Anabel,Checa,58017
58018,543203887,Leocadia,Castell,58018
58019,478001173,Juan Manuel,Alcantara,58019
58020,858224344,Emiliano,Marquez,58020
58021,514510523,Candelas,Garate,58021
58022,839846550,Emiliano,Busquets,58022
58023,145351504,Oriana,Poza,58023
58024,710230654,Nicolas,Ramis,58024
58025,487973179,Esperanza,Mateu,58025
58026,192885863,Maria Cristina,Peralta,58026
58027,467398222,Almudena,Moll,58027
58028,169117701,Amado,Arco,58028
58029,120596470,Rosa Maria,Izaguirre,58029
58030,838268744,Elba,Guardia,58030
58031,108496998,Juan Antonio,Sarabia,58031
58032,234945006,Patricio,Barbera,58032
58033,313223550,Feliciana,Teruel,58033
58034,603964043,Sancho,Llabres,58034
58035,841873225,Chuy,Ricart,58035
58036,330481154,Marcos,Poza,58036
58037,997386932,Benito,Nunez,58037
58038,221227888,Jose,Otero,58038
58039,119786797,Calixto,Valencia,58039
58040,917762561,Nydia,Sanmiguel,58040
58041,896214270,Leoncio,Vazquez,58041
58042,943295267,Pablo,Raya,58042
58043,184682302,Valentin,Menendez,58043
58044,288781097,Abilio,Canellas,58044
58045,445800851,Rocio,Jerez,58045
58046,605739712,Roldan,Armengol,58046
58047,117514027,Herberto,Sanmartin,58047
58048,535758778,Petrona,Aguilar,58048
58049,573501731,Bernarda,Crespo,58049
58050,935703341,Olalla,Arribas,58050
58051,360602748,Dalila,Jorda,58051
58052,598775731,Candelas,Martorell,58052
58053,603050181,Merche,Navarrete,58053
58054,464657752,Artemio,Hoz,58054
58055,247561018,Xavier,Aguado,58055
58056,563893793,Espiridion,Parra,58056
58057,446159832,Magdalena,Andrade,58057
58058,797013828,Iker,Cortes,58058
58059,666970446,Paula,Robles,58059
58060,968060230,Joan,Saez,58060
58061,942640862,Claudia,Ricart,58061
58062,273389743,Sofia,Puerta,58062
58063,243114141,Renata,Almagro,58063
58064,639328154,Lorenzo,Serrano,58064
58065,495785512,Fernanda,Tejero,58065
58066,605347402,Ivan,Gelabert,58066
58067,607055234,Ambrosio,Rebollo,58067
58068,977486260,Dulce,Mosquera,58068
58069,559543817,Dan,Peral,58069
58070,184579592,Amor,Hurtado,58070
58071,955907485,Antonio,Galvez,58071
58072,961582360,Zaida,Pereira,58072
58073,134793360,Gaston,Lujan,58073
58074,281361977,Leocadia,Echevarria,58074
58075,250404016,Griselda,Rosado,58075
58076,327238422,Rosaura,Torrijos,58076
58077,846304112,Paca,Bautista,58077
58078,333463352,Juanito,Urrutia,58078
58079,402383151,Saturnino,Nino,58079
58080,254492238,Inigo,Vidal,58080
58081,518565430,Jovita,Barrios,58081
58082,366179071,Tamara,Novoa,58082
58083,302471764,Victor,Sevillano,58083
58084,531463825,Rico,Vigil,58084
58085,235829987,Rosenda,Carbajo,58085
58086,509100261,Dafne,Aller,58086
58087,909439496,Ale,Olive,58087
58088,299671831,Augusto,Pina,58088
58089,736879745,Feliciano,Salamanca,58089
58090,498272764,Candela,Blanes,58090
58091,368358175,Purificacion,Balaguer,58091
58092,419277623,Evaristo,Calderon,58092
58093,731928646,Hilda,Agudo,58093
58094,178518082,Maria Dolores,Cordero,58094
58095,556683938,Silvestre,Boada,58095
58096,263804580,Maximiano,Arcos,58096
58097,419619987,Rafaela,Menendez,58097
58098,178048466,Dafne,Huertas,58098
58099,827295171,Gema,Rio,58099
58100,303632975,Renata,Sevilla,58100
58101,351936137,Amor,Martin,58101
58102,364372695,Calista,Huertas,58102
58103,723148454,Fanny,Clavero,58103
58104,197313383,Josep,Malo,58104
58105,185247620,Monica,Vera,58105
58106,739988191,Narcisa,Suarez,58106
58107,683537851,Manuelita,Gallart,58107
58108,323777162,Abigail,Galvez,58108
58109,877559055,Vera,Dalmau,58109
58110,461795753,Fabricio,Torre,58110
58111,477238649,Nidia,Gonzalo,58111
58112,267961164,Juanita,Cabrero,58112
58113,399174257,Juan Francisco,Mari,58113
58114,693349328,Eliana,Navarro,58114
58115,383042048,Edelmira,Montalban,58115
58116,239839433,Edelmira,Marques,58116
58117,789142717,Osvaldo,Prada,58117
58118,875658097,Maricela,Rocamora,58118
58119,892193893,Ricarda,Trillo,58119
58120,274734093,Ulises,Carlos,58120
58121,428882504,Lucho,Aviles,58121
58122,101694315,Fatima,Cazorla,58122
58123,638721936,Amor,Blanes,58123
58124,511861947,Manu,Checa,58124
58125,558423153,Primitiva,Barrios,58125
58126,906070227,Bernardino,Salva,58126
58127,712240484,Brigida,Clavero,58127
58128,934664144,Rodolfo,Blazquez,58128
58129,815039156,Blas,Calvet,58129
58130,851500905,Jose Antonio,Sanchez,58130
58131,141812294,Gerardo,Canton,58131
58132,638829125,Maximiano,Gonzalez,58132
58133,611427348,Lino,Tena,58133
58134,900021806,Mamen,Torrijos,58134
58135,393074667,Ceferino,Font,58135
58136,251881344,Leandro,Lujan,58136
58137,995357243,Juana,Tome,58137
58138,882239315,Candelaria,Mesa,58138
58139,342053737,Elisa,Sotelo,58139
58140,305910126,Silvia,Calvo,58140
58141,194566848,Evaristo,Montero,58141
58142,285844837,Francisca,Mendizabal,58142
58143,360473419,Florentino,Oller,58143
58144,356801972,Sosimo,Amoros,58144
58145,503338167,Bartolome,Lara,58145
58146,168617281,Domitila,Jorda,58146
58147,302069596,Araceli,Juarez,58147
58148,252149662,Juan Francisco,Palacios,58148
58149,302882061,Marcial,Amoros,58149
58150,129898733,Lorenzo,Palau,58150
58151,327409544,Casemiro,Rivas,58151
58152,486157066,Maria Teresa,Pedrero,58152
58153,907067035,Sebastian,Barreda,58153
58154,243435945,Reina,Melero,58154
58155,641926235,Hilda,Santamaria,58155
58156,148806122,Quirino,Mulet,58156
58157,262291110,Pepe,Vazquez,58157
58158,227440369,Wilfredo,Baena,58158
58159,962413881,Adolfo,Rosell,58159
58160,282124022,Rosalva,Chico,58160
58161,711920538,Juan Bautista,Pino,58161
58162,114668596,Ingrid,Esteban,58162
58163,512710227,Candelaria,Arrieta,58163
58164,149647864,Jose,Suarez,58164
58165,555490784,Cesar,Priego,58165
58166,169281635,Joaquina,Vives,58166
58167,408280824,Borja,Varela,58167
58168,648634754,Anacleto,Jurado,58168
58169,381765429,Eliseo,Bayon,58169
58170,129642717,Esperanza,Angulo,58170
58171,754544278,Ivan,Pina,58171
58172,443340904,Oscar,Puente,58172
58173,129927296,Lino,Oliveras,58173
58174,176195184,Lalo,Padilla,58174
58175,780650048,Paloma,Sierra,58175
58176,414578780,Jose Ignacio,Iriarte,58176
58177,512430451,Azeneth,Mata,58177
58178,603241385,Wilfredo,Cuervo,58178
58179,528789390,Enrique,Cobo,58179
58180,815466180,Brigida,Prats,58180
58181,548710935,Ximena,Galvan,58181
58182,516851856,Sol,Abril,58182
58183,920027762,Constanza,Flor,58183
58184,160252932,Norberto,Gomis,58184
58185,338253921,Juan Bautista,Martorell,58185
58186,179610357,Amanda,Ibanez,58186
58187,674938525,Lucila,Ferrandiz,58187
58188,887469803,Maximino,Monreal,58188
58189,405669003,Eloy,Mesa,58189
58190,717374404,Marino,Sans,58190
58191,340501529,Selena,Gilabert,58191
58192,314797873,Lope,Guerra,58192
58193,879190180,Dolores,Baeza,58193
58194,207081765,Victoriano,Rodrigo,58194
58195,611085858,Genoveva,Ferrera,58195
58196,829575932,Eutropio,Vazquez,58196
58197,874564692,Eliana,Girona,58197
58198,174803699,Artemio,Ortega,58198
58199,993140416,Brigida,Tejera,58199
58200,854082280,Teofilo,Adadia,58200
58201,270545301,Reyes,Briones,58201
58202,868061299,Ani,Perea,58202
58203,734505762,Nazaret,Gisbert,58203
58204,367072963,Francisco Javier,Anaya,58204
58205,174328877,Tito,Zabala,58205
58206,337675978,Raul,Cadenas,58206
58207,619505999,Yessica,Tudela,58207
58208,320838229,Edgar,Feijoo,58208
58209,605481550,Rosario,Carrion,58209
58210,821258888,Azeneth,Pascual,58210
58211,647498230,Lupe,Fabregat,58211
58212,114131643,Florentino,Amo,58212
58213,601554930,Melchor,Ledesma,58213
58214,589407623,Aura,Jodar,58214
58215,692556124,Prudencia,Marquez,58215
58216,486590289,Jose Ignacio,Cornejo,58216
58217,542519446,Belen,Rosell,58217
58218,367960697,Fernando,Espana,58218
58219,212551175,Concha,Valenciano,58219
58220,791315484,Erasmo,Garay,58220
58221,388255236,Esperanza,Urena,58221
58222,104035761,Ainara,Cerda,58222
58223,213896653,Macaria,Aragon,58223
58224,355863158,Charo,Vallejo,58224
58225,295118556,Candida,Vizcaino,58225
58226,652166920,Maria Carmen,Cabanillas,58226
58227,370499305,Horacio,Arribas,58227
58228,881820496,Ceferino,Nicolau,58228
58229,950514626,Abilio,Marin,58229
58230,531074072,Artemio,Gonzalez,58230
58231,203138377,Lalo,Exposito,58231
58232,136138049,Jose Luis,Aranda,58232
58233,578969194,Renato,Llorente,58233
58234,566973539,Reina,Quesada,58234
58235,189500007,Sancho,Oliva,58235
58236,877031120,Pelayo,Agusti,58236
58237,478641390,Nelida,Carreno,58237
58238,813233483,Silvio,Torrent,58238
58239,469072036,Inocencio,Raya,58239
58240,750291770,Severo,Martinez,58240
58241,240935560,Maria Carmen,Pedraza,58241
58242,785028199,Lino,Saura,58242
58243,152352544,Julio Cesar,Carbajo,58243
58244,576869604,Maribel,Olmo,58244
58245,537765866,Paloma,Izaguirre,58245
58246,438793701,Ildefonso,Vicens,58246
58247,184900241,Eutimio,Galan,58247
58248,196520396,Gilberto,Llorente,58248
58249,884187116,Isa,Solera,58249
58250,622262192,Toribio,Pizarro,58250
58251,739109128,Elodia,Ocana,58251
58252,323140536,Florencia,Leal,58252
58253,483357997,Marciano,Vinas,58253
58254,144379293,Cruz,Ramirez,58254
58255,380947895,Roque,Trujillo,58255
58256,612175133,Zoraida,Bermudez,58256
58257,527477682,Chelo,Prieto,58257
58258,483499920,Liliana,Tamayo,58258
58259,653517386,Nacho,Llanos,58259
58260,174795654,Alejandro,Cuesta,58260
58261,883479842,Alicia,Varela,58261
58262,549906563,Hortensia,Gonzalez,58262
58263,265073115,Tomas,Bertran,58263
58264,375022326,Galo,Arteaga,58264
58265,725456461,Rodolfo,Pol,58265
58266,367716862,Irma,Marquez,58266
58267,611418170,Placido,Ibanez,58267
58268,597520706,Angelino,Cantero,58268
58269,163001814,Belen,Reina,58269
58270,118627542,Kike,Balaguer,58270
58271,256490073,Lidia,Blazquez,58271
58272,472699710,Africa,Cozar,58272
58273,585525178,Blanca,Teruel,58273
58274,738306285,Miriam,Tejada,58274
58275,959094990,Melania,Balaguer,58275
58276,723286316,Lucila,Gelabert,58276
58277,117780589,Cleto,Goicoechea,58277
58278,485386430,Anastasio,Losa,58278
58279,790790868,Augusto,Serna,58279
58280,693516820,Tomas,Franco,58280
58281,254973942,Anna,Morell,58281
58282,192994109,Tomasa,Correa,58282
58283,841007173,Matias,Burgos,58283
58284,659357167,Mohamed,Criado,58284
58285,455439079,Eustaquio,Agusti,58285
58286,350552355,Elodia,Rosado,58286
58287,597638630,Martin,Clavero,58287
58288,398592217,Concha,Leal,58288
58289,156769568,Abilio,Domenech,58289
58290,876138406,Dario,Santamaria,58290
58291,604895085,Rafaela,Porras,58291
58292,385050744,Noa,Banos,58292
58293,766639950,Paula,Calleja,58293
58294,786679737,Olegario,Busquets,58294
58295,972798444,Salome,Vigil,58295
58296,432100609,Barbara,Andrade,58296
58297,929510212,Noemi,Murcia,58297
58298,753908394,Chucho,Pol,58298
58299,531598380,Bernarda,Bustos,58299
58300,456404705,Ines,Izaguirre,58300
58301,399735861,Marianela,Mate,58301
58302,509896242,Ambar,Novoa,58302
58303,151801764,Eliseo,Terron,58303
58304,132221371,Natalio,Soto,58304
58305,680432324,Remigio,Arribas,58305
58306,687745966,Cesar,Lamas,58306
58307,620572900,Aroa,Merino,58307
58308,987318771,Consuelo,Otero,58308
58309,945169065,Reyna,Vera,58309
58310,385513953,Aureliano,Azcona,58310
58311,791621710,Samuel,Manso,58311
58312,547031096,Sarita,Cobo,58312
58313,111769249,Herminio,Salinas,58313
58314,543824923,Rosario,Heras,58314
58315,285752946,Agapito,Heredia,58315
58316,745866548,Candido,Valenciano,58316
58317,621686728,Carina,Cerro,58317
58318,669971781,Gonzalo,Tirado,58318
58319,636595026,Maria Fernanda,Salmeron,58319
58320,891910901,Ramiro,Alba,58320
58321,822121919,Fernanda,Salmeron,58321
58322,699355402,Perlita,Almazan,58322
58323,345564514,Graciana,Rivas,58323
58324,706062177,Martina,Moya,58324
58325,758791961,Miguela,Casanova,58325
58326,487321347,Clotilde,Agullo,58326
58327,386922154,Sabina,Grande,58327
58328,486581124,Seve,Andres,58328
58329,183672254,Aurelio,Pont,58329
58330,348667361,Dan,Paredes,58330
58331,153676104,Arsenio,Arenas,58331
58332,691208894,Adrian,Alemany,58332
58333,527533623,Juanito,Cazorla,58333
58334,395685933,Hipolito,Godoy,58334
58335,630624007,Ester,Mateo,58335
58336,249529690,Maximino,Blanes,58336
58337,878662382,Barbara,Morales,58337
58338,409564779,Marisela,Madrid,58338
58339,824805503,Damian,Guzman,58339
58340,928009638,Nadia,Arana,58340
58341,443850011,Simon,Riba,58341
58342,505885742,Jacinta,Asensio,58342
58343,909830573,Elias,Jimenez,58343
58344,236667740,Elba,Garcia,58344
58345,721351960,Perlita,Milla,58345
58346,930998910,Nadia,Ayala,58346
58347,410474562,Leocadio,Hernando,58347
58348,738031030,Estela,Donaire,58348
58349,891302056,Regulo,Arteaga,58349
58350,578668456,Roberta,Zorrilla,58350
58351,686139625,Angelica,Juan,58351
58352,697432350,Francisco Jose,Vara,58352
58353,810059672,Xavier,Vigil,58353
58354,113016196,Veronica,Mosquera,58354
58355,362963364,Mariana,Arteaga,58355
58356,413483102,Tristan,Diez,58356
58357,847604801,Felix,Avila,58357
58358,447878153,Eric,Rodriguez,58358
58359,741796013,Epifanio,Prada,58359
58360,304643961,Nicanor,Burgos,58360
58361,156436918,Felipe,Mata,58361
58362,860900119,Lino,Casals,58362
58363,855223815,Ema,Enriquez,58363
58364,815801612,Rosendo,Flores,58364
58365,595404962,Arturo,Peralta,58365
58366,778832081,Jordana,Camps,58366
58367,927814320,Joaquina,Llopis,58367
58368,550255008,Lorenza,Duran,58368
58369,252932960,Gala,Romeu,58369
58370,956487419,Piedad,Barrios,58370
58371,292100775,Ricardo,Pou,58371
58372,510790695,Matilde,Mate,58372
58373,284552091,Inmaculada,Arrieta,58373
58374,136145944,Marita,Torralba,58374
58375,754025686,Bernabe,Sandoval,58375
58376,987413002,Zoraida,Toro,58376
58377,946015645,Rodolfo,Almazan,58377
58378,770440538,Griselda,Llabres,58378
58379,655348468,Maria Cristina,Badia,58379
58380,721022449,Bernardino,Giralt,58380
58381,947154884,Bernardino,Carbonell,58381
58382,899268835,Vanesa,Hurtado,58382
58383,835600647,Cayetano,Giralt,58383
58384,892923458,Alba,Galindo,58384
58385,757410207,Tadeo,Cal,58385
58386,780462512,Eulalia,Iriarte,58386
58387,553105964,Balduino,Arias,58387
58388,751612920,Lupe,Hidalgo,58388
58389,398298269,Begona,Olmedo,58389
58390,491867792,Cosme,Arino,58390
58391,783263638,Martin,Aragones,58391
58392,533769163,Eutropio,Cabeza,58392
58393,571808534,Dorita,Barbera,58393
58394,573704079,Pedro,Casado,58394
58395,800568215,Leonor,Cobo,58395
58396,828161431,Susanita,Molina,58396
58397,504345511,Leandro,Samper,58397
58398,737052931,Nicodemo,Fabra,58398
58399,145510003,Marcos,Fabra,58399
58400,465465814,Modesto,Molina,58400
58401,285723673,Azahar,Soler,58401
58402,310038466,Hector,Azcona,58402
58403,366276250,Chus,Ferrera,58403
58404,350652566,Eli,Sabater,58404
58405,531363135,Etelvina,Valera,58405
58406,389304405,Estrella,Barcena,58406
58407,778807701,Araceli,Carrillo,58407
58408,556022065,Fidela,Benavente,58408
58409,861669445,Petrona,Hurtado,58409
58410,877086254,Blas,Ferrandiz,58410
58411,807024261,Jose Ramon,Barrera,58411
58412,320942895,Regulo,Recio,58412
58413,216481568,Blas,Noguera,58413
58414,585943685,Paco,Torrent,58414
58415,595064556,Dorita,Boix,58415
58416,420907087,Narciso,Blanes,58416
58417,170317443,Leonor,Cespedes,58417
58418,403741401,Ramon,Castilla,58418
58419,742797840,Fermin,Pina,58419
58420,592614068,Anunciacion,Guillen,58420
58421,433066393,Guiomar,Ferrando,58421
58422,864111486,Jessica,Pla,58422
58423,534716412,Martirio,Pont,58423
58424,116225114,Aitor,Alegre,58424
58425,862439516,Rocio,Lledo,58425
58426,972749209,Lorena,Barrena,58426
58427,976836244,Carmina,Manso,58427
58428,499054466,Abril,Nieto,58428
58429,479353374,Silvio,Cuadrado,58429
58430,857925785,Fidela,Barrios,58430
58431,172890338,Federico,Fortuny,58431
58432,273810522,Rosendo,Vilalta,58432
58433,762091301,Nico,Villalba,58433
58434,287043700,Elena,Diaz,58434
58435,141761272,Camila,Gelabert,58435
58436,221540711,Clemente,Ortuno,58436
58437,780247321,Quique,Cordoba,58437
58438,124046954,Placido,Costa,58438
58439,675812802,Jesus,Andreu,58439
58440,587763337,Juliana,Valero,58440
58441,930800242,Elodia,Medina,58441
58442,195066832,Ciro,Leal,58442
58443,473144335,Aurea,Barrena,58443
58444,899097423,Isidro,Casals,58444
58445,357473022,Ceferino,Barrena,58445
58446,297497089,Jose Francisco,Leal,58446
58447,890374140,Angel,Sastre,58447
58448,372365403,Vicente,Ferreras,58448
58449,267532102,Geraldo,Flores,58449
58450,904124923,Roman,Rocha,58450
58451,232052190,Toni,Martin,58451
58452,580638304,Haydee,Palomino,58452
58453,464274940,Sandalio,Mayol,58453
58454,500221451,Guadalupe,Montes,58454
58455,833955985,Buenaventura,Pedrero,58455
58456,376716839,Maria Jesus,Lamas,58456
58457,141568510,Jose Luis,Palomino,58457
58458,884386372,Eliseo,Velasco,58458
58459,851864876,Adoracion,Daza,58459
58460,102624683,Anastasio,Casares,58460
58461,538224635,Amor,Galan,58461
58462,882262449,Calista,Gonzalez,58462
58463,176178394,Isidro,Galvan,58463
58464,977433737,Aura,Belda,58464
58465,320094887,Cecilio,Ayala,58465
58466,606235952,Espiridion,Barriga,58466
58467,803166226,Valentina,Murillo,58467
58468,625335905,Veronica,Torrents,58468
58469,853049600,Demetrio,Calderon,58469
58470,871025998,Luz,Planas,58470
58471,694989622,Anacleto,Valle,58471
58472,535777747,Petrona,Jurado,58472
58473,854134946,Fulgencio,Ramirez,58473
58474,345548437,Fidel,Palomo,58474
58475,727617869,Ciriaco,Valverde,58475
58476,607714474,Francisco,Santana,58476
58477,555567890,Rosalva,Villalobos,58477
58478,471508128,Miguel Angel,Bertran,58478
58479,306403449,Belen,Garmendia,58479
58480,430152420,Alex,Pedrosa,58480
58481,382580225,Tomasa,Sanz,58481
58482,413565077,Diana,Bru,58482
58483,295681023,Alba,Roca,58483
58484,911746326,Berta,Ibanez,58484
58485,673776745,Apolonia,Bejarano,58485
58486,252596237,Arcelia,Puga,58486
58487,625601261,Salvador,Esparza,58487
58488,381593087,Obdulia,Luna,58488
58489,498131068,Graciana,Carpio,58489
58490,394914454,Felicidad,Macias,58490
58491,597171586,Mariano,Ferrera,58491
58492,113530937,Anibal,Otero,58492
58493,725713477,Casandra,Font,58493
58494,549740072,Loida,Giner,58494
58495,460994383,Rosalia,Otero,58495
58496,107087611,Toni,Ortiz,58496
58497,618088477,Francisco,Palacios,58497
58498,424762525,Marcelino,Sancho,58498
58499,268054254,Clotilde,Fuente,58499
58500,922185746,Marta,Montero,58500
58501,901742363,Tristan,Losada,58501
58502,199686815,Bibiana,Andres,58502
58503,908965739,Guiomar,Menendez,58503
58504,465464657,Abril,Lerma,58504
58505,384359794,Zaira,Gallego,58505
58506,873955511,Olimpia,Figueras,58506
58507,823108702,Casandra,Cabeza,58507
58508,124109600,Jeronimo,Prada,58508
58509,406098066,Fito,Royo,58509
58510,834785823,Leonardo,Vilalta,58510
58511,909699439,Jordana,Lorenzo,58511
58512,549031032,Isaac,Aliaga,58512
58513,793699919,Isabela,Alegre,58513
58514,226018195,Visitacion,Montes,58514
58515,379677693,Berta,Cuellar,58515
58516,559401751,Ramiro,Bonilla,58516
58517,876664087,Marcelino,Perez,58517
58518,415620522,Asuncion,Anaya,58518
58519,736256541,Maria Belen,Hoz,58519
58520,371633787,Zaida,Cordoba,58520
58521,337731808,Nacho,Arteaga,58521
58522,234843476,Toribio,Padilla,58522
58523,117275028,Isaac,Mur,58523
58524,236411193,Ema,Novoa,58524
58525,893529936,Elias,Villena,58525
58526,742072658,Esmeralda,Alberola,58526
58527,529948797,Cristian,Saez,58527
58528,213474671,Carmela,Marquez,58528
58529,331762205,Atilio,Valls,58529
58530,380229709,Valero,Murillo,58530
58531,162873385,Luis,Barriga,58531
58532,800204567,Anita,Bermudez,58532
58533,412795684,Ainoa,Manuel,58533
58534,202649369,Amparo,Saenz,58534
58535,512461764,Manu,Dominguez,58535
58536,126153120,Gracia,Ribes,58536
58537,109187501,Elvira,Losa,58537
58538,346902030,Agueda,Naranjo,58538
58539,764049007,Americo,Costa,58539
58540,819748666,Jonatan,Pou,58540
58541,973899981,Soraya,Villa,58541
58542,393409797,Macarena,Alfonso,58542
58543,280701194,Fito,Palacios,58543
58544,994772721,Eulalia,Saavedra,58544
58545,183507897,Eloy,Vidal,58545
58546,596384782,Ernesto,Bolanos,58546
58547,876254238,Marcos,Lozano,58547
58548,485586932,Diana,Godoy,58548
58549,336294460,Jennifer,Blanch,58549
58550,974502849,Emperatriz,Pavon,58550
58551,582556167,Maria Del Carmen,Guillen,58551
58552,271018268,Rene,Cadenas,58552
58553,210745527,Yessica,Garmendia,58553
58554,561930911,Tono,Trujillo,58554
58555,258647294,Fausto,Barrera,58555
58556,498950035,Fortunato,Crespo,58556
58557,552523126,Curro,Iniesta,58557
58558,582023733,Elpidio,Cano,58558
58559,191570065,Rosenda,Noriega,58559
58560,158408149,Eugenio,Sanchez,58560
58561,626663862,Ale,Gilabert,58561
58562,505671870,Encarna,Villa,58562
58563,344901396,Delia,Iniesta,58563
58564,730093828,Jose Francisco,Soto,58564
58565,259016716,Ana Sofia,Aroca,58565
58566,483097152,Jose,Figuerola,58566
58567,439429656,Carmina,Giron,58567
58568,407992183,Xavier,Nicolau,58568
58569,769711294,Vicenta,Morata,58569
58570,590268714,Sancho,Rebollo,58570
58571,901007232,Luis Angel,Solana,58571
58572,108961165,Agapito,Duran,58572
58573,521664487,Reynaldo,Anguita,58573
58574,899464849,Benigna,Lozano,58574
58575,540625424,Desiderio,Vilalta,58575
58576,229326536,Elba,Canas,58576
58577,785880844,Vidal,Campos,58577
58578,321621604,Horacio,Nunez,58578
58579,617223871,Reyes,Jover,58579
58580,505326783,Telmo,Ribes,58580
58581,625057081,Reyes,Benavent,58581
58582,717481688,Marcio,Ramos,58582
58583,633065184,Edelmira,Nunez,58583
58584,339209488,Raul,Donoso,58584
58585,884574472,Abril,Espana,58585
58586,769674385,Fidel,Herranz,58586
58587,223355121,Elias,Armas,58587
58588,371204232,Javiera,Ballester,58588
58589,581236274,Bautista,Botella,58589
58590,657701994,Maria,Canton,58590
58591,604212649,Luis,Aranda,58591
58592,510500377,Iris,Barranco,58592
58593,962935488,Jose Ramon,Vilaplana,58593
58594,339527785,Itziar,Anglada,58594
58595,900456403,Inmaculada,Arnal,58595
58596,838921744,Roxana,Mancebo,58596
58597,988727189,Amada,Oliver,58597
58598,581858961,Alfonso,Exposito,58598
58599,862985363,Albina,Salas,58599
58600,950347724,Alcides,Leal,58600
58601,734580599,Amaya,Bayona,58601
58602,743072611,Graciela,Acuna,58602
58603,420949724,Jennifer,Moya,58603
58604,276478753,Sandra,Moran,58604
58605,210025130,Chus,Figueroa,58605
58606,972489977,Jacinta,Bellido,58606
58607,576973539,Jose Ignacio,Iniguez,58607
58608,748115895,Valeria,Barros,58608
58609,245242491,Lupe,Vall,58609
58610,510661001,Toni,Revilla,58610
58611,765077725,Raquel,Aramburu,58611
58612,611093223,Claudio,Valls,58612
58613,754752137,Dionisio,Gordillo,58613
58614,621126208,Tiburcio,Carmona,58614
58615,754951192,Adoracion,Cerro,58615
58616,463750908,Socorro,Bello,58616
58617,526390951,Nelida,Farre,58617
58618,486624273,Duilio,Roda,58618
58619,852639398,Clara,Nunez,58619
58620,290215761,Joel,Castells,58620
58621,183108136,Joan,Priego,58621
58622,235138939,Mohamed,Bayona,58622
58623,447840952,Vera,Carrillo,58623
58624,555215471,Gloria,Martinez,58624
58625,330769863,Graciano,Melero,58625
58626,866904968,Lucho,Tur,58626
58627,447027598,Lucho,Huertas,58627
58628,621745199,Simon,Ramis,58628
58629,378494149,Silvio,Mata,58629
58630,933411337,Claudio,Andrade,58630
58631,851003793,Silvestre,Santamaria,58631
58632,562982648,Rosendo,Gomis,58632
58633,823955837,Atilio,Menendez,58633
58634,900949185,Leonardo,Anton,58634
58635,251403676,Maristela,Palacio,58635
58636,329286688,Albert,Azcona,58636
58637,259071501,Benigno,Arias,58637
58638,343086235,Placido,Raya,58638
58639,275953151,Tere,Quiros,58639
58640,804699172,Donato,Fabregat,58640
58641,593898939,Nilo,Garcia,58641
58642,370511942,Paz,Catalan,58642
58643,533197683,Raul,Buendia,58643
58644,215840148,Vicente,Sedano,58644
58645,770432316,Macaria,Carro,58645
58646,429243982,Martina,Muro,58646
58647,759154891,Edgar,Sarabia,58647
58648,637290313,Pilar,Cantero,58648
58649,703574650,Maria Manuela,Naranjo,58649
58650,335463570,Aranzazu,Lobato,58650
58651,148614989,Espiridion,Alcala,58651
58652,438265702,Aureliano,Echevarria,58652
58653,797592512,Palmira,Rossello,58653
58654,236097988,Victor Manuel,Cozar,58654
58655,803195114,Azahara,Cuesta,58655
58656,652796108,Loida,Silva,58656
58657,717473658,Maristela,Montalban,58657
58658,272548015,Rosalinda,Hernandez,58658
58659,725613716,Petrona,Soria,58659
58660,816870200,Josep,Asensio,58660
58661,130410661,Fidel,Palomar,58661
58662,510513391,Marcos,Sala,58662
58663,914091607,Luis,Mancebo,58663
58664,429474138,Luz,Melero,58664
58665,856306367,Micaela,Roman,58665
58666,268945561,Marianela,Gallo,58666
58667,815174215,Amanda,Riquelme,58667
58668,530193330,Ciriaco,Frias,58668
58669,634892860,Albina,Elorza,58669
58670,747270982,Jose Mari,Nogues,58670
58671,433385527,Sabas,Checa,58671
58672,932707399,Trinidad,Montana,58672
58673,328462795,Desiderio,Gisbert,58673
58674,889266788,Xavier,Priego,58674
58675,452575156,Che,Agustin,58675
58676,986380703,Pascual,Cantero,58676
58677,356874185,Chus,Zorrilla,58677
58678,429688660,Joel,Machado,58678
58679,868520443,Teobaldo,Aparicio,58679
58680,120981175,Ismael,Navarro,58680
58681,193191750,Ambar,Herrero,58681
58682,235761794,Bernardino,Estevez,58682
58683,414361212,Vanesa,Salvador,58683
58684,772015371,Vicenta,Peiro,58684
58685,617046186,Ruben,Galindo,58685
58686,846283079,Josefa,Cano,58686
58687,410967216,Apolinar,Urena,58687
58688,436429036,Miguela,Cervera,58688
58689,319461421,Vicenta,Mariscal,58689
58690,264171463,Albano,Olivares,58690
58691,404828887,Piedad,Sanz,58691
58692,994438222,Margarita,Castellanos,58692
58693,478478854,Caridad,Chaves,58693
58694,412255323,Maxima,Torrent,58694
58695,329694777,Felipa,Recio,58695
58696,584140934,Paulino,Plaza,58696
58697,929021859,Fermin,Tudela,58697
58698,235597896,Genoveva,Barranco,58698
58699,504572533,Elpidio,Benitez,58699
58700,179451435,Damian,Alfonso,58700
58701,123288734,Carla,Beltran,58701
58702,958030936,Martina,Tenorio,58702
58703,889876540,Ana Belen,Donaire,58703
58704,150673930,Nico,Romero,58704
58705,332584849,Joel,Salamanca,58705
58706,205870903,Domitila,Salvador,58706
58707,221467187,Raul,Pla,58707
58708,982296920,Crescencia,Mariscal,58708
58709,830211717,Angelino,Soler,58709
58710,597382796,Martin,Colom,58710
58711,478551666,Lazaro,Vazquez,58711
58712,527292188,Azeneth,Fuentes,58712
58713,861417804,Angelina,Dieguez,58713
58714,610936675,Socorro,Sevilla,58714
58715,313379787,Adolfo,Pazos,58715
58716,197113201,Tristan,Amores,58716
58717,941815577,Jose Antonio,Tellez,58717
58718,508824174,Eliana,Riba,58718
58719,322316903,Emperatriz,Prada,58719
58720,441882678,Feliciana,Estevez,58720
58721,184452311,Manu,Gonzalo,58721
58722,750469532,Yolanda,Rodriguez,58722
58723,523049566,Pili,Ortiz,58723
58724,677860089,Salvador,Miralles,58724
58725,610169138,Tomas,Poza,58725
58726,435441299,Rosario,Gordillo,58726
58727,562485109,Maria Carmen,Vilalta,58727
58728,638970362,Cebrian,Mur,58728
58729,998553097,Leandro,Verdugo,58729
58730,229935738,Delfina,Torrecilla,58730
58731,935627488,Pacifica,Roldan,58731
58732,933061642,Chus,Martinez,58732
58733,789532058,Faustino,Canovas,58733
58734,367536933,Amancio,Quintana,58734
58735,438058533,Danilo,Arjona,58735
58736,188402726,Susanita,Rivas,58736
58737,872905672,Paco,Muniz,58737
58738,230992421,Cruz,Pelaez,58738
58739,425523147,Ariadna,Garcia,58739
58740,521074647,Norberto,Artigas,58740
58741,553933651,Adora,Torrents,58741
58742,898386607,Juan Pablo,Escalona,58742
58743,715791172,Gertrudis,Davila,58743
58744,860816026,Candela,Navarrete,58744
58745,819875168,Santiago,Egea,58745
58746,347757761,Jordi,Ballester,58746
58747,226529895,Valentina,Iniesta,58747
58748,863774126,Alejandro,Puga,58748
58749,771056707,Cristobal,Canet,58749
58750,722784267,Regulo,Tejada,58750
58751,565299959,Casandra,Mateos,58751
58752,963325350,Rene,Valenzuela,58752
58753,163416492,Abel,Bravo,58753
58754,439545978,Zacarias,Monreal,58754
58755,197272159,Yolanda,Ibarra,58755
58756,937341346,Paco,Estrada,58756
58757,445419946,Guiomar,Larrea,58757
58758,843725958,Rafa,Patino,58758
58759,620357159,Alvaro,Prada,58759
58760,181672937,Odalis,Terron,58760
58761,516643379,Elba,Arias,58761
58762,552640528,Sebastian,Bartolome,58762
58763,213269635,Maria Carmen,Estrada,58763
58764,401992331,Mauricio,Sevilla,58764
58765,943204424,Estefania,Batalla,58765
58766,343809921,Ivan,Montesinos,58766
58767,390874400,Juan Francisco,Noriega,58767
58768,800588689,Tecla,Cornejo,58768
58769,333295665,Reinaldo,Mir,58769
58770,190488966,Seve,Badia,58770
58771,790653723,Edmundo,Mendizabal,58771
58772,114522964,Fabricio,Delgado,58772
58773,372783145,Graciela,Mayol,58773
58774,873771231,Manola,Hernandez,58774
58775,873940397,Adriana,Espada,58775
58776,203619855,Javiera,Menendez,58776
58777,775118704,Ester,Herranz,58777
58778,297276258,Nazario,Cortes,58778
58779,170837371,Chema,Fernandez,58779
58780,596903070,Ruben,Salgado,58780
58781,235806963,Geronimo,Acevedo,58781
58782,825444000,Berta,Lucena,58782
58783,373605190,Ruy,Bayo,58783
58784,851817417,Jovita,Espejo,58784
58785,613662734,Andres Felipe,Nevado,58785
58786,218073406,Nicodemo,Canals,58786
58787,604550341,Serafina,Mas,58787
58788,846476245,Paola,Marcos,58788
58789,276088614,Fortunata,Salmeron,58789
58790,996806691,Anibal,Marti,58790
58791,700121875,Chucho,Marin,58791
58792,630337045,Gracia,Palacios,58792
58793,289638780,Dionisio,Alcolea,58793
58794,317239366,Victor,Cases,58794
58795,547989093,Vidal,Alegria,58795
58796,845935417,Soledad,Jerez,58796
58797,276986163,Cristina,Enriquez,58797
58798,989045466,Adora,Collado,58798
58799,615533759,Clementina,Ramirez,58799
58800,300730275,Aroa,Lluch,58800
58801,688530367,Eloy,Miguel,58801
58802,525847840,Amaro,Benitez,58802
58803,641193972,Severo,Maestre,58803
58804,856132490,Luciana,Larrea,58804
58805,718595430,Telmo,Hurtado,58805
58806,721302602,Noelia,Marquez,58806
58807,385739239,Ovidio,Oliva,58807
58808,861561686,Aura,Hurtado,58808
58809,338921040,Dionisio,Solera,58809
58810,735897500,Africa,Figueras,58810
58811,694730458,Etelvina,Arroyo,58811
58812,633867266,Amador,Rovira,58812
58813,516087409,Amada,Izaguirre,58813
58814,390275298,Bernardita,Capdevila,58814
58815,215022030,Ariel,Ramirez,58815
58816,397401608,Rosaura,Aznar,58816
58817,348211413,Natividad,Gras,58817
58818,893569190,Ale,Manjon,58818
58819,669705770,Nilo,Mena,58819
58820,305985222,Emigdio,Becerra,58820
58821,929623079,Rafaela,Guillen,58821
58822,755494063,Roberta,Barranco,58822
58823,752220276,Espiridion,Santana,58823
58824,459492544,Margarita,Gil,58824
58825,857723061,Irene,Quiros,58825
58826,491847496,Brigida,Lorenzo,58826
58827,320257896,Marisol,Ros,58827
58828,742034245,Ildefonso,Solana,58828
58829,201221699,Maria Luisa,Moliner,58829
58830,931980411,Bernardita,Prieto,58830
58831,314289483,Graciela,Pulido,58831
58832,243699020,Dani,Amor,58832
58833,372482165,Africa,Somoza,58833
58834,113628920,Edelmiro,Vidal,58834
58835,367195977,Rosalinda,Bautista,58835
58836,170329240,German,Ripoll,58836
58837,146486141,Jose,Alonso,58837
58838,635913118,Vito,Yuste,58838
58839,736063532,Jose,Gabaldon,58839
58840,945845493,Hilda,Ordonez,58840
58841,897236340,Saturnino,Rebollo,58841
58842,765913880,Raimundo,Mendez,58842
58843,519287561,Fabricio,Uria,58843
58844,280945245,Victor Manuel,Nieto,58844
58845,603356390,Carlos,Collado,58845
58846,723368361,Malena,Badia,58846
58847,156202770,Edgar,Linares,58847
58848,869543982,Teo,Agudo,58848
58849,244737850,Matias,Marino,58849
58850,434646086,Elpidio,Nebot,58850
58851,676607989,Olegario,Agudo,58851
58852,492056312,Teresa,Barcelo,58852
58853,544067832,Marco,Jurado,58853
58854,540735216,Adelaida,Pol,58854
58855,910687474,Candido,Agullo,58855
58856,413419697,Jonatan,Gabaldon,58856
58857,416352883,Calixta,Duenas,58857
58858,339057796,Luis,Tudela,58858
58859,533307397,Primitiva,Olivera,58859
58860,668403065,Pia,Feijoo,58860
58861,325061024,Nilo,Uria,58861
58862,229008504,Duilio,Higueras,58862
58863,773284925,Fito,Palmer,58863
58864,587033095,Alex,Cortina,58864
58865,924335315,Lucio,Ferrera,58865
58866,825522987,Nando,Falcon,58866
58867,622685147,Dan,Moles,58867
58868,894089454,Tomas,Pla,58868
58869,249136651,Soraya,Puga,58869
58870,409158816,Eric,Nogues,58870
58871,533744590,Apolinar,Acero,58871
58872,975489199,Juan Luis,Zapata,58872
58873,607708726,Daniela,Tejero,58873
58874,204742540,Aitana,Fuentes,58874
58875,936873944,Nico,Iglesia,58875
58876,519136360,Jesusa,Zapata,58876
58877,375816352,Eugenia,Zabaleta,58877
58878,792850930,Olimpia,Coca,58878
58879,807658186,Catalina,Nicolas,58879
58880,943380873,Joel,Tudela,58880
58881,464586083,Ciro,Higueras,58881
58882,859486604,Daniel,Urrutia,58882
58883,968602541,Jose Luis,Rico,58883
58884,992461806,Severo,Gutierrez,58884
58885,262607777,Asuncion,Alarcon,58885
58886,827232767,Jeremias,Lucas,58886
58887,801546504,Roque,Gonzalez,58887
58888,817613968,Aitor,Olive,58888
58889,150308250,Poncio,Giralt,58889
58890,994199152,Consuelo,Montero,58890
58891,587167123,Lorena,Lopez,58891
58892,863449018,Elena,Castilla,58892
58893,452225877,Amando,Madrigal,58893
58894,630725761,Moreno,Granados,58894
58895,486596345,Agustina,Varela,58895
58896,180666304,Micaela,Sans,58896
58897,186232493,Marino,Perello,58897
58898,337504467,Miguela,Belmonte,58898
58899,271973175,Olivia,Carvajal,58899
58900,996221471,Zoraida,Alarcon,58900
58901,783533569,Ana Belen,Saez,58901
58902,347747745,Joel,Cabo,58902
58903,881316158,Quirino,Rueda,58903
58904,329319530,Jose Ignacio,Esteban,58904
58905,730519544,Isidro,Angel,58905
58906,543343282,Samanta,Mayoral,58906
58907,142594094,Eulalia,Dalmau,58907
58908,182720539,Silvestre,Romero,58908
58909,400429043,Casandra,Carrion,58909
58910,886659453,Manuelita,Castillo,58910
58911,750239430,Augusto,Ferrando,58911
58912,987852972,Anastasia,Hoz,58912
58913,377854515,Virgilio,Cantero,58913
58914,197854268,Hector,Carretero,58914
58915,408324587,Herminia,Madrigal,58915
58916,514381801,Gil,Girona,58916
58917,521738983,Guillermo,Flores,58917
58918,742750641,Javier,Fuertes,58918
58919,845924682,Consuela,Ferrando,58919
58920,506521859,Fermin,Hoyos,58920
58921,113263184,Ursula,Urena,58921
58922,934227219,Teodoro,Rivas,58922
58923,150732382,Lorenza,Correa,58923
58924,404743571,Cruz,Verdugo,58924
58925,754178488,Flora,Fabregat,58925
58926,182347779,Epifanio,Valdes,58926
58927,954425037,Flavio,Ribera,58927
58928,571246537,Purificacion,Amaya,58928
58929,687700285,Adelardo,Prieto,58929
58930,743104518,Fabiola,Velazquez,58930
58931,326491449,Gabino,Muniz,58931
58932,630090396,Moreno,Coll,58932
58933,998614265,Pedro,Cases,58933
58934,769039799,Palmira,Luz,58934
58935,590297328,Dario,Ugarte,58935
58936,252126349,Gregorio,Blazquez,58936
58937,842370193,Clarisa,Rio,58937
58938,696806489,Barbara,Bonet,58938
58939,930897421,Ariel,Anaya,58939
58940,698843758,Adalberto,Hoz,58940
58941,462028572,Manuelita,Piquer,58941
58942,796677975,Hilario,Uribe,58942
58943,378342454,Vilma,Castello,58943
58944,569198384,Alma,Torrens,58944
58945,908986503,Adelardo,Roldan,58945
58946,216988897,Angelina,Andreu,58946
58947,996504542,Brunilda,Alegre,58947
58948,264241743,Silvia,Valles,58948
58949,235121411,Sergio,Vilaplana,58949
58950,671354069,Luis,Colomer,58950
58951,143768538,Leopoldo,Tur,58951
58952,243403020,Candida,Piquer,58952
58953,737961272,Flora,Abril,58953
58954,213763711,Ileana,Guzman,58954
58955,964821150,Vidal,Lloret,58955
58956,294371506,Eva,Terron,58956
58957,253886244,Curro,Miro,58957
58958,326463385,Gertrudis,Santamaria,58958
58959,322903424,Cebrian,Zamorano,58959
58960,164193535,Teresa,Tomas,58960
58961,765870210,Simon,Sebastian,58961
58962,300890167,Aurelio,Molins,58962
58963,738690532,Rosenda,Parra,58963
58964,399875147,Saturnina,Domenech,58964
58965,492407092,Amada,Alcaraz,58965
58966,542705059,Marcelino,Vara,58966
58967,890849143,Saturnina,Sanmartin,58967
58968,750601743,Corona,Rojas,58968
58969,830391924,Brigida,Echevarria,58969
58970,820419377,Bruno,Nunez,58970
58971,177327707,Manolo,Riba,58971
58972,509058842,Olivia,Atienza,58972
58973,429811651,Porfirio,Alvaro,58973
58974,851646778,Goyo,Elorza,58974
58975,804803970,Fidel,Espanol,58975
58976,246991725,Vidal,Menendez,58976
58977,931378616,Nilo,Muro,58977
58978,139389889,Juanito,Padilla,58978
58979,102696536,Amando,Gallart,58979
58980,807182894,Cosme,Arevalo,58980
58981,794254372,Jose,Barbera,58981
58982,588149578,Jordi,Bartolome,58982
58983,384070532,Rosalia,Ripoll,58983
58984,834840721,Narcisa,Font,58984
58985,898694062,Rosaura,Macias,58985
58986,185523009,Valero,Gelabert,58986
58987,709987408,Casemiro,Carbo,58987
58988,159709455,Nazaret,Cadenas,58988
58989,318643789,Manu,Fabregat,58989
58990,558481301,Ismael,Gomila,58990
58991,326140153,Telmo,Vilar,58991
58992,904477372,Omar,Cuellar,58992
58993,411483303,Agueda,Cid,58993
58994,156021058,Priscila,Barbera,58994
58995,638886570,Casemiro,Salgado,58995
58996,218325367,Dalila,Mosquera,58996
58997,456695580,Desiderio,Marcos,58997
58998,685318066,Ruben,Robledo,58998
58999,491437100,Javi,Oliveras,58999
59000,193426654,Enrique,Arjona,59000
59001,155474571,Candelaria,Patino,59001
59002,488681141,Marisela,Espanol,59002
59003,492263319,Sosimo,Jove,59003
59004,283837795,Emiliana,Macias,59004
59005,567849512,Teresa,Flores,59005
59006,633157827,Bienvenida,Carbajo,59006
59007,656104155,Lucas,Escamilla,59007
59008,675011804,Pio,Diaz,59008
59009,425481772,Nadia,Neira,59009
59010,853938032,Adelaida,Burgos,59010
59011,638769163,Teresita,Sales,59011
59012,683757121,Manu,Jaen,59012
59013,622195122,Baldomero,Hierro,59013
59014,514045169,Ema,Olivera,59014
59015,787017523,Leandra,Peralta,59015
59016,121834328,Jesus,Villena,59016
59017,878735368,Agueda,Gilabert,59017
59018,237919681,Amado,Paez,59018
59019,875759730,Dulce,Vicens,59019
59020,413732765,Marcia,Herrera,59020
59021,817897949,Miguel,Ruiz,59021
59022,368076029,Alex,Tejada,59022
59023,171341424,Trinidad,Lloret,59023
59024,415716602,Iris,Blanco,59024
59025,495994100,Ale,Gomez,59025
59026,406251517,Odalys,Borja,59026
59027,817027274,Oscar,Gimenez,59027
59028,857904316,Julio,Roda,59028
59029,347372602,Maximiliano,Huerta,59029
59030,473752511,Rosalina,Carrion,59030
59031,596172085,Eulalia,Marques,59031
59032,833142649,Lupe,Cuadrado,59032
59033,710218507,Bienvenida,Vidal,59033
59034,578854811,Jaime,Moreno,59034
59035,120633337,Isabela,Moya,59035
59036,792540855,Alejandra,Cortes,59036
59037,525978421,Adrian,Gomila,59037
59038,164797096,Angela,Gibert,59038
59039,298866154,Heriberto,Montenegro,59039
59040,970323062,Donato,Baron,59040
59041,351047805,Isidro,Lerma,59041
59042,348734440,Andrea,Godoy,59042
59043,738125775,Alfonso,Montana,59043
59044,700685043,Marcos,Pascual,59044
59045,970997042,Almudena,Chacon,59045
59046,636920923,Olga,Quiroga,59046
59047,539216376,Cristobal,Zaragoza,59047
59048,609118038,Esperanza,Garces,59048
59049,334691597,Feliciana,Ropero,59049
59050,702921647,Reynaldo,Morales,59050
59051,477703088,Eva,Valenzuela,59051
59052,172015433,Juan Francisco,Sales,59052
59053,390193999,Galo,Jaen,59053
59054,236436887,Casandra,Tur,59054
59055,155349154,Olivia,Ramos,59055
59056,488045129,Custodia,Rocha,59056
59057,413215255,Fidela,Ros,59057
59058,375923066,Olalla,Chamorro,59058
59059,456366014,Fabricio,Coloma,59059
59060,155054017,Ignacia,Barral,59060
59061,277365225,Silvestre,Arteaga,59061
59062,459868211,Jose,Jerez,59062
59063,376247848,Teofila,Alberto,59063
59064,841446394,Clarisa,Flor,59064
59065,595377991,Leocadia,Cabeza,59065
59066,289344273,Haroldo,Villa,59066
59067,464250672,Amilcar,Ayuso,59067
59068,533387778,Florinda,Segarra,59068
59069,721893020,Nilda,Vargas,59069
59070,793632020,Silvia,Quintana,59070
59071,496584438,Fabian,Valenciano,59071
59072,972059867,Bernardo,Cuadrado,59072
59073,451728505,Juan,Vaquero,59073
59074,563123723,Magdalena,Roda,59074
59075,517318686,Martina,Guzman,59075
59076,573512759,Pio,Pardo,59076
59077,298174704,Reynaldo,Montalban,59077
59078,982240907,Herminia,Bermejo,59078
59079,203809621,Ale,Tejedor,59079
59080,937585942,Glauco,Aroca,59080
59081,524223852,Florentina,Barroso,59081
59082,300254130,Cristina,Ruano,59082
59083,940271848,Dionisia,Leal,59083
59084,794993077,Natividad,Coll,59084
59085,589337130,Jose Luis,Penalver,59085
59086,733745940,Lucho,Morante,59086
59087,226169550,Serafina,Cerro,59087
59088,277001391,Aitor,Landa,59088
59089,558697766,Lorenzo,Neira,59089
59090,799384603,Casemiro,Rivero,59090
59091,779981712,Gonzalo,Cornejo,59091
59092,350721766,Gabriela,Rey,59092
59093,825453009,Loreto,Calderon,59093
59094,807347793,Conrado,Beltran,59094
59095,417747779,Dorotea,Canas,59095
59096,820629218,Victoria,Pedrosa,59096
59097,160754859,Flavia,Molina,59097
59098,574654030,Reinaldo,Arana,59098
59099,539072536,Candelas,Carro,59099
59100,419525551,Nadia,Nino,59100
59101,127901999,Artemio,Gil,59101
59102,533763020,Candelaria,Pinol,59102
59103,779485340,Gabriel,Marquez,59103
59104,282593283,Luis Miguel,Heras,59104
59105,202369624,Daniela,Plana,59105
59106,122773301,Eloisa,Lopez,59106
59107,254488094,Paca,Canete,59107
59108,677197287,Maria Del Carmen,Pedro,59108
59109,977180855,Maria Fernanda,Andreu,59109
59110,187656356,Octavia,Quesada,59110
59111,940839417,Moreno,Huertas,59111
59112,214793636,Diana,Olmo,59112
59113,588097478,Cristobal,Garzon,59113
59114,158019740,Angelica,Diaz,59114
59115,166614872,Manolo,Baquero,59115
59116,541102928,Leonardo,Ramirez,59116
59117,356455154,Noe,Mena,59117
59118,994808637,Azahara,Gordillo,59118
59119,321011952,Asuncion,Pinedo,59119
59120,680123289,Luna,Saldana,59120
59121,667238778,Javi,Miro,59121
59122,822015837,Paloma,Guzman,59122
59123,238915044,Baldomero,Lumbreras,59123
59124,834735787,Hector,Boix,59124
59125,408921490,Juan Jose,Quesada,59125
59126,721574186,Cleto,Lluch,59126
59127,665101863,Gervasio,Domenech,59127
59128,697015052,Urbano,Baro,59128
59129,611769708,Fabiola,Montoya,59129
59130,229663419,Ricarda,Cal,59130
59131,926338323,Montserrat,Aller,59131
59132,174153462,Moreno,Cerro,59132
59133,894543880,Morena,Arribas,59133
59134,584184677,Miguela,Hurtado,59134
59135,449342220,Carolina,Linares,59135
59136,672351233,Natanael,Tovar,59136
59137,394173068,Felipa,Sales,59137
59138,395045151,Marisela,Saenz,59138
59139,480759848,Lalo,Arce,59139
59140,775699274,Adelina,Palomino,59140
59141,796844044,Ana Sofia,Valderrama,59141
59142,146718577,Susana,Borrego,59142
59143,455577427,Ramona,Montenegro,59143
59144,469039773,Perlita,Corominas,59144
59145,827141347,Rita,Roldan,59145
59146,681724698,Piedad,Castellanos,59146
59147,214628116,Heriberto,Jara,59147
59148,530702162,Felicia,Gallardo,59148
59149,350256956,Aaron,Gabaldon,59149
59150,359163121,Valentina,Echevarria,59150
59151,110554475,Africa,Blazquez,59151
59152,126170110,Teresita,Maestre,59152
59153,825297516,Feliciano,Real,59153
59154,745839205,Rosendo,Hernandez,59154
59155,783462552,Emperatriz,Ochoa,59155
59156,706930288,Rosalva,Baquero,59156
59157,640182412,Timoteo,Alcala,59157
59158,956912844,Amada,Ferran,59158
59159,624957917,Jonatan,Borras,59159
59160,200181158,Hernan,Elorza,59160
59161,946718416,Nazaret,Palomo,59161
59162,607029919,Olegario,Miralles,59162
59163,667921400,Soledad,Saavedra,59163
59164,573777751,Caridad,Ribes,59164
59165,978592271,Noa,Aviles,59165
59166,309295373,Chuy,Codina,59166
59167,640963055,Olalla,Coronado,59167
59168,423360419,Agapito,Santamaria,59168
59169,654703673,Noelia,Colom,59169
59170,992517493,Socorro,Cobo,59170
59171,802220768,Toribio,Martinez,59171
59172,747768373,Jose,Canton,59172
59173,738484855,Delfina,Verdu,59173
59174,168939331,Vanesa,Carballo,59174
59175,582355614,Ceferino,Arteaga,59175
59176,196100521,Lola,Clemente,59176
59177,339809465,Alejandro,Luis,59177
59178,726308393,Cirino,Cortes,59178
59179,246071962,Consuelo,Hierro,59179
59180,106674039,Azahara,Borrego,59180
59181,660175020,Jennifer,Gilabert,59181
59182,189812185,Nicolas,Olivares,59182
59183,476657148,Pablo,Bartolome,59183
59184,525009063,Emilia,Mateu,59184
59185,693984406,Edmundo,Jimenez,59185
59186,748771134,Rosa,Montero,59186
59187,245230213,Selena,Guillen,59187
59188,317072600,Adrian,Mayoral,59188
59189,992372378,Leyre,Guitart,59189
59190,382941314,Ricardo,Cuesta,59190
59191,736168923,Abril,Ferrero,59191
59192,640466328,Amilcar,Nino,59192
59193,665955784,Abril,Cortes,59193
59194,239152634,Valeria,Bernat,59194
59195,126774278,Melchor,Vara,59195
59196,544295245,Simon,Vidal,59196
59197,236554378,Veronica,Arnau,59197
59198,412723771,Jose Luis,Lucena,59198
59199,227326311,Valeria,Borja,59199
59200,249795678,Blas,Blazquez,59200
59201,102820696,Nando,Andres,59201
59202,572786263,Pedro,Zamorano,59202
59203,398583420,Pablo,Gallardo,59203
59204,847557951,Aroa,Mendoza,59204
59205,303643891,Ruben,Cuellar,59205
59206,853638905,Anselmo,Bou,59206
59207,767500308,Eutropio,Giner,59207
59208,333830582,Placido,Barrena,59208
59209,900049989,Gustavo,Exposito,59209
59210,883380879,Eligio,Moya,59210
59211,547897958,Osvaldo,Barros,59211
59212,496872278,Emma,Canizares,59212
59213,952574416,Victor,Amigo,59213
59214,827127041,Reina,Quiros,59214
59215,215426545,Flavio,Collado,59215
59216,349815107,Lupe,Rocamora,59216
59217,121798801,Daniela,Almazan,59217
59218,936906595,Carmelita,Alba,59218
59219,321682613,Maximiano,Ordonez,59219
59220,488283455,Jacobo,Cuadrado,59220
59221,452277109,Iban,Crespo,59221
59222,341952933,Xiomara,Pintor,59222
59223,978570402,Domingo,Coloma,59223
59224,686568115,Amor,Velasco,59224
59225,992710833,Lucia,Royo,59225
59226,407053046,Rosendo,Maldonado,59226
59227,377051017,Narciso,Cifuentes,59227
59228,174531967,Socorro,Cabrero,59228
59229,947460391,Candelario,Riera,59229
59230,108135998,Maura,Urena,59230
59231,188138038,Emma,Gargallo,59231
59232,697181696,Jordana,Moraleda,59232
59233,897791012,Vasco,Garcia,59233
59234,914213457,Roberto,Parejo,59234
59235,431888871,Mirta,Canete,59235
59236,835564906,Remedios,Gisbert,59236
59237,345466084,Ismael,Conesa,59237
59238,202224071,Quique,Amador,59238
59239,589150587,Roque,Sarabia,59239
59240,242607182,Adora,Corral,59240
59241,807525118,Armida,Girona,59241
59242,523488125,Octavio,Palomo,59242
59243,495143924,Maximiliano,Bernal,59243
59244,970176541,Pia,Quintero,59244
59245,683971139,Herberto,Sainz,59245
59246,111083265,Maximiliano,Hervia,59246
59247,896118193,Narciso,Sarmiento,59247
59248,139680410,Herminio,Puig,59248
59249,277722979,Agata,Rojas,59249
59250,161986007,Carmelita,Palau,59250
59251,924845712,Maricruz,Tenorio,59251
59252,533651461,Pepito,Saavedra,59252
59253,601582640,Morena,Aguado,59253
59254,420368438,Ana,Campillo,59254
59255,819162718,Aurelia,Benavente,59255
59256,646463301,Ricardo,Escudero,59256
59257,198896590,Ruth,Salcedo,59257
59258,271521192,Sebastian,Codina,59258
59259,666713962,Trinidad,Porta,59259
59260,404684603,Fortunata,Pons,59260
59261,499793260,Leoncio,Bartolome,59261
59262,811379589,Ruth,Estrada,59262
59263,399252255,Manu,Vara,59263
59264,152108362,Rosaura,Juan,59264
59265,415744173,Isidro,Salgado,59265
59266,927185013,Alejandra,Arnau,59266
59267,935310901,Timoteo,Barcena,59267
59268,755703234,Leon,Villegas,59268
59269,359163379,Ambrosio,Ferrera,59269
59270,467768462,Julian,Ruano,59270
59271,752908166,Osvaldo,Dieguez,59271
59272,708249815,Ascension,Gaya,59272
59273,545783189,Emperatriz,Aller,59273
59274,925842025,Daniel,Berrocal,59274
59275,101230426,Beatriz,Higueras,59275
59276,512657594,Gala,Castell,59276
59277,910665239,Iris,Peinado,59277
59278,494800938,Xavier,Maldonado,59278
59279,370215638,Cesar,Peinado,59279
59280,644440509,Milagros,Lerma,59280
59281,704137829,Salvador,Duran,59281
59282,432401564,Tono,Madrigal,59282
59283,360526462,Samanta,Mateo,59283
59284,949204320,Marco,Palomares,59284
59285,317964471,Florencio,Izaguirre,59285
59286,676707580,Abigail,Castrillo,59286
59287,936699270,Rolando,Sarabia,59287
59288,296972245,Evangelina,Echevarria,59288
59289,395971133,Lupe,Pacheco,59289
59290,139415515,Paola,Paredes,59290
59291,646420291,Juan Francisco,Beltran,59291
59292,106944077,Fabiola,Gabaldon,59292
59293,331723936,Saturnino,Barrio,59293
59294,545146468,Paulino,Riquelme,59294
59295,725893758,Isidro,Larrea,59295
59296,109527711,Sigfrido,Pinol,59296
59297,732817910,Andrea,Losa,59297
59298,495162392,Eva,Vendrell,59298
59299,847701094,Jose Angel,Sarabia,59299
59300,651526238,Ignacia,Arco,59300
59301,242912881,Maite,Pintor,59301
59302,481633391,Gala,Priego,59302
59303,585736837,Inocencio,Lopez,59303
59304,375254706,Jordi,Fuertes,59304
59305,635599883,Vinicio,Fiol,59305
59306,804343414,Cloe,Cabezas,59306
59307,987655490,Felipe,Romero,59307
59308,706922610,Andrea,Quintero,59308
59309,780391740,Aura,Pablo,59309
59310,300751073,Belen,Diego,59310
59311,606669626,Morena,Gascon,59311
59312,740937558,Clotilde,Ordonez,59312
59313,922264973,Maria Dolores,Galan,59313
59314,836568763,Mireia,Calleja,59314
59315,555803175,Clementina,Velasco,59315
59316,844766186,Marisol,Alvarado,59316
59317,238781994,Ariadna,Palacio,59317
59318,833761400,Cayetano,Moraleda,59318
59319,518262721,Itziar,Sosa,59319
59320,192089175,Hilda,Blanch,59320
59321,984964462,Joaquin,Nieto,59321
59322,767772557,Tamara,Navarrete,59322
59323,109062449,Severo,Galvez,59323
59324,667066827,Ricardo,Perales,59324
59325,350203122,Carmelo,Arana,59325
59326,505503631,Ana,Coll,59326
59327,912920102,Emilia,Romeu,59327
59328,297868622,Luna,Cabo,59328
59329,972987524,Delfina,Peiro,59329
59330,577612027,Bernarda,Lluch,59330
59331,255443709,Mauricio,Lopez,59331
59332,426731730,Renata,Merino,59332
59333,623861047,Manu,Arribas,59333
59334,270751122,Lope,Parejo,59334
59335,369365219,Nestor,Esparza,59335
59336,227881507,Lalo,Vendrell,59336
59337,942442323,Macario,Mugica,59337
59338,333238307,Merche,Fuente,59338
59339,827145547,Eligia,Alcantara,59339
59340,414285398,Silvio,Luque,59340
59341,541921103,Blanca,Peral,59341
59342,745875505,Emilio,Escudero,59342
59343,954244514,Teobaldo,Huerta,59343
59344,995540978,Lucio,Roman,59344
59345,695722560,Miguel,Suarez,59345
59346,406110461,Jose Manuel,Calatayud,59346
59347,330078546,Olivia,Blanco,59347
59348,237439576,Chus,Palau,59348
59349,845648112,Sara,Villegas,59349
59350,101879392,Poncio,Mascaro,59350
59351,979678677,Lupita,Elorza,59351
59352,162608632,Eloy,Castaneda,59352
59353,249090578,Miriam,Colom,59353
59354,751723059,Osvaldo,Tome,59354
59355,986415864,Celso,Albero,59355
59356,964458913,Blas,Zaragoza,59356
59357,224782579,Baltasar,Larrea,59357
59358,465860638,Baltasar,Calderon,59358
59359,184739940,Emma,Campos,59359
59360,151872953,Esmeralda,Anaya,59360
59361,664531164,Marcia,Batlle,59361
59362,269299975,Jose Francisco,Solis,59362
59363,503772414,Ricarda,Ferrera,59363
59364,733169381,Amelia,Baro,59364
59365,108707431,Herberto,Conde,59365
59366,761565463,Graciana,Luque,59366
59367,549286608,Jenny,Mir,59367
59368,133317155,Chus,Valverde,59368
59369,179358136,Ainara,Verdugo,59369
59370,479046928,Ligia,Rozas,59370
59371,381879813,Basilio,Mayol,59371
59372,181675895,Reyna,Tamayo,59372
59373,107188114,Osvaldo,Leon,59373
59374,371312757,Geronimo,Zamorano,59374
59375,462062205,Adelardo,Pol,59375
59376,285085036,Sebastian,Comas,59376
59377,267299016,Amando,Gonzalo,59377
59378,947437873,Dorotea,Olmo,59378
59379,911003971,Odalis,Baena,59379
59380,393485804,Amarilis,Vega,59380
59381,929441037,Josue,Comas,59381
59382,195891117,Agueda,Castaneda,59382
59383,798010355,Febe,Moraleda,59383
59384,748468716,Rafaela,Beltran,59384
59385,306759061,Mateo,Campo,59385
59386,651161498,Severino,Arregui,59386
59387,810342034,Judith,Flores,59387
59388,106142325,Danilo,Aguado,59388
59389,308480596,Montserrat,Alcaraz,59389
59390,313595759,Inigo,Castro,59390
59391,799989048,Mariano,Sabater,59391
59392,684920392,Dionisio,Pineiro,59392
59393,108457112,Victor,Morell,59393
59394,984638638,Luciana,Alba,59394
59395,859629737,Luz,Raya,59395
59396,428510456,Tadeo,Abad,59396
59397,332027738,Jennifer,Canales,59397
59398,610882118,Daniel,Acosta,59398
59399,531130703,Jose Manuel,Valls,59399
59400,731789142,Juan Luis,Valera,59400
59401,680727334,Guadalupe,Castaneda,59401
59402,555537186,Barbara,Neira,59402
59403,960510392,Ismael,Andrade,59403
59404,547278419,Isabela,Vara,59404
59405,635487438,Anna,Casanovas,59405
59406,668177924,Oscar,Laguna,59406
59407,163586989,Javier,Espinosa,59407
59408,694162292,Anacleto,Contreras,59408
59409,952664113,Regulo,Pol,59409
59410,253139342,Oriana,Ayuso,59410
59411,112845677,Eli,Pineiro,59411
59412,842078286,Adelia,Ramis,59412
59413,949913028,Casemiro,Arenas,59413
59414,201508744,Benjamin,Segovia,59414
59415,479272510,Gracia,Roman,59415
59416,873769991,Mohamed,Bru,59416
59417,838897284,Calista,Ariza,59417
59418,999177001,Leyre,Peralta,59418
59419,181484054,Paca,Marin,59419
59420,924089292,Catalina,Robles,59420
59421,487612617,Edu,Salcedo,59421
59422,861257546,Lope,Verdugo,59422
59423,634544804,Adelardo,Tur,59423
59424,591877755,Gilberto,Cases,59424
59425,741942463,Marcial,Carretero,59425
59426,679046631,Herminia,Pedrero,59426
59427,937202442,Anselmo,Anglada,59427
59428,934811468,Candelario,Conesa,59428
59429,936749458,Isidro,Ibanez,59429
59430,338767825,Cirino,Valderrama,59430
59431,582218973,Dan,Mascaro,59431
59432,880310875,America,Sotelo,59432
59433,307249901,Romulo,Anguita,59433
59434,373640483,Donato,Cazorla,59434
59435,804019523,Aurelio,Cardenas,59435
59436,154214549,Apolinar,Melero,59436
59437,643826488,Fabian,Bilbao,59437
59438,120428133,Daniel,Ledesma,59438
59439,190353205,Godofredo,Ortiz,59439
59440,173603340,Haydee,Zorrilla,59440
59441,244377508,Maura,Paz,59441
59442,555805924,Hermenegildo,Canas,59442
59443,148595512,Juan Bautista,Blanca,59443
59444,927358026,Eloy,Agudo,59444
59445,196353492,Jimena,Amador,59445
59446,511766029,Priscila,Tamarit,59446
59447,735682162,Josefa,Barral,59447
59448,395109181,Maxima,Pazos,59448
59449,809113825,Ricarda,Reig,59449
59450,285350956,Hernan,Robles,59450
59451,894500322,Marisela,Mateu,59451
59452,872081965,Reynaldo,Ugarte,59452
59453,905342505,Bonifacio,Moliner,59453
59454,459236148,Eloisa,Pintor,59454
59455,346169510,Xiomara,Porras,59455
59456,105383251,Salvador,Boix,59456
59457,556812805,Brigida,Cervantes,59457
59458,550795964,Gaston,Torre,59458
59459,378506089,Abraham,Heredia,59459
59460,893179793,Jafet,Bueno,59460
59461,800050547,Roberto,Donoso,59461
59462,714409829,Alvaro,Pelayo,59462
59463,462535979,Florencia,Sala,59463
59464,745802378,Amelia,Corominas,59464
59465,144744108,Ruth,Nadal,59465
59466,818683472,Atilio,Zapata,59466
59467,380065856,Gaston,Manzano,59467
59468,783473015,Concepcion,Montenegro,59468
59469,507648985,Flora,Giner,59469
59470,822627909,Flora,Vicente,59470
59471,697031525,Guadalupe,Roig,59471
59472,132218787,Isabela,Gimenez,59472
59473,784106782,Ariel,Pulido,59473
59474,117062703,Rolando,Reina,59474
59475,922233227,Rogelio,Bastida,59475
59476,499803186,Beatriz,Cantero,59476
59477,920520065,Macario,Montana,59477
59478,165918708,Jose Antonio,Canellas,59478
59479,543396680,Reina,Simo,59479
59480,352233450,Jose Angel,Mir,59480
59481,167984814,Manola,Vicens,59481
59482,906937895,Veronica,Guzman,59482
59483,594115374,Mateo,Arenas,59483
59484,240708481,Lucia,Tomas,59484
59485,535882304,Prudencio,Cespedes,59485
59486,422981008,Norberto,Pujol,59486
59487,481416299,Macario,Alcantara,59487
59488,360582572,Asuncion,Casal,59488
59489,294617408,Roldan,Bravo,59489
59490,651583018,Gema,Fiol,59490
59491,344998355,Lucila,Barrios,59491
59492,312848211,Dario,Calatayud,59492
59493,823475506,Nicodemo,Macias,59493
59494,953515402,Celestina,Rovira,59494
59495,640680971,Marisol,Ojeda,59495
59496,729136289,Emigdio,Montesinos,59496
59497,650343793,Blas,Pou,59497
59498,724949464,Abigail,Amigo,59498
59499,434405602,Mauricio,Alfaro,59499
59500,474300802,Ruperta,Tejera,59500
59501,753339935,Jaime,Ferrero,59501
59502,765288565,Encarnita,Lloret,59502
59503,984537950,Anastasio,Jove,59503
59504,407975479,Martin,Cabanas,59504
59505,739835598,Josefa,Belda,59505
59506,987637250,Adolfo,Girona,59506
59507,171006666,Loreto,Oliveras,59507
59508,829954839,Walter,Oliva,59508
59509,673578927,Felicia,Alarcon,59509
59510,876163740,Judith,Conesa,59510
59511,393309879,Tatiana,Exposito,59511
59512,534029491,Maribel,Pardo,59512
59513,496391803,Benigna,Calvo,59513
59514,184370320,Maximiano,Nogues,59514
59515,539251517,Xiomara,Neira,59515
59516,410678657,Apolonia,Mancebo,59516
59517,421880276,Hipolito,Rey,59517
59518,111456577,Charo,Tudela,59518
59519,829162663,Javiera,Camps,59519
59520,266154619,Noelia,Lerma,59520
59521,967043485,Marcial,Elorza,59521
59522,417739479,Teofilo,Chacon,59522
59523,146503651,Marco,Huertas,59523
59524,791948774,Susanita,Carranza,59524
59525,730301040,Trinidad,Valles,59525
59526,871930356,Leocadia,Acero,59526
59527,947964757,Pacifica,Tomas,59527
59528,645662072,Charo,Escudero,59528
59529,257005345,Maria Del Carmen,Tirado,59529
59530,216467182,Carmelita,Guillen,59530
59531,218478762,Celestina,Manzano,59531
59532,731402195,Juan Francisco,Crespi,59532
59533,906971776,Cebrian,Palomares,59533
59534,563204870,Teofila,Carmona,59534
59535,885760979,Severino,Marin,59535
59536,760044668,Maria Del Carmen,Pi,59536
59537,719449608,Alejandra,Revilla,59537
59538,167792603,Paca,Iglesias,59538
59539,427109410,Edgardo,Ibanez,59539
59540,147815523,Gracia,Tejera,59540
59541,823092428,Adelina,Artigas,59541
59542,592545795,Nicolas,Fernandez,59542
59543,677382877,Jennifer,Arcos,59543
59544,650042073,Enrique,Campo,59544
59545,355470248,Yago,Cifuentes,59545
59546,170063721,Eva,Huertas,59546
59547,435146867,Concepcion,Bolanos,59547
59548,275471821,Demetrio,Canet,59548
59549,692516698,Rosendo,Rosa,59549
59550,684406558,Juanita,Gonzalo,59550
59551,447055526,Rosaura,Medina,59551
59552,523187875,Cayetano,Alcolea,59552
59553,142609557,Pablo,Aguilera,59553
59554,338308655,Calixto,Oliva,59554
59555,334548505,Adolfo,Quintana,59555
59556,614600854,Remigio,Carro,59556
59557,681979862,Vilma,Salvador,59557
59558,800300698,Magdalena,Tejera,59558
59559,955412637,Cirino,Valcarcel,59559
59560,931470500,Pepe,Atienza,59560
59561,222074909,Ismael,Jerez,59561
59562,598362849,Angelica,Iriarte,59562
59563,524329042,Ariadna,Roig,59563
59564,420102727,Heraclio,Tirado,59564
59565,380070069,Baldomero,Arribas,59565
59566,172539960,Remigio,Garate,59566
59567,217804317,Eloy,Pons,59567
59568,285433223,Sonia,Alfaro,59568
59569,274747242,Nazaret,Escamilla,59569
59570,703515812,Guadalupe,Pellicer,59570
59571,507717528,Palmira,Mata,59571
59572,524991585,Evaristo,Sebastian,59572
59573,246004014,Maxi,Navarrete,59573
59574,228317688,Dimas,Sanmiguel,59574
59575,657032427,Vinicio,Burgos,59575
59576,272616235,Gabriela,Mateo,59576
59577,743655145,Haydee,Roda,59577
59578,640028513,Anselma,Canovas,59578
59579,728177862,Sabas,Miralles,59579
59580,792301552,Asuncion,Aragon,59580
59581,456112524,Luisa,Sanchez,59581
59582,145481881,Alejo,Benavente,59582
59583,938952551,Dorotea,Pineiro,59583
59584,805136639,Ramiro,Puga,59584
59585,650308695,Valentin,Jimenez,59585
59586,506685066,Victoriano,Villa,59586
59587,406540376,Custodio,Carrillo,59587
59588,499630468,Maria Dolores,Gomila,59588
59589,277983213,Lilia,Barco,59589
59590,454290178,Josefina,Morell,59590
59591,137476174,Rene,Rocamora,59591
59592,158970498,Modesto,Pons,59592
59593,901805352,Andres,Pujadas,59593
59594,532600230,Alejandra,Andres,59594
59595,719950729,Gisela,Pons,59595
59596,432909627,Eligio,Menendez,59596
59597,260551276,Eulalia,Arteaga,59597
59598,109151905,Reinaldo,Zabala,59598
59599,738908174,Rosalinda,Buendia,59599
59600,419925654,Alejandra,Villaverde,59600
59601,605151908,Victoriano,Tena,59601
59602,541172729,Fabian,Gallego,59602
59603,682289024,Rosa,Camacho,59603
59604,225792978,Odalys,Belmonte,59604
59605,564464777,Lourdes,Reig,59605
59606,165319943,Beatriz,Roda,59606
59607,545786689,Miguel,Romero,59607
59608,495369332,Tere,Azcona,59608
59609,574081542,Evita,Arias,59609
59610,336579780,Arcelia,Navarrete,59610
59611,666522149,Jordi,Mesa,59611
59612,500186577,Alejo,Pi,59612
59613,316661984,Guiomar,Revilla,59613
59614,288660516,Albano,Barranco,59614
59615,665960292,Gil,Arrieta,59615
59616,598943585,Valeria,Blanch,59616
59617,534688166,Onofre,Peralta,59617
59618,764761143,Guillermo,Morante,59618
59619,531788603,Edu,Villena,59619
59620,497663334,Fidela,Arroyo,59620
59621,438079145,Maxima,Gonzalez,59621
59622,631028915,Jeremias,Arnaiz,59622
59623,536919785,Angela,Recio,59623
59624,516117634,Timoteo,Gutierrez,59624
59625,315710251,Rosa,Pedraza,59625
59626,752487923,Guiomar,Sureda,59626
59627,304112160,Dionisio,Macias,59627
59628,970862871,Rogelio,Iborra,59628
59629,175172351,Paola,Amat,59629
59630,431315705,Jacinto,Peral,59630
59631,714260221,Ciro,Pareja,59631
59632,543932741,Etelvina,Valentin,59632
59633,759314535,Palmira,Codina,59633
59634,403360208,Marisela,Garay,59634
59635,389836927,Lorenzo,Amor,59635
59636,502010282,Ximena,Galvez,59636
59637,345768678,Cintia,Coello,59637
59638,156293040,Tiburcio,Cortes,59638
59639,718280744,Luz,Prado,59639
59640,611896170,Maria Teresa,Collado,59640
59641,839978878,Casemiro,Cases,59641
59642,189221287,Luciano,Aleman,59642
59643,922817553,Candelas,Porcel,59643
59644,868439067,Onofre,Badia,59644
59645,202203483,Anselmo,Anton,59645
59646,837614013,Jonatan,Verdugo,59646
59647,600248817,Amador,Galan,59647
59648,828360441,Emelina,Martin,59648
59649,902931085,Julieta,Fabregat,59649
59650,495161986,Regina,Vallejo,59650
59651,172845653,Iban,Zurita,59651
59652,309597362,Juanito,Valderrama,59652
59653,664162502,Dario,Pino,59653
59654,311085518,Nazario,Porcel,59654
59655,633087053,Victor Manuel,Gomez,59655
59656,754703873,Guiomar,Chaves,59656
59657,621765253,Jose Ignacio,Casares,59657
59658,133555784,Ricarda,Ordonez,59658
59659,709852212,Lorena,Landa,59659
59660,126246467,Nilda,Madrigal,59660
59661,628451748,Alvaro,Pont,59661
59662,188978003,Erasmo,Bolanos,59662
59663,827484645,Bernabe,Campos,59663
59664,834476856,Patricia,Cardona,59664
59665,341432121,Angelino,Miralles,59665
59666,396402849,Milagros,Mascaro,59666
59667,307846293,Ileana,Mari,59667
59668,214998313,Juan Carlos,Verdejo,59668
59669,899136584,Geraldo,Diaz,59669
59670,548467281,Roldan,Yuste,59670
59671,514098120,Paca,Zapata,59671
59672,189476239,Alcides,Garmendia,59672
59673,513730527,Bienvenida,Acosta,59673
59674,271347236,Marisa,Solano,59674
59675,506342046,Alexandra,Corominas,59675
59676,730151090,Dalila,Arellano,59676
59677,167180719,Nuria,Barbero,59677
59678,230882554,Dimas,Pozuelo,59678
59679,833661255,Basilio,Llamas,59679
59680,191178068,Juana,Puente,59680
59681,461503879,Florentino,Pascual,59681
59682,445062596,Consuela,Rovira,59682
59683,382414345,Matias,Valderrama,59683
59684,347289256,Jonatan,Alcaraz,59684
59685,166099449,Bernardino,Zapata,59685
59686,683158459,Loreto,Varela,59686
59687,190501489,Benita,Miralles,59687
59688,226289614,Rosalva,Montes,59688
59689,286409607,Espiridion,Ramirez,59689
59690,738908990,Maria,Quintana,59690
59691,742466890,Alondra,Zurita,59691
59692,236136459,Cesar,Bernal,59692
59693,507791817,Pepito,Murcia,59693
59694,436616512,Bienvenida,Belmonte,59694
59695,452569606,Agustin,Ramos,59695
59696,172434313,Simon,Quesada,59696
59697,478681574,Adan,Abad,59697
59698,655203990,Maria Carmen,Alberto,59698
59699,851114964,Africa,Domingo,59699
59700,137883284,Federico,Morata,59700
59701,577043415,Chus,Fuente,59701
59702,410263259,Geronimo,Almazan,59702
59703,326885370,Calisto,Baez,59703
59704,921303191,Modesto,Urena,59704
59705,476629036,Jose Ignacio,Bermudez,59705
59706,747893800,Sofia,Abascal,59706
59707,262633054,Ciriaco,Salazar,59707
59708,197606777,Nazaret,Noguera,59708
59709,518742136,Gracia,Ramirez,59709
59710,357891534,Jose,Sales,59710
59711,578549837,Eloisa,Mendoza,59711
59712,140551185,Santos,Roma,59712
59713,382173777,Olivia,Cardona,59713
59714,495453189,Marina,Pacheco,59714
59715,539418709,Amor,Almazan,59715
59716,479531163,Olegario,Iborra,59716
59717,146724641,Alonso,Mulet,59717
59718,667116273,Azucena,Roig,59718
59719,219638395,Tono,Galan,59719
59720,801003469,Lorenzo,Roma,59720
59721,607608398,Hermenegildo,Caballero,59721
59722,818300609,Isaias,Pombo,59722
59723,299490758,Adelaida,Bernad,59723
59724,194617205,Lope,Montoya,59724
59725,539578599,Lope,Benavides,59725
59726,127621627,Pacifica,Cuadrado,59726
59727,166553879,Omar,Menendez,59727
59728,904153548,Daniela,Ariza,59728
59729,548471630,Priscila,Coca,59729
59730,303963381,Telmo,Bustamante,59730
59731,700478273,Itziar,Conde,59731
59732,696672868,Antonia,Giralt,59732
59733,206995581,Ainara,Tome,59733
59734,891500015,Jose Manuel,Adadia,59734
59735,719638424,Nico,Pera,59735
59736,980930463,Ernesto,Ponce,59736
59737,356629179,Nestor,Mancebo,59737
59738,900494331,Cloe,Avila,59738
59739,312899211,Bernardita,Parejo,59739
59740,992503124,Juan Luis,Revilla,59740
59741,957825713,Piedad,Bautista,59741
59742,289513650,Sonia,Banos,59742
59743,157807526,Valentina,Benavent,59743
59744,776113528,Anunciacion,Fuertes,59744
59745,496706848,Teofilo,Mercader,59745
59746,700798702,Maite,Francisco,59746
59747,229241514,Jose,Pou,59747
59748,329630282,Alicia,Rio,59748
59749,942598269,Adoracion,Ayala,59749
59750,364905163,Teodoro,Guardia,59750
59751,142050738,Alejandra,Briones,59751
59752,416118362,Alicia,Dominguez,59752
59753,241912055,Ignacio,Mercader,59753
59754,783436368,Barbara,Escudero,59754
59755,739198458,Marisol,Maldonado,59755
59756,551402100,Nayara,Duque,59756
59757,483376609,Marino,Pinol,59757
59758,605937492,Leopoldo,Acosta,59758
59759,714096854,Aureliano,Riera,59759
59760,189163541,Marisela,Gabaldon,59760
59761,527235053,Julio,Osorio,59761
59762,279062481,Nacio,Peralta,59762
59763,280760389,Maria,Falco,59763
59764,274000341,Natalia,Castillo,59764
59765,230223626,Juan Pablo,Torrijos,59765
59766,187365211,Alondra,Pareja,59766
59767,257463485,Candido,Aguilo,59767
59768,563883951,Begona,Pelayo,59768
59769,746828643,Adoracion,Cervera,59769
59770,351047990,Marta,Jimenez,59770
59771,861205506,Eulalia,Castejon,59771
59772,722986994,Cloe,Estevez,59772
59773,460648196,Emilio,Tormo,59773
59774,902036051,Celestina,Maza,59774
59775,804549719,Cecilia,Vives,59775
59776,132764830,Marcial,Sedano,59776
59777,754333956,Jordana,Samper,59777
59778,563029955,Maria Luisa,Huguet,59778
59779,942887214,Eulalia,Egea,59779
59780,599807994,Debora,Neira,59780
59781,869761897,Alberto,Carreno,59781
59782,732905289,Amancio,Cabo,59782
59783,432895213,Dario,Llopis,59783
59784,738724356,Reyes,Bayo,59784
59785,485711796,Manuelita,Domenech,59785
59786,815820151,Alfonso,Arino,59786
59787,188133246,Nilo,Mateos,59787
59788,926704892,Calixta,Ferrandez,59788
59789,741976340,Sabina,Juarez,59789
59790,143688089,Yago,Llabres,59790
59791,281184044,Tecla,Ros,59791
59792,157342428,Belen,Galan,59792
59793,468096001,Piedad,Sierra,59793
59794,573516077,Ismael,Salgado,59794
59795,871167022,Gema,Aguado,59795
59796,980772629,Isabela,Carrasco,59796
59797,258901036,Marcelo,Lorenzo,59797
59798,871022529,Melchor,Carmona,59798
59799,774451393,Ana,Gutierrez,59799
59800,707050178,Olivia,Noguera,59800
59801,771022847,Lilia,Campillo,59801
59802,317656795,Fortunato,Malo,59802
59803,920489557,Jose Francisco,Rodenas,59803
59804,207702106,Vicente,Velazquez,59804
59805,374447047,Genoveva,Aguilera,59805
59806,303488344,Sandalio,Romero,59806
59807,287310629,Ani,Grau,59807
59808,629850252,Gala,Cueto,59808
59809,840916362,Coral,Valenzuela,59809
59810,910760399,Maria,Gilabert,59810
59811,750583342,Rosario,Segarra,59811
59812,918107262,Herminia,Navarro,59812
59813,161410652,Estrella,Olmo,59813
59814,449409983,Baltasar,Moreno,59814
59815,271135603,Zaida,Anton,59815
59816,507485243,Olimpia,Checa,59816
59817,215065625,Antonia,Carro,59817
59818,281551583,Florentino,Casals,59818
59819,814490104,Leandro,Priego,59819
59820,538765295,Leonardo,Aranda,59820
59821,432994128,Pascuala,Grau,59821
59822,954961110,Chucho,Miranda,59822
59823,135738113,Pastor,Agullo,59823
59824,131022124,Constanza,Real,59824
59825,745079558,Brunilda,Escudero,59825
59826,820271133,Lino,Moraleda,59826
59827,834583893,Bonifacio,Guardiola,59827
59828,626201279,Pepito,Carrera,59828
59829,404844358,Godofredo,Segovia,59829
59830,687471712,Amancio,Castellanos,59830
59831,197911556,Alejandro,Escudero,59831
59832,899595382,Eric,Aleman,59832
59833,177603010,Heraclio,Sabater,59833
59834,655672572,Gracia,Tamarit,59834
59835,302071208,Valentin,Cabeza,59835
59836,413031577,Carmela,Carro,59836
59837,321127774,Domitila,Cueto,59837
59838,842205934,Anacleto,Madrid,59838
59839,110953251,Silvia,Marin,59839
59840,203999178,Fernanda,Ayuso,59840
59841,276256346,Elpidio,Pinol,59841
59842,869242178,Seve,Figueroa,59842
59843,774573782,Eva,Benito,59843
59844,505435839,Filomena,Berrocal,59844
59845,745479994,Nestor,Trujillo,59845
59846,152243341,Hilario,Pina,59846
59847,318755618,Godofredo,Sacristan,59847
59848,372197595,Maria Teresa,Millan,59848
59849,635716072,Guadalupe,Navas,59849
59850,556576190,Calixta,Villegas,59850
59851,766029643,Eligia,Pi,59851
59852,826726907,Celestina,Pombo,59852
59853,537670972,Emma,Lloret,59853
59854,652333406,Conrado,Anglada,59854
59855,455045933,Encarnita,Santamaria,59855
59856,563873941,Debora,Nebot,59856
59857,627313317,Selena,Suarez,59857
59858,251081713,Rosaura,Pablo,59858
59859,233414615,Jose Francisco,Benavent,59859
59860,533227600,Amando,Galan,59860
59861,995931344,Evita,Cabanas,59861
59862,891560463,Pili,Fernandez,59862
59863,901347027,Cirino,Rossello,59863
59864,109777720,Javiera,Garcia,59864
59865,537302421,Belen,Salmeron,59865
59866,373962998,Arturo,Solana,59866
59867,337333074,Pio,Lillo,59867
59868,847222601,Berta,Hierro,59868
59869,260104588,Brunilda,Agullo,59869
59870,928405689,Desiderio,Aguirre,59870
59871,521752984,Julio,Quero,59871
59872,676355109,Artemio,Navas,59872
59873,131607878,Andres,Llabres,59873
59874,751922992,Apolonia,Batalla,59874
59875,275144410,Casandra,Moya,59875
59876,608818990,Trini,Tello,59876
59877,467163313,Maria Belen,Tamayo,59877
59878,293939978,Ariadna,Ledesma,59878
59879,960875960,Angelina,Vazquez,59879
59880,751622443,Cecilia,Gonzalez,59880
59881,777354951,Fortunato,Rosado,59881
59882,896794078,Araceli,Melendez,59882
59883,569092914,Olalla,Patino,59883
59884,540301897,Leire,Palomar,59884
59885,223297663,Andres,Alberto,59885
59886,252816329,Maxi,Valenzuela,59886
59887,985362957,Maria Jose,Camacho,59887
59888,312195279,Ivan,Sanabria,59888
59889,987590501,Eva,Mur,59889
59890,194028552,Luz,Marin,59890
59891,135422994,Teresita,Angel,59891
59892,495869511,Jordi,Bru,59892
59893,142394025,Luisa,Baez,59893
59894,288428326,Juan Carlos,Pinto,59894
59895,387769820,Eloy,Acevedo,59895
59896,231444485,Rosalia,Casanova,59896
59897,253293223,Julieta,Arce,59897
59898,801625207,Bernardita,Sanchez,59898
59899,564667351,Anna,Exposito,59899
59900,903220786,Anabel,Gomis,59900
59901,340034026,Duilio,Bauza,59901
59902,416471438,Oriana,Escolano,59902
59903,606481890,Esperanza,Priego,59903
59904,846315840,Alonso,Escribano,59904
59905,619894458,Dalila,Vizcaino,59905
59906,474970028,Nadia,Castello,59906
59907,909812128,Gabriel,Beltran,59907
59908,184272621,Albina,Palomo,59908
59909,732548467,Artemio,Espada,59909
59910,984568034,Xiomara,Valenciano,59910
59911,857947065,Rosa Maria,Prado,59911
59912,665245427,Daniela,Luque,59912
59913,442699812,Norberto,Cordoba,59913
59914,779622773,Luciano,Figueroa,59914
59915,343717530,Gerardo,Blanca,59915
59916,382443194,Silvia,Hervia,59916
59917,693104863,Agapito,Acuna,59917
59918,633131399,Eliseo,Feliu,59918
59919,126601540,Beatriz,Barragan,59919
59920,215158597,Primitivo,Bas,59920
59921,354755959,Godofredo,Escolano,59921
59922,902048094,Graciano,Estrada,59922
59923,989180331,Eric,Fuertes,59923
59924,379458911,Ciriaco,Alcolea,59924
59925,235016321,Evaristo,Montenegro,59925
59926,813767576,Anacleto,Arrieta,59926
59927,422649346,Jesus,Montana,59927
59928,839387818,Regulo,Tudela,59928
59929,999861772,Eleuterio,Aragon,59929
59930,947349405,Carmelita,Munoz,59930
59931,194688802,Edu,Parra,59931
59932,488927636,Maria Dolores,Plaza,59932
59933,788331343,Rocio,Aguado,59933
59934,585152230,Lola,Arias,59934
59935,287559093,Catalina,Pizarro,59935
59936,263998733,Maura,Solana,59936
59937,714299960,Andrea,Espinosa,59937
59938,812059928,Marisa,Marquez,59938
59939,726311083,Azahara,Montalban,59939
59940,684093442,Silvio,Santana,59940
59941,987804575,Jose,Hierro,59941
59942,806769848,Dulce,Planas,59942
59943,557600096,Leticia,Amador,59943
59944,223422369,Andrea,Hoyos,59944
59945,835054062,Eleuterio,Yuste,59945
59946,144340905,Serafina,Dalmau,59946
59947,486373652,Esteban,Ortiz,59947
59948,873679398,Chus,Salamanca,59948
59949,954381377,Regulo,Criado,59949
59950,594131116,Pastor,Pou,59950
59951,225887746,Victorino,Tomas,59951
59952,355460953,Luciano,Mata,59952
59953,158228981,Jose Miguel,Cabrera,59953
59954,797325918,Benjamin,Tellez,59954
59955,588158175,Sebastian,Salom,59955
59956,869210631,Filomena,Alfonso,59956
59957,110115469,Almudena,Cervera,59957
59958,480059722,Enrique,Chaparro,59958
59959,818729270,Baudelio,Sureda,59959
59960,289515269,Osvaldo,Feliu,59960
59961,866523627,Pili,Aguilo,59961
59962,309655232,Martirio,Ripoll,59962
59963,758312195,Humberto,Olmedo,59963
59964,911254745,Oriana,Arellano,59964
59965,306188242,Aurelia,Lujan,59965
59966,772750641,Selena,Ojeda,59966
59967,751887924,Andrea,Lerma,59967
59968,745857993,Candelario,Macias,59968
59969,613369024,Bartolome,Castell,59969
59970,150592909,Aurora,Arco,59970
59971,925939135,Remedios,Burgos,59971
59972,980593550,Rosario,Amo,59972
59973,334970516,Victorino,Mora,59973
59974,822808292,Sebastian,Bermejo,59974
59975,700780450,Juan Manuel,Ribas,59975
59976,680988052,Eusebio,Caparros,59976
59977,722439501,Gracia,Jimenez,59977
59978,319839318,Azeneth,Bejarano,59978
59979,545778322,Valero,Soler,59979
59980,383158594,Jose Angel,Miguel,59980
59981,715293814,Luis,Pol,59981
59982,676058990,Nicolas,Cordoba,59982
59983,841612770,Eligio,Barbero,59983
59984,947169470,Maite,Domenech,59984
59985,110488135,Alcides,Solana,59985
59986,457811180,Eugenio,Neira,59986
59987,784627034,Joaquina,Roig,59987
59988,240523472,Desiderio,Santamaria,59988
59989,666923098,Amanda,Torrijos,59989
59990,880571616,Brunilda,Diez,59990
59991,123035039,Teodora,Ugarte,59991
59992,181821731,Sandalio,Portillo,59992
59993,148750284,Evangelina,Salcedo,59993
59994,638055707,Amarilis,Mata,59994
59995,588050101,Dario,Nogues,59995
59996,240031898,Aurelio,Huerta,59996
59997,253739670,Etelvina,Piquer,59997
59998,578513517,Isaac,Aguirre,59998
59999,415926070,Jenny,Guillen,59999
60000,590704720,Emiliana,Pinol,60000
