id,documento,nombre,apellido,mesa_id
20001,210794194,Iker,Zamora,20001
20002,112971779,Damian,Frias,20002
20003,428374662,Rita,Paredes,20003
20004,616611541,Esperanza,Acedo,20004
20005,286277362,Moreno,Salva,20005
20006,594028855,Olivia,Aguado,20006
20007,107715277,Agueda,Baro,20007
20008,518816865,Arturo,Pelaez,20008
20009,595989015,Catalina,Echevarria,20009
20010,440358006,Jimena,Linares,20010
20011,963893726,Rafa,Pablo,20011
20012,738145590,Bruno,Tellez,20012
20013,431071965,Anibal,Tena,20013
20014,144290339,Samuel,Aguado,20014
20015,697694784,Maria Carmen,Soto,20015
20016,591333615,Carmela,Rosado,20016
20017,837133815,Pancho,Exposito,20017
20018,496187411,Alonso,Alarcon,20018
20019,698190568,Custodia,Donaire,20019
20020,529039545,Concha,Aznar,20020
20021,583758853,Sebastian,Barcelo,20021
20022,781062460,Aura,Patino,20022
20023,742889186,Jose Mari,Burgos,20023
20024,525578993,Nazaret,Aragones,20024
20025,660897081,Palmira,Pol,20025
20026,856832188,Merche,Jordan,20026
20027,618173663,Eligia,Agusti,20027
20028,612341508,Cesar,Saez,20028
20029,778721983,Flavia,Velez,20029
20030,724504575,Jenny,Quintanilla,20030
20031,130300871,Florentino,Ayala,20031
20032,143385247,Ursula,Jover,20032
20033,393920676,Teofila,Alonso,20033
20034,459878777,Ainoa,Garay,20034
20035,108788872,Araceli,Fernandez,20035
20036,452594347,Roberto,Portillo,20036
20037,570176497,Jordi,Fajardo,20037
20038,183095412,Carlito,Oliveras,20038
20039,345968306,Constanza,Quiros,20039
20040,496467211,Benita,Escalona,20040
20041,134732975,Telmo,Vilar,20041
20042,896708655,Rene,Blazquez,20042
20043,825720850,Gabriela,Pena,20043
20044,547216613,Marcelo,Cuenca,20044
20045,208594169,Anastasio,Fortuny,20045
20046,526689910,Ramiro,Arribas,20046
20047,390048206,Samuel,Hernando,20047
20048,547268140,Joel,Ayala,20048
20049,208659065,Jose Antonio,Moraleda,20049
20050,859608825,Regulo,Amoros,20050
20051,292426923,Miguela,Lopez,20051
20052,659527019,Dani,Ferrero,20052
20053,436137704,Petrona,Verdugo,20053
20054,983449547,Adelardo,Colomer,20054
20055,994630352,Andres Felipe,Solera,20055
20056,224016842,Armida,Bosch,20056
20057,338637015,Fito,Blanch,20057
20058,842714248,Pepito,Bellido,20058
20059,829583931,Narcisa,Tejedor,20059
20060,520670022,Nazaret,Guerra,20060
20061,668404398,Cruz,Infante,20061
20062,275531058,Candelario,Pellicer,20062
20063,756536855,Tere,Orozco,20063
20064,600736400,Macarena,Andres,20064
20065,225774970,Agustina,Pina,20065
20066,263285662,Valentin,Pozuelo,20066
20067,287044277,Azahar,Dieguez,20067
20068,922508340,Viviana,Godoy,20068
20069,704587224,Otilia,Figueras,20069
20070,200866486,Romulo,Moliner,20070
20071,973607631,Jovita,Gascon,20071
20072,927934889,Teodosio,Moran,20072
20073,523041169,America,Carballo,20073
20074,342070634,Daniela,Miranda,20074
20075,443619873,Ariadna,Granados,20075
20076,314784862,Zaira,Barbera,20076
20077,248040186,Guillermo,Torrent,20077
20078,505524890,Amelia,Goicoechea,20078
20079,495954368,Rosa,Sales,20079
20080,804959050,Yolanda,Pacheco,20080
20081,107557734,Fortunato,Duenas,20081
20082,523282463,Marisela,Tovar,20082
20083,502692093,Lola,Orozco,20083
20084,128076713,Candido,Rocha,20084
20085,760344961,Lucila,Pinilla,20085
20086,709880122,Cebrian,Leiva,20086
20087,403752420,Azucena,Alvarado,20087
20088,354670064,Ricardo,Vicens,20088
20089,710132372,Raquel,Cal,20089
20090,582485687,Gil,Quiros,20090
20091,173905453,Lourdes,Pablo,20091
20092,382269537,Ruperto,Carpio,20092
20093,971938980,Loreto,Franch,20093
20094,137089607,Fausto,Lopez,20094
20095,416572293,Leonor,Gabaldon,20095
20096,822069977,Carmen,Castellanos,20096
20097,352910293,Adriana,Polo,20097
20098,829191992,Yessica,Jover,20098
20099,192401747,Abel,Carranza,20099
20100,800233073,Celia,Carnero,20100
20101,651616483,Sol,Alsina,20101
20102,395422299,Maxi,Sabater,20102
20103,482536895,Porfirio,Arribas,20103
20104,199586412,Salvador,Montserrat,20104
20105,933579592,Ileana,Lamas,20105
20106,638921869,Hernan,Planas,20106
20107,528495707,Vasco,Pinedo,20107
20108,214345656,Josefina,Arana,20108
20109,644458926,Jesus,Piquer,20109
20110,684708919,Sofia,Moles,20110
20111,543425486,Amador,Murillo,20111
20112,525386593,Montserrat,Abad,20112
20113,512301414,Javi,Mancebo,20113
20114,620725385,Rosa,Bayona,20114
20115,828369410,Eladio,Izquierdo,20115
20116,668644440,Bienvenida,Barroso,20116
20117,485925609,Nieves,Salom,20117
20118,971264225,Agueda,Toro,20118
20119,906515865,Roldan,Baena,20119
20120,361679750,Jose Angel,Campillo,20120
20121,362998796,Eligio,Nicolas,20121
20122,356689374,German,Monreal,20122
20123,762204961,Marcos,Vallejo,20123
20124,176739891,Eligio,Terron,20124
20125,857951393,Telmo,Carrion,20125
20126,136879242,Eusebia,Montoya,20126
20127,661435465,Sergio,Ugarte,20127
20128,449997677,Tomasa,Valls,20128
20129,303869534,Camilo,Hernando,20129
20130,977686578,Anita,Bermudez,20130
20131,483900535,Nicanor,Francisco,20131
20132,111103436,Herminio,Pinol,20132
20133,251427660,Jeremias,Lerma,20133
20134,231165559,Amilcar,Silva,20134
20135,426420745,Macarena,Gomis,20135
20136,989915653,Martin,Estevez,20136
20137,949874498,Feliciana,Cueto,20137
20138,143553492,Abigail,Portero,20138
20139,326426190,Damian,Vargas,20139
20140,267918191,Pia,Soriano,20140
20141,652806630,Santos,Agullo,20141
20142,906026585,Reina,Carreras,20142
20143,961695649,Prudencio,Vilaplana,20143
20144,387853432,Gisela,Fuente,20144
20145,629779744,Maxi,Valderrama,20145
20146,544817946,Chucho,Valles,20146
20147,760389505,Ana Sofia,Aroca,20147
20148,139225594,Natalio,Bejarano,20148
20149,728576112,Humberto,Martinez,20149
20150,544866366,Salud,Amaya,20150
20151,366881851,Isa,Nunez,20151
20152,964484563,Maria,Rodrigo,20152
20153,918718805,Brigida,Mayo,20153
20154,884106286,Dafne,Figuerola,20154
20155,167108724,Paco,Cerda,20155
20156,631143938,Brigida,Lorenzo,20156
20157,975138938,Noemi,Armengol,20157
20158,820740361,Anselma,Palmer,20158
20159,755955582,Rufino,Sierra,20159
20160,959238757,Begona,Correa,20160
20161,943151994,Encarnacion,Pedrosa,20161
20162,964239232,Josep,Benet,20162
20163,926044118,Leoncio,Rosado,20163
20164,420160245,Josefa,Lobato,20164
20165,867984130,Ulises,Bernad,20165
20166,589818585,Fabian,Gamez,20166
20167,922427224,Gil,Salas,20167
20168,969181674,Lilia,Vinas,20168
20169,390964859,Luisa,Molina,20169
20170,118197453,Chucho,Toledo,20170
20171,871348439,Nerea,Iglesia,20171
20172,932468952,Quirino,Diez,20172
20173,881677293,Ileana,Bayo,20173
20174,714350057,Maria Jesus,Canizares,20174
20175,834410972,Pastor,Manso,20175
20176,114988143,Amaro,Paez,20176
20177,270560697,Alejandro,Duran,20177
20178,124584927,Aurelio,Planas,20178
20179,567574727,Demetrio,Aparicio,20179
20180,925950823,Roldan,Ortiz,20180
20181,751813164,Amalia,Olive,20181
20182,670086133,Ale,Higueras,20182
20183,440889380,Plinio,Lopez,20183
20184,507729984,Eusebio,Sastre,20184
20185,497668630,Julio Cesar,Canet,20185
20186,849773938,Alcides,Palma,20186
20187,501867494,Francisca,Cabeza,20187
20188,698128046,Lucio,Calvet,20188
20189,202682347,Bernardo,Urrutia,20189
20190,704625299,Noelia,Mugica,20190
20191,737285843,Flor,Hoyos,20191
20192,983809538,Merche,Solano,20192
20193,540854027,Miriam,Cid,20193
20194,170375608,Teresa,Aguirre,20194
20195,345746751,Augusto,Rius,20195
20196,179108606,Francisco,Iborra,20196
20197,870089671,Modesto,Berrocal,20197
20198,342611117,Maria Belen,Vendrell,20198
20199,994782572,Margarita,Cases,20199
20200,970283187,Leire,Pastor,20200
20201,778873956,Consuela,Galvez,20201
20202,484711764,Domingo,Pinto,20202
20203,730542009,Arcelia,Llopis,20203
20204,299792173,Cecilio,Peinado,20204
20205,377320799,Matilde,Medina,20205
20206,429942938,Otilia,Alvarez,20206
20207,331092981,Margarita,Tejedor,20207
20208,682157446,Ruth,Ferrero,20208
20209,870171817,Raimundo,Berrocal,20209
20210,913780997,Fidel,Garay,20210
20211,886622761,Juan Manuel,Cepeda,20211
20212,937048114,Benjamin,Gisbert,20212
20213,215881345,Loreto,Figuerola,20213
20214,877259172,Ambrosio,Rodriguez,20214
20215,597723810,Andres,Rey,20215
20216,981423083,Fabricio,Alcantara,20216
20217,914852783,Jonatan,Bellido,20217
20218,517260210,Maria Jose,Villalobos,20218
20219,534814391,Anselmo,Sainz,20219
20220,945947555,Isidoro,Valentin,20220
20221,818202499,Violeta,Tejero,20221
20222,550614796,Emilia,Carvajal,20222
20223,552634890,Natividad,Alcalde,20223
20224,647292484,Ruben,Barbera,20224
20225,977525243,Ricarda,Beltran,20225
20226,818587776,Vinicio,Hidalgo,20226
20227,305867169,Maximiliano,Molina,20227
20228,583946123,Nacho,Pacheco,20228
20229,700198407,Ramon,Trillo,20229
20230,902656168,Selena,Sevilla,20230
20231,612994934,Ruth,Iglesias,20231
20232,548841527,Rosenda,Pazos,20232
20233,120224428,Brigida,Cervantes,20233
20234,188282532,Luna,Posada,20234
20235,828284552,Felix,Araujo,20235
20236,813731070,Vasco,Losada,20236
20237,179009051,Lisandro,Cerezo,20237
20238,764888375,Purificacion,Marin,20238
20239,507954219,Fausto,Alberto,20239
20240,229290110,Raquel,Galan,20240
20241,772102800,Fernando,Marco,20241
20242,292270600,Samu,Godoy,20242
20243,168940167,Maristela,Baeza,20243
20244,220709058,Etelvina,Cantero,20244
20245,935752699,Victoriano,Pedro,20245
20246,532023873,Timoteo,Vaquero,20246
20247,547177615,Claudia,Quiros,20247
20248,549867060,Trinidad,Solera,20248
20249,471698073,Asuncion,Alfonso,20249
20250,847221721,Inmaculada,Tirado,20250
20251,325397299,Miguel Angel,Arteaga,20251
20252,213341231,Jose Antonio,Ramirez,20252
20253,901939905,Jesus,Cuellar,20253
20254,671114312,Luis Miguel,Rosa,20254
20255,819830906,Anselmo,Torrents,20255
20256,777023986,Climaco,Vega,20256
20257,478870051,Adrian,Borja,20257
20258,354088129,Ligia,Garzon,20258
20259,779218651,Alejandro,Angulo,20259
20260,604993874,Pepita,Velasco,20260
20261,585445936,Glauco,Ayuso,20261
20262,770796819,Leire,Olmedo,20262
20263,137553516,Marino,Pla,20263
20264,467839141,Carlito,Martorell,20264
20265,535731182,Adela,Calderon,20265
20266,690454311,Octavio,Torrents,20266
20267,977670043,Carolina,Contreras,20267
20268,300279493,Vidal,Font,20268
20269,551334254,Jose Angel,Ordonez,20269
20270,282019451,Hilario,Gaya,20270
20271,947869202,Eli,Coca,20271
20272,324593365,Julio,Amador,20272
20273,747122932,Nico,Arellano,20273
20274,474651689,Bernardo,Tur,20274
20275,582667304,Abigail,Parra,20275
20276,654191931,Fito,Arregui,20276
20277,228450561,Severino,Acero,20277
20278,360414334,Dora,Miro,20278
20279,390588715,Aurelio,Saez,20279
20280,866502909,Aurora,Sans,20280
20281,712754420,Cosme,Barbero,20281
20282,162033484,Maximino,Ripoll,20282
20283,724904092,Flavio,Lucas,20283
20284,737036887,Mohamed,Nieto,20284
20285,259395616,Griselda,Rubio,20285
20286,366944882,Teofila,Salvador,20286
20287,789061342,Chuy,Artigas,20287
20288,862947015,Balduino,Barco,20288
20289,724727414,Eutropio,Malo,20289
20290,134229121,Ciriaco,Penas,20290
20291,282813682,Roque,Calvet,20291
20292,762566206,Alberto,Segovia,20292
20293,192958708,Andres Felipe,Ramirez,20293
20294,770115953,Jose Francisco,Coello,20294
20295,619827469,Julia,Quintanilla,20295
20296,777950504,Casemiro,Bonilla,20296
20297,141860464,Antonio,Montero,20297
20298,584548495,Paulina,Colom,20298
20299,602580412,Coral,Cabanillas,20299
20300,996415836,Nerea,Izaguirre,20300
20301,987082617,Carla,Losada,20301
20302,903665878,Saturnino,Tirado,20302
20303,399551400,Maria Jose,Flores,20303
20304,783180017,Artemio,Sotelo,20304
20305,488759999,Eva,Morante,20305
20306,973341227,Aurora,Lluch,20306
20307,639665669,Ani,Morell,20307
20308,749576301,Fidela,Villalobos,20308
20309,151563735,Nico,Jordan,20309
20310,175221145,Ainara,Sandoval,20310
20311,409352052,Febe,Vazquez,20311
20312,963909845,Lola,Canals,20312
20313,474956720,Joaquina,Pastor,20313
20314,476920034,Amador,Saenz,20314
20315,237335310,Marcelino,Egea,20315
20316,484109333,Inmaculada,Iborra,20316
20317,435914463,Bartolome,Chacon,20317
20318,946090221,Vanesa,Benito,20318
20319,480883030,Nestor,Azorin,20319
20320,735668426,Teofilo,Bosch,20320
20321,645014042,Tania,Maldonado,20321
20322,286786817,Eutropio,Pablo,20322
20323,723107009,Purificacion,Mercader,20323
20324,245948951,Andrea,Alcolea,20324
20325,428677884,Casandra,Rosado,20325
20326,512673700,Vasco,Camps,20326
20327,989403365,Rosario,Casal,20327
20328,430276398,Maxi,Macias,20328
20329,997169434,Salud,Macias,20329
20330,410860104,Nelida,Zurita,20330
20331,490355258,Jeremias,Enriquez,20331
20332,495025368,Ambar,Urrutia,20332
20333,192893522,Urbano,Manzanares,20333
20334,859611099,Marcio,Perez,20334
20335,880660949,Santos,Marino,20335
20336,839000164,Eligia,Vilanova,20336
20337,931530429,Hilario,Lobo,20337
20338,629453569,Maxi,Castillo,20338
20339,491433539,Esteban,Munoz,20339
20340,764374083,Maria Dolores,Bartolome,20340
20341,198613451,Ernesto,Alegre,20341
20342,215688512,Jimena,Feliu,20342
20343,926051625,Domingo,Murillo,20343
20344,734593702,Jordi,Vila,20344
20345,591769154,Andres Felipe,Tomas,20345
20346,577357345,Ruth,Luis,20346
20347,590570167,Mayte,Mateu,20347
20348,528064742,Gonzalo,Ribas,20348
20349,260161118,Maricruz,Mesa,20349
20350,411410418,Isa,Castells,20350
20351,865279924,German,Jove,20351
20352,495550510,Sabas,Alsina,20352
20353,407458761,Baltasar,Carrion,20353
20354,872841970,Inigo,Daza,20354
20355,126228866,Dionisia,Carro,20355
20356,811823017,Amaro,Salcedo,20356
20357,103730287,Zacarias,Macias,20357
20358,360032176,Josue,Roca,20358
20359,982892939,Lupe,Cervantes,20359
20360,965548305,Sandalio,Montoya,20360
20361,541103891,Mirta,Campo,20361
20362,584330133,Manuel,Arnaiz,20362
20363,550131064,Casemiro,Pulido,20363
20364,905995888,Marcial,Segovia,20364
20365,314363639,Ernesto,Alvarez,20365
20366,178379714,Marisa,Cobos,20366
20367,211689797,Carina,Tejero,20367
20368,702122367,Cecilio,Quiroga,20368
20369,940537672,Chuy,Alamo,20369
20370,939639310,Carmela,Martin,20370
20371,510296615,Mariano,Olmedo,20371
20372,140859865,Apolinar,Porcel,20372
20373,834920089,Ainara,Pena,20373
20374,955092998,Lupita,Figueras,20374
20375,744482939,Ursula,Alfaro,20375
20376,746110206,Haroldo,Marti,20376
20377,164178773,Narciso,Villaverde,20377
20378,310417879,Natalio,Cabezas,20378
20379,672113893,Hipolito,Collado,20379
20380,980340941,Gervasio,Cespedes,20380
20381,228700426,Amanda,Barcelo,20381
20382,703843440,Roxana,Giralt,20382
20383,294182455,Sarita,Quero,20383
20384,415704077,Leandra,Segui,20384
20385,379116078,Maria Teresa,Salom,20385
20386,220501170,Petrona,Roig,20386
20387,216552599,Che,Reguera,20387
20388,236741904,Americo,Piquer,20388
20389,382883102,Reyes,Arnaiz,20389
20390,762329006,Tania,Sanjuan,20390
20391,641568109,Lorenza,Benavides,20391
20392,490767974,Felix,Jorda,20392
20393,378228248,Ricarda,Codina,20393
20394,878327241,Monica,Puerta,20394
20395,276245502,Modesto,Valero,20395
20396,275198604,Roberto,Narvaez,20396
20397,558922718,Daniel,Bonilla,20397
20398,890843931,Marc,Valle,20398
20399,726067802,Paula,Aviles,20399
20400,321748463,Xiomara,Delgado,20400
20401,653047986,Damian,Criado,20401
20402,295992798,Maria Carmen,Jodar,20402
20403,743049249,Moreno,Marino,20403
20404,434708947,Armando,Uriarte,20404
20405,443983345,Ruben,Arnau,20405
20406,173276842,Gabriel,Querol,20406
20407,198883041,Almudena,Ocana,20407
20408,404619008,Asdrubal,Vicens,20408
20409,714927786,Urbano,Peral,20409
20410,581951992,Angela,Tejera,20410
20411,624259304,Lara,Calvet,20411
20412,436131301,Victoria,Macias,20412
20413,885260697,Maricruz,Soler,20413
20414,758589602,Urbano,Montoya,20414
20415,638028634,Maria Jesus,Garate,20415
20416,555410046,Cristian,Rodriguez,20416
20417,282456669,Climaco,Mena,20417
20418,387713184,Adora,Soria,20418
20419,488807985,Micaela,Castilla,20419
20420,834628706,Osvaldo,Vazquez,20420
20421,786933797,Saturnino,Ribas,20421
20422,192102418,Itziar,Larranaga,20422
20423,128681318,Ceferino,Porras,20423
20424,222852166,Bonifacio,Salamanca,20424
20425,591019977,Aurelio,Rosell,20425
20426,922337882,Otilia,Arroyo,20426
20427,338319833,Maura,Ramon,20427
20428,258961173,Ambrosio,Caceres,20428
20429,928926438,Elias,Ramon,20429
20430,819113222,Danilo,Penalver,20430
20431,957114222,Chus,Pol,20431
20432,419555300,Climaco,Cobo,20432
20433,673557601,Luna,Ramon,20433
20434,174318487,Olegario,Granados,20434
20435,437042104,Benigno,Cervantes,20435
20436,128535590,Tere,Manso,20436
20437,590173280,Filomena,Zamorano,20437
20438,790770402,Omar,Blazquez,20438
20439,222934978,Pascual,Amores,20439
20440,322378323,Elias,Narvaez,20440
20441,436458687,Fortunata,Montalban,20441
20442,641389008,Graciana,Antunez,20442
20443,740630015,Flora,Busquets,20443
20444,428171152,Amalia,Bernat,20444
20445,932474521,Albert,Arce,20445
20446,389672465,Ivan,Moll,20446
20447,120060558,Amor,Ferrandez,20447
20448,273689725,Juanito,Vera,20448
20449,300861591,Elisabet,Feijoo,20449
20450,223993821,Milagros,Campillo,20450
20451,972593283,Abel,Recio,20451
20452,712291730,Juana,Cardenas,20452
20453,240404649,Cintia,Alemany,20453
20454,883000552,Jimena,Espejo,20454
20455,479503416,Zaida,Fajardo,20455
20456,876101016,Pili,Cabezas,20456
20457,329931938,Florentino,Duran,20457
20458,411821756,Jenaro,Bonet,20458
20459,774232098,Marcial,Olmo,20459
20460,328953230,Morena,Pablo,20460
20461,536723905,Custodia,Iriarte,20461
20462,772604732,Remigio,Salvador,20462
20463,479262647,Melania,Penas,20463
20464,566879445,Zoraida,Jove,20464
20465,317017789,Lupe,Ballesteros,20465
20466,562340979,Claudio,Salamanca,20466
20467,255433487,Juan Manuel,Aller,20467
20468,178438235,Trinidad,Ochoa,20468
20469,263909186,Genoveva,Polo,20469
20470,292849154,Yessica,Aroca,20470
20471,681438472,Leticia,Banos,20471
20472,247234974,Lucio,Armengol,20472
20473,269242007,Nacio,Quintero,20473
20474,912802852,Feliciana,Vilanova,20474
20475,654403331,Natalio,Parejo,20475
20476,548979867,Lola,Gallego,20476
20477,501108747,Itziar,Mas,20477
20478,813187321,Marita,Carro,20478
20479,858461400,Reyna,Blasco,20479
20480,330735578,Florencia,Blanca,20480
20481,497271988,Gala,Cuadrado,20481
20482,985245028,Carina,Espejo,20482
20483,894476856,Duilio,Jove,20483
20484,908724418,Casandra,Azcona,20484
20485,835642782,Lorenza,Puente,20485
20486,640089994,Baltasar,Jimenez,20486
20487,983993293,Marino,Larranaga,20487
20488,550412941,Xavier,Goni,20488
20489,140779957,Rebeca,Duarte,20489
20490,917062443,Maria Del Carmen,Domingo,20490
20491,527321437,Luis,Haro,20491
20492,656071983,Pancho,Albero,20492
20493,221264972,Lazaro,Arce,20493
20494,937008973,Martirio,Vidal,20494
20495,148776248,Eugenia,Portillo,20495
20496,131138944,Fortunata,Sancho,20496
20497,400704531,Salome,Gordillo,20497
20498,482945463,Heriberto,Aguirre,20498
20499,813078160,Etelvina,Frias,20499
20500,265668139,Isaura,Alcantara,20500
20501,748427464,Salomon,Rincon,20501
20502,874299914,Lucia,Valera,20502
20503,368319293,Gracia,Barbero,20503
20504,165939065,Julie,Lorenzo,20504
20505,198697994,Elba,Collado,20505
20506,772349287,Abril,Sarmiento,20506
20507,784213867,Roberta,Tejero,20507
20508,301195753,Joaquina,Serra,20508
20509,722820028,Dafne,Marino,20509
20510,239392119,Lilia,Gimenez,20510
20511,568180086,Lucho,Casal,20511
20512,198673729,Angelina,Santamaria,20512
20513,836051213,Florentina,Guerra,20513
20514,523367462,Daniela,Ruano,20514
20515,888428811,Agueda,Coello,20515
20516,702880180,Rita,Bayon,20516
20517,911224215,Teofilo,Quero,20517
20518,295906812,Juan Luis,Pineda,20518
20519,604798102,Chucho,Armengol,20519
20520,544475481,Crescencia,Cuenca,20520
20521,212586863,Felicidad,Camino,20521
20522,989326266,Martin,Campo,20522
20523,952698822,Sol,Espana,20523
20524,946045543,Corona,Tomas,20524
20525,245805192,Pilar,Moya,20525
20526,672315124,Ricarda,Marquez,20526
20527,552557273,Cornelio,Portero,20527
20528,486451344,Reyna,Menendez,20528
20529,867597202,Tadeo,Ferreras,20529
20530,792874298,Nayara,Yuste,20530
20531,718151271,Ricardo,Alberdi,20531
20532,745571508,Flavio,Benavent,20532
20533,671559008,Loida,Bartolome,20533
20534,771939704,Wilfredo,Frias,20534
20535,702638149,Pio,Castell,20535
20536,238909559,Florentino,Chaparro,20536
20537,149328745,Celso,Granados,20537
20538,806083867,Iban,Zaragoza,20538
20539,537091018,Alejandro,Esteve,20539
20540,566713993,Estela,Ibanez,20540
20541,256085421,Emigdio,Canet,20541
20542,780023027,Emiliano,Quiroga,20542
20543,561511262,Gisela,Gonzalez,20543
20544,665540876,Rosario,Mir,20544
20545,619988720,Marcelo,Fuente,20545
20546,466272318,Cebrian,Romero,20546
20547,702963548,Lorena,Pi,20547
20548,429289209,Elias,Alvarez,20548
20549,988196493,Ana Belen,Andrade,20549
20550,120364420,Petrona,Ayuso,20550
20551,901337061,Mamen,Vendrell,20551
20552,767427381,Rosario,Nadal,20552
20553,764464087,Sandra,Guillen,20553
20554,731671055,Marita,Checa,20554
20555,187577117,Concha,Salamanca,20555
20556,391795725,Gema,Aguado,20556
20557,604787245,Zaida,Oliveras,20557
20558,453874687,Lope,Neira,20558
20559,549111405,Lidia,Bas,20559
20560,446850665,Bernarda,Arco,20560
20561,648016606,Buenaventura,Marco,20561
20562,806559434,Abraham,Saez,20562
20563,467637156,Aurea,Soler,20563
20564,471970249,Florentina,Busquets,20564
20565,858557619,Purificacion,Diaz,20565
20566,960355483,Valero,Amaya,20566
20567,933993319,Gustavo,Mora,20567
20568,682722110,Jordana,Flores,20568
20569,862376500,Placido,Julia,20569
20570,271427362,Evangelina,Torrents,20570
20571,163926819,Luis,Camacho,20571
20572,167064587,Martina,Morales,20572
20573,118299574,Kike,Arino,20573
20574,390842212,Anselma,Moran,20574
20575,258350802,Cristobal,Ferrera,20575
20576,101071100,Elena,Sosa,20576
20577,853083012,Felix,Patino,20577
20578,397612696,Eugenia,Blanch,20578
20579,487827656,Conrado,Osuna,20579
20580,336321233,Bibiana,Esteve,20580
20581,710831509,Sebastian,Gordillo,20581
20582,305291580,Graciela,Salcedo,20582
20583,577853776,Pia,Montesinos,20583
20584,782285182,Pedro,Carrillo,20584
20585,200774890,Jose Manuel,Cerdan,20585
20586,296406677,Serafina,Aguirre,20586
20587,926242977,Abril,Lara,20587
20588,274815862,Ana Belen,Cornejo,20588
20589,125035454,Loreto,Casares,20589
20590,484988203,Florencia,Vila,20590
20591,511944822,Manolo,Gallart,20591
20592,966342214,Gaspar,Campo,20592
20593,918746451,Casandra,Palomar,20593
20594,335038424,Guadalupe,Zamora,20594
20595,913301676,Visitacion,Aparicio,20595
20596,449972903,Ale,Mari,20596
20597,901833263,Haroldo,Cobo,20597
20598,383369036,Maristela,Sanabria,20598
20599,628055451,Eric,Duque,20599
20600,413836228,Jonatan,Pineda,20600
20601,459777200,Augusto,Villegas,20601
20602,191990025,Patricio,Cisneros,20602
20603,439140663,Alexandra,Tome,20603
20604,290110433,Fabio,Cespedes,20604
20605,584450842,Romulo,Ramon,20605
20606,646747996,Arcelia,Galvan,20606
20607,413884418,Jose Ramon,Puerta,20607
20608,547931809,Vanesa,Garmendia,20608
20609,837814584,Javi,Lara,20609
20610,961565941,Federico,Mate,20610
20611,757462345,Leonardo,Frias,20611
20612,584088081,Juliana,Alcantara,20612
20613,949610393,Laura,Sanchez,20613
20614,955993713,Gabriela,Mayo,20614
20615,232932872,Malena,Gilabert,20615
20616,575169428,Natalio,Llabres,20616
20617,670495123,Josefina,Montserrat,20617
20618,392346546,Morena,Urena,20618
20619,358508418,Jordan,Domingo,20619
20620,909753301,Evaristo,Fernandez,20620
20621,225513950,Consuela,Heras,20621
20622,322871303,Roberta,Garay,20622
20623,410357932,Griselda,Conesa,20623
20624,259215729,Haroldo,Oliveras,20624
20625,883070000,Odalis,Pera,20625
20626,612809615,Jovita,Azcona,20626
20627,200421452,Marisol,Exposito,20627
20628,358054019,Miguel,Guzman,20628
20629,579690068,Moreno,Llorens,20629
20630,230363915,Prudencia,Coello,20630
20631,186560591,Mohamed,Espejo,20631
20632,247168129,Yago,Taboada,20632
20633,658157894,Jose Maria,Pavon,20633
20634,681086583,Hugo,Espada,20634
20635,477837293,Calixto,Torrecilla,20635
20636,390267540,Selena,Antunez,20636
20637,948958496,Mercedes,Crespi,20637
20638,359234444,Carmela,Hoz,20638
20639,804596494,Calixto,Oliva,20639
20640,398119152,Aura,Lloret,20640
20641,863279265,Pelayo,Lujan,20641
20642,503298881,Porfirio,Aguilo,20642
20643,808990102,Josefina,Escobar,20643
20644,706125016,Maria Angeles,Almansa,20644
20645,200347406,Ale,Noguera,20645
20646,968527347,Estrella,Valero,20646
20647,398135538,Bartolome,Santiago,20647
20648,259881475,Tomas,Escamilla,20648
20649,679208048,Dulce,Jimenez,20649
20650,148747812,Juan Carlos,Perello,20650
20651,270434271,Nicolas,Lledo,20651
20652,472349790,Miriam,Iniesta,20652
20653,978802239,Lucila,Osorio,20653
20654,166599024,Jose Mari,Amo,20654
20655,175419823,Plinio,Carpio,20655
20656,900104512,Custodia,Zorrilla,20656
20657,534953017,Agustina,Jimenez,20657
20658,741322347,Herminia,Patino,20658
20659,297236655,Piedad,Rico,20659
20660,341960303,Severiano,Escribano,20660
20661,179083031,Apolonia,Blanch,20661
20662,977017876,Teofilo,Vinas,20662
20663,162432383,Brigida,Pelaez,20663
20664,206667976,Jacinto,Fiol,20664
20665,499424089,Oriana,Galvan,20665
20666,976914563,Francisca,Rivero,20666
20667,597500757,Heliodoro,Bustamante,20667
20668,167070345,Gregorio,Pelaez,20668
20669,696496265,Tiburcio,Cifuentes,20669
20670,100550086,Cristian,Morcillo,20670
20671,649708048,Rosaura,Pinol,20671
20672,776457540,Hilario,Medina,20672
20673,468503566,Paco,Vigil,20673
20674,279122827,Violeta,Leon,20674
20675,815711409,Edelmiro,Sanabria,20675
20676,965255845,Salud,Davila,20676
20677,788645539,Nilo,Hernando,20677
20678,804178924,Natalia,Llado,20678
20679,408589228,Rosendo,Molina,20679
20680,407348524,Jose Manuel,Canals,20680
20681,929665862,Julia,Busquets,20681
20682,636211461,Isa,Camps,20682
20683,294645438,Balduino,Salazar,20683
20684,935981469,Catalina,Bermejo,20684
20685,927717742,Jenny,Lopez,20685
20686,130660518,Xavier,Blazquez,20686
20687,857592958,Amaro,Sanchez,20687
20688,861535531,Sol,Fonseca,20688
20689,265056865,Valerio,Ropero,20689
20690,958224294,Vinicio,Cabezas,20690
20691,671828148,Ricarda,Canales,20691
20692,317390182,Faustino,Merino,20692
20693,828491230,Juanito,Carro,20693
20694,368205695,Andrea,Trillo,20694
20695,705132449,Haydee,Quesada,20695
20696,438317284,Brunilda,Torres,20696
20697,574836737,Paco,Girona,20697
20698,944860963,Leoncio,Vilalta,20698
20699,756758141,Inmaculada,Carballo,20699
20700,403154800,Victor,Palma,20700
20701,276629413,Ildefonso,Calderon,20701
20702,712179913,Macaria,Balaguer,20702
20703,800946635,Lupita,Mugica,20703
20704,192945097,Erasmo,Arranz,20704
20705,478095066,Tiburcio,Moliner,20705
20706,849426194,Poncio,Abellan,20706
20707,587241902,Amparo,Alcaraz,20707
20708,934258867,Anselma,Vilar,20708
20709,630451454,Carolina,Criado,20709
20710,904515821,Moises,Lopez,20710
20711,686417355,Epifanio,Mari,20711
20712,867636732,Corona,Verdejo,20712
20713,396483545,Luciano,Pi,20713
20714,986423660,Eusebio,Saez,20714
20715,110926428,Azahara,Bertran,20715
20716,933267269,Urbano,Diez,20716
20717,431129355,Amada,Zapata,20717
20718,289363045,Ivan,Reyes,20718
20719,633097375,Candida,Perez,20719
20720,287675535,Clementina,Sarmiento,20720
20721,898338234,Bernardino,Roda,20721
20722,809170321,Almudena,Ferrero,20722
20723,816276211,Debora,Bauza,20723
20724,628231281,Debora,Fabregas,20724
20725,480861770,Merche,Salom,20725
20726,454267886,Espiridion,Rosales,20726
20727,980736976,Vidal,Cardona,20727
20728,795931569,Victoria,Maestre,20728
20729,894459100,Tania,Lasa,20729
20730,859045981,Amilcar,Batlle,20730
20731,654129617,Rafaela,Pulido,20731
20732,884162298,Fidel,Enriquez,20732
20733,263608827,Asdrubal,Iborra,20733
20734,436894244,Eva,Goni,20734
20735,398750060,Flavio,Sureda,20735
20736,408537884,Emilia,Zamora,20736
20737,635341566,Artemio,Real,20737
20738,354202535,Yessica,Marquez,20738
20739,545554948,Fortunata,Perello,20739
20740,481556411,Bernardo,Sanchez,20740
20741,922392662,Ileana,Cuesta,20741
20742,389744156,Pastora,Aleman,20742
20743,743900750,Violeta,Capdevila,20743
20744,987669513,Emilia,Escribano,20744
20745,642724327,Dolores,Caro,20745
20746,270367564,Adelardo,Delgado,20746
20747,800846891,Elias,Gonzalo,20747
20748,443745604,Agapito,Corral,20748
20749,867234647,Ester,Bilbao,20749
20750,105143347,Vito,Arana,20750
20751,781824890,Sandalio,Yuste,20751
20752,105813422,Jacobo,Malo,20752
20753,280585093,Carmelo,Coloma,20753
20754,117085758,Jose Antonio,Mugica,20754
20755,929462809,Cristian,Iriarte,20755
20756,902479388,Fidel,Alamo,20756
20757,916075729,Jafet,Samper,20757
20758,516269984,Natalia,Cerda,20758
20759,589500973,Edelmira,Falco,20759
20760,264521675,Ildefonso,Zabaleta,20760
20761,160462926,Chucho,Vazquez,20761
20762,202257843,Mirta,Santiago,20762
20763,276654126,Glauco,Agudo,20763
20764,943035766,Ovidio,Gracia,20764
20765,807827904,Walter,Cases,20765
20766,669672310,Domitila,Palacios,20766
20767,894442681,Nazaret,Jimenez,20767
20768,960151225,Loreto,Ropero,20768
20769,514406152,Tadeo,Cordoba,20769
20770,106158747,Urbano,Nieto,20770
20771,639782158,Ignacio,Mayol,20771
20772,306331014,Teresa,Fonseca,20772
20773,768779777,Jose Luis,Cornejo,20773
20774,952415793,Balduino,Sureda,20774
20775,755847354,Iris,Badia,20775
20776,906095479,Felisa,Ros,20776
20777,576899182,Aurelio,Diez,20777
20778,819557594,Delfina,Clavero,20778
20779,785725742,Aurea,Abascal,20779
20780,550809339,Candido,Agudo,20780
20781,523999897,Ramon,Roig,20781
20782,446489092,Teofila,Nogueira,20782
20783,457077524,Elisa,Pozo,20783
20784,765892611,Jose,Nino,20784
20785,589595564,Emiliana,Blanes,20785
20786,944211397,Geronimo,Cozar,20786
20787,428033923,Eva Maria,Sales,20787
20788,672842245,Maximo,Gonzalez,20788
20789,895798168,Danilo,Vila,20789
20790,502688917,Brigida,Cabanillas,20790
20791,421728600,Iker,Pardo,20791
20792,965578069,Fatima,Pineda,20792
20793,356535706,Lina,Buendia,20793
20794,356468421,Maria Manuela,Ramis,20794
20795,156538742,Plinio,Paniagua,20795
20796,707952494,Toni,Montoya,20796
20797,450516570,Aristides,Roman,20797
20798,516498132,Clotilde,Sanmartin,20798
20799,161744791,Rogelio,Quintero,20799
20800,351465747,Ruth,Montana,20800
20801,165681567,Rita,Mesa,20801
20802,935364951,Teofila,Figueras,20802
20803,968780169,Victoria,Villalonga,20803
20804,866080296,Curro,Juan,20804
20805,459872027,Arturo,Aguado,20805
20806,963478917,Luis Angel,Dominguez,20806
20807,842996373,Bernardino,Falcon,20807
20808,517104691,Hector,Solana,20808
20809,324642318,Eliana,Tomas,20809
20810,647006453,Remigio,Menendez,20810
20811,108924850,Carla,Acero,20811
20812,663148805,Maite,Rosello,20812
20813,418231894,Lalo,Cuadrado,20813
20814,317412263,Demetrio,Perales,20814
20815,577660602,Rosendo,Novoa,20815
20816,788566419,Mateo,Giner,20816
20817,479615789,Griselda,Sarabia,20817
20818,789845622,Estefania,Taboada,20818
20819,230591554,Anacleto,Alemany,20819
20820,113937222,Josefa,Cortes,20820
20821,780882175,Tamara,Menendez,20821
20822,768910738,Abraham,Ferrero,20822
20823,461877740,Luz,Menendez,20823
20824,319119226,Lorenza,Falcon,20824
20825,284323301,Dani,Arranz,20825
20826,728645163,Amilcar,Mendoza,20826
20827,681629644,Nerea,Mulet,20827
20828,602722887,Alma,Belmonte,20828
20829,852544467,Danilo,Morante,20829
20830,883740623,Gaspar,Burgos,20830
20831,639154495,Omar,Lillo,20831
20832,120439292,Ester,Melendez,20832
20833,410362622,Kike,Llobet,20833
20834,517797177,Jose Manuel,Granados,20834
20835,426192977,Alejo,Salvador,20835
20836,291796895,Felipa,Roda,20836
20837,392065680,Perlita,Valderrama,20837
20838,129152708,Margarita,Chico,20838
20839,684588611,Berto,Galindo,20839
20840,368699897,Manola,Jodar,20840
20841,862053821,Xavier,Andreu,20841
20842,355073046,Emiliana,Medina,20842
20843,899812393,Dolores,Almagro,20843
20844,609409131,Lidia,Vila,20844
20845,139210091,Damian,Mata,20845
20846,200952936,Juan Pablo,Mayo,20846
20847,770849849,Eutimio,Mari,20847
20848,317275734,Ruperta,Alvarez,20848
20849,547387331,Marcia,Pont,20849
20850,483504183,Leandra,Barrio,20850
20851,601686959,Marcelino,Munoz,20851
20852,325893406,Isa,Tellez,20852
20853,771986680,Calixto,Gil,20853
20854,659540429,Pilar,Puente,20854
20855,329253992,Gabriel,Manrique,20855
20856,602243499,Sabina,Alcazar,20856
20857,123075233,Leyre,Pastor,20857
20858,343311075,Encarnita,Castrillo,20858
20859,967458371,Lorenzo,Azorin,20859
20860,944994565,Melania,Perello,20860
20861,718811459,Noemi,Leon,20861
20862,363731747,Amador,Pons,20862
20863,210979404,Adora,Saez,20863
20864,594376976,Maria Fernanda,Olmo,20864
20865,364893700,Amilcar,Batalla,20865
20866,449564515,Teresita,Banos,20866
20867,989923417,Carina,Arribas,20867
20868,439286174,Sebastian,Poza,20868
20869,513380133,Seve,Saavedra,20869
20870,135974272,Candelario,Lamas,20870
20871,669609730,Isaac,Grande,20871
20872,767349316,Margarita,Arcos,20872
20873,791443440,Leonel,Coca,20873
20874,790628818,Alvaro,Cabrera,20874
20875,343328161,Valeria,Izquierdo,20875
20876,783599272,Leoncio,Gabaldon,20876
20877,173591407,Perlita,Torre,20877
20878,342170334,Zaira,Gomila,20878
20879,864185622,Gregorio,Hernandez,20879
20880,985165873,Nydia,Cabanas,20880
20881,706678684,Serafina,Aguila,20881
20882,496627772,Geraldo,Arellano,20882
20883,658429314,Jacinta,Clavero,20883
20884,858696317,Maria Jesus,Sabater,20884
20885,677863080,Socorro,Ramirez,20885
20886,720124756,Rodolfo,Campos,20886
20887,449061087,Carmela,Hervia,20887
20888,313266980,Angel,Garriga,20888
20889,871053827,Gisela,Santamaria,20889
20890,334061426,Adelina,Blanes,20890
20891,625912872,Arcelia,Mayo,20891
20892,518378059,Carlos,Buendia,20892
20893,666466769,Anita,Rio,20893
20894,983682297,Macarena,Calvet,20894
20895,504727795,Mar,Villar,20895
20896,396281334,Kike,Giron,20896
20897,717499403,Eva,Arellano,20897
20898,845237995,Heraclio,Carreno,20898
20899,907651461,Cipriano,Perello,20899
20900,705022981,Adela,Rovira,20900
20901,785414707,Severo,Castellanos,20901
20902,450142708,Alonso,Abellan,20902
20903,978917949,Almudena,Vaquero,20903
20904,807569028,Gustavo,Pla,20904
20905,861201599,Arsenio,Cepeda,20905
20906,377168315,Leoncio,Millan,20906
20907,852031326,Pepita,Giner,20907
20908,436736332,Eloisa,Abascal,20908
20909,127598465,Luis Miguel,Segura,20909
20910,935873330,Paca,Sevillano,20910
20911,349882785,Felipe,Armengol,20911
20912,422504657,Alondra,Rosello,20912
20913,610557068,Pastora,Moliner,20913
20914,887883012,Reinaldo,Belda,20914
20915,274789978,Cipriano,Munoz,20915
20916,378111469,Chus,Barbero,20916
20917,208494675,Mariano,Gilabert,20917
20918,756945739,Albina,Moles,20918
20919,830914401,Aura,Hidalgo,20919
20920,680049270,Guadalupe,Peiro,20920
20921,198746091,Lilia,Bautista,20921
20922,439229763,Azahara,Royo,20922
20923,848635458,Ruperto,Flores,20923
20924,387587498,Itziar,Chaparro,20924
20925,999348445,Jose Antonio,Soriano,20925
20926,657258612,Onofre,Vargas,20926
20927,714284730,Yesica,Prada,20927
20928,169478192,Blas,Morillo,20928
20929,386644683,Marcelo,Zamora,20929
20930,838802439,Sabas,Landa,20930
20931,517405854,Lorena,Aliaga,20931
20932,639217181,Pili,Prats,20932
20933,571640294,Norberto,Perez,20933
20934,784871123,Selena,Herranz,20934
20935,660499451,Amarilis,Marques,20935
20936,975956812,Debora,Escudero,20936
20937,395442875,Florina,Aviles,20937
20938,379020367,Micaela,Nunez,20938
20939,786821004,Reyes,Sotelo,20939
20940,693819627,Charo,Palacio,20940
20941,793479066,Arturo,Nadal,20941
20942,529729273,Lope,Mendizabal,20942
20943,354914115,Brigida,Noguera,20943
20944,619941746,Hector,Alvarez,20944
20945,360392583,Paula,Busquets,20945
20946,323961304,Cleto,Mora,20946
20947,765385908,Luis Angel,Benavent,20947
20948,158281633,Onofre,Carretero,20948
20949,151273703,Francisco,Sierra,20949
20950,115442966,Isidoro,Caro,20950
20951,957220020,Hilario,Arenas,20951
20952,523606001,Segismundo,Castilla,20952
20953,116203347,Juan Pablo,Mendez,20953
20954,725954273,Magdalena,Cerro,20954
20955,398210461,Amelia,Pena,20955
20956,604970519,Clemente,Amigo,20956
20957,741586419,Rene,Cervantes,20957
20958,910436321,Noe,Samper,20958
20959,530296409,Matilde,Ferrandiz,20959
20960,170369963,Lorena,Palomar,20960
20961,399119873,Manolo,Malo,20961
20962,987695089,Lalo,Lamas,20962
20963,492370284,Florencio,Requena,20963
20964,672731829,Poncio,Novoa,20964
20965,365808384,Nidia,Perez,20965
20966,571377172,Daniela,Marquez,20966
20967,576808726,Alejandra,Ferrera,20967
20968,734303144,Guillermo,Porcel,20968
20969,623511058,Reyes,Ballester,20969
20970,471508468,Nilo,Urena,20970
20971,545829831,Patricio,Pavon,20971
20972,512268950,Petrona,Guitart,20972
20973,855727933,Fidela,Bellido,20973
20974,108859863,Guadalupe,Neira,20974
20975,589733624,Eusebia,Codina,20975
20976,501556416,Nelida,Vazquez,20976
20977,183708043,Melisa,Tirado,20977
20978,630148349,Gloria,Prats,20978
20979,647472216,Manuel,Garay,20979
20980,110368042,Apolinar,Simo,20980
20981,280533993,Emilio,Pozo,20981
20982,922486154,Amanda,Anaya,20982
20983,733144106,Maria Manuela,Espejo,20983
20984,405295420,Clarisa,Reig,20984
20985,665460524,Carla,Naranjo,20985
20986,871499951,Jose,Arevalo,20986
20987,524806166,Reynaldo,Esteban,20987
20988,528320103,Diana,Revilla,20988
20989,656648444,Nestor,Pellicer,20989
20990,988020341,Noelia,Casanova,20990
20991,878894488,Olimpia,Cordoba,20991
20992,690962756,Joaquin,Cozar,20992
20993,738026971,Martin,Gabaldon,20993
20994,816834530,Esteban,Gutierrez,20994
20995,737589556,Begona,Viana,20995
20996,982679006,Elisabet,Barrera,20996
20997,842558805,Maria Belen,Mateu,20997
20998,420120294,Lupe,Canovas,20998
20999,892259286,Maria Jesus,Segarra,20999
21000,482887914,Borja,Aroca,21000
21001,318433171,Juan Francisco,Madrigal,21001
21002,631336671,Jacinto,Garcia,21002
21003,790005871,Xavier,Cepeda,21003
21004,184237443,Lidia,Saenz,21004
21005,342292763,Ceferino,Puerta,21005
21006,166212677,Joaquin,Barragan,21006
21007,833250351,Jose Antonio,Ponce,21007
21008,807652849,Epifanio,Casals,21008
21009,460512870,Angelina,Vigil,21009
21010,357859779,Bernardita,Carbo,21010
21011,701699889,Severino,Isern,21011
21012,811826912,Ruy,Espinosa,21012
21013,998659559,Rocio,Manrique,21013
21014,150066332,Angel,Pino,21014
21015,887619921,Cayetana,Pozuelo,21015
21016,751108202,Candela,Vinas,21016
21017,672751398,Perlita,Quintana,21017
21018,292056833,Jose Ramon,Jimenez,21018
21019,811112671,Josefa,Calzada,21019
21020,630239401,Adan,Salinas,21020
21021,813360788,Lazaro,Jimenez,21021
21022,162322012,Obdulia,Carlos,21022
21023,102070748,Amparo,Garces,21023
21024,955147597,Luisa,Quintanilla,21024
21025,603618184,Danilo,Sureda,21025
21026,323413503,Gerardo,Vendrell,21026
21027,196208826,Jorge,Sancho,21027
21028,297945027,Aurelio,Amat,21028
21029,903304523,Olegario,Batalla,21029
21030,112009284,Lalo,Valentin,21030
21031,676724078,Rufino,Cuervo,21031
21032,509277783,Herberto,Ibanez,21032
21033,126973515,Teofila,Perez,21033
21034,870266850,Loida,Caro,21034
21035,859157154,Virgilio,Leal,21035
21036,928614714,Agueda,Montana,21036
21037,266586036,Jose Luis,Guillen,21037
21038,868388891,Martin,Pombo,21038
21039,457988403,Hector,Criado,21039
21040,430356901,Bruno,Toro,21040
21041,523256176,Anna,Alonso,21041
21042,600656813,Eutimio,Muniz,21042
21043,517678465,Constanza,Trujillo,21043
21044,393010956,Candelario,Barrio,21044
21045,171345490,Felix,Barrera,21045
21046,758618408,Anacleto,Heras,21046
21047,205807366,Apolonia,Moll,21047
21048,365867375,Daniel,Espana,21048
21049,853060970,Teresita,Landa,21049
21050,272096729,Ciriaco,Berrocal,21050
21051,613712534,Eliseo,Tur,21051
21052,242807433,Lalo,Noriega,21052
21053,533064642,Maximiliano,Soria,21053
21054,485825342,Prudencia,Barrera,21054
21055,181025057,Octavia,Gisbert,21055
21056,811665698,Reyes,Gimeno,21056
21057,969170848,Juan Bautista,Espada,21057
21058,451133852,Rocio,Fuentes,21058
21059,441935744,Hilario,Zorrilla,21059
21060,258637952,Hector,Larrea,21060
21061,169050372,Marco,Planas,21061
21062,579390875,Juanito,Sarmiento,21062
21063,170686364,Alexandra,Pera,21063
21064,640144029,Petrona,Boix,21064
21065,737484694,Antonio,Sancho,21065
21066,343632492,Maria Dolores,Heras,21066
21067,151390457,Oriana,Sala,21067
21068,618936246,Epifanio,Pou,21068
21069,170695419,Elba,Esteve,21069
21070,635192933,Eugenia,Fernandez,21070
21071,836062591,Gerardo,Montenegro,21071
21072,857088446,Macaria,Salamanca,21072
21073,195570311,Abilio,Ricart,21073
21074,361251820,Genoveva,Ayuso,21074
21075,432141135,Marcos,Pomares,21075
21076,732242943,Celso,Estevez,21076
21077,123082384,Marc,Gutierrez,21077
21078,107319784,Rafaela,Mugica,21078
21079,582203889,Fatima,Alberto,21079
21080,339303092,Serafina,Benavides,21080
21081,396352923,Juan,Zurita,21081
21082,821176105,Curro,Soto,21082
21083,309890844,Alberto,Perea,21083
21084,192955397,Ciriaco,Garcia,21084
21085,425808579,Edelmira,Carbajo,21085
21086,807014087,Tamara,Ribas,21086
21087,340448286,Ignacia,Barcelo,21087
21088,853229497,Jimena,Andres,21088
21089,240179530,Venceslas,Pozuelo,21089
21090,857783026,Marita,Pineiro,21090
21091,904229341,Herberto,Valles,21091
21092,267810885,German,Ferrando,21092
21093,918517933,Adriana,Herrera,21093
21094,428013484,Victorino,Colom,21094
21095,231007069,Aurelia,Pi,21095
21096,258649328,Casemiro,Morata,21096
21097,985473118,Felix,Esteban,21097
21098,679404270,Josep,Salazar,21098
21099,982103573,Javi,Garces,21099
21100,692314951,Abel,Monreal,21100
21101,677395105,Hortensia,Pena,21101
21102,739214769,Pascuala,Pareja,21102
21103,964189852,Maristela,Palomares,21103
21104,675236841,Ruth,Maza,21104
21105,762786791,Reinaldo,Barrios,21105
21106,649152131,Andres,Montserrat,21106
21107,359884543,Otilia,Orozco,21107
21108,872389650,Ingrid,Roura,21108
21109,152593144,Emelina,Borrell,21109
21110,973148986,Marcial,Dieguez,21110
21111,392755486,Anacleto,Gual,21111
21112,141899170,Maria Angeles,Fajardo,21112
21113,653097090,Rafael,Pareja,21113
21114,560550463,Nazaret,Andres,21114
21115,705321982,Haydee,Folch,21115
21116,712213017,Maxi,Lastra,21116
21117,242911772,Domitila,Duran,21117
21118,558602255,Amado,Amo,21118
21119,490300718,Desiderio,Ferrandiz,21119
21120,186125502,Milagros,Nunez,21120
21121,918154869,Abilio,Vara,21121
21122,908423524,Bruno,Sola,21122
21123,945379320,Jeronimo,Tome,21123
21124,777175182,Socorro,Cazorla,21124
21125,665808554,Flora,Abad,21125
21126,500079798,Emiliano,Barcelo,21126
21127,884654014,Venceslas,Gimenez,21127
21128,147511448,Gustavo,Carrion,21128
21129,970271965,Haydee,Ramis,21129
21130,458128016,Maria Jose,Lumbreras,21130
21131,132178533,Edmundo,Vergara,21131
21132,640419029,Mariana,Gilabert,21132
21133,776891417,Dora,Arroyo,21133
21134,616437348,Marcial,Moll,21134
21135,733428852,Nicodemo,Diez,21135
21136,280698122,Cristina,Gisbert,21136
21137,744316770,Maristela,Amat,21137
21138,675614192,Morena,Verdejo,21138
21139,892971997,Desiderio,Donoso,21139
21140,141559299,Herberto,Coll,21140
21141,402595334,Mariana,Mugica,21141
21142,472979938,Alexandra,Puerta,21142
21143,242445651,Matias,Flores,21143
21144,602326567,Glauco,Perera,21144
21145,369685128,Claudio,Cepeda,21145
21146,284432196,Herminio,Simo,21146
21147,699265715,Eutropio,Ferrer,21147
21148,230867172,Silvestre,Ortuno,21148
21149,764717547,Isidora,Aguila,21149
21150,136396768,Ligia,Chamorro,21150
21151,232463973,Ema,Palma,21151
21152,940797029,Joaquina,Casas,21152
21153,462177067,Jose Maria,Posada,21153
21154,753924485,Valero,Rincon,21154
21155,141794725,Rufina,Zabala,21155
21156,980879710,Cruz,Carmona,21156
21157,117799238,Sol,Santamaria,21157
21158,292096666,Marcelo,Parejo,21158
21159,886389410,Amilcar,Barranco,21159
21160,878736665,Ligia,Aragones,21160
21161,933847356,Sol,Bejarano,21161
21162,695437411,Martina,Tomas,21162
21163,163359681,Febe,Hoz,21163
21164,504107318,Adolfo,Soto,21164
21165,596556382,Rosario,Adan,21165
21166,775192843,Albano,Pinedo,21166
21167,382761195,Valentina,Clavero,21167
21168,669294550,Duilio,Rios,21168
21169,229856811,Patricia,Garcia,21169
21170,864491056,Adela,Montesinos,21170
21171,235810683,Susana,Vara,21171
21172,119636082,Natalio,Pina,21172
21173,646153418,Antonio,Fernandez,21173
21174,922257776,Maria Luisa,Lago,21174
21175,813382095,Flora,Berenguer,21175
21176,682525391,Selena,Recio,21176
21177,941131338,Cruz,Posada,21177
21178,391209499,Concha,Company,21178
21179,726896208,Prudencio,Rodrigo,21179
21180,730676678,Roberto,Castejon,21180
21181,805262032,Maria Manuela,Castilla,21181
21182,704751925,Ambar,Tapia,21182
21183,662070067,Porfirio,Rozas,21183
21184,739288283,Loreto,Grau,21184
21185,957956070,Vicenta,Blazquez,21185
21186,375540622,Juan Francisco,Beltran,21186
21187,316098022,Armando,Bas,21187
21188,755372613,Irene,Arce,21188
21189,610484478,Febe,Blanco,21189
21190,166179091,Ezequiel,Casanova,21190
21191,633959566,Maria Teresa,Valles,21191
21192,360231322,Jose,Goni,21192
21193,745643770,Lazaro,Laguna,21193
21194,731724878,Jordi,Marcos,21194
21195,865780298,Jose Antonio,Giner,21195
21196,468366945,Pili,Gallego,21196
21197,560862011,Wilfredo,Pascual,21197
21198,971512143,Rosa Maria,Maza,21198
21199,161683914,Maria,Gutierrez,21199
21200,664573142,Teobaldo,Correa,21200
21201,236959615,Remedios,Salmeron,21201
21202,829200491,Nicodemo,Sureda,21202
21203,111892524,Carlito,Gallardo,21203
21204,493300137,Flora,Ortuno,21204
21205,919894227,Lupita,Machado,21205
21206,426691695,Leocadio,Samper,21206
21207,670348955,Edgar,Navarro,21207
21208,492298509,Rafa,Pareja,21208
21209,619711195,Rosalva,Barcena,21209
21210,793248274,Martin,Reina,21210
21211,600226066,Tristan,Tejada,21211
21212,952285751,Tatiana,Atienza,21212
21213,283086397,Diego,Guardiola,21213
21214,783260059,Malena,Aguila,21214
21215,492087205,Mariano,Iglesias,21215
21216,468583252,Corona,Baquero,21216
21217,826769516,Fabricio,Pedraza,21217
21218,471448984,Eric,Jorda,21218
21219,713342014,Elvira,Carrion,21219
21220,599810947,Nico,Tapia,21220
21221,384198343,Joaquin,Baena,21221
21222,391312191,Nuria,Aragones,21222
21223,496645635,Adoracion,Artigas,21223
21224,763581531,Priscila,Segui,21224
21225,147225852,Epifanio,Ferrera,21225
21226,581362688,Climaco,Grande,21226
21227,878262854,Abel,Paz,21227
21228,395144419,Amancio,Pablo,21228
21229,296146049,Concepcion,Esparza,21229
21230,718967507,Santos,Villalobos,21230
21231,508940169,Noe,Briones,21231
21232,522297471,Ildefonso,Morillo,21232
21233,403763469,Manu,Baez,21233
21234,387816516,Ofelia,Palmer,21234
21235,569707919,Yaiza,Ramon,21235
21236,406295376,Faustino,Aparicio,21236
21237,764671529,Artemio,Sierra,21237
21238,227679982,Otilia,Vargas,21238
21239,302789156,Adolfo,Carvajal,21239
21240,270068226,Guadalupe,Amor,21240
21241,995095944,Etelvina,Nogueira,21241
21242,818404880,Lupe,Tormo,21242
21243,232042363,Sandra,Recio,21243
21244,876482004,Jordan,Bravo,21244
21245,507963644,Inocencio,Palomares,21245
21246,413060034,Ciro,Marmol,21246
21247,992497422,Belen,Rosado,21247
21248,579272463,Chuy,Garmendia,21248
21249,981117152,Gilberto,Aviles,21249
21250,571149228,Moises,Rodenas,21250
21251,392803020,Pepe,Plana,21251
21252,968932041,Juan Jose,Beltran,21252
21253,336918621,Irene,Tejedor,21253
21254,454905379,Bernarda,Penalver,21254
21255,288583630,Paola,Hernando,21255
21256,487990388,Nuria,Segui,21256
21257,797526118,Alejandro,Linares,21257
21258,211339624,Elena,Palma,21258
21259,750177928,Buenaventura,Amo,21259
21260,229712097,Raul,Quevedo,21260
21261,861506616,Isaura,Pinto,21261
21262,746653912,Socorro,Sevilla,21262
21263,291122532,German,Lloret,21263
21264,640010318,Ricarda,Carbo,21264
21265,541171032,Josefina,Jimenez,21265
21266,705273895,Leticia,Montesinos,21266
21267,618170344,Reyes,Tomas,21267
21268,239399000,Balduino,Puig,21268
21269,195109428,Dario,Heredia,21269
21270,986427157,Martin,Ariza,21270
21271,229447108,Maxi,Haro,21271
21272,675996288,Gabino,Gonzalez,21272
21273,506207865,Isa,Alcala,21273
21274,806576623,Marisela,Pacheco,21274
21275,208407316,Josefina,Pineda,21275
21276,255390290,Anacleto,Sastre,21276
21277,687098235,Edgardo,Alegria,21277
21278,502369443,Jovita,Pera,21278
21279,533894614,Heriberto,Nevado,21279
21280,774577574,Inocencio,Caparros,21280
21281,434196737,Carmen,Plana,21281
21282,646802894,Andres Felipe,Torrijos,21282
21283,671114104,Ambrosio,Artigas,21283
21284,244805334,David,Comas,21284
21285,331051308,Juliana,Cuevas,21285
21286,258716152,Maxima,Ortiz,21286
21287,870871272,Carlota,Nevado,21287
21288,278306663,Maite,Hervia,21288
21289,719307371,Josefina,Roura,21289
21290,972608065,Renata,Catala,21290
21291,211358433,Alonso,Manjon,21291
21292,525982427,Dimas,Piquer,21292
21293,572401756,Ingrid,Pavon,21293
21294,696436328,Luisa,Menendez,21294
21295,144920204,Juan Luis,Cuevas,21295
21296,482236747,Patricia,Arevalo,21296
21297,858147634,Lorenzo,Elorza,21297
21298,355327318,Barbara,Bonilla,21298
21299,382353406,Coral,Ribera,21299
21300,729243077,Lisandro,Querol,21300
21301,284964916,Amancio,Vilaplana,21301
21302,393104092,Pepita,Cruz,21302
21303,777088628,Fatima,Heredia,21303
21304,419066222,Jesusa,Cases,21304
21305,355282783,Baudelio,Lledo,21305
21306,704869447,Ileana,Ariza,21306
21307,645190610,Jordan,Nunez,21307
21308,909836080,Belen,Barrios,21308
21309,428998876,Roxana,Gascon,21309
21310,662625754,Marisol,Bustamante,21310
21311,806364258,Fatima,Hoz,21311
21312,545080494,Tadeo,Coll,21312
21313,426158416,Almudena,Ripoll,21313
21314,568261080,Adelina,Chamorro,21314
21315,281461446,Lupe,Sevilla,21315
21316,549013419,Merche,Guillen,21316
21317,771949668,Paulino,Rueda,21317
21318,707961644,Jose Manuel,Pascual,21318
21319,433020989,Juan,Bernal,21319
21320,867826803,Ulises,Mendez,21320
21321,454351699,Teofila,Pellicer,21321
21322,513066638,Juanito,Suarez,21322
21323,965321573,Sonia,Puente,21323
21324,152605180,Eugenio,Hernando,21324
21325,822499964,Dorita,Pujadas,21325
21326,195597182,Adora,Barbera,21326
21327,851629013,Barbara,Clavero,21327
21328,356294821,Octavia,Fabra,21328
21329,978998983,Odalys,Carrion,21329
21330,808357662,Vicente,Ortuno,21330
21331,559292155,Ale,Campo,21331
21332,501239165,Ema,Tamayo,21332
21333,128874856,Raimundo,Leiva,21333
21334,457162655,Angelina,Paniagua,21334
21335,844764890,Vanesa,Bas,21335
21336,611492893,Isidoro,Rosales,21336
21337,247909204,Leoncio,Ferrera,21337
21338,586661583,Jesusa,Aparicio,21338
21339,874107935,Rosalinda,Marti,21339
21340,437311131,Sosimo,Santana,21340
21341,730469941,Elba,Rubio,21341
21342,369616134,Jose,Priego,21342
21343,749956196,Carla,Cepeda,21343
21344,280429148,Otilia,Rios,21344
21345,491078308,Natalia,Perez,21345
21346,180366834,Pili,Rovira,21346
21347,355118563,Francisca,Banos,21347
21348,985547037,Vicente,Mateo,21348
21349,513258074,Salud,Tolosa,21349
21350,504622396,Piedad,Sedano,21350
21351,224971897,Rufina,Cantero,21351
21352,246972379,Estefania,Buendia,21352
21353,529049904,Fidela,Julian,21353
21354,892117848,Valentina,Portillo,21354
21355,371661198,Abel,Vallejo,21355
21356,934750430,Aitana,Castilla,21356
21357,290249148,Adriana,Calatayud,21357
21358,278592229,Alberto,Sedano,21358
21359,450478081,Brunilda,Tenorio,21359
21360,181609401,Cayetana,Ricart,21360
21361,183144880,Cintia,Villanueva,21361
21362,710937569,Bernabe,Zamorano,21362
21363,799996835,Jesusa,Teruel,21363
21364,709697179,Jordan,Acuna,21364
21365,603981166,Susana,Rodrigo,21365
21366,722993047,Calixta,Pino,21366
21367,423771941,Erasmo,Puig,21367
21368,163046425,Carla,Arranz,21368
21369,568310536,Matias,Infante,21369
21370,612164047,Ruth,Hervia,21370
21371,721675679,Leticia,Exposito,21371
21372,158365646,Vidal,Rueda,21372
21373,317368364,Emilio,Costa,21373
21374,866059113,Octavio,Jaume,21374
21375,610372194,Juan Antonio,Banos,21375
21376,813719307,Clotilde,Ferrandiz,21376
21377,411173316,Juan Antonio,Marti,21377
21378,417340324,Maria Pilar,Sanjuan,21378
21379,297349334,Fito,Serra,21379
21380,547427823,Ingrid,Verdejo,21380
21381,117991839,Eliana,Chacon,21381
21382,330110705,Panfilo,Perez,21382
21383,716444172,Ramona,Puig,21383
21384,119866446,Coral,Bosch,21384
21385,645988535,Iker,Millan,21385
21386,877754174,Adrian,Mur,21386
21387,388623092,Luisa,Ochoa,21387
21388,744820312,Maximiliano,Garrido,21388
21389,613239072,Juan Bautista,Granados,21389
21390,978574971,Ignacio,Alberdi,21390
21391,174585201,Jacinta,Pons,21391
21392,473437359,Demetrio,Correa,21392
21393,263639497,Rocio,Mariscal,21393
21394,491028304,Coral,Acevedo,21394
21395,919311813,Eugenio,Murillo,21395
21396,244368746,Mateo,Alvaro,21396
21397,676586666,Silvia,Arcos,21397
21398,441460024,Ursula,Cervera,21398
21399,832652054,Aroa,Julia,21399
21400,693026036,Amelia,Company,21400
21401,756588777,Marcelo,Ayllon,21401
21402,391445414,Jose Luis,Lluch,21402
21403,238642459,Odalys,Amo,21403
21404,899898163,Lupe,Ayuso,21404
21405,840262016,Ruperto,Paez,21405
21406,699479995,Geronimo,Badia,21406
21407,570086913,Roxana,Carlos,21407
21408,740571547,Jorge,Palomino,21408
21409,178117933,Julie,Tena,21409
21410,278408099,Adoracion,Paniagua,21410
21411,269866258,Ingrid,Juarez,21411
21412,980194665,Victoria,Guitart,21412
21413,433248556,Anna,Folch,21413
21414,823579220,Apolonia,Guijarro,21414
21415,913105331,Osvaldo,Artigas,21415
21416,499119960,Moreno,Ramis,21416
21417,818228877,Atilio,Vilaplana,21417
21418,535430513,Mirta,Llanos,21418
21419,761338801,Chus,Alvarez,21419
21420,251306732,Enrique,Uribe,21420
21421,474434445,Ani,Riba,21421
21422,726198177,Laura,Velasco,21422
21423,330601470,Macaria,Aguila,21423
21424,854931320,Calixto,Vicente,21424
21425,283141028,Nicodemo,Rocamora,21425
21426,950834228,Amor,Cabrera,21426
21427,220217372,Maricela,Fabra,21427
21428,233625528,Alvaro,Donaire,21428
21429,702707697,Nicolas,Mariscal,21429
21430,814777403,Soraya,Ponce,21430
21431,574760578,Marcela,Bernat,21431
21432,571505298,Espiridion,Nunez,21432
21433,653883543,Odalys,Solis,21433
21434,683783384,Custodia,Ruiz,21434
21435,887208134,Aroa,Izaguirre,21435
21436,275091689,Violeta,Sanabria,21436
21437,897236012,Nicolas,Palma,21437
21438,381756738,Coral,Moliner,21438
21439,260142034,Felisa,Prado,21439
21440,522254949,Francisco Jose,Pinilla,21440
21441,979578729,Paz,Tejedor,21441
21442,392984347,Valeria,Huertas,21442
21443,140412451,Casandra,Jover,21443
21444,834976404,Raquel,Corbacho,21444
21445,645992877,Silvio,Llamas,21445
21446,497776495,Celso,Medina,21446
21447,696228610,Ivan,Carrillo,21447
21448,945562245,Claudia,Pedrosa,21448
21449,942726907,Chucho,Elias,21449
21450,815836050,Candida,Pellicer,21450
21451,640209892,Feliciana,Soto,21451
21452,156994051,Chelo,Piquer,21452
21453,506144881,Jose Ramon,Duran,21453
21454,289176294,Luis Miguel,Lujan,21454
21455,679574146,Artemio,Pazos,21455
21456,568540484,Hortensia,Rico,21456
21457,298031728,Ricardo,Iglesias,21457
21458,899607001,Barbara,Iniguez,21458
21459,259563321,Nereida,Garay,21459
21460,197635660,Sabas,Patino,21460
21461,287063595,Almudena,Antunez,21461
21462,237451472,Roldan,Jimenez,21462
21463,246992826,Fabio,Moraleda,21463
21464,556117321,Natividad,Rivas,21464
21465,267295697,Eusebio,Aragones,21465
21466,276934676,Sabina,Morera,21466
21467,657083424,Calista,Alvaro,21467
21468,506559187,Esmeralda,Delgado,21468
21469,779050088,Valero,Sotelo,21469
21470,408707545,Narcisa,Cases,21470
21471,822461372,Carmelo,Baron,21471
21472,748063671,Carmelita,Ribera,21472
21473,148226220,Aroa,Gual,21473
21474,384933043,Onofre,Melero,21474
21475,571520468,Guiomar,Estrada,21475
21476,787311167,Clementina,Calderon,21476
21477,233951060,Edelmiro,Valcarcel,21477
21478,169537389,Nidia,Jaume,21478
21479,813788332,Juan Luis,Ibanez,21479
21480,194965618,Osvaldo,Medina,21480
21481,840710369,Alvaro,Figuerola,21481
21482,196910808,Oscar,Santamaria,21482
21483,965589455,Carla,Franco,21483
21484,510383826,Albino,Polo,21484
21485,358100945,Matilde,Sanchez,21485
21486,498227953,Fausto,Leal,21486
21487,324572913,Benjamin,Fernandez,21487
21488,245277056,Calista,Huguet,21488
21489,145649899,Angelino,Feliu,21489
21490,552014302,Fortunato,Moliner,21490
21491,607479911,Odalis,Puga,21491
21492,597893479,Maura,Nadal,21492
21493,785185890,Adelaida,Fuentes,21493
21494,592715870,Trinidad,Martinez,21494
21495,722619463,Maxima,Lledo,21495
21496,978247772,Adelaida,Alcala,21496
21497,755624360,Marcela,Blanca,21497
21498,988963676,Angelita,Cerda,21498
21499,430689973,Emma,Benitez,21499
21500,503543706,Gil,Pinol,21500
21501,884004242,Loreto,Ibanez,21501
21502,200164319,Nilo,Echevarria,21502
21503,156620578,Camila,Tejada,21503
21504,232261339,Edelmira,Quesada,21504
21505,222678738,Azeneth,Garzon,21505
21506,401328468,Clotilde,Mosquera,21506
21507,789301104,Nicodemo,Baquero,21507
21508,130388869,Ligia,Mendoza,21508
21509,543624533,Cirino,Salgado,21509
21510,365956433,Hugo,Ribera,21510
21511,793000944,Nicodemo,Avila,21511
21512,925970991,Ileana,Valencia,21512
21513,123113966,Teofilo,Echeverria,21513
21514,555236931,Reinaldo,Pallares,21514
21515,472205788,Celia,Arana,21515
21516,155646803,Baltasar,Duran,21516
21517,412462148,Mamen,Hervia,21517
21518,664881177,Micaela,Alfaro,21518
21519,656388411,Ambrosio,Palomar,21519
21520,611926248,Sigfrido,Lerma,21520
21521,250038119,Montserrat,Morell,21521
21522,486266448,Isabel,Monreal,21522
21523,221396080,Isaura,Borrell,21523
21524,292615604,Rosa,Guillen,21524
21525,511327099,Ruperto,Porcel,21525
21526,913290867,Crescencia,Minguez,21526
21527,637288042,Ruy,Mora,21527
21528,866386160,Elodia,Suarez,21528
21529,335382237,Morena,Pavon,21529
21530,191818247,Agueda,Sanchez,21530
21531,459120096,Damian,Tena,21531
21532,646570074,Vilma,Egea,21532
21533,214219919,Dorotea,Trillo,21533
21534,115270082,Paulina,Almazan,21534
21535,334422908,Valentina,Arrieta,21535
21536,508035235,Leonel,Rosales,21536
21537,321195933,Nadia,Luna,21537
21538,451739199,Raimundo,Puente,21538
21539,586952864,Elvira,Conde,21539
21540,712987041,Lorena,Carrera,21540
21541,715821346,Glauco,Viana,21541
21542,203184217,Fermin,Izaguirre,21542
21543,201537155,Morena,Martorell,21543
21544,591148175,Venceslas,Sola,21544
21545,558963833,Lara,Guardiola,21545
21546,198587424,Raul,Ferrandez,21546
21547,491079225,Valeria,Escribano,21547
21548,367730814,Isaias,Ricart,21548
21549,488050663,Roman,Pallares,21549
21550,470196693,Ainara,Oliver,21550
21551,481909143,Hector,Pages,21551
21552,435373369,Loreto,Camino,21552
21553,280988280,Ceferino,Aguilar,21553
21554,883529902,Agustin,Casado,21554
21555,538383460,Americo,Palacios,21555
21556,375498594,Marcela,Neira,21556
21557,477691745,Nazario,Espanol,21557
21558,727787434,Adriana,Vidal,21558
21559,166707553,Lope,Paredes,21559
21560,679413772,Edelmiro,Amo,21560
21561,252606671,Nereida,Ferreras,21561
21562,198329247,Emiliana,Diaz,21562
21563,583453389,Lorena,Fuster,21563
21564,404972645,Bibiana,Roman,21564
21565,516051773,Romulo,Lobato,21565
21566,577524196,Natividad,Acedo,21566
21567,632720086,Pacifica,Melendez,21567
21568,365702440,Eleuterio,Carranza,21568
21569,287587095,Anselma,Serna,21569
21570,590352409,Julieta,Iriarte,21570
21571,198838434,Alicia,Paez,21571
21572,387515183,Albert,Ropero,21572
21573,106956710,Adora,Campoy,21573
21574,249952886,Juan Bautista,Vall,21574
21575,381043629,Odalys,Aguilera,21575
21576,236665670,Eugenio,Arenas,21576
21577,709993305,Armando,Martin,21577
21578,654710403,Celia,Boix,21578
21579,963802910,Patricio,Echeverria,21579
21580,147448586,Sebastian,Cerdan,21580
21581,571462541,Feliciana,Goni,21581
21582,494756178,Valentina,Leiva,21582
21583,342335110,Imelda,Mayol,21583
21584,563040549,Salvador,Banos,21584
21585,734765642,Fulgencio,Jordan,21585
21586,217705719,Ruperto,Olivera,21586
21587,756769392,Gilberto,Alvarez,21587
21588,707736750,Victoriano,Plana,21588
21589,243542006,Bernarda,Iriarte,21589
21590,798501225,Rosa,Llanos,21590
21591,671691776,Francisco Javier,Camara,21591
21592,549000466,Prudencio,Martorell,21592
21593,246563828,Dani,Espana,21593
21594,823520157,Leonel,Peinado,21594
21595,175911774,Martin,Rosell,21595
21596,996510369,Natalio,Berenguer,21596
21597,507203272,Malena,Martin,21597
21598,882615453,Ale,Folch,21598
21599,841069325,Pastora,Marquez,21599
21600,962850702,Herminio,Tapia,21600
21601,164922807,Sol,Berrocal,21601
21602,888559329,Pio,Cuesta,21602
21603,425004176,Matias,Anguita,21603
21604,790391298,Modesta,Torrents,21604
21605,891994224,Manu,Andres,21605
21606,109947411,Maribel,Miguel,21606
21607,195493133,Iban,Alfaro,21607
21608,470601343,Wilfredo,Segura,21608
21609,462645327,Luciano,Pons,21609
21610,557435261,Martin,Benito,21610
21611,890428549,Patricia,Gomis,21611
21612,229466144,Eleuterio,Canales,21612
21613,451560546,Margarita,Montalban,21613
21614,839081768,Dafne,Amador,21614
21615,541486968,Filomena,Suarez,21615
21616,704646661,Claudio,Casal,21616
21617,406896129,Amilcar,Flor,21617
21618,952436793,Veronica,Vargas,21618
21619,577500234,Adriana,Requena,21619
21620,889071278,Cleto,Velez,21620
21621,231724164,Cruz,Vilalta,21621
21622,600338077,Melania,Ribes,21622
21623,679477941,Balduino,Urrutia,21623
21624,445512359,Isaias,Valenciano,21624
21625,674657809,Artemio,Antunez,21625
21626,972206287,Encarnacion,Duenas,21626
21627,465550039,Leire,Prieto,21627
21628,709541967,Juan Antonio,Llano,21628
21629,934797931,Maximino,Ropero,21629
21630,606203661,Diana,Marquez,21630
21631,370251815,Herberto,Romeu,21631
21632,158193069,Loreto,Llano,21632
21633,707404145,Isidoro,Pomares,21633
21634,550837947,Hector,Estrada,21634
21635,803678116,Lazaro,Heredia,21635
21636,932809645,Chuy,Mayoral,21636
21637,367014420,Jeremias,Jaen,21637
21638,751801331,Roxana,Garcia,21638
21639,784546663,Zoraida,Gimeno,21639
21640,824677130,Adoracion,Leal,21640
21641,828820547,Aurea,Esteve,21641
21642,201346897,Nayara,Amores,21642
21643,601231096,Teresa,Pineda,21643
21644,740880515,Trinidad,Robles,21644
21645,150985797,Ricarda,Arribas,21645
21646,677606650,Imelda,Menendez,21646
21647,117141648,Luisina,Canals,21647
21648,683179524,Lisandro,Fuertes,21648
21649,856124044,Renata,Arenas,21649
21650,972708822,Alfonso,Gisbert,21650
21651,613363700,Leonel,Losada,21651
21652,137782513,Vito,Tena,21652
21653,533560390,Glauco,Cardenas,21653
21654,797134337,Rosa,Enriquez,21654
21655,956469791,Febe,Aragon,21655
21656,391401897,Cristian,Bauza,21656
21657,299887779,Iris,Viana,21657
21658,108465100,Oriana,Cantero,21658
21659,401451602,Agustina,Raya,21659
21660,206635077,Fatima,Trujillo,21660
21661,485414577,Calista,Boix,21661
21662,716116813,Ileana,Arevalo,21662
21663,420076617,Narcisa,Pol,21663
21664,885292907,Bartolome,Domenech,21664
21665,207472733,Matias,Alcolea,21665
21666,649168136,Flor,Alberola,21666
21667,794371658,Lucio,Montana,21667
21668,546031704,Rebeca,Royo,21668
21669,797949466,Alejandro,Bayona,21669
21670,115728837,Encarnacion,Sanchez,21670
21671,826821609,Araceli,Canas,21671
21672,376945677,Mercedes,Riquelme,21672
21673,793525521,Gregorio,Talavera,21673
21674,588309966,Estrella,Bernal,21674
21675,504272035,Bernardino,Abella,21675
21676,433346599,Che,Porta,21676
21677,361438356,Teofila,Valcarcel,21677
21678,708307937,Paulina,Alamo,21678
21679,126709161,Julieta,Cabanillas,21679
21680,994887401,Ximena,Andrade,21680
21681,501283495,Valentin,Campoy,21681
21682,894452343,Eutropio,Bolanos,21682
21683,908972167,Lucila,Fonseca,21683
21684,825840387,Maura,Garrido,21684
21685,420306719,Gala,Villalonga,21685
21686,358630103,Ciriaco,Olmedo,21686
21687,905301664,Jose,Ripoll,21687
21688,551675100,Chus,Castell,21688
21689,650833287,Hipolito,Salom,21689
21690,395068978,Bibiana,Angulo,21690
21691,123204817,Raul,Sobrino,21691
21692,608875397,Maricela,Ballesteros,21692
21693,755972421,Valeria,Saez,21693
21694,651775843,Jesus,Borja,21694
21695,800071039,Cosme,Catalan,21695
21696,855797908,Eutimio,Garriga,21696
21697,964017027,Teodoro,Asenjo,21697
21698,207019447,Cayetano,Gelabert,21698
21699,577797535,Amparo,Gamez,21699
21700,431835813,Isidoro,Salas,21700
21701,889786649,Custodia,Palma,21701
21702,488608768,Irma,Salva,21702
21703,192105026,Patricia,Lledo,21703
21704,879705161,Gema,Alvarez,21704
21705,623090569,Cornelio,Ayuso,21705
21706,700563654,Jordan,Bolanos,21706
21707,365848603,Isidora,Gomez,21707
21708,456870085,Anacleto,Manuel,21708
21709,430320785,Loreto,Gaya,21709
21710,286171008,Modesto,Ariza,21710
21711,889546545,Tristan,Carretero,21711
21712,888187619,Emiliano,Gual,21712
21713,317378781,Noelia,Pujol,21713
21714,823576361,Emelina,Pina,21714
21715,271116504,Isidro,Carnero,21715
21716,441841440,Paz,Navarrete,21716
21717,461222105,Maria Pilar,Alberto,21717
21718,885259735,Lope,Alfaro,21718
21719,662205209,Jose Maria,Garrido,21719
21720,354369993,Eloisa,Maldonado,21720
21721,602706071,Carina,Abril,21721
21722,561598880,Nieves,Batlle,21722
21723,146947561,Melisa,Angel,21723
21724,687833306,Alicia,Calatayud,21724
21725,350904457,Isabela,Iglesias,21725
21726,887879417,Raimundo,Mata,21726
21727,626950358,Teodoro,Bou,21727
21728,717718958,Natalia,Pedro,21728
21729,940904546,Arturo,Cabanillas,21729
21730,388272391,Fidela,Cornejo,21730
21731,510356280,Nidia,Murillo,21731
21732,390863398,Galo,Zamora,21732
21733,410557384,Tania,Borrego,21733
21734,644773372,Josue,Hervia,21734
21735,308108852,Mireia,Casas,21735
21736,191193006,Maria Teresa,Sebastian,21736
21737,409447423,Diana,Posada,21737
21738,838694030,Emelina,Sanabria,21738
21739,775883456,Graciana,Lara,21739
21740,968741863,Damian,Pazos,21740
21741,910945210,Maria Cristina,Roig,21741
21742,383324289,Guadalupe,Rebollo,21742
21743,213465214,Fanny,Sosa,21743
21744,402722514,Javi,Belmonte,21744
21745,865437563,Sabas,Castejon,21745
21746,824258487,Guillermo,Urrutia,21746
21747,101694692,Arcelia,Valls,21747
21748,294748041,Maxima,Granados,21748
21749,166622865,Eliseo,Sabater,21749
21750,646914675,Sara,Giralt,21750
21751,386635019,Cayetano,Montes,21751
21752,814060931,Maristela,Simo,21752
21753,553319869,Luisa,Duenas,21753
21754,725858389,Amarilis,Company,21754
21755,434485534,Aurelia,Pelaez,21755
21756,863557063,Mar,Hierro,21756
21757,355895779,Felix,Roman,21757
21758,779059433,Noa,Torrents,21758
21759,200621032,Miguel,Bonet,21759
21760,222927437,Apolonia,Batalla,21760
21761,162143650,Maribel,Roda,21761
21762,182851968,Rosalva,Suarez,21762
21763,741752297,Salud,Esparza,21763
21764,690667514,Fausto,Villanueva,21764
21765,698970373,Cornelio,Escobar,21765
21766,948441349,Josep,Manjon,21766
21767,662769841,Roque,Fernandez,21767
21768,165994154,Olivia,Prat,21768
21769,486714513,Marcelo,Carreno,21769
21770,129127335,Tere,Pareja,21770
21771,444197705,Ulises,Marino,21771
21772,816176202,Andres Felipe,Morillo,21772
21773,779751667,Marina,Jordan,21773
21774,105064502,Juan Bautista,Pardo,21774
21775,484990139,Gaston,Chacon,21775
21776,870540375,Ruperta,Anton,21776
21777,128666090,Xiomara,Terron,21777
21778,317599594,Bernarda,Palacio,21778
21779,720438270,Jacinto,Palomares,21779
21780,108620847,Maricela,Huertas,21780
21781,832964646,Eliseo,Rivero,21781
21782,320808839,Primitiva,Sotelo,21782
21783,594302335,Sabas,Alfaro,21783
21784,570735409,Albano,Narvaez,21784
21785,359333002,Amilcar,Canizares,21785
21786,596741478,Agustina,Gascon,21786
21787,333707404,Claudia,Sureda,21787
21788,815151002,Victor,Oller,21788
21789,123490148,Cosme,Galvez,21789
21790,977485462,Borja,Blasco,21790
21791,832696911,Florinda,Adadia,21791
21792,359431823,Octavia,Julian,21792
21793,836380046,Leandro,Medina,21793
21794,710979569,Estefania,Collado,21794
21795,585162168,Amado,Barroso,21795
21796,885498770,Carla,Haro,21796
21797,210997564,Mariano,Mascaro,21797
21798,835552067,Elvira,Valero,21798
21799,322105173,Lorena,Amador,21799
21800,717808790,Primitivo,Duran,21800
21801,770924865,Itziar,Figueras,21801
21802,127830060,Baudelio,Sola,21802
21803,556432705,Gregorio,Alarcon,21803
21804,193865704,Bernarda,Querol,21804
21805,814296912,Rolando,Cuenca,21805
21806,271910704,Berta,Larrea,21806
21807,401256712,Alfredo,Company,21807
21808,737436968,Flora,Ferrer,21808
21809,356119960,Maximiano,Esteban,21809
21810,975896785,Jimena,Montenegro,21810
21811,481268926,Eliseo,Cuenca,21811
21812,539842661,Bernardo,Baron,21812
21813,574549581,Jesusa,Suarez,21813
21814,547599667,Joel,Arroyo,21814
21815,592310790,Chus,Cabanas,21815
21816,177042394,Monica,Lobato,21816
21817,911084297,Carlos,Duarte,21817
21818,308772186,Custodio,Bayo,21818
21819,544682796,Chema,Palomares,21819
21820,454850856,Jose Manuel,Arnau,21820
21821,968863908,Alma,Carbonell,21821
21822,614324086,Amado,Nunez,21822
21823,754986931,Nacho,Galindo,21823
21824,607685082,Luis,Fuentes,21824
21825,281890073,Ruperto,Carretero,21825
21826,322717242,Cleto,Canas,21826
21827,539027804,Hilda,Paredes,21827
21828,823133549,Alicia,Prats,21828
21829,453401519,Trini,Tolosa,21829
21830,686511508,Leandra,Bilbao,21830
21831,389984791,Juan Pablo,Arco,21831
21832,886805464,Luis,Ricart,21832
21833,287591640,Ciro,Marmol,21833
21834,915743957,Graciano,Fortuny,21834
21835,164501986,Almudena,Sanmiguel,21835
21836,111811592,Ambar,Ibanez,21836
21837,970526410,Armida,Jordan,21837
21838,185745814,Fidel,Ocana,21838
21839,362024150,Maximiano,Marquez,21839
21840,514262761,Vasco,Salva,21840
21841,700383791,Mireia,Jover,21841
21842,556517554,Jose Ramon,Cuellar,21842
21843,127914635,Jose Antonio,Bermejo,21843
21844,180058260,Modesto,Andres,21844
21845,319403214,Porfirio,Sanabria,21845
21846,113864633,Guadalupe,Coello,21846
21847,554235990,Elvira,Vina,21847
21848,938969236,Odalys,Carlos,21848
21849,640003851,Marcos,Juan,21849
21850,677580745,Noelia,Pozo,21850
21851,750927229,Tomasa,Pallares,21851
21852,479277664,Fortunato,Codina,21852
21853,336194123,Sara,Caceres,21853
21854,286618103,Jenaro,Lujan,21854
21855,155407115,Fabiana,Cal,21855
21856,561684696,Edu,Marti,21856
21857,301130763,Samuel,Bilbao,21857
21858,711110854,Segismundo,Villa,21858
21859,539192829,Nilda,Castell,21859
21860,588457520,Tere,Prat,21860
21861,713829107,Carmen,Conde,21861
21862,413740032,Daniela,Caro,21862
21863,491125178,Rufina,Mercader,21863
21864,436066922,Marco,Gordillo,21864
21865,212747002,Julian,Mora,21865
21866,810937803,Pablo,Alamo,21866
21867,312368968,Evaristo,Cabanillas,21867
21868,534334984,Maria Cristina,Amor,21868
21869,676270612,Marianela,Reina,21869
21870,200407936,Clementina,Arjona,21870
21871,464608672,Corona,Garcia,21871
21872,305129707,Teobaldo,Olivera,21872
21873,765535868,Calixta,Diaz,21873
21874,791887931,Amada,Rebollo,21874
21875,779332807,Florentina,Alvarez,21875
21876,872908500,Edmundo,Goni,21876
21877,601206263,Cayetana,Carnero,21877
21878,942064578,Demetrio,Goni,21878
21879,300534524,Ileana,Bejarano,21879
21880,487053250,Cayetano,Benavente,21880
21881,732459088,Cirino,Aguilar,21881
21882,171431742,Lino,Corral,21882
21883,218451415,Artemio,Ortiz,21883
21884,787646902,Candida,Solana,21884
21885,285503789,Cebrian,Alcolea,21885
21886,613288381,Cristian,Chaparro,21886
21887,488444125,Fernanda,Pozuelo,21887
21888,130539666,Toni,Franch,21888
21889,692682728,Felicidad,Cuervo,21889
21890,861676653,Edelmira,Batlle,21890
21891,620283513,Pili,Girona,21891
21892,276122724,Edgar,Gabaldon,21892
21893,593397766,Ovidio,Huguet,21893
21894,814310733,Maria Jesus,Narvaez,21894
21895,402989156,Estela,Llado,21895
21896,952320005,Monica,Llado,21896
21897,715995381,Heliodoro,Llano,21897
21898,532715760,Maxima,Diego,21898
21899,109625102,Paco,Clavero,21899
21900,207596360,Marc,Marin,21900
21901,322209856,Paola,Cortes,21901
21902,230901866,Cornelio,Vall,21902
21903,945720931,Nadia,Talavera,21903
21904,496178066,Paco,Anton,21904
21905,936374057,Felicia,Tello,21905
21906,949250287,Micaela,Luque,21906
21907,773719623,Leon,Canet,21907
21908,586058682,Joan,Alfonso,21908
21909,318618637,Evelia,Blanes,21909
21910,390238546,Leticia,Villalba,21910
21911,440152241,Hernan,Hoz,21911
21912,669506650,Macarena,Alsina,21912
21913,116986471,Edmundo,Bermejo,21913
21914,660019651,Adelia,Molina,21914
21915,346038508,Domingo,Miguel,21915
21916,312400689,Pedro,Ferrera,21916
21917,816082889,Maribel,Rio,21917
21918,868461386,Concha,Vicente,21918
21919,726654270,Mariana,Quintanilla,21919
21920,181486921,Maria Manuela,Gelabert,21920
21921,115429794,Miguel,Casares,21921
21922,401056229,Caridad,Arcos,21922
21923,809935710,Zacarias,Alberola,21923
21924,417608531,Nazaret,Bauza,21924
21925,987131794,David,Escriva,21925
21926,107222622,Juanita,Aragon,21926
21927,789627668,Mireia,Balaguer,21927
21928,426059058,Francisco,Cabanillas,21928
21929,434502452,Evangelina,Gallardo,21929
21930,820573612,Rodolfo,Adan,21930
21931,336010151,Mateo,Pelaez,21931
21932,194436356,Gertrudis,Portillo,21932
21933,763329950,Damian,Maza,21933
21934,219824519,Quique,Sandoval,21934
21935,478127731,Ruperto,Ribera,21935
21936,895620759,Victoria,Sobrino,21936
21937,640797497,Plinio,Hervas,21937
21938,811796046,Nazaret,Gonzalez,21938
21939,321736931,Custodia,Martinez,21939
21940,223785125,Reyes,Batalla,21940
21941,649283781,America,Tovar,21941
21942,900714256,Miguel Angel,Mena,21942
21943,961844628,Flavia,Gallego,21943
21944,814650811,Obdulia,Lucas,21944
21945,375083861,Rosendo,Vina,21945
21946,796282441,Cesar,Prieto,21946
21947,296319824,Ignacio,Vives,21947
21948,674420652,Maximino,Cabezas,21948
21949,285385016,Carina,Sobrino,21949
21950,835732658,Julieta,Abascal,21950
21951,660229960,Gilberto,Palau,21951
21952,692027179,Gaston,Morell,21952
21953,604832433,Javiera,Gonzalo,21953
21954,643268460,Charo,Zabala,21954
21955,579509382,Armida,Rebollo,21955
21956,348128118,Pancho,Bautista,21956
21957,724416395,Roberto,Zorrilla,21957
21958,846780454,Lupita,Elias,21958
21959,584984880,Eufemia,Gascon,21959
21960,967931420,Urbano,Ortuno,21960
21961,191493771,Enrique,Domingo,21961
21962,978081031,Xavier,Porta,21962
21963,171645882,German,Diez,21963
21964,182196048,Tania,Moreno,21964
21965,720250043,Malena,Pol,21965
21966,337375075,Macaria,Angel,21966
21967,634752324,Nicodemo,Palma,21967
21968,281502888,Merche,Herranz,21968
21969,287511571,Samu,Anglada,21969
21970,108459865,Victor,Pons,21970
21971,308713086,Teo,Segovia,21971
21972,727967416,Macaria,Cases,21972
21973,580657007,Sergio,Tejera,21973
21974,400282183,Emperatriz,Julian,21974
21975,838334838,Armida,Verdugo,21975
21976,768611381,Evelia,Benavides,21976
21977,451836508,Maria Manuela,Soto,21977
21978,518693766,Febe,Silva,21978
21979,167400377,Jose Antonio,Cortina,21979
21980,656828661,Heriberto,Laguna,21980
21981,580379711,Amando,Villar,21981
21982,148656307,Tamara,Luque,21982
21983,611523782,Maria Luisa,Galiano,21983
21984,605715958,Fulgencio,Reina,21984
21985,483947172,Nayara,Zabaleta,21985
21986,273900864,Elpidio,Otero,21986
21987,765659831,Benigna,Navarrete,21987
21988,507316777,Prudencio,Gil,21988
21989,146353289,Manu,Delgado,21989
21990,462687043,Amada,Sainz,21990
21991,904434443,Catalina,Porcel,21991
21992,843221476,Ester,Ayuso,21992
21993,322643959,Maria Teresa,Fuster,21993
21994,835158995,Nieves,Carbajo,21994
21995,153795837,Ileana,Mancebo,21995
21996,309997330,Duilio,Batlle,21996
21997,327128482,Alondra,Garay,21997
21998,861171551,Eutropio,Avila,21998
21999,351896226,Amaya,Toro,21999
22000,104120928,Yolanda,Canals,22000
22001,932062788,Balduino,Urena,22001
22002,263607882,Jose,Mena,22002
22003,555141378,Ale,Castaneda,22003
22004,349511187,Anibal,Roura,22004
22005,189920752,Belen,Saez,22005
22006,878372547,Ligia,Duran,22006
22007,453224808,Bernardino,Iriarte,22007
22008,453591131,Teobaldo,Ros,22008
22009,349886233,Melchor,Uria,22009
22010,644430180,Diana,Rossello,22010
22011,427822305,Juan Luis,Jurado,22011
22012,538647494,Caridad,Sabater,22012
22013,473621304,Yolanda,Arce,22013
22014,173774291,Fidel,Castell,22014
22015,239951937,Rosario,Coca,22015
22016,792002556,Rita,Pont,22016
22017,983084744,Emiliano,Bastida,22017
22018,351144345,Agustina,Verdejo,22018
22019,923768347,Geraldo,Lucena,22019
22020,827388154,Benjamin,Arino,22020
22021,871253812,Narciso,Pascual,22021
22022,859881680,Paulina,Zorrilla,22022
22023,995159115,Manu,Luque,22023
22024,829456846,Martin,Escamilla,22024
22025,668581991,Socorro,Canete,22025
22026,151128804,Olivia,Mendoza,22026
22027,227071463,Belen,Pavon,22027
22028,258010502,Silvestre,Mateos,22028
22029,910275841,Mirta,Alcaraz,22029
22030,239275769,Evita,Corral,22030
22031,272275608,Ruth,Valdes,22031
22032,399490762,Javiera,Vina,22032
22033,519654483,Jose,Mendoza,22033
22034,875418068,Sosimo,Ledesma,22034
22035,235541393,Joaquina,Pereira,22035
22036,153247854,Evita,Jauregui,22036
22037,363300301,Aitana,Moles,22037
22038,902026783,Carlos,Acuna,22038
22039,647968257,Artemio,Aragon,22039
22040,819699264,Rodrigo,Anguita,22040
22041,357020202,Ileana,Oliveras,22041
22042,100027372,Balduino,Chacon,22042
22043,268601583,Ciro,Mosquera,22043
22044,114255335,Oscar,Angulo,22044
22045,291341151,Heraclio,Garriga,22045
22046,408977649,Dimas,Rosell,22046
22047,498786056,Elba,Jordan,22047
22048,844470860,Natalia,Hervas,22048
22049,833233314,Custodia,Guijarro,22049
22050,428612306,Felix,Mercader,22050
22051,738966597,Epifanio,Navas,22051
22052,818835501,Anabel,Cepeda,22052
22053,477072564,Ovidio,Garrido,22053
22054,499180878,Etelvina,Ferrandiz,22054
22055,273109322,Ciriaco,Valles,22055
22056,995723155,Sebastian,Bernad,22056
22057,266058584,Isidora,Jauregui,22057
22058,960899145,Anselma,Izaguirre,22058
22059,264092422,Herminia,Tellez,22059
22060,498141847,Pepito,Baez,22060
22061,803577428,Adrian,Aroca,22061
22062,952536234,Ambar,Valcarcel,22062
22063,513050121,Teo,Caceres,22063
22064,779898259,Azahar,Calzada,22064
22065,948600588,Fabiana,Parejo,22065
22066,754547523,Tito,Calderon,22066
22067,173671102,Lisandro,Blasco,22067
22068,907373892,Clara,Coronado,22068
22069,899857426,Asdrubal,Bosch,22069
22070,140321627,Pepito,Moles,22070
22071,785368763,Gilberto,Rocha,22071
22072,298245891,Marcio,Codina,22072
22073,558773128,Jafet,Infante,22073
22074,963117536,Samanta,Leal,22074
22075,127183648,Candelas,Agusti,22075
22076,658815144,Wilfredo,Bejarano,22076
22077,825471463,Julie,Esteve,22077
22078,668308170,Chita,Plana,22078
22079,865426807,Edelmira,Marin,22079
22080,918622398,Gala,Gargallo,22080
22081,607564760,Eulalia,Romero,22081
22082,712222977,Chema,Pol,22082
22083,278613110,Amando,Zaragoza,22083
22084,123586794,Rafael,Losada,22084
22085,751546052,Mario,Villegas,22085
22086,953598993,Narcisa,Blanes,22086
22087,478222666,Salome,Abella,22087
22088,357164538,Laura,Fuster,22088
22089,989604538,Amaya,Pineiro,22089
22090,201451653,Amanda,Tejero,22090
22091,538068103,Noa,Ripoll,22091
22092,992008741,Isidora,Guzman,22092
22093,340889571,Primitiva,Rosa,22093
22094,562234943,Rosario,Rey,22094
22095,955022057,Duilio,Bilbao,22095
22096,710486416,Angela,Valcarcel,22096
22097,499037270,Amado,Huerta,22097
22098,174449385,Cirino,Cordero,22098
22099,240589408,Jose,Camps,22099
22100,694636312,Cristian,Gomila,22100
22101,670423553,Armida,Tejero,22101
22102,534218544,Prudencio,Valencia,22102
22103,815527401,Gerardo,Palacios,22103
22104,322102391,Angel,Lluch,22104
22105,940529497,Kike,Marcos,22105
22106,527918804,Corona,Espada,22106
22107,490030826,Trinidad,Bernad,22107
22108,911491287,Reyes,Cuellar,22108
22109,443880952,Bruno,Aznar,22109
22110,911910117,Gaston,Artigas,22110
22111,366091844,Joel,Nicolas,22111
22112,243379495,Gil,Piquer,22112
22113,458362623,Gema,Losa,22113
22114,967370911,Inigo,Lamas,22114
22115,519718807,Leopoldo,Cozar,22115
22116,580997519,Evangelina,Noriega,22116
22117,739475944,Diego,Valverde,22117
22118,106159855,Alejandro,Cueto,22118
22119,474802222,Lucia,Olivera,22119
22120,697283910,Soraya,Cepeda,22120
22121,477847324,Julio Cesar,Samper,22121
22122,460307019,Federico,Sanjuan,22122
22123,399528763,Albano,Santamaria,22123
22124,545279784,Horacio,Santamaria,22124
22125,670178165,Moreno,Giron,22125
22126,803723647,Silvestre,Moraleda,22126
22127,445068058,Sabina,Arrieta,22127
22128,168310080,Rolando,Ferran,22128
22129,669546397,Efrain,Castells,22129
22130,596131845,Rogelio,Ibanez,22130
22131,152800420,Fernanda,Alamo,22131
22132,118567058,Silvestre,Estevez,22132
22133,624320611,Sigfrido,Tejedor,22133
22134,386690555,Pastora,Ferrando,22134
22135,483311677,Baltasar,Rivero,22135
22136,646194135,Consuela,Molins,22136
22137,930406008,Roxana,Sanabria,22137
22138,670399662,Africa,Belda,22138
22139,535671581,Otilia,Catala,22139
22140,983082530,Fabiana,Cabezas,22140
22141,688665818,Mauricio,Muniz,22141
22142,567927830,Montserrat,Paniagua,22142
22143,457132821,Benito,Arco,22143
22144,351602219,Nicolas,Rico,22144
22145,851344275,Lupe,Ponce,22145
22146,271711123,Onofre,Laguna,22146
22147,856794230,Haydee,Villena,22147
22148,630102710,Trinidad,Melendez,22148
22149,171186670,Joaquina,Figueras,22149
22150,808327107,Jaime,Guardia,22150
22151,180675206,Marcela,Camara,22151
22152,870816755,Fabricio,Vendrell,22152
22153,396111275,Bibiana,Salazar,22153
22154,953487902,Pilar,Zorrilla,22154
22155,690305348,Africa,Badia,22155
22156,830332857,Marisela,Figueras,22156
22157,815022487,Anastasia,Arevalo,22157
22158,853817934,Isidora,Mora,22158
22159,575693865,Chema,Roca,22159
22160,432759793,Quirino,Herrera,22160
22161,548342802,Ciro,Lara,22161
22162,283656759,Mayte,Figuerola,22162
22163,730216891,Ines,Arino,22163
22164,773146304,Manuelita,Ibarra,22164
22165,129627165,Azahar,Barcelo,22165
22166,915679342,Mariana,Pereira,22166
22167,314877969,Jose,Oliver,22167
22168,825692698,Lorena,Rojas,22168
22169,592076431,Estefania,Baquero,22169
22170,135585508,Tomas,Jove,22170
22171,514613283,Maria Dolores,Marmol,22171
22172,392014454,Ariel,Galvan,22172
22173,600007622,Federico,Aparicio,22173
22174,349656387,Vicente,Sanabria,22174
22175,551518995,Placido,Alfonso,22175
22176,602122982,Cayetano,Nunez,22176
22177,475373501,Arcelia,Priego,22177
22178,235261830,Guadalupe,Chacon,22178
22179,781471364,Dorotea,Beltran,22179
22180,907939274,Arsenio,Ferrer,22180
22181,978141992,Inigo,Melero,22181
22182,555965455,Maxima,Barbero,22182
22183,931686117,Eliseo,Larranaga,22183
22184,765111269,Jeremias,Zamorano,22184
22185,726019738,Yesica,Paz,22185
22186,419164627,Lilia,Lozano,22186
22187,941872764,Sandalio,Arce,22187
22188,818928559,Seve,Galan,22188
22189,873326815,Filomena,Vilalta,22189
22190,580358842,Clara,Torralba,22190
22191,615309375,Julio Cesar,Berrocal,22191
22192,485644772,Candelaria,Company,22192
22193,572526288,Bernardo,Pages,22193
22194,623238011,Maximino,Vilanova,22194
22195,194230659,Ivan,Roig,22195
22196,982754871,Felicidad,Sarmiento,22196
22197,966322300,Roxana,Pulido,22197
22198,474389036,Victor,Bernal,22198
22199,263956867,Arturo,Segarra,22199
22200,730072303,Manuela,Sanchez,22200
22201,919789998,Carina,Puente,22201
22202,561910696,Natalia,Chacon,22202
22203,828468656,Anunciacion,Mugica,22203
22204,858006502,Pepito,Crespo,22204
22205,945588883,Rosaura,Palomares,22205
22206,171986288,Eladio,Parejo,22206
22207,954400123,Anunciacion,Albero,22207
22208,795801547,Francisco,Coronado,22208
22209,534756773,Elpidio,Pelayo,22209
22210,131077248,Haydee,Chico,22210
22211,642527821,Cruz,Galindo,22211
22212,686355789,Blanca,Sabater,22212
22213,959756900,Evelia,Lucas,22213
22214,354739361,Chus,Barcena,22214
22215,207168403,Luis,Lloret,22215
22216,116379854,Victor,Neira,22216
22217,442641726,America,Santana,22217
22218,593322264,Eufemia,Torrecilla,22218
22219,480603855,German,Cifuentes,22219
22220,960829274,Fito,Buendia,22220
22221,790311729,Jordana,Armengol,22221
22222,276495437,Renata,Quesada,22222
22223,977927994,Abraham,Bernat,22223
22224,441265721,Belen,Mena,22224
22225,348312625,David,Luque,22225
22226,584597736,Yessica,Dominguez,22226
22227,800734085,Blas,Cardenas,22227
22228,150099782,Jose Angel,Losa,22228
22229,747849947,Anibal,Tirado,22229
22230,305010469,Ignacio,Zabala,22230
22231,234093513,Amalia,Franco,22231
22232,746967667,Ivan,Real,22232
22233,950745855,Vera,Castaneda,22233
22234,447450775,Cristian,Girona,22234
22235,610204869,Marianela,Herrero,22235
22236,675538405,Estela,Gonzalez,22236
22237,569518279,Rafaela,Campos,22237
22238,743124316,Otilia,Olive,22238
22239,466454879,Rosa,Casals,22239
22240,309267246,Eladio,Parra,22240
22241,180938273,Ignacio,Calatayud,22241
22242,745541249,Florentina,Falcon,22242
22243,146022918,Noelia,Lerma,22243
22244,472324907,Ceferino,Requena,22244
22245,803116230,Gisela,Marin,22245
22246,980024116,Yessica,Salgado,22246
22247,662714207,Moreno,Espinosa,22247
22248,888668793,Teresa,Marmol,22248
22249,423242808,Demetrio,Madrid,22249
22250,831405064,Conrado,Pozo,22250
22251,431583526,Belen,Valencia,22251
22252,559676567,Cebrian,Castello,22252
22253,124967286,Lorena,Corominas,22253
22254,943576075,Nazaret,Guitart,22254
22255,911371294,Liliana,Alfonso,22255
22256,756611110,Jordan,Munoz,22256
22257,936357986,Trinidad,Verdugo,22257
22258,258471934,Lope,Vega,22258
22259,758347419,Emperatriz,Carbonell,22259
22260,955170532,Lalo,Reig,22260
22261,231458118,Carlito,Trujillo,22261
22262,366065380,Julio,Franch,22262
22263,563381064,Aurora,Cuervo,22263
22264,973709212,Lorenzo,Fonseca,22264
22265,397103822,Marcos,Riba,22265
22266,773149638,Manu,Pujol,22266
22267,979022249,Hipolito,Valderrama,22267
22268,571344835,Rogelio,Guzman,22268
22269,326802461,Aura,Iglesia,22269
22270,242351811,Jaime,Pablo,22270
22271,222191974,Cornelio,Saavedra,22271
22272,393156037,Hector,Casals,22272
22273,923044540,Rodolfo,Herrero,22273
22274,686351174,Elias,Ropero,22274
22275,426893292,Primitiva,Querol,22275
22276,731122241,Nerea,Cabello,22276
22277,463742454,Cintia,Atienza,22277
22278,926405112,Agapito,Robledo,22278
22279,871495190,Victorino,Azcona,22279
22280,784191765,Lorena,Garriga,22280
22281,555492402,Nestor,Donoso,22281
22282,866761432,Josue,Alcalde,22282
22283,170294898,Manolo,Nogues,22283
22284,219339550,Maria,Azorin,22284
22285,140808462,Elisa,Barbero,22285
22286,798021567,Severo,Almazan,22286
22287,915698609,Sandra,Lerma,22287
22288,226269396,Juliana,Borras,22288
22289,492420746,Leticia,Naranjo,22289
22290,235474418,Luis Miguel,Mas,22290
22291,584263572,Ileana,Tirado,22291
22292,383870989,Pepe,Adadia,22292
22293,469683895,Ciriaco,Castrillo,22293
22294,990796156,Maxi,Collado,22294
22295,207114856,Ileana,Cobo,22295
22296,938336316,Purificacion,Macias,22296
22297,168520305,Angeles,Llorente,22297
22298,243669058,Gisela,Suarez,22298
22299,457215278,Jesus,Verdu,22299
22300,875799022,Regina,Ortega,22300
22301,282661550,Eloy,Barreda,22301
22302,107313272,Marisela,Segovia,22302
22303,481653836,Modesto,Borrego,22303
22304,904045550,Miguel Angel,Benitez,22304
22305,725254482,Priscila,Ferrer,22305
22306,519827554,Oscar,Simo,22306
22307,347641781,Eleuterio,Albero,22307
22308,558558935,Eutropio,Espana,22308
22309,187599125,Fabricio,Villanueva,22309
22310,705468428,Ruben,Reyes,22310
22311,934292095,Soledad,Chaparro,22311
22312,809950394,Adelia,Hernando,22312
22313,789953330,Alex,Dominguez,22313
22314,248015151,Rosalina,Sanchez,22314
22315,974769221,Jordana,Osuna,22315
22316,347849152,Bonifacio,Hervia,22316
22317,109742246,Ovidio,Roman,22317
22318,624256736,Claudio,Rosell,22318
22319,816542320,Angeles,Gaya,22319
22320,314978325,Modesta,Ramis,22320
22321,320906982,Loreto,Segovia,22321
22322,191989928,Juana,Mir,22322
22323,388845266,Severiano,Taboada,22323
22324,391507596,Carina,Arias,22324
22325,376525230,America,Palmer,22325
22326,501352624,Casandra,Angel,22326
22327,801069085,Tristan,Amoros,22327
22328,689250527,Apolonia,Mateo,22328
22329,660649267,Ernesto,Hoz,22329
22330,537375930,Ramiro,Zabala,22330
22331,348119443,Angeles,Calvo,22331
22332,561825062,Romulo,Guardia,22332
22333,798654728,Eloy,Pedro,22333
22334,452569355,Luciano,Fabregas,22334
22335,381384177,Julia,Mendoza,22335
22336,939894015,Jordana,Larranaga,22336
22337,104747874,Marisa,Poza,22337
22338,630780792,Itziar,Ballester,22338
22339,285292998,Anselma,Pages,22339
22340,488078533,Daniela,Hoyos,22340
22341,323146122,Tatiana,Moll,22341
22342,562543920,Ruy,Diego,22342
22343,337884106,Maximo,Montes,22343
22344,433024167,Melisa,Rosado,22344
22345,890143016,Miguela,Sotelo,22345
22346,317361722,Hernan,Bayona,22346
22347,929030710,Teofilo,Cabo,22347
22348,659656237,Marcio,Miguel,22348
22349,702888363,Eusebio,Alvarez,22349
22350,933105594,Mamen,Amor,22350
22351,793601320,Jenny,Sanz,22351
22352,467953234,Osvaldo,Serna,22352
22353,791067498,Julio Cesar,Bustos,22353
22354,984526269,Luz,Giner,22354
22355,843817124,Baudelio,Carranza,22355
22356,523825351,Dalila,Fabregat,22356
22357,697359112,Carina,Bou,22357
22358,448670057,Casemiro,Castello,22358
22359,296138952,Climaco,Baeza,22359
22360,589198529,Herminio,Toledo,22360
22361,475209196,Ramona,Galindo,22361
22362,485697418,Teofila,Lobo,22362
22363,251620574,Onofre,Cuevas,22363
22364,565306077,Vidal,Pedrosa,22364
22365,194017177,Ingrid,Arana,22365
22366,602856234,Chucho,Ortiz,22366
22367,512701012,Chita,Muniz,22367
22368,120172105,Fito,Nadal,22368
22369,867051574,Roque,Vilalta,22369
22370,582331912,Leticia,Serra,22370
22371,821303513,Anabel,Davila,22371
22372,523447648,Salvador,Machado,22372
22373,292693714,Maxi,Recio,22373
22374,860965342,Jacinta,Pedro,22374
22375,741272720,Dan,Pedrero,22375
22376,547003195,Pacifica,Clavero,22376
22377,901574230,Walter,Mateos,22377
22378,701090042,Maria Luisa,Segura,22378
22379,249251018,Celestino,Gibert,22379
22380,101280132,Rocio,Torrijos,22380
22381,167956491,Felicia,Fuentes,22381
22382,897415523,Coral,Sanmartin,22382
22383,302666311,Eustaquio,Soler,22383
22384,423139409,Nuria,Melendez,22384
22385,125550850,Cesar,Barcena,22385
22386,253054185,Arturo,Camara,22386
22387,184022094,Graciano,Manso,22387
22388,637121266,Jose Carlos,Cervantes,22388
22389,988082200,Lina,Robledo,22389
22390,716590351,Vito,Ramis,22390
22391,854558419,Ismael,Rios,22391
22392,730312441,Anabel,Bernat,22392
22393,827485204,Casemiro,Mur,22393
22394,170463156,Manolo,Ferrero,22394
22395,393599063,Marita,Alcaraz,22395
22396,464649537,Cristobal,Vinas,22396
22397,729959694,Ramon,Flor,22397
22398,778248105,Celestina,Fabra,22398
22399,116737448,Feliciana,Portillo,22399
22400,330848803,Aurea,Sabater,22400
22401,247341777,Jacinto,Suarez,22401
22402,965613214,Manuela,Abad,22402
22403,988961081,Perla,Mata,22403
22404,739109622,Eusebia,Talavera,22404
22405,348906239,Roldan,Acuna,22405
22406,889989661,Bartolome,Carreras,22406
22407,693282402,Lino,Tejedor,22407
22408,802947630,Alvaro,Monreal,22408
22409,998584097,Marciano,Cabezas,22409
22410,136684744,Regina,Carbajo,22410
22411,701728501,Francisco Javier,Herrera,22411
22412,695133787,Kike,Gonzalez,22412
22413,324264338,Florinda,Taboada,22413
22414,409667232,Eleuterio,Prat,22414
22415,456294507,Eligio,Solera,22415
22416,275761740,Alba,Llorens,22416
22417,178804614,Valerio,Muniz,22417
22418,110642603,Dalila,Amaya,22418
22419,440979084,Gregorio,Ugarte,22419
22420,963062720,Calista,Alegre,22420
22421,601009446,Azeneth,Berrocal,22421
22422,938069732,Lourdes,Barrena,22422
22423,896580542,Luisina,Piquer,22423
22424,899025468,Jesusa,Ibanez,22424
22425,600344334,Anastasio,Aviles,22425
22426,367302438,Conrado,Ayllon,22426
22427,702387949,Epifanio,Armas,22427
22428,775289979,Anibal,Dominguez,22428
22429,197925585,Pancho,Figueras,22429
22430,512169022,Sebastian,Salva,22430
22431,575098231,Gracia,Planas,22431
22432,669239569,Moises,Linares,22432
22433,847877961,Melisa,Flores,22433
22434,768838998,Alexandra,Landa,22434
22435,908108335,America,Vega,22435
22436,830369673,Patricia,Palmer,22436
22437,164792680,Mirta,Zapata,22437
22438,811155772,Maria Del Carmen,Gomis,22438
22439,654623072,Petrona,Rosell,22439
22440,739859938,Pia,Beltran,22440
22441,639844386,Jose Luis,Granados,22441
22442,698941089,Encarnacion,Cobos,22442
22443,846737501,Inocencio,Gimeno,22443
22444,703950902,Aurelio,Palau,22444
22445,608476817,Georgina,Manrique,22445
22446,344787944,Tomasa,Vicens,22446
22447,299411317,Iker,Cuervo,22447
22448,422232483,Juan,Raya,22448
22449,782590877,Olga,Avila,22449
22450,523734360,Amada,Robledo,22450
22451,675361476,Rosario,Amoros,22451
22452,120159155,Cristobal,Trujillo,22452
22453,624940483,Jordan,Galvan,22453
22454,792161098,Matias,Bayo,22454
22455,525673611,Ruy,Ferrando,22455
22456,725409238,Ramona,Blazquez,22456
22457,578627968,Reinaldo,Domingo,22457
22458,804767419,Jose Luis,Valles,22458
22459,237557197,Bernardo,Ferran,22459
22460,896636552,Milagros,Sotelo,22460
22461,714808074,Leonardo,Rosado,22461
22462,957020172,Merche,Casanovas,22462
22463,874429052,Jose Miguel,Calderon,22463
22464,117252770,Prudencio,Gallego,22464
22465,786537070,Azucena,Cuevas,22465
22466,241871376,Eloy,Velez,22466
22467,892586205,Liliana,Salvador,22467
22468,281896429,Anabel,Mayoral,22468
22469,553408965,Renato,Coello,22469
22470,757915816,Alejandro,Perera,22470
22471,178987829,Marisol,Llobet,22471
22472,125972132,Remedios,Cordero,22472
22473,966364159,Jacobo,Luque,22473
22474,568339537,Oriana,Guitart,22474
22475,898725818,Nadia,Acuna,22475
22476,478851224,Rosa Maria,Agudo,22476
22477,767885864,Vicenta,Salmeron,22477
22478,858372227,Baltasar,Gimenez,22478
22479,500252377,Vicenta,Tello,22479
22480,372502139,Evangelina,Pozuelo,22480
22481,323962137,Elodia,Requena,22481
22482,416868572,Paca,Ramis,22482
22483,680220106,Dorita,Canete,22483
22484,992407313,Rosario,Jara,22484
22485,603522432,Hilda,Vicens,22485
22486,123829497,Fabiola,Roig,22486
22487,897571425,Micaela,Uriarte,22487
22488,700310567,Herminia,Hernandez,22488
22489,805742170,Mateo,Guillen,22489
22490,522183555,Maxima,Olive,22490
22491,842614247,Amado,Vidal,22491
22492,580924454,Carlota,Escalona,22492
22493,850506497,Nicanor,Perea,22493
22494,223715745,Aristides,Poza,22494
22495,457371282,Fito,Martorell,22495
22496,374353215,Lorena,Castells,22496
22497,790369060,Cebrian,Canet,22497
22498,956300673,Cintia,Exposito,22498
22499,462818192,Jose Manuel,Bustamante,22499
22500,697432096,Juanito,Cespedes,22500
22501,713829813,Valentin,Cuervo,22501
22502,718498742,Fermin,Ferrero,22502
22503,922067640,Gracia,Villaverde,22503
22504,819461109,Samu,Jurado,22504
22505,122817964,Zoraida,Manjon,22505
22506,479725116,Raquel,Sanz,22506
22507,321678011,Rico,Belda,22507
22508,237064700,Javi,Rios,22508
22509,679209804,Gaspar,Ochoa,22509
22510,107689263,Amparo,Camps,22510
22511,359011058,Zaida,Narvaez,22511
22512,635161540,Fermin,Vila,22512
22513,485380709,Isidro,Reyes,22513
22514,414425835,Aurelio,Bilbao,22514
22515,541254802,Jose Mari,Solsona,22515
22516,354800511,Nando,Segura,22516
22517,451272585,Delfina,Moraleda,22517
22518,585740119,Calista,Hoz,22518
22519,684241479,Tomasa,Rovira,22519
22520,540342864,Elpidio,Marin,22520
22521,205320269,Matilde,Planas,22521
22522,401515467,Gertrudis,Fortuny,22522
22523,940427348,Etelvina,Campoy,22523
22524,194395792,Leonel,Tormo,22524
22525,439944864,Ainara,Aleman,22525
22526,480793559,Luz,Pol,22526
22527,518018530,Marciano,Moll,22527
22528,209886949,Loreto,Real,22528
22529,642687814,Mercedes,Baquero,22529
22530,749831354,Baldomero,Cerezo,22530
22531,393972436,Martirio,Poza,22531
22532,462137991,Marcia,Serna,22532
22533,598752074,Ileana,Dominguez,22533
22534,685202027,Luis,Pla,22534
22535,288963610,Dalila,Tena,22535
22536,859128413,Miguela,Manuel,22536
22537,548544971,Tecla,Escobar,22537
22538,841162154,Narciso,Paniagua,22538
22539,124523324,Gabriela,Medina,22539
22540,439528141,Paloma,Company,22540
22541,913612780,Fernanda,Montesinos,22541
22542,428235848,Wilfredo,Gomez,22542
22543,270157482,Victor Manuel,Amo,22543
22544,356947273,Antonio,Fuertes,22544
22545,110087939,Ximena,Coronado,22545
22546,764107782,Victoria,Cobo,22546
22547,638729687,Felisa,Velez,22547
22548,990562072,Marc,Carbonell,22548
22549,510533833,Alba,Tomas,22549
22550,230272595,Nacho,Solera,22550
22551,263209788,Sandra,Rosado,22551
22552,201152426,Laura,Nicolau,22552
22553,476995558,Fatima,Ferran,22553
22554,968847742,Eusebio,Cabanas,22554
22555,809296241,Jacinta,Armas,22555
22556,263409479,Placido,Flor,22556
22557,433364278,Calixta,Cuellar,22557
22558,879938649,Anita,Cid,22558
22559,128841624,Cayetana,Villegas,22559
22560,990850153,Jacinta,Palau,22560
22561,112897048,Joaquina,Gonzalez,22561
22562,592478611,Narciso,Hidalgo,22562
22563,629411904,Eloisa,Ferrando,22563
22564,733988292,Anabel,Calatayud,22564
22565,925471709,Felisa,Anguita,22565
22566,680577613,Lina,Lledo,22566
22567,863306851,Alfonso,Nunez,22567
22568,552508195,Jose,Borja,22568
22569,682459650,Marianela,Alvarez,22569
22570,363059831,Jaime,Manso,22570
22571,191484071,Gaspar,Gonzalez,22571
22572,183277843,Maricela,Berenguer,22572
22573,152804819,Damian,Arrieta,22573
22574,102681808,Luciano,Zabala,22574
22575,622569184,Maricela,Navarro,22575
22576,596501521,Lalo,Galiano,22576
22577,933954001,Luis Angel,Oller,22577
22578,617479366,Duilio,Lumbreras,22578
22579,243214564,Cecilio,Sanmiguel,22579
22580,713176563,Luis,Sevillano,22580
22581,331932042,Casemiro,Espanol,22581
22582,331707371,Natalio,Ramirez,22582
22583,760606965,Leticia,Roman,22583
22584,720098984,Nilo,Rosado,22584
22585,647419285,Che,Mur,22585
22586,326708300,Eusebio,Olive,22586
22587,166497590,Leoncio,Rojas,22587
22588,524045813,Gaston,Zamorano,22588
22589,513821956,Emma,Pont,22589
22590,470712007,Nidia,Hernando,22590
22591,251168481,Cintia,Jauregui,22591
22592,665817254,Esther,Saez,22592
22593,576631296,Griselda,Bravo,22593
22594,962094774,Moreno,Bueno,22594
22595,535518227,Pepita,Juarez,22595
22596,941013800,Elias,Caceres,22596
22597,350760607,Dani,Agustin,22597
22598,614417484,Ester,Galan,22598
22599,563979313,Bernardo,Torre,22599
22600,198573219,Samu,Ayuso,22600
22601,864124700,Sol,Roldan,22601
22602,217078026,Bernardo,Figueras,22602
22603,870841314,America,Ramirez,22603
22604,700155989,Carla,Antunez,22604
22605,191445879,Jordana,Soria,22605
22606,688842954,Sandra,Llano,22606
22607,348823887,Lola,Herranz,22607
22608,744141077,Tomas,Arrieta,22608
22609,956290231,Maria Teresa,Blasco,22609
22610,758433068,Marino,Gallo,22610
22611,514181586,Veronica,Martinez,22611
22612,862833617,Adolfo,Olmedo,22612
22613,935635208,Macaria,Canet,22613
22614,986468806,Albano,Haro,22614
22615,682652042,Jose Mari,Gascon,22615
22616,637986958,Gracia,Segura,22616
22617,654874658,Elisa,Mendizabal,22617
22618,355158397,Damian,Blazquez,22618
22619,199176331,Gabriel,Paz,22619
22620,436066330,Ciriaco,Elias,22620
22621,407850103,Trinidad,Ferrero,22621
22622,906709788,Carlos,Llabres,22622
22623,776033979,Luciana,Luis,22623
22624,899870822,Paula,Posada,22624
22625,213469576,Vidal,Malo,22625
22626,403838084,Humberto,Grau,22626
22627,526611886,Melania,Moreno,22627
22628,724270400,Blas,Esparza,22628
22629,261513493,Pedro,Briones,22629
22630,223942619,Rafaela,Santana,22630
22631,840105123,Marcio,Arino,22631
22632,974773456,Plinio,Anguita,22632
22633,919413555,Melchor,Chaves,22633
22634,383586417,Sergio,Nogueira,22634
22635,183234946,Climaco,Jara,22635
22636,508275851,Augusto,Fuente,22636
22637,271537327,Susanita,Urena,22637
22638,302619438,Cebrian,Aguilo,22638
22639,767008381,Andrea,Cordoba,22639
22640,238597315,Nuria,Gomis,22640
22641,916157180,Albano,Azcona,22641
22642,545678001,Leocadia,Sole,22642
22643,716483161,Olivia,Isern,22643
22644,585646530,Virginia,Barreda,22644
22645,535090686,Merche,Saez,22645
22646,658086588,Eladio,Rebollo,22646
22647,160482682,Cleto,Pineda,22647
22648,830413896,Rolando,Moreno,22648
22649,381635113,Marino,Bas,22649
22650,698211430,Nelida,Castrillo,22650
22651,633995601,Balduino,Checa,22651
22652,683827396,Berta,Segura,22652
22653,198690778,Rosendo,Banos,22653
22654,231560384,Zaira,Salom,22654
22655,976020327,Roxana,Ocana,22655
22656,845585432,Sonia,Rozas,22656
22657,889447540,Lucho,Osuna,22657
22658,301073752,Iker,Arnaiz,22658
22659,468100143,Norberto,Villaverde,22659
22660,114161694,Jose Carlos,Coll,22660
22661,728496759,Azucena,Llanos,22661
22662,595130764,Pepito,Llabres,22662
22663,158926566,Anacleto,Merino,22663
22664,430823479,Romulo,Estevez,22664
22665,680874338,Pia,Araujo,22665
22666,477711760,Jose Antonio,Arregui,22666
22667,705074414,Cruz,Bermudez,22667
22668,770040148,Pastor,Sans,22668
22669,895119932,Tristan,Torrent,22669
22670,805231908,Luciana,Benavente,22670
22671,380003174,Gil,Jimenez,22671
22672,809190532,Luisa,Alonso,22672
22673,465687219,Goyo,Acevedo,22673
22674,783560418,Elias,Saenz,22674
22675,913984375,America,Vargas,22675
22676,232750732,Merche,Tenorio,22676
22677,113320102,Valentin,Mercader,22677
22678,160644583,Corona,Sanchez,22678
22679,134072676,Virgilio,Trujillo,22679
22680,241514236,Marianela,Cervantes,22680
22681,561800885,Asuncion,Ojeda,22681
22682,515536910,Sara,Dominguez,22682
22683,743077254,Domingo,Miranda,22683
22684,524136089,Luis,Font,22684
22685,277431928,Herberto,Aliaga,22685
22686,919312652,Azeneth,Ariza,22686
22687,444225074,Priscila,Busquets,22687
22688,751356212,Felisa,Bustos,22688
22689,992615293,Guadalupe,Ordonez,22689
22690,360126680,Susana,Rosello,22690
22691,476535296,Hermenegildo,Vigil,22691
22692,522711631,Mariano,Mascaro,22692
22693,571717204,Maria Angeles,Paredes,22693
22694,110810709,Daniel,Berenguer,22694
22695,176318115,Juan Jose,Giner,22695
22696,860691450,Maximino,Mesa,22696
22697,515586649,Merche,Calvet,22697
22698,665628238,Roldan,Carro,22698
22699,296290994,Francisco Javier,Bas,22699
22700,172446802,Begona,Sanchez,22700
22701,395899050,Hugo,Llamas,22701
22702,914874802,Felicia,Alegria,22702
22703,913070851,Nicanor,Canas,22703
22704,377585897,Luis,Cano,22704
22705,420613606,Aura,Olive,22705
22706,472968869,Juan Carlos,Mayoral,22706
22707,237901445,Trinidad,Fuente,22707
22708,389855399,Primitiva,Puerta,22708
22709,140966150,Susanita,Llobet,22709
22710,278391705,Violeta,Tejedor,22710
22711,952990585,Teresa,Amoros,22711
22712,251416786,Enrique,Jaume,22712
22713,323466642,Custodio,Abascal,22713
22714,338348434,Tamara,Mora,22714
22715,594059008,Perlita,Suarez,22715
22716,336052367,Edgardo,Vilanova,22716
22717,609890756,Glauco,Vera,22717
22718,190413337,Emma,Garate,22718
22719,622998399,Zaida,Ricart,22719
22720,928989783,Teodora,Ledesma,22720
22721,807272182,Erasmo,Frias,22721
22722,348368069,Ildefonso,Font,22722
22723,852597226,Maria Dolores,Arino,22723
22724,845366034,Claudia,Andres,22724
22725,399866888,Joaquina,Abril,22725
22726,598250455,Nicanor,Caparros,22726
22727,392956408,Irene,Vendrell,22727
22728,615420190,Octavio,Bosch,22728
22729,669486245,Luna,Alarcon,22729
22730,627280861,Walter,Carbo,22730
22731,270525199,Salvador,Cano,22731
22732,210749342,Bienvenida,Pujadas,22732
22733,871539963,Heliodoro,Carpio,22733
22734,258978961,Montserrat,Mercader,22734
22735,105711212,Blas,Iniesta,22735
22736,103608834,Griselda,Alemany,22736
22737,790303788,Feliciano,Mulet,22737
22738,833275867,Piedad,Arnau,22738
22739,864806256,Natalio,Valenciano,22739
22740,817351724,Chus,Crespi,22740
22741,100386515,Calista,Cabeza,22741
22742,399303033,Chus,Fuertes,22742
22743,693618090,Mohamed,Zapata,22743
22744,689319296,Martin,Talavera,22744
22745,844613101,Faustino,Rovira,22745
22746,751033673,Cipriano,Hoyos,22746
22747,775673618,Etelvina,Sanmartin,22747
22748,364984381,Juan Antonio,Serra,22748
22749,487924129,Febe,Guillen,22749
22750,339131700,Amalia,Avila,22750
22751,483807481,Anselma,Parejo,22751
22752,473084241,Azahar,Villaverde,22752
22753,608462152,Pascual,Almagro,22753
22754,772399188,Romulo,Castells,22754
22755,754776523,Victor,Sarabia,22755
22756,283951099,Gabriela,Olivares,22756
22757,788435010,Silvestre,Portero,22757
22758,352338353,Mar,Salva,22758
22759,554187553,Valero,Casado,22759
22760,349146535,Ruperto,Romeu,22760
22761,645520523,Oriana,Torrecilla,22761
22762,625603995,Sebastian,Marques,22762
22763,761264230,Zoraida,Blanca,22763
22764,355590293,Isidoro,Catala,22764
22765,231053015,Eligia,Beltran,22765
22766,985465977,Leonel,Sosa,22766
22767,870380739,Raquel,Agustin,22767
22768,919504197,Raul,Galan,22768
22769,739557447,Che,Benitez,22769
22770,585788925,Emelina,Bonet,22770
22771,971109177,Lope,Ramirez,22771
22772,647287966,Alcides,Barcena,22772
22773,147395476,Abel,Barcena,22773
22774,114067964,Daniela,Fuster,22774
22775,569283599,Nicodemo,Saez,22775
22776,109151396,Ariel,Galan,22776
22777,624835586,Juan Luis,Llamas,22777
22778,467387038,Matias,Arregui,22778
22779,642455317,Primitiva,Landa,22779
22780,690881223,Mercedes,Terron,22780
22781,512048471,Jose Angel,Camps,22781
22782,189835968,Begona,Ruiz,22782
22783,450299927,Marcelo,Llobet,22783
22784,551846048,Prudencio,Dominguez,22784
22785,821781677,Lino,Gordillo,22785
22786,681481496,Samuel,Villalba,22786
22787,348479271,Charo,Mendez,22787
22788,956189699,Eutimio,Sainz,22788
22789,102731834,Isa,Cases,22789
22790,800621915,Petrona,Aragon,22790
22791,695383983,Feliciana,Menendez,22791
22792,482124594,Anna,Rocamora,22792
22793,455577703,Gaspar,Caballero,22793
22794,843588722,Norberto,Flores,22794
22795,339236501,Valeria,Pareja,22795
22796,166004848,Palmira,Quesada,22796
22797,354983630,Daniel,Guerrero,22797
22798,517269030,Hugo,Cabezas,22798
22799,369301694,Miguela,Osuna,22799
22800,123390439,Zoraida,Palomo,22800
22801,127224100,Marino,Ayala,22801
22802,361707413,Tiburcio,Real,22802
22803,539822945,Teobaldo,Roldan,22803
22804,265163518,Luis Angel,Lerma,22804
22805,576326031,Andres,Ocana,22805
22806,206662393,Felicia,Julia,22806
22807,713586397,Amaro,Quiros,22807
22808,717337241,Ana Belen,Vicente,22808
22809,671605686,Artemio,Duarte,22809
22810,924351904,Ruben,Villegas,22810
22811,626748017,Sarita,Briones,22811
22812,759651238,Eliseo,Perera,22812
22813,582889846,Jimena,Vives,22813
22814,768445925,Susana,Tome,22814
22815,550053947,Leoncio,Aparicio,22815
22816,317359640,Vicente,Sotelo,22816
22817,954553613,German,Chico,22817
22818,278777308,Noelia,Rivas,22818
22819,959158939,Apolonia,Cobo,22819
22820,868808412,Alonso,Godoy,22820
22821,210269712,Victor,Zurita,22821
22822,381489356,Lilia,Real,22822
22823,172522166,Anita,Barcelo,22823
22824,327341684,Graciana,Osorio,22824
22825,137293472,Rosalia,Pintor,22825
22826,823386658,Baudelio,Solis,22826
22827,302058258,Maria Manuela,Blasco,22827
22828,348878237,Teofilo,Pinto,22828
22829,709834020,Georgina,Izaguirre,22829
22830,327211014,Seve,Millan,22830
22831,637447033,Anna,Barbero,22831
22832,527579321,Jafet,Julia,22832
22833,978789309,Humberto,Ruano,22833
22834,418194128,Tania,Cerda,22834
22835,825645515,Claudio,Padilla,22835
22836,686042360,Fabricio,Salazar,22836
22837,773316150,Jacinta,Lujan,22837
22838,512950451,Carla,Mendez,22838
22839,606346128,Celestina,Criado,22839
22840,297386007,Eva,Giralt,22840
22841,974223871,Paulina,Lillo,22841
22842,666454634,Sara,Cuervo,22842
22843,908036634,Vanesa,Cornejo,22843
22844,491269128,Lara,Riba,22844
22845,249275874,Manola,Arcos,22845
22846,278221708,Angelina,Aramburu,22846
22847,430356881,Marisol,Campoy,22847
22848,536599660,Calista,Bonet,22848
22849,119136362,Alejo,Aguilera,22849
22850,765182926,Francisco Javier,Cobos,22850
22851,584195158,Josefina,Andres,22851
22852,675251019,Reynaldo,Garate,22852
22853,186183783,Valeria,Molins,22853
22854,833192771,Francisca,Barba,22854
22855,700340932,Almudena,Fortuny,22855
22856,704124893,Regina,Cabanas,22856
22857,277930281,Maria Belen,Chacon,22857
22858,115630972,Cintia,Cobos,22858
22859,848115007,Jose Angel,Belda,22859
22860,275477894,Aristides,Salamanca,22860
22861,742319463,Reyes,Montana,22861
22862,384353613,Felicia,Castells,22862
22863,272679660,Rosalina,Sanjuan,22863
22864,377094154,Chita,Escamilla,22864
22865,412970039,Luis Miguel,Falcon,22865
22866,577429326,Donato,Atienza,22866
22867,849562225,Juan Francisco,Mateo,22867
22868,871626675,Dimas,Gonzalez,22868
22869,333275581,Glauco,Aguilera,22869
22870,809979742,Cristian,Suarez,22870
22871,617402623,Aitana,Roldan,22871
22872,772924715,Chuy,Puga,22872
22873,820729742,Angela,Crespo,22873
22874,499077065,Maura,Guijarro,22874
22875,747544874,Paloma,Uriarte,22875
22876,820505939,Gabriela,Mascaro,22876
22877,137954780,Guiomar,Barba,22877
22878,197639485,Lucio,Rozas,22878
22879,234160874,Eugenia,Mora,22879
22880,133863958,Fausto,Pineda,22880
22881,505922912,Florencia,Blanch,22881
22882,432405714,Gaston,Echevarria,22882
22883,296284994,Benigno,Blanca,22883
22884,901681918,Marisol,Carranza,22884
22885,597044492,Romulo,Blasco,22885
22886,830215524,Amador,Prats,22886
22887,674608699,Victoriano,Cuesta,22887
22888,988784118,Dafne,Pla,22888
22889,322318861,Encarnita,Cifuentes,22889
22890,997870971,Efrain,Abascal,22890
22891,426678490,Dionisio,Santiago,22891
22892,223136280,Carmina,Elorza,22892
22893,455400806,Angelino,Alsina,22893
22894,832439153,Natalia,Barcena,22894
22895,550839620,Marcelino,Falcon,22895
22896,171689082,Bienvenida,Blanch,22896
22897,314267753,Alicia,Montalban,22897
22898,436585719,Tecla,Bernal,22898
22899,583065066,Guiomar,Conde,22899
22900,425325956,Albino,Torralba,22900
22901,304767049,Rebeca,Comas,22901
22902,311564680,Soledad,Noguera,22902
22903,947766324,Marc,Yuste,22903
22904,719033108,Fulgencio,Palau,22904
22905,101488863,Maxi,Cortes,22905
22906,255240007,Fabiana,Trujillo,22906
22907,772501195,Marcelino,Lara,22907
22908,395198067,Inigo,Santiago,22908
22909,517681688,Luciana,Quiroga,22909
22910,637212764,Teresa,Madrigal,22910
22911,264573468,Mohamed,Calleja,22911
22912,331406796,Omar,Gimenez,22912
22913,602268221,Custodia,Ruano,22913
22914,176951568,Eduardo,Villalobos,22914
22915,215992965,Liliana,Iglesia,22915
22916,658701823,Albino,Flor,22916
22917,197437947,Baldomero,Pla,22917
22918,669280114,Claudia,Alvarez,22918
22919,706959330,Josefa,Torralba,22919
22920,387756175,Anastasio,Boix,22920
22921,405192161,Lisandro,Gallo,22921
22922,680309309,Dario,Agudo,22922
22923,237635282,Curro,Alvarez,22923
22924,704458099,Alcides,Pi,22924
22925,275666182,Lino,Chacon,22925
22926,764614544,Ileana,Romeu,22926
22927,133675206,Juliana,Polo,22927
22928,385867100,Valentina,Carretero,22928
22929,638023406,Baldomero,Cobo,22929
22930,765262465,Amor,Velazquez,22930
22931,741039589,Irene,Ros,22931
22932,636108903,Valerio,Palau,22932
22933,464011866,Sigfrido,Duque,22933
22934,650073621,Luis Miguel,Pujadas,22934
22935,671772229,Eduardo,Baro,22935
22936,895580673,Florencio,Solano,22936
22937,264371721,Carmelita,Seco,22937
22938,318529259,Teresita,Exposito,22938
22939,860729505,Desiderio,Calzada,22939
22940,391090595,Aureliano,Escobar,22940
22941,125770958,Eliana,Coll,22941
22942,419878543,Micaela,Galvez,22942
22943,383337264,Herberto,Coll,22943
22944,572998343,Candida,Miro,22944
22945,777616094,Noemi,Posada,22945
22946,683584733,Hortensia,Novoa,22946
22947,985052259,Victor,Muro,22947
22948,754406239,Hugo,Casanova,22948
22949,574967664,Selena,Isern,22949
22950,365952309,Fernanda,Amigo,22950
22951,175190983,Marciano,Piquer,22951
22952,960429188,Elba,Bernat,22952
22953,832324165,Telmo,Bonilla,22953
22954,585925215,Calista,Espada,22954
22955,502729096,Aranzazu,Guzman,22955
22956,451536553,Mar,Pedro,22956
22957,528821144,Rosendo,Amaya,22957
22958,565007168,Dani,Cadenas,22958
22959,375106061,Noa,Rosa,22959
22960,945563521,Alex,Prada,22960
22961,132858800,Lorenza,Osuna,22961
22962,619436571,Baudelio,Nunez,22962
22963,216416134,Cloe,Moreno,22963
22964,484270037,Cesar,Moles,22964
22965,206428824,Teodosio,Leon,22965
22966,112752103,Nando,Agullo,22966
22967,531023038,Isabela,Larrea,22967
22968,995875314,Pili,Coll,22968
22969,961472525,Pia,Baez,22969
22970,362653646,Marcelo,Marquez,22970
22971,422413252,Albano,Maza,22971
22972,985740472,Isaura,Figueras,22972
22973,747065100,Macaria,Mate,22973
22974,696843861,Cintia,Criado,22974
22975,918399830,Pili,Arribas,22975
22976,926871351,Jaime,Salvador,22976
22977,446613892,Marcela,Guillen,22977
22978,436119061,Guillermo,Roura,22978
22979,883712274,Manuela,Salcedo,22979
22980,122942743,Marita,Falcon,22980
22981,966571574,Alexandra,Mayoral,22981
22982,674881147,Florentino,Campos,22982
22983,824641578,Ruperta,Pedrero,22983
22984,468604167,Haydee,Pombo,22984
22985,890737429,Ignacia,Marmol,22985
22986,891576766,Elisa,Gallo,22986
22987,191730197,Gertrudis,Martinez,22987
22988,322982134,Gerardo,Pinto,22988
22989,730299030,Xavier,Vaquero,22989
22990,547988707,Chucho,Marin,22990
22991,465544515,Elias,Bastida,22991
22992,230324038,Felicia,Oliver,22992
22993,568677571,Ruperto,Ojeda,22993
22994,490050380,Conrado,Domingo,22994
22995,795405423,Violeta,Francisco,22995
22996,676650057,Quique,Cortes,22996
22997,888458739,Sigfrido,Juan,22997
22998,697013449,Mario,Exposito,22998
22999,499280143,Saturnino,Herrero,22999
23000,291136036,Jose,Garcia,23000
23001,810181612,Pepito,Anguita,23001
23002,177331872,Maximiano,Olmo,23002
23003,220775838,Hipolito,Echevarria,23003
23004,594737876,Ciro,Arenas,23004
23005,624929121,Fabian,Blanca,23005
23006,525054259,Climaco,Borrell,23006
23007,978736888,Asdrubal,Abellan,23007
23008,382070912,Noe,Mateu,23008
23009,304162841,Agueda,Aviles,23009
23010,762199441,Lucas,Llanos,23010
23011,405888245,Emiliana,Guardiola,23011
23012,992029400,Edgar,Carreno,23012
23013,822406312,Feliciana,Rubio,23013
23014,437775339,Demetrio,Gimenez,23014
23015,214253542,Luis,Yanez,23015
23016,628858639,Sara,Caceres,23016
23017,298417722,Adrian,Amaya,23017
23018,955806100,Asdrubal,Saez,23018
23019,750944926,Raimundo,Vinas,23019
23020,552927143,Martirio,Benito,23020
23021,439711348,Concepcion,Larrea,23021
23022,429165981,Rebeca,Pablo,23022
23023,933333294,Nazaret,Requena,23023
23024,276317202,Irma,Goicoechea,23024
23025,704971176,Pia,Merino,23025
23026,717224689,Albina,Soler,23026
23027,956453077,Trinidad,Azorin,23027
23028,111233375,Bruno,Jauregui,23028
23029,774721882,Pedro,Giron,23029
23030,100336134,Celestina,Lara,23030
23031,838184625,Perlita,Pedraza,23031
23032,174026000,Filomena,Ros,23032
23033,425583408,Fidel,Beltran,23033
23034,957283215,Abilio,Quintanilla,23034
23035,917146558,Rosendo,Cases,23035
23036,425321022,Miguel Angel,Bertran,23036
23037,398457996,Chus,Lozano,23037
23038,710715829,Noelia,Carreno,23038
23039,146998958,Pastora,Galvan,23039
23040,860759687,Toni,Bellido,23040
23041,650641866,Omar,Barrena,23041
23042,722736827,Trini,Salas,23042
23043,557615808,Ruy,Berrocal,23043
23044,695412339,Evita,Yuste,23044
23045,406719675,Candela,Verdugo,23045
23046,518122422,Aroa,Aguila,23046
23047,995386703,Lara,Camino,23047
23048,697743220,Montserrat,Arranz,23048
23049,816064330,Esther,Jimenez,23049
23050,891235365,Angel,Pereira,23050
23051,904666197,Lupita,Pelayo,23051
23052,932899407,Lourdes,Adadia,23052
23053,403704012,Evita,Gallo,23053
23054,223960916,Lorenza,Berrocal,23054
23055,797159765,Adan,Gisbert,23055
23056,257763550,Edelmira,Barriga,23056
23057,971673052,Manu,Requena,23057
23058,302483461,Miriam,Rodriguez,23058
23059,565645666,Encarnita,Salvador,23059
23060,501862859,Rodrigo,Olive,23060
23061,200707644,Sergio,Castellanos,23061
23062,345658962,Nazaret,Garcia,23062
23063,966551162,Eladio,Adan,23063
23064,163568375,Gala,Diaz,23064
23065,662500439,Isaac,Canton,23065
23066,348743691,Juan Luis,Campoy,23066
23067,210104153,Vera,Chacon,23067
23068,177454156,Manolo,Baro,23068
23069,556057467,Alejandra,Alcazar,23069
23070,541669136,Andres Felipe,Cerdan,23070
23071,829259144,Moises,Bayo,23071
23072,825255035,Estefania,Murcia,23072
23073,333998560,Anastasio,Rico,23073
23074,860011155,Fito,Saez,23074
23075,443637462,Coral,Iniguez,23075
23076,574939509,Nieves,Rosello,23076
23077,195057456,Yessica,Corral,23077
23078,213347299,Natividad,Carretero,23078
23079,625529888,Francisca,Vizcaino,23079
23080,876281845,Jordana,Franco,23080
23081,550853138,Isidora,Carro,23081
23082,920590204,Pablo,Pujol,23082
23083,226277186,Benita,Cuesta,23083
23084,671799758,Elena,Porras,23084
23085,280601517,Domingo,Morcillo,23085
23086,449860215,Ariel,Cabrero,23086
23087,392656994,Flavio,Riquelme,23087
23088,443106256,Pepito,Zaragoza,23088
23089,710614744,Miguela,Benito,23089
23090,625959631,Calista,Montalban,23090
23091,859553580,Aurea,Hoz,23091
23092,496042116,Evangelina,Planas,23092
23093,208163858,Pacifica,Asensio,23093
23094,948777426,Cesar,Cervantes,23094
23095,475452161,Rosalinda,Rio,23095
23096,610150658,Aurelia,Saura,23096
23097,949077897,Cesar,Echevarria,23097
23098,496465829,Susana,Fortuny,23098
23099,690684108,Albert,Lucas,23099
23100,896842593,Francisca,Luis,23100
23101,678831810,Rita,Armas,23101
23102,578022102,Placido,Gargallo,23102
23103,201104562,Arcelia,Tapia,23103
23104,383473497,Obdulia,Gaya,23104
23105,483121882,Valentina,Quiroga,23105
23106,681529958,Amelia,Araujo,23106
23107,581907302,Soledad,Palau,23107
23108,852494499,Aura,Font,23108
23109,839696296,Fabricio,Camacho,23109
23110,515046995,Paulina,Izquierdo,23110
23111,473053372,Jose Luis,Olivera,23111
23112,504322920,Aurelio,Mascaro,23112
23113,424889254,Vanesa,Busquets,23113
23114,442475621,Fortunata,Portillo,23114
23115,255632074,Marcial,Larrea,23115
23116,466116010,Ingrid,Arnaiz,23116
23117,796999772,Tere,Aramburu,23117
23118,223605247,Maria Belen,Cortina,23118
23119,121690361,Jacinta,Pi,23119
23120,563250789,Leoncio,Mate,23120
23121,761628395,Placido,Ariza,23121
23122,948239412,Dorita,Torrents,23122
23123,295987810,Calista,Lasa,23123
23124,951449373,Bernardino,Muro,23124
23125,473990636,Inmaculada,Casal,23125
23126,705794468,Evangelina,Barbera,23126
23127,107102406,Cipriano,Reig,23127
23128,103853842,Severo,Arino,23128
23129,148737349,Fernando,Figuerola,23129
23130,736209807,Florinda,Valentin,23130
23131,429027752,Isa,Galvez,23131
23132,392737577,Odalys,Ocana,23132
23133,444908914,Rufino,Salcedo,23133
23134,241607191,Benigno,Marmol,23134
23135,555686923,Leon,Morell,23135
23136,925814076,America,Tormo,23136
23137,819322865,Cruz,Santamaria,23137
23138,694101179,Feliciano,Cortes,23138
23139,963479610,Hernan,Cabanas,23139
23140,922523640,Luis,Benitez,23140
23141,717557918,Dionisio,Crespi,23141
23142,426517534,Gaston,Font,23142
23143,388395980,Osvaldo,Farre,23143
23144,170783906,Jeremias,Cerezo,23144
23145,844436586,Eva,Marin,23145
23146,606536124,Nicolasa,Miranda,23146
23147,866001342,Arturo,Falcon,23147
23148,826543460,Albert,Amaya,23148
23149,994677849,Susanita,Pol,23149
23150,601521938,Anastasio,Llobet,23150
23151,733832410,Lola,Alfonso,23151
23152,189677811,Viviana,Canizares,23152
23153,785948819,Maricela,Camps,23153
23154,654367862,Miguel Angel,Amat,23154
23155,929868800,Carmen,Casal,23155
23156,421076494,Judith,Piquer,23156
23157,809163150,Miguel Angel,Borja,23157
23158,988859171,Narciso,Torrecilla,23158
23159,545915642,Azeneth,Perera,23159
23160,926169775,Milagros,Mendoza,23160
23161,616816462,Modesta,Toro,23161
23162,679305556,Marita,Arellano,23162
23163,738294204,Pedro,Montoya,23163
23164,194625216,Violeta,Orozco,23164
23165,975300825,Leocadia,Escudero,23165
23166,567272981,Galo,Castilla,23166
23167,465114490,Ani,Carvajal,23167
23168,602695470,Ruperta,Blanco,23168
23169,462244901,Lorena,Viana,23169
23170,274633166,Rosa,Barcena,23170
23171,386290213,Elba,Jauregui,23171
23172,595470268,Nerea,Palomo,23172
23173,767191533,Florinda,Acedo,23173
23174,182355652,Adalberto,Banos,23174
23175,290363998,Florencia,Solano,23175
23176,484592685,Dani,Gabaldon,23176
23177,743921399,Ariadna,Porcel,23177
23178,139965225,Guiomar,Pacheco,23178
23179,880243789,Aura,Ferrando,23179
23180,689959472,Melisa,Cardona,23180
23181,917931304,Irene,Borras,23181
23182,433175034,Azeneth,Calleja,23182
23183,623490649,Albert,Cuesta,23183
23184,432508274,Baldomero,Rovira,23184
23185,593234481,Anibal,Mata,23185
23186,220818132,Lisandro,Solera,23186
23187,243677223,Leyre,Rosello,23187
23188,409237644,Aranzazu,Espanol,23188
23189,854225401,Cipriano,Juarez,23189
23190,618565001,Amaya,Echevarria,23190
23191,580333439,Enrique,Aguilo,23191
23192,674633993,Jose Francisco,Araujo,23192
23193,950700088,Alicia,Santos,23193
23194,361788385,Liliana,Herrero,23194
23195,430593664,Sofia,Carpio,23195
23196,764228723,Jeremias,Prada,23196
23197,398730598,Guadalupe,Pedrero,23197
23198,621063355,Anselmo,Perello,23198
23199,855256099,Inocencio,Ortiz,23199
23200,449081438,Ileana,Anguita,23200
23201,671081167,Carmela,Iniesta,23201
23202,564403724,Clemente,Carbo,23202
23203,142568801,Juan Carlos,Yuste,23203
23204,142997441,Melania,Conde,23204
23205,834822665,Macaria,Quintero,23205
23206,296994294,Jose Ignacio,Corominas,23206
23207,677342563,Georgina,Estevez,23207
23208,779254644,Alfonso,Alcaraz,23208
23209,340897498,Gabriela,Rios,23209
23210,320039450,Teofilo,Castro,23210
23211,505310313,Bernabe,Carbajo,23211
23212,905852103,Lola,Maestre,23212
23213,534632611,Francisco,Tome,23213
23214,706790503,Alba,Borrego,23214
23215,532393694,Herminio,Becerra,23215
23216,564319999,Esther,Aguado,23216
23217,126896512,Selena,Luz,23217
23218,454607828,Javiera,Lozano,23218
23219,652843725,Ale,Font,23219
23220,983842314,Urbano,Lorenzo,23220
23221,446666234,Juanita,Garzon,23221
23222,824995563,Hipolito,Armengol,23222
23223,813302671,Narcisa,Benavente,23223
23224,211375819,Horacio,Fortuny,23224
23225,951889468,Josue,Andres,23225
23226,267359385,Demetrio,Rossello,23226
23227,109016385,Esteban,Ayala,23227
23228,205685025,Odalis,Palacios,23228
23229,389009486,Luisina,Fabregat,23229
23230,401331432,Tere,Jaume,23230
23231,518841380,Ana,Minguez,23231
23232,143506410,Samu,Almagro,23232
23233,446956188,Remigio,Montalban,23233
23234,763021598,Florencio,Uriarte,23234
23235,253109602,Pilar,Montenegro,23235
23236,483398480,Maxi,Gonzalez,23236
23237,129694017,Amanda,Cortes,23237
23238,359184118,Isidoro,Uribe,23238
23239,553642166,Paula,Almagro,23239
23240,558076412,Victoriano,Baron,23240
23241,966556837,Juan Bautista,Morcillo,23241
23242,993616568,Cintia,Ferrero,23242
23243,804926703,Adolfo,Solsona,23243
23244,168184197,Joaquina,Nevado,23244
23245,807998499,Emilia,Montero,23245
23246,480146709,Teofilo,Cortes,23246
23247,228658282,Amancio,Martin,23247
23248,854425788,Juan Luis,Porras,23248
23249,393555596,Rosaura,Burgos,23249
23250,667130264,Cesar,Aznar,23250
23251,720314307,Alex,Falcon,23251
23252,922826800,Clementina,Gonzalez,23252
23253,934269577,Jeremias,Amoros,23253
23254,901706238,Atilio,Colomer,23254
23255,512652856,Selena,Caceres,23255
23256,562436200,Rodrigo,Corral,23256
23257,547878271,Pancho,Iriarte,23257
23258,781743200,Josefa,Verdejo,23258
23259,381811364,Rufina,Crespi,23259
23260,934344203,Anacleto,Tapia,23260
23261,319843094,Adalberto,Noriega,23261
23262,178092462,Trinidad,Soriano,23262
23263,319020576,Reina,Diaz,23263
23264,507718766,Samuel,Tovar,23264
23265,392170673,Alejandra,Sandoval,23265
23266,865401051,Jose Angel,Ayala,23266
23267,254675953,Antonio,Mayo,23267
23268,998887759,Guiomar,Barragan,23268
23269,845011889,Gabriel,Serna,23269
23270,718615297,Luis,Mari,23270
23271,784655236,Jose Francisco,Agusti,23271
23272,580170955,Jose Francisco,Baron,23272
23273,212715195,Juan Jose,Arrieta,23273
23274,822115916,Jose Manuel,Checa,23274
23275,764581350,Santiago,Sanchez,23275
23276,214994933,Primitiva,Valenciano,23276
23277,914518793,Artemio,Espada,23277
23278,208020732,Dominga,Laguna,23278
23279,465147213,Telmo,Galiano,23279
23280,460528327,Apolonia,Marco,23280
23281,561604603,Primitiva,Ramos,23281
23282,711634060,Pepe,Llabres,23282
23283,254153132,Carmelo,Palomar,23283
23284,432087119,Eli,Hernando,23284
23285,826678704,Imelda,Guillen,23285
23286,713853084,Edu,Solano,23286
23287,558355424,Carmen,Exposito,23287
23288,592969549,Gerardo,Adan,23288
23289,428412800,Adolfo,Galan,23289
23290,838330470,Emigdio,Miguel,23290
23291,830298360,Maria Jose,Ferran,23291
23292,653932557,Victor,Antunez,23292
23293,780808867,Victoriano,Samper,23293
23294,666017893,Priscila,Dieguez,23294
23295,459238233,Ismael,Benitez,23295
23296,524207333,Matilde,Rojas,23296
23297,112881780,Ana,Valenzuela,23297
23298,748608908,Manu,Espinosa,23298
23299,522029826,Remigio,Rosales,23299
23300,290604875,Nuria,Coloma,23300
23301,360182585,Trinidad,Amador,23301
23302,802231840,Morena,Mendizabal,23302
23303,475408212,Fortunata,Carlos,23303
23304,223217272,Telmo,Berrocal,23304
23305,279991441,Camila,Santana,23305
23306,620239946,Reina,Barranco,23306
23307,188686526,Baltasar,Farre,23307
23308,784373556,Gaston,Bernal,23308
23309,431782173,Miguela,Alvaro,23309
23310,899288439,Veronica,Blasco,23310
23311,830929073,Dorita,Contreras,23311
23312,989379217,Flor,Porras,23312
23313,169264991,Adora,Tamarit,23313
23314,149284695,Priscila,Benet,23314
23315,759754708,Teo,Bernal,23315
23316,898705182,Angelina,Rodenas,23316
23317,945973959,Anibal,Saez,23317
23318,494778639,Venceslas,Pozuelo,23318
23319,432425427,Odalis,Acero,23319
23320,889647814,Fabiola,Ramis,23320
23321,922260752,Jose Manuel,Vinas,23321
23322,249857961,Federico,Olive,23322
23323,943434767,Porfirio,Conesa,23323
23324,734922155,Luna,Alberto,23324
23325,106508111,Estrella,Oliva,23325
23326,114274729,Filomena,Zorrilla,23326
23327,560499166,Mariano,Peral,23327
23328,567992812,Amancio,Rincon,23328
23329,657478722,Inmaculada,Santamaria,23329
23330,941024643,Reynaldo,Daza,23330
23331,631776801,Berta,Martinez,23331
23332,842115072,Remedios,Rosell,23332
23333,578182028,Remedios,Castilla,23333
23334,170090813,Itziar,Pena,23334
23335,750577147,Carmela,Pedraza,23335
23336,111039015,Dulce,Roig,23336
23337,369322095,Amando,Pascual,23337
23338,813507978,Nico,Naranjo,23338
23339,252493140,America,Montes,23339
23340,353618846,Climaco,Simo,23340
23341,466588467,Jose Mari,Font,23341
23342,529376723,Maria Fernanda,Rivas,23342
23343,950271152,Candelaria,Ferrer,23343
23344,720666961,Marisol,Pedro,23344
23345,234396315,Celia,Calvo,23345
23346,777626434,Isaac,Piquer,23346
23347,411524384,Salud,Lopez,23347
23348,268866693,Melchor,Elias,23348
23349,472460008,Cristian,Borrell,23349
23350,376251325,Leocadio,Revilla,23350
23351,842608756,Chus,Salvador,23351
23352,808113697,Maribel,Alamo,23352
23353,729484575,Alcides,Minguez,23353
23354,783084480,Cruz,Miranda,23354
23355,674223036,Leon,Moraleda,23355
23356,152446589,Maria Dolores,Iglesias,23356
23357,921020660,Marina,Olmo,23357
23358,737003936,Chita,Morante,23358
23359,408520437,Emelina,Rovira,23359
23360,360952019,Edu,Coca,23360
23361,483657796,Amada,Rosell,23361
23362,994208998,Miguel Angel,Caceres,23362
23363,772164773,Ruth,Quintana,23363
23364,418786033,Maria Jose,Casas,23364
23365,539846136,Rene,Martinez,23365
23366,513982304,Che,Chico,23366
23367,671366368,Roldan,Amaya,23367
23368,480361763,Felipe,Diego,23368
23369,738578002,Moises,Calvet,23369
23370,806395129,Felipa,Reguera,23370
23371,815211353,Rufino,Varela,23371
23372,779174881,Mateo,Pareja,23372
23373,166113996,Geronimo,Arco,23373
23374,479067070,Aureliano,Rincon,23374
23375,811702771,Toni,Crespi,23375
23376,176322531,Fatima,Arteaga,23376
23377,220825348,Liliana,Fajardo,23377
23378,741270688,Patricia,Baeza,23378
23379,975762468,Josue,Agudo,23379
23380,208743938,Maxima,Alcazar,23380
23381,395675733,Apolonia,Vargas,23381
23382,829367966,Jose Manuel,Narvaez,23382
23383,313192086,Petrona,Bautista,23383
23384,298298599,Baltasar,Sebastian,23384
23385,336560875,Maria Del Carmen,Solana,23385
23386,244108752,Cesar,Acero,23386
23387,437935645,Ambrosio,Sala,23387
23388,679569520,Haroldo,Ruano,23388
23389,926846676,Cristina,Hervas,23389
23390,926090264,Dora,Tejera,23390
23391,674459740,Diego,Bolanos,23391
23392,820452241,Calixta,Bauza,23392
23393,409310696,Edelmira,Gomis,23393
23394,816496234,Hortensia,Herranz,23394
23395,264674720,Rene,Arcos,23395
23396,162001899,Carla,Pedro,23396
23397,333701367,Paz,Roig,23397
23398,139861385,Iris,Pardo,23398
23399,731715090,Hugo,Gascon,23399
23400,744580325,Rosalinda,Rius,23400
23401,373643502,Rosa Maria,Llorens,23401
23402,683760292,Samu,Canet,23402
23403,325861998,Jose Carlos,Bernal,23403
23404,625997848,Paulino,Carbajo,23404
23405,351308045,Olga,Cordoba,23405
23406,411726264,Edelmiro,Montero,23406
23407,778139042,Adora,Estevez,23407
23408,590395263,Alonso,Casado,23408
23409,469332657,Isidoro,Montana,23409
23410,469723351,Alejandro,Llamas,23410
23411,136205566,Marco,Tejera,23411
23412,882489353,Adolfo,Grau,23412
23413,813214518,Aranzazu,Roda,23413
23414,993521419,Juan Luis,Andreu,23414
23415,258728333,Angel,Torrecilla,23415
23416,970185309,Natalia,Hervia,23416
23417,836385218,Zacarias,Llobet,23417
23418,529862952,Malena,Batlle,23418
23419,719606745,Ana Belen,Redondo,23419
23420,660086527,Jovita,Molins,23420
23421,771430319,Perlita,Hoyos,23421
23422,861767151,Blas,Gimenez,23422
23423,733869509,Ernesto,Cazorla,23423
23424,823792974,America,Galiano,23424
23425,176400571,Victor,Goni,23425
23426,428390036,Encarna,Noriega,23426
23427,642151703,Gisela,Marti,23427
23428,663253799,Mohamed,Salva,23428
23429,489644614,Adelardo,Blanes,23429
23430,949000828,Teodoro,Castello,23430
23431,183331785,Olalla,Paez,23431
23432,230479904,Yolanda,Pons,23432
23433,656867733,Jose Manuel,Hervas,23433
23434,143351218,Apolinar,Jove,23434
23435,531546574,Alexandra,Davila,23435
23436,954596575,Victoriano,Mayo,23436
23437,914061693,Amaro,Vazquez,23437
23438,809540443,Marisol,Vinas,23438
23439,264497482,Jeronimo,Amo,23439
23440,461632164,Roberto,Romero,23440
23441,659279330,Jose Luis,Calderon,23441
23442,242290521,Benigno,Rubio,23442
23443,249828727,Felipe,Giralt,23443
23444,727440535,Che,Fuente,23444
23445,194094668,Moreno,Heredia,23445
23446,844709119,America,Segarra,23446
23447,368053900,Francisco Jose,Cuervo,23447
23448,721507077,Ricardo,Sacristan,23448
23449,819458425,Begona,Jurado,23449
23450,754958654,Amando,Barrera,23450
23451,522819475,Ariel,Bernad,23451
23452,468213901,Melisa,Vaquero,23452
23453,372343462,Maxima,Boix,23453
23454,674759284,Albert,Viana,23454
23455,295182322,Matias,Palacios,23455
23456,176369631,Norberto,Mendizabal,23456
23457,779452354,Lupe,Crespi,23457
23458,655961892,Mario,Chaves,23458
23459,644707723,Pia,Diaz,23459
23460,931220855,Nicolas,Ayuso,23460
23461,651347796,Macario,Duran,23461
23462,268822083,Remedios,Menendez,23462
23463,111629251,Eugenia,Amores,23463
23464,608282248,Nelida,Saenz,23464
23465,871965921,Felix,Pina,23465
23466,986785327,Trini,Montalban,23466
23467,919098947,Priscila,Pinol,23467
23468,975456752,Casandra,Figuerola,23468
23469,640609244,Jose,Diego,23469
23470,868028588,Teo,Ferrer,23470
23471,648600117,Laura,Botella,23471
23472,867243694,Marcia,Lara,23472
23473,180402795,Salvador,Bermejo,23473
23474,744372000,Gabino,Ribera,23474
23475,843421486,Reyes,Batalla,23475
23476,392871492,Barbara,Tirado,23476
23477,806289200,Mar,Pujol,23477
23478,792355811,Bruno,Llamas,23478
23479,308573377,Marianela,Redondo,23479
23480,820117433,Rene,Arnal,23480
23481,187687769,Barbara,Ayuso,23481
23482,791017877,Ani,Escudero,23482
23483,810483927,Cloe,Garzon,23483
23484,566800442,Carina,Pineda,23484
23485,710774595,Cecilia,Armas,23485
23486,352103359,Celestina,Borrell,23486
23487,948957436,Debora,Fuster,23487
23488,839602416,Esmeralda,Pardo,23488
23489,907937521,Soraya,Banos,23489
23490,231432871,Melchor,Santamaria,23490
23491,930213123,Susanita,Esparza,23491
23492,172117369,Gilberto,Peralta,23492
23493,799269735,Eusebio,Salinas,23493
23494,563854383,Yolanda,Barreda,23494
23495,261396102,Lorenza,Gomila,23495
23496,891273146,Norberto,Bermejo,23496
23497,973768025,Noe,Reig,23497
23498,328116761,Dorita,Lasa,23498
23499,490856837,Eva,Barros,23499
23500,453035629,Macario,Peral,23500
23501,543102064,Rita,Mateu,23501
23502,893786003,Nazaret,Casares,23502
23503,489153468,Purificacion,Villanueva,23503
23504,666693102,Adela,Talavera,23504
23505,489147852,Estefania,Morcillo,23505
23506,508829931,Maria Luisa,Figueroa,23506
23507,148663452,Omar,Ribas,23507
23508,151264352,Gabriel,Osorio,23508
23509,101367293,Maria Angeles,Mulet,23509
23510,829261203,Agustina,Catalan,23510
23511,709542003,Octavia,Parejo,23511
23512,789022071,Teo,Ruano,23512
23513,126529895,Damian,Feijoo,23513
23514,406419195,Manu,Espinosa,23514
23515,907747144,Carolina,Miguel,23515
23516,941577155,Jonatan,Morcillo,23516
23517,368921433,Emelina,Parra,23517
23518,693370922,Maricela,Andres,23518
23519,116930404,Horacio,Izquierdo,23519
23520,189199610,Mario,Verdu,23520
23521,345752671,Ani,Taboada,23521
23522,672984501,Sandalio,Conde,23522
23523,563814489,Marcela,Ferrandez,23523
23524,281933132,Ainara,Badia,23524
23525,983339074,Cesar,Merino,23525
23526,281833789,Alvaro,Barcena,23526
23527,628558905,Cesar,Pelaez,23527
23528,759417825,Abraham,Segui,23528
23529,245332576,Cosme,Garmendia,23529
23530,307559843,Amando,Sancho,23530
23531,249928534,Rosario,Urrutia,23531
23532,325972061,Paz,Carrera,23532
23533,490022024,Paula,Mari,23533
23534,376523558,Salvador,Roman,23534
23535,105255486,Serafina,Marin,23535
23536,594547153,Emiliana,Llado,23536
23537,405388817,Natividad,Huerta,23537
23538,784944600,Carlito,Prat,23538
23539,828461512,Jose Luis,Verdugo,23539
23540,875219997,Modesto,Roig,23540
23541,340116846,Amado,Caro,23541
23542,479495090,Jose Angel,Codina,23542
23543,991712534,Eduardo,Gallego,23543
23544,738943076,Maristela,Aragon,23544
23545,195986213,Atilio,Marino,23545
23546,872835506,Florencio,Lerma,23546
23547,961136445,Olalla,Salom,23547
23548,917334625,Lucia,Guerrero,23548
23549,781845891,Ricarda,Bolanos,23549
23550,112602020,Desiderio,Blanes,23550
23551,609669911,Regulo,Chaparro,23551
23552,917266014,Cayetano,Gracia,23552
23553,132675320,Yesica,Maza,23553
23554,768896871,Marcial,Medina,23554
23555,340597403,Flavio,Julian,23555
23556,296575044,Victor Manuel,Solis,23556
23557,401456485,Noe,Aguilar,23557
23558,991134899,Danilo,Robles,23558
23559,467958688,Malena,Menendez,23559
23560,168621806,Zacarias,Gomis,23560
23561,571090747,Ruperta,Giralt,23561
23562,821117138,Raimundo,Quiros,23562
23563,484480856,Adoracion,Pera,23563
23564,924887286,Valentin,Montes,23564
23565,199361847,Maria Jose,Vigil,23565
23566,121165611,Custodia,Lopez,23566
23567,910354893,Tecla,Artigas,23567
23568,770837259,Sosimo,Briones,23568
23569,100344384,Pepe,Baeza,23569
23570,142164573,Rolando,Baez,23570
23571,664825295,Amada,Marco,23571
23572,837231718,Ciro,Villaverde,23572
23573,567792292,Leyre,Torrecilla,23573
23574,502272070,Imelda,Montserrat,23574
23575,743035862,Adan,Cortes,23575
23576,823498185,Albino,Albero,23576
23577,908727885,Rosalia,Caro,23577
23578,951057225,Candelas,Menendez,23578
23579,894564376,Daniela,Llanos,23579
23580,782343928,Salud,Rio,23580
23581,386564306,Candelaria,Alsina,23581
23582,988432637,Jafet,Chaves,23582
23583,907345996,Ainoa,Cabezas,23583
23584,302229143,Tamara,Maza,23584
23585,306769822,Ximena,Esteban,23585
23586,639895213,Blas,Coca,23586
23587,971600349,Gaston,Muro,23587
23588,915703083,Valentina,Palacios,23588
23589,320604741,Yesica,Linares,23589
23590,661706506,Nieves,Armengol,23590
23591,996282208,Obdulia,Alonso,23591
23592,968617636,Heraclio,Robles,23592
23593,991182282,Cleto,Casal,23593
23594,490206509,Fermin,Adan,23594
23595,749394129,Eligio,Coello,23595
23596,332587072,German,Burgos,23596
23597,900316296,Moreno,Llanos,23597
23598,425744771,Leocadio,Cordoba,23598
23599,424243659,Delfina,Hoz,23599
23600,481534241,Marino,Noguera,23600
23601,901161298,Natalio,Priego,23601
23602,295742182,Emma,Colom,23602
23603,523521506,Rosalia,Prada,23603
23604,923675647,Natalio,Laguna,23604
23605,483038758,Amador,Carnero,23605
23606,885074404,Amaro,Bou,23606
23607,435348631,Benita,Font,23607
23608,432890697,Liliana,Romeu,23608
23609,394921408,Fabio,Leon,23609
23610,190002355,Brunilda,Cuellar,23610
23611,563020141,Omar,Bayona,23611
23612,709984619,Prudencio,Espanol,23612
23613,664523323,Gisela,Malo,23613
23614,914017803,Ligia,Asenjo,23614
23615,857765054,Valero,Guerrero,23615
23616,288183349,Maria Carmen,Ayuso,23616
23617,622527855,Anna,Arribas,23617
23618,781216955,Lucio,Pombo,23618
23619,473434299,Felix,Amores,23619
23620,967817491,Samu,Zamorano,23620
23621,367399235,Tono,Cisneros,23621
23622,297810332,Ema,Peiro,23622
23623,200254058,Esther,Talavera,23623
23624,477656462,Ofelia,Escolano,23624
23625,900658838,Pilar,Requena,23625
23626,599864323,Teobaldo,Prats,23626
23627,389552099,Palmira,Becerra,23627
23628,477175916,Jose Luis,Leal,23628
23629,371434451,Flor,Palau,23629
23630,859565068,Dafne,Capdevila,23630
23631,539244712,Maura,Galan,23631
23632,503688976,Rosario,Hoz,23632
23633,922538840,Florencio,Rosello,23633
23634,997174640,Domingo,Pellicer,23634
23635,772313439,Miguela,Uribe,23635
23636,475631358,Humberto,Villalobos,23636
23637,305696553,Jacobo,Uria,23637
23638,434518671,Flavio,Nicolas,23638
23639,211797855,Gaspar,Ruano,23639
23640,452847208,Abraham,Heredia,23640
23641,886528720,Isaias,Canizares,23641
23642,839086226,Rosa Maria,Belmonte,23642
23643,299731629,Martina,Cepeda,23643
23644,635642054,Ingrid,Santos,23644
23645,812259319,Olalla,Valenciano,23645
23646,196605189,Maximo,Lopez,23646
23647,763929479,Joaquina,Rosell,23647
23648,750726290,Abel,Diego,23648
23649,586634387,Martirio,Montalban,23649
23650,841444622,Leire,Almazan,23650
23651,867404899,Luz,Plaza,23651
23652,700444625,Cecilio,Cerezo,23652
23653,509871622,Cintia,Bernal,23653
23654,343283017,Teresa,Feijoo,23654
23655,705626944,Ricardo,Valencia,23655
23656,221543868,Leocadio,Ribera,23656
23657,522739351,Marcela,Saavedra,23657
23658,520369824,Cleto,Andrade,23658
23659,331515964,Gabriela,Diaz,23659
23660,284111648,Julio Cesar,Escriva,23660
23661,162423169,Ariel,Bernal,23661
23662,650490905,Jose Angel,Capdevila,23662
23663,205230959,Ciriaco,Sole,23663
23664,843085538,Isabel,Lara,23664
23665,414068802,Juan Antonio,Alfonso,23665
23666,357259973,Blas,Velasco,23666
23667,647751574,Eugenia,Pinto,23667
23668,401396667,Jose Antonio,Tello,23668
23669,401875174,Trinidad,Canals,23669
23670,126626333,Xavier,Riera,23670
23671,974520977,Walter,Nogues,23671
23672,912579835,Pascual,Gisbert,23672
23673,320726921,Dalila,Vallejo,23673
23674,945843862,Marciano,Torrecilla,23674
23675,631549717,Almudena,Escamilla,23675
23676,206420864,Jessica,Carnero,23676
23677,553724002,Amor,Vendrell,23677
23678,794555504,Vicenta,Zabaleta,23678
23679,629856391,Bruno,Castilla,23679
23680,790517140,Fernando,Pinto,23680
23681,238295929,Araceli,Mendizabal,23681
23682,947377458,Paco,Muro,23682
23683,202267088,Rosa,Salmeron,23683
23684,786867667,Laura,Marin,23684
23685,970526088,Miriam,Iglesia,23685
23686,554608483,Godofredo,Blazquez,23686
23687,665724403,Palmira,Leal,23687
23688,774730745,Amador,Boada,23688
23689,578557896,Samu,Sierra,23689
23690,607977798,Jacinta,Mesa,23690
23691,458408464,Zaida,Velez,23691
23692,829640028,Salud,Bonet,23692
23693,146285721,Diego,Agusti,23693
23694,728578804,Eustaquio,Bustos,23694
23695,526331962,Francisco Jose,Mancebo,23695
23696,367325222,Pepita,Acevedo,23696
23697,805144890,Juan Antonio,Luna,23697
23698,611182563,Teresa,Parra,23698
23699,286267602,Yolanda,Velez,23699
23700,618896378,Eulalia,Peral,23700
23701,586344960,Dorotea,Rocamora,23701
23702,525287504,Alejandro,Dominguez,23702
23703,380439696,Benjamin,Valenzuela,23703
23704,790650227,Bibiana,Capdevila,23704
23705,595568404,Marita,Reyes,23705
23706,919226798,Eustaquio,Llado,23706
23707,116228436,Delfina,Garmendia,23707
23708,114247921,Delfina,Manrique,23708
23709,432084500,Xavier,Abril,23709
23710,405182943,Maxi,Aparicio,23710
23711,652725245,Inocencio,Sandoval,23711
23712,304487507,Manu,Jimenez,23712
23713,357559003,Quique,Solano,23713
23714,400320052,Vidal,Tomas,23714
23715,943351957,Paco,Pallares,23715
23716,303917837,Manolo,Fuster,23716
23717,274674084,Maximo,Blasco,23717
23718,216285938,Cecilio,Millan,23718
23719,273466329,Ivan,Carpio,23719
23720,265633893,Guillermo,Rosales,23720
23721,173778227,Geraldo,Rueda,23721
23722,676790534,Americo,Baro,23722
23723,369711317,Rodolfo,Otero,23723
23724,340826070,Matilde,Marin,23724
23725,584038276,Noelia,Cabezas,23725
23726,500058952,Jacinto,Castilla,23726
23727,685132735,Edu,Agusti,23727
23728,601181068,Leocadia,Toro,23728
23729,882323511,Magdalena,Cardenas,23729
23730,462370047,Apolonia,Puente,23730
23731,725494238,Pablo,Rossello,23731
23732,717915957,Faustino,Farre,23732
23733,173990338,Luis,Ripoll,23733
23734,201762995,Lazaro,Benavent,23734
23735,991781065,Humberto,Villena,23735
23736,222327056,Ariel,Barreda,23736
23737,770918084,Remedios,Bejarano,23737
23738,216850679,Yessica,Romero,23738
23739,176305261,Ambar,Barbera,23739
23740,119680328,Aroa,Garriga,23740
23741,603356382,Regina,Tome,23741
23742,382876271,Edelmira,Valls,23742
23743,514578819,Aurea,Iborra,23743
23744,803749185,Malena,Farre,23744
23745,327051754,Amalia,Royo,23745
23746,615323388,Lucia,Bello,23746
23747,745113123,Felicia,Morante,23747
23748,237018597,Dorita,Sedano,23748
23749,186754940,Jose Manuel,Escolano,23749
23750,685112274,Teodora,Perera,23750
23751,167797862,Tatiana,Pareja,23751
23752,621613619,Sarita,Caparros,23752
23753,290520293,Manolo,Querol,23753
23754,265777711,Natividad,Amigo,23754
23755,543373810,Carla,Fernandez,23755
23756,561034968,Mercedes,Garay,23756
23757,172749938,Maria Fernanda,Rosado,23757
23758,527929060,Ofelia,Aguila,23758
23759,147240417,Juan Manuel,Munoz,23759
23760,219195575,Gloria,Collado,23760
23761,269331246,Valero,Tena,23761
23762,486929568,Aurora,Salmeron,23762
23763,565887364,Feliciano,Noriega,23763
23764,868611218,Felix,Zorrilla,23764
23765,497306584,Claudia,Montserrat,23765
23766,159657443,Pacifica,Millan,23766
23767,852709208,Eduardo,Paredes,23767
23768,194877839,Teodoro,Salinas,23768
23769,258922573,Cipriano,Mayo,23769
23770,659223546,Yesica,Company,23770
23771,694842775,Febe,Segarra,23771
23772,162696823,Hipolito,Bastida,23772
23773,720954596,Calista,Campoy,23773
23774,728783523,Nacho,Carrera,23774
23775,355723087,Albert,Ortega,23775
23776,714865375,Calixto,Alba,23776
23777,890042982,Etelvina,Canas,23777
23778,854845657,Maria Del Carmen,Fonseca,23778
23779,892607321,Azeneth,Bertran,23779
23780,330925224,Severino,Portillo,23780
23781,625225229,Andres,Alarcon,23781
23782,252372880,Angelino,Camara,23782
23783,556880976,Jose Luis,Canizares,23783
23784,135582095,Gabino,Rodenas,23784
23785,103107262,Rufina,Infante,23785
23786,645670701,Jeronimo,Hervia,23786
23787,127134076,Anselmo,Peralta,23787
23788,592195209,Sergio,Fabregas,23788
23789,878148779,Juana,Oliver,23789
23790,489912306,Renata,Castro,23790
23791,919618109,Candelaria,Jordan,23791
23792,243233394,Bernardita,Dalmau,23792
23793,752902213,Dolores,Sanz,23793
23794,883780304,Flavia,Iniesta,23794
23795,780693473,Jose Antonio,Rivas,23795
23796,371770750,Iker,Pareja,23796
23797,439296570,Juan Luis,Uria,23797
23798,262343516,Alvaro,Marmol,23798
23799,642636141,Jessica,Hoyos,23799
23800,191534445,Joel,Mena,23800
23801,242473205,Maria Luisa,Hernandez,23801
23802,542960974,Benito,Bustos,23802
23803,584246118,Yolanda,Molina,23803
23804,485593208,Marisol,Garcia,23804
23805,894633622,Amada,Hidalgo,23805
23806,923941420,Albano,Bonilla,23806
23807,899126395,Maria Jesus,Colom,23807
23808,993110763,Morena,Teruel,23808
23809,837272901,Cristina,Mari,23809
23810,417837290,Irene,Jaume,23810
23811,669146599,Lucila,Ordonez,23811
23812,283069428,Jessica,Calleja,23812
23813,743891427,Severo,Folch,23813
23814,374789748,Adelaida,Arias,23814
23815,927311660,Emelina,Grande,23815
23816,496545974,Irene,Tapia,23816
23817,213900146,Loreto,Carranza,23817
23818,597475217,Herberto,Urena,23818
23819,314933667,Paola,Almeida,23819
23820,325116544,Adalberto,Roman,23820
23821,821644075,Aranzazu,Gomis,23821
23822,803155605,Agueda,Cervera,23822
23823,189297996,Jeronimo,Navarrete,23823
23824,271183226,Armando,Batalla,23824
23825,343525819,Amancio,Cozar,23825
23826,277991640,Nacho,Amat,23826
23827,744854631,Alex,Barral,23827
23828,137459667,Teodosio,Lobo,23828
23829,611833294,Nicanor,Cuevas,23829
23830,587530308,Belen,Rodrigo,23830
23831,766988369,Pastor,Raya,23831
23832,474184856,Zaira,Ortiz,23832
23833,837640645,Roldan,Cuenca,23833
23834,428698506,Haroldo,Matas,23834
23835,660941770,Octavio,Canals,23835
23836,786226209,Lidia,Castro,23836
23837,941349602,Maite,Fuente,23837
23838,350933094,Jose Manuel,Cuevas,23838
23839,723603882,Macario,Guzman,23839
23840,319014865,Ascension,Alba,23840
23841,927154430,Joaquina,Espejo,23841
23842,219743088,Edgardo,Gras,23842
23843,341621180,Prudencia,Bauza,23843
23844,939113211,Delia,Querol,23844
23845,207858767,Tono,Manzano,23845
23846,307564031,Rosendo,Sanchez,23846
23847,518564379,Elba,Bustamante,23847
23848,224663611,Rodolfo,Boix,23848
23849,925902962,Fortunata,Canet,23849
23850,633359723,Asuncion,Palacios,23850
23851,577341162,Hector,Garzon,23851
23852,683475613,Paola,Saez,23852
23853,762656822,Cesar,Dieguez,23853
23854,447761820,Iris,Sanjuan,23854
23855,338837211,Macario,Pou,23855
23856,782916136,Merche,Oliver,23856
23857,480037948,Sebastian,Cantero,23857
23858,959016054,Milagros,Salvador,23858
23859,674319428,Juana,Benito,23859
23860,815827782,Sergio,Espana,23860
23861,316558622,Espiridion,Galvez,23861
23862,189464723,Calisto,Bertran,23862
23863,303162471,Candida,Tudela,23863
23864,940873236,Onofre,Figueroa,23864
23865,114368636,Ricardo,Jorda,23865
23866,246492641,Olegario,Morillo,23866
23867,417040834,Bienvenida,Buendia,23867
23868,533318581,Griselda,Palma,23868
23869,921149198,Gabriela,Millan,23869
23870,614500438,Modesto,Manuel,23870
23871,147614945,Nico,Aparicio,23871
23872,349559713,Alondra,Fernandez,23872
23873,980909567,Atilio,Infante,23873
23874,708130573,Ariadna,Duarte,23874
23875,716917265,Milagros,Ojeda,23875
23876,896500635,Julieta,Hernandez,23876
23877,644413403,Adelia,Jordan,23877
23878,723410389,Mamen,Rovira,23878
23879,915584523,Gaspar,Novoa,23879
23880,113869274,Fabio,Patino,23880
23881,654247905,Azahara,Pou,23881
23882,615564912,Eusebia,Juarez,23882
23883,260917560,Visitacion,Azcona,23883
23884,399034405,Amor,Dominguez,23884
23885,644855197,Isaura,Munoz,23885
23886,602578908,Josefa,Nino,23886
23887,930886109,Vicente,Ojeda,23887
23888,170129776,Lidia,Valverde,23888
23889,261980055,Marcia,Agullo,23889
23890,775678207,Nando,Salcedo,23890
23891,531796791,Carlota,Calleja,23891
23892,529978314,Rosaura,Velazquez,23892
23893,886456532,Jose Maria,Acosta,23893
23894,248288626,Ignacio,Bilbao,23894
23895,326689431,Arturo,Ocana,23895
23896,394438465,Jacinta,Rivera,23896
23897,609784275,Jose Antonio,Cardenas,23897
23898,564801611,Fidela,Planas,23898
23899,294673329,Yessica,Campillo,23899
23900,685623455,Hilda,Hervia,23900
23901,412357702,Alejo,Mayoral,23901
23902,905715988,Jose Angel,Cervera,23902
23903,746660669,Ema,Pineiro,23903
23904,387448280,Alicia,Pujol,23904
23905,907612454,Zacarias,Llorente,23905
23906,923256650,Adelaida,Pedraza,23906
23907,612009557,Reina,Marquez,23907
23908,634480125,Petrona,Mosquera,23908
23909,350358421,Anna,Castello,23909
23910,840053870,Carlito,Cuenca,23910
23911,183126793,Lola,Galvez,23911
23912,274760884,Vasco,Portero,23912
23913,319815071,Apolinar,Bermudez,23913
23914,439356367,Zacarias,Montero,23914
23915,656905132,Ruy,Alfaro,23915
23916,388924905,Lara,Estevez,23916
23917,599727963,Brunilda,Pinol,23917
23918,278211891,Rufino,Diez,23918
23919,105118955,Paulina,Zapata,23919
23920,200968060,Ligia,Ledesma,23920
23921,592463445,Cloe,Gimenez,23921
23922,795418319,Eliseo,Montenegro,23922
23923,541808677,Jesusa,Peralta,23923
23924,718838172,Lorena,Galiano,23924
23925,320195982,Leandro,Chico,23925
23926,636022575,Benjamin,Calvet,23926
23927,483898762,Benigno,Galan,23927
23928,634540297,Asdrubal,Burgos,23928
23929,594152321,Severino,Palomo,23929
23930,616575057,Domitila,Tello,23930
23931,656303658,Eleuterio,Tenorio,23931
23932,171963849,Edgar,Canellas,23932
23933,765048537,Silvia,Vazquez,23933
23934,283590084,Aurelia,Vicente,23934
23935,366700262,Purificacion,Camara,23935
23936,744751829,Adoracion,Bermejo,23936
23937,591921102,Cayetana,Solsona,23937
23938,334089946,Belen,Villalba,23938
23939,271706848,Elvira,Becerra,23939
23940,907326413,Cayetana,Milla,23940
23941,225803570,Teodora,Fabregat,23941
23942,538614090,Elba,Escamilla,23942
23943,137559560,Rene,Andrade,23943
23944,998139247,Paloma,Mateo,23944
23945,898157867,Valeria,Dominguez,23945
23946,754748859,Lara,Benito,23946
23947,812849317,Mamen,Bermudez,23947
23948,713421654,Zacarias,Martin,23948
23949,507940556,Fanny,Vinas,23949
23950,700961946,Gisela,Villalobos,23950
23951,893475231,Carmelita,Navas,23951
23952,274764426,Eric,Milla,23952
23953,505062926,Albino,Exposito,23953
23954,991598383,Fatima,Ripoll,23954
23955,222049769,Lupe,Vinas,23955
23956,488498231,Maria Jesus,Robles,23956
23957,576823608,Narcisa,Aragon,23957
23958,597482754,Elisa,Aliaga,23958
23959,541064174,Candelario,Menendez,23959
23960,355433076,Carmina,Santana,23960
23961,567299877,Matilde,Barragan,23961
23962,513688736,Jose Manuel,Gisbert,23962
23963,905367971,Natalio,Hernandez,23963
23964,720259235,Noemi,Garrido,23964
23965,577662220,Cayetano,Exposito,23965
23966,266602479,Quique,Garmendia,23966
23967,342756772,Leonardo,Amo,23967
23968,977713329,Bernardita,Pena,23968
23969,767047780,Alex,Pozuelo,23969
23970,279998608,Maricruz,Monreal,23970
23971,840609590,Silvio,Giralt,23971
23972,874545641,Febe,Amigo,23972
23973,744261316,Aurora,Casado,23973
23974,364412885,Rosalva,Benet,23974
23975,879715606,Martin,Torralba,23975
23976,350171634,Amando,Ramirez,23976
23977,799425098,Amalia,Yuste,23977
23978,825914288,Visitacion,Benavente,23978
23979,602582830,Ana,Aguila,23979
23980,949929456,Leandro,Alegria,23980
23981,869135221,Ligia,Canovas,23981
23982,121590231,Amaro,Santamaria,23982
23983,604040844,Emilio,Acevedo,23983
23984,631816289,Calisto,Lillo,23984
23985,577776772,Rosa,Heredia,23985
23986,871571241,Marcela,Berenguer,23986
23987,799692259,Bautista,Salmeron,23987
23988,836134686,Conrado,Aragones,23988
23989,243601863,Fidela,Morales,23989
23990,502150326,Edgardo,Jorda,23990
23991,372789832,Ascension,Gelabert,23991
23992,435106214,Begona,Puga,23992
23993,878429401,Celestina,Acero,23993
23994,193048774,Lina,Manrique,23994
23995,398767171,Severo,Pina,23995
23996,403885727,Haroldo,Pinilla,23996
23997,161955042,Galo,Bellido,23997
23998,802881216,Leocadio,Iniesta,23998
23999,386113255,Javi,Arellano,23999
24000,716265359,Amado,Yanez,24000
24001,189053557,Cruz,Marino,24001
24002,135502570,Cloe,Vila,24002
24003,713368387,Santiago,Arias,24003
24004,733090795,Tiburcio,Lerma,24004
24005,933325919,Maria Luisa,Amoros,24005
24006,824373303,Ovidio,Gilabert,24006
24007,349770677,Carlota,Sanchez,24007
24008,903974607,Tiburcio,Espejo,24008
24009,522079994,Leoncio,Vaquero,24009
24010,571024205,Petrona,Pinedo,24010
24011,912012909,Eva Maria,Perez,24011
24012,480268883,Bernardo,Aragones,24012
24013,876972581,Aurea,Franch,24013
24014,246820226,Jose Antonio,Puente,24014
24015,706317222,Jose Angel,Rodriguez,24015
24016,296829301,Goyo,Mir,24016
24017,743296085,Fausto,Pons,24017
24018,264770165,Jose Maria,Bravo,24018
24019,193740226,Veronica,Prieto,24019
24020,344440636,Fabricio,Pi,24020
24021,324879260,Reina,Acero,24021
24022,101055927,Berta,Palacio,24022
24023,434003952,Francisca,Palomo,24023
24024,670955571,Joaquina,Barco,24024
24025,428490962,Francisco Jose,Mateu,24025
24026,123818522,Candelaria,Francisco,24026
24027,389759138,Luna,Conde,24027
24028,913648457,Geraldo,Valbuena,24028
24029,420621433,Lorenza,Valentin,24029
24030,963340409,Mamen,Landa,24030
24031,527810884,Amarilis,Rebollo,24031
24032,545466714,Juan Carlos,Salmeron,24032
24033,823082248,Manu,Villegas,24033
24034,394205637,Zoraida,Castello,24034
24035,550497000,Maxi,Morera,24035
24036,760654058,Gonzalo,Higueras,24036
24037,138728674,Pascuala,Castilla,24037
24038,754390907,Aristides,Esparza,24038
24039,177767505,Omar,Mancebo,24039
24040,315051227,Romulo,Armengol,24040
24041,710260888,Baudelio,Cerda,24041
24042,520205499,Maria Angeles,Valverde,24042
24043,598411515,Rosalva,Abellan,24043
24044,598854882,Georgina,Lamas,24044
24045,711523299,Arturo,Pozuelo,24045
24046,585107952,Hilario,Crespi,24046
24047,651762290,Nayara,Uribe,24047
24048,840109954,Yesica,Exposito,24048
24049,811116974,Sonia,Ferran,24049
24050,918374822,Joan,Castrillo,24050
24051,873074413,Imelda,Ariza,24051
24052,320896105,Bibiana,Nogues,24052
24053,786408616,Clarisa,Tirado,24053
24054,933318459,Lilia,Pozuelo,24054
24055,340204037,Pancho,Martinez,24055
24056,286654483,Amador,Fuster,24056
24057,703348930,Iris,Gras,24057
24058,535604846,Dafne,Conesa,24058
24059,844156002,Noa,Jaume,24059
24060,128015257,Alba,Mugica,24060
24061,925252152,Toni,Bayona,24061
24062,252405793,Visitacion,Morera,24062
24063,964863665,Ivan,Bayon,24063
24064,986723861,Margarita,Gras,24064
24065,990230593,Apolinar,Cornejo,24065
24066,972265039,Candela,Villalba,24066
24067,798764030,Adora,Bertran,24067
24068,294212623,Ulises,Puga,24068
24069,969303788,Jose Mari,Hidalgo,24069
24070,309381817,Catalina,Frutos,24070
24071,802559463,Domitila,Somoza,24071
24072,894423325,Leyre,Ayala,24072
24073,767010257,Curro,Ferrandiz,24073
24074,833856641,Atilio,Vicens,24074
24075,987086953,Benito,Marin,24075
24076,609949876,Benita,Aguado,24076
24077,923909970,Luna,Borras,24077
24078,812354169,Alicia,Diaz,24078
24079,309689027,Loreto,Lasa,24079
24080,271878919,Dan,Rebollo,24080
24081,912595061,Jorge,Osuna,24081
24082,275317428,Encarna,Riquelme,24082
24083,446850070,Ulises,Anaya,24083
24084,516036081,Maria Jesus,Ponce,24084
24085,608668435,Apolonia,Huertas,24085
24086,886055474,Isa,Gual,24086
24087,709560317,Mirta,Prado,24087
24088,397570295,Gervasio,Menendez,24088
24089,478690667,Moises,Tur,24089
24090,382598342,Dora,Jaen,24090
24091,876875437,Ciro,Gonzalo,24091
24092,621931703,Amparo,Valencia,24092
24093,942010796,Ariadna,Rovira,24093
24094,541589211,Marianela,Mateos,24094
24095,970272652,Roque,Lloret,24095
24096,268434413,Julio,Poza,24096
24097,876634957,Beatriz,Garzon,24097
24098,862346081,Brigida,Sanchez,24098
24099,551909707,Dominga,Frutos,24099
24100,115348236,Ursula,Nebot,24100
24101,135024587,Agata,Casanovas,24101
24102,793525012,Heliodoro,Rico,24102
24103,118537427,Adelina,Santamaria,24103
24104,864973115,Isa,Coello,24104
24105,911737560,Paloma,Muro,24105
24106,229830271,Maria,Casas,24106
24107,271211437,Ricardo,Gomila,24107
24108,883825991,Albano,Velasco,24108
24109,238655879,Isa,Montenegro,24109
24110,777208618,Valeria,Arnaiz,24110
24111,827281194,Lilia,Rivera,24111
24112,788360608,Melchor,Arias,24112
24113,497220624,Haroldo,Porcel,24113
24114,272347504,Iris,Vina,24114
24115,708430714,Bernardo,Lobato,24115
24116,589438722,Yessica,Gargallo,24116
24117,110836057,Maricruz,Hervas,24117
24118,201212756,Salomon,Alsina,24118
24119,531894286,Ines,Alvarez,24119
24120,447544498,Rufina,Vilaplana,24120
24121,401585196,Simon,Almagro,24121
24122,872360619,Melchor,Alamo,24122
24123,566485883,Isaura,Contreras,24123
24124,249172942,Ildefonso,Palacios,24124
24125,415072917,Sosimo,Asensio,24125
24126,839111179,Ildefonso,Alberola,24126
24127,382376808,Hugo,Bosch,24127
24128,105866559,Candelario,Losa,24128
24129,321914158,Adelina,Cepeda,24129
24130,671300270,Demetrio,Acero,24130
24131,208279928,Ofelia,Lozano,24131
24132,339920846,Vito,Medina,24132
24133,490156672,Lazaro,Riera,24133
24134,761819247,Quirino,Canton,24134
24135,370603372,Abel,Sevilla,24135
24136,723974299,Glauco,Vazquez,24136
24137,856344658,Abigail,Heras,24137
24138,528861166,Ernesto,Lopez,24138
24139,259115592,Maura,Soriano,24139
24140,810332221,Dan,Carbo,24140
24141,110360134,Ema,Espada,24141
24142,927077801,Valerio,Araujo,24142
24143,367032753,Fausto,Machado,24143
24144,368638300,Maxima,Zamora,24144
24145,311431685,Concha,Castilla,24145
24146,234671881,Che,Bonet,24146
24147,353638743,Danilo,Barcena,24147
24148,551015625,Jose Luis,Pozuelo,24148
24149,718808283,Yaiza,Arregui,24149
24150,394876226,Remedios,Ledesma,24150
24151,400621895,Apolinar,Ros,24151
24152,867066392,Edgar,Benito,24152
24153,448868130,Encarna,Bernal,24153
24154,115533023,Marc,Puga,24154
24155,715233985,Inmaculada,Velasco,24155
24156,561608876,Rafaela,Grau,24156
24157,639571844,Pepita,Ibanez,24157
24158,469534223,Petrona,Figuerola,24158
24159,857062874,Paloma,Ferran,24159
24160,535873182,Virgilio,Valls,24160
24161,370303594,Eligio,Montenegro,24161
24162,375745365,Feliciano,Castrillo,24162
24163,136844007,Marino,Duran,24163
24164,955341474,Candelario,Castaneda,24164
24165,859933701,Maribel,Galvez,24165
24166,269720186,Augusto,Sierra,24166
24167,971629850,Selena,Calvo,24167
24168,421168438,Josefina,Pera,24168
24169,306567824,Ignacio,Bayona,24169
24170,582081154,Abril,Riba,24170
24171,401364866,Hector,Egea,24171
24172,707983086,Edmundo,Lasa,24172
24173,412290092,Domingo,Ugarte,24173
24174,768223900,Belen,Bernat,24174
24175,911179859,Leoncio,Valbuena,24175
24176,165025257,Bernardino,Cazorla,24176
24177,724890111,Zaida,Escobar,24177
24178,941800272,Carmela,Caparros,24178
24179,926025436,Felipa,Luque,24179
24180,720050656,Jose Ramon,Frutos,24180
24181,325256537,Nicolasa,Rovira,24181
24182,670466996,Tatiana,Segarra,24182
24183,135093223,Javiera,Blasco,24183
24184,904596041,Luz,Caceres,24184
24185,241734042,Alba,Tovar,24185
24186,221643223,Luisa,Arnal,24186
24187,148607700,Olalla,Francisco,24187
24188,121417028,Ramona,Mir,24188
24189,761223296,Chuy,Borras,24189
24190,630655301,Adalberto,Cuellar,24190
24191,267133469,Efrain,Palacio,24191
24192,731864975,Rosalva,Anton,24192
24193,975170467,Alexandra,Calvet,24193
24194,430672946,Lucia,Tapia,24194
24195,867644430,Albino,Sanmartin,24195
24196,938344912,Gabriel,Pla,24196
24197,624384743,Silvestre,Landa,24197
24198,417865946,Nando,Mayo,24198
24199,119254182,Candelaria,Cabeza,24199
24200,413088213,Josefina,Exposito,24200
24201,596298888,Tania,Estevez,24201
24202,432311795,Cosme,Solana,24202
24203,921050065,Adelardo,Barrio,24203
24204,225779094,Lucia,Calvet,24204
24205,122165388,Gabriel,Carro,24205
24206,330695872,Alma,Blasco,24206
24207,335070296,Yessica,Solera,24207
24208,915055613,Julia,Goicoechea,24208
24209,103572970,Mario,Zamorano,24209
24210,708042600,Ileana,Calvet,24210
24211,974222872,Hector,Casares,24211
24212,572026385,Jose Mari,Carreno,24212
24213,867531088,Hernando,Rosello,24213
24214,817616094,Haydee,Borrego,24214
24215,784369564,Elisa,Aramburu,24215
24216,427599551,Ana,Arnau,24216
24217,138569468,Modesto,Zabaleta,24217
24218,290313796,Fabian,Bernad,24218
24219,518494710,Ainara,Trillo,24219
24220,161566022,Martina,Clemente,24220
24221,424207284,Eloisa,Berrocal,24221
24222,509940610,Paz,Castilla,24222
24223,168421298,Leopoldo,Arco,24223
24224,182871675,Tadeo,Zurita,24224
24225,271335605,Walter,Araujo,24225
24226,320324452,Reina,Muro,24226
24227,504748680,Loreto,Garmendia,24227
24228,220171334,Elba,Bermejo,24228
24229,717826165,Macaria,Minguez,24229
24230,686574708,Lucho,Moreno,24230
24231,120927010,Urbano,Echeverria,24231
24232,425505905,Nayara,Marquez,24232
24233,706275857,Felipa,Posada,24233
24234,633867363,Aaron,Gutierrez,24234
24235,244369774,Nacio,Quero,24235
24236,506711320,Artemio,Alcantara,24236
24237,255921234,Angelica,Paz,24237
24238,836857643,Loreto,Cases,24238
24239,556293994,Hernando,Hernando,24239
24240,225019715,Natividad,Aguilar,24240
24241,958653490,Jafet,Hidalgo,24241
24242,374103348,Nacho,Barroso,24242
24243,996283704,Anunciacion,Agustin,24243
24244,278303342,Adelina,Palau,24244
24245,850064426,Teodora,Gascon,24245
24246,367741987,Adriana,Bernal,24246
24247,490838331,Miriam,Blazquez,24247
24248,600459326,Martirio,Rivero,24248
24249,521647090,Luis Miguel,Sales,24249
24250,389140474,Abraham,Baro,24250
24251,888101471,Angelino,Crespi,24251
24252,943627806,Fausto,Dominguez,24252
24253,196770880,Georgina,Pedrosa,24253
24254,203029271,Eusebio,Mendez,24254
24255,667337571,Anna,Roca,24255
24256,296915313,Carlito,Guitart,24256
24257,686334383,Felipe,Torrents,24257
24258,578624814,Amalia,Oliva,24258
24259,892495881,Jennifer,Fabregas,24259
24260,999979163,Jose,Manso,24260
24261,531646793,Anna,Bernat,24261
24262,766891346,Guadalupe,Castaneda,24262
24263,923310669,Alba,Galvez,24263
24264,249266548,Hilario,Castrillo,24264
24265,972470631,Jose Miguel,Santamaria,24265
24266,809227880,Ileana,Canellas,24266
24267,275071397,Rene,Sacristan,24267
24268,230729547,Regulo,Lorenzo,24268
24269,236412124,Lisandro,Sebastian,24269
24270,353316693,Luna,Suarez,24270
24271,235730583,Celestina,Pazos,24271
24272,917779329,Mateo,Segarra,24272
24273,121919596,Cosme,Salva,24273
24274,383624040,Candelas,Cervantes,24274
24275,221458094,Fortunato,Muniz,24275
24276,686220205,Bernardita,Olive,24276
24277,392223495,Rosalinda,Perez,24277
24278,929644030,Pilar,Aleman,24278
24279,145460618,Ovidio,Tello,24279
24280,988725840,Maximino,Canton,24280
24281,332751386,Casandra,Segarra,24281
24282,678605656,Marina,Pedraza,24282
24283,426795374,Patricia,Reyes,24283
24284,335849244,Clara,Vicens,24284
24285,295528876,Juliana,Castellanos,24285
24286,485382275,Jacinto,Priego,24286
24287,212001820,Toribio,Seco,24287
24288,977811107,Tadeo,Peiro,24288
24289,523147038,Albert,Peinado,24289
24290,142730711,Timoteo,Olivares,24290
24291,988704599,Fernanda,Pablo,24291
24292,788299374,Alma,Pedrero,24292
24293,971218023,Victoria,Mora,24293
24294,293460707,Consuela,Crespo,24294
24295,958286465,Ruben,Galiano,24295
24296,317939415,Rufino,Melendez,24296
24297,289946482,Celso,Farre,24297
24298,690907466,Sandra,Alfonso,24298
24299,767069248,Andres,Saenz,24299
24300,863080679,Angelino,Carrera,24300
24301,791642730,Dominga,Mariscal,24301
24302,301265524,Apolonia,Gibert,24302
24303,424154870,Graciana,Arrieta,24303
24304,501770089,Angeles,Chamorro,24304
24305,531453529,Octavia,Cueto,24305
24306,163826669,Chus,Lopez,24306
24307,866974384,Claudia,Castaneda,24307
24308,279099718,Hugo,Suarez,24308
24309,447445797,Griselda,Domingo,24309
24310,745771145,Fanny,Tellez,24310
24311,758250537,Tiburcio,Carreras,24311
24312,562285962,Cruz,Sarmiento,24312
24313,192946998,Amaro,Asensio,24313
24314,657933315,Ainara,Jerez,24314
24315,370291269,Dorotea,Falcon,24315
24316,885320377,Rebeca,Pardo,24316
24317,330702926,Agata,Artigas,24317
24318,309275650,Amarilis,Caro,24318
24319,807266695,Espiridion,Raya,24319
24320,936315140,Alfonso,Elorza,24320
24321,808491240,Jose Luis,Espanol,24321
24322,753886262,Sonia,Bayo,24322
24323,609003334,Samu,Oliveras,24323
24324,174534259,Enrique,Uribe,24324
24325,684941786,Ricarda,Giralt,24325
24326,248692748,Tania,Arnau,24326
24327,855407687,Felipa,Salinas,24327
24328,379129906,Visitacion,Barrena,24328
24329,831419915,Florentino,Palma,24329
24330,914167791,Patricio,Novoa,24330
24331,910114926,Maria Teresa,Gutierrez,24331
24332,990458386,Jose Francisco,Losada,24332
24333,851177776,Maria Fernanda,Castells,24333
24334,267830414,Jesus,Miguel,24334
24335,889521452,Remedios,Guzman,24335
24336,173701939,Concha,Pintor,24336
24337,200854700,Juanita,Nieto,24337
24338,700989008,Maria,Rossello,24338
24339,106334808,Monica,Abascal,24339
24340,920091219,Celso,Yanez,24340
24341,132530685,Elisabet,Bellido,24341
24342,112146771,Ernesto,Barcelo,24342
24343,800787590,Leire,Bayona,24343
24344,201867081,Benigno,Grau,24344
24345,466524846,Felisa,Agustin,24345
24346,388511371,Gala,Enriquez,24346
24347,100824012,Plinio,Lobo,24347
24348,328631077,Yesica,Mate,24348
24349,332920465,Jacobo,Barbera,24349
24350,759377229,Bernardita,Beltran,24350
24351,626230881,Mar,Estevez,24351
24352,146654227,Maria Fernanda,Sarabia,24352
24353,207873897,Rosalia,Duenas,24353
24354,920205675,Prudencio,Guerra,24354
24355,801251958,Lupita,Rodenas,24355
24356,446772792,Fortunata,Sala,24356
24357,558570102,Nadia,Gallego,24357
24358,119487017,Eufemia,Moliner,24358
24359,757100572,Sara,Ramis,24359
24360,190064407,Valentina,Machado,24360
24361,368774450,Mohamed,Zamora,24361
24362,891106492,Mariano,Hurtado,24362
24363,815922078,Zaira,Morcillo,24363
24364,765643777,Bernabe,Sevillano,24364
24365,700329870,Fausto,Diez,24365
24366,310185830,Isaac,Planas,24366
24367,835550063,Nazaret,Garcia,24367
24368,960334762,Ernesto,Alvarado,24368
24369,910440213,Elba,Rivera,24369
24370,471747333,Javiera,Gallo,24370
24371,702748401,Arsenio,Varela,24371
24372,758789111,Melania,Puig,24372
24373,189889240,Benigno,Mateo,24373
24374,192276150,Beatriz,Miguel,24374
24375,403297519,Jorge,Serrano,24375
24376,446356393,Donato,Sandoval,24376
24377,731244289,Carlota,Anton,24377
24378,898256124,Narcisa,Gimeno,24378
24379,747007751,Isaac,Perez,24379
24380,792563043,Elvira,Nogueira,24380
24381,963823501,Natalia,Parra,24381
24382,135483600,Jose Francisco,Navas,24382
24383,527808576,Jaime,Artigas,24383
24384,612462393,Lorenzo,Mateos,24384
24385,242398212,Yessica,Solera,24385
24386,195989133,Efrain,Mir,24386
24387,140316380,Fernando,Arrieta,24387
24388,317998704,Conrado,Baro,24388
24389,381249937,Adela,Gomez,24389
24390,775651273,Norberto,Caceres,24390
24391,558118773,Sancho,Aguado,24391
24392,266949182,Veronica,Zamora,24392
24393,696086592,Jose Francisco,Gallart,24393
24394,230058045,Salud,Arevalo,24394
24395,360141438,Georgina,Zamorano,24395
24396,818829362,Rico,Tolosa,24396
24397,434106283,Dimas,Casado,24397
24398,301767269,Luis Angel,Mancebo,24398
24399,383360172,Vasco,Arteaga,24399
24400,484433527,Nicolasa,Ferrandiz,24400
24401,264963521,Tere,Taboada,24401
24402,127194676,Jose Mari,Cal,24402
24403,446247014,Alfonso,Higueras,24403
24404,252219216,Tadeo,Poza,24404
24405,225554986,Geronimo,Villanueva,24405
24406,349607338,Aurelia,Bolanos,24406
24407,111529379,Beatriz,Llano,24407
24408,411180611,Julio,Bermudez,24408
24409,727114855,Carmelita,Martinez,24409
24410,178168153,Aristides,Marco,24410
24411,556778027,Hilario,Lara,24411
24412,119296552,Elvira,Huerta,24412
24413,132598270,Melchor,Ojeda,24413
24414,759495447,Samanta,Cobo,24414
24415,729065671,Santos,Cortes,24415
24416,994851491,Ciriaco,Codina,24416
24417,771206177,Melania,Suarez,24417
24418,963377238,Pio,Frias,24418
24419,774898082,Sandalio,Guerrero,24419
24420,181999063,Jeremias,Perez,24420
24421,170150521,Alejandro,Fabregas,24421
24422,816122174,Ramon,Uribe,24422
24423,801910108,Adelardo,Aliaga,24423
24424,205972280,Telmo,Tolosa,24424
24425,392412755,Aurea,Mateos,24425
24426,163118114,Susana,Llorente,24426
24427,370400185,Che,Cabeza,24427
24428,909945667,Bartolome,Roldan,24428
24429,655652219,Sebastian,Mosquera,24429
24430,561790332,Custodio,Tomas,24430
24431,512332797,Tamara,Revilla,24431
24432,261446112,Urbano,Gilabert,24432
24433,714487125,Encarnacion,Serna,24433
24434,627808763,Jose Ignacio,Cordoba,24434
24435,785760744,Jose Francisco,Cepeda,24435
24436,450678705,Custodio,Abad,24436
24437,844926684,Marc,Pelayo,24437
24438,178649893,Berta,Andres,24438
24439,577944391,Marta,Hoz,24439
24440,382005043,Raul,Catalan,24440
24441,209111494,Leopoldo,Garces,24441
24442,754040675,Moreno,Roma,24442
24443,504565974,Elena,Rosales,24443
24444,466376271,Luna,Figuerola,24444
24445,574509887,Angelino,Blanco,24445
24446,500315058,Paz,Castaneda,24446
24447,898269330,Jacinto,Pineda,24447
24448,422539316,Miriam,Macias,24448
24449,272437011,Matilde,Antunez,24449
24450,826670306,Alba,Pardo,24450
24451,435013684,Paca,Cruz,24451
24452,537502011,Diana,Quesada,24452
24453,425936938,Roman,Olmedo,24453
24454,180022487,Oscar,Ledesma,24454
24455,700823992,Armida,Malo,24455
24456,702051605,Soledad,Ferrero,24456
24457,502544403,Candelaria,Marco,24457
24458,834442710,Geronimo,Colom,24458
24459,430242986,Apolonia,Escamilla,24459
24460,612382089,Maximiliano,Bas,24460
24461,684391100,Ana Sofia,Gomila,24461
24462,921101272,Blanca,Noguera,24462
24463,427246297,Noemi,Andrade,24463
24464,495328994,Arcelia,Barba,24464
24465,697359155,Eligia,Roig,24465
24466,214120569,Odalys,Simo,24466
24467,585508352,Cruz,Huerta,24467
24468,701739506,Cruz,Marco,24468
24469,968768149,Petrona,Iglesias,24469
24470,587613211,Javi,Valera,24470
24471,731673565,Paula,Alvaro,24471
24472,820482525,Vito,Jove,24472
24473,754431548,Maria Del Carmen,Villalonga,24473
24474,402279259,Josue,Muniz,24474
24475,111025819,Benjamin,Corbacho,24475
24476,619977402,Eric,Puga,24476
24477,853188855,Noelia,Roca,24477
24478,546890635,Toribio,Solsona,24478
24479,648512443,Clotilde,Quero,24479
24480,238511582,Celia,Arellano,24480
24481,491590954,Maria Angeles,Martorell,24481
24482,278097050,Leandra,Pallares,24482
24483,646108525,Lucia,Gallart,24483
24484,526157450,Belen,Canales,24484
24485,686470964,Camilo,Bejarano,24485
24486,889133540,Isabela,Laguna,24486
24487,695124761,Manolo,Raya,24487
24488,479984115,Eusebia,Arce,24488
24489,227140753,Olimpia,Perez,24489
24490,389439339,Begona,Fabra,24490
24491,902304917,Jose Ignacio,Borrego,24491
24492,982874466,Ulises,Casanova,24492
24493,501717949,Melchor,Ponce,24493
24494,858924419,Charo,Cervera,24494
24495,168423724,Azahar,Martin,24495
24496,805102899,Cosme,Ayuso,24496
24497,265569999,Gracia,Mercader,24497
24498,442268963,Alexandra,Codina,24498
24499,587319033,Ramon,Ariza,24499
24500,154931442,Marcelo,Esteve,24500
24501,587124717,Etelvina,Gimeno,24501
24502,838434631,Celia,Rosell,24502
24503,603020424,Jacinta,Acero,24503
24504,415730798,Jonatan,Lopez,24504
24505,692878585,Cesar,Villar,24505
24506,555705986,Aitana,Arroyo,24506
24507,772378935,Eladio,Baquero,24507
24508,575238750,Cesar,Palmer,24508
24509,506031269,Amancio,Pedraza,24509
24510,378026238,Valentin,Giner,24510
24511,625353184,Daniela,Tello,24511
24512,404258190,Ulises,Canales,24512
24513,282812582,Ciriaco,Feliu,24513
24514,120429768,Teodosio,Suarez,24514
24515,194308446,Ruperto,Sanz,24515
24516,352750824,Jose Ramon,Ortega,24516
24517,691188365,Lucas,Gisbert,24517
24518,259385122,Salome,Montserrat,24518
24519,277473842,Severino,Cabrera,24519
24520,996703877,Angelita,Sarabia,24520
24521,853565397,Abraham,Nebot,24521
24522,209597871,Sonia,Serna,24522
24523,995318694,Isabela,Salas,24523
24524,675877687,Juan Bautista,Perales,24524
24525,620425497,Claudia,Perales,24525
24526,684134567,Berto,Rebollo,24526
24527,188546079,Juliana,Goni,24527
24528,167251676,Virginia,Manrique,24528
24529,302274049,Curro,Feliu,24529
24530,281311753,Lola,Hervas,24530
24531,969670538,Gaston,Escamilla,24531
24532,285505555,Mariana,Arteaga,24532
24533,149185307,Roman,Serna,24533
24534,293104131,Fabian,Guerrero,24534
24535,309685723,Luciana,Hervia,24535
24536,872832759,Paulina,Ferrandiz,24536
24537,210306719,Dalila,Roman,24537
24538,425362800,Lola,Coca,24538
24539,519110499,Elpidio,Borras,24539
24540,991265182,Hugo,Sainz,24540
24541,377017289,Nidia,Cabrera,24541
24542,916386883,Isaura,Baro,24542
24543,599700425,Angelino,Marquez,24543
24544,798733225,Quique,Catala,24544
24545,222591747,Anna,Porras,24545
24546,198644664,Basilio,Davila,24546
24547,367823108,Martina,Carpio,24547
24548,558471268,Loida,Osorio,24548
24549,702740916,Roman,Yanez,24549
24550,184749309,Gisela,Canton,24550
24551,244910370,Apolonia,Solana,24551
24552,149351741,Beatriz,Luna,24552
24553,809544530,Urbano,Morell,24553
24554,645405478,Leonardo,Velez,24554
24555,776598230,Adora,Araujo,24555
24556,841067070,Tatiana,Llado,24556
24557,644036222,Iker,Garrido,24557
24558,604985003,Camila,Asenjo,24558
24559,695486957,Jesus,Vilanova,24559
24560,348263111,Albert,Caparros,24560
24561,525822559,Segismundo,Marques,24561
24562,197823760,Judith,Guerrero,24562
24563,496769676,Basilio,Alegre,24563
24564,359009243,Josue,Mir,24564
24565,858234717,Fabio,Calderon,24565
24566,595132883,Haroldo,Sedano,24566
24567,698153700,Florencio,Cespedes,24567
24568,873543179,Cleto,Rosales,24568
24569,327793412,Guadalupe,Palau,24569
24570,425345334,Teresita,Cuenca,24570
24571,967562361,Alma,Amaya,24571
24572,762381722,Asuncion,Antunez,24572
24573,466876153,Alvaro,Rosa,24573
24574,440587863,Leandra,Alberdi,24574
24575,805066785,Jacinta,Jauregui,24575
24576,514430405,Adriana,Navarro,24576
24577,779745368,Luisa,Hernando,24577
24578,574474818,Vito,Cabrero,24578
24579,967642577,Brunilda,Villena,24579
24580,443838991,Donato,Rio,24580
24581,998911332,Evangelina,Gilabert,24581
24582,949279308,Eugenio,Barriga,24582
24583,704144010,Seve,Cabanas,24583
24584,196040588,Rosalva,Bayon,24584
24585,836890459,Sosimo,Garrido,24585
24586,138482221,Eli,Lluch,24586
24587,397909706,Fabiana,Olivera,24587
24588,398034465,Edelmira,Moll,24588
24589,762507530,Gerardo,Huerta,24589
24590,231665212,Marcela,Gargallo,24590
24591,382403838,Genoveva,Mayol,24591
24592,544914158,Marita,Espinosa,24592
24593,478119617,Adan,Alsina,24593
24594,800172856,Severo,Anglada,24594
24595,149095616,Susanita,Franco,24595
24596,379837254,Che,Herrero,24596
24597,751856095,Lalo,Valbuena,24597
24598,108495883,Che,Rincon,24598
24599,858263763,Cristina,Flor,24599
24600,797967877,Oscar,Marti,24600
24601,676113445,Jeremias,Velez,24601
24602,388724682,Jenny,Rodrigo,24602
24603,155189270,Isaac,Querol,24603
24604,661681161,Jovita,Gamez,24604
24605,504850617,Marina,Tirado,24605
24606,474878058,Marino,Mateu,24606
24607,704859334,Rafaela,Montero,24607
24608,149879296,Paco,Pedraza,24608
24609,219640957,Cesar,Baron,24609
24610,969834943,Laura,Bello,24610
24611,175035050,Jose Antonio,Ferran,24611
24612,920586815,Eladio,Francisco,24612
24613,530070611,Bernardita,Mendez,24613
24614,887634393,Brigida,Carreras,24614
24615,169006666,Mario,Pavon,24615
24616,404005448,Narcisa,Mendoza,24616
24617,759966412,Nicolas,Tomas,24617
24618,877792414,Abril,Borja,24618
24619,429956637,Daniel,Garrido,24619
24620,885114755,Pedro,Taboada,24620
24621,356659261,Narcisa,Domenech,24621
24622,466933135,Eli,Aviles,24622
24623,775058543,Felipe,Tejada,24623
24624,141482397,Moises,Gomez,24624
24625,769722890,Jose Ignacio,Cerdan,24625
24626,819971366,Albino,Canales,24626
24627,452387416,Josue,Pacheco,24627
24628,230113999,Zaira,Porcel,24628
24629,198999286,Tamara,Castellanos,24629
24630,564369835,Francisco Jose,Lopez,24630
24631,594847510,Nacio,Castillo,24631
24632,254854085,Carmen,Saez,24632
24633,449548375,Fernanda,Santana,24633
24634,431823809,Nuria,Montes,24634
24635,154123854,Julia,Mendoza,24635
24636,235411840,Valero,Cal,24636
24637,481712502,Purificacion,Robledo,24637
24638,199970880,Ciro,Iniesta,24638
24639,456516648,Mario,Campillo,24639
24640,438161345,Ezequiel,Losa,24640
24641,199290741,Judith,Ibanez,24641
24642,474282273,Onofre,Pi,24642
24643,548168300,Teresita,Haro,24643
24644,435391218,Emma,Castaneda,24644
24645,329540030,Pepe,Colomer,24645
24646,573939035,Cayetano,Rodriguez,24646
24647,208029082,Porfirio,Nieto,24647
24648,894367440,Sofia,Aguilera,24648
24649,281913167,Angelita,Enriquez,24649
24650,480877807,Camilo,Martinez,24650
24651,571487852,Luisa,Morcillo,24651
24652,672164111,Otilia,Jove,24652
24653,868249869,Victoria,Garriga,24653
24654,146263773,Sigfrido,Campos,24654
24655,120441209,Reyna,Querol,24655
24656,323834624,Palmira,Losada,24656
24657,296231607,Leonor,Valencia,24657
24658,687881562,Cristian,Villalonga,24658
24659,850928293,Chucho,Montoya,24659
24660,521335146,Fausto,Canals,24660
24661,176646307,Otilia,Arevalo,24661
24662,253679258,Abraham,Llorens,24662
24663,556793828,Felisa,Parejo,24663
24664,461618274,Albert,Llanos,24664
24665,314730180,Petrona,Dominguez,24665
24666,400110329,Hernando,Camps,24666
24667,914465006,Eligio,Manrique,24667
24668,498599336,Aurea,Escobar,24668
24669,525045476,Paula,Suarez,24669
24670,405887398,Reyes,Miralles,24670
24671,699059055,Clementina,Murcia,24671
24672,964903235,Calixto,Cortes,24672
24673,255603469,Nicolasa,Vicente,24673
24674,702505230,Anita,Granados,24674
24675,642242925,Federico,Anglada,24675
24676,112115700,Fortunato,Salinas,24676
24677,302083727,Azucena,Suarez,24677
24678,615005560,Valeria,Sanabria,24678
24679,235318032,Gervasio,Flores,24679
24680,266664788,Ovidio,Vera,24680
24681,449140224,Griselda,Carpio,24681
24682,972588257,Florencia,Carnero,24682
24683,579779543,Mariano,Cabo,24683
24684,635697563,Matilde,Zurita,24684
24685,737882620,Ruth,Gallo,24685
24686,587101192,Benigna,Echeverria,24686
24687,129945234,Eloisa,Plana,24687
24688,868086455,Magdalena,Garces,24688
24689,398618571,Teofila,Bilbao,24689
24690,120789072,Lina,Morcillo,24690
24691,343912913,Felisa,Portillo,24691
24692,671325758,Maria Del Carmen,Zamorano,24692
24693,736296093,Hipolito,Posada,24693
24694,938958451,Pedro,Sotelo,24694
24695,118537957,Mariana,Duque,24695
24696,629197773,Remigio,Zorrilla,24696
24697,147606016,Filomena,Bayona,24697
24698,123718783,Ciriaco,Alsina,24698
24699,328816844,Jose Mari,Canas,24699
24700,193657863,Juan Francisco,Villaverde,24700
24701,705250819,Plinio,Villa,24701
24702,760556845,Pepito,Cuervo,24702
24703,742374476,Francisco,Esparza,24703
24704,522358864,Amarilis,Ramirez,24704
24705,104567877,Calista,Casanovas,24705
24706,284246634,Leonel,Tirado,24706
24707,378070127,Jose Manuel,Espada,24707
24708,573423231,Yesica,Llorens,24708
24709,206685563,Jacinta,Vilar,24709
24710,701522487,Dani,Alvarez,24710
24711,763087538,Hermenegildo,Mora,24711
24712,335945274,Esmeralda,Barragan,24712
24713,870448253,Danilo,Barros,24713
24714,326797293,Juanito,Sosa,24714
24715,355654017,Ariel,Ferran,24715
24716,387598578,Jimena,Duque,24716
24717,795064427,Andres Felipe,Cazorla,24717
24718,326379108,Emiliana,Rocha,24718
24719,998268763,Azeneth,Rodriguez,24719
24720,701033901,Marisa,Arribas,24720
24721,548478685,Anna,Marcos,24721
24722,149712565,Isaura,Alamo,24722
24723,635089382,Amor,Casas,24723
24724,258002056,Ainoa,Hierro,24724
24725,168506411,Trini,Hernando,24725
24726,408948851,Josefina,Hernandez,24726
24727,974738864,Felicia,Palomar,24727
24728,647250202,Arturo,Barros,24728
24729,856101867,Marc,Blanch,24729
24730,917470106,Rosalva,Bellido,24730
24731,572713206,Luis,Rocamora,24731
24732,779219379,Clotilde,Quintero,24732
24733,746125008,Pili,Bou,24733
24734,356280357,Alcides,Lasa,24734
24735,352943193,Geronimo,Tormo,24735
24736,555926214,Claudia,Perez,24736
24737,998970759,Eutropio,Salcedo,24737
24738,784377900,Alba,Redondo,24738
24739,515617798,Flavio,Roca,24739
24740,427891027,Ivan,Marin,24740
24741,824519205,Moreno,Naranjo,24741
24742,754372269,Rosario,Oliva,24742
24743,677393722,Sofia,Jimenez,24743
24744,596385481,Edelmira,Gimenez,24744
24745,883540781,Marisa,Losada,24745
24746,166271176,Fabricio,Paz,24746
24747,147252186,Manu,Esteve,24747
24748,565474730,Arsenio,Grande,24748
24749,321747566,Rosalina,Solsona,24749
24750,542919637,Javiera,Nieto,24750
24751,232801303,Bonifacio,Ayllon,24751
24752,527433813,Edelmiro,Beltran,24752
24753,701717733,Alonso,Pereira,24753
24754,991806481,Fabiola,Tello,24754
24755,507868927,Maria Pilar,Pineda,24755
24756,105639805,Juan Francisco,Iborra,24756
24757,902311491,Roldan,Casanovas,24757
24758,595826864,Eufemia,Paniagua,24758
24759,946519413,Jose Angel,Barcelo,24759
24760,345367667,Maribel,Rozas,24760
24761,877607380,Valentina,Marquez,24761
24762,401235828,Gilberto,Mulet,24762
24763,413698639,Dani,Jaume,24763
24764,838071711,Maria Cristina,Coloma,24764
24765,766264325,Fabricio,Barba,24765
24766,418672802,Ariadna,Arenas,24766
24767,635556208,Mar,Solis,24767
24768,330409057,Rogelio,Sarabia,24768
24769,415326400,Leoncio,Carvajal,24769
24770,545711996,Lucila,Murcia,24770
24771,618753859,Rufina,Diaz,24771
24772,699945387,Leopoldo,Jordan,24772
24773,916745652,Manuelita,Alvarez,24773
24774,918910350,Judith,Pineda,24774
24775,573401014,Isidora,Mateu,24775
24776,290004221,Consuelo,Morales,24776
24777,639027775,Maria Luisa,Viana,24777
24778,125574640,Ainara,Donoso,24778
24779,623358128,Irene,Bernad,24779
24780,784089323,Joel,Azorin,24780
24781,495933595,Angelina,Zorrilla,24781
24782,838556916,Benita,Moraleda,24782
24783,728335378,Ramona,Pineiro,24783
24784,960858976,Manola,Aranda,24784
24785,847984565,Maricruz,Mateos,24785
24786,575583131,Irma,Feijoo,24786
24787,938926461,Reyes,Bello,24787
24788,925602974,Jose Manuel,Ferrera,24788
24789,179989215,Agustina,Cepeda,24789
24790,485178081,Julian,Revilla,24790
24791,294228118,Chus,Coca,24791
24792,912426257,Quique,Rovira,24792
24793,379657405,Almudena,Real,24793
24794,648945034,Silvestre,Mayol,24794
24795,333527164,Anastasia,Quintanilla,24795
24796,964594346,Dominga,Iglesias,24796
24797,320868455,Josefa,Naranjo,24797
24798,102391645,Esteban,Salom,24798
24799,883598224,Alcides,Esparza,24799
24800,670103218,Hernan,Bonet,24800
24801,262821971,Pablo,Vaquero,24801
24802,633555149,Chita,Amador,24802
24803,578676780,Gervasio,Mesa,24803
24804,230942392,Juan,Ortega,24804
24805,583328492,Felix,Saavedra,24805
24806,628169935,Timoteo,Burgos,24806
24807,625556189,Gabino,Torres,24807
24808,814741931,Felisa,Berrocal,24808
24809,932476315,Jordana,Cabanillas,24809
24810,948318108,Amaro,Caro,24810
24811,869668424,Maria Luisa,Riera,24811
24812,709245190,Vicenta,Chaves,24812
24813,622514899,Paula,Cabrero,24813
24814,400828313,Alejandro,Tudela,24814
24815,322871453,Jesusa,Lillo,24815
24816,405995164,Cristian,Marin,24816
24817,812077247,Mariana,Rosell,24817
24818,348830704,Leire,Corral,24818
24819,764328448,Carlota,Uribe,24819
24820,769832744,Martirio,Palacio,24820
24821,134168439,Abilio,Palacios,24821
24822,468052474,Bienvenida,Acosta,24822
24823,977784961,Blas,Gonzalez,24823
24824,115487063,Apolonia,Mendez,24824
24825,868782273,Olga,Mata,24825
24826,641069063,Victor,Montenegro,24826
24827,379770634,Isabel,Sanmiguel,24827
24828,337985444,Narcisa,Balaguer,24828
24829,220841008,Edelmira,Soriano,24829
24830,281771149,Saturnino,Navas,24830
24831,456516581,Vanesa,Comas,24831
24832,521763023,Epifanio,Olmedo,24832
24833,947644713,Alvaro,Cerdan,24833
24834,748583342,Tere,Barbera,24834
24835,956686982,Gaston,Gamez,24835
24836,873727013,Lupe,Contreras,24836
24837,181508615,Sabina,Ruano,24837
24838,103239839,Soledad,Gil,24838
24839,896423872,Gustavo,Ibanez,24839
24840,456238399,Martin,Pino,24840
24841,562883073,Eugenio,Anglada,24841
24842,761472593,Antonia,Rivero,24842
24843,957592635,Casandra,Ledesma,24843
24844,827868066,Marita,Gras,24844
24845,265407251,Juan Carlos,Molina,24845
24846,222396476,Caridad,Folch,24846
24847,570553741,Andres Felipe,Aznar,24847
24848,511956839,Martin,Ibanez,24848
24849,599340825,Isa,Beltran,24849
24850,510250592,Jose Ignacio,Gallardo,24850
24851,206182558,Osvaldo,Rossello,24851
24852,320994388,Vinicio,Palomino,24852
24853,882125808,Gaston,Fabregas,24853
24854,396221806,Eutimio,Lobo,24854
24855,401297921,Benigna,Barragan,24855
24856,649532358,Nilo,Alberola,24856
24857,204158366,Juan Manuel,Artigas,24857
24858,601332614,Tania,Hoz,24858
24859,124924379,Carmela,Acevedo,24859
24860,632000825,Jeronimo,Mosquera,24860
24861,134023411,Felix,Barco,24861
24862,108658122,Luciana,Artigas,24862
24863,835389087,Dolores,Prada,24863
24864,600217175,Nicolas,Alsina,24864
24865,822926056,Francisco,Duran,24865
24866,812575700,Felipa,Sarabia,24866
24867,635741642,Goyo,Espanol,24867
24868,691742359,Maria Dolores,Reyes,24868
24869,826211809,Berta,Fernandez,24869
24870,118696381,Sabas,Moraleda,24870
24871,860109332,Maria Dolores,Vazquez,24871
24872,920997332,Mayte,Fajardo,24872
24873,645758096,Estrella,Rocha,24873
24874,175708200,Alberto,Pineiro,24874
24875,910732930,Ambrosio,Pazos,24875
24876,960638875,Federico,Aramburu,24876
24877,136709149,Eusebio,Nogueira,24877
24878,731785348,Fernando,Cazorla,24878
24879,570005480,Ruben,Boada,24879
24880,368204737,Guiomar,Tapia,24880
24881,392995671,Lucio,Figuerola,24881
24882,846391625,Ema,Rosa,24882
24883,364429098,Leandro,Luque,24883
24884,288388918,Danilo,Izaguirre,24884
24885,487807448,Eladio,Minguez,24885
24886,536580901,Ale,Arcos,24886
24887,204565195,Encarnita,Cortes,24887
24888,149419282,Emilio,Seco,24888
24889,653965634,Emperatriz,Chacon,24889
24890,651090641,Balduino,Galvez,24890
24891,811861007,Maria Pilar,Alberto,24891
24892,117563124,Octavio,Guzman,24892
24893,508438985,Carolina,Duenas,24893
24894,116647036,Eutropio,Girona,24894
24895,995444749,Loreto,Lastra,24895
24896,505342354,Rosalina,Llopis,24896
24897,691446093,Vito,Garriga,24897
24898,559088199,Severiano,Gaya,24898
24899,773533327,Eva,Amoros,24899
24900,326183721,Sancho,Sanz,24900
24901,735424060,Norberto,Roig,24901
24902,630275944,Arsenio,Cabrero,24902
24903,877862318,Martin,Canales,24903
24904,698262767,Micaela,Valderrama,24904
24905,611134484,Ciriaco,Diaz,24905
24906,701723420,Purificacion,Mercader,24906
24907,726831674,Purificacion,Amaya,24907
24908,368700328,Aura,Palomo,24908
24909,423429144,Carlos,Sastre,24909
24910,646552579,Duilio,Ruiz,24910
24911,914659683,Vasco,Pelayo,24911
24912,981602086,Sergio,Ayuso,24912
24913,374338788,Ale,Segui,24913
24914,979554347,Ezequiel,Casas,24914
24915,740707691,Socorro,Rocha,24915
24916,214804394,Edu,Salinas,24916
24917,688911217,Genoveva,Arregui,24917
24918,492534357,Teodoro,Arregui,24918
24919,835435754,Melisa,Fajardo,24919
24920,196079708,Vicente,Iriarte,24920
24921,279932650,Olimpia,Villegas,24921
24922,721152714,Paca,Vall,24922
24923,436865589,Dionisia,Barreda,24923
24924,686286732,Felipa,Heras,24924
24925,761279515,Ileana,Elias,24925
24926,742250940,Pacifica,Julia,24926
24927,121497235,Visitacion,Bustamante,24927
24928,500889069,Coral,Angulo,24928
24929,762686789,Virgilio,Portillo,24929
24930,136155988,Jenny,Bustos,24930
24931,685203948,Gertrudis,Duarte,24931
24932,221634878,Sofia,Prieto,24932
24933,861238658,Josue,Mate,24933
24934,865487870,Zacarias,Planas,24934
24935,955058539,Renato,Marquez,24935
24936,130253352,Guiomar,Ros,24936
24937,447319394,Herberto,Gibert,24937
24938,581832891,Marcia,Campillo,24938
24939,252134757,Lucas,Torralba,24939
24940,667698420,Paloma,Ropero,24940
24941,865013365,Edelmira,Bellido,24941
24942,946927590,Cruz,Novoa,24942
24943,842481316,Rosario,Quintero,24943
24944,926482364,Nazaret,Agullo,24944
24945,147403709,Zoraida,Vendrell,24945
24946,890551945,Rosenda,Jara,24946
24947,680800850,Angelica,Rius,24947
24948,283223127,Aurelio,Estevez,24948
24949,497224024,Epifanio,Ayala,24949
24950,240150304,Jessica,Sole,24950
24951,534789019,Wilfredo,Fuertes,24951
24952,466561842,Emigdio,Aragones,24952
24953,969626938,Bartolome,Garzon,24953
24954,960992209,Agustin,Cabeza,24954
24955,241488352,Victor Manuel,Alberola,24955
24956,559084912,Belen,Armengol,24956
24957,938563930,Bruno,Baez,24957
24958,823047829,Tamara,Agusti,24958
24959,677858512,Jose Luis,Aguirre,24959
24960,411524610,Bernardo,Pascual,24960
24961,509727968,Ruperto,Arnaiz,24961
24962,664151204,Leoncio,Palma,24962
24963,435220567,Flora,Vila,24963
24964,190966772,Edgar,Pastor,24964
24965,549964723,Omar,Marti,24965
24966,857551739,Pacifica,Tolosa,24966
24967,608910745,Zoraida,Menendez,24967
24968,855299743,Cesar,Robles,24968
24969,818050358,Camila,Carretero,24969
24970,254798581,Manola,Ayuso,24970
24971,907369586,Olimpia,Rosales,24971
24972,582392613,Ale,Sales,24972
24973,673308404,Marianela,Alba,24973
24974,437458068,Manuelita,Manso,24974
24975,109973106,Anunciacion,Becerra,24975
24976,767952813,Febe,Franch,24976
24977,344958418,Fidela,Cespedes,24977
24978,522979908,Irene,Marti,24978
24979,499010861,Emiliano,Barbero,24979
24980,444268410,Cristian,Manzano,24980
24981,351416201,Flora,Ugarte,24981
24982,803587701,Angelina,Cases,24982
24983,315875653,Patricio,Aguado,24983
24984,366851496,Nicolasa,Roda,24984
24985,843677414,Rosa Maria,Rojas,24985
24986,320801904,Nydia,Gallardo,24986
24987,570439558,Candida,Ferrando,24987
24988,561947550,Francisca,Noriega,24988
24989,945761050,Sebastian,Carranza,24989
24990,399229898,Juanita,Blanes,24990
24991,869484326,Beatriz,Iniesta,24991
24992,477812021,Priscila,Guardiola,24992
24993,546089910,Dan,Falcon,24993
24994,724733736,Prudencia,Robledo,24994
24995,186460251,Leocadio,Solano,24995
24996,638052287,Soraya,Diez,24996
24997,160799803,Ani,Ponce,24997
24998,986432119,Ascension,Osuna,24998
24999,285419090,Loreto,Velez,24999
25000,754069607,Agustina,Gallego,25000
25001,983933644,Lidia,Mendez,25001
25002,434746932,Mauricio,Agusti,25002
25003,330295056,Oriana,Mateo,25003
25004,331559284,Narciso,Iniesta,25004
25005,309456316,Teobaldo,Blanes,25005
25006,303847321,Bartolome,Duran,25006
25007,113729138,Yaiza,Somoza,25007
25008,144001517,Abril,Quevedo,25008
25009,937203507,Liliana,Palacios,25009
25010,119293864,Rolando,Pulido,25010
25011,888937604,Olimpia,Cisneros,25011
25012,587346480,Modesto,Carpio,25012
25013,494139463,Estela,Marin,25013
25014,265432782,Lara,Olmo,25014
25015,993536414,Ester,Muniz,25015
25016,708016810,Ismael,Valenzuela,25016
25017,261120440,Marisa,Sanmartin,25017
25018,124455268,Gaspar,Alcantara,25018
25019,977559659,Osvaldo,Novoa,25019
25020,182628261,Gervasio,Carbajo,25020
25021,209331652,Serafina,Crespi,25021
25022,367955580,Cesar,Lerma,25022
25023,758951733,Ainoa,Solano,25023
25024,830158843,Humberto,Cortes,25024
25025,256223879,Moises,Cordoba,25025
25026,535573131,Maria,Chico,25026
25027,857582234,Marita,Cid,25027
25028,492929091,Albino,Nicolau,25028
25029,273194513,Mauricio,Poza,25029
25030,843559237,Pili,Domingo,25030
25031,102028316,Ramiro,Pino,25031
25032,199344033,Daniel,Manuel,25032
25033,971681317,Estela,Vinas,25033
25034,500581351,Pascuala,Arcos,25034
25035,540277384,Felix,Vives,25035
25036,518970462,Primitiva,Sevilla,25036
25037,483100795,Fabiola,Chamorro,25037
25038,820337762,Rafael,Gimenez,25038
25039,233243938,Nestor,Gallart,25039
25040,513782837,Leocadia,Ribes,25040
25041,610919907,Benito,Ribera,25041
25042,468054825,Chelo,Ramon,25042
25043,571613876,Severino,Villena,25043
25044,178624689,Felisa,Fabregat,25044
25045,246677448,Benita,Blanco,25045
25046,101610821,Calisto,Tejero,25046
25047,483960892,Maristela,Esteban,25047
25048,847459864,Jaime,Arranz,25048
25049,475646579,Donato,Corbacho,25049
25050,371500084,Teresita,Ballester,25050
25051,346899476,Olimpia,Mate,25051
25052,657607394,Herminia,Manzano,25052
25053,264877134,Azucena,Domingo,25053
25054,964591353,Elba,Castilla,25054
25055,267312139,Custodio,Alvaro,25055
25056,727416892,Jose Manuel,Benavente,25056
25057,206727393,Manu,Nunez,25057
25058,233569232,Joel,Solera,25058
25059,992508752,Severo,Fonseca,25059
25060,213842375,Pili,Sacristan,25060
25061,117831928,Paulino,Santiago,25061
25062,655481624,Angelita,Roldan,25062
25063,396700807,Anna,Cobos,25063
25064,871069455,Eugenia,Andres,25064
25065,487099144,Olimpia,Velez,25065
25066,345154941,Isaac,Nebot,25066
25067,686451047,Aurea,Francisco,25067
25068,192866656,Gil,Vega,25068
25069,636227537,Emilio,Galvan,25069
25070,693132339,Bautista,Menendez,25070
25071,349919666,Renato,Barranco,25071
25072,838762899,Macarena,Arenas,25072
25073,382500537,Emiliano,Laguna,25073
25074,820222185,Lisandro,Campillo,25074
25075,731823444,Cayetana,Agustin,25075
25076,876170287,Felicia,Milla,25076
25077,615124377,Olalla,Borrell,25077
25078,178871486,Ainoa,Santana,25078
25079,162240310,Maximiliano,Arana,25079
25080,858565237,Pepita,Canellas,25080
25081,754182900,Jordi,Chico,25081
25082,171056130,Constanza,Escriva,25082
25083,763984790,Abraham,Posada,25083
25084,771733165,Noemi,Sanz,25084
25085,355464801,Maite,Reina,25085
25086,984786102,Melisa,Alonso,25086
25087,504313722,Poncio,Cornejo,25087
25088,540291505,Ildefonso,Belda,25088
25089,213220970,Amarilis,Gimenez,25089
25090,254257773,Celia,Barbera,25090
25091,138625999,Soraya,Padilla,25091
25092,347404246,Dionisio,Sanabria,25092
25093,935930636,Gema,Carnero,25093
25094,764628812,Susana,Salgado,25094
25095,713761665,Severino,Espada,25095
25096,673187143,Priscila,Checa,25096
25097,584306172,Paulino,Casanova,25097
25098,525878563,Sandra,Andres,25098
25099,629579007,Pancho,Patino,25099
25100,484215313,Adora,Puig,25100
25101,973560710,Paloma,Prieto,25101
25102,590651487,Jose Francisco,Quesada,25102
25103,430418392,Mamen,Ruiz,25103
25104,784881069,Joaquina,Iglesia,25104
25105,722471035,Javiera,Murillo,25105
25106,493875968,Basilio,Buendia,25106
25107,156437098,Francisco Javier,Anguita,25107
25108,754442254,Gabriela,Barrios,25108
25109,766826366,Clarisa,Barragan,25109
25110,852380797,Tecla,Vazquez,25110
25111,798340813,Odalis,Cantero,25111
25112,975640538,Paulino,Lobato,25112
25113,605572287,Javi,Menendez,25113
25114,274559147,Ignacio,Boix,25114
25115,533932689,Chucho,Bello,25115
25116,567555493,Bautista,Sevilla,25116
25117,221746081,Encarnacion,Cordero,25117
25118,638529479,Adelaida,Ferreras,25118
25119,255354224,Griselda,Asensio,25119
25120,249078105,Nuria,Ibanez,25120
25121,614459276,Guadalupe,Carpio,25121
25122,828654932,Mamen,Suarez,25122
25123,342863811,Nereida,Mata,25123
25124,886405623,Yago,Porta,25124
25125,637069585,Rodolfo,Alarcon,25125
25126,184131768,Gustavo,Martinez,25126
25127,749095742,Belen,Guzman,25127
25128,500038727,Ignacio,Casas,25128
25129,293975795,Reyna,Capdevila,25129
25130,761597827,Leandra,Camara,25130
25131,799587489,Maximiliano,Sanchez,25131
25132,375910900,Nilo,Torres,25132
25133,325963056,Loreto,Pareja,25133
25134,314925989,Zoraida,Almagro,25134
25135,530254748,Cruz,Tena,25135
25136,661391941,Albano,Toro,25136
25137,901428488,Tomas,Jurado,25137
25138,248830567,Sofia,Falco,25138
25139,769734135,Rafa,Carro,25139
25140,657000006,Concha,Sarmiento,25140
25141,657613964,Ana,Ferreras,25141
25142,344754906,Francisco,Fonseca,25142
25143,688347426,Pascuala,Calderon,25143
25144,383083150,Rogelio,Plana,25144
25145,977900215,Nieves,Cabo,25145
25146,974369084,Marco,Ballester,25146
25147,928521733,Azahar,Salinas,25147
25148,445846941,Rosendo,Beltran,25148
25149,941151415,Mariana,Gallardo,25149
25150,400435194,Feliciana,Morcillo,25150
25151,235513418,Isaura,Bosch,25151
25152,471569817,Severo,Donoso,25152
25153,632618919,Norberto,Bernat,25153
25154,373827856,Cesar,Diez,25154
25155,541586079,Nydia,Belmonte,25155
25156,603174558,Aranzazu,Palau,25156
25157,411147819,Maricruz,Mulet,25157
25158,110600156,Angelino,Cabo,25158
25159,405880928,Cayetano,Quintana,25159
25160,383780463,Ariel,Prat,25160
25161,323600350,Flavia,Monreal,25161
25162,983340158,Melisa,Tellez,25162
25163,243256595,Cecilio,Maldonado,25163
25164,407820007,Inmaculada,Montserrat,25164
25165,711310201,Porfirio,Bernal,25165
25166,550681810,Eloisa,Sola,25166
25167,581099332,Calista,Elias,25167
25168,533914249,Toni,Ropero,25168
25169,143644132,Lisandro,Rio,25169
25170,829036731,Julia,Yanez,25170
25171,761012061,Maricela,Barco,25171
25172,450812125,Hector,Abascal,25172
25173,728777906,Felix,Yanez,25173
25174,232806550,Montserrat,Quesada,25174
25175,492648258,Leandra,Canellas,25175
25176,708541473,Eusebia,Lloret,25176
25177,584970870,Amado,Aguado,25177
25178,714517048,Maricruz,Tejero,25178
25179,769049499,Elisa,Perera,25179
25180,576397157,Febe,Pareja,25180
25181,275015451,Purificacion,Plaza,25181
25182,515236728,Marino,Sanchez,25182
25183,562229871,Dimas,Mayoral,25183
25184,222785797,Ciro,Arenas,25184
25185,448190357,Otilia,Sanz,25185
25186,395390271,Amilcar,Agudo,25186
25187,683273943,Bernardo,Gil,25187
25188,989752231,Emiliano,Cervantes,25188
25189,927852582,Pascual,Fuertes,25189
25190,990050925,Encarnacion,Fajardo,25190
25191,110867773,Graciela,Hoyos,25191
25192,420336286,Celestina,Criado,25192
25193,184342671,Estefania,Ibanez,25193
25194,748383853,Petrona,Velasco,25194
25195,215196987,Ainoa,Martin,25195
25196,942010076,Rafa,Pineiro,25196
25197,763215486,Claudio,Abril,25197
25198,712580442,Reyna,Soria,25198
25199,844595971,Hugo,Heredia,25199
25200,832540223,Raquel,Uriarte,25200
25201,926935448,Ambar,Melendez,25201
25202,390322247,Remigio,Villaverde,25202
25203,197944976,Teobaldo,Rio,25203
25204,737604001,Maria Dolores,Codina,25204
25205,479608470,Amelia,Amoros,25205
25206,749985588,Agata,Malo,25206
25207,626607859,Eutropio,Osuna,25207
25208,330299395,Consuela,Vazquez,25208
25209,646407908,Javier,Blazquez,25209
25210,371003251,Abigail,Benavent,25210
25211,887746249,Gala,Llobet,25211
25212,964762324,Jose Antonio,Pavon,25212
25213,358348464,Javier,Fajardo,25213
25214,375820688,Inmaculada,Bayona,25214
25215,822829969,Maria Belen,Olivares,25215
25216,181394185,Hugo,Alvaro,25216
25217,416462797,Onofre,Pulido,25217
25218,533622210,Urbano,Iriarte,25218
25219,574509410,Margarita,Acuna,25219
25220,304415783,Aroa,Baquero,25220
25221,721885261,Candida,Gisbert,25221
25222,716403420,Crescencia,Catala,25222
25223,417750558,Curro,Sobrino,25223
25224,355564591,Eligia,Valles,25224
25225,335867625,Lalo,Pineda,25225
25226,536415136,Ximena,Rodriguez,25226
25227,785942164,Gloria,Gimeno,25227
25228,566039252,Fabian,Espana,25228
25229,238415056,Poncio,Villar,25229
25230,299084510,Mamen,Reyes,25230
25231,863823163,Alba,Fajardo,25231
25232,963041234,Isabel,Cozar,25232
25233,385064231,Luisina,Camps,25233
25234,702276113,Goyo,Porcel,25234
25235,826597996,Albina,Oliveras,25235
25236,108457520,Purificacion,Cueto,25236
25237,231785985,Ramiro,Baro,25237
25238,771768821,Felicidad,Roca,25238
25239,127594945,Candida,Paredes,25239
25240,381422530,Lisandro,Velazquez,25240
25241,885399893,Jose Manuel,Maza,25241
25242,221490671,Bonifacio,Correa,25242
25243,652146759,Aristides,Somoza,25243
25244,387307913,Beatriz,Echeverria,25244
25245,589741651,Geronimo,Sastre,25245
25246,116198755,Aurora,Buendia,25246
25247,395476308,Pelayo,Urena,25247
25248,525273788,Renato,Vina,25248
25249,849890506,Loreto,Cifuentes,25249
25250,275634508,Marisol,Moles,25250
25251,653536778,Borja,Estrada,25251
25252,781058928,Benigno,Uriarte,25252
25253,786259970,Dalila,Hurtado,25253
25254,750984796,Jeronimo,Aznar,25254
25255,129052411,Edu,Riquelme,25255
25256,811762981,Sofia,Rosa,25256
25257,869108681,Marcial,Bas,25257
25258,789164356,Sandalio,Carvajal,25258
25259,591533668,Martin,Amador,25259
25260,741241421,Oriana,Riba,25260
25261,633787197,Silvio,Landa,25261
25262,218991061,Claudio,Blazquez,25262
25263,567663483,Climaco,Macias,25263
25264,456075551,Marco,Andres,25264
25265,303492978,Amaro,Porta,25265
25266,124785865,Placido,Jover,25266
25267,109748743,Morena,Berrocal,25267
25268,644697576,Chelo,Palau,25268
25269,592369784,Paulino,Alsina,25269
25270,102556634,Calixta,Albero,25270
25271,835415689,Sabas,Catalan,25271
25272,932685412,Filomena,Amat,25272
25273,455189367,Lidia,Chaves,25273
25274,117462795,Ana Sofia,Hurtado,25274
25275,913771194,Rolando,Serrano,25275
25276,163175620,Ainoa,Macias,25276
25277,415146324,Perlita,Serra,25277
25278,725702027,Purificacion,Aragon,25278
25279,479543665,Salomon,Osuna,25279
25280,744046949,Lalo,Marquez,25280
25281,385912376,Artemio,Andreu,25281
25282,807880346,Estefania,Oliveras,25282
25283,304712559,Sol,Naranjo,25283
25284,404321343,Juan Carlos,Caceres,25284
25285,549589534,Daniela,Huguet,25285
25286,809245743,Anselmo,Arranz,25286
25287,706102325,Aaron,Pulido,25287
25288,128619516,Jose Ramon,Cordero,25288
25289,364272535,Alejandra,Verdu,25289
25290,555895847,Zaida,Morera,25290
25291,842563991,Rolando,Manrique,25291
25292,691005952,Josep,Elorza,25292
25293,632204545,Berto,Malo,25293
25294,568495383,Chelo,Verdu,25294
25295,605629914,Felix,Colom,25295
25296,667770176,Pelayo,Ochoa,25296
25297,382119850,Graciana,Bustos,25297
25298,716094605,Gregorio,Velazquez,25298
25299,603744046,Vinicio,Agullo,25299
25300,227988399,Bienvenida,Barral,25300
25301,458102998,Evita,Prado,25301
25302,767978087,Adan,Bartolome,25302
25303,671824758,Melisa,Mascaro,25303
25304,186053542,Martin,Cardenas,25304
25305,934617838,Juan Francisco,Pelayo,25305
25306,691038068,Noemi,Llamas,25306
25307,815674449,Luis Angel,Zaragoza,25307
25308,987821422,Juan Carlos,Riera,25308
25309,537172056,Amilcar,Almazan,25309
25310,311773953,Prudencia,Torrijos,25310
25311,222161716,Prudencio,Zabala,25311
25312,793357314,Cruz,Rio,25312
25313,462096136,Eleuterio,Casares,25313
25314,688172738,Jose,Domenech,25314
25315,532108047,Nicanor,Rocamora,25315
25316,736483367,Inigo,Costa,25316
25317,315255191,Pastora,Rebollo,25317
25318,889496814,Celso,Torrecilla,25318
25319,120136618,Azahar,Carreras,25319
25320,668437353,Geronimo,Llano,25320
25321,353421997,Teresa,Izquierdo,25321
25322,242222945,Rosario,Leon,25322
25323,697002573,Artemio,Salamanca,25323
25324,837394537,Ariel,Olmedo,25324
25325,964170453,Luciana,Arenas,25325
25326,209914553,Poncio,Casal,25326
25327,753573903,Francisco Javier,Macias,25327
25328,222014395,Juana,Amigo,25328
25329,560602391,Obdulia,Gil,25329
25330,819687438,Ulises,Sanjuan,25330
25331,733125347,Luis,Marino,25331
25332,231425053,Sandra,Barros,25332
25333,371495253,Marcio,Rossello,25333
25334,441479757,Olga,Crespi,25334
25335,214588179,Teodora,Baro,25335
25336,442981204,Yesica,Ruano,25336
25337,471945913,Esperanza,Pastor,25337
25338,824084386,Pili,Barcelo,25338
25339,468701070,Vanesa,Pino,25339
25340,886581546,Rafa,Camacho,25340
25341,546941919,Heraclio,Zorrilla,25341
25342,998530596,Aitor,Dominguez,25342
25343,970628552,Alba,Llamas,25343
25344,824763850,Pepe,Carranza,25344
25345,384128111,Panfilo,Artigas,25345
25346,599396790,Tadeo,Gil,25346
25347,561192538,Sarita,Tamayo,25347
25348,267067003,Ainara,Marco,25348
25349,832026159,Chema,Goicoechea,25349
25350,922579173,Bernardita,Gisbert,25350
25351,955605683,Valerio,Torrens,25351
25352,836776560,Edelmira,Cardenas,25352
25353,393637982,Nicodemo,Arana,25353
25354,741283351,Lilia,Ojeda,25354
25355,422644705,Eric,Rivero,25355
25356,972049668,Clementina,Campoy,25356
25357,421093672,Santos,Sacristan,25357
25358,135185275,Gloria,Perales,25358
25359,300076662,Teofila,Trillo,25359
25360,509707937,Emelina,Carbo,25360
25361,788487308,Juan Jose,Raya,25361
25362,892623659,Rosalva,Marino,25362
25363,120375718,Nacho,Olmo,25363
25364,179799271,Tere,Oliver,25364
25365,957198364,Imelda,Palomo,25365
25366,104500595,Angelino,Matas,25366
25367,206143482,Dario,Caballero,25367
25368,611267715,Severo,Garate,25368
25369,611576643,Estela,Marquez,25369
25370,375592784,Maximino,Cuenca,25370
25371,927025288,Ignacia,Pol,25371
25372,321805107,Ruben,Fuente,25372
25373,101766472,Toribio,Robledo,25373
25374,578051974,Ernesto,Ramirez,25374
25375,507430307,Jacinto,Cabrera,25375
25376,628762828,Marisol,Sanmiguel,25376
25377,812978120,Rogelio,Duque,25377
25378,941153301,Amor,Baquero,25378
25379,676175345,Calixto,Delgado,25379
25380,450727950,Jacobo,Garay,25380
25381,448828965,Glauco,Parra,25381
25382,945890343,Nacio,Soriano,25382
25383,330584212,Mireia,Osorio,25383
25384,633098405,Jose Carlos,Buendia,25384
25385,242849267,Conrado,Gargallo,25385
25386,948025545,Ursula,Leal,25386
25387,371882125,Anastasio,Morata,25387
25388,663359758,Guiomar,Vilaplana,25388
25389,790152148,Rico,Azcona,25389
25390,515621872,Ezequiel,Nebot,25390
25391,274669586,Jose Manuel,Paredes,25391
25392,427439756,Noa,Solera,25392
25393,736047694,Melchor,Rodenas,25393
25394,114127823,Maximino,Gimeno,25394
25395,492680532,Iban,Castilla,25395
25396,721142685,Ignacia,Espanol,25396
25397,747921447,Carolina,Giner,25397
25398,215804587,Custodia,Carvajal,25398
25399,622134300,Encarna,Alberdi,25399
25400,989530815,Jose Antonio,Baez,25400
25401,270055981,Maria Manuela,Ramis,25401
25402,158973686,Abigail,Montesinos,25402
25403,122041938,Cruz,Jauregui,25403
25404,689383812,Alma,Mateos,25404
25405,775092201,Rosalina,Molina,25405
25406,602239844,Maria Dolores,Andres,25406
25407,915425754,Clara,Sanabria,25407
25408,945229805,Roldan,Jodar,25408
25409,992819000,Tatiana,Beltran,25409
25410,280311762,Rufina,Luna,25410
25411,882032789,Nelida,Guzman,25411
25412,712373511,Alvaro,Morcillo,25412
25413,360803833,Dorotea,Ortega,25413
25414,765148056,Fernando,Martin,25414
25415,707791462,Alonso,Villa,25415
25416,378619420,Candelaria,Mendoza,25416
25417,367864192,Morena,Canellas,25417
25418,342553119,Irma,Vega,25418
25419,206793536,Rosalinda,Alvarez,25419
25420,158954362,Maria Angeles,Martorell,25420
25421,459856992,Ildefonso,Roman,25421
25422,690009307,Antonio,Aguila,25422
25423,326202955,Ivan,Moliner,25423
25424,717602335,Cayetana,Sotelo,25424
25425,923657546,Nicolas,Haro,25425
25426,572657969,Carmina,Cifuentes,25426
25427,683747822,Nerea,Abad,25427
25428,113823530,Valentin,Benavides,25428
25429,809472480,Fatima,Armengol,25429
25430,859248725,Tamara,Amigo,25430
25431,932177178,Maria Jose,Jaen,25431
25432,138146115,Nazaret,Maldonado,25432
25433,975214120,Camila,Escribano,25433
25434,571662446,Ciro,Navarro,25434
25435,582137364,Elias,Barrera,25435
25436,337904268,Renato,Aramburu,25436
25437,886780847,Raquel,Quevedo,25437
25438,456221648,Rosalia,Malo,25438
25439,675656581,Teodora,Agustin,25439
25440,327664042,Roxana,Ferrandiz,25440
25441,262787567,Ignacia,Blazquez,25441
25442,917657561,Araceli,Frutos,25442
25443,274131019,Nicolas,Ribera,25443
25444,594346797,Teofila,Falco,25444
25445,647405505,Martin,Gelabert,25445
25446,972379243,Clarisa,Zurita,25446
25447,864232794,Claudia,Agusti,25447
25448,970420057,Piedad,Casado,25448
25449,454108744,Emiliana,Lago,25449
25450,807145975,Amarilis,Salcedo,25450
25451,583850015,Valero,Burgos,25451
25452,375150519,Graciela,Vilar,25452
25453,598811645,Cintia,Almansa,25453
25454,679252176,Julio Cesar,Fuente,25454
25455,446940019,Manu,Blanca,25455
25456,635596058,Miguel,Uribe,25456
25457,657754341,Yago,Quintana,25457
25458,172260137,Bernardo,Calvet,25458
25459,832489458,Quique,Rojas,25459
25460,965992292,Victoriano,Barriga,25460
25461,418635566,Maricela,Asensio,25461
25462,737320367,Manuel,Hervas,25462
25463,848559688,Paco,Colom,25463
25464,748094039,Sonia,Font,25464
25465,801768398,Lalo,Lasa,25465
25466,884854277,Trini,Ballester,25466
25467,321094230,Evangelina,Monreal,25467
25468,352022775,Micaela,Valencia,25468
25469,405531635,Hernando,Agullo,25469
25470,145452694,Florina,Pombo,25470
25471,641092327,Estefania,Marti,25471
25472,785604098,Vicente,Quintanilla,25472
25473,520695775,Carmelo,Roig,25473
25474,359851421,Lorenzo,Luz,25474
25475,506950842,Marcia,Rebollo,25475
25476,314160767,Begona,Borras,25476
25477,380745780,Olimpia,Calderon,25477
25478,383926791,Ariel,Carpio,25478
25479,130079915,Lina,Fortuny,25479
25480,300045522,Adelia,Campoy,25480
25481,339429578,Juan Jose,Tenorio,25481
25482,797893982,Cipriano,Carlos,25482
25483,549122290,Josep,Daza,25483
25484,778112228,Merche,Blanes,25484
25485,854839335,Luis Angel,Valls,25485
25486,831451785,Nestor,Cuenca,25486
25487,546601749,Bernarda,Pelayo,25487
25488,605299689,Anunciacion,Aramburu,25488
25489,847947693,Armida,Goni,25489
25490,146161146,Clemente,Pelayo,25490
25491,773559893,Jimena,Lucas,25491
25492,155619921,Reynaldo,Tormo,25492
25493,138648778,Ricardo,Mateu,25493
25494,884165693,Alba,Solis,25494
25495,356768995,Iker,Mora,25495
25496,652305701,Nelida,Arjona,25496
25497,786263680,Ovidio,Abella,25497
25498,723947118,Aaron,Pena,25498
25499,696406209,Consuela,Valverde,25499
25500,280198592,Tamara,Zorrilla,25500
25501,263098219,Heliodoro,Ramos,25501
25502,970835502,Teodosio,Sancho,25502
25503,988826420,Natanael,Guardiola,25503
25504,550355399,Amparo,Fabra,25504
25505,636858689,Melchor,Acero,25505
25506,836670786,Manu,Abascal,25506
25507,555900022,Heriberto,Bas,25507
25508,816355414,Eligia,Ugarte,25508
25509,852698172,Apolonia,Nunez,25509
25510,704100420,Nacio,Canet,25510
25511,693020497,Africa,Aragon,25511
25512,650046002,Albino,Fabregas,25512
25513,633554550,Clementina,Mascaro,25513
25514,548729571,Edgardo,Bernal,25514
25515,159987807,Julio Cesar,Ribera,25515
25516,740913415,Dimas,Porras,25516
25517,976977507,Isidora,Diez,25517
25518,125590951,Conrado,Nino,25518
25519,906430141,Maria Jesus,Salamanca,25519
25520,966964447,Chus,Palacios,25520
25521,819969598,Catalina,Botella,25521
25522,760387394,Marisol,Alcolea,25522
25523,543676835,Glauco,Llobet,25523
25524,266491755,Julie,Rico,25524
25525,286152415,Carina,Vendrell,25525
25526,188372227,Augusto,Espada,25526
25527,840568141,Fidel,Guzman,25527
25528,282304341,Gervasio,Cortes,25528
25529,306098578,Odalis,Cabo,25529
25530,252110948,Manuelita,Seco,25530
25531,989207635,Fabian,Grau,25531
25532,209738087,Viviana,Rocha,25532
25533,265009520,Adolfo,Carballo,25533
25534,352852929,Gala,Manzano,25534
25535,867739331,Rocio,Canet,25535
25536,932440410,Juan,Mur,25536
25537,766176695,Irma,Camps,25537
25538,613428738,Valerio,Acedo,25538
25539,751258599,Camilo,Melendez,25539
25540,874114729,Tadeo,Alvarado,25540
25541,596680401,Ester,Soria,25541
25542,143641295,Viviana,Llano,25542
25543,282257452,Rita,Guardiola,25543
25544,616152938,Fabiola,Ponce,25544
25545,616566231,Candida,Valderrama,25545
25546,571280052,Florinda,Espinosa,25546
25547,822526158,Georgina,Vazquez,25547
25548,398080302,Emigdio,Villar,25548
25549,303787019,Francisca,Gual,25549
25550,703950813,Calisto,Calvet,25550
25551,896529630,Luisina,Puga,25551
25552,935596021,Calisto,Mayoral,25552
25553,546273893,Consuelo,Mendizabal,25553
25554,427911599,Bautista,Baro,25554
25555,469446311,Silvestre,Conde,25555
25556,303279662,Emilio,Alegre,25556
25557,539626891,Reina,Roda,25557
25558,549091067,Aureliano,Andreu,25558
25559,819866589,Diana,Vega,25559
25560,494831933,Rita,Martin,25560
25561,533805307,Curro,Barbero,25561
25562,243918793,Pacifica,Agullo,25562
25563,151484362,Pacifica,Royo,25563
25564,843993029,Galo,Ugarte,25564
25565,729648036,Araceli,Pinilla,25565
25566,905175839,Teodoro,Jaen,25566
25567,725520017,Cruz,Bustamante,25567
25568,642998488,Bernabe,Pelaez,25568
25569,147745514,Leandro,Escudero,25569
25570,969724446,Marcelo,Barrios,25570
25571,981386800,Maria Del Carmen,Moraleda,25571
25572,624978676,Chus,Alvarez,25572
25573,191167221,Isaac,Lobo,25573
25574,980237287,Eugenia,Cobos,25574
25575,910726195,Eloisa,Cabanas,25575
25576,866213052,Blas,Saldana,25576
25577,374272292,Oriana,Rico,25577
25578,590857490,Encarna,Valbuena,25578
25579,262631851,Sofia,Lledo,25579
25580,856385196,Juan Francisco,Seco,25580
25581,479829686,Alex,Tejedor,25581
25582,171184620,Custodio,Porcel,25582
25583,195213104,Susanita,Bermejo,25583
25584,875121625,Conrado,Bermejo,25584
25585,576343218,Goyo,Gabaldon,25585
25586,627425195,Elvira,Cepeda,25586
25587,893544522,Geronimo,Araujo,25587
25588,621714088,Tomasa,Ferrandez,25588
25589,142814631,Alejandro,Paez,25589
25590,223061237,Balduino,Barrio,25590
25591,578322304,Encarnacion,Sancho,25591
25592,438999340,Yolanda,Arellano,25592
25593,143455982,Ruperto,Cano,25593
25594,576649771,Mariano,Velez,25594
25595,203910719,Fernanda,Mas,25595
25596,867610239,Agata,Anguita,25596
25597,222433741,Gregorio,Pascual,25597
25598,813729778,Diana,Lorenzo,25598
25599,290495546,Josefina,Carnero,25599
25600,837857283,Aurora,Paredes,25600
25601,760140846,Leonor,Gelabert,25601
25602,877265336,Consuelo,Hernando,25602
25603,700389675,Georgina,Posada,25603
25604,395701852,Valentina,Andreu,25604
25605,265529256,Ximena,Madrid,25605
25606,533400109,Eduardo,Maldonado,25606
25607,896216006,Natalia,Mata,25607
25608,977482191,Emilio,Rius,25608
25609,604657056,Loreto,Seco,25609
25610,466069269,Joel,Parra,25610
25611,828970873,Paloma,Echevarria,25611
25612,341381625,Maximiliano,Carlos,25612
25613,766667372,Irene,Esteve,25613
25614,745286960,Laura,Guardiola,25614
25615,343961294,Maxi,Huguet,25615
25616,675607947,Chus,Camps,25616
25617,368061970,Ceferino,Villalonga,25617
25618,184426123,Gisela,Muro,25618
25619,259464661,Cecilio,Caparros,25619
25620,852771609,Emperatriz,Canton,25620
25621,192864403,Rosa,Marquez,25621
25622,206084799,Narciso,Cervera,25622
25623,322954402,Corona,Herrera,25623
25624,408885914,Edgar,Bermudez,25624
25625,863976363,Palmira,Infante,25625
25626,515564651,Ximena,Marti,25626
25627,122465006,Soraya,Pombo,25627
25628,266483796,Fernanda,Avila,25628
25629,417794500,Clotilde,Madrigal,25629
25630,488223897,Reyna,Carrera,25630
25631,366484347,Eligia,Verdu,25631
25632,195097369,Emilia,Blasco,25632
25633,235866673,Antonia,Benavent,25633
25634,274148982,Cleto,Armengol,25634
25635,387786947,Jose,Alcazar,25635
25636,889481803,Bernardo,Barrena,25636
25637,357793803,Heliodoro,Garces,25637
25638,240860862,Aitana,Bonilla,25638
25639,117920781,Gregorio,Roca,25639
25640,829084053,Maximino,Gabaldon,25640
25641,782374479,Jennifer,Castellanos,25641
25642,586980591,Maria Manuela,Rossello,25642
25643,336095582,Chita,Serrano,25643
25644,577028578,Nieves,Ferrera,25644
25645,245129313,Manuel,Arribas,25645
25646,462203096,Raimundo,Borja,25646
25647,184888450,Flor,Oller,25647
25648,830315083,Marcelo,Rosales,25648
25649,847487184,Conrado,Mari,25649
25650,864867131,Cesar,Ferrera,25650
25651,265404857,Herminia,Rosales,25651
25652,673387648,Rolando,Uriarte,25652
25653,399464943,Guadalupe,Moll,25653
25654,882920634,Josue,Briones,25654
25655,994277190,Lisandro,Villa,25655
25656,879990548,Marcial,Porcel,25656
25657,164735428,Malena,Castrillo,25657
25658,762011583,Cristobal,Armas,25658
25659,511811409,Teresa,Duran,25659
25660,344828834,Dafne,Castells,25660
25661,850040396,Jaime,Martinez,25661
25662,510294027,Cintia,Coloma,25662
25663,165400269,Pilar,Ferrandiz,25663
25664,233568270,Lorena,Castro,25664
25665,200283667,Amanda,Tovar,25665
25666,813733635,Alondra,Hernandez,25666
25667,700836711,Cristian,Zurita,25667
25668,900451643,Isabela,Murcia,25668
25669,513440918,Jose Mari,Sevilla,25669
25670,353122433,Jafet,Tomas,25670
25671,491641271,Nacho,Correa,25671
25672,493471848,Ricardo,Torrens,25672
25673,239081092,Francisco Javier,Berrocal,25673
25674,114983118,Dionisio,Fiol,25674
25675,173020911,Cornelio,Salas,25675
25676,802787049,Feliciano,Gonzalo,25676
25677,597173059,Romulo,Folch,25677
25678,379105397,Loreto,Batlle,25678
25679,330833559,Sarita,Palomar,25679
25680,427939684,Rene,Sandoval,25680
25681,903484405,Cleto,Campos,25681
25682,592192651,Mauricio,Riera,25682
25683,879648626,Zaida,Jimenez,25683
25684,713916058,Eligio,Marquez,25684
25685,770420538,Teodora,Mate,25685
25686,351726278,Sara,Escudero,25686
25687,110513012,Manu,Garriga,25687
25688,131345620,Elias,Figuerola,25688
25689,628454256,Carlota,Escriva,25689
25690,937702464,Placido,Ibarra,25690
25691,286058255,Jesusa,Diez,25691
25692,271899820,Carlos,Carvajal,25692
25693,489824090,Luisa,Martorell,25693
25694,534695179,Rolando,Carbonell,25694
25695,563062197,Luciana,Espanol,25695
25696,909192697,Juan Bautista,Rios,25696
25697,173852000,Ismael,Cuellar,25697
25698,568002832,Bonifacio,Lucena,25698
25699,419963921,Placido,Asensio,25699
25700,852233443,Eva Maria,Jordan,25700
25701,621348227,German,Mendoza,25701
25702,626955125,Carmelita,Fajardo,25702
25703,961078283,Arturo,Salgado,25703
25704,202446089,Guillermo,Hierro,25704
25705,149615504,Alma,Pera,25705
25706,242024692,Ceferino,Diego,25706
25707,200604798,Veronica,Suarez,25707
25708,954735409,Horacio,Pol,25708
25709,851658855,Angel,Correa,25709
25710,632480354,Violeta,Priego,25710
25711,492806247,Jordan,Acevedo,25711
25712,988590600,Leandro,Pont,25712
25713,289240177,Custodia,Carbo,25713
25714,502117072,Agata,Luz,25714
25715,361323237,Paloma,Caballero,25715
25716,775243401,Almudena,Castaneda,25716
25717,878053216,Nieves,Patino,25717
25718,812484523,Benjamin,Bautista,25718
25719,154106369,Evelia,Madrigal,25719
25720,700377406,German,Valenciano,25720
25721,964840114,Tatiana,Salom,25721
25722,263851932,Gabriel,Roma,25722
25723,159688912,Paloma,Daza,25723
25724,400837883,Leonor,Ferrera,25724
25725,441885452,Eloisa,Pujol,25725
25726,890565503,Jose Antonio,Fabregas,25726
25727,480051202,Natividad,Corral,25727
25728,745353001,Renata,Crespi,25728
25729,652468497,Marcos,Vila,25729
25730,116463777,Sandalio,Buendia,25730
25731,403310641,Renata,Marcos,25731
25732,103182057,Pio,Velasco,25732
25733,723779901,Ariel,Armengol,25733
25734,314623097,Marta,Canet,25734
25735,595288096,Alfonso,Castell,25735
25736,896573982,Jenaro,Lluch,25736
25737,521948083,Natalio,Catala,25737
25738,252372726,Josep,Machado,25738
25739,569581513,Magdalena,Arnau,25739
25740,975999106,Ismael,Soriano,25740
25741,708876586,Faustino,Sacristan,25741
25742,806739263,Lola,Bernad,25742
25743,193541894,Piedad,Lozano,25743
25744,448870190,Fortunata,Amador,25744
25745,207419152,Lupita,Iriarte,25745
25746,478113004,Carmen,Olive,25746
25747,286727593,Ana,Segura,25747
25748,394457950,Seve,Piquer,25748
25749,525555335,Agueda,Luz,25749
25750,592289262,Samu,Milla,25750
25751,175544482,Jaime,Borras,25751
25752,423599615,Dalila,Carretero,25752
25753,475034181,Andrea,Nogueira,25753
25754,741945042,Erasmo,Milla,25754
25755,181998452,Dario,Vergara,25755
25756,262569058,Julia,Espada,25756
25757,895744305,Marc,Acero,25757
25758,114782692,Alba,Munoz,25758
25759,718069211,Lola,Corbacho,25759
25760,630934512,Eladio,Valenzuela,25760
25761,826316942,Goyo,Canete,25761
25762,739669330,Reyes,Escudero,25762
25763,787705960,Asdrubal,Acuna,25763
25764,949270008,Fausto,Ayllon,25764
25765,853571494,Hernan,Calzada,25765
25766,730379339,Haroldo,Arcos,25766
25767,289575590,Pascuala,Pedrosa,25767
25768,620950262,Esther,Barranco,25768
25769,795184131,Joel,Blanch,25769
25770,277474799,Isidora,Capdevila,25770
25771,548587400,Albert,Ferran,25771
25772,358065173,Bernardita,Tapia,25772
25773,463944609,Candelaria,Botella,25773
25774,150107643,Oscar,Hernando,25774
25775,599408559,Eva Maria,Salvador,25775
25776,810394032,Mireia,Bilbao,25776
25777,862800900,Delfina,Luis,25777
25778,133494493,Jonatan,Lopez,25778
25779,321426322,Ariel,Rosa,25779
25780,764460658,Noe,Larranaga,25780
25781,268001460,Maria Jesus,Alfonso,25781
25782,423480763,Duilio,Vega,25782
25783,609842984,Pancho,Uria,25783
25784,219545887,Flor,Benet,25784
25785,372802266,Renato,Estevez,25785
25786,411268325,Carlos,Beltran,25786
25787,616741391,Ruben,Nogues,25787
25788,885694894,Ovidio,Montenegro,25788
25789,196901502,Lorenza,Carballo,25789
25790,616387735,Yesica,Duran,25790
25791,870362676,Pepita,Gutierrez,25791
25792,699589550,Jovita,Campoy,25792
25793,346226810,Alex,Canizares,25793
25794,716428503,Esteban,Velez,25794
25795,198048337,Jacinto,Ferrandiz,25795
25796,574300946,Dionisia,Garces,25796
25797,578715482,Elena,Arregui,25797
25798,153403852,Maria Jose,Belda,25798
25799,494262323,Ildefonso,Coronado,25799
25800,228920956,Brunilda,Barrio,25800
25801,355172362,Constanza,Bustos,25801
25802,942082121,Dionisio,Barcena,25802
25803,329220935,Salomon,Navarrete,25803
25804,822594692,Josefina,Prats,25804
25805,554823829,Maximino,Rojas,25805
25806,269241412,Carla,Higueras,25806
25807,221429022,Fortunata,Alberto,25807
25808,186746854,Ambar,Lobo,25808
25809,494065350,Santiago,Donaire,25809
25810,677322612,Domingo,Gomila,25810
25811,159181335,Ildefonso,Agullo,25811
25812,288408793,Guillermo,Haro,25812
25813,551467773,Martin,Arranz,25813
25814,576478209,Eva,Checa,25814
25815,958696236,Nicodemo,Collado,25815
25816,477916099,Fabiola,Barrio,25816
25817,765849735,Leocadia,Montserrat,25817
25818,393541035,Luz,Lucas,25818
25819,281315844,Alicia,Cisneros,25819
25820,465060160,Fabio,Madrigal,25820
25821,431374026,Guadalupe,Paredes,25821
25822,300355945,Marianela,Perez,25822
25823,651813543,Brunilda,Cortina,25823
25824,753538420,Dionisia,Valle,25824
25825,465442486,Encarnacion,Figuerola,25825
25826,619592195,Apolinar,Fortuny,25826
25827,307746253,Eutropio,Pedro,25827
25828,742690110,Adoracion,Tejedor,25828
25829,125030579,Claudio,Robledo,25829
25830,955132520,Prudencia,Julian,25830
25831,309494778,Herberto,Zurita,25831
25832,510791318,Donato,Angel,25832
25833,551144849,Jose Manuel,Marin,25833
25834,910223393,Aureliano,Mena,25834
25835,663703052,Juan Pablo,Checa,25835
25836,748793965,Pilar,Grande,25836
25837,471344623,Irene,Ortiz,25837
25838,229975453,Mercedes,Zamorano,25838
25839,618438375,Jose Carlos,Bustamante,25839
25840,476421428,Nayara,Chaparro,25840
25841,465301315,Felix,Segarra,25841
25842,664919526,Geronimo,Santiago,25842
25843,411364712,Paola,Vizcaino,25843
25844,370490355,Aurelia,Saldana,25844
25845,894005785,Cayetano,Zamora,25845
25846,553770899,Adriana,Figueroa,25846
25847,196037748,Maristela,Saenz,25847
25848,186384223,Jose Maria,Torrent,25848
25849,369679253,Anita,Raya,25849
25850,640066512,Nazario,Marin,25850
25851,508139769,Ale,Lasa,25851
25852,362571092,Aura,Pablo,25852
25853,754688123,Lope,Cabello,25853
25854,135507713,Severino,Tena,25854
25855,663711326,Socorro,Tudela,25855
25856,396178736,Santos,Alcolea,25856
25857,197502689,Roman,Muniz,25857
25858,877306433,Albina,Ayllon,25858
25859,412367824,Victoriano,Azorin,25859
25860,692875763,Lucila,Marques,25860
25861,665684296,Rebeca,Macias,25861
25862,264071524,Leopoldo,Llabres,25862
25863,554181092,Constanza,Segarra,25863
25864,441318198,Maxi,Saldana,25864
25865,111379270,Petrona,Parejo,25865
25866,207896548,Martin,Crespi,25866
25867,621964960,Ariel,Estevez,25867
25868,566365294,Maria Del Carmen,Ramon,25868
25869,822312741,Fulgencio,Casado,25869
25870,527714945,Bautista,Delgado,25870
25871,632159473,Gil,Melendez,25871
25872,849542964,Cruz,Pedraza,25872
25873,127486184,Lola,Azorin,25873
25874,311056503,Angelina,Tejera,25874
25875,518036448,Nando,Gallart,25875
25876,771660920,Eustaquio,Abascal,25876
25877,294497330,Casandra,Santana,25877
25878,197230130,Alex,Leal,25878
25879,279625761,Amilcar,Quiroga,25879
25880,285288291,Juliana,Hurtado,25880
25881,851724186,Jose Francisco,Gutierrez,25881
25882,118435130,Emilia,Alsina,25882
25883,233168141,Severino,Mas,25883
25884,255871909,Clementina,Camacho,25884
25885,654226843,Elpidio,Sanjuan,25885
25886,250999554,Fortunata,Almansa,25886
25887,120013926,Che,Navarro,25887
25888,439632276,Imelda,Segura,25888
25889,653261548,Amaya,Ramon,25889
25890,267053123,Francisco Javier,Baeza,25890
25891,117143561,Manu,Julian,25891
25892,185810656,Eusebia,Jover,25892
25893,929070907,Olegario,Bayona,25893
25894,254348909,Fatima,Penas,25894
25895,747141572,Armando,Rius,25895
25896,895456529,Gil,Angel,25896
25897,233210905,Miguela,Acedo,25897
25898,666646173,Nilda,Barrio,25898
25899,369822109,Juan Bautista,Cruz,25899
25900,235566347,Nicodemo,Ferrera,25900
25901,470375799,Prudencio,Marco,25901
25902,574478259,Placido,Pina,25902
25903,179750035,Clementina,Caro,25903
25904,599982276,Zaida,Macias,25904
25905,361389279,Encarnita,Cabezas,25905
25906,959201153,Diego,Hoz,25906
25907,621213406,Augusto,Villar,25907
25908,697225208,Marcial,Ruiz,25908
25909,808565682,Eva Maria,Goni,25909
25910,396253276,Joel,Vera,25910
25911,904668802,Ciro,Saavedra,25911
25912,195861892,Hector,Solana,25912
25913,758397461,Marcio,Valls,25913
25914,889020117,Jose Angel,Borras,25914
25915,417454943,Ivan,Enriquez,25915
25916,575227390,Teodora,Tena,25916
25917,202838815,Narcisa,Sandoval,25917
25918,518535275,Vicente,Heras,25918
25919,389560248,Pastora,Agusti,25919
25920,204273986,Santiago,Amor,25920
25921,771794769,Marcial,Calderon,25921
25922,258551236,Jimena,Feijoo,25922
25923,890394896,Eladio,Gisbert,25923
25924,955244654,Teodoro,Almagro,25924
25925,666079704,Iris,Baena,25925
25926,255175735,Gracia,Abril,25926
25927,938454356,Monica,Borrego,25927
25928,120228447,Marciano,Prado,25928
25929,225515675,Claudio,Valcarcel,25929
25930,110485272,Jose Ramon,Garriga,25930
25931,331654954,Teodoro,Bermudez,25931
25932,559083714,Belen,Martorell,25932
25933,958194221,Emilio,Miguel,25933
25934,591677438,Hilario,Amo,25934
25935,255639112,Santos,Llopis,25935
25936,274031738,Carolina,Barros,25936
25937,146127404,Paulino,Arellano,25937
25938,928956844,Vicenta,Pineda,25938
25939,298633065,Fito,Salgado,25939
25940,974110501,Rosalina,Alcantara,25940
25941,936047746,Reynaldo,Higueras,25941
25942,369164908,Anibal,Sala,25942
25943,622199053,Cosme,Barcena,25943
25944,797338463,Fernanda,Lobo,25944
25945,793800627,Anselma,Atienza,25945
25946,474434560,Walter,Sosa,25946
25947,505522497,Octavio,Atienza,25947
25948,197893686,Nadia,Tormo,25948
25949,581851844,Raimundo,Puerta,25949
25950,321458339,Plinio,Pardo,25950
25951,343484582,Teodora,Montalban,25951
25952,642106969,Chucho,Garcia,25952
25953,942501465,Juana,Palacios,25953
25954,552950898,Primitivo,Pavon,25954
25955,236045873,Lara,Amoros,25955
25956,571437099,Estrella,Jerez,25956
25957,277666616,Nacio,Clavero,25957
25958,277897798,Aura,Acedo,25958
25959,426811569,Anna,Cortes,25959
25960,771985900,Norberto,Grau,25960
25961,308603223,Juan Antonio,Blanco,25961
25962,377874883,Anna,Paz,25962
25963,266123238,Albano,Sotelo,25963
25964,906903265,Rodrigo,Colom,25964
25965,445377260,Tere,Almazan,25965
25966,172498011,Gervasio,Criado,25966
25967,956596455,Claudio,Nunez,25967
25968,269697751,Donato,Pinilla,25968
25969,542910751,Concha,Padilla,25969
25970,807326004,Juliana,Grande,25970
25971,363027758,Casandra,Ribas,25971
25972,981521030,Edgardo,Trillo,25972
25973,885814890,Modesta,Bru,25973
25974,577175609,Eli,Pont,25974
25975,995566602,Caridad,Hoyos,25975
25976,183345449,Octavia,Priego,25976
25977,883019407,Berto,Ferrando,25977
25978,617818156,Augusto,Royo,25978
25979,895265527,Francisco Jose,Casares,25979
25980,500829013,Lupita,Dominguez,25980
25981,133426534,Chus,Fortuny,25981
25982,967809979,Plinio,Saenz,25982
25983,361519117,Evita,Parra,25983
25984,349592550,Joel,Catalan,25984
25985,697973001,Nydia,Becerra,25985
25986,624420272,Perlita,Arnaiz,25986
25987,399703756,Otilia,Cerro,25987
25988,741091865,Felisa,Escribano,25988
25989,875470415,Noa,Caparros,25989
25990,790742467,Pio,Valverde,25990
25991,959140239,Elias,Ramon,25991
25992,498022181,Martin,Gabaldon,25992
25993,568621718,Faustino,Bermudez,25993
25994,936775939,Lucia,Puga,25994
25995,240120507,Remigio,Pozo,25995
25996,395002537,Merche,Miguel,25996
25997,231377389,Quirino,Roman,25997
25998,258916391,Carina,Andreu,25998
25999,629429148,Angelina,Arcos,25999
26000,807734833,Nestor,Saura,26000
26001,334012596,Rogelio,Sevilla,26001
26002,386101424,Angel,Ribes,26002
26003,349336424,Federico,Bautista,26003
26004,607705360,Dorita,Cortina,26004
26005,712143694,Damian,Solera,26005
26006,255554089,Efrain,Fuente,26006
26007,635488768,Ligia,Bermudez,26007
26008,427721027,Lino,Aleman,26008
26009,246719840,Cosme,Mendez,26009
26010,771037092,Manuel,Exposito,26010
26011,970165612,Olga,Ortega,26011
26012,954555125,Etelvina,Martorell,26012
26013,515459538,Encarnita,Pinedo,26013
26014,559550103,Eloy,Porta,26014
26015,608757351,Luisina,Quero,26015
26016,795027954,Daniel,Baron,26016
26017,301811383,Maria Carmen,Vazquez,26017
26018,233790560,Leandra,Echeverria,26018
26019,937989683,Alcides,Vazquez,26019
26020,239082605,Berto,Fabregas,26020
26021,330708647,Luna,Vara,26021
26022,295298086,Vasco,Figueroa,26022
26023,514347563,Sigfrido,Casanovas,26023
26024,339165899,Cruz,Banos,26024
26025,735645432,Celso,Mur,26025
26026,169118878,Montserrat,Ugarte,26026
26027,116627828,Agustin,Tirado,26027
26028,111925234,Leticia,Vigil,26028
26029,888259170,Alonso,Iriarte,26029
26030,799936443,Reina,Quintanilla,26030
26031,951302071,Marcial,Querol,26031
26032,501137610,Margarita,Sales,26032
26033,462241820,Walter,Real,26033
26034,944760320,Gabriela,Sabater,26034
26035,480932587,Ivan,Amor,26035
26036,199493347,Lisandro,Lamas,26036
26037,898460086,Cirino,Font,26037
26038,561285972,Pepe,Abril,26038
26039,712031300,Leonardo,Lamas,26039
26040,893040785,Pastora,Tejera,26040
26041,244919426,Teodora,Soto,26041
26042,387023792,Caridad,Pascual,26042
26043,236027135,Angelina,Abellan,26043
26044,281474990,Noemi,Uria,26044
26045,806068145,Julieta,Andres,26045
26046,480193291,Salvador,Anaya,26046
26047,713068610,Ivan,Falco,26047
26048,595277855,Feliciana,Iglesia,26048
26049,932646508,Maria Belen,Pulido,26049
26050,129303601,Fabian,Montserrat,26050
26051,651839814,Yaiza,Roura,26051
26052,999049615,Ainara,Hurtado,26052
26053,599747294,Adora,Hierro,26053
26054,551973605,Adelaida,Coloma,26054
26055,403777986,Adela,Salom,26055
26056,770389071,Regulo,Vina,26056
26057,704056917,Sonia,Romeu,26057
26058,232199651,Vidal,Alegria,26058
26059,445361050,Fabiola,Valderrama,26059
26060,625107100,Socorro,Cuenca,26060
26061,246816463,Mariano,Zamorano,26061
26062,414320431,Paola,Coello,26062
26063,409625887,Candelaria,Arino,26063
26064,112169555,Regina,Sala,26064
26065,153673927,Jose,Tomas,26065
26066,339664336,Silvia,Mulet,26066
26067,870827312,Macario,Ribas,26067
26068,365803779,Roldan,Vera,26068
26069,290663008,Lilia,Jurado,26069
26070,452648454,Wilfredo,Alberola,26070
26071,439943880,Nadia,Reig,26071
26072,371710457,Azahar,Manzano,26072
26073,360155171,Luna,Tamayo,26073
26074,714214157,Eva Maria,Segura,26074
26075,267554007,Macario,Rius,26075
26076,891673332,Miriam,Sosa,26076
26077,431545910,Adan,Mancebo,26077
26078,736628269,Bernabe,Mesa,26078
26079,936825009,Humberto,Plana,26079
26080,816888013,Aristides,Rosado,26080
26081,597729891,Camilo,Puente,26081
26082,884053811,Maxima,Amador,26082
26083,858668823,Eloy,Priego,26083
26084,373182799,Eduardo,Dominguez,26084
26085,211255877,Ani,Guitart,26085
26086,857825428,Graciela,Ibanez,26086
26087,476028457,Reyna,Cordoba,26087
26088,118340355,Eustaquio,Zamora,26088
26089,148194599,Selena,Casado,26089
26090,688950525,Montserrat,Arce,26090
26091,597854351,Victorino,Carrillo,26091
26092,495627980,Telmo,Pacheco,26092
26093,859987285,Edelmira,Pedro,26093
26094,604214808,Ruben,Cerda,26094
26095,351059131,Valerio,Lara,26095
26096,225534293,Julio,Bueno,26096
26097,284837585,Jose Ramon,Aparicio,26097
26098,961112960,Lina,Diez,26098
26099,141783894,Ricardo,Adan,26099
26100,388422511,Segismundo,Robledo,26100
26101,152571434,Ursula,Sotelo,26101
26102,353446537,Samanta,Carretero,26102
26103,124991540,Florencia,Coello,26103
26104,874437008,Bibiana,Baron,26104
26105,980358898,Victor Manuel,Barba,26105
26106,650946544,Goyo,Angel,26106
26107,955832386,Jonatan,Pineiro,26107
26108,987715684,Eustaquio,Vera,26108
26109,409669907,Carlito,Castillo,26109
26110,348796837,Raquel,Ojeda,26110
26111,636895699,Encarnita,Escudero,26111
26112,623025912,Jose Maria,Sebastian,26112
26113,688656138,Jordi,Blazquez,26113
26114,348013077,Claudia,Baron,26114
26115,665061473,Calixta,Arco,26115
26116,456048203,Lidia,Anaya,26116
26117,343957602,Candela,Olivera,26117
26118,390449537,Noelia,Baena,26118
26119,740899965,Aurora,Cuellar,26119
26120,394068172,Florinda,Amores,26120
26121,568150913,Leocadio,Vilalta,26121
26122,388704759,Graciano,Cruz,26122
26123,816305901,Heraclio,Baeza,26123
26124,346491370,Carlos,Piquer,26124
26125,821193001,Sandalio,Pont,26125
26126,768994803,Poncio,Sierra,26126
26127,598256987,Cristobal,Sanmartin,26127
26128,691830942,Teobaldo,Alcala,26128
26129,990042520,Hector,Carrion,26129
26130,940691647,Carlos,Jorda,26130
26131,453247298,Bernabe,Guillen,26131
26132,412025949,Angeles,Riquelme,26132
26133,758392192,Rosalva,Pinedo,26133
26134,666560480,Damian,Balaguer,26134
26135,432207420,Maria,Aparicio,26135
26136,511845076,Duilio,Arnau,26136
26137,560117590,Amado,Vallejo,26137
26138,706510802,Demetrio,Chico,26138
26139,421032384,Vilma,Andres,26139
26140,708338317,Lino,Cano,26140
26141,143729480,Roque,Jaume,26141
26142,850358189,Miriam,Santamaria,26142
26143,117095266,Isabel,Catala,26143
26144,825428268,Zacarias,Sala,26144
26145,468287673,Rafa,Ferrer,26145
26146,249148307,Luciano,Balaguer,26146
26147,486723280,Crescencia,Haro,26147
26148,818405477,Dora,Vendrell,26148
26149,224077778,Ciriaco,Company,26149
26150,530487871,Rogelio,Ortega,26150
26151,643168891,Lisandro,Gallo,26151
26152,448526309,Carla,Carreras,26152
26153,521645457,Primitivo,Adan,26153
26154,396150752,Erasmo,Cruz,26154
26155,457758231,Balduino,Benet,26155
26156,116374352,Yaiza,Diaz,26156
26157,591149018,Victoria,Morante,26157
26158,162449722,Rafael,Taboada,26158
26159,904023250,Eulalia,Garriga,26159
26160,551498392,Febe,Rocamora,26160
26161,689016846,Olivia,Vazquez,26161
26162,498845502,Manuelita,Carmona,26162
26163,783819488,Silvio,Saura,26163
26164,997806497,Anna,Egea,26164
26165,288952381,Amador,Murcia,26165
26166,870959439,Aristides,Osuna,26166
26167,189577439,Lola,Cozar,26167
26168,509192808,Genoveva,Quesada,26168
26169,434624151,Herberto,Sans,26169
26170,308319749,Alondra,Villegas,26170
26171,903931929,Curro,Naranjo,26171
26172,788838081,Zacarias,Nieto,26172
26173,929713902,Chema,Posada,26173
26174,131503457,Fernanda,Corominas,26174
26175,664026008,Ximena,Pavon,26175
26176,474725948,Ana,Galvez,26176
26177,976645824,Evaristo,Estevez,26177
26178,657529816,Eligio,Verdejo,26178
26179,339078792,Maria Teresa,Iglesias,26179
26180,423294970,Miguel,Bosch,26180
26181,228355873,Juanito,Jimenez,26181
26182,183943291,Clara,Real,26182
26183,478742783,Vicenta,Posada,26183
26184,906561762,Luciano,Macias,26184
26185,543658836,Rocio,Saura,26185
26186,377119173,Tere,Muniz,26186
26187,985674215,Pili,Paez,26187
26188,732711105,Ruben,Palma,26188
26189,145437789,Natanael,Alonso,26189
26190,385201262,Rufino,Sandoval,26190
26191,523894841,Virginia,Goicoechea,26191
26192,676970075,Teobaldo,Contreras,26192
26193,244695871,Loida,Carbo,26193
26194,936110979,Marisa,Barco,26194
26195,798857712,Alejo,Morcillo,26195
26196,106371282,Jose Manuel,Pazos,26196
26197,753847508,Cristina,Marquez,26197
26198,406616888,Berto,Villar,26198
26199,769192106,Jennifer,Bou,26199
26200,971493427,Guillermo,Bru,26200
26201,480575759,Chus,Macias,26201
26202,861547924,Jose Miguel,Villalba,26202
26203,315525650,Micaela,Arellano,26203
26204,168515588,Albert,Isern,26204
26205,936937345,Patricio,Dominguez,26205
26206,912384379,Josep,Folch,26206
26207,133157427,Jose Manuel,Goni,26207
26208,632750446,Remigio,Riquelme,26208
26209,373394455,Marisela,Sancho,26209
26210,828142750,Emperatriz,Miranda,26210
26211,318043843,Miriam,Sastre,26211
26212,885555544,Flavia,Parejo,26212
26213,719040328,Miguela,Atienza,26213
26214,251623347,Juan Francisco,Palomo,26214
26215,678083844,Casemiro,Lloret,26215
26216,499437737,Selena,Torres,26216
26217,102055337,Graciana,Cervera,26217
26218,423928826,Piedad,Vinas,26218
26219,196968850,Antonio,Corbacho,26219
26220,768506504,Vito,Sanchez,26220
26221,681630796,Margarita,Nogues,26221
26222,246130205,Ramona,Almeida,26222
26223,490850626,Ciro,Rosado,26223
26224,859455977,Adrian,Saez,26224
26225,102354309,Lina,Mas,26225
26226,887336191,Marcela,Mercader,26226
26227,377281563,Ruben,Rodriguez,26227
26228,493889023,Demetrio,Torrecilla,26228
26229,801848153,Juan,Clemente,26229
26230,305935112,Africa,Montesinos,26230
26231,550907830,Carmina,Barros,26231
26232,114890030,Margarita,Jove,26232
26233,729108797,Marina,Rivera,26233
26234,615416354,Teobaldo,Merino,26234
26235,771711559,Adora,Espinosa,26235
26236,984950750,Baltasar,Isern,26236
26237,836543406,Demetrio,Gascon,26237
26238,795858206,Vidal,Hervia,26238
26239,211725088,Mar,Bas,26239
26240,681619016,Guiomar,Castrillo,26240
26241,755558450,Emiliana,Fabregat,26241
26242,899064000,Albano,Macias,26242
26243,498893944,Vera,Pont,26243
26244,366891732,Osvaldo,Caparros,26244
26245,342788343,Julian,Alegre,26245
26246,302979294,Javi,Cano,26246
26247,427344595,Claudia,Ordonez,26247
26248,312489565,Paula,Lucena,26248
26249,488679098,Iker,Escamilla,26249
26250,849767205,Fulgencio,Catala,26250
26251,385698619,Moises,Ojeda,26251
26252,431224964,Jorge,Cuervo,26252
26253,261805609,Jorge,Isern,26253
26254,832144141,Eleuterio,Gonzalez,26254
26255,766387235,Rodolfo,Nunez,26255
26256,467910091,Omar,Borras,26256
26257,452822154,Maricela,Escudero,26257
26258,304046289,Itziar,Redondo,26258
26259,900549357,Sebastian,Gual,26259
26260,779088042,Aitor,Hurtado,26260
26261,937556485,Zoraida,Cervantes,26261
26262,104019045,Ismael,Villegas,26262
26263,426190888,Herminio,Lasa,26263
26264,117603886,Pepito,Agullo,26264
26265,490253553,Ramiro,Rosa,26265
26266,308526318,Anibal,Vinas,26266
26267,661728123,Reyes,Mateos,26267
26268,492720996,Evelia,Baena,26268
26269,904692057,Wilfredo,Galvan,26269
26270,246413588,Georgina,Francisco,26270
26271,644290223,Diego,Tolosa,26271
26272,772002032,Arcelia,Salva,26272
26273,922799128,Virginia,Castilla,26273
26274,841675364,Sebastian,Ortiz,26274
26275,872648978,Ciriaco,Amores,26275
26276,817288872,Ariel,Collado,26276
26277,917046302,Crescencia,Canton,26277
26278,432333671,Hernando,Mena,26278
26279,215687046,Anita,Manrique,26279
26280,512680242,Roldan,Ordonez,26280
26281,335814251,Severo,Arias,26281
26282,448841132,Epifanio,Aznar,26282
26283,647575028,Angelica,Armas,26283
26284,188423394,Toribio,Lujan,26284
26285,688767961,Pascuala,Calzada,26285
26286,136948124,Ciriaco,Seco,26286
26287,578352397,Dominga,Coronado,26287
26288,618145535,Natividad,Sosa,26288
26289,561338639,Gema,Alba,26289
26290,672359781,Nydia,Navas,26290
26291,207836050,Emiliana,Manso,26291
26292,355804560,Rosalinda,Alvarez,26292
26293,290590012,Lalo,Noguera,26293
26294,934315761,Carla,Galindo,26294
26295,408844769,Florentino,Dalmau,26295
26296,362732716,Augusto,Pareja,26296
26297,791988374,Marcos,Sancho,26297
26298,628142986,Pia,Huguet,26298
26299,806470438,Estela,Otero,26299
26300,421404729,Maxima,Ponce,26300
26301,586721066,Dominga,Cabo,26301
26302,822196429,Americo,Rueda,26302
26303,174293119,Graciana,Bonet,26303
26304,230327371,Manuelita,Ribes,26304
26305,639812236,Maria Del Carmen,Cuesta,26305
26306,803532522,Amalia,Cuadrado,26306
26307,908226921,Eloy,Melero,26307
26308,342185082,Carlos,Pina,26308
26309,632688603,Macarena,Delgado,26309
26310,924467280,Jose,Andres,26310
26311,591496095,Leandra,Somoza,26311
26312,218735937,Rafaela,Ruiz,26312
26313,469670624,Leire,Solera,26313
26314,470256251,Leonor,Hernandez,26314
26315,527827408,Imelda,Moliner,26315
26316,571277645,Dulce,Bautista,26316
26317,637146597,Anselma,Olmedo,26317
26318,765546711,Perlita,Carnero,26318
26319,820175378,Adalberto,Cespedes,26319
26320,542877539,Luciana,Valdes,26320
26321,235154024,Obdulia,Hurtado,26321
26322,368400143,Toribio,Tenorio,26322
26323,725526809,Roman,Mascaro,26323
26324,980465871,Gabriel,Carrion,26324
26325,393290974,Amarilis,Batlle,26325
26326,900022448,Leon,Gordillo,26326
26327,786558219,Pancho,Sola,26327
26328,694687356,Ruy,Roldan,26328
26329,884782376,Anunciacion,Pinilla,26329
26330,106180292,Chuy,Cardona,26330
26331,228567607,Serafina,Sanmiguel,26331
26332,737661644,Leoncio,Ros,26332
26333,523352732,Vera,Rodrigo,26333
26334,549187287,Andres,Morera,26334
26335,868326891,Apolonia,Morante,26335
26336,531374993,Susana,Peralta,26336
26337,532059842,Brigida,Rosales,26337
26338,833155757,Odalis,Oliver,26338
26339,738917053,Leopoldo,Gabaldon,26339
26340,886055917,Pascual,Segarra,26340
26341,128769936,Adela,Arevalo,26341
26342,106310765,Noa,Tomas,26342
26343,146070132,Jose Antonio,Ugarte,26343
26344,592959816,Leocadio,Canet,26344
26345,336517028,Agapito,Duran,26345
26346,483658807,Felicia,Rios,26346
26347,557192445,Nuria,Leon,26347
26348,855268788,Eutropio,Barros,26348
26349,521144883,Nico,Adan,26349
26350,448204551,Julieta,Galvez,26350
26351,261649109,Tadeo,Mora,26351
26352,167570107,Silvia,Roman,26352
26353,372315237,Lidia,Oliver,26353
26354,641812003,Hector,Palomino,26354
26355,980461559,Gertrudis,Canton,26355
26356,249569702,Roman,Blazquez,26356
26357,701078430,Josue,Garzon,26357
26358,423704831,Renata,Gamez,26358
26359,320864672,Tania,Asenjo,26359
26360,999198775,Che,Castro,26360
26361,216369105,Mayte,Gallart,26361
26362,333432731,Victoria,Elorza,26362
26363,337986737,Angelino,Lumbreras,26363
26364,181447645,Valeria,Garriga,26364
26365,705210752,Isabel,Llado,26365
26366,364124278,Tania,Juan,26366
26367,277556301,Evelia,Cerezo,26367
26368,210649460,Ruperta,Cespedes,26368
26369,658322275,Nicolas,Coca,26369
26370,248245845,Dorita,Hoyos,26370
26371,102979872,Lorenzo,Julia,26371
26372,673175004,Omar,Molina,26372
26373,948141630,Benjamin,Canton,26373
26374,540672646,Alfredo,Bertran,26374
26375,976867598,Jonatan,Galvan,26375
26376,937699651,Luis Miguel,Pedrosa,26376
26377,144165106,Dan,Duran,26377
26378,334244601,Marcela,Colom,26378
26379,334991167,Gil,Manso,26379
26380,394302924,Nazario,Santamaria,26380
26381,851390114,Bernardino,Ramirez,26381
26382,493587782,Yolanda,Estevez,26382
26383,261246567,Maria,Mas,26383
26384,475093486,Teofila,Sastre,26384
26385,840226867,Nestor,Reyes,26385
26386,166721278,Lorenza,Puerta,26386
26387,147469247,Yago,Quesada,26387
26388,546295706,Jafet,Salinas,26388
26389,258886920,Anna,Sarabia,26389
26390,802666846,Godofredo,Fuentes,26390
26391,992184533,Edu,Simo,26391
26392,938584720,Mamen,Minguez,26392
26393,314628546,Amador,Exposito,26393
26394,161381187,Berta,Munoz,26394
26395,810786542,Pedro,Aroca,26395
26396,514552289,Severino,Ribes,26396
26397,607952894,Esther,Buendia,26397
26398,315504636,Alondra,Vicens,26398
26399,896958609,Tecla,Arana,26399
26400,262993395,Marisol,Alegre,26400
26401,504437145,Amaro,Carranza,26401
26402,913827251,Juliana,Aguilera,26402
26403,411627034,Florentino,Falcon,26403
26404,354270593,Abril,Pozo,26404
26405,346886199,Pedro,Vilaplana,26405
26406,937810593,Severino,Galvan,26406
26407,696082948,Chucho,Salas,26407
26408,543340013,Cayetano,Bernal,26408
26409,565011580,Elodia,Salazar,26409
26410,595565075,Saturnina,Larranaga,26410
26411,687529549,Tamara,Valls,26411
26412,235585659,Eladio,Marin,26412
26413,220416024,Nico,Sebastian,26413
26414,633876091,Pepe,Hernandez,26414
26415,674406221,Borja,Blanes,26415
26416,258302013,Jose,Alfonso,26416
26417,397850278,Daniel,Saez,26417
26418,900024157,Yaiza,Madrigal,26418
26419,217114483,Modesta,Gaya,26419
26420,862432127,Mauricio,Llabres,26420
26421,942621252,Celso,Camps,26421
26422,894790910,Joan,Gamez,26422
26423,224310901,Marita,Vizcaino,26423
26424,457267859,Amador,Heredia,26424
26425,803468998,Antonia,Iglesia,26425
26426,254986991,Matias,Sole,26426
26427,759501084,Jose,Torralba,26427
26428,760828363,Adelardo,Parejo,26428
26429,995605486,Noelia,Alvarez,26429
26430,542747621,Estrella,Perello,26430
26431,130584404,Camila,Saez,26431
26432,954881145,Vasco,Ochoa,26432
26433,827649068,Selena,Solis,26433
26434,476474244,Amelia,Marquez,26434
26435,856850295,Tadeo,Quiros,26435
26436,170062585,Ciriaco,Landa,26436
26437,165782861,Oscar,Losa,26437
26438,231224391,Baudelio,Sanz,26438
26439,638388561,Balduino,Soto,26439
26440,174801431,Marisol,Carranza,26440
26441,439062370,Evelia,Cabrera,26441
26442,135343063,Donato,Dominguez,26442
26443,326826284,Esteban,Alberdi,26443
26444,617721997,Montserrat,Garrido,26444
26445,393350808,Apolinar,Campillo,26445
26446,875695999,Reyes,Palacios,26446
26447,579844920,Dora,Sastre,26447
26448,534111139,Angela,Abellan,26448
26449,969728176,Salud,Perez,26449
26450,506752169,Teodora,Arranz,26450
26451,103706974,Joaquin,Velazquez,26451
26452,674945851,Mar,Montero,26452
26453,586904814,Aristides,Marcos,26453
26454,840156613,Jose Antonio,Pla,26454
26455,751972010,Sarita,Fonseca,26455
26456,477953996,Rosalva,Grau,26456
26457,176491598,Jose Francisco,Morata,26457
26458,695132048,Micaela,Gimenez,26458
26459,728373224,Ines,Riba,26459
26460,633299570,Edgardo,Pina,26460
26461,496587893,Maxima,Solana,26461
26462,908512592,Jimena,Guillen,26462
26463,985052722,Jaime,Carballo,26463
26464,206579762,Chucho,Cuevas,26464
26465,955791527,Julio Cesar,Pelayo,26465
26466,181757446,Constanza,Casas,26466
26467,373718881,Etelvina,Moles,26467
26468,246649457,Jose Luis,Gascon,26468
26469,342591246,Jose Angel,Santos,26469
26470,331853022,Vidal,Llobet,26470
26471,833166472,Nerea,Tapia,26471
26472,627616988,Lola,Buendia,26472
26473,176094500,Merche,Pera,26473
26474,848169871,Abril,Ribas,26474
26475,518634929,Tiburcio,Amador,26475
26476,547507487,Geraldo,Galvan,26476
26477,344917421,Saturnino,Navarro,26477
26478,167373816,Rita,Cabrero,26478
26479,481520961,Nerea,Sanz,26479
26480,793913833,Roman,Llorente,26480
26481,443497365,Manu,Arjona,26481
26482,610945662,Olivia,Castejon,26482
26483,888117396,Leire,Marques,26483
26484,770972290,Damian,Pons,26484
26485,681959207,Renata,Calatayud,26485
26486,994591059,Arturo,Vazquez,26486
26487,497404195,Filomena,Vall,26487
26488,274434027,Inocencio,Solana,26488
26489,950529994,Herminio,Mari,26489
26490,258196746,Julio,Casals,26490
26491,341919305,Felicia,Perez,26491
26492,979037242,Palmira,Anguita,26492
26493,513605801,Jose Miguel,Calzada,26493
26494,553937405,Rosalinda,Cuellar,26494
26495,618624995,Ramiro,Amores,26495
26496,802323858,Anunciacion,Trujillo,26496
26497,264453219,Jose Maria,Requena,26497
26498,687396468,Macarena,Moll,26498
26499,671992021,Bernarda,Ortiz,26499
26500,455122153,Rebeca,Cano,26500
26501,100549631,Erasmo,Lobo,26501
26502,833911440,Paz,Robles,26502
26503,349713095,Ariadna,Puga,26503
26504,704983275,Encarnacion,Acero,26504
26505,464232459,Caridad,Carballo,26505
26506,235191618,Lisandro,Aguilo,26506
26507,813310849,Dario,Baro,26507
26508,961124607,Cloe,Morales,26508
26509,246655128,Macario,Gual,26509
26510,391041027,Merche,Bermudez,26510
26511,359231125,Lucila,Linares,26511
26512,152629994,Paco,Pelayo,26512
26513,505538269,Leonardo,Angel,26513
26514,163317273,Maricruz,Quesada,26514
26515,455052025,Febe,Gimenez,26515
26516,403827887,Lourdes,Ortuno,26516
26517,568089676,Nacio,Guerrero,26517
26518,274020259,Abraham,Sans,26518
26519,113724290,Andrea,Mulet,26519
26520,396649502,Yolanda,Casanovas,26520
26521,161628864,Leocadio,Valles,26521
26522,585605860,Adelaida,Benito,26522
26523,525319424,Consuela,Gomez,26523
26524,179996242,Jacinta,Duarte,26524
26525,460837766,Sabina,Melendez,26525
26526,625010186,Isidro,Aguirre,26526
26527,178248911,Judith,Mateo,26527
26528,873429554,Pili,Verdugo,26528
26529,757728083,Adelina,Roman,26529
26530,919719581,Jose Antonio,Sosa,26530
26531,385021369,Javiera,Villalobos,26531
26532,345765115,Concepcion,Medina,26532
26533,630790733,Chus,Morata,26533
26534,293479535,Lidia,Vidal,26534
26535,488843572,Marciano,Perez,26535
26536,647056110,Marciano,Lopez,26536
26537,467359748,Nazario,Parejo,26537
26538,255712341,Juan Jose,Francisco,26538
26539,111460675,Maricela,Mateo,26539
26540,899252767,Zacarias,Barbera,26540
26541,302416702,Olegario,Castellanos,26541
26542,345408405,Simon,Cifuentes,26542
26543,239528625,Ofelia,Narvaez,26543
26544,843153934,Candida,Barrena,26544
26545,371196511,Teo,Diaz,26545
26546,141575103,Natividad,Ortiz,26546
26547,397510646,Hilario,Roldan,26547
26548,710867201,Jaime,Pinilla,26548
26549,621621324,Flor,Urrutia,26549
26550,386573943,Flora,Mate,26550
26551,102247872,Angelica,Vives,26551
26552,591572076,Urbano,Moliner,26552
26553,143703547,Leticia,Salas,26553
26554,380863080,Samuel,Vallejo,26554
26555,472081188,Angela,Fuertes,26555
26556,452201279,Claudio,Jodar,26556
26557,303596783,Maria,Antunez,26557
26558,898763867,Jorge,Canas,26558
26559,778173768,Alejandra,Artigas,26559
26560,946988702,Lorenza,Codina,26560
26561,116718518,Paz,Quiros,26561
26562,717582703,Concha,Herranz,26562
26563,712497209,Tiburcio,Font,26563
26564,976093393,Antonio,Barros,26564
26565,798240112,Jose Luis,Camacho,26565
26566,672976145,Fortunata,Cid,26566
26567,918429042,Otilia,Lopez,26567
26568,926157435,Fortunata,Bartolome,26568
26569,649543151,Pedro,Pinto,26569
26570,953363848,Artemio,Casanovas,26570
26571,238857701,Gema,Pombo,26571
26572,706122911,Hermenegildo,Gracia,26572
26573,352719850,Modesto,Canales,26573
26574,194608882,Quirino,Otero,26574
26575,170298430,Leon,Alcaraz,26575
26576,720787901,Agustin,Dalmau,26576
26577,814973127,Wilfredo,Hernandez,26577
26578,767848726,Cintia,Quintero,26578
26579,919096857,Roxana,Elias,26579
26580,549590149,Haroldo,Gil,26580
26581,301852531,Matilde,Marti,26581
26582,269678508,Lupe,Vicens,26582
26583,930783456,Octavia,Amat,26583
26584,596441906,Marco,Gabaldon,26584
26585,751820648,Maria Carmen,Zapata,26585
26586,907123855,Evaristo,Samper,26586
26587,439522160,Casandra,Tenorio,26587
26588,514459558,Ernesto,Roca,26588
26589,250852188,Dani,Aguilar,26589
26590,695185249,Rufina,Saldana,26590
26591,601933767,Leyre,Pineda,26591
26592,659513478,Celso,Bellido,26592
26593,230972941,Rene,Peinado,26593
26594,195508044,Flavia,Camacho,26594
26595,161425194,Alejandro,Posada,26595
26596,573487389,Crescencia,Cervera,26596
26597,383565185,Remigio,Garrido,26597
26598,878639172,Juanito,Burgos,26598
26599,679250459,Delfina,Parejo,26599
26600,646421158,Nicanor,Aguado,26600
26601,705218409,Griselda,Vila,26601
26602,114332411,Anselma,Aleman,26602
26603,795807423,Loida,Arteaga,26603
26604,571675587,Juan Pablo,Parejo,26604
26605,116240692,Nilo,Tamarit,26605
26606,845595644,Guadalupe,Cid,26606
26607,824346686,Gabino,Baro,26607
26608,505868030,Ani,Pla,26608
26609,385544944,Teobaldo,Barrios,26609
26610,300765375,Carmelita,Barroso,26610
26611,127622762,Paula,Naranjo,26611
26612,988058823,Miguela,Azorin,26612
26613,587490007,Olimpia,Carreno,26613
26614,140939808,Reyes,Fuertes,26614
26615,683073476,Julie,Anguita,26615
26616,882397629,Vanesa,Montana,26616
26617,375458851,Dalila,Benitez,26617
26618,423499298,Severiano,Trillo,26618
26619,128333519,Ildefonso,Simo,26619
26620,704634563,Rosa Maria,Canizares,26620
26621,152365449,Jeronimo,Aliaga,26621
26622,121544763,Paulina,Collado,26622
26623,185220087,Juana,Asenjo,26623
26624,583407474,Anastasia,Pelaez,26624
26625,341077881,Lalo,Bejarano,26625
26626,202190564,Maria Belen,Saez,26626
26627,395650037,Elba,Domenech,26627
26628,433329139,Lorenza,Pinto,26628
26629,329628003,Luis Miguel,Jaen,26629
26630,638301263,Sebastian,Saavedra,26630
26631,572397570,Tomasa,Martin,26631
26632,422416831,Jaime,Ramos,26632
26633,531160236,Rosaura,Amor,26633
26634,290909636,Manu,Andreu,26634
26635,482475843,Camila,Peralta,26635
26636,937975923,Mario,Colom,26636
26637,201437815,Francisco Jose,Arnau,26637
26638,314381923,Jose Antonio,Aguila,26638
26639,906960218,Victor Manuel,Becerra,26639
26640,149527795,Eduardo,Puig,26640
26641,133340835,Manuelita,Vives,26641
26642,457096020,Custodio,Giner,26642
26643,512914125,Jose,Capdevila,26643
26644,865091267,Domingo,Criado,26644
26645,517638747,Toribio,Rueda,26645
26646,873660676,Carmen,Reig,26646
26647,693187526,Matias,Salvador,26647
26648,554021491,Gertrudis,Marin,26648
26649,993652600,Blas,Cueto,26649
26650,393199756,Rosalina,Arcos,26650
26651,813425147,Odalys,Giner,26651
26652,847524257,Lucia,Vendrell,26652
26653,553163632,Gustavo,Calvo,26653
26654,819734652,Ramiro,Egea,26654
26655,304261474,Emilia,Ponce,26655
26656,325824273,Florencio,Montoya,26656
26657,301557556,Miriam,Crespo,26657
26658,797494741,Marina,Roda,26658
26659,225882088,Edelmira,Torrecilla,26659
26660,255517268,Maura,Vilanova,26660
26661,169258051,Gregorio,Esteban,26661
26662,163276770,Teresa,Hierro,26662
26663,546455913,Pacifica,Cobos,26663
26664,449277920,Carmen,Delgado,26664
26665,699909324,Florentina,Ricart,26665
26666,154654558,Iban,Sales,26666
26667,204655699,Rosalia,Colomer,26667
26668,906540485,Marisol,Canovas,26668
26669,277647556,Danilo,Andres,26669
26670,189776461,Maxima,Carreno,26670
26671,789079386,Amada,Barbero,26671
26672,639103831,Victoria,Villa,26672
26673,402214395,Teodoro,Zamora,26673
26674,735899394,Roberta,Arevalo,26674
26675,953018583,Hilario,Sales,26675
26676,961677478,Edgardo,Cuesta,26676
26677,838455979,Lorena,Bertran,26677
26678,848910441,Crescencia,Cueto,26678
26679,159280438,Adolfo,Milla,26679
26680,497776886,Dominga,Vilar,26680
26681,151464991,Veronica,Real,26681
26682,509664064,Concha,Asenjo,26682
26683,155947805,Bernabe,Benet,26683
26684,369868892,Jessica,Rojas,26684
26685,558894485,Olga,Sandoval,26685
26686,171218214,Matias,Uribe,26686
26687,175030998,Gloria,Pareja,26687
26688,775079289,Carmelita,Pujol,26688
26689,474788641,Gabino,Prats,26689
26690,388591654,Dimas,Sabater,26690
26691,845623643,Anabel,Catalan,26691
26692,755396540,Viviana,Dominguez,26692
26693,774994902,Marcia,Carretero,26693
26694,563587034,Iris,Iborra,26694
26695,894750502,Mauricio,Sala,26695
26696,235284762,Odalis,Pina,26696
26697,331235601,Victoriano,Larrea,26697
26698,372814447,Basilio,Olive,26698
26699,783658685,Melania,Vilaplana,26699
26700,112592265,Emiliano,Leon,26700
26701,649052438,Pili,Almansa,26701
26702,855031679,Valero,Valle,26702
26703,942090982,Heliodoro,Fortuny,26703
26704,567326679,Genoveva,Villalba,26704
26705,118233830,Hilda,Esparza,26705
26706,870495382,Damian,Herranz,26706
26707,192811004,Adelina,Diez,26707
26708,130786816,Gema,Mena,26708
26709,518902868,Elias,Jodar,26709
26710,827833185,Dimas,Hurtado,26710
26711,591223429,Panfilo,Escalona,26711
26712,753174980,Leonardo,Uribe,26712
26713,464536133,Serafina,Comas,26713
26714,243654119,Camila,Palacio,26714
26715,615473376,Rosario,Calzada,26715
26716,277249071,Lucho,Manzano,26716
26717,230730460,Obdulia,Casas,26717
26718,487954881,Esther,Ibanez,26718
26719,714615455,Matias,Jorda,26719
26720,326035585,Marcia,Nogues,26720
26721,466819797,Dulce,Canellas,26721
26722,671610552,Daniel,Espejo,26722
26723,593593660,Felix,Zaragoza,26723
26724,538604603,Abel,Camino,26724
26725,511362321,Azucena,Alcazar,26725
26726,263045043,Jonatan,Neira,26726
26727,648968006,German,Pla,26727
26728,531609939,Rene,Cal,26728
26729,374554891,Andres,Rio,26729
26730,107906881,Luisina,Velez,26730
26731,815942946,Morena,Lopez,26731
26732,174481210,Nerea,Montserrat,26732
26733,563114480,Albert,Hervia,26733
26734,808113699,Paloma,Alegre,26734
26735,700382885,Clementina,Morales,26735
26736,791814642,Dorita,Mur,26736
26737,546117632,Saturnina,Llopis,26737
26738,548091456,Imelda,Amor,26738
26739,823023017,Nico,Cuenca,26739
26740,141982396,Sancho,Bayo,26740
26741,382278572,Pablo,Rebollo,26741
26742,919834479,Andres,Osorio,26742
26743,153110846,Patricia,Canovas,26743
26744,924628745,Hector,Piquer,26744
26745,176314633,Espiridion,Ayala,26745
26746,247721981,Amada,Arevalo,26746
26747,559548706,Wilfredo,Acero,26747
26748,721566848,Victor,Briones,26748
26749,232825525,Jenaro,Porta,26749
26750,301464537,Ramona,Cerezo,26750
26751,661448108,Bautista,Melero,26751
26752,369137663,Pia,Parra,26752
26753,452010792,Camilo,Verdu,26753
26754,179164244,Cayetano,Padilla,26754
26755,332382516,Eusebia,Azcona,26755
26756,847446115,Reyes,Escribano,26756
26757,237226026,Severiano,Vilar,26757
26758,688350128,Aroa,Real,26758
26759,782093867,Ciriaco,Goicoechea,26759
26760,488410018,Adriana,Carrion,26760
26761,587818977,Isaias,Rosello,26761
26762,818076307,Josefa,Sans,26762
26763,810171185,Zoraida,Sales,26763
26764,526774655,Jose Maria,Almazan,26764
26765,985322382,Adrian,Guzman,26765
26766,287750267,Luciana,Castells,26766
26767,122094797,Martirio,Agusti,26767
26768,797099320,Crescencia,Ramis,26768
26769,359177349,Amalia,Bejarano,26769
26770,575386798,Cosme,Carreno,26770
26771,388042904,Ovidio,Fuentes,26771
26772,613789186,Marcelo,Plaza,26772
26773,459466660,Magdalena,Uriarte,26773
26774,475505441,Hipolito,Benitez,26774
26775,314648581,Maria Angeles,Ibanez,26775
26776,515380090,Irma,Davila,26776
26777,402655673,Isaura,Carrion,26777
26778,521745265,Veronica,Marcos,26778
26779,642856620,Pelayo,Sevillano,26779
26780,313343206,Ulises,Espinosa,26780
26781,834253559,Josefina,Morillo,26781
26782,107150601,Artemio,Chaves,26782
26783,655009999,Amarilis,Escribano,26783
26784,255317922,Nicolasa,Lerma,26784
26785,524570608,Jesusa,Bernal,26785
26786,810317702,Alicia,Vigil,26786
26787,537809973,Vicente,Espinosa,26787
26788,203000044,Gala,Valls,26788
26789,132993342,Cruz,Solis,26789
26790,915567095,Consuela,Priego,26790
26791,263256270,Olegario,Grande,26791
26792,704037383,Edelmiro,Gonzalez,26792
26793,832599016,Flora,Lago,26793
26794,188171824,Chuy,Acero,26794
26795,416507647,Leonel,Oliva,26795
26796,645598778,Nestor,Heras,26796
26797,224510741,Modesto,Abellan,26797
26798,519609133,Edelmira,Barragan,26798
26799,495969226,Eliseo,Botella,26799
26800,201186617,Anabel,Paz,26800
26801,377333094,Saturnina,Galvez,26801
26802,932008061,Pepe,Luz,26802
26803,580630679,Apolinar,Marti,26803
26804,614047838,Josefina,Mendez,26804
26805,381610194,Macaria,Villegas,26805
26806,623233040,Delia,Serrano,26806
26807,897004239,Irma,Gutierrez,26807
26808,528573915,Ani,Arranz,26808
26809,837014122,Quique,Varela,26809
26810,899674302,Demetrio,Alberdi,26810
26811,287119754,Maria Belen,Aller,26811
26812,168255727,Lucas,Fernandez,26812
26813,632229502,Amando,Bartolome,26813
26814,345429504,Eligia,Escobar,26814
26815,818745967,Arcelia,Gascon,26815
26816,566713205,Javi,Llabres,26816
26817,887902929,Edu,Soriano,26817
26818,522856256,Alejandro,Novoa,26818
26819,670032367,Marcela,Soler,26819
26820,665534860,Virginia,Asensio,26820
26821,338953197,Lorenza,Puerta,26821
26822,800212321,Lucia,Perea,26822
26823,481830158,Vanesa,Alcaraz,26823
26824,450740259,Quique,Calleja,26824
26825,663286711,Felipa,Villalba,26825
26826,911643895,Gertrudis,Riera,26826
26827,663417552,Macario,Pomares,26827
26828,934643901,Florina,Garzon,26828
26829,337359816,Loida,Beltran,26829
26830,294040277,Jeronimo,Arana,26830
26831,719939816,Pacifica,Bernat,26831
26832,310051121,Candelario,Borja,26832
26833,506544535,Felipa,Pulido,26833
26834,539436997,Aurora,Rodriguez,26834
26835,294823500,Teofilo,Uriarte,26835
26836,977022371,Plinio,Vera,26836
26837,614656564,Heriberto,Bou,26837
26838,232601792,Priscila,Carmona,26838
26839,680386836,Jacinta,Saez,26839
26840,649102189,Guadalupe,Cabanillas,26840
26841,166571747,Luis,Elias,26841
26842,565166157,Manuela,Rocamora,26842
26843,253672006,Paula,Rivera,26843
26844,786133821,Marisol,Manzano,26844
26845,332226778,Chucho,Cuevas,26845
26846,876861519,Perlita,Mugica,26846
26847,391982417,Laura,Pacheco,26847
26848,517006510,Leandro,Cabezas,26848
26849,490687735,Elisabet,Serna,26849
26850,174397247,Encarnacion,Osuna,26850
26851,815823470,Joel,Mateos,26851
26852,804728461,Aristides,Chacon,26852
26853,709763781,Juliana,Aguado,26853
26854,971546071,Ismael,Rios,26854
26855,216185492,Aitana,Company,26855
26856,434488018,Erasmo,Lara,26856
26857,978740264,Dominga,Milla,26857
26858,939236139,Anita,Duenas,26858
26859,302587585,Luis Angel,Hervas,26859
26860,144914343,Zacarias,Valero,26860
26861,165825819,Ale,Vendrell,26861
26862,555845078,Glauco,Mugica,26862
26863,896567506,Alberto,Azorin,26863
26864,221943206,Cruz,Mendizabal,26864
26865,989158651,Jesusa,Cozar,26865
26866,682794550,Gil,Guillen,26866
26867,712744837,Modesto,Ricart,26867
26868,600491646,Ariel,Bosch,26868
26869,612066355,Genoveva,Carmona,26869
26870,550465169,Anastasia,Gaya,26870
26871,522391112,Bruno,Minguez,26871
26872,484745656,Nicanor,Bas,26872
26873,419168603,Maxi,Garces,26873
26874,194505730,Leonor,Pi,26874
26875,898133336,Alma,Villalonga,26875
26876,483256488,Jose,Rivas,26876
26877,960724215,Rodrigo,Prado,26877
26878,488122088,Luciano,Lozano,26878
26879,625555263,Alma,Gonzalez,26879
26880,567335449,Quique,Salamanca,26880
26881,182931044,Andres,Canovas,26881
26882,361899247,Esmeralda,Gallart,26882
26883,996167081,Candela,Gual,26883
26884,749993553,Severiano,Navas,26884
26885,500610634,Juana,Carreno,26885
26886,430565373,Elpidio,Roman,26886
26887,497073543,Rosalva,Alberola,26887
26888,521239008,Juan Antonio,Villaverde,26888
26889,977152835,Anacleto,Palomo,26889
26890,235790134,Dominga,Priego,26890
26891,493001334,Gervasio,Sales,26891
26892,853440948,Paulina,Martinez,26892
26893,608861944,Maristela,Feijoo,26893
26894,164620978,Bernabe,Alcalde,26894
26895,953537160,Quique,Matas,26895
26896,573251209,Julio Cesar,Rosa,26896
26897,879404569,Trinidad,Almazan,26897
26898,614477223,Emilio,Osuna,26898
26899,990634594,Andres Felipe,Barranco,26899
26900,616635496,Maria Belen,Benavent,26900
26901,142916907,Fatima,Blazquez,26901
26902,491381224,Juliana,Acero,26902
26903,193164394,Oriana,Ferrero,26903
26904,209781643,Dulce,Cortes,26904
26905,965120462,Celestino,Armas,26905
26906,713681683,Juan Pablo,Vendrell,26906
26907,829647123,Fito,Lillo,26907
26908,613325894,Onofre,Nieto,26908
26909,714582036,Trinidad,Prats,26909
26910,283418366,Adelardo,Hierro,26910
26911,745283835,Ursula,Figuerola,26911
26912,294013185,Aurea,Campillo,26912
26913,582877785,Jesus,Blazquez,26913
26914,143202365,Soraya,Asensio,26914
26915,310600224,Victoria,Navas,26915
26916,693268342,Fidela,Cruz,26916
26917,123619525,Dafne,Araujo,26917
26918,371955863,Josefa,Vilanova,26918
26919,691669658,Adelina,Amaya,26919
26920,872119974,Calixto,Carmona,26920
26921,112788840,Emigdio,Suarez,26921
26922,611035853,Celestina,Pascual,26922
26923,600937798,Yago,Carreras,26923
26924,548345271,Paola,Correa,26924
26925,104218584,Raul,Ferrandez,26925
26926,441253133,Celso,Lloret,26926
26927,460454125,Rufina,Barros,26927
26928,422180905,Sigfrido,Bernad,26928
26929,970250823,Ariadna,Quintanilla,26929
26930,296341316,Climaco,Roldan,26930
26931,616829285,Elodia,Guardiola,26931
26932,615708353,Regulo,Pellicer,26932
26933,495725680,Ainoa,Ugarte,26933
26934,596040466,Fabiola,Garces,26934
26935,228659377,Dorotea,Aznar,26935
26936,623497598,Victor Manuel,Jove,26936
26937,100783094,Paola,Bilbao,26937
26938,920684357,Gil,Melendez,26938
26939,206718260,Tomas,Villena,26939
26940,864084194,Paco,Barbera,26940
26941,506861096,Eloisa,Donoso,26941
26942,715701396,Bruno,Penalver,26942
26943,938095437,Florencia,Escudero,26943
26944,872585976,Isa,Giralt,26944
26945,989248091,Edelmira,Trujillo,26945
26946,143289923,Casemiro,Reyes,26946
26947,792106912,Berta,Torrijos,26947
26948,302657155,Samu,Alamo,26948
26949,394564053,Sabina,Macias,26949
26950,209030858,Ambar,Malo,26950
26951,879380459,Tiburcio,Novoa,26951
26952,661754427,Elpidio,Porras,26952
26953,142203938,Esperanza,Valverde,26953
26954,938737911,Eligio,Ramos,26954
26955,413417901,Carmen,Barrera,26955
26956,274614083,Maria Luisa,Mayo,26956
26957,184458649,Marina,Higueras,26957
26958,349089646,Valerio,Luis,26958
26959,387140141,Martina,Pablo,26959
26960,258403118,Felicia,Canizares,26960
26961,207123060,Juan Pablo,Robledo,26961
26962,882964766,Dalila,Pla,26962
26963,747282244,Ingrid,Cervantes,26963
26964,668890364,Alonso,Heras,26964
26965,350989440,Rosa Maria,Pont,26965
26966,905400252,Iker,Simo,26966
26967,149970106,Martin,Reina,26967
26968,608567070,Atilio,Porcel,26968
26969,693667800,Duilio,Medina,26969
26970,317663272,Fabiola,Riquelme,26970
26971,415651804,Palmira,Arnau,26971
26972,132224394,Plinio,Palma,26972
26973,544960937,Eva Maria,Armas,26973
26974,963907449,Panfilo,Llorens,26974
26975,601111551,Diana,Grau,26975
26976,572600525,Natalia,Pozo,26976
26977,698799134,Maricruz,Alvarez,26977
26978,864021433,Nilda,Valles,26978
26979,173654079,Quique,Acedo,26979
26980,568971214,Roldan,Frutos,26980
26981,491471315,Amado,Bustamante,26981
26982,264673868,Alejo,Urrutia,26982
26983,248994305,Aaron,Tirado,26983
26984,191447490,Luis,Lamas,26984
26985,152791248,Luis,Arregui,26985
26986,521465894,Noelia,Tena,26986
26987,772543045,Mercedes,Gonzalez,26987
26988,233863033,Seve,Carrion,26988
26989,785264557,Teofilo,Camps,26989
26990,378310726,Viviana,Carvajal,26990
26991,419286916,Noe,Paniagua,26991
26992,853984947,Alicia,Dieguez,26992
26993,226629151,Fortunata,Diez,26993
26994,993039584,Marta,Capdevila,26994
26995,977905667,Jordi,Bolanos,26995
26996,765543402,Custodia,Duran,26996
26997,205137820,Tere,Hernandez,26997
26998,872526132,Jose Angel,Asenjo,26998
26999,186781813,Pelayo,Valbuena,26999
27000,933042748,Maria Jose,Carrion,27000
27001,693272941,Nacho,Uriarte,27001
27002,676347182,Trinidad,Rodrigo,27002
27003,746572091,Abraham,Fuentes,27003
27004,236220376,Valeria,Carranza,27004
27005,500203483,Bernardo,Solana,27005
27006,628472836,Lorenza,Enriquez,27006
27007,723664285,Selena,Vera,27007
27008,948834964,Milagros,Fabra,27008
27009,702523107,Fausto,Rivas,27009
27010,377514279,Olimpia,Contreras,27010
27011,285538762,Fidel,Alcazar,27011
27012,532695444,Jenny,Torrens,27012
27013,797220960,Lazaro,Sala,27013
27014,936673687,Amanda,Pujol,27014
27015,457878584,Gilberto,Lillo,27015
27016,523483365,Oriana,Polo,27016
27017,657792593,Leonardo,Pera,27017
27018,709761395,Marcio,Aviles,27018
27019,313038973,Genoveva,Segarra,27019
27020,725028908,Olga,Velez,27020
27021,671649340,Dulce,Sedano,27021
27022,168682807,Prudencia,Mayoral,27022
27023,560116524,Alicia,Bermejo,27023
27024,875214288,Erasmo,Vega,27024
27025,407625077,Ernesto,Giralt,27025
27026,241323606,Jordan,Guerrero,27026
27027,251305106,Jacobo,Pages,27027
27028,459589130,Pili,Rey,27028
27029,665043541,Rebeca,Guitart,27029
27030,985185815,Felisa,Pombo,27030
27031,120433552,Susanita,Batalla,27031
27032,202834351,Tadeo,Pedrero,27032
27033,518714311,Maria Jesus,Valbuena,27033
27034,208661111,Inmaculada,Bauza,27034
27035,534265950,Inocencio,Corbacho,27035
27036,302787785,Gabriel,Cabrero,27036
27037,502625102,Isabela,Oliva,27037
27038,628138834,Modesta,Arellano,27038
27039,875665934,Arcelia,Marin,27039
27040,161421844,Luisa,Pablo,27040
27041,704603142,Florentina,Llobet,27041
27042,313985371,Carina,Pujol,27042
27043,626479490,Flora,Busquets,27043
27044,462817845,Leonardo,Frutos,27044
27045,430667176,Isidora,Saenz,27045
27046,310221034,Placido,Montero,27046
27047,385451540,Eugenio,Ocana,27047
27048,782606105,Fausto,Baez,27048
27049,965713103,Benjamin,Fajardo,27049
27050,913175066,Clotilde,Bru,27050
27051,918359209,Noe,Quiros,27051
27052,865904664,Leopoldo,Corral,27052
27053,942685077,Maribel,Azcona,27053
27054,593367693,Abigail,Granados,27054
27055,493768244,Isaura,Ramirez,27055
27056,891102098,Clotilde,Benavente,27056
27057,825806532,Anastasia,Pedraza,27057
27058,694906935,Constanza,Arrieta,27058
27059,332334967,Jose Luis,Navarrete,27059
27060,762682080,Rafa,Marco,27060
27061,528812981,Manu,Robles,27061
27062,878776512,Nilda,Casal,27062
27063,988987321,Edgar,Falco,27063
27064,648934192,Clotilde,Pelayo,27064
27065,332723798,Joaquin,Miralles,27065
27066,310969250,Jordana,Mariscal,27066
27067,731754559,Selena,Valenciano,27067
27068,287599886,Cipriano,Olivares,27068
27069,597518734,Ramona,Rio,27069
27070,417424063,Virginia,Lasa,27070
27071,308922570,Galo,Ledesma,27071
27072,885834886,Amarilis,Puig,27072
27073,969000421,Barbara,Bermejo,27073
27074,564603434,Dimas,Oliver,27074
27075,830045457,Perlita,Pla,27075
27076,620082010,Placido,Sola,27076
27077,681282650,Gala,Valera,27077
27078,558471074,Haroldo,Jaen,27078
27079,333850568,Amada,Bonet,27079
27080,162011921,Marcelo,Pazos,27080
27081,699124423,Quirino,Cespedes,27081
27082,236117727,Jesus,Abascal,27082
27083,117852452,Leire,Morata,27083
27084,669820016,Eduardo,Cano,27084
27085,579583636,Juan Francisco,Alberto,27085
27086,612119303,Inigo,Bellido,27086
27087,866569831,Hortensia,Jorda,27087
27088,166971450,Saturnina,Feliu,27088
27089,343600914,Leyre,Lamas,27089
27090,685719428,Anunciacion,Salinas,27090
27091,703524336,Azahar,Azorin,27091
27092,869005954,Leonor,Escobar,27092
27093,577625390,Soraya,Montana,27093
27094,475887543,Luciano,Coca,27094
27095,390496734,Adelina,Moran,27095
27096,595403606,Adoracion,Benavent,27096
27097,832154979,Reynaldo,Valenzuela,27097
27098,800328417,Yago,Canas,27098
27099,881495169,Adoracion,Gallardo,27099
27100,430209635,Elvira,Martinez,27100
27101,619000839,Abel,Palomar,27101
27102,250352746,Emelina,Cazorla,27102
27103,640244931,Geraldo,Canovas,27103
27104,677772776,Ismael,Pino,27104
27105,210426957,Ernesto,Jimenez,27105
27106,231187018,Jacinto,Bernad,27106
27107,836894620,Lara,Font,27107
27108,591681913,Luna,Olivares,27108
27109,486185028,Juanito,Canton,27109
27110,486939123,Florina,Larranaga,27110
27111,324294509,Marcelo,Galiano,27111
27112,318201787,Agapito,Baquero,27112
27113,232125092,Telmo,Abril,27113
27114,906472131,Nico,Aragon,27114
27115,757189118,Eugenio,Gual,27115
27116,742521155,Nereida,Alamo,27116
27117,106654142,Galo,Jove,27117
27118,673070901,Juan Luis,Lloret,27118
27119,909874788,Marciano,Diez,27119
27120,445140185,Maximo,Uribe,27120
27121,713962003,Nilo,Clemente,27121
27122,214949412,Edgar,Calvo,27122
27123,959570688,Elisabet,Martorell,27123
27124,394991970,Milagros,Hoyos,27124
27125,569699755,Estela,Aramburu,27125
27126,442652323,Olalla,Pereira,27126
27127,165491347,Salome,Roman,27127
27128,877783953,Macario,Mayol,27128
27129,615160884,Ramona,Bueno,27129
27130,481400191,Jacobo,Cornejo,27130
27131,903287912,Leonardo,Sastre,27131
27132,532555324,Juan Luis,Villena,27132
27133,726368995,Paulina,Garay,27133
27134,775288933,Fidela,Aznar,27134
27135,165322987,Arcelia,Tome,27135
27136,412111214,Cebrian,Palau,27136
27137,805521836,Eloisa,Pou,27137
27138,322853007,Flavio,Figueroa,27138
27139,580054137,Javi,Miro,27139
27140,516213385,Almudena,Tur,27140
27141,190599040,Noe,Serna,27141
27142,418681993,Ligia,Mascaro,27142
27143,923026861,Hugo,Arco,27143
27144,354459660,Judith,Pareja,27144
27145,509693520,Roldan,Gonzalez,27145
27146,976734377,Ale,Ripoll,27146
27147,389287382,Dorotea,Manzanares,27147
27148,909734519,Jose Francisco,Mata,27148
27149,389822856,Fito,Roldan,27149
27150,129462831,Vera,Espejo,27150
27151,954278905,Dorita,Royo,27151
27152,347679489,Marina,Cabello,27152
27153,871925033,Candelas,Baron,27153
27154,821360774,Cirino,Barcena,27154
27155,508971032,Febe,Galiano,27155
27156,192391856,Adelia,Echeverria,27156
27157,761633169,Yago,Valero,27157
27158,116704431,Luz,Fabregat,27158
27159,166923517,Victor,Pombo,27159
27160,736932512,Prudencio,Jorda,27160
27161,345094672,Josefa,Rosello,27161
27162,687023665,Gala,Valencia,27162
27163,691796976,Marisa,Acedo,27163
27164,450176530,Cleto,Agullo,27164
27165,831069235,Ambrosio,Prats,27165
27166,446393826,Leandro,Barreda,27166
27167,172894848,Amelia,Rincon,27167
27168,310428899,Chelo,Quintero,27168
27169,409896668,Emilia,Cuesta,27169
27170,533785760,Ariel,Perea,27170
27171,202952934,Noelia,Araujo,27171
27172,372829058,Roberta,Leal,27172
27173,369699435,Florencio,Lara,27173
27174,449027870,Josefa,Arnal,27174
27175,162510249,Victoria,Gimenez,27175
27176,656108733,Maximiliano,Lledo,27176
27177,755948698,Eufemia,Cabrero,27177
27178,924048187,Hipolito,Garcia,27178
27179,423390705,Evita,Barrio,27179
27180,447955542,Fausto,Valenzuela,27180
27181,330745443,Ursula,Ayuso,27181
27182,913664940,Belen,Uriarte,27182
27183,627058983,Ambar,Pou,27183
27184,653213118,Candelaria,Diaz,27184
27185,257161718,Dorotea,Goni,27185
27186,929498917,Salomon,Torrens,27186
27187,155406804,Heriberto,Guitart,27187
27188,143146156,German,Peinado,27188
27189,250672793,Samu,Llabres,27189
27190,220791162,Angelina,Sanchez,27190
27191,731003111,Elodia,Abril,27191
27192,576611384,Lidia,Camino,27192
27193,317284472,Josefina,Peinado,27193
27194,319934868,Pedro,Carballo,27194
27195,129288637,Eliana,Suarez,27195
27196,844537490,Severo,Marquez,27196
27197,504664669,Florencio,Abril,27197
27198,651540809,Clementina,Conde,27198
27199,343884041,Joaquina,Leiva,27199
27200,250118833,Alicia,Villa,27200
27201,223159856,Jose Antonio,Barrena,27201
27202,522148112,Jose Maria,Sandoval,27202
27203,199879924,Lucio,Lozano,27203
27204,120352063,Luciano,Cortes,27204
27205,677602198,Roque,Serna,27205
27206,548875160,Aurea,Aparicio,27206
27207,646091762,Cristian,Chaparro,27207
27208,247646952,Sigfrido,Villena,27208
27209,477597332,Maribel,Malo,27209
27210,527160046,Estefania,Morata,27210
27211,159495228,Rosalinda,Nunez,27211
27212,982874988,Buenaventura,Ballester,27212
27213,190653447,Roxana,Alegre,27213
27214,987943350,Angela,Carro,27214
27215,479381839,Nazaret,Valero,27215
27216,180388626,Anibal,Guerra,27216
27217,227654621,Tomasa,Briones,27217
27218,621569233,Julie,Minguez,27218
27219,462238096,Modesto,Moya,27219
27220,636055536,Marino,Alberdi,27220
27221,146258061,Delfina,Ferrandez,27221
27222,784170811,Graciano,Llorente,27222
27223,333101843,Lucho,Sabater,27223
27224,641785153,Victor,Paez,27224
27225,734466615,Maria Angeles,Nicolas,27225
27226,173928245,Juan,Serra,27226
27227,938843186,Silvio,Duque,27227
27228,867807075,Jose Luis,Escobar,27228
27229,539203029,Cayetano,Acevedo,27229
27230,815927994,Alexandra,Arino,27230
27231,157790594,Antonia,Moran,27231
27232,958624938,Alvaro,Escobar,27232
27233,254283276,Catalina,Tapia,27233
27234,769136001,Cesar,Estrada,27234
27235,939401481,Paco,Goicoechea,27235
27236,246198498,Asuncion,Quiroga,27236
27237,668858322,Jaime,Puente,27237
27238,858615569,Geronimo,Clavero,27238
27239,324302757,Nicanor,Amoros,27239
27240,309471097,Jose Manuel,Burgos,27240
27241,995629128,Evelia,Mas,27241
27242,715865323,Ildefonso,Neira,27242
27243,803086122,Agustin,Llamas,27243
27244,579711975,Zacarias,Benito,27244
27245,540704104,Dorotea,Montesinos,27245
27246,228821134,Maribel,Cabanas,27246
27247,882432854,Celia,Mendez,27247
27248,369711182,Jaime,Cerezo,27248
27249,697082167,Ana,Domenech,27249
27250,286453674,Buenaventura,Castro,27250
27251,560602412,Humberto,Tena,27251
27252,140347387,Sancho,Rovira,27252
27253,897774953,Virginia,Rocha,27253
27254,878140418,Aitana,Castrillo,27254
27255,309349109,Catalina,Gallart,27255
27256,497149045,Cesar,Pineda,27256
27257,438675490,Jordana,Paredes,27257
27258,116237985,Javier,Mateu,27258
27259,102829095,Remedios,Barrena,27259
27260,383586541,Marcio,Corominas,27260
27261,333700875,Fatima,Rey,27261
27262,168642533,Delfina,Vinas,27262
27263,902070585,Jaime,Sole,27263
27264,514291640,Danilo,Guardia,27264
27265,903544129,Rodrigo,Pol,27265
27266,615467011,Aura,Leiva,27266
27267,352100715,Chuy,Pazos,27267
27268,247603701,Lorenzo,Vinas,27268
27269,555878885,Evaristo,Melendez,27269
27270,548932678,Zaida,Pintor,27270
27271,439079566,Severino,Izquierdo,27271
27272,717981274,Noe,Lasa,27272
27273,519888783,Sabas,Jove,27273
27274,234660004,Maricela,Giralt,27274
27275,511528671,Reyes,Mari,27275
27276,838944373,Nicolas,Clavero,27276
27277,444589485,Lourdes,Roldan,27277
27278,722467829,Isabela,Penalver,27278
27279,960519358,Isabela,Vazquez,27279
27280,895111087,Dan,Trujillo,27280
27281,663527787,Tere,Segui,27281
27282,355634627,Jenaro,Castillo,27282
27283,742213281,Angeles,Galindo,27283
27284,770299177,Marina,Roman,27284
27285,439719587,Adoracion,Font,27285
27286,569289356,Roberto,Sevilla,27286
27287,929665404,Oriana,Bejarano,27287
27288,842486612,Ricarda,Rodriguez,27288
27289,786175340,Anastasio,Solsona,27289
27290,954816156,Maria Belen,Marmol,27290
27291,752794011,Anunciacion,Cerda,27291
27292,658694031,Fabian,Pons,27292
27293,679664828,Gilberto,Botella,27293
27294,999938301,Montserrat,Rovira,27294
27295,199767963,Manolo,Ibarra,27295
27296,798230453,Felisa,Pujadas,27296
27297,342868700,Teresita,Palomares,27297
27298,234618417,Marcio,Baro,27298
27299,661884868,Roberto,Lorenzo,27299
27300,161093957,Anacleto,Gelabert,27300
27301,873533238,Omar,Gargallo,27301
27302,129221869,Claudia,Cid,27302
27303,597445305,Javi,Becerra,27303
27304,847606948,Dimas,Pozuelo,27304
27305,847073404,Jacinta,Gimenez,27305
27306,284105058,Jose Ramon,Alberto,27306
27307,515371302,Eufemia,Pizarro,27307
27308,863391017,Edmundo,Lillo,27308
27309,106307823,Teobaldo,Bilbao,27309
27310,467677142,Trini,Alvarez,27310
27311,648004647,Juan Jose,Campos,27311
27312,121673736,Prudencia,Sureda,27312
27313,547619340,Valentin,Santamaria,27313
27314,364158275,Ligia,Badia,27314
27315,910839920,Cipriano,Mur,27315
27316,427044240,Nestor,Reyes,27316
27317,668631925,Javier,Tudela,27317
27318,621961218,Mayte,Fiol,27318
27319,330891136,Juan Bautista,Benet,27319
27320,541413119,Eric,Andrade,27320
27321,101031316,Carina,Valentin,27321
27322,728470123,Adriana,Zamorano,27322
27323,999566471,Pastor,Hurtado,27323
27324,745997401,Lalo,Barranco,27324
27325,639534645,Nuria,Izquierdo,27325
27326,399139784,Ligia,Oliveras,27326
27327,489971998,Marcos,Herranz,27327
27328,184985999,Natalia,Cordoba,27328
27329,264827358,Ulises,Andres,27329
27330,760867771,Buenaventura,Lobato,27330
27331,503757094,Maria Jesus,Berenguer,27331
27332,789992347,Camila,Gonzalez,27332
27333,799922442,Salud,Llobet,27333
27334,124978752,Luis,Villalba,27334
27335,462824168,Ruperta,Milla,27335
27336,991620134,Hortensia,Borja,27336
27337,361617684,Hermenegildo,Real,27337
27338,782569380,Perlita,Rodriguez,27338
27339,844922515,Sol,Barrio,27339
27340,926365389,Vinicio,Rebollo,27340
27341,141371141,Emilia,Rodenas,27341
27342,196131113,Griselda,Cabrera,27342
27343,777881930,Salome,Tejedor,27343
27344,614440136,Julio Cesar,Lledo,27344
27345,278837723,Mayte,Segura,27345
27346,834253561,Elisabet,Verdu,27346
27347,614995802,Noe,Aguilo,27347
27348,323459846,Vera,Aragones,27348
27349,440925921,Bonifacio,Diaz,27349
27350,317586999,Maria Dolores,Frias,27350
27351,932865648,Ulises,Villegas,27351
27352,302967724,Daniela,Sales,27352
27353,155201450,Fermin,Casanovas,27353
27354,131360648,Leandra,Mendoza,27354
27355,696937967,Manuelita,Pellicer,27355
27356,603922597,Valero,Pardo,27356
27357,296956215,Ana Sofia,Gilabert,27357
27358,255635451,Albina,Daza,27358
27359,541323177,Maria,Orozco,27359
27360,740461057,Joel,Olmedo,27360
27361,707309248,Gertrudis,Valencia,27361
27362,815129037,Aitor,Molina,27362
27363,365854688,Abigail,Serrano,27363
27364,498437327,Francisco Jose,Alcaraz,27364
27365,916635018,Rosario,Cuenca,27365
27366,858358619,Carmen,Sanjuan,27366
27367,597098418,Eusebio,Uria,27367
27368,357805007,Arturo,Quintana,27368
27369,560624311,Carla,Lastra,27369
27370,972634612,Gonzalo,Giralt,27370
27371,705763063,Andrea,Cobos,27371
27372,195049912,Carlota,Ocana,27372
27373,532689839,Donato,Haro,27373
27374,721257738,Dorotea,Bilbao,27374
27375,537326020,Ambar,Marquez,27375
27376,959248006,Conrado,Lobato,27376
27377,693473456,Oriana,Mateos,27377
27378,398275462,Violeta,Abril,27378
27379,637049321,Domingo,Barriga,27379
27380,755890254,Gabino,Cabrero,27380
27381,683855987,Leocadio,Camacho,27381
27382,664459826,Zaira,Nadal,27382
27383,938863518,Benigno,Silva,27383
27384,924972327,Saturnino,Hernandez,27384
27385,559468878,Alejo,Jara,27385
27386,507613772,Esteban,Luz,27386
27387,909332504,Daniela,Cardona,27387
27388,760293953,Antonio,Acuna,27388
27389,972275750,Jose Maria,Roda,27389
27390,225329973,Cecilio,Gomila,27390
27391,185576647,Silvia,Espada,27391
27392,817944845,Luis,Montero,27392
27393,989844768,Clara,Amores,27393
27394,137969739,Maximiliano,Blanca,27394
27395,824282799,Noemi,Frias,27395
27396,136689021,Aranzazu,Perez,27396
27397,548970781,Paulino,Donoso,27397
27398,616424165,Rafael,Montoya,27398
27399,472267990,Evangelina,Donaire,27399
27400,933956583,Jacinta,Estrada,27400
27401,290061443,Rosalina,Ferrando,27401
27402,431650100,Gertrudis,Soler,27402
27403,312438136,Angelino,Guitart,27403
27404,146295152,Chus,Vazquez,27404
27405,916592180,Xavier,Alcala,27405
27406,860355374,Xiomara,Pou,27406
27407,206379728,Aitana,Dieguez,27407
27408,567571462,Maximino,Jimenez,27408
27409,836954302,Isaias,Nogues,27409
27410,613668969,Charo,Carvajal,27410
27411,506756026,Calista,Vidal,27411
27412,536378313,Isidoro,Montserrat,27412
27413,694553947,Jimena,Cabrero,27413
27414,192536225,Ale,Jove,27414
27415,242936884,Anibal,Duque,27415
27416,483387017,Federico,Linares,27416
27417,292891914,Edgar,Arcos,27417
27418,945376322,Raquel,Rios,27418
27419,813396943,Olegario,Ibanez,27419
27420,459069298,Marino,Llabres,27420
27421,109766153,Emiliano,Pelaez,27421
27422,256979363,Alfonso,Carlos,27422
27423,155937034,Jose Mari,Soler,27423
27424,159610675,Coral,Alberola,27424
27425,227645183,Lorenza,Pineiro,27425
27426,379013518,Marcelo,Zabala,27426
27427,331370550,Francisco Jose,Juarez,27427
27428,710124448,Carmen,Agudo,27428
27429,422006459,Noemi,Ropero,27429
27430,733404975,Donato,Cuadrado,27430
27431,857030807,Elias,Haro,27431
27432,429273603,Almudena,Camino,27432
27433,549053227,Jorge,Contreras,27433
27434,246458635,Tamara,Morante,27434
27435,619102316,Emiliana,Alemany,27435
27436,829585276,Albina,Porta,27436
27437,305047144,Nicanor,Pellicer,27437
27438,383309169,Iban,Jimenez,27438
27439,558766457,Atilio,Torrens,27439
27440,646340529,Olegario,Riquelme,27440
27441,300070474,Roberta,Castaneda,27441
27442,609404192,Ignacia,Morante,27442
27443,707509568,Victor Manuel,Tellez,27443
27444,502237864,Guiomar,Lloret,27444
27445,644266616,Josue,Trillo,27445
27446,853170111,Vasco,Cabezas,27446
27447,365646150,Adan,Lerma,27447
27448,533025802,Renata,Martorell,27448
27449,380995877,Emilio,Manuel,27449
27450,528066178,Joaquin,Iborra,27450
27451,104352322,Diego,Aguirre,27451
27452,502617459,Florentino,Raya,27452
27453,579652661,Calixta,Bustos,27453
27454,268747864,Cleto,Almagro,27454
27455,997896448,Piedad,Quintanilla,27455
27456,693407728,Felipa,Andreu,27456
27457,981037842,Valero,Sureda,27457
27458,749830641,Leyre,Fuentes,27458
27459,510542710,Caridad,Casals,27459
27460,929881755,Jose,Badia,27460
27461,159059448,Jessica,Godoy,27461
27462,272550246,Esmeralda,Belmonte,27462
27463,425493484,Nazaret,Escolano,27463
27464,834196260,Clemente,Montalban,27464
27465,572789484,Vidal,Pardo,27465
27466,486276030,Azahara,Amat,27466
27467,500164789,Trinidad,Exposito,27467
27468,384676027,Abel,Leon,27468
27469,905054027,Marcos,Galvez,27469
27470,777741775,Lilia,Gracia,27470
27471,762413248,Martin,Mulet,27471
27472,410301126,Brigida,Barco,27472
27473,451763458,Eligia,Solsona,27473
27474,429474730,Begona,Verdejo,27474
27475,297261949,Aurelio,Bonilla,27475
27476,767805537,Milagros,Blazquez,27476
27477,396125435,Guiomar,Escolano,27477
27478,922697250,Brigida,Oliva,27478
27479,667586772,Moises,Palacio,27479
27480,399118951,Abilio,Coronado,27480
27481,795363995,Teresa,Correa,27481
27482,867897448,Cristina,Ropero,27482
27483,483592341,Baudelio,Bertran,27483
27484,150073469,Ainoa,Alvarez,27484
27485,198852150,Emiliana,Almagro,27485
27486,825135309,Soledad,Arnau,27486
27487,435887496,Calisto,Jove,27487
27488,231263153,Eloisa,Amoros,27488
27489,191499354,Coral,Segui,27489
27490,848959355,Elba,Verdu,27490
27491,795056976,Camilo,Vilaplana,27491
27492,466020811,Marcela,Blanes,27492
27493,502879937,Paz,Carbajo,27493
27494,381759286,Isabel,Trillo,27494
27495,540169857,Pili,Diego,27495
27496,530188574,Sarita,Pelayo,27496
27497,976957098,Raul,Torrijos,27497
27498,842935080,Josefina,Tellez,27498
27499,573809121,Celia,Gomez,27499
27500,183758178,Ivan,Morell,27500
27501,128782796,Vicente,Verdejo,27501
27502,268508262,Sandalio,Porras,27502
27503,102843920,Apolonia,Beltran,27503
27504,981117484,Agata,Pozo,27504
27505,344444513,Toni,Raya,27505
27506,969190370,Maria Cristina,Galan,27506
27507,961277363,Marcos,Rodriguez,27507
27508,628299645,Macario,Palomino,27508
27509,314247149,Gabriela,Pla,27509
27510,935808479,Leyre,Prats,27510
27511,644951536,Aurora,Rossello,27511
27512,173266128,Maria Del Carmen,Martinez,27512
27513,431869480,Paola,Escamilla,27513
27514,926583215,Araceli,Castilla,27514
27515,957833682,Ceferino,Sebastian,27515
27516,989548267,Maristela,Pedro,27516
27517,395550826,Teresa,Alvarez,27517
27518,157453035,Teodosio,Coca,27518
27519,659239188,Celso,Mena,27519
27520,634012362,Africa,Rivas,27520
27521,912582688,Pepito,Castellanos,27521
27522,606245266,Pascuala,Sanz,27522
27523,349788437,Prudencia,Millan,27523
27524,657152015,Susana,Mora,27524
27525,555756651,Leocadio,Galan,27525
27526,794031835,Teofila,Martorell,27526
27527,984844358,Dora,Garmendia,27527
27528,811666701,Teodoro,Avila,27528
27529,596132370,Angelina,Granados,27529
27530,635385051,Santos,Tomas,27530
27531,143099541,Elisa,Mateos,27531
27532,143976435,Judith,Enriquez,27532
27533,702109244,Rita,Amoros,27533
27534,261576722,Reynaldo,Cases,27534
27535,933149503,Daniela,Canas,27535
27536,656466698,Micaela,Miro,27536
27537,450026187,Nazaret,Bas,27537
27538,136838410,Nuria,Alegre,27538
27539,856399711,Tono,Serra,27539
27540,126785060,Jose Ramon,Hoyos,27540
27541,539219705,Brigida,Bermejo,27541
27542,598492342,Maura,Fuentes,27542
27543,713214273,Ruth,Benitez,27543
27544,585139437,Roldan,Cerda,27544
27545,912351669,Manola,Jurado,27545
27546,521039936,Federico,Salcedo,27546
27547,413988485,Narcisa,Blasco,27547
27548,225219043,Piedad,Reig,27548
27549,584363090,Lino,Mariscal,27549
27550,436385644,Sarita,Bou,27550
27551,777357949,Maria Del Carmen,Machado,27551
27552,285524613,Prudencia,Mayo,27552
27553,864733930,Sosimo,Bilbao,27553
27554,832983832,Remigio,Fernandez,27554
27555,902260563,Calista,Maldonado,27555
27556,532892957,Hilario,Armas,27556
27557,829369941,Isaac,Gomis,27557
27558,406090863,Irene,Ferrandiz,27558
27559,802036271,Renata,Ibarra,27559
27560,622336236,Dionisio,Sosa,27560
27561,140229727,Lupe,Millan,27561
27562,473813513,Anita,Pino,27562
27563,831926682,Amor,Duran,27563
27564,649768577,Alcides,Cuadrado,27564
27565,596241400,Lilia,Pizarro,27565
27566,205273240,Rebeca,Yanez,27566
27567,669298910,Agapito,Mata,27567
27568,334198480,Concepcion,Palau,27568
27569,361479661,Julieta,Roda,27569
27570,441515498,Blas,Paz,27570
27571,336763079,Melisa,Domingo,27571
27572,606252596,Juan Pablo,Cases,27572
27573,174512846,Rufina,Amoros,27573
27574,354294614,Noe,Suarez,27574
27575,576160105,Adalberto,Estevez,27575
27576,363459622,Ainoa,Zorrilla,27576
27577,911024727,Xavier,Mir,27577
27578,477178758,Dafne,Roldan,27578
27579,999883019,Guiomar,Gras,27579
27580,907125866,Nuria,Manzano,27580
27581,512674869,Atilio,Cid,27581
27582,146693702,Sosimo,Villanueva,27582
27583,361386769,Segismundo,Font,27583
27584,486369004,Rosalinda,Canizares,27584
27585,449388545,Augusto,Palacios,27585
27586,928748424,Ariel,Carbajo,27586
27587,529673953,Leopoldo,Ferreras,27587
27588,547747450,Leonardo,Cabanillas,27588
27589,761380495,Mariano,Burgos,27589
27590,463247157,Edelmiro,Vargas,27590
27591,977173453,Daniela,Bertran,27591
27592,156780725,Hugo,Tejera,27592
27593,312078078,Maria Cristina,Duarte,27593
27594,690636142,Onofre,Villa,27594
27595,557633267,Regulo,Pozuelo,27595
27596,746652580,Marita,Bayona,27596
27597,866695849,Milagros,Zamorano,27597
27598,996456986,Eleuterio,Pinto,27598
27599,897541068,Maxi,Gelabert,27599
27600,525174375,Amor,Pina,27600
27601,167378044,Loida,Recio,27601
27602,518534897,Nazario,Castilla,27602
27603,458730924,Geronimo,Ballesteros,27603
27604,982428074,Domitila,Cuenca,27604
27605,829611246,Angeles,Revilla,27605
27606,763028412,Rosalia,Rivera,27606
27607,757375814,Noa,Bautista,27607
27608,202717027,Juan Francisco,Anglada,27608
27609,251324073,Georgina,Castillo,27609
27610,865277647,Adalberto,Manso,27610
27611,620825101,Micaela,Baeza,27611
27612,185092287,Amelia,Fernandez,27612
27613,436075760,Rico,Ferran,27613
27614,639057975,Jose Luis,Tejada,27614
27615,351046534,Reyna,Carreno,27615
27616,751094618,Hilda,Corral,27616
27617,581276656,Amado,Toro,27617
27618,874707973,Carlito,Carpio,27618
27619,103424909,Abraham,Iglesia,27619
27620,566072461,Marcio,Lopez,27620
27621,717649633,Nico,Navarro,27621
27622,620997237,Anacleto,Sastre,27622
27623,768278674,Rosario,Fajardo,27623
27624,807336423,Sebastian,Cervantes,27624
27625,188690224,Haroldo,Aramburu,27625
27626,904464243,Carlota,Galiano,27626
27627,760581463,Alonso,Serna,27627
27628,748967435,Sara,Calvo,27628
27629,923158604,Juan Luis,Busquets,27629
27630,442437007,Prudencio,Velazquez,27630
27631,654528063,Abel,Valdes,27631
27632,474488417,Cecilia,Hernando,27632
27633,640735908,Blas,Barros,27633
27634,115257114,Judith,Tejera,27634
27635,307054820,Bernardo,Palau,27635
27636,590477497,Omar,Ojeda,27636
27637,900052961,Martin,Mancebo,27637
27638,338765865,Juan Manuel,Herrera,27638
27639,210616417,Plinio,Bustos,27639
27640,969451467,Amancio,Peral,27640
27641,525861058,Marcia,Sarabia,27641
27642,243458898,Diego,Barreda,27642
27643,599032655,Lina,Barrena,27643
27644,399058796,Juana,Quintanilla,27644
27645,837665351,Candelas,Nunez,27645
27646,984163677,Azucena,Infante,27646
27647,614785977,Jose Francisco,Peralta,27647
27648,301588221,Kike,Palacios,27648
27649,678532839,Carmelo,Serrano,27649
27650,753594517,Juliana,Puente,27650
27651,549093352,Bautista,Duarte,27651
27652,595892592,Leandro,Prieto,27652
27653,107651851,Ovidio,Canizares,27653
27654,828544954,Fito,Zabaleta,27654
27655,711619638,Joan,Camara,27655
27656,435836176,Francisco Jose,Porras,27656
27657,828254813,Griselda,Cantero,27657
27658,252111982,Borja,Gisbert,27658
27659,704441198,Ivan,Aguila,27659
27660,210368459,Fausto,Antunez,27660
27661,747299142,Tono,Porras,27661
27662,927153218,Camilo,Ocana,27662
27663,388556229,Aristides,Julian,27663
27664,243597377,Concepcion,Urena,27664
27665,812152355,Gertrudis,Mendizabal,27665
27666,890489012,Dorita,Manrique,27666
27667,258407775,Marcio,Escobar,27667
27668,337178459,Amalia,Costa,27668
27669,131678887,Rosalia,Peinado,27669
27670,853011861,Azahar,Villanueva,27670
27671,745790902,Cristina,Pla,27671
27672,157201692,Anastasia,Maldonado,27672
27673,664500673,Jessica,Boada,27673
27674,265830221,Camilo,Mugica,27674
27675,766585441,Teo,Guardia,27675
27676,119446006,Sofia,Priego,27676
27677,926794811,Lola,Barros,27677
27678,368075224,Maria Pilar,Marquez,27678
27679,597364823,Guadalupe,Fuente,27679
27680,728935818,Serafina,Gallart,27680
27681,820949595,Pilar,Araujo,27681
27682,742514254,Apolonia,Echevarria,27682
27683,333113164,Quique,Bru,27683
27684,804932732,Azahar,Arias,27684
27685,668162674,Maura,Alcala,27685
27686,334405571,Anselma,Arias,27686
27687,148964341,Zaida,Aguirre,27687
27688,919147045,Sabina,Riba,27688
27689,199896929,Ricarda,Palau,27689
27690,166551737,Edu,Perez,27690
27691,895189808,Matilde,Manzano,27691
27692,476849982,Simon,Menendez,27692
27693,575854848,Emilio,Gallart,27693
27694,614350998,Aureliano,Huerta,27694
27695,374178609,Montserrat,Quero,27695
27696,295218673,Reynaldo,Julia,27696
27697,778673215,Walter,Iriarte,27697
27698,561103827,Haydee,Sierra,27698
27699,329451910,Aitana,Sales,27699
27700,350312356,Hugo,Cabrera,27700
27701,254253693,Adelina,Vilalta,27701
27702,968892101,Manuelita,Samper,27702
27703,636464512,Dimas,Lopez,27703
27704,203254678,Concha,Neira,27704
27705,944711159,Reinaldo,Torralba,27705
27706,530263481,Alberto,Lobato,27706
27707,832632988,Guadalupe,Abascal,27707
27708,286525261,Tamara,Campoy,27708
27709,108869712,Emma,Noguera,27709
27710,915259259,Maxi,Salazar,27710
27711,682854768,Jenny,Pardo,27711
27712,381623839,Bibiana,Alberdi,27712
27713,420651996,Silvestre,Iborra,27713
27714,888987796,Abilio,Vallejo,27714
27715,834562332,Jovita,Bermejo,27715
27716,578882438,Begona,Tejero,27716
27717,966461334,Sandra,Calvo,27717
27718,816626647,Trini,Zabaleta,27718
27719,358206640,Cipriano,Vila,27719
27720,483353875,Imelda,Benavent,27720
27721,115797155,Teresita,Espana,27721
27722,846179076,Diego,Aznar,27722
27723,947034779,Gabriel,Saura,27723
27724,921079983,Saturnina,Macias,27724
27725,170281616,Ivan,Guitart,27725
27726,307352445,Hector,Barbero,27726
27727,539764670,Armida,Sanmiguel,27727
27728,932894774,Emiliano,Pedrosa,27728
27729,934245800,Pacifica,Aguilar,27729
27730,860204202,Cristina,Aznar,27730
27731,227700635,Ursula,Padilla,27731
27732,215086254,Mercedes,Miralles,27732
27733,254074959,Haroldo,Agustin,27733
27734,193924694,Reyna,Villanueva,27734
27735,931187361,Erasmo,Vives,27735
27736,233674560,Candela,Criado,27736
27737,376407513,Luna,Pereira,27737
27738,316484084,Paola,Sandoval,27738
27739,152599421,Alejandro,Carbajo,27739
27740,666632595,Ascension,Vallejo,27740
27741,576637802,Delfina,Segura,27741
27742,752630662,Adela,Nicolau,27742
27743,746200157,Augusto,Mendez,27743
27744,484834186,Concha,Mercader,27744
27745,855193945,Angelita,Machado,27745
27746,824050885,Ignacia,Amores,27746
27747,871161774,Pascual,Tudela,27747
27748,645871183,Rosa,Goni,27748
27749,946935359,Augusto,Penalver,27749
27750,529851799,Bonifacio,Llanos,27750
27751,866517807,Raquel,Montero,27751
27752,492755887,Nicolas,Pacheco,27752
27753,478681625,Anunciacion,Toro,27753
27754,212993656,Luna,Castells,27754
27755,881049978,Alejandro,Prado,27755
27756,469904558,Noe,Izaguirre,27756
27757,637608238,Constanza,Taboada,27757
27758,423209484,Raimundo,Bastida,27758
27759,103878398,Jose,Cuevas,27759
27760,103863484,Angel,Duenas,27760
27761,901170739,Diego,Banos,27761
27762,143081334,Fulgencio,Bayona,27762
27763,736306500,Pascual,Vendrell,27763
27764,602903676,Clotilde,Rincon,27764
27765,377177748,Paca,Jauregui,27765
27766,435806730,Sabas,Cardenas,27766
27767,123912220,Timoteo,Conesa,27767
27768,786373389,Amador,Gras,27768
27769,174006531,Petrona,Amat,27769
27770,293394158,Berto,Lluch,27770
27771,213046544,Sara,Avila,27771
27772,201945114,Vera,Gallardo,27772
27773,223502480,Amanda,Sanz,27773
27774,148042886,Silvio,Aguilar,27774
27775,748811908,Isaac,Amador,27775
27776,498896489,Maria Jose,Rosello,27776
27777,463017911,Loreto,Mancebo,27777
27778,272110162,Agustin,Valdes,27778
27779,343219457,Esperanza,Chico,27779
27780,994990114,Maxima,Ricart,27780
27781,183371179,Obdulia,Piquer,27781
27782,292769463,Maria Angeles,Bernad,27782
27783,433372887,Ruben,Dominguez,27783
27784,931251888,Clementina,Coello,27784
27785,442738253,Anastasio,Galan,27785
27786,108898265,Ruperto,Bermudez,27786
27787,444159345,Rene,Flor,27787
27788,704034459,Cayetano,Lucena,27788
27789,891319854,Ovidio,Benitez,27789
27790,991242010,Silvia,Losa,27790
27791,976319030,Sabina,Bru,27791
27792,932686375,Aurea,Manuel,27792
27793,633936838,Gerardo,Benavente,27793
27794,727377022,Ani,Escriva,27794
27795,546372684,Saturnina,Baez,27795
27796,299061801,Roxana,Mesa,27796
27797,587378096,Maricruz,Alegria,27797
27798,467323305,Reina,Pou,27798
27799,228820505,Jeremias,Ruiz,27799
27800,676713068,Vicenta,Bru,27800
27801,960275688,Lucio,Huertas,27801
27802,862661589,Vilma,Perera,27802
27803,302868542,Anselmo,Valenzuela,27803
27804,825599136,Lucio,Cabanillas,27804
27805,568794264,Natividad,Jaume,27805
27806,298251786,Nazaret,Coello,27806
27807,700647315,German,Arino,27807
27808,166775281,Rodrigo,Marques,27808
27809,639470275,Octavia,Isern,27809
27810,333429265,Inocencio,Vendrell,27810
27811,544122388,Sara,Cozar,27811
27812,611319470,Delia,Ribes,27812
27813,621494248,Tiburcio,Garcia,27813
27814,640654041,Fausto,Rodrigo,27814
27815,816674713,Begona,Baquero,27815
27816,563984847,Wilfredo,Puente,27816
27817,528111345,Carolina,Garcia,27817
27818,936771896,Mirta,Alcaraz,27818
27819,670746878,Margarita,Alamo,27819
27820,117441432,Dulce,Gallego,27820
27821,980827382,Abel,Perez,27821
27822,744445994,Alicia,Arellano,27822
27823,420117679,Angelina,Gallardo,27823
27824,659194225,Roman,Garzon,27824
27825,209395637,Kike,Hierro,27825
27826,184890400,Rocio,Lerma,27826
27827,112093921,Bernabe,Aliaga,27827
27828,277435512,Ester,Bautista,27828
27829,904848750,Juliana,Hoyos,27829
27830,568993295,Jovita,Rozas,27830
27831,966632110,Ale,Canas,27831
27832,469432348,Felicidad,Alarcon,27832
27833,524061172,Elisa,Paez,27833
27834,648379417,Baltasar,Pinol,27834
27835,346662109,Rogelio,Sanchez,27835
27836,321340079,Romulo,Sainz,27836
27837,755482977,Diana,Pou,27837
27838,193153016,Ignacia,Jorda,27838
27839,585092340,Maria Pilar,Puerta,27839
27840,473239169,Jennifer,Ricart,27840
27841,247595472,Juan Bautista,Taboada,27841
27842,432490091,Onofre,Garmendia,27842
27843,962942256,Jeronimo,Echeverria,27843
27844,255796541,Arturo,Rodrigo,27844
27845,220202921,Diego,Huertas,27845
27846,644779682,Vidal,Llorens,27846
27847,280626244,Pia,Torrents,27847
27848,884739547,Agata,Velasco,27848
27849,869441061,Florencio,Diaz,27849
27850,498936007,Laura,Torrents,27850
27851,877118838,Juanito,Zabaleta,27851
27852,507510078,Maximiano,Sedano,27852
27853,578448364,Nicodemo,Barcena,27853
27854,862012547,Horacio,Oller,27854
27855,679902562,Judith,Julia,27855
27856,914090189,Sofia,Castells,27856
27857,512123061,Elba,Murillo,27857
27858,896231201,Amor,Artigas,27858
27859,777540608,Samuel,Palomino,27859
27860,353290206,Eli,Isern,27860
27861,113860126,Samanta,Hernando,27861
27862,958861743,Azeneth,Heredia,27862
27863,482578037,Maxima,Poza,27863
27864,546582512,Reynaldo,Carbonell,27864
27865,487919407,Wilfredo,Gil,27865
27866,827565257,Raimundo,Clavero,27866
27867,630397327,Primitivo,Corominas,27867
27868,514142125,Rosendo,Roma,27868
27869,994437830,Heraclio,Gual,27869
27870,618369884,Clarisa,Requena,27870
27871,683285487,Paola,Casares,27871
27872,627829015,Mauricio,Beltran,27872
27873,979021367,Belen,Cuadrado,27873
27874,806884420,Priscila,Pinilla,27874
27875,946822147,Lucia,Pinto,27875
27876,945362464,Isa,Sanmartin,27876
27877,114103169,Albert,Huertas,27877
27878,140170690,Clotilde,Cerdan,27878
27879,110271758,Angela,Navarro,27879
27880,548971458,Cipriano,Piquer,27880
27881,617511690,Anabel,Alcaraz,27881
27882,402179521,Agueda,Lasa,27882
27883,281310686,Clementina,Zamora,27883
27884,665973870,Humberto,Bernal,27884
27885,531706344,Pastora,Mesa,27885
27886,712899012,Omar,Batalla,27886
27887,945318905,Fabiola,Marcos,27887
27888,454910503,Celestino,Egea,27888
27889,224705605,Leocadio,Villalobos,27889
27890,647155492,Curro,Alegria,27890
27891,312873795,Matilde,Arenas,27891
27892,671218450,Alicia,Giralt,27892
27893,115415615,Anastasio,Bustamante,27893
27894,514540953,Moreno,Serrano,27894
27895,284530538,Candela,Pinedo,27895
27896,327930186,Socorro,Cruz,27896
27897,893314567,Carmina,Espinosa,27897
27898,812376782,Glauco,Noguera,27898
27899,677911510,Sabas,Mir,27899
27900,765685845,Dan,Gomez,27900
27901,526158202,Gustavo,Zorrilla,27901
27902,531801102,Gabino,Atienza,27902
27903,477697089,Rosa Maria,Artigas,27903
27904,675680253,Lucio,Arrieta,27904
27905,588398432,German,Arco,27905
27906,599570568,Cloe,Nicolau,27906
27907,501615427,Lucila,Morales,27907
27908,950094024,Tecla,Anguita,27908
27909,656454610,Jose Maria,Carmona,27909
27910,202670364,Ciro,Chaves,27910
27911,640818774,Clotilde,Armengol,27911
27912,111281930,Alba,Tur,27912
27913,268490705,Nacho,Mariscal,27913
27914,199509033,Clementina,Nogues,27914
27915,551419484,Poncio,Roman,27915
27916,376826068,Africa,Galiano,27916
27917,775306673,Florinda,Quevedo,27917
27918,709128352,Estrella,Larranaga,27918
27919,185145676,Celia,Colom,27919
27920,974994937,Maria Angeles,Hernando,27920
27921,165304409,Roberto,Caballero,27921
27922,806260404,Seve,Miguel,27922
27923,536429101,Nicanor,Torre,27923
27924,431587636,Marita,Molins,27924
27925,819049475,Yaiza,Aleman,27925
27926,387872649,Ramon,Rozas,27926
27927,381950401,Demetrio,Sanjuan,27927
27928,473540217,Bonifacio,Neira,27928
27929,775800597,Eli,Jerez,27929
27930,671215097,Reyes,Ferran,27930
27931,845730100,Gonzalo,Mosquera,27931
27932,812491807,Carolina,Villalobos,27932
27933,173429074,Florina,Almansa,27933
27934,618239413,Nidia,Carrillo,27934
27935,670504922,Jenaro,Medina,27935
27936,953489189,Cipriano,Aragon,27936
27937,686903341,Olalla,Salazar,27937
27938,624430105,Eusebia,Cadenas,27938
27939,562996072,Sancho,Lumbreras,27939
27940,794897556,Paola,Alberdi,27940
27941,929195045,Leonel,Carrera,27941
27942,115631211,Carmen,Jaen,27942
27943,209768402,Manu,Agudo,27943
27944,987536624,Geraldo,Bartolome,27944
27945,449427547,Alex,Gual,27945
27946,577891641,Florencia,Barrena,27946
27947,424711732,Maxi,Ayala,27947
27948,486248906,Angelino,Llabres,27948
27949,537619472,Trinidad,Mugica,27949
27950,188053404,Marino,Carranza,27950
27951,526385167,Maxi,Morata,27951
27952,502665937,Juanito,Cobos,27952
27953,609147385,Jose,Leon,27953
27954,891535925,Angelino,Valenciano,27954
27955,323343434,Esperanza,Escolano,27955
27956,388693796,Luna,Ferran,27956
27957,724802920,Remigio,Batlle,27957
27958,660664341,Sonia,Tapia,27958
27959,477684901,Ruben,Roig,27959
27960,994142879,Ale,Seco,27960
27961,363776188,Jesusa,Diaz,27961
27962,823782287,Anacleto,Bernal,27962
27963,385260141,Abril,Prieto,27963
27964,797069961,Feliciana,Tejera,27964
27965,729251372,Octavio,Figueras,27965
27966,124780919,Maxi,Heredia,27966
27967,864748509,Jordana,Guzman,27967
27968,184177397,Fernanda,Bustos,27968
27969,887558145,Ciriaco,Canellas,27969
27970,383336416,Miguela,Alfaro,27970
27971,305893352,Jose Antonio,Zabala,27971
27972,369838246,Visitacion,Landa,27972
27973,597279886,Brigida,Sola,27973
27974,193195615,Azahara,Quevedo,27974
27975,173249342,Carlos,Arnaiz,27975
27976,453918533,Rodolfo,Molina,27976
27977,717960785,Xiomara,Jover,27977
27978,679094336,Remigio,Ramirez,27978
27979,249579980,Sancho,Hierro,27979
27980,295770873,Epifanio,Guardiola,27980
27981,167239862,Azahara,Aznar,27981
27982,126825981,Casandra,Rey,27982
27983,118468844,Paz,Rozas,27983
27984,439848982,Isabela,Frutos,27984
27985,821468464,Miguel,Sancho,27985
27986,718603449,Ariel,Melendez,27986
27987,555935754,Angel,Bonilla,27987
27988,714679932,Loreto,Pereira,27988
27989,525732973,Moises,Palomares,27989
27990,281465820,Asuncion,Vazquez,27990
27991,469971707,Aurelio,Villena,27991
27992,860233474,Isidoro,Tirado,27992
27993,749083387,Eligia,Quiroga,27993
27994,668085703,Sol,Salom,27994
27995,734449540,Eugenia,Aguado,27995
27996,441668166,Moreno,Castell,27996
27997,652856947,Rodolfo,Lucena,27997
27998,430935499,Cosme,Barrera,27998
27999,997919623,Ruperto,Andres,27999
28000,868459591,Cayetano,Serna,28000
28001,993118799,Evita,Isern,28001
28002,661340244,Ricardo,Ortega,28002
28003,566774247,Leandra,Peralta,28003
28004,143032333,Celia,Criado,28004
28005,669685654,Julia,Oliver,28005
28006,649682402,Rocio,Villegas,28006
28007,814629042,Candelas,Bustamante,28007
28008,663577544,Cruz,Julian,28008
28009,850176490,Gabino,Ferran,28009
28010,304383447,Jose,Martinez,28010
28011,281288946,Baudelio,Noguera,28011
28012,115125539,Heriberto,Chamorro,28012
28013,635081698,Juan Manuel,Alfaro,28013
28014,486323218,Jose Carlos,Verdu,28014
28015,709340242,Borja,Rodriguez,28015
28016,314399944,Eloy,Nieto,28016
28017,137456748,Ignacio,Galan,28017
28018,714887325,Palmira,Cruz,28018
28019,421639960,Arturo,Company,28019
28020,924224224,Filomena,Samper,28020
28021,889701932,Amilcar,Jorda,28021
28022,651989338,Duilio,Gascon,28022
28023,957966523,Carmen,Marin,28023
28024,110352807,David,Lobato,28024
28025,674399576,Jose Ramon,Molins,28025
28026,146449532,Marcelino,Galvez,28026
28027,109702049,Hector,Barranco,28027
28028,957593904,Emiliano,Bastida,28028
28029,667803677,Ruth,Segui,28029
28030,623927138,Candela,Torrents,28030
28031,589836350,Maria Angeles,Gomis,28031
28032,864743193,Trinidad,Fuertes,28032
28033,467920245,Cebrian,Garzon,28033
28034,450252596,Leonor,Poza,28034
28035,478927477,Haroldo,Iborra,28035
28036,225787421,Federico,Ferrandiz,28036
28037,668210909,Alexandra,Bautista,28037
28038,172587354,Prudencio,Benitez,28038
28039,968804037,Leire,Tomas,28039
28040,779463213,Cristina,Llopis,28040
28041,980264466,Ismael,Figueroa,28041
28042,225806052,Susanita,Menendez,28042
28043,736356190,Purificacion,Ibanez,28043
28044,860406310,Carmen,Canellas,28044
28045,104709921,Samanta,Posada,28045
28046,663482396,Leocadio,Montesinos,28046
28047,215551831,Rafaela,Lago,28047
28048,208499638,Leandra,Alcazar,28048
28049,491285037,Amada,Nunez,28049
28050,755674795,Barbara,Dalmau,28050
28051,939699106,Rosario,Tome,28051
28052,883227405,Barbara,Minguez,28052
28053,741171779,Ligia,Rosell,28053
28054,686365880,Paz,Sebastian,28054
28055,862761164,Aurelio,Rius,28055
28056,524859578,Nilo,Amador,28056
28057,597520748,Tere,Gelabert,28057
28058,459031160,Pepita,Romeu,28058
28059,773600941,Nicolas,Gallart,28059
28060,939202607,Cipriano,Olive,28060
28061,591334767,Tere,Morera,28061
28062,733914225,Pepe,Verdugo,28062
28063,138494284,Ximena,Jimenez,28063
28064,128353323,Mohamed,Bertran,28064
28065,844652846,Saturnino,Alegria,28065
28066,655953300,Yesica,Vaquero,28066
28067,822728067,Gaston,Roda,28067
28068,538280995,Gil,Palma,28068
28069,134551140,Angel,Company,28069
28070,483001939,Vidal,Lobato,28070
28071,800118262,Alejandra,Portillo,28071
28072,817353642,Zaira,Alonso,28072
28073,348377906,Hugo,Zamora,28073
28074,358796640,Carlota,Valenciano,28074
28075,173837289,Rosaura,Fortuny,28075
28076,179353116,Toribio,Vilanova,28076
28077,626630083,Dolores,Llado,28077
28078,754983003,Aureliano,Alcantara,28078
28079,549026579,Julia,Sanmartin,28079
28080,286883059,Rosalva,Alegre,28080
28081,428595223,Gil,Cerezo,28081
28082,474380280,Noe,Benito,28082
28083,242238334,Alfredo,Serra,28083
28084,601869834,Hernando,Ochoa,28084
28085,612649366,Fatima,Costa,28085
28086,571254660,Herminia,Elorza,28086
28087,343198218,Amparo,Gascon,28087
28088,632164689,Pedro,Bernad,28088
28089,560487694,Valentina,Martin,28089
28090,715257617,Eladio,Ricart,28090
28091,879397172,Javier,Aguado,28091
28092,426993602,Sancho,Querol,28092
28093,513047170,Marino,Benitez,28093
28094,532802852,Albert,Costa,28094
28095,504026768,Lazaro,Mari,28095
28096,149263325,Chelo,Noguera,28096
28097,898216987,Concepcion,Alberdi,28097
28098,688008152,Nicolasa,Amaya,28098
28099,458481387,Angelita,Leiva,28099
28100,909462213,Alex,Arrieta,28100
28101,788534476,Liliana,Duque,28101
28102,543438011,Perlita,Vallejo,28102
28103,578463916,Mario,Pintor,28103
28104,551294974,Cirino,Pereira,28104
28105,994777151,Tere,Leal,28105
28106,300424107,Espiridion,Almeida,28106
28107,853710929,Paloma,Paredes,28107
28108,308671230,Manolo,Catalan,28108
28109,325942673,Encarnita,Moran,28109
28110,200413099,Viviana,Marco,28110
28111,573352818,Vidal,Gracia,28111
28112,995808001,Itziar,Mayo,28112
28113,620708983,Pacifica,Rovira,28113
28114,512878336,Carmela,Sans,28114
28115,839528315,Marisa,Martinez,28115
28116,955886462,Teresita,Carreras,28116
28117,563712247,Baltasar,Chaparro,28117
28118,188014509,Marita,Sanmartin,28118
28119,102848980,Eutropio,Boix,28119
28120,547164054,Bernardo,Coello,28120
28121,545128792,Leoncio,Carmona,28121
28122,553743863,Ursula,Barral,28122
28123,146733931,Modesta,Peralta,28123
28124,380989127,Isabel,Ramirez,28124
28125,843071937,Chelo,Mascaro,28125
28126,511365101,Candelario,Cal,28126
28127,267419535,Yolanda,Canet,28127
28128,331945776,Jose Miguel,Moreno,28128
28129,790216722,Petrona,Ricart,28129
28130,304109967,Imelda,Jimenez,28130
28131,990906020,Victor,Puig,28131
28132,338932747,Kike,Lucas,28132
28133,752543842,Julian,Llanos,28133
28134,872209925,Climaco,Cobos,28134
28135,277648195,Jose Antonio,Munoz,28135
28136,802288543,Dominga,Casals,28136
28137,133942401,Luna,Garces,28137
28138,341442586,Maximiliano,Morcillo,28138
28139,970315499,Adolfo,Antunez,28139
28140,598045617,Urbano,Alcalde,28140
28141,497476166,Sonia,Alvarado,28141
28142,997828398,Ciriaco,Vaquero,28142
28143,918344667,Asuncion,Elias,28143
28144,782650411,Esther,Salvador,28144
28145,653682624,Calista,Arenas,28145
28146,159612216,Lupe,Lamas,28146
28147,748324498,Visitacion,Ayuso,28147
28148,341477028,Juan Jose,Seco,28148
28149,991526430,Esperanza,Saavedra,28149
28150,253378351,Jordana,Bermudez,28150
28151,307824281,Hernando,Toledo,28151
28152,978914987,Etelvina,Rodrigo,28152
28153,932286131,Alba,Casals,28153
28154,618158775,Vito,Agusti,28154
28155,125381416,Bautista,Rocamora,28155
28156,795155575,Carlos,Farre,28156
28157,627444411,Manuela,Estrada,28157
28158,286915350,Kike,Badia,28158
28159,247523394,Valentin,Isern,28159
28160,451284548,Maristela,Ayala,28160
28161,247416981,Cebrian,Frias,28161
28162,824426660,Estela,Sancho,28162
28163,712153012,Clemente,Ugarte,28163
28164,212933462,Estefania,Jara,28164
28165,360043875,Eli,Nebot,28165
28166,181467505,Cayetano,Barranco,28166
28167,706885543,Genoveva,Saenz,28167
28168,947822002,Africa,Reguera,28168
28169,412007650,Antonio,Rodriguez,28169
28170,146951244,Custodia,Montoya,28170
28171,934323703,Aurelio,Isern,28171
28172,112054390,Santiago,Mugica,28172
28173,896031051,Geraldo,Cuadrado,28173
28174,980980295,Lina,Agullo,28174
28175,250261510,Roldan,Perez,28175
28176,172152769,Mariano,Vives,28176
28177,239689579,Federico,Cordoba,28177
28178,327918911,Leire,Esteban,28178
28179,822919617,Fabian,Dalmau,28179
28180,944314199,Quique,Iborra,28180
28181,727582277,Andres,Olmo,28181
28182,906415250,Ramon,Camps,28182
28183,636187434,Emma,Guitart,28183
28184,239659917,Sonia,Bejarano,28184
28185,986046920,Jessica,Palomo,28185
28186,576575211,Rafaela,Galvez,28186
28187,182002747,Adriana,Cortina,28187
28188,483205269,Juan Carlos,Llanos,28188
28189,453943715,Nilo,Cabello,28189
28190,790318656,Rafa,Palomares,28190
28191,491540820,Xavier,Exposito,28191
28192,179922930,Emilia,Galvez,28192
28193,584800421,Macario,Camps,28193
28194,384034089,Ciriaco,Cuellar,28194
28195,417419579,Francisco,Verdejo,28195
28196,217148726,Leire,Figueroa,28196
28197,886917371,Amando,Marmol,28197
28198,565278355,Marcelo,Perales,28198
28199,271885176,Emiliana,Barba,28199
28200,323670971,Jose Angel,Iglesias,28200
28201,421646603,Pascual,Alvarado,28201
28202,941295805,Samuel,Nicolau,28202
28203,619335339,Alex,Blasco,28203
28204,358205930,Hernando,Contreras,28204
28205,360068009,Edu,Zaragoza,28205
28206,910306416,Esperanza,Luz,28206
28207,382701326,Adelaida,Conesa,28207
28208,109709425,Azahar,Sanz,28208
28209,397846414,Pastora,Andreu,28209
28210,105078938,Ricardo,Peral,28210
28211,790022037,Valero,Gimenez,28211
28212,916448856,Oscar,Noguera,28212
28213,660182545,Samu,Ruiz,28213
28214,799781681,Clotilde,Pinilla,28214
28215,992762388,Paula,Narvaez,28215
28216,265216284,Octavio,Muniz,28216
28217,306319034,Rosalinda,Carrasco,28217
28218,677465318,Desiderio,Salazar,28218
28219,833782227,Joaquina,Abella,28219
28220,651264356,Danilo,Zabala,28220
28221,549445901,Onofre,Maza,28221
28222,339420951,Fabiana,Iglesia,28222
28223,386255989,Sancho,Parejo,28223
28224,934047080,Eutropio,Amat,28224
28225,601981819,Sofia,Sierra,28225
28226,716335602,Inmaculada,Quevedo,28226
28227,617313137,Andrea,Segarra,28227
28228,609160544,Sabas,Saavedra,28228
28229,457301489,Glauco,Gomez,28229
28230,722776015,Gregorio,Roman,28230
28231,674040813,Fabio,Pacheco,28231
28232,457710709,Alejo,Murcia,28232
28233,280074218,Donato,Morcillo,28233
28234,798894100,Jacinta,Alcazar,28234
28235,859099292,Atilio,Avila,28235
28236,199545997,Virginia,Monreal,28236
28237,155587655,Herberto,Gilabert,28237
28238,279212138,Eutimio,Viana,28238
28239,393317380,Gabino,Montserrat,28239
28240,403143562,Feliciano,Acero,28240
28241,521709254,Teo,Escribano,28241
28242,958998037,Felipa,Salamanca,28242
28243,311958563,Maximiano,Valle,28243
28244,301407731,Clarisa,Alvarez,28244
28245,631471359,Florina,Blazquez,28245
28246,623423076,Leyre,Salcedo,28246
28247,927271901,Ovidio,Madrigal,28247
28248,782408754,Emiliano,Calatayud,28248
28249,301410545,Cebrian,Quiroga,28249
28250,842761750,Reynaldo,Losa,28250
28251,720618782,Maricruz,Parejo,28251
28252,660242157,Vera,Rozas,28252
28253,837736228,Arcelia,Palomares,28253
28254,779531541,Claudia,Castello,28254
28255,961732216,Luis Miguel,Aguilar,28255
28256,618153126,Fatima,Exposito,28256
28257,263856162,Rogelio,Moreno,28257
28258,710367377,Agapito,Aragon,28258
28259,229224058,Nayara,Pinol,28259
28260,462736302,Martin,Barragan,28260
28261,248594708,Clarisa,Andres,28261
28262,627619292,Belen,Alberto,28262
28263,803108660,Merche,Sans,28263
28264,475396608,Jacinto,Ballesteros,28264
28265,978483165,Benigna,Fabra,28265
28266,172504604,Ingrid,Otero,28266
28267,636074424,Saturnina,Valbuena,28267
28268,220734172,Laura,Granados,28268
28269,731004502,Ariadna,Lopez,28269
28270,578274855,Rico,Hoyos,28270
28271,347008613,Adriana,Arnal,28271
28272,908715726,Prudencia,Ortuno,28272
28273,499634756,Patricia,Reina,28273
28274,637314020,Mamen,Rocamora,28274
28275,466485758,Teodosio,Baez,28275
28276,564939356,Eutimio,Gaya,28276
28277,150009487,Demetrio,Nunez,28277
28278,791795379,Reyna,Armengol,28278
28279,740447173,Amancio,Lumbreras,28279
28280,936048244,Lilia,Blanca,28280
28281,813677836,Jennifer,Plana,28281
28282,470059488,Nazaret,Sanmartin,28282
28283,931423574,Mohamed,Carmona,28283
28284,822669982,Ruperto,Canton,28284
28285,993746818,Florencia,Chaves,28285
28286,988348157,Feliciano,Valenzuela,28286
28287,364918849,Evelia,Belda,28287
28288,865244813,Ema,Arnaiz,28288
28289,537535765,Aurea,Cazorla,28289
28290,211192903,Leandra,Cabello,28290
28291,262618575,Humberto,Trillo,28291
28292,143609478,Lucio,Zaragoza,28292
28293,760529736,Pablo,Delgado,28293
28294,737512181,Ramon,Carrillo,28294
28295,767322681,Beatriz,Noriega,28295
28296,815700912,Alicia,Lago,28296
28297,681179591,Liliana,Canellas,28297
28298,233204382,Leonel,Herrera,28298
28299,520629563,Vanesa,Samper,28299
28300,553302362,Ariel,Roda,28300
28301,792159365,Ursula,Agullo,28301
28302,806369579,Jenny,Huerta,28302
28303,965890043,Armando,Terron,28303
28304,689198749,Adora,Manrique,28304
28305,284035938,Casemiro,Pou,28305
28306,459914285,Duilio,Rios,28306
28307,962711981,Natalia,Vila,28307
28308,927305003,Catalina,Aguilo,28308
28309,897267643,Adelardo,Pino,28309
28310,719726259,Gabriela,Mur,28310
28311,172628836,Aitor,Sandoval,28311
28312,881280556,Rosalia,Avila,28312
28313,757324137,Jose,Vinas,28313
28314,948795234,Iker,Soto,28314
28315,619399319,Jenny,Acuna,28315
28316,824997288,Evelia,Serna,28316
28317,868693454,Ceferino,Aviles,28317
28318,827061448,Pacifica,Figueras,28318
28319,512822288,Omar,Benitez,28319
28320,700461105,Eusebia,Beltran,28320
28321,767792836,Donato,Morata,28321
28322,189110065,Lupe,Luna,28322
28323,702890741,Pepito,Porcel,28323
28324,466067489,Victor,Bou,28324
28325,718495867,Gabino,Quiros,28325
28326,595472511,Maria Del Carmen,Llopis,28326
28327,872973870,Gertrudis,Pedraza,28327
28328,765447727,Fortunato,Carlos,28328
28329,796365373,Patricia,Canovas,28329
28330,244421784,Yesica,Franch,28330
28331,439745367,Nazaret,Puerta,28331
28332,487101715,Miriam,Amigo,28332
28333,828391424,Judith,Galvez,28333
28334,704902643,Albano,Font,28334
28335,793744364,Raimundo,Gracia,28335
28336,115186825,Wilfredo,Valenciano,28336
28337,591825462,Yesica,Quiros,28337
28338,945288545,Maristela,Mendizabal,28338
28339,826355026,Ascension,Diaz,28339
28340,821493741,Soledad,Machado,28340
28341,153052807,Alex,Pineda,28341
28342,574301442,Delia,Zaragoza,28342
28343,176571770,Amanda,Matas,28343
28344,259394247,Rafa,Velasco,28344
28345,919734912,Paz,Pareja,28345
28346,525496191,Mauricio,Barros,28346
28347,611864989,Flavia,Pizarro,28347
28348,914759868,Abril,Gomis,28348
28349,243795787,Jose,Conde,28349
28350,701809586,Rosaura,Giner,28350
28351,188451392,Consuelo,Marino,28351
28352,612487852,Felisa,Bilbao,28352
28353,761501423,Juanita,Lobato,28353
28354,633910736,Segismundo,Vazquez,28354
28355,320034950,Jacobo,Hernandez,28355
28356,426107544,Armida,Sanjuan,28356
28357,667827135,Marisol,Pages,28357
28358,716639977,Leire,Hoyos,28358
28359,832929051,Eutimio,Arino,28359
28360,991816658,Concha,Tomas,28360
28361,891147169,Lourdes,Bru,28361
28362,504060327,Nilo,Santamaria,28362
28363,911771933,Armando,Saldana,28363
28364,408480232,Manu,Cerro,28364
28365,724973326,Pepito,Ugarte,28365
28366,563091937,Abraham,Pi,28366
28367,412827511,Nazario,Canizares,28367
28368,420455797,Fito,Cazorla,28368
28369,358157721,Maximino,Aller,28369
28370,164422993,Abigail,Sala,28370
28371,111507000,Rosalva,Zamorano,28371
28372,554935282,Asuncion,Roca,28372
28373,189578494,Damian,Gascon,28373
28374,906107257,Juan Manuel,Herranz,28374
28375,129944613,Zoraida,Llorens,28375
28376,162040462,Zacarias,Alcantara,28376
28377,650711978,Inmaculada,Riera,28377
28378,424603115,Isaac,Armengol,28378
28379,882356439,Jenaro,Mosquera,28379
28380,860733838,Nerea,Aller,28380
28381,875463567,Sarita,Riba,28381
28382,563596750,Miriam,Acuna,28382
28383,774992200,Adrian,Correa,28383
28384,972733451,Roxana,Marin,28384
28385,328392749,Yaiza,Saavedra,28385
28386,863321053,Rita,Pages,28386
28387,492530771,Onofre,Herranz,28387
28388,535415016,Gil,Marin,28388
28389,896004759,Rosa,Bermudez,28389
28390,614430949,Marcela,Lozano,28390
28391,899657830,Oriana,Andreu,28391
28392,352127109,Martin,Castrillo,28392
28393,713855133,Lupe,Izaguirre,28393
28394,469533137,Guiomar,Franch,28394
28395,696935029,Angelina,Amigo,28395
28396,757547825,Marisa,Arce,28396
28397,766985797,Petrona,Busquets,28397
28398,967398551,Malena,Riba,28398
28399,705358320,Maria Carmen,Corbacho,28399
28400,980040325,Eva Maria,Villalonga,28400
28401,464596548,Josep,Granados,28401
28402,177670846,Trinidad,Miralles,28402
28403,506524420,Sol,Saavedra,28403
28404,209562404,Jordan,Franch,28404
28405,587744949,Calista,Uribe,28405
28406,483733658,Loreto,Noriega,28406
28407,875732817,Reyes,Salva,28407
28408,568712936,Carlota,Marmol,28408
28409,803969632,Paca,Priego,28409
28410,775525231,Josefina,Tejedor,28410
28411,817451859,Inmaculada,Ledesma,28411
28412,151263796,Zacarias,Sola,28412
28413,288351497,Ricardo,Benet,28413
28414,968834963,Maria,Huguet,28414
28415,652106454,Pepe,Carvajal,28415
28416,943380634,Oscar,Fortuny,28416
28417,309482137,Consuelo,Villalonga,28417
28418,639460574,Adolfo,Fernandez,28418
28419,880268083,Roman,Guardiola,28419
28420,759096516,Eladio,Ramirez,28420
28421,113798414,Lino,Cruz,28421
28422,671106021,Luisa,Huguet,28422
28423,297017569,Reyes,Cabanillas,28423
28424,895981841,Visitacion,Esteve,28424
28425,821450261,Emiliano,Cobos,28425
28426,823600437,Jeremias,Ledesma,28426
28427,425376361,Aaron,Viana,28427
28428,492055654,Maria Dolores,Sabater,28428
28429,470507402,Mariana,Alberola,28429
28430,828057318,Consuelo,Perez,28430
28431,461654656,Carmen,Abascal,28431
28432,766024849,Artemio,Sanmartin,28432
28433,890832683,Carmina,Gabaldon,28433
28434,787451647,Isabela,Pinilla,28434
28435,233160359,German,Casas,28435
28436,438460318,Olga,Sanchez,28436
28437,252523817,Samu,Losada,28437
28438,970334933,Lola,Calatayud,28438
28439,459380754,Martirio,Guzman,28439
28440,127260089,Americo,Benavides,28440
28441,468800005,Lupita,Aragones,28441
28442,910243628,Ariel,Mosquera,28442
28443,848824857,Kike,Banos,28443
28444,660974306,Estrella,Dominguez,28444
28445,639043180,Joan,Leon,28445
28446,646414090,Fausto,Soler,28446
28447,522317822,Gracia,Cabello,28447
28448,973556330,Iker,Tudela,28448
28449,447914714,Maricruz,Narvaez,28449
28450,454256520,Elpidio,Bou,28450
28451,830348082,Cleto,Pulido,28451
28452,559818967,Abril,Vina,28452
28453,696424953,Pascual,Blanca,28453
28454,571730898,Albert,Escolano,28454
28455,782273801,Paola,Lobato,28455
28456,209078044,Pia,Suarez,28456
28457,569941540,Trini,Saldana,28457
28458,561305843,Milagros,Cal,28458
28459,279236243,Teobaldo,Hernandez,28459
28460,271342790,Custodia,Herranz,28460
28461,710442525,Moises,Bartolome,28461
28462,364095349,Monica,Tejero,28462
28463,976220289,Pacifica,Ribes,28463
28464,712913394,Jaime,Sole,28464
28465,455814150,Dora,Azcona,28465
28466,129416395,Leticia,Arrieta,28466
28467,258700993,Pepito,Acero,28467
28468,439772914,Paulino,Villena,28468
28469,718996512,Duilio,Pacheco,28469
28470,785515712,Jose Mari,Duarte,28470
28471,487049903,Irma,Suarez,28471
28472,363112629,Leocadio,Canizares,28472
28473,904319434,Guillermo,Anton,28473
28474,753054891,Yessica,Luque,28474
28475,288450101,Valerio,Jordan,28475
28476,409081962,Bernardo,Gabaldon,28476
28477,831355918,Anacleto,Egea,28477
28478,602054641,Cleto,Aguilo,28478
28479,240152481,Adelaida,Rossello,28479
28480,474794271,Anselmo,Burgos,28480
28481,555593581,Marcela,Romeu,28481
28482,876804506,Alex,Verdu,28482
28483,930054607,Paula,Luz,28483
28484,234041791,Maribel,Blasco,28484
28485,525524129,Guiomar,Valderrama,28485
28486,507250886,Gaspar,Losada,28486
28487,987863278,Diego,Millan,28487
28488,689682594,Encarnita,Garcia,28488
28489,484183889,Lilia,Rius,28489
28490,836172878,Bernarda,Haro,28490
28491,969132027,Rosalinda,Vilanova,28491
28492,118588300,Almudena,Linares,28492
28493,596034736,Hortensia,Torrijos,28493
28494,271253627,Adelardo,Sanmiguel,28494
28495,344071666,Jose Maria,Angel,28495
28496,351297830,Berta,Abella,28496
28497,682152193,Noemi,Quevedo,28497
28498,860886370,Celia,Murillo,28498
28499,658103144,Pilar,Olivares,28499
28500,479383381,Plinio,Blanco,28500
28501,136892335,Juanito,Leal,28501
28502,898591096,Ovidio,Atienza,28502
28503,839439790,Adelaida,Ripoll,28503
28504,695653391,Jacinta,Ledesma,28504
28505,194646564,Anacleto,Benavent,28505
28506,877843419,Amado,Calvet,28506
28507,323161858,Jessica,Ramirez,28507
28508,166366741,Edgardo,Torre,28508
28509,279625429,Sarita,Donaire,28509
28510,877321270,Anselma,Carbajo,28510
28511,658177805,Jordana,Aller,28511
28512,553985325,Juana,Ripoll,28512
28513,792414081,Candelas,Bayona,28513
28514,714862054,Calixto,Agustin,28514
28515,265045552,Bernardino,Pina,28515
28516,901267110,Calisto,Miro,28516
28517,278366367,Francisca,Ayala,28517
28518,773132406,Maria Angeles,Navarrete,28518
28519,643328893,Javier,Iniesta,28519
28520,941522430,Eugenio,Salinas,28520
28521,790274964,Georgina,Rivera,28521
28522,889332374,Luz,Porcel,28522
28523,772885582,Alma,Marquez,28523
28524,689420283,Maria Manuela,Banos,28524
28525,386399131,Rogelio,Torrijos,28525
28526,361228677,Nadia,Amat,28526
28527,501683251,Pastora,Jaen,28527
28528,865823475,Lorena,Donaire,28528
28529,904897893,Rufino,Quero,28529
28530,856689901,Miguela,Vergara,28530
28531,821863558,Belen,Arnal,28531
28532,645482510,Guiomar,Marmol,28532
28533,857098516,Paca,Puig,28533
28534,724576581,Leocadio,Ribes,28534
28535,466584887,Patricio,Caceres,28535
28536,594664042,Maria Fernanda,Sosa,28536
28537,609338817,Rene,Noriega,28537
28538,747452621,Lucila,Rodrigo,28538
28539,401218859,Mirta,Talavera,28539
28540,510345986,Armida,Adadia,28540
28541,619169947,Adolfo,Nebot,28541
28542,828643657,Julian,Alcala,28542
28543,652784336,Ambrosio,Miralles,28543
28544,155268217,Esther,Ayllon,28544
28545,546973189,Maria Jose,Canals,28545
28546,397794866,Marciano,Alsina,28546
28547,754986780,Rita,Arcos,28547
28548,754478019,Maria Fernanda,Montes,28548
28549,396275129,Francisca,Fortuny,28549
28550,518270121,Lara,Vicens,28550
28551,749000803,Lorenzo,Pavon,28551
28552,666974120,Isabela,Vaquero,28552
28553,464276884,Diana,Lucena,28553
28554,448923623,Amaro,Delgado,28554
28555,283123163,Lina,Molins,28555
28556,764206207,Josefa,Moles,28556
28557,131043917,Clemente,Falcon,28557
28558,405799272,Tito,Anglada,28558
28559,711528063,Humberto,Rivas,28559
28560,474589187,Baudelio,Bustos,28560
28561,291451031,Vicente,Orozco,28561
28562,920705554,Reinaldo,Toro,28562
28563,252387363,Gabriela,Bauza,28563
28564,608036480,Albina,Ruano,28564
28565,506341681,Pia,Jordan,28565
28566,252522845,Lorenzo,Cazorla,28566
28567,116331954,Asdrubal,Carranza,28567
28568,132459962,Onofre,Romeu,28568
28569,287614933,Fatima,Amaya,28569
28570,130878191,Walter,Baez,28570
28571,941843329,Sarita,Guillen,28571
28572,296605341,Jose Luis,Tello,28572
28573,834330238,Adrian,Serra,28573
28574,870788724,Rosalinda,Benavent,28574
28575,615027126,Claudio,Reig,28575
28576,435884833,Estefania,Salvador,28576
28577,325163863,Inocencio,Villalonga,28577
28578,967835251,Maxima,Soler,28578
28579,624081725,Blas,Laguna,28579
28580,172447117,Eric,Guzman,28580
28581,569530717,Teobaldo,Cardenas,28581
28582,120320929,Cayetano,Mena,28582
28583,940080917,Patricia,Naranjo,28583
28584,212944317,Maria Jesus,Estevez,28584
28585,331635815,Leticia,Ropero,28585
28586,263333720,Gregorio,Mayo,28586
28587,148632080,Cecilio,Higueras,28587
28588,740784519,Griselda,Salamanca,28588
28589,216317257,Lucio,Vicens,28589
28590,357405095,Leyre,Pulido,28590
28591,856821968,Yesica,Carmona,28591
28592,635023431,Miguel,Nadal,28592
28593,914639940,Hilda,Barros,28593
28594,585365417,Marc,Mesa,28594
28595,946253148,Isidro,Chacon,28595
28596,511098679,Apolinar,Rodriguez,28596
28597,325422316,Jose Antonio,Belda,28597
28598,117011865,Lina,Miguel,28598
28599,988839537,Samuel,Cuellar,28599
28600,211340817,Fito,Vicens,28600
28601,635586823,Febe,Montalban,28601
28602,603908093,Eliana,Ojeda,28602
28603,257710504,Viviana,Sebastian,28603
28604,950316653,Raquel,Valenciano,28604
28605,984922345,Roberto,Gisbert,28605
28606,454491090,Dionisio,Cortes,28606
28607,296336912,Lidia,Verdu,28607
28608,441820665,Lilia,Izquierdo,28608
28609,508644609,Paca,Arcos,28609
28610,208523655,Narciso,Tapia,28610
28611,542631168,Maricela,Bermejo,28611
28612,831119343,Victor Manuel,Milla,28612
28613,586396402,Anabel,Gonzalo,28613
28614,833017948,Hilario,Alba,28614
28615,199531992,Jose Miguel,Bilbao,28615
28616,507146038,Chema,Muro,28616
28617,602442392,Dorotea,Araujo,28617
28618,991865433,Roxana,Company,28618
28619,824458308,Olivia,Armas,28619
28620,153591459,Sandalio,Palomares,28620
28621,363915046,Calixto,Nebot,28621
28622,744294475,Alberto,Crespi,28622
28623,155056046,Abraham,Morales,28623
28624,594880581,Anita,Pomares,28624
28625,678905112,Corona,Barriga,28625
28626,551909346,Ignacio,Orozco,28626
28627,352371222,Silvestre,Carnero,28627
28628,193916108,Abigail,Pera,28628
28629,842900982,Lourdes,Gonzalez,28629
28630,581063422,Eleuterio,Ocana,28630
28631,221967795,Olalla,Gutierrez,28631
28632,411261872,Leandra,Estevez,28632
28633,851310943,Ricarda,Verdu,28633
28634,546978717,Susanita,Caro,28634
28635,408169433,Florencio,Rios,28635
28636,294907411,Olegario,Lucas,28636
28637,444641918,Angelina,Carnero,28637
28638,870138511,Cristobal,Portillo,28638
28639,803853655,Jenaro,Espejo,28639
28640,889425619,Roxana,Seco,28640
28641,786243147,Azahara,Fabra,28641
28642,532300471,Albert,Alvarado,28642
28643,531745098,Alfonso,Villalobos,28643
28644,180849312,Obdulia,Sarmiento,28644
28645,719044421,Sosimo,Rios,28645
28646,623202421,Gala,Iglesias,28646
28647,107189536,Marcela,Esteban,28647
28648,780964590,Demetrio,Llanos,28648
28649,712495836,Eva,Casas,28649
28650,708573210,Dulce,Lozano,28650
28651,331907892,Encarnacion,Montalban,28651
28652,742103947,Tomas,Isern,28652
28653,860798720,Carina,Quesada,28653
28654,544213298,Rafa,Barros,28654
28655,262889776,Anita,Esteve,28655
28656,647557214,Macarena,Carro,28656
28657,681113697,Elias,Cisneros,28657
28658,995939340,Roberto,Gabaldon,28658
28659,756721573,Isaura,Montesinos,28659
28660,481594405,Isaias,Ballesteros,28660
28661,948742083,Vera,Heredia,28661
28662,830678875,Elisabet,Solsona,28662
28663,656921930,Amor,Uribe,28663
28664,110476082,Macario,Corral,28664
28665,628048094,Magdalena,Mata,28665
28666,736998146,Espiridion,Belmonte,28666
28667,210238165,Eligia,Valentin,28667
28668,283670559,Adan,Toledo,28668
28669,797676517,Pastor,Cortes,28669
28670,719561033,Benita,Ribes,28670
28671,384949953,Tomasa,Santana,28671
28672,696491072,Berto,Fuente,28672
28673,672948101,Jose,Miranda,28673
28674,646884088,Abel,Mendizabal,28674
28675,305745657,Cristian,Hoz,28675
28676,728264157,Angelino,Estrada,28676
28677,369376305,Lucia,Hervia,28677
28678,148733576,Sofia,Gisbert,28678
28679,202575036,Jose Francisco,Carreno,28679
28680,251041297,Ascension,Duran,28680
28681,690649992,Macario,Benitez,28681
28682,434135143,Melchor,Arevalo,28682
28683,753927020,Alicia,Tena,28683
28684,714024376,Aurora,Bonilla,28684
28685,115078547,Prudencia,Cortes,28685
28686,146904741,Santos,Valencia,28686
28687,660580242,Yago,Mata,28687
28688,153288535,Luisina,Grau,28688
28689,761857380,Adelardo,Frias,28689
28690,289693376,Iban,Barrio,28690
28691,866837217,Adora,Arias,28691
28692,788277276,Florencia,Ojeda,28692
28693,883548704,Herminia,Castellanos,28693
28694,219666651,Edelmiro,Padilla,28694
28695,619048212,Ovidio,Pinilla,28695
28696,885661977,Jose,Barcelo,28696
28697,767510992,Clarisa,Llado,28697
28698,660924668,Miguela,Manjon,28698
28699,694824599,Begona,Pardo,28699
28700,752358236,Inocencio,Palacio,28700
28701,884913756,Josep,Chaparro,28701
28702,461133668,Fidela,Calvet,28702
28703,246286993,Guiomar,Vilanova,28703
28704,822044496,Samu,Jimenez,28704
28705,591395523,Cruz,Fajardo,28705
28706,727256734,Cristian,Bermejo,28706
28707,665638795,Lope,Ferreras,28707
28708,388318795,Inigo,Montenegro,28708
28709,855619704,Ileana,Tormo,28709
28710,435053273,Victor,Poza,28710
28711,843745332,Amada,Canet,28711
28712,347930067,Jose Francisco,Guardia,28712
28713,172183759,Anselma,Baeza,28713
28714,859294072,Candela,Jaen,28714
28715,280977594,Lara,Soto,28715
28716,543262939,Rodrigo,Ferrandiz,28716
28717,465287014,Celestino,Asensio,28717
28718,684734350,Felix,Farre,28718
28719,867909325,Eligio,Cardenas,28719
28720,570754915,Gracia,Pino,28720
28721,717904786,Ciriaco,Herranz,28721
28722,547001606,Leocadia,Abella,28722
28723,249909032,Luis,Carvajal,28723
28724,239114462,Jose Maria,Puente,28724
28725,988816011,Marita,Rosales,28725
28726,843842434,Bruno,Escamilla,28726
28727,122208366,Merche,Espejo,28727
28728,281727595,Daniela,Perez,28728
28729,516994458,Dolores,Armas,28729
28730,942065000,Chus,Clavero,28730
28731,954473361,Maura,Salamanca,28731
28732,393732536,Jordana,Bertran,28732
28733,406873573,Lara,Moll,28733
28734,917520846,Amparo,Larranaga,28734
28735,576984927,Aurelio,Rocha,28735
28736,146364211,Eloy,Uria,28736
28737,584095326,Olalla,Pelayo,28737
28738,279551022,Poncio,Escobar,28738
28739,227045806,Cloe,Urrutia,28739
28740,635597247,Chucho,Prada,28740
28741,762471418,Marisa,Marin,28741
28742,325709593,Humberto,Cifuentes,28742
28743,119791776,Teresita,Folch,28743
28744,629280846,Florencio,Morata,28744
28745,612548983,Paulina,Barros,28745
28746,135911568,Nicolasa,Abella,28746
28747,639415463,Florencio,Bustamante,28747
28748,265646995,Bartolome,Chico,28748
28749,897960267,Roxana,Ramos,28749
28750,591813823,Adrian,Vazquez,28750
28751,453149355,Ariel,Rojas,28751
28752,124235336,Virginia,Villanueva,28752
28753,252702523,Galo,Jaen,28753
28754,623858171,Valero,Solis,28754
28755,126021719,Nicodemo,Azorin,28755
28756,807393853,Leocadia,Nadal,28756
28757,220063178,Tania,Fabra,28757
28758,443305762,Juan Carlos,Cobos,28758
28759,770833953,Rocio,Quiroga,28759
28760,152166976,Jose,Pascual,28760
28761,779185456,Noe,Campillo,28761
28762,949217813,Anabel,Porcel,28762
28763,674590430,Rafa,Pages,28763
28764,133413391,Hilda,Yanez,28764
28765,478779235,Carlito,Munoz,28765
28766,574092567,Milagros,Feijoo,28766
28767,968235419,Leocadia,Manrique,28767
28768,991185823,Goyo,Godoy,28768
28769,711217617,Gil,Santana,28769
28770,142778676,Narcisa,Botella,28770
28771,214472387,Armando,Boada,28771
28772,501844331,Geraldo,Escribano,28772
28773,591609772,Fatima,Pi,28773
28774,599261109,Estrella,Llamas,28774
28775,503223950,Elena,Azcona,28775
28776,309014846,Violeta,Grau,28776
28777,944980915,Flavio,Clavero,28777
28778,753373163,Nerea,Royo,28778
28779,552911640,Goyo,Palomares,28779
28780,985525517,Artemio,Cerezo,28780
28781,676179819,Cosme,Roman,28781
28782,946072170,Natividad,Pellicer,28782
28783,125988465,Maria Manuela,Redondo,28783
28784,998630688,Cintia,Soria,28784
28785,318718659,Ruben,Amat,28785
28786,438023446,Manuelita,Rosello,28786
28787,117725291,Beatriz,Galvez,28787
28788,680057683,Coral,Arribas,28788
28789,738617751,Godofredo,Cuervo,28789
28790,933441442,Adela,Verdejo,28790
28791,925936705,Miguel Angel,Carnero,28791
28792,268072382,Fabricio,Varela,28792
28793,185530291,Leandro,Castello,28793
28794,656372521,Nuria,Novoa,28794
28795,255499189,Maricruz,Menendez,28795
28796,687794114,Ambar,Castilla,28796
28797,406721106,Montserrat,Jara,28797
28798,780212886,Agustina,Tovar,28798
28799,735638588,Maria Fernanda,Montero,28799
28800,667928128,Maria Angeles,Pina,28800
28801,865427865,Flavia,Lastra,28801
28802,423777131,Flavio,Moran,28802
28803,265866835,Javi,Cortina,28803
28804,318323077,Martin,Alvarez,28804
28805,918660517,Adan,Huertas,28805
28806,567422394,Hermenegildo,Coloma,28806
28807,499264484,Adan,Navas,28807
28808,216501366,Bibiana,Ortuno,28808
28809,748808536,Herberto,Sosa,28809
28810,885908548,Piedad,Palau,28810
28811,176909898,Benito,Tudela,28811
28812,163076633,Rosalina,Sala,28812
28813,719274066,Virginia,Roda,28813
28814,787719623,Rosaura,Puerta,28814
28815,189098588,Delfina,Marin,28815
28816,374248215,Urbano,Roman,28816
28817,312932750,Juan Carlos,Araujo,28817
28818,812671962,Loreto,Canet,28818
28819,707080662,Adan,Sacristan,28819
28820,585287945,Florina,Barreda,28820
28821,528878173,Constanza,Higueras,28821
28822,149245893,Guadalupe,Casares,28822
28823,815511213,Adelina,Mena,28823
28824,360023535,Mariana,Amor,28824
28825,867382974,Teodosio,Montserrat,28825
28826,980466733,Olivia,Giner,28826
28827,757118265,Olalla,Estrada,28827
28828,143065695,Luisa,Cervera,28828
28829,555065902,Manuelita,Bru,28829
28830,469248406,Haydee,Asensio,28830
28831,729081397,Fatima,Torrens,28831
28832,670743395,Juan Manuel,Berenguer,28832
28833,587086017,Cintia,Gamez,28833
28834,376120679,Azeneth,Zabaleta,28834
28835,409850794,Marisela,Velazquez,28835
28836,790254411,Carina,Jaen,28836
28837,422111749,Efrain,Maza,28837
28838,452568476,Felicia,Garrido,28838
28839,541437523,Elvira,Abellan,28839
28840,495107911,Luna,Ortega,28840
28841,601698656,Elpidio,Rocha,28841
28842,989881791,Purificacion,Tapia,28842
28843,529551350,Elias,Cuenca,28843
28844,984954169,Marino,Bellido,28844
28845,183485035,Plinio,Manrique,28845
28846,226363752,Vidal,Anguita,28846
28847,687665758,Gerardo,Campillo,28847
28848,293613248,Cecilia,Aguilar,28848
28849,867900110,Dorotea,Arnau,28849
28850,855378762,Jenaro,Cozar,28850
28851,170597810,Elodia,Nebot,28851
28852,130832490,Hilario,Nicolas,28852
28853,700686611,Jaime,Duarte,28853
28854,759636317,Julia,Olmedo,28854
28855,324200721,Concepcion,Huertas,28855
28856,459413654,Fulgencio,Aragones,28856
28857,110485788,Paola,Villa,28857
28858,400016367,Dani,Valencia,28858
28859,855885826,Delfina,Lorenzo,28859
28860,920521794,Alejandro,Cabo,28860
28861,524857849,Edelmiro,Company,28861
28862,431305569,Herberto,Cueto,28862
28863,768005995,Mamen,Arellano,28863
28864,267993836,Marisol,Duarte,28864
28865,368496321,Nazaret,Hidalgo,28865
28866,213916769,Aura,Anguita,28866
28867,975738774,Ana Belen,Casanovas,28867
28868,369927630,Ximena,Serrano,28868
28869,595203747,Fabio,Martorell,28869
28870,485787208,Jesusa,Mateo,28870
28871,915717821,Lorenza,Garcia,28871
28872,148795886,Hector,Mayol,28872
28873,268159033,Carina,Olivares,28873
28874,115209676,Esteban,Cabeza,28874
28875,195627527,Jimena,Perera,28875
28876,560882410,Micaela,Pereira,28876
28877,912384412,Pascual,Castells,28877
28878,289815919,Odalys,Zurita,28878
28879,762212512,Lucio,Barroso,28879
28880,727719350,Alvaro,Larranaga,28880
28881,298923980,Jose Francisco,Jara,28881
28882,199990673,Marcelo,Becerra,28882
28883,641978707,Mariana,Morell,28883
28884,453116549,Guillermo,Almeida,28884
28885,937635617,Bernabe,Batalla,28885
28886,723528752,Luis Angel,Villegas,28886
28887,580113225,Roberta,Fabregat,28887
28888,224065256,Gema,Tellez,28888
28889,451046733,Magdalena,Valenzuela,28889
28890,367277895,Natalia,Soto,28890
28891,433838613,Anselma,Abril,28891
28892,474964595,Ricarda,Manso,28892
28893,432664167,Cornelio,Cifuentes,28893
28894,841566230,Belen,Real,28894
28895,335409726,Maria Jesus,Sala,28895
28896,427906717,Consuela,Rios,28896
28897,841893383,Roxana,Barcena,28897
28898,804653073,Flavia,Moran,28898
28899,688133364,Gisela,Iriarte,28899
28900,806299135,Gregorio,Becerra,28900
28901,823316459,Jose Antonio,Peral,28901
28902,989598350,Prudencia,Sevillano,28902
28903,711154743,Flavia,Cal,28903
28904,830620602,Matias,Portero,28904
28905,851891563,Veronica,Vina,28905
28906,434886959,Buenaventura,Cuenca,28906
28907,765449735,Agustin,Pol,28907
28908,856126982,Javi,Galiano,28908
28909,851879263,Ernesto,Chamorro,28909
28910,919359754,Rosa,Nadal,28910
28911,654121464,Geronimo,Orozco,28911
28912,999362818,Patricio,Prada,28912
28913,296626660,Gaspar,Hervas,28913
28914,684759022,Espiridion,Armas,28914
28915,538133060,Ambar,Portillo,28915
28916,744210272,Calisto,Almeida,28916
28917,899404774,Samanta,Paz,28917
28918,768943086,Raul,Llorente,28918
28919,500763368,Crescencia,Conde,28919
28920,393233423,Adalberto,Velazquez,28920
28921,100855861,Adelardo,Donaire,28921
28922,270891924,Sandra,Badia,28922
28923,296973511,Virgilio,Quintana,28923
28924,614483231,Aurelio,Figueras,28924
28925,985854098,Aranzazu,Amoros,28925
28926,830078796,Mireia,Valbuena,28926
28927,997882536,Vicenta,Teruel,28927
28928,198666640,Eugenia,Robles,28928
28929,825328046,Olalla,Villalobos,28929
28930,662415231,Amando,Castilla,28930
28931,716323307,Samanta,Espejo,28931
28932,750545592,Maxi,Roma,28932
28933,934775092,Matilde,Palomo,28933
28934,579755026,Juan Francisco,Benitez,28934
28935,549310399,Santiago,Cantero,28935
28936,118265369,Carlota,Baquero,28936
28937,747914507,Jeremias,Riquelme,28937
28938,223058004,Lucila,Marino,28938
28939,317967824,Reyna,Pinto,28939
28940,734254451,Esteban,Redondo,28940
28941,606867824,Espiridion,Garriga,28941
28942,668881227,Maxima,Clavero,28942
28943,808340125,Xiomara,Rosales,28943
28944,940681455,Blas,Montesinos,28944
28945,302427684,Francisco Jose,Puig,28945
28946,187413267,Marisela,Reina,28946
28947,740750522,Josep,Pujadas,28947
28948,476310857,Ariel,Urrutia,28948
28949,877097533,Cosme,Aramburu,28949
28950,940337562,Rufina,Esteban,28950
28951,502333133,Crescencia,Prat,28951
28952,566093269,Salome,Bustamante,28952
28953,752965562,Clarisa,Bejarano,28953
28954,950789615,Godofredo,Pazos,28954
28955,178234076,Rosenda,Castilla,28955
28956,323798242,Maria Manuela,Gargallo,28956
28957,532103798,Juan,Dominguez,28957
28958,969705487,Felipa,Benavent,28958
28959,523620917,Anna,Lobato,28959
28960,337411394,Jordan,Benavent,28960
28961,714052742,Alicia,Silva,28961
28962,820073667,Maricruz,Manjon,28962
28963,807277373,Valero,Elorza,28963
28964,568753829,Nadia,Andrade,28964
28965,471378975,Berto,Alsina,28965
28966,920530836,Iker,Torres,28966
28967,518912230,Hermenegildo,Bayona,28967
28968,275023926,Pancho,Domingo,28968
28969,294320510,Ruperto,Cerda,28969
28970,447109807,Elpidio,Galan,28970
28971,573672753,Nazario,Villanueva,28971
28972,222259123,Carmina,Pellicer,28972
28973,701905098,Rufina,Gallego,28973
28974,650475095,Albert,Zurita,28974
28975,420707175,Cayetana,Rosales,28975
28976,518437994,Atilio,Vicente,28976
28977,184349046,Domitila,Aliaga,28977
28978,270383208,Maristela,Luis,28978
28979,628149770,Pepe,Gras,28979
28980,693999568,Inocencio,Elorza,28980
28981,408309464,Filomena,Samper,28981
28982,741579001,Cleto,Llorens,28982
28983,918540432,Nilda,Menendez,28983
28984,460133361,Albano,Benet,28984
28985,660098538,Gaston,Blasco,28985
28986,588365495,Heraclio,Bello,28986
28987,316054222,Tito,Ricart,28987
28988,951824046,Paco,Marmol,28988
28989,673498414,Espiridion,Garmendia,28989
28990,752996697,Ciriaco,Pulido,28990
28991,950767608,Edgar,Puerta,28991
28992,543669956,Eugenio,Alberola,28992
28993,976432276,Teobaldo,Almeida,28993
28994,789771978,Alberto,Montenegro,28994
28995,369711802,Melchor,Flores,28995
28996,547282888,Paulino,Navarrete,28996
28997,839859622,Gervasio,Yuste,28997
28998,622077841,Ligia,Montero,28998
28999,984523918,Alberto,Catalan,28999
29000,911898577,Paulino,Villaverde,29000
29001,856630766,Tomasa,Mayoral,29001
29002,295804559,Arcelia,Merino,29002
29003,488144875,Heriberto,Roman,29003
29004,264959266,Selena,Plaza,29004
29005,259304454,Ciriaco,Pereira,29005
29006,294365972,Ruth,Llamas,29006
29007,897278354,Encarnacion,Solano,29007
29008,994355794,Montserrat,Castillo,29008
29009,218814622,Espiridion,Godoy,29009
29010,266252911,Loida,Pons,29010
29011,401924013,Marcial,Olivera,29011
29012,601296652,Walter,Briones,29012
29013,496793295,Eusebio,Saavedra,29013
29014,980107841,Candela,Paniagua,29014
29015,419292870,Marita,Ibanez,29015
29016,838572956,Fausto,Linares,29016
29017,288914554,Nacio,Sales,29017
29018,654182542,Ximena,Vinas,29018
29019,173863398,Tania,Pacheco,29019
29020,937400363,Ramon,Batalla,29020
29021,638770734,Purificacion,Nadal,29021
29022,584009506,Begona,Prada,29022
29023,566442062,Saturnina,Sala,29023
29024,742036410,Modesto,Baro,29024
29025,856572681,Gaspar,Prada,29025
29026,671758753,Nestor,Ponce,29026
29027,975894402,Jose,Cobo,29027
29028,940518837,Itziar,Solera,29028
29029,562611506,Jafet,Zapata,29029
29030,320799782,Guadalupe,Urrutia,29030
29031,223518344,Ofelia,Zaragoza,29031
29032,219636348,Tiburcio,Granados,29032
29033,600877400,Samuel,Benitez,29033
29034,181193632,Gervasio,Barriga,29034
29035,861640252,Alejo,Figuerola,29035
29036,726047742,Gregorio,Benavente,29036
29037,654630576,Mateo,Bou,29037
29038,426826795,Eric,Machado,29038
29039,391071621,Fito,Alfaro,29039
29040,347820423,Felisa,Batlle,29040
29041,143140819,Jose Manuel,Lara,29041
29042,948097508,Alberto,Solera,29042
29043,955841189,Estrella,Rodrigo,29043
29044,223282246,Lilia,Franch,29044
29045,255164600,Alba,Almansa,29045
29046,594224204,Abraham,Pavon,29046
29047,311563421,Paula,Talavera,29047
29048,915993463,Teofila,Quintanilla,29048
29049,697089688,Juan Jose,Arrieta,29049
29050,289994324,Salomon,Gonzalo,29050
29051,897225139,Santiago,Camino,29051
29052,137531778,Rafaela,Campoy,29052
29053,379622045,Apolinar,Blanco,29053
29054,452766202,Aurelio,Ferrero,29054
29055,108532659,Juan,Perez,29055
29056,600694210,Augusto,Vilaplana,29056
29057,786888356,Salomon,Pena,29057
29058,538130566,Veronica,Beltran,29058
29059,694148353,Magdalena,Anguita,29059
29060,851848429,Adrian,Estevez,29060
29061,696184756,Victor Manuel,Falco,29061
29062,249390503,Fatima,Campillo,29062
29063,472706187,Hilda,Oliva,29063
29064,865802672,Patricio,Vilanova,29064
29065,148799824,Teobaldo,Bolanos,29065
29066,669417175,Florina,Cobo,29066
29067,113960504,Juan,Goni,29067
29068,734886971,Cirino,Aragon,29068
29069,684854042,Victorino,Ferrer,29069
29070,458502057,Abril,Galindo,29070
29071,157093435,Jimena,Davila,29071
29072,641763403,Amor,Pont,29072
29073,700894128,Samuel,Giralt,29073
29074,441641912,Sofia,Salamanca,29074
29075,485643372,Marcela,Colom,29075
29076,683744717,Nacio,Colomer,29076
29077,768157838,Maria Dolores,Barrios,29077
29078,819387314,Pepe,Julian,29078
29079,796699755,Macario,Arnaiz,29079
29080,386587867,Rosario,Peralta,29080
29081,413662247,Amarilis,Agullo,29081
29082,824772340,Joan,Zorrilla,29082
29083,848552442,Roxana,Abril,29083
29084,133328834,Jose Francisco,Segui,29084
29085,473832499,Balduino,Guzman,29085
29086,616600513,Candelas,Molina,29086
29087,183490183,Ciro,Cabrero,29087
29088,739805696,Celia,Reyes,29088
29089,361871774,Espiridion,Fuertes,29089
29090,510072848,Francisco Jose,Peralta,29090
29091,195530229,Godofredo,Alfonso,29091
29092,499760677,Griselda,Chaparro,29092
29093,791367887,Guadalupe,Amo,29093
29094,839204875,Salome,Alcolea,29094
29095,771783288,Almudena,Boada,29095
29096,368926063,Alondra,Pi,29096
29097,914292751,Guiomar,Franch,29097
29098,964178192,Maxima,Palomino,29098
29099,724350982,Anna,Valcarcel,29099
29100,812136028,Jaime,Terron,29100
29101,340513891,Ingrid,Guzman,29101
29102,665101770,Ignacio,Toro,29102
29103,735332458,Edelmira,Marin,29103
29104,699694613,Maximo,Escamilla,29104
29105,467529700,Cipriano,Ojeda,29105
29106,225601392,Paz,Echevarria,29106
29107,840478265,Galo,Otero,29107
29108,682146661,Amanda,Cuenca,29108
29109,695744411,Diana,Botella,29109
29110,792033376,Marino,Portillo,29110
29111,212521010,Lina,Bartolome,29111
29112,284608510,Baldomero,Rozas,29112
29113,664412892,Eulalia,Angel,29113
29114,389831531,Roman,Alamo,29114
29115,703025567,Baudelio,Corominas,29115
29116,622573273,Cristian,Buendia,29116
29117,704599378,Manu,Rueda,29117
29118,459282128,Cipriano,Lobato,29118
29119,897197958,Elvira,Caro,29119
29120,832725656,Loreto,Santana,29120
29121,668097788,Francisco,Benet,29121
29122,938570322,Sosimo,Sancho,29122
29123,439763615,Lucio,Bayo,29123
29124,885366990,Sebastian,Millan,29124
29125,240406342,Juan Jose,Jaen,29125
29126,441596254,Rafaela,Marques,29126
29127,212285848,Luciana,Jover,29127
29128,125181128,Tono,Pedrero,29128
29129,960874979,Severiano,Busquets,29129
29130,663860056,Elisa,Pavon,29130
29131,872651924,Victor Manuel,Paniagua,29131
29132,491051082,Lourdes,Gomis,29132
29133,909886543,Cristina,Villegas,29133
29134,633815616,Jose Manuel,Nebot,29134
29135,172366976,Gaston,Roca,29135
29136,696172042,Abilio,Cortes,29136
29137,231844757,Lucia,Barrios,29137
29138,882164985,Maria,Carretero,29138
29139,383559172,Dorita,Rodenas,29139
29140,203572478,Carlota,Tejada,29140
29141,817997902,Francisco Javier,Palau,29141
29142,726658091,Aurelia,Cornejo,29142
29143,794912316,Vasco,Moreno,29143
29144,533123659,Marcela,Segovia,29144
29145,625513178,Anunciacion,Quiros,29145
29146,987001702,Candido,Nogues,29146
29147,949979015,Josefina,Aleman,29147
29148,653587013,Matias,Gil,29148
29149,712947718,Dionisio,Gonzalo,29149
29150,804672705,Maria Jose,Duran,29150
29151,632199345,Ezequiel,Ledesma,29151
29152,437764604,Fabricio,Diaz,29152
29153,570217956,Miriam,Segarra,29153
29154,525463974,Carolina,Font,29154
29155,876621579,Armida,Palomino,29155
29156,618343129,Gaspar,Camps,29156
29157,562293075,Azeneth,Campos,29157
29158,784214208,Matilde,Prats,29158
29159,383444174,Esteban,Olivares,29159
29160,803319184,Ani,Gomez,29160
29161,296244480,Oriana,Royo,29161
29162,853281862,Juan Bautista,Valcarcel,29162
29163,114442028,Agueda,Carpio,29163
29164,288295490,Dafne,Huerta,29164
29165,387114890,Ambrosio,Lozano,29165
29166,918522696,Jafet,Perales,29166
29167,605478609,Jonatan,Orozco,29167
29168,388745883,Leire,Cordero,29168
29169,706972751,Ofelia,Palacios,29169
29170,520352661,Agustin,Cepeda,29170
29171,275040535,Jose Antonio,Echevarria,29171
29172,722381494,Andres Felipe,Francisco,29172
29173,997621171,Edu,Calderon,29173
29174,332172365,Susana,Exposito,29174
29175,303704925,Matilde,Chico,29175
29176,390292536,Tere,Camara,29176
29177,576673309,Elvira,Jerez,29177
29178,989841836,Itziar,Coca,29178
29179,117416329,Joaquina,Guillen,29179
29180,778275046,Luciana,Clavero,29180
29181,208484626,Cebrian,Alcalde,29181
29182,368849479,Florentino,Carranza,29182
29183,224788277,Candelario,Querol,29183
29184,245414666,Angelita,Amor,29184
29185,788805397,Ignacia,Cordero,29185
29186,183697727,Azeneth,Carranza,29186
29187,898508821,Cloe,Alvaro,29187
29188,772161448,Esther,Cuellar,29188
29189,273537052,Eulalia,Ferrandiz,29189
29190,907117187,Juanita,Bernad,29190
29191,625566976,Cebrian,Sanz,29191
29192,357812160,Angelino,Hervas,29192
29193,823506457,Vinicio,Mancebo,29193
29194,841654264,Lorenza,Escobar,29194
29195,254506050,Rene,Canton,29195
29196,667852472,Marisol,Pol,29196
29197,574549818,Saturnino,Acuna,29197
29198,975278961,Salud,Cuervo,29198
29199,686690018,Paloma,Valles,29199
29200,338305364,Vicente,Manzanares,29200
29201,918454345,Severino,Enriquez,29201
29202,560708372,Pio,Pozuelo,29202
29203,649097079,Primitiva,Palacio,29203
29204,540043013,Luis,Arco,29204
29205,756118181,Chuy,Romero,29205
29206,950394908,Octavia,Duarte,29206
29207,340491105,Jose Ignacio,Leon,29207
29208,426611917,Jorge,Carnero,29208
29209,347075439,Renato,Ruiz,29209
29210,279978643,Loreto,Tomas,29210
29211,864186500,Asuncion,Aparicio,29211
29212,904892746,Chus,Fajardo,29212
29213,549220906,Miguela,Vicens,29213
29214,499615616,Jacinto,Alcala,29214
29215,101387143,Ainara,Montserrat,29215
29216,637179496,Cayetano,Cuervo,29216
29217,559148071,Eufemia,Banos,29217
29218,961494769,Bernardita,Quero,29218
29219,120129900,Chus,Almeida,29219
29220,743753810,Leyre,Colomer,29220
29221,192029980,Teodora,Mayo,29221
29222,182332390,Jose Miguel,Cornejo,29222
29223,149106444,Abraham,Acedo,29223
29224,611177326,Jesus,Pera,29224
29225,448564335,Adan,Bonet,29225
29226,290964584,Palmira,Vallejo,29226
29227,128024095,Cintia,Quiroga,29227
29228,454816259,Florencio,Barros,29228
29229,454674332,Marcia,Aliaga,29229
29230,862759903,Corona,Carrera,29230
29231,184183847,Concha,Salom,29231
29232,482495228,Lupe,Pineda,29232
29233,549490775,Jordana,Vizcaino,29233
29234,914916301,Julie,Duque,29234
29235,526356094,Cipriano,Rozas,29235
29236,289479232,Edgar,Parejo,29236
29237,983958975,Amaya,Espinosa,29237
29238,765455919,Tito,Carreras,29238
29239,621575952,Arsenio,Solera,29239
29240,719388919,Loreto,Paz,29240
29241,651951921,Maria,Coloma,29241
29242,601904584,Hermenegildo,Amores,29242
29243,421721432,Belen,Cabezas,29243
29244,151714082,Chelo,Grande,29244
29245,798062247,Silvestre,Arenas,29245
29246,810397789,Ildefonso,Roldan,29246
29247,224016111,Carmela,Losada,29247
29248,315804846,Edelmira,Garrido,29248
29249,884767531,Reinaldo,Anaya,29249
29250,539982232,Felix,Ibarra,29250
29251,188253372,Che,Gibert,29251
29252,571861985,Dafne,Figueroa,29252
29253,379054034,Iker,Pinedo,29253
29254,985701381,Carlota,Canton,29254
29255,613669495,Jessica,Arrieta,29255
29256,408322883,Visitacion,Moya,29256
29257,507530021,Amaya,Oller,29257
29258,863062832,Borja,Hernando,29258
29259,231583764,Edelmira,Egea,29259
29260,923111233,Aroa,Llobet,29260
29261,575066459,Luna,Barba,29261
29262,904196436,Leon,Vera,29262
29263,156618863,Jose Angel,Perello,29263
29264,738947818,Carolina,Mendez,29264
29265,338656268,Modesta,Campoy,29265
29266,618155510,Adelia,Carballo,29266
29267,689236294,Albino,Torrens,29267
29268,623310537,Macarena,Hernandez,29268
29269,661066371,Silvia,Santamaria,29269
29270,262916170,Vera,Solano,29270
29271,787056924,Prudencia,Ugarte,29271
29272,876125903,Amilcar,Iglesia,29272
29273,324547036,Humberto,Benavent,29273
29274,513758501,Albina,Olive,29274
29275,250631155,Pelayo,Parra,29275
29276,330480345,Jaime,Vargas,29276
29277,321958205,Geronimo,Roman,29277
29278,905363562,Che,Aranda,29278
29279,656065795,Benjamin,Cerezo,29279
29280,556352238,Odalis,Saenz,29280
29281,252328640,Juan Bautista,Daza,29281
29282,370893612,Anita,Torres,29282
29283,571531405,Remigio,Espanol,29283
29284,299280627,Alfredo,Somoza,29284
29285,844689467,Balduino,Giner,29285
29286,471370723,Eutimio,Teruel,29286
29287,289743712,Guiomar,Solis,29287
29288,594010121,Encarna,Rocamora,29288
29289,187945311,Cayetano,Castellanos,29289
29290,671004221,Nilo,Iriarte,29290
29291,352596467,Eusebio,Carreno,29291
29292,390188454,Rosa Maria,Blasco,29292
29293,385602723,Ricarda,Gonzalez,29293
29294,353254374,Marisela,Cerro,29294
29295,247519940,Leandra,Cases,29295
29296,392735366,Trinidad,Tamayo,29296
29297,564816596,Sofia,Cases,29297
29298,660646513,Valentina,Batalla,29298
29299,767253100,Galo,Pazos,29299
29300,251946763,Josep,Diego,29300
29301,148722250,Octavio,Garay,29301
29302,433103201,Hermenegildo,Torrents,29302
29303,251553754,Eusebia,Arino,29303
29304,497761875,Febe,Daza,29304
29305,366837593,Ricarda,Salva,29305
29306,971515462,Edmundo,Barrios,29306
29307,512911730,Tomasa,Garmendia,29307
29308,250875317,Ramon,Sans,29308
29309,284236153,Pablo,Jaume,29309
29310,346471692,Natividad,Chamorro,29310
29311,495770319,Jose Carlos,Nino,29311
29312,195686821,Dorotea,Almazan,29312
29313,563715916,Dalila,Cobo,29313
29314,500354113,Macaria,Quevedo,29314
29315,437388378,Alonso,Caro,29315
29316,178382490,Nidia,Esparza,29316
29317,811443926,Aitor,Izquierdo,29317
29318,440781433,Angelino,Galvez,29318
29319,233710695,Fito,Martin,29319
29320,177050804,Yessica,Porras,29320
29321,315181968,Corona,Costa,29321
29322,920657262,Macario,Valles,29322
29323,735226213,Buenaventura,Vall,29323
29324,825210559,Celso,Barral,29324
29325,668649438,Samanta,Pedraza,29325
29326,315667775,Kike,Escolano,29326
29327,781474574,Chus,Valls,29327
29328,984167161,Marcial,Sebastian,29328
29329,638234292,Dan,Donaire,29329
29330,394261832,Ruben,Roig,29330
29331,223029874,Nayara,Alberdi,29331
29332,644011386,Vicente,Conesa,29332
29333,323893938,Emigdio,Galvez,29333
29334,668214933,Julia,Acuna,29334
29335,318320394,Odalys,Borja,29335
29336,195175004,Cosme,Tejedor,29336
29337,224267237,Wilfredo,Giralt,29337
29338,756189200,Ainoa,Maestre,29338
29339,774175510,Lourdes,Palma,29339
29340,808397516,Consuela,Huguet,29340
29341,694515831,Delia,Garces,29341
29342,252951178,Eva Maria,Flores,29342
29343,928583970,Omar,Conesa,29343
29344,347299952,Maria,Dominguez,29344
29345,754591688,Guillermo,Cuevas,29345
29346,912430442,Santiago,Acuna,29346
29347,760661569,Concepcion,Ruiz,29347
29348,338408850,Paula,Castilla,29348
29349,938403193,Nelida,Quintanilla,29349
29350,592390442,Matias,Batlle,29350
29351,773708437,Seve,Castejon,29351
29352,286371229,Borja,Alcala,29352
29353,170512098,Felipe,Escriva,29353
29354,552972362,Concepcion,Rivera,29354
29355,937957980,Ivan,Tellez,29355
29356,732154443,Virginia,Fabra,29356
29357,572532840,Ana Belen,Pla,29357
29358,940860900,Leoncio,Corominas,29358
29359,554309443,Angelica,Casanovas,29359
29360,297562047,Fabian,Alegre,29360
29361,984004510,Herminia,Ruiz,29361
29362,624887501,Nazaret,Padilla,29362
29363,973856526,Eutropio,Borrell,29363
29364,815979949,Fernanda,Tellez,29364
29365,161041659,Javier,Egea,29365
29366,158525279,Flavia,Pinto,29366
29367,415501445,Maximiano,Malo,29367
29368,778228186,Nicodemo,Salinas,29368
29369,135774279,Soledad,Vara,29369
29370,270204365,Sandalio,Villegas,29370
29371,219942537,Alfredo,Rocha,29371
29372,862362302,Martina,Aragon,29372
29373,152545545,Ester,Montes,29373
29374,510487032,Feliciano,Jordan,29374
29375,163667428,Ramona,Estrada,29375
29376,137555566,Jeronimo,Manrique,29376
29377,557143790,Eligio,Falcon,29377
29378,320180262,Olalla,Almazan,29378
29379,717395452,Graciano,Colomer,29379
29380,135865567,Graciano,Garriga,29380
29381,362673209,Teofilo,Coloma,29381
29382,447455494,Haydee,Caballero,29382
29383,400105041,Herberto,Mendez,29383
29384,239501501,Viviana,Martin,29384
29385,248415643,Marcelino,Blanch,29385
29386,718658719,Loreto,Saenz,29386
29387,413368240,Candelario,Pino,29387
29388,126521413,Mirta,Hoz,29388
29389,148142771,Hector,Fabra,29389
29390,455378589,Maxi,Almagro,29390
29391,668741797,Regulo,Romero,29391
29392,180943142,Guadalupe,Nieto,29392
29393,144563973,Tiburcio,Millan,29393
29394,161151844,Lara,Ballester,29394
29395,304883483,Belen,Echevarria,29395
29396,588991313,Benigna,Sevillano,29396
29397,502477286,Esperanza,Talavera,29397
29398,950845116,Reyes,Cruz,29398
29399,901907194,Anastasia,Bosch,29399
29400,628416387,Narcisa,Gonzalo,29400
29401,590367620,Georgina,Clavero,29401
29402,217337604,Benigna,Martin,29402
29403,660371204,Renato,Badia,29403
29404,542811010,Itziar,Martinez,29404
29405,385097951,Wilfredo,Silva,29405
29406,701470684,Rafa,Reyes,29406
29407,646263769,Miguel,Sevillano,29407
29408,940525561,Alex,Elorza,29408
29409,463923998,Yolanda,Bou,29409
29410,564744581,Juan Luis,Duenas,29410
29411,599441764,Sancho,Jover,29411
29412,674670846,Belen,Mas,29412
29413,608254625,Aurelio,Marmol,29413
29414,845147218,Fortunato,Chacon,29414
29415,222754967,Xavier,Vilalta,29415
29416,140978285,Benjamin,Diego,29416
29417,774432115,Edelmiro,Corral,29417
29418,937772394,Maura,Mayol,29418
29419,400178756,Flor,Guardia,29419
29420,194422521,Cristobal,Poza,29420
29421,773683633,Josue,Quiroga,29421
29422,918465651,Maribel,Bustos,29422
29423,468794407,Jenny,Llorente,29423
29424,335497583,Noelia,Mascaro,29424
29425,189815663,Adela,Suarez,29425
29426,285195273,Edmundo,Alfonso,29426
29427,942036571,Benita,Vall,29427
29428,727552255,Samanta,Torrent,29428
29429,692627309,Fausto,Acosta,29429
29430,422759749,Carmelita,Crespo,29430
29431,289361706,Nydia,Ojeda,29431
29432,893136036,Teodora,Ibanez,29432
29433,503353224,Juan,Castellanos,29433
29434,777653023,Felipa,Donoso,29434
29435,580944398,Ileana,Castilla,29435
29436,410132707,Paola,Reina,29436
29437,270462715,Antonia,Cerezo,29437
29438,707940460,Pedro,Fuente,29438
29439,670947323,Pili,Escamilla,29439
29440,200860546,Humberto,Huguet,29440
29441,833148651,Margarita,Castrillo,29441
29442,262699258,Cirino,Mari,29442
29443,816454505,Bernardita,Jimenez,29443
29444,289249794,Geraldo,Porras,29444
29445,321566491,Silvia,Aragones,29445
29446,435288902,Roxana,Somoza,29446
29447,268608672,Marisela,Fuentes,29447
29448,698411963,Josefina,Bilbao,29448
29449,379972965,Miguel,Juarez,29449
29450,471133501,Veronica,Aroca,29450
29451,479659368,Sebastian,Vazquez,29451
29452,784549499,Purificacion,Cabeza,29452
29453,808455152,Maria,Caro,29453
29454,654410904,Alcides,Contreras,29454
29455,528825969,Antonio,Lago,29455
29456,925883099,Gloria,Fuertes,29456
29457,677186406,Salome,Bermudez,29457
29458,813766496,Ana,Barbera,29458
29459,384977612,Emiliana,Pina,29459
29460,988780931,Brunilda,Vara,29460
29461,322076005,Milagros,Lledo,29461
29462,748592008,Marcio,Guijarro,29462
29463,101515134,Cintia,Melero,29463
29464,978671217,Ale,Font,29464
29465,660007180,Violeta,Ferrandiz,29465
29466,332619883,Leyre,Saez,29466
29467,439976457,Petrona,Viana,29467
29468,449197962,Edelmiro,Cano,29468
29469,361880741,Severo,Salcedo,29469
29470,493322016,Virginia,Arnau,29470
29471,200514101,Lorena,Sandoval,29471
29472,174527172,Edu,Prado,29472
29473,639756530,Corona,Valenzuela,29473
29474,569638893,Antonia,Rocamora,29474
29475,550845879,Marcia,Roman,29475
29476,361193324,Azahar,Cobo,29476
29477,289372217,Esperanza,Alcolea,29477
29478,803032198,Barbara,Barcelo,29478
29479,416168789,Sebastian,Pina,29479
29480,219352343,Sabina,Torre,29480
29481,718002983,Maximino,Aleman,29481
29482,435047431,Aurea,Barros,29482
29483,999333273,Perla,Viana,29483
29484,196268916,Benita,Marquez,29484
29485,999898601,Ema,Beltran,29485
29486,478461829,Begona,Oliva,29486
29487,167330813,Candelaria,Gabaldon,29487
29488,550327025,Gabriel,Tejada,29488
29489,752999737,Armando,Palomar,29489
29490,853754424,Teodosio,Salinas,29490
29491,413549698,Cirino,Gordillo,29491
29492,310382318,Sofia,Cerezo,29492
29493,251467944,Diana,Parra,29493
29494,190116622,Juan,Cordero,29494
29495,583229216,Severo,Torrens,29495
29496,288795751,Jesus,Coello,29496
29497,960085761,Pancho,Priego,29497
29498,865526981,Estela,Albero,29498
29499,392529995,Fortunata,Jara,29499
29500,985718941,Edgar,Cerro,29500
29501,460673146,Agata,Saez,29501
29502,815142195,Margarita,Baron,29502
29503,870491617,Asdrubal,Roura,29503
29504,815747639,Antonio,Novoa,29504
29505,364143948,Dan,Martin,29505
29506,629895943,Liliana,Ferrandiz,29506
29507,844107324,Luisina,Aranda,29507
29508,761188748,Coral,Lucas,29508
29509,971886767,Timoteo,Santana,29509
29510,807946338,Chucho,Costa,29510
29511,978986945,Nydia,Dominguez,29511
29512,260474715,Jose Antonio,Canales,29512
29513,857242015,Efrain,Contreras,29513
29514,699692861,Ruth,Sanjuan,29514
29515,600765726,Inocencio,Estevez,29515
29516,807081757,Teodosio,Madrid,29516
29517,836628756,Francisco Jose,Miguel,29517
29518,966978118,Andrea,Barbera,29518
29519,435856769,Tomasa,Armengol,29519
29520,230290484,Ulises,Vila,29520
29521,548777763,Edgar,Fabregas,29521
29522,521611549,Cayetano,Varela,29522
29523,770466945,Iban,Monreal,29523
29524,917363327,Mateo,Barrios,29524
29525,917080448,Geronimo,Ochoa,29525
29526,338166696,Amada,Puerta,29526
29527,913659951,Juan Jose,Barrera,29527
29528,249731527,Armando,Tolosa,29528
29529,823426160,Hilda,Palacio,29529
29530,930932512,Eulalia,Soria,29530
29531,714088628,Jaime,Peral,29531
29532,347145635,Balduino,Gibert,29532
29533,370313427,Paulina,Alvarez,29533
29534,289075354,Jose,Valderrama,29534
29535,899578988,Noe,Vazquez,29535
29536,510237164,Esther,Montesinos,29536
29537,983078273,Noemi,Carrasco,29537
29538,407157214,Flora,Terron,29538
29539,791379594,Juliana,Chico,29539
29540,357090653,Amalia,Aliaga,29540
29541,141428341,Aranzazu,Suarez,29541
29542,357385180,Alejo,Garay,29542
29543,360762763,Toni,Zaragoza,29543
29544,308445810,Galo,Quero,29544
29545,457552250,Albano,Lago,29545
29546,100603582,Victoria,Carlos,29546
29547,103689213,Cornelio,Alberdi,29547
29548,185248088,Emilio,Chaparro,29548
29549,399245855,Alejandro,Molina,29549
29550,653561338,Trini,Duque,29550
29551,974395118,Jose Miguel,Espanol,29551
29552,629294130,Emiliana,Arroyo,29552
29553,607769515,Benigno,Blanco,29553
29554,433681402,Joel,Galan,29554
29555,112468176,Carmela,Llado,29555
29556,509181024,Sabina,Villar,29556
29557,300660572,Adora,Llanos,29557
29558,840491934,Antonio,Lago,29558
29559,409925493,Andres,Alarcon,29559
29560,447517979,Juanito,Arjona,29560
29561,602925856,Teodosio,Lerma,29561
29562,676850149,Tere,Calderon,29562
29563,141646329,Maria,Ruano,29563
29564,495461929,Azeneth,Jimenez,29564
29565,289864856,Balduino,Orozco,29565
29566,773072271,Hernan,Clavero,29566
29567,278757611,Saturnino,Jove,29567
29568,636656121,Placido,Miguel,29568
29569,663611780,Xiomara,Arnaiz,29569
29570,356244404,Porfirio,Casal,29570
29571,351262177,Reyes,Gabaldon,29571
29572,955989986,Celestina,Navarrete,29572
29573,200049562,Reina,Recio,29573
29574,495644295,Candelas,Segovia,29574
29575,142843166,Conrado,Guillen,29575
29576,421562406,Remedios,Cerezo,29576
29577,606706757,Mercedes,Bertran,29577
29578,796577307,Eva Maria,Fuentes,29578
29579,781099387,Belen,Saenz,29579
29580,213280655,Teresa,Guillen,29580
29581,886323997,Visitacion,Palomino,29581
29582,252342439,Romulo,Castejon,29582
29583,336529850,Socorro,Franch,29583
29584,904530339,Maria Dolores,Bonet,29584
29585,975027289,Leonel,Pedro,29585
29586,707540768,Urbano,Quiroga,29586
29587,707978178,Lope,Marin,29587
29588,653724063,Emilia,Terron,29588
29589,888407552,Ruperto,Leon,29589
29590,476373597,Heriberto,Gomis,29590
29591,654722739,Anastasia,Arco,29591
29592,410807079,Jordan,Solsona,29592
29593,531542716,Climaco,Revilla,29593
29594,543971426,Fanny,Amigo,29594
29595,317613413,Berto,Valverde,29595
29596,406191386,Ernesto,Canas,29596
29597,573808204,Noa,Huguet,29597
29598,584214328,Leoncio,Manjon,29598
29599,325375552,Camilo,Manzano,29599
29600,400959267,Rafa,Nieto,29600
29601,172613947,Adela,Sacristan,29601
29602,538183633,Joaquin,Orozco,29602
29603,517309864,Lara,Otero,29603
29604,354155958,Lino,Viana,29604
29605,443948211,Nico,Elias,29605
29606,651700909,Maria,Paniagua,29606
29607,524866487,Anibal,Tena,29607
29608,554920872,Ani,Acuna,29608
29609,703052574,Marcia,Manso,29609
29610,933651850,Luis,Catalan,29610
29611,293408155,Gil,Oller,29611
29612,203755879,Aristides,Amores,29612
29613,754873301,Arcelia,Bayona,29613
29614,206849058,Emilia,Vall,29614
29615,815228728,Ingrid,Padilla,29615
29616,274301753,Plinio,Soto,29616
29617,963434979,Nuria,Porta,29617
29618,451434758,Socorro,Davila,29618
29619,494847830,Amando,Nogueira,29619
29620,924225691,Olivia,Gabaldon,29620
29621,300637871,Cleto,Luna,29621
29622,979917873,Maite,Blazquez,29622
29623,408678231,Maria Carmen,Zaragoza,29623
29624,863348762,Trinidad,Benavent,29624
29625,468018328,Valerio,Sanz,29625
29626,225521309,Balduino,Gascon,29626
29627,985417658,Vidal,Amador,29627
29628,842527780,Ambrosio,Molins,29628
29629,243025947,Pilar,Ariza,29629
29630,773936768,Florencio,Lorenzo,29630
29631,661393119,Maria,Castello,29631
29632,791531291,Monica,Benito,29632
29633,137101282,Azeneth,Tamayo,29633
29634,204377502,Urbano,Melero,29634
29635,763303426,Kike,Quiroga,29635
29636,754498660,Victoria,Llano,29636
29637,928750194,Fermin,Sacristan,29637
29638,172272857,Teresa,Gomis,29638
29639,180479983,Nazaret,Contreras,29639
29640,726139554,Jesus,Pera,29640
29641,744338180,Evita,Lamas,29641
29642,503381068,Paula,Bravo,29642
29643,740191608,Fidela,Puente,29643
29644,448802287,Nerea,Pizarro,29644
29645,909516660,Viviana,Sandoval,29645
29646,236232860,Lope,Marquez,29646
29647,410205325,Isaura,Corbacho,29647
29648,547824968,Rebeca,Ruiz,29648
29649,197797625,Amparo,Romeu,29649
29650,205168648,Felix,Zapata,29650
29651,821429582,Aurelia,Porcel,29651
29652,178214790,Vicenta,Rivas,29652
29653,478244877,Espiridion,Casas,29653
29654,223894865,Dorotea,Molins,29654
29655,907365343,Daniela,Pereira,29655
29656,325460120,Lucila,Perea,29656
29657,315182738,Josefina,Angel,29657
29658,686745217,Elisa,Marin,29658
29659,762655075,Jose Manuel,Ibarra,29659
29660,409251745,Margarita,Ochoa,29660
29661,161166441,Morena,Monreal,29661
29662,915316215,Maria Fernanda,Cano,29662
29663,345246870,Celia,Borrego,29663
29664,540707309,Irene,Calderon,29664
29665,411853476,Dan,Marin,29665
29666,277146583,Marco,Carlos,29666
29667,622382855,Xiomara,Porta,29667
29668,580233251,Enrique,Segarra,29668
29669,175852583,Rosario,Jodar,29669
29670,904423434,Severino,Manzanares,29670
29671,497648561,Coral,Marti,29671
29672,978373546,Ester,Vinas,29672
29673,404380549,Hector,Palomino,29673
29674,640506565,Elvira,Coll,29674
29675,405495844,Alex,Benet,29675
29676,162363955,Candelas,Feijoo,29676
29677,352017429,Eusebio,Jimenez,29677
29678,913968172,Paula,Ramirez,29678
29679,909816895,Narcisa,Ferrandez,29679
29680,109537270,Hermenegildo,Neira,29680
29681,362288144,German,Carreno,29681
29682,735564364,Yolanda,Macias,29682
29683,816210971,Maria Manuela,Sanz,29683
29684,465673163,Mauricio,Acedo,29684
29685,956138866,Noe,Fortuny,29685
29686,391447782,Hilda,Alvarado,29686
29687,454617945,Melchor,Rosales,29687
29688,506245442,Noa,Escriva,29688
29689,259998982,Saturnino,Ibanez,29689
29690,424227932,Encarnacion,Gutierrez,29690
29691,654470873,Espiridion,Olivares,29691
29692,944957810,Leonardo,Amo,29692
29693,635187860,Maite,Cordoba,29693
29694,818769740,Efrain,Peiro,29694
29695,819058273,Jeremias,Palacios,29695
29696,173357740,Soledad,Torrens,29696
29697,726556876,Ester,Moran,29697
29698,959938545,Rosalva,Correa,29698
29699,915422270,Saturnina,Laguna,29699
29700,768419173,Ambar,Marcos,29700
29701,440108865,Salome,Ordonez,29701
29702,136442806,Encarnacion,Torrens,29702
29703,517617509,Florencia,Solano,29703
29704,922756749,Ana Sofia,Molins,29704
29705,854774392,Encarna,Alvarez,29705
29706,457809518,Candido,Guitart,29706
29707,917626516,Sonia,Madrigal,29707
29708,892765122,Cosme,Gimeno,29708
29709,502314070,Ciriaco,Elias,29709
29710,682083681,Candelaria,Gamez,29710
29711,384884197,Vanesa,Quero,29711
29712,249999854,Lucas,Bueno,29712
29713,314328785,Natanael,Carretero,29713
29714,418859186,Maria Manuela,Garcia,29714
29715,900852422,Veronica,Pou,29715
29716,904390617,Chus,Pla,29716
29717,351296697,Anita,Bru,29717
29718,397817747,Dora,Valenciano,29718
29719,235205121,Jesusa,Zabaleta,29719
29720,659245807,Evelia,Torrent,29720
29721,397786510,Gabriel,Figueras,29721
29722,248437054,Leticia,Guardia,29722
29723,609424932,Angel,Caceres,29723
29724,680723114,Saturnino,Carreno,29724
29725,760708229,Guadalupe,Estrada,29725
29726,923111322,Fernanda,Ballesteros,29726
29727,835909100,Lope,Gallo,29727
29728,430192932,Leonor,Elorza,29728
29729,695062844,Abril,Manjon,29729
29730,120332391,Alondra,Gamez,29730
29731,302194439,Leopoldo,Alamo,29731
29732,880178440,Luciano,Morell,29732
29733,894933387,Irma,Gallart,29733
29734,955850246,Blas,Bravo,29734
29735,136477061,Marisa,Ferrer,29735
29736,897412505,Esperanza,Benet,29736
29737,781273123,Mar,Granados,29737
29738,686587590,Luciano,Valles,29738
29739,720508832,Maria Carmen,Fajardo,29739
29740,292594546,Emiliano,Gras,29740
29741,129984043,Juan Manuel,Batlle,29741
29742,241043439,Dorotea,Anglada,29742
29743,413507815,Eloisa,Osorio,29743
29744,899325381,Valerio,Pont,29744
29745,921761370,Gabriela,Alsina,29745
29746,839084283,Cruz,Albero,29746
29747,546480607,Javiera,Carbonell,29747
29748,155462058,Josefina,Domingo,29748
29749,575227309,Aurelia,Mateu,29749
29750,727473962,Jafet,Buendia,29750
29751,326860395,Sigfrido,Caceres,29751
29752,829990581,Cruz,Garcia,29752
29753,984755498,Miguel,Borrell,29753
29754,339661860,Maria,Batlle,29754
29755,242998582,Elpidio,Badia,29755
29756,976367214,Eric,Santos,29756
29757,959680395,Nicodemo,Frutos,29757
29758,389738629,Josefina,Rueda,29758
29759,432369963,America,Alfaro,29759
29760,338808003,Yolanda,Valbuena,29760
29761,364993749,Eric,Bonet,29761
29762,545704553,Azahar,Mercader,29762
29763,422121490,Juan Antonio,Calderon,29763
29764,103172217,Fabian,Pont,29764
29765,227780455,Angelita,Pedraza,29765
29766,536864605,Lucia,Palmer,29766
29767,207872858,Amando,Coca,29767
29768,611736425,Alonso,Anton,29768
29769,204142323,Viviana,Sastre,29769
29770,324300086,Gaspar,Gallardo,29770
29771,430560294,Luisina,Aliaga,29771
29772,100085338,Gisela,Bermudez,29772
29773,387079375,Lalo,Amo,29773
29774,347312350,Lourdes,Nicolau,29774
29775,701731391,Moreno,Falcon,29775
29776,675916035,Selena,Torrecilla,29776
29777,520766903,Dan,Sanjuan,29777
29778,641714445,Cecilia,Marti,29778
29779,909122624,Filomena,Lloret,29779
29780,504869203,Adelia,Amores,29780
29781,672892908,Ana Belen,Nebot,29781
29782,603530170,Macarena,Camara,29782
29783,119456627,Rosalina,Iborra,29783
29784,659247973,Florencio,Gonzalez,29784
29785,332393607,Carlota,Talavera,29785
29786,779878150,Ariel,Madrigal,29786
29787,874598144,Maite,Azorin,29787
29788,670169129,Oriana,Arce,29788
29789,925171395,Samanta,Chacon,29789
29790,721491630,Aurora,Quiros,29790
29791,321999450,Marianela,Contreras,29791
29792,749654472,Nidia,Mateo,29792
29793,510941904,Artemio,Pomares,29793
29794,331921522,Alfredo,Fonseca,29794
29795,226333581,Luciano,Luis,29795
29796,473578374,Ambar,Almazan,29796
29797,819058595,Francisca,Flores,29797
29798,240480730,Salvador,Zorrilla,29798
29799,427950061,Martin,Borrego,29799
29800,720319043,Celestina,Ponce,29800
29801,766144288,Epifanio,Ariza,29801
29802,475661298,Maria Dolores,Calleja,29802
29803,193462447,Maria Jose,Pozuelo,29803
29804,575341035,Lalo,Alcaraz,29804
29805,192143474,Manola,Palau,29805
29806,712356657,Gloria,Casado,29806
29807,109150711,Graciela,Bernal,29807
29808,359815358,Rosario,Aliaga,29808
29809,976083944,Martirio,Estevez,29809
29810,112597729,Paula,Pina,29810
29811,433306944,Edu,Briones,29811
29812,371472283,Griselda,Urena,29812
29813,586029555,Angelina,Tejero,29813
29814,374309469,Felix,Manrique,29814
29815,541895230,Poncio,Julia,29815
29816,487583988,Juan Manuel,Gamez,29816
29817,980745106,Fanny,Villalobos,29817
29818,383611354,Hector,Solana,29818
29819,795921347,Gabino,Linares,29819
29820,564350154,Teodoro,Sosa,29820
29821,242479012,Irma,Mayoral,29821
29822,512907093,Nazaret,Heredia,29822
29823,693894142,Josep,Rosell,29823
29824,450003556,Domitila,Rosa,29824
29825,344521491,Daniela,Uribe,29825
29826,113094082,Maria Pilar,Rivero,29826
29827,226011253,Sol,Jordan,29827
29828,225004157,Aitor,Llorente,29828
29829,894893212,Jose Angel,Lobato,29829
29830,412667587,Alma,Morillo,29830
29831,406809797,Valerio,Vilanova,29831
29832,210464466,Miguel Angel,Uribe,29832
29833,793791268,Hector,Jordan,29833
29834,808211179,Rosalinda,Palomino,29834
29835,135663342,Candelaria,Revilla,29835
29836,171402002,Jose Manuel,Tejera,29836
29837,466863684,Jose Mari,Baron,29837
29838,106457771,Sergio,Coca,29838
29839,198323668,Pascuala,Solana,29839
29840,976609546,Leocadia,Bautista,29840
29841,841003971,Geraldo,Angel,29841
29842,999454968,Sara,Mayo,29842
29843,950941219,Lupe,Perera,29843
29844,916853157,Eva,Tudela,29844
29845,168002888,Aurelio,Herrera,29845
29846,348542871,Eulalia,Arnal,29846
29847,264497822,Cirino,Amor,29847
29848,508352041,Kike,Cardenas,29848
29849,918843472,Bibiana,Huguet,29849
29850,348081185,Jesus,Diez,29850
29851,302429071,Donato,Figueroa,29851
29852,424696937,Jose Mari,Vilalta,29852
29853,515820984,Jesus,Mata,29853
29854,859148776,Alonso,Llanos,29854
29855,295592851,Juan Francisco,Baquero,29855
29856,582801107,Sabina,Caro,29856
29857,156107469,Estrella,Bertran,29857
29858,171403202,Ambrosio,Fuster,29858
29859,835689634,Luisina,Mateos,29859
29860,771242359,Augusto,Hierro,29860
29861,751222564,Baltasar,Abella,29861
29862,510560927,Luz,Reina,29862
29863,133374598,Raquel,Pino,29863
29864,972433191,Baudelio,Diaz,29864
29865,370396199,Constanza,Crespi,29865
29866,802135981,Consuela,Fuster,29866
29867,875658346,Marcela,Ferrandiz,29867
29868,207193901,Gabriel,Revilla,29868
29869,667966000,Elpidio,Vidal,29869
29870,445193068,Samu,Requena,29870
29871,406783962,Bartolome,Morell,29871
29872,944432545,Victor Manuel,Campoy,29872
29873,779326633,Elba,Trillo,29873
29874,203457346,Felix,Amor,29874
29875,401285631,Bonifacio,Corbacho,29875
29876,603974369,Laura,Pintor,29876
29877,990284560,Samuel,Camino,29877
29878,742790962,Rosa,Carranza,29878
29879,849559450,Emilio,Marco,29879
29880,947204638,Carlota,Arcos,29880
29881,483569987,Tere,Garrido,29881
29882,317042984,Natalia,Armas,29882
29883,707293398,Nilda,Campoy,29883
29884,118768763,Remedios,Falco,29884
29885,447666035,Candido,Pelayo,29885
29886,199025855,Corona,Pineda,29886
29887,610093328,Jose Manuel,Prieto,29887
29888,584639629,Tadeo,Mulet,29888
29889,392710628,Jesusa,Murcia,29889
29890,912472208,Ariel,Huguet,29890
29891,123972169,Borja,Arellano,29891
29892,755219105,Felix,Paz,29892
29893,923586493,Raquel,Barbera,29893
29894,412617007,Climaco,Benitez,29894
29895,911998481,Benjamin,Asenjo,29895
29896,828689633,Horacio,Nogues,29896
29897,473891345,Eduardo,Cabrero,29897
29898,454837717,Hortensia,Bernat,29898
29899,756958399,German,Tamarit,29899
29900,497028094,Graciela,Ibanez,29900
29901,467865292,Pascuala,Andrade,29901
29902,587933774,Lupita,Serna,29902
29903,772046522,Quique,Guijarro,29903
29904,783748684,Coral,Carranza,29904
29905,383699153,Manuel,Franch,29905
29906,409170086,Octavio,Requena,29906
29907,225876113,Caridad,Contreras,29907
29908,353957994,Jose Angel,Colom,29908
29909,656974311,Rogelio,Zaragoza,29909
29910,214248430,Ramiro,Moreno,29910
29911,150047586,Maria Jose,Amaya,29911
29912,320581663,Carmelo,Andreu,29912
29913,170401525,Rolando,Gamez,29913
29914,754382905,Jordan,Ayuso,29914
29915,220766990,Purificacion,Vilalta,29915
29916,434993935,Clotilde,Miro,29916
29917,342316372,Tito,Jordan,29917
29918,358018578,Remigio,Chacon,29918
29919,249028500,Calixta,Goni,29919
29920,402903810,Malena,Torrents,29920
29921,595537836,Florina,Adadia,29921
29922,978808268,Narciso,Marti,29922
29923,618205799,Noe,Perez,29923
29924,629452991,Azahara,Izaguirre,29924
29925,408463180,Ignacio,Carrasco,29925
29926,495422671,Nerea,Garces,29926
29927,647412068,Filomena,Grande,29927
29928,515276311,Lina,Palma,29928
29929,570337659,Nydia,Coll,29929
29930,164147251,Ruperta,Castellanos,29930
29931,379531607,Cruz,Dominguez,29931
29932,774181108,Encarna,Torralba,29932
29933,867615452,Aura,Pina,29933
29934,705410903,Emperatriz,Chaves,29934
29935,437332439,Arturo,Clavero,29935
29936,211684157,Angelino,Milla,29936
29937,606205918,Paula,Guijarro,29937
29938,709652659,Bernarda,Malo,29938
29939,158306244,Reyes,Moreno,29939
29940,713511964,Fito,Segui,29940
29941,656804631,Marco,Gaya,29941
29942,601082310,Xiomara,Arnau,29942
29943,158513960,Sabas,Heredia,29943
29944,266915843,Purificacion,Acero,29944
29945,647926114,Renata,Pinedo,29945
29946,426104662,Rufina,Acuna,29946
29947,674823513,Ambrosio,Donaire,29947
29948,318652798,Diego,Godoy,29948
29949,820989644,Apolonia,Santos,29949
29950,987823305,Jenny,Casas,29950
29951,190962663,Adalberto,Vidal,29951
29952,370025691,Adriana,Marti,29952
29953,182679851,Reyes,Sureda,29953
29954,367824793,Ignacio,Tejera,29954
29955,200281306,Lucia,Villena,29955
29956,866906580,Lina,Alarcon,29956
29957,530131021,Serafina,Villegas,29957
29958,841988500,Agustin,Revilla,29958
29959,216370538,Bienvenida,Campillo,29959
29960,430270751,Lidia,Abril,29960
29961,797979740,Debora,Berenguer,29961
29962,151991986,Ricardo,Vina,29962
29963,122140826,Dimas,Tomas,29963
29964,483295032,Bernardino,Barriga,29964
29965,559716322,Ainoa,Ferrandez,29965
29966,772743063,Jordan,Posada,29966
29967,761154990,Charo,Herrero,29967
29968,391349565,Candida,Pons,29968
29969,700292533,Tania,Oller,29969
29970,460688833,Poncio,Mate,29970
29971,446819868,Gisela,Moya,29971
29972,598412508,Elodia,Redondo,29972
29973,850100305,Sabina,Cisneros,29973
29974,429543958,Edu,Fabregas,29974
29975,970439312,Clarisa,Batalla,29975
29976,631474923,Carlos,Arce,29976
29977,560439539,Ani,Castillo,29977
29978,489563502,Marcelo,Gonzalo,29978
29979,387032063,Arcelia,Canas,29979
29980,906517241,Azahar,Crespi,29980
29981,347325014,Odalys,Aramburu,29981
29982,473713322,Humberto,Grande,29982
29983,193786909,Ruth,Calvet,29983
29984,189015774,Marcela,Lujan,29984
29985,641952120,Maura,Llopis,29985
29986,619496110,America,Vina,29986
29987,585259152,Dario,Pedro,29987
29988,166798299,Lorenzo,Vives,29988
29989,470261429,Elba,Mur,29989
29990,196566840,Lupe,Ribas,29990
29991,641908566,Che,Cantero,29991
29992,785806123,Candida,Benitez,29992
29993,122004290,Carla,Elias,29993
29994,874836090,Constanza,Pinto,29994
29995,126742268,Venceslas,Angel,29995
29996,185675889,Amparo,Vicens,29996
29997,799150130,Casandra,Murillo,29997
29998,205080064,Rafa,Pereira,29998
29999,274328259,Ofelia,Roma,29999
30000,941972201,Roldan,Belda,30000
30001,460505424,Mario,Reguera,30001
30002,989856677,Marco,Ruiz,30002
30003,526458623,Severo,Agudo,30003
30004,661923330,Julia,Lloret,30004
30005,964315792,Azucena,Azcona,30005
30006,812645651,Benita,Martinez,30006
30007,682142547,Eugenio,Alegre,30007
30008,736458485,Armando,Paez,30008
30009,175467592,German,Boada,30009
30010,506177997,Hernan,Campoy,30010
30011,726996399,Yolanda,Batlle,30011
30012,130972954,Sandalio,Caro,30012
30013,269241237,Virgilio,Cazorla,30013
30014,858437259,Rosendo,Bautista,30014
30015,621782231,Caridad,Tudela,30015
30016,289585449,Maria Carmen,Luna,30016
30017,535354843,Celestina,Miranda,30017
30018,612609699,Victor,Iglesia,30018
30019,266777991,Quirino,Canals,30019
30020,469354093,Irma,Alegre,30020
30021,373881353,Jafet,Tenorio,30021
30022,271354282,Martin,Rios,30022
30023,851216464,Adrian,Mir,30023
30024,691973015,Susanita,Catala,30024
30025,842142362,Eric,Boix,30025
30026,178052083,Fortunato,Ribera,30026
30027,997702829,Pili,Criado,30027
30028,561807696,Hilda,Zamora,30028
30029,913805372,Guillermo,Soria,30029
30030,326994425,Maxi,Pina,30030
30031,999676531,Cecilio,Arce,30031
30032,342111621,Andres,Puig,30032
30033,193030358,Manu,Aguila,30033
30034,174088512,Eliseo,Arino,30034
30035,157521879,Lorena,Nebot,30035
30036,833749146,Fortunata,Catala,30036
30037,800591045,Candela,Tenorio,30037
30038,522825361,Salud,Llamas,30038
30039,899544909,Urbano,Espana,30039
30040,303356561,Ligia,Naranjo,30040
30041,353719714,Joan,Barcelo,30041
30042,419973948,Teofila,Roman,30042
30043,892929289,Severino,Espejo,30043
30044,877576728,Alejo,Robledo,30044
30045,951725112,Salvador,Borrego,30045
30046,418439323,Marina,Perello,30046
30047,665080687,Ismael,Haro,30047
30048,270310443,Agueda,Lara,30048
30049,935197521,Jose,Solano,30049
30050,574825600,Teodosio,Yuste,30050
30051,213745500,Faustino,Romero,30051
30052,943645966,Antonia,Porras,30052
30053,207138857,Marisol,Bosch,30053
30054,566025677,Anselmo,Alberola,30054
30055,912073162,Pedro,Prats,30055
30056,918996930,Espiridion,Sole,30056
30057,981309699,Ruy,Abad,30057
30058,951377362,Duilio,Madrid,30058
30059,846064012,Hugo,Cuesta,30059
30060,418378314,Ximena,Botella,30060
30061,668988021,Itziar,Sacristan,30061
30062,272549184,Juan Pablo,Tamarit,30062
30063,428988405,Tere,Villa,30063
30064,584178677,Dorotea,Ordonez,30064
30065,823404065,Marisol,Mosquera,30065
30066,959302161,Jose Luis,Vina,30066
30067,507872090,Manuel,Alcolea,30067
30068,910470735,Pelayo,Montserrat,30068
30069,980177972,Elodia,Gomez,30069
30070,668055037,Dolores,Quesada,30070
30071,169591312,Nacio,Araujo,30071
30072,831108172,Nuria,Uria,30072
30073,926975274,Laura,Gelabert,30073
30074,331568741,Carmelita,Franch,30074
30075,346143260,Omar,Villegas,30075
30076,385249972,Aurelia,Puig,30076
30077,551897291,Joaquina,Balaguer,30077
30078,167852658,Fabricio,Bermejo,30078
30079,102597871,Fatima,Gomis,30079
30080,560426904,Sol,Belda,30080
30081,153079961,Moreno,Alvarado,30081
30082,956964620,Magdalena,Blanca,30082
30083,822240418,Elena,Falcon,30083
30084,818314197,Calista,Torres,30084
30085,871623826,Gregorio,Amor,30085
30086,401820378,Severo,Nevado,30086
30087,968441637,Paola,Barco,30087
30088,976198312,Leandra,Boix,30088
30089,769823929,Marina,Amoros,30089
30090,325622746,Anna,Aranda,30090
30091,339093404,Florina,Amaya,30091
30092,768027620,Chus,Codina,30092
30093,192940383,Eloy,Montalban,30093
30094,496102382,Julieta,Soto,30094
30095,845951473,Jeronimo,Cisneros,30095
30096,587116176,Marcelino,Lledo,30096
30097,252008870,Bautista,Garcia,30097
30098,334941699,Jorge,Pelaez,30098
30099,578815134,Matias,Marcos,30099
30100,909491779,Maricela,Ballesteros,30100
30101,111695337,Mayte,Perez,30101
30102,998089676,Ana Belen,Naranjo,30102
30103,479811740,Hilda,Batlle,30103
30104,425854645,Nacho,Losa,30104
30105,416841810,Ainara,Lucas,30105
30106,678433853,Melchor,Solera,30106
30107,662966444,Carmelita,Alfaro,30107
30108,420803786,Nacio,Casado,30108
30109,453893865,Gerardo,Mayol,30109
30110,103694342,Mohamed,Martin,30110
30111,874591363,Cesar,Sabater,30111
30112,633675061,Feliciano,Cantero,30112
30113,163452865,Jacinto,Galvan,30113
30114,220886415,Maristela,Martinez,30114
30115,835771793,Noemi,Nevado,30115
30116,229155946,Hilario,Galan,30116
30117,546716162,Ricarda,Mendizabal,30117
30118,494487840,Teofila,Rey,30118
30119,176210307,Maxima,Olmo,30119
30120,493400601,Teresita,Pazos,30120
30121,206643836,Dan,Cobos,30121
30122,411411833,Eloisa,Vinas,30122
30123,397190855,Herberto,Camacho,30123
30124,354402568,Gonzalo,Palacios,30124
30125,216465198,Josep,Paez,30125
30126,814677728,Gala,Gras,30126
30127,699301077,Yolanda,Cid,30127
30128,681792594,Rita,Solsona,30128
30129,254914048,Regulo,Benavent,30129
30130,237026167,Alcides,Galvan,30130
30131,366962998,Calista,Navas,30131
30132,365664269,Ariel,Caballero,30132
30133,974473254,Benita,Collado,30133
30134,163739611,Zaira,Mariscal,30134
30135,722266066,Felicidad,Lerma,30135
30136,822039317,Ignacio,Velasco,30136
30137,819532403,Baldomero,Ochoa,30137
30138,645572871,Osvaldo,Teruel,30138
30139,176653565,Jacinta,Menendez,30139
30140,585932667,Visitacion,Gual,30140
30141,814214314,Rufina,Jodar,30141
30142,539436817,Ana,Morcillo,30142
30143,567370126,Octavio,Exposito,30143
30144,852058246,Noemi,Marquez,30144
30145,353870753,Pascuala,Valencia,30145
30146,544706522,Sofia,Cuadrado,30146
30147,455052588,Florencio,Martinez,30147
30148,834917192,Paloma,Mir,30148
30149,136442082,Jose Luis,Morell,30149
30150,639089642,Americo,Alberola,30150
30151,710299775,Vito,Llanos,30151
30152,225936509,Juan Jose,Llorente,30152
30153,987861364,Jacinta,Franco,30153
30154,901673046,Benito,Ferrandiz,30154
30155,251085897,Pacifica,Saez,30155
30156,121454743,Federico,Angulo,30156
30157,768125918,Omar,Garces,30157
30158,237510116,Jose Manuel,Suarez,30158
30159,856071997,Yago,Sole,30159
30160,444485232,Celestino,Castellanos,30160
30161,832230006,Maria Del Carmen,Ropero,30161
30162,320365845,Rafa,Valentin,30162
30163,424158905,Pepe,Chamorro,30163
30164,511618693,Anselma,Machado,30164
30165,600284524,Teodosio,Rosello,30165
30166,657459538,Jose Ignacio,Pomares,30166
30167,725359857,Iban,Benet,30167
30168,913958742,Quirino,Llado,30168
30169,227679714,Estela,Tirado,30169
30170,746824098,Segismundo,Garcia,30170
30171,503426403,Sebastian,Tur,30171
30172,621009880,Arturo,Bernal,30172
30173,500102412,Juan Bautista,Esteve,30173
30174,195589794,Rodolfo,Lastra,30174
30175,930088724,Ivan,Pineiro,30175
30176,615093956,Basilio,Muro,30176
30177,471325595,Silvestre,Matas,30177
30178,953127655,Manolo,Cuevas,30178
30179,210322784,Primitivo,Gascon,30179
30180,871541841,Claudio,Osorio,30180
30181,782838540,Marcia,Collado,30181
30182,567821882,Brigida,Arjona,30182
30183,146971950,Sol,Espejo,30183
30184,939535187,Balduino,Pellicer,30184
30185,234334170,Natalia,Fuente,30185
30186,140950568,Inocencio,Puente,30186
30187,178562292,Zoraida,Torrecilla,30187
30188,171781250,Ana Belen,Solsona,30188
30189,889083075,Leocadio,Nogues,30189
30190,121664433,Iban,Valderrama,30190
30191,157050974,Tecla,Bartolome,30191
30192,794751808,Amanda,Pizarro,30192
30193,272050870,Goyo,Goicoechea,30193
30194,203912471,Miriam,Benitez,30194
30195,187707338,Gertrudis,Otero,30195
30196,144053756,Norberto,Perello,30196
30197,352783518,Amancio,Vicente,30197
30198,585765307,Cristina,Anglada,30198
30199,570375170,Graciano,Cozar,30199
30200,532205020,Ramona,Morante,30200
30201,368531600,Maria Luisa,Casas,30201
30202,103480560,Cayetano,Solana,30202
30203,409933810,Baudelio,Tejada,30203
30204,754983940,Basilio,Benitez,30204
30205,461781137,Martirio,Alfaro,30205
30206,853341036,Debora,Riera,30206
30207,907424758,Amancio,Aviles,30207
30208,763860281,Candida,Torre,30208
30209,399412312,Jovita,Codina,30209
30210,937164154,Azahar,Herrera,30210
30211,252735337,Pepe,Gimenez,30211
30212,126756059,Julieta,Suarez,30212
30213,173620193,Guillermo,Palomares,30213
30214,647862573,Joaquina,Peinado,30214
30215,225914120,Amando,Villa,30215
30216,893214947,Begona,Santana,30216
30217,371993967,Maximo,Miranda,30217
30218,537939886,Salome,Quintanilla,30218
30219,265203571,Georgina,Llorente,30219
30220,216017659,Lucas,Sanchez,30220
30221,439427031,Valero,Ferran,30221
30222,943280856,Melchor,Buendia,30222
30223,907777488,Dora,Carpio,30223
30224,273975164,Serafina,Ferreras,30224
30225,589397293,Amor,Cadenas,30225
30226,502973735,Soledad,Checa,30226
30227,509427542,Margarita,Alfonso,30227
30228,156596405,Yago,Bustos,30228
30229,342001964,Fabricio,Pedrosa,30229
30230,911765152,Octavio,Rios,30230
30231,941594324,Nico,Lillo,30231
30232,472934588,Demetrio,Fernandez,30232
30233,658566296,Lourdes,Lamas,30233
30234,952499273,Esther,Peinado,30234
30235,971224803,Caridad,Camps,30235
30236,920518852,Samuel,Catala,30236
30237,723519100,Maximino,Muro,30237
30238,407457517,Nadia,Pi,30238
30239,897818180,Angelina,Rodenas,30239
30240,806588212,Raquel,Ribes,30240
30241,528993641,Cecilia,Nunez,30241
30242,967431777,Angelina,Marco,30242
30243,400868169,Soledad,Palma,30243
30244,178645219,Jose,Valdes,30244
30245,639929048,Priscila,Serrano,30245
30246,871254349,Victoriano,Mayoral,30246
30247,319021636,Prudencia,Arnal,30247
30248,747441219,Albert,Amador,30248
30249,653076784,Nieves,Esparza,30249
30250,717588983,Jose,Perales,30250
30251,248576607,Esmeralda,Carranza,30251
30252,403267424,Cristobal,Sarmiento,30252
30253,456538152,Priscila,Gisbert,30253
30254,973086588,Panfilo,Hervia,30254
30255,446035929,Flora,Gamez,30255
30256,649521325,Guadalupe,Alamo,30256
30257,385605768,Abilio,Espejo,30257
30258,175251493,Candela,Guitart,30258
30259,660868439,Florencia,Ribas,30259
30260,963450078,Vasco,Pol,30260
30261,491338253,Margarita,Bello,30261
30262,439731620,Dani,Camps,30262
30263,727519327,Aurea,Valbuena,30263
30264,152695307,Gloria,Ojeda,30264
30265,938468120,Guiomar,Ponce,30265
30266,335885544,Juanita,Barros,30266
30267,393448111,Toni,Carreno,30267
30268,236837069,Marcelo,Villena,30268
30269,408045436,Olimpia,Diaz,30269
30270,632348152,Ignacio,Olmo,30270
30271,707647095,Consuelo,Olmo,30271
30272,628211142,Cosme,Uriarte,30272
30273,322748917,Melisa,Noriega,30273
30274,245198139,Espiridion,Coca,30274
30275,592247683,Esperanza,Escalona,30275
30276,632420280,Flavia,Alemany,30276
30277,169016408,Walter,Fiol,30277
30278,198358773,Encarnacion,Calleja,30278
30279,512485034,Martin,Bueno,30279
30280,330853034,Ruperta,Zorrilla,30280
30281,861024175,Julie,Melero,30281
30282,677249959,Ruperta,Belda,30282
30283,303044865,Gustavo,Garcia,30283
30284,383823607,Lorena,Quintanilla,30284
30285,794583042,Maria Pilar,Antunez,30285
30286,382146976,Lara,Coloma,30286
30287,651507242,Ariel,Crespo,30287
30288,796560878,Ursula,Vila,30288
30289,698315750,Nestor,Abellan,30289
30290,705891110,Adriana,Aguilar,30290
30291,742829561,Haroldo,Tejada,30291
30292,964487609,Iban,Uria,30292
30293,230904562,Eduardo,Valls,30293
30294,801106716,Marisela,Rosales,30294
30295,375888628,Cruz,Serra,30295
30296,679998780,Flora,Carvajal,30296
30297,507920249,Santos,Ripoll,30297
30298,253609466,Albano,Mora,30298
30299,331912079,Mariano,Font,30299
30300,895339651,Carmelita,Duran,30300
30301,615447905,Flora,Llobet,30301
30302,419825761,Cayetano,Pineda,30302
30303,788065859,Adoracion,Arnau,30303
30304,872544562,Isaias,Sans,30304
30305,646973130,Anna,Crespo,30305
30306,689232958,Aranzazu,Pomares,30306
30307,586358910,Evangelina,Aguila,30307
30308,369273262,Rosalina,Peralta,30308
30309,200222019,Gala,Espanol,30309
30310,676787724,Ale,Cortes,30310
30311,422916391,Pili,Uria,30311
30312,552574983,Nacio,Duarte,30312
30313,150241337,Natalia,Barbero,30313
30314,934993246,Diana,Bertran,30314
30315,291125640,Bruno,Verdu,30315
30316,163223517,Aureliano,Arco,30316
30317,943895914,Jonatan,Conde,30317
30318,888084807,Arcelia,Terron,30318
30319,426313828,Jovita,Company,30319
30320,379760913,Juanita,Borja,30320
30321,648668359,Constanza,Montero,30321
30322,713391965,Carmen,Canas,30322
30323,605523189,Dorotea,Mur,30323
30324,944666493,Desiderio,Gaya,30324
30325,113134117,Renato,Ordonez,30325
30326,160772281,Ramon,Badia,30326
30327,339505311,Milagros,Arce,30327
30328,297299024,Jose Miguel,Dominguez,30328
30329,293950760,Victoriano,Marmol,30329
30330,718177115,Eutropio,Cervantes,30330
30331,748151131,Reyes,Pons,30331
30332,142313217,Loida,Duenas,30332
30333,919524757,Tatiana,Solana,30333
30334,355360821,Loida,Guerrero,30334
30335,634416897,Martin,Juarez,30335
30336,222716552,Alonso,Molins,30336
30337,356179681,Felicidad,Arroyo,30337
30338,234027037,Berta,Heras,30338
30339,798343852,Alba,Segui,30339
30340,753257065,Chus,Puga,30340
30341,605842370,Jose Luis,Colomer,30341
30342,210647334,Lorenzo,Bejarano,30342
30343,333417067,Marc,Saura,30343
30344,321303878,Lorenza,Bernal,30344
30345,734121467,Buenaventura,Manso,30345
30346,614408239,Calixto,Bertran,30346
30347,985190916,Macaria,Briones,30347
30348,311236463,Griselda,Franch,30348
30349,254645316,Benita,Cuenca,30349
30350,570527178,Zacarias,Gordillo,30350
30351,885942125,Amaro,Andreu,30351
30352,686713504,Iker,Alvarez,30352
30353,429989238,Mariana,Quesada,30353
30354,371614925,Lupita,Larranaga,30354
30355,976613547,Casemiro,Barrios,30355
30356,766661892,Jose Luis,Saldana,30356
30357,507991837,Noe,Mancebo,30357
30358,252661019,Macarena,Tomas,30358
30359,500699593,Abilio,Lago,30359
30360,609109730,Goyo,Pedrero,30360
30361,793689068,Flavio,Pedrero,30361
30362,550600372,Griselda,Cardona,30362
30363,550568515,Gervasio,Jove,30363
30364,141304230,Lucia,Cruz,30364
30365,456543359,Maxi,Robledo,30365
30366,958681136,Mario,Ojeda,30366
30367,744417419,Concha,Hoyos,30367
30368,954258432,Paco,Castell,30368
30369,909211634,Eliana,Badia,30369
30370,739256856,Constanza,Macias,30370
30371,118064966,Julieta,Ortiz,30371
30372,487403748,Camila,Camino,30372
30373,418513961,Cleto,Riquelme,30373
30374,240748253,Beatriz,Martinez,30374
30375,184246929,Javiera,Llado,30375
30376,793640037,Severino,Lamas,30376
30377,768194548,Agata,Arteaga,30377
30378,650420898,Encarnacion,Diez,30378
30379,998167907,Chelo,Miro,30379
30380,503979381,Jose Luis,Godoy,30380
30381,997823353,Nilo,Aparicio,30381
30382,610754218,Erasmo,Chacon,30382
30383,603542914,Odalys,Plana,30383
30384,480332323,Anabel,Jover,30384
30385,100721963,Quirino,Somoza,30385
30386,202029222,Daniel,Bermudez,30386
30387,210472390,Elvira,Molina,30387
30388,823693847,Seve,Perea,30388
30389,579011325,Lina,Arrieta,30389
30390,985371627,Buenaventura,Elorza,30390
30391,767336907,Teodoro,Herranz,30391
30392,409107127,Tadeo,Mesa,30392
30393,124513170,Alba,Arrieta,30393
30394,182851537,Seve,Guzman,30394
30395,979682470,Prudencio,Abella,30395
30396,830574401,Jorge,Cozar,30396
30397,972455503,Gertrudis,Carretero,30397
30398,917726218,Nicanor,Ruiz,30398
30399,406810873,Clara,Calleja,30399
30400,420208088,Carmina,Canete,30400
30401,585051807,Tadeo,Aguilo,30401
30402,732673299,Ale,Feliu,30402
30403,609235109,Dani,Robles,30403
30404,191859592,Visitacion,Lujan,30404
30405,700060643,Felix,Mendoza,30405
30406,106401169,Maria Manuela,Cervera,30406
30407,718348071,Zaida,Valenciano,30407
30408,698656587,Lupe,Monreal,30408
30409,882635111,Hernando,Mas,30409
30410,211612949,Javier,Saavedra,30410
30411,912941634,Luis Angel,Reguera,30411
30412,685443695,Ambrosio,Almeida,30412
30413,571855166,Rico,Carreras,30413
30414,656479072,Guadalupe,Corominas,30414
30415,832757222,Paco,Pelayo,30415
30416,903823678,Sonia,Vicens,30416
30417,668611987,Adora,Tapia,30417
30418,107569781,Marcelino,Ferrer,30418
30419,841294924,Fulgencio,Campillo,30419
30420,282562065,Celia,Pelayo,30420
30421,874444839,Tania,Malo,30421
30422,560554760,Azahar,Caparros,30422
30423,202768093,Jose Angel,Frutos,30423
30424,969900432,Paca,Barcena,30424
30425,965331502,Perlita,Buendia,30425
30426,394464448,Aroa,Acevedo,30426
30427,486372515,Emilia,Moran,30427
30428,392477329,Ariel,Godoy,30428
30429,428513692,Pedro,Tovar,30429
30430,405080160,Marisela,Frutos,30430
30431,621037711,Severo,Rico,30431
30432,100443562,Sabina,Morcillo,30432
30433,753424525,Adalberto,Almazan,30433
30434,948909752,Maria Jose,Bauza,30434
30435,821682212,Ulises,Andres,30435
30436,363578114,Porfirio,Calderon,30436
30437,206967991,Hortensia,Grande,30437
30438,176174098,Javi,Tena,30438
30439,937663741,Ascension,Zamorano,30439
30440,642700219,Viviana,Rivas,30440
30441,754261010,Joaquina,Angel,30441
30442,910981094,Pastor,Olivares,30442
30443,798616327,Delia,Pombo,30443
30444,123569487,Eutropio,Galan,30444
30445,609260150,Fanny,Gual,30445
30446,865144658,Mateo,Bernat,30446
30447,567479729,Glauco,Gimeno,30447
30448,286918198,Timoteo,Mayoral,30448
30449,993752651,Cintia,Pera,30449
30450,763517055,Maria Pilar,Vilanova,30450
30451,462571936,Vidal,Huguet,30451
30452,129355203,Roman,Zapata,30452
30453,173349052,Jose Maria,Montoya,30453
30454,360615647,Reyes,Amoros,30454
30455,561492377,Leandra,Narvaez,30455
30456,341962215,Brunilda,Sala,30456
30457,863152700,Febe,Galiano,30457
30458,428974577,Berta,Cervantes,30458
30459,611567698,Maria,Larranaga,30459
30460,434087084,Federico,Fernandez,30460
30461,913371467,Hilario,Manzanares,30461
30462,650551195,Laura,Arenas,30462
30463,855803635,Jordi,Paniagua,30463
30464,991250523,Inmaculada,Almazan,30464
30465,339882879,Florentina,Colomer,30465
30466,454437500,Bruno,Ferrando,30466
30467,459327695,Ricardo,Crespi,30467
30468,618491726,Rosario,Gonzalez,30468
30469,909783742,Aurelia,Baron,30469
30470,347461818,Hernando,Alberto,30470
30471,584773219,Norberto,Llano,30471
30472,844362649,Quirino,Ochoa,30472
30473,450534135,Macaria,Puig,30473
30474,492404836,Sonia,Tellez,30474
30475,834188869,Rosa,Cuenca,30475
30476,419392837,Jacinta,Sevillano,30476
30477,327493552,Geronimo,Guijarro,30477
30478,727794083,Leopoldo,Iglesia,30478
30479,397682087,Bartolome,Sebastian,30479
30480,550808840,Sofia,Vizcaino,30480
30481,521160970,Miguela,Perales,30481
30482,987427940,Walter,Casado,30482
30483,643784935,Dani,Torres,30483
30484,882162973,Geraldo,Cabrera,30484
30485,484039808,Gil,Carbonell,30485
30486,521305440,Casemiro,Cabanas,30486
30487,863207134,Che,Baron,30487
30488,751443409,Teresa,Lastra,30488
30489,918419312,Romulo,Jaen,30489
30490,403927173,Cesar,Alcantara,30490
30491,164958167,Susanita,Correa,30491
30492,741600362,Ariadna,Barco,30492
30493,678176060,Angela,Montserrat,30493
30494,731262737,Plinio,Canet,30494
30495,230555039,Cesar,Espada,30495
30496,121486270,Gonzalo,Manuel,30496
30497,931479539,Begona,Santos,30497
30498,793097164,Cosme,Elias,30498
30499,357953307,Candelario,Paz,30499
30500,448529989,Valentin,Gallego,30500
30501,422097826,Cloe,Gomez,30501
30502,841622668,Jesusa,Saez,30502
30503,313051427,Armida,Adadia,30503
30504,338457415,Evaristo,Feliu,30504
30505,604964791,Sol,Catalan,30505
30506,318552465,Eutropio,Sabater,30506
30507,314057542,Rosa,Cuenca,30507
30508,973092320,Pelayo,Tomas,30508
30509,386063811,Salome,Nunez,30509
30510,566885561,Carmelita,Carmona,30510
30511,982639847,Luisa,Rodriguez,30511
30512,383142955,Jose Antonio,Dominguez,30512
30513,110103207,Herberto,Anglada,30513
30514,400343220,Esteban,Pina,30514
30515,287715577,Jesus,Hurtado,30515
30516,926165589,Heliodoro,Vina,30516
30517,571181051,Toribio,Miro,30517
30518,892563963,Oscar,Agullo,30518
30519,234291357,Bonifacio,Castilla,30519
30520,209617097,Amador,Villar,30520
30521,706615250,Buenaventura,Alcolea,30521
30522,427305723,Charo,Hierro,30522
30523,100716409,Alcides,Alegria,30523
30524,551189369,Selena,Nicolau,30524
30525,783363731,Ani,Puga,30525
30526,529024874,Eligio,Cordoba,30526
30527,470107451,Luis Angel,Guzman,30527
30528,641482051,Roque,Blanca,30528
30529,586192930,Anselmo,Roca,30529
30530,716850581,Ignacio,Miralles,30530
30531,256079128,Encarna,Perera,30531
30532,470700413,Santos,Pazos,30532
30533,916466376,Dionisio,Alcantara,30533
30534,742437387,Priscila,Caceres,30534
30535,849352640,Alberto,Quesada,30535
30536,973353544,Isidoro,Matas,30536
30537,664327276,Augusto,Iniguez,30537
30538,885776524,Rosa Maria,Rubio,30538
30539,894770680,Luciano,Jaen,30539
30540,766411357,Miguel Angel,Abella,30540
30541,327631527,Plinio,Escamilla,30541
30542,292673558,Ruben,Cornejo,30542
30543,819541937,Rosalinda,Palau,30543
30544,420370515,Noe,Barbera,30544
30545,323678726,Gisela,Melero,30545
30546,963386654,Casandra,Sureda,30546
30547,615993688,Regina,Gonzalez,30547
30548,563216308,Natividad,Marin,30548
30549,225605041,Eufemia,Vila,30549
30550,653819277,Saturnino,Figueroa,30550
30551,982042576,Alexandra,Quero,30551
30552,928322414,Nacho,Escriva,30552
30553,759079345,Zaida,Moliner,30553
30554,170846028,Enrique,Gelabert,30554
30555,233257364,Carlota,Galvez,30555
30556,909080962,Juan Antonio,Ropero,30556
30557,965995109,Sarita,Losa,30557
30558,291701092,Edelmiro,Verdu,30558
30559,897476929,Heriberto,Miguel,30559
30560,666107967,Mariana,Ferrandez,30560
30561,211299733,Gerardo,Batlle,30561
30562,996162315,Alba,Gallart,30562
30563,909813991,Arsenio,Espejo,30563
30564,391998824,Ximena,Borrego,30564
30565,910269306,Claudio,Trujillo,30565
30566,102847530,Raul,Campillo,30566
30567,331153099,Gracia,Cuadrado,30567
30568,386024102,Fabiola,Espanol,30568
30569,784476194,Nelida,Jimenez,30569
30570,358037397,Adelaida,Jimenez,30570
30571,181313521,Yesica,Guillen,30571
30572,277561048,Ursula,Marco,30572
30573,984128152,Ciro,Boix,30573
30574,575447680,Regina,Cabanillas,30574
30575,906458429,Carla,Bernad,30575
30576,387894062,Sabina,Sosa,30576
30577,648027664,Dafne,Batalla,30577
30578,517840755,Tamara,Salamanca,30578
30579,466682272,Amparo,Sanabria,30579
30580,591064939,Noemi,Aparicio,30580
30581,648973894,Nicodemo,Navarrete,30581
30582,909974511,Ana Sofia,Barral,30582
30583,637447590,Aurea,Guardia,30583
30584,463684830,Tiburcio,Parra,30584
30585,499015339,Juan Bautista,Carreno,30585
30586,667068730,Santiago,Valenciano,30586
30587,770684326,Macarena,Talavera,30587
30588,855361607,Maria,Barrera,30588
30589,375763671,Benigna,Solis,30589
30590,595941215,Teofila,Salazar,30590
30591,556749851,Olivia,Romeu,30591
30592,237074115,Inocencio,Blazquez,30592
30593,556220430,Bernarda,Barroso,30593
30594,597283703,Norberto,Borras,30594
30595,262126991,Paola,Madrid,30595
30596,955551326,Eduardo,Folch,30596
30597,535754520,Julio,Bilbao,30597
30598,928011082,Luis,Andreu,30598
30599,362688891,Nuria,Poza,30599
30600,970126721,Rodolfo,Gutierrez,30600
30601,617387506,Eusebia,Bellido,30601
30602,322092602,Buenaventura,Hernandez,30602
30603,144794194,Merche,Godoy,30603
30604,758592534,Fulgencio,Cabrera,30604
30605,879037232,Mohamed,Mendez,30605
30606,651524355,Cecilia,Recio,30606
30607,257307308,Etelvina,Otero,30607
30608,549866246,Wilfredo,Tudela,30608
30609,368502418,Casemiro,Galan,30609
30610,707548310,Ovidio,Nevado,30610
30611,695628828,Evangelina,Gonzalo,30611
30612,917150953,Angelita,Marcos,30612
30613,935165555,Genoveva,Llano,30613
30614,889082719,Hipolito,Lopez,30614
30615,782529566,Angelina,Canet,30615
30616,881363997,Damian,Montoya,30616
30617,498098063,Celia,Almansa,30617
30618,409613960,Jaime,Palomo,30618
30619,369398964,Ximena,Borja,30619
30620,369174026,Alejandra,Barba,30620
30621,109820710,Emiliano,Mayol,30621
30622,972136894,Carla,Lloret,30622
30623,161892254,Jacobo,Calzada,30623
30624,866101282,Faustino,Santos,30624
30625,836068906,Eloisa,Lopez,30625
30626,663938205,Victoriano,Abella,30626
30627,218263840,Manu,Valenciano,30627
30628,656698255,Aurelia,Pino,30628
30629,311009488,Nelida,Nunez,30629
30630,552963728,Vidal,Morales,30630
30631,942960100,Gracia,Tello,30631
30632,332310822,Carmelita,Sevilla,30632
30633,291048781,Teofila,Adan,30633
30634,238474166,Valentin,Pavon,30634
30635,109189354,Maximino,Olmedo,30635
30636,928712420,Albino,Zabala,30636
30637,408578589,Mercedes,Andres,30637
30638,927766862,Glauco,Baro,30638
30639,466253374,Fidel,Gonzalez,30639
30640,751979368,Graciana,Camps,30640
30641,189291343,Marc,Ropero,30641
30642,228603408,Maria Angeles,Berenguer,30642
30643,122400202,Cesar,Paredes,30643
30644,796332883,Nayara,Barbera,30644
30645,634107295,Ovidio,Burgos,30645
30646,335236157,Gervasio,Sanmartin,30646
30647,130572673,Damian,Abella,30647
30648,617078257,Amor,Peinado,30648
30649,596113720,Isaias,Barragan,30649
30650,661953082,Baldomero,Boada,30650
30651,254638287,Albino,Pinilla,30651
30652,220391270,Rosario,Almeida,30652
30653,115751262,Tono,Narvaez,30653
30654,989133225,Manuela,Guitart,30654
30655,940280932,Reyna,Granados,30655
30656,167915239,Leonardo,Pascual,30656
30657,683726141,Olegario,Guijarro,30657
30658,888248169,Leire,Cobos,30658
30659,251717390,Rolando,Marco,30659
30660,404509778,Luna,Morata,30660
30661,693507846,Florina,Salcedo,30661
30662,255453444,Teresa,Oller,30662
30663,999262098,Jose Maria,Guillen,30663
30664,192898313,Rafa,Priego,30664
30665,474388236,Loreto,Amores,30665
30666,673479621,Javi,Moliner,30666
30667,200348331,Fidel,Artigas,30667
30668,565837292,Cristina,Quevedo,30668
30669,450061660,Marita,Pineda,30669
30670,410233911,Modesto,Rosell,30670
30671,796369835,Angel,Ferrer,30671
30672,765850409,Paz,Garay,30672
30673,627185507,Alonso,Roldan,30673
30674,862825812,Regulo,Ojeda,30674
30675,860598442,Obdulia,Pavon,30675
30676,245327707,Roman,Cobos,30676
30677,472119771,Gracia,Gallardo,30677
30678,282853196,Abraham,Vendrell,30678
30679,362064080,Americo,Feijoo,30679
30680,806378713,Valentina,Navas,30680
30681,861956208,Gil,Casas,30681
30682,662070877,Bernabe,Juan,30682
30683,193154737,Edmundo,Terron,30683
30684,499838225,Manuela,Porta,30684
30685,474846378,Calixta,Guijarro,30685
30686,440073916,Hortensia,Arteaga,30686
30687,734960984,Victoriano,Maldonado,30687
30688,549170658,Marina,Bertran,30688
30689,889790767,Maristela,Moles,30689
30690,511730235,Venceslas,Roldan,30690
30691,830056004,Selena,Mayo,30691
30692,365135064,Rolando,Jove,30692
30693,667061088,Andres Felipe,Gonzalez,30693
30694,688867072,Julio Cesar,Chico,30694
30695,310786860,Climaco,Andres,30695
30696,424464241,Priscila,Domenech,30696
30697,697244435,Ariadna,Yanez,30697
30698,539921500,Baudelio,Palomo,30698
30699,369079159,Maria,Coronado,30699
30700,963384101,Filomena,Uria,30700
30701,562174562,Dionisio,Sole,30701
30702,231092155,Amalia,Cazorla,30702
30703,352490388,Mamen,Quiros,30703
30704,515256324,Macario,Sanabria,30704
30705,132957187,Hortensia,Cortes,30705
30706,677308629,Noelia,Ramis,30706
30707,628943291,Brigida,Lillo,30707
30708,558504379,Aitana,Marquez,30708
30709,721460663,Anabel,Navarro,30709
30710,972941701,Ani,Jerez,30710
30711,971747125,Guadalupe,Huertas,30711
30712,175490304,Nadia,Bonet,30712
30713,333300486,Dalila,Julian,30713
30714,274411993,Melisa,Coronado,30714
30715,767488235,Celso,Morata,30715
30716,203220889,Damian,Mesa,30716
30717,794139231,Dora,Molina,30717
30718,549601231,Maria,Mari,30718
30719,841939148,Carina,Pont,30719
30720,270962954,Inocencio,Hervas,30720
30721,307304140,Estefania,Atienza,30721
30722,675613984,Maria Jose,Castello,30722
30723,479511207,Abraham,Vega,30723
30724,270136543,Ciriaco,Huguet,30724
30725,599877214,Jeremias,Quintanilla,30725
30726,351222808,Eric,Gonzalo,30726
30727,122185472,Geraldo,Alemany,30727
30728,392322354,Bernabe,Calatayud,30728
30729,361276821,Teo,Torrens,30729
30730,498388741,Herberto,Ruano,30730
30731,477231187,Valentin,Sans,30731
30732,360841444,Ismael,Castro,30732
30733,699113334,Alexandra,Ayuso,30733
30734,177482566,Faustino,Pages,30734
30735,767181033,Valeria,Rosa,30735
30736,759756472,Susana,Acosta,30736
30737,687875103,Lalo,Jordan,30737
30738,955888769,Filomena,Avila,30738
30739,158673039,Albano,Guardia,30739
30740,714409171,Maricruz,Polo,30740
30741,966537350,Trinidad,Ochoa,30741
30742,705373560,Ramona,Marques,30742
30743,626838058,Celso,Bayona,30743
30744,894777076,Dolores,Luis,30744
30745,787648795,Julieta,Bastida,30745
30746,393104484,Luciano,Valdes,30746
30747,101355003,Begona,Ros,30747
30748,143615796,Alonso,Conde,30748
30749,600012299,Roldan,Verdu,30749
30750,132944124,Leocadia,Rosell,30750
30751,232322976,Nilda,Belmonte,30751
30752,862800608,Domitila,Delgado,30752
30753,326877076,Cintia,Murillo,30753
30754,477316788,Pelayo,Esteban,30754
30755,330225672,Melania,Figueras,30755
30756,503213494,Jose Angel,Ballester,30756
30757,896317941,Marina,Gil,30757
30758,189383823,Fausto,Flores,30758
30759,268510044,Carmelo,Guardiola,30759
30760,440691529,Hugo,Arroyo,30760
30761,609458346,Celestina,Casado,30761
30762,783293010,Vasco,Robles,30762
30763,495400590,Fabio,Esteban,30763
30764,824624619,Epifanio,Garmendia,30764
30765,278594215,Purificacion,Rosales,30765
30766,880419253,Dulce,Segura,30766
30767,964349007,Rocio,Comas,30767
30768,146467365,Margarita,Ferrandiz,30768
30769,493117312,Caridad,Casares,30769
30770,140006239,Arsenio,Cozar,30770
30771,261241759,Fidela,Cases,30771
30772,135303482,Juan Carlos,Mari,30772
30773,111697772,Epifanio,Lobato,30773
30774,779548018,Hilario,Alfonso,30774
30775,428727389,Nilo,Moran,30775
30776,225069442,Nazaret,Cabeza,30776
30777,984085878,Jordana,Solsona,30777
30778,144380380,Ramon,Fonseca,30778
30779,583549401,Beatriz,Carranza,30779
30780,599190581,Roman,Mendizabal,30780
30781,403156059,Gaspar,Priego,30781
30782,928073355,Merche,Garate,30782
30783,776194789,Cesar,Diego,30783
30784,258424941,Primitivo,Aragones,30784
30785,846472541,Jesusa,Nunez,30785
30786,497722959,Amor,Llorente,30786
30787,318913321,Lidia,Tomas,30787
30788,658000947,Gaston,Cabello,30788
30789,119085429,Armando,Tejedor,30789
30790,424987440,Paloma,Casal,30790
30791,586690037,Elena,Pomares,30791
30792,234977390,Inigo,Balaguer,30792
30793,270978797,Ildefonso,Andrade,30793
30794,228986292,Herminia,Garzon,30794
30795,917355605,Florinda,Pinol,30795
30796,454101656,Belen,Segui,30796
30797,838296458,Armida,Calderon,30797
30798,347641057,Fidel,Aller,30798
30799,431821797,Teodora,Font,30799
30800,877723328,Modesto,Jimenez,30800
30801,295234382,Florentino,Sedano,30801
30802,571021943,Leticia,Gallo,30802
30803,488716958,Cosme,Jordan,30803
30804,628801434,Rodrigo,Lledo,30804
30805,662392416,Chus,Vizcaino,30805
30806,637391225,Alberto,Cueto,30806
30807,876590481,Maria Jose,Munoz,30807
30808,422767092,Emilia,Casares,30808
30809,841165500,Petrona,Perez,30809
30810,643673600,Samu,Cabo,30810
30811,771463604,Bautista,Belmonte,30811
30812,439075748,Maria Manuela,Pol,30812
30813,470684384,Mamen,Pareja,30813
30814,193439424,Matilde,Nieto,30814
30815,931593824,Camilo,Cantero,30815
30816,284414993,Leticia,Jimenez,30816
30817,953355788,Ciriaco,Ferrer,30817
30818,563000567,Bienvenida,Carpio,30818
30819,960128657,Manuela,Guardia,30819
30820,588041138,Maribel,Solis,30820
30821,187834854,Matias,Bustamante,30821
30822,439204462,Benigno,Prieto,30822
30823,663811802,Celso,Lillo,30823
30824,264870853,Delia,Hernandez,30824
30825,773264076,Graciano,Adan,30825
30826,287399857,Remedios,Boada,30826
30827,683516421,Juanito,Seco,30827
30828,646367369,Natalio,Agullo,30828
30829,705392409,Benita,Pazos,30829
30830,961236367,Rosalia,Diaz,30830
30831,890681269,Luisina,Leiva,30831
30832,400091513,Salome,Alba,30832
30833,451327190,Custodia,Marin,30833
30834,409032854,Ainoa,Abascal,30834
30835,418993377,Lucas,Roldan,30835
30836,811692152,Adalberto,Criado,30836
30837,489180218,Rosendo,Miranda,30837
30838,779464079,Evita,Roda,30838
30839,836940456,Gregorio,Caceres,30839
30840,760235021,Timoteo,Rojas,30840
30841,112545155,Calixto,Arrieta,30841
30842,679315687,Olivia,Otero,30842
30843,260822748,Tatiana,Gil,30843
30844,617737419,Dario,Alberto,30844
30845,868915639,Eulalia,Jurado,30845
30846,624071357,Vasco,Rosa,30846
30847,154623352,Amparo,Anaya,30847
30848,164236850,Joaquin,Perez,30848
30849,549165470,Miguel,Arribas,30849
30850,277683437,Leopoldo,Echevarria,30850
30851,759302965,Pelayo,Artigas,30851
30852,542909606,Cecilia,Porcel,30852
30853,523626627,Cesar,Folch,30853
30854,395219504,Genoveva,Palomino,30854
30855,945625669,Leyre,Barba,30855
30856,231750104,Alicia,Llabres,30856
30857,538804665,Segismundo,Llopis,30857
30858,711618302,Emilia,Figueras,30858
30859,590742479,Encarnita,Garces,30859
30860,433654280,Moises,Mayo,30860
30861,165516070,Plinio,Sanchez,30861
30862,912293556,Eusebia,Valenciano,30862
30863,391745112,Baudelio,Gilabert,30863
30864,932087686,Jimena,Quintanilla,30864
30865,827705626,Ramiro,Mendez,30865
30866,941203330,Sol,Carmona,30866
30867,555214388,Luz,Navarrete,30867
30868,346016769,Cesar,Cabanillas,30868
30869,637463434,Maria,Pla,30869
30870,778662508,Ariadna,Amoros,30870
30871,899133185,Salvador,Barrio,30871
30872,243939544,Nelida,Ramos,30872
30873,779379220,Nicolas,Fiol,30873
30874,292959937,Eva Maria,Toro,30874
30875,117905384,Lucila,Ayllon,30875
30876,808086931,Zaida,Figueras,30876
30877,128275292,Prudencio,Carrasco,30877
30878,958785766,Dionisio,Ropero,30878
30879,790479841,Severiano,Noriega,30879
30880,395205432,Jimena,Cal,30880
30881,260821014,Calixto,Lucas,30881
30882,431991946,Angelita,Revilla,30882
30883,330318141,Telmo,Nadal,30883
30884,414054331,Edgar,Amores,30884
30885,738809940,Flor,Guardiola,30885
30886,558358395,Candido,Paniagua,30886
30887,159404633,Nicodemo,Arrieta,30887
30888,952874337,Fernanda,Lumbreras,30888
30889,430553783,Selena,Colomer,30889
30890,415364002,Hilario,Pedrero,30890
30891,251736748,Roberta,Ordonez,30891
30892,480317954,Amador,Tenorio,30892
30893,504112098,Nerea,Ferreras,30893
30894,975276253,Isidoro,Morell,30894
30895,458563438,Anna,Castello,30895
30896,153748040,Camila,Calvo,30896
30897,707461087,Jose Luis,Vilar,30897
30898,224355521,Silvestre,Portero,30898
30899,323161880,Pacifica,Acedo,30899
30900,602346517,Evangelina,Pages,30900
30901,513981574,Maria Jose,Fabra,30901
30902,643712391,Isidora,Trujillo,30902
30903,170939866,Jacinta,Marti,30903
30904,839251639,Amada,Fuente,30904
30905,332105953,Eutimio,Bermejo,30905
30906,552838678,Eligio,Luz,30906
30907,846208278,Carla,Arevalo,30907
30908,382554788,Haroldo,Grau,30908
30909,303378851,Dominga,Roldan,30909
30910,703718875,Esteban,Escudero,30910
30911,690388832,Natanael,Villalonga,30911
30912,734219155,Duilio,Juan,30912
30913,406603978,Susana,Mayo,30913
30914,163893004,Priscila,Gomis,30914
30915,389431748,Marcelo,Elorza,30915
30916,534627521,Aurora,Recio,30916
30917,700241791,Remedios,Cobos,30917
30918,289231592,Fernando,Borja,30918
30919,688965811,Edgardo,Marmol,30919
30920,173534336,Ximena,Alfaro,30920
30921,726520428,Inmaculada,Cornejo,30921
30922,413045528,Edu,Leal,30922
30923,384818265,Noa,Bayon,30923
30924,372700324,Leonor,Pino,30924
30925,306136925,Candida,Hierro,30925
30926,326201790,Chucho,Jurado,30926
30927,120911963,Angelita,Belda,30927
30928,469242420,Marta,Mur,30928
30929,386267147,Dan,Nieto,30929
30930,355540044,Vicente,Echevarria,30930
30931,450517975,Carlito,Aller,30931
30932,246715241,Martin,Lloret,30932
30933,449493307,Maria Fernanda,Garate,30933
30934,180960253,Angelica,Anglada,30934
30935,194059900,Mayte,Baena,30935
30936,499857623,Ignacio,Almagro,30936
30937,205621082,Leonardo,Caballero,30937
30938,817516813,Nestor,Bertran,30938
30939,857728529,Florentino,Pedrosa,30939
30940,313323455,Guiomar,Rosa,30940
30941,243690593,Juan,Menendez,30941
30942,424161772,Maria,Canas,30942
30943,399594249,Che,Escolano,30943
30944,991773742,Maria Belen,Salas,30944
30945,705131064,Teodoro,Roda,30945
30946,398765665,Ofelia,Manzanares,30946
30947,977032471,Felicidad,Roura,30947
30948,886677627,Herminia,Arnal,30948
30949,374139463,Jacinta,Carranza,30949
30950,486218542,Amalia,Campo,30950
30951,987342066,Irene,Morales,30951
30952,130372853,Renata,Chacon,30952
30953,371456453,Gabino,Andres,30953
30954,519861410,Walter,Pi,30954
30955,155670654,Vidal,Bello,30955
30956,444219902,Ursula,Huguet,30956
30957,484998012,Bernardo,Morante,30957
30958,869519494,Fortunato,Torralba,30958
30959,406505680,Leonardo,Saldana,30959
30960,110623906,Clarisa,Alfonso,30960
30961,276939913,Elias,Tovar,30961
30962,547696308,Ivan,Coloma,30962
30963,282403677,David,Gras,30963
30964,222851657,Jennifer,Iborra,30964
30965,470985186,Rosendo,Coll,30965
30966,676563288,Jose,Mateu,30966
30967,307244148,Goyo,Barriga,30967
30968,346327694,Estefania,Aguilar,30968
30969,215684138,Salud,Duque,30969
30970,227343772,Elvira,Andreu,30970
30971,738650380,Adelaida,Gargallo,30971
30972,952795733,Melania,Palomar,30972
30973,954824983,Regina,Aleman,30973
30974,632069694,Dorita,Tovar,30974
30975,272011854,Teofila,Zapata,30975
30976,120616513,Eloisa,Aragon,30976
30977,790364663,Eli,Chaparro,30977
30978,815409016,Belen,Belda,30978
30979,677044136,Fabiana,Exposito,30979
30980,178680030,Elias,Orozco,30980
30981,936626224,Lucila,Rivera,30981
30982,746152032,Noemi,Crespo,30982
30983,371659741,Bonifacio,Belmonte,30983
30984,156587148,Febe,Priego,30984
30985,484027875,Isaura,Espanol,30985
30986,270402518,Evita,Padilla,30986
30987,247557518,Jose Ignacio,Castillo,30987
30988,236104887,Belen,Castello,30988
30989,220121878,Vito,Capdevila,30989
30990,613938641,Julieta,Pablo,30990
30991,549995180,Perlita,Rubio,30991
30992,707255482,Dan,Atienza,30992
30993,717168002,Eufemia,Nebot,30993
30994,578684920,Oscar,Feliu,30994
30995,254687997,Vasco,Simo,30995
30996,300123383,Concha,Borrell,30996
30997,161271568,Alejandro,Miro,30997
30998,475308657,Agueda,Cobo,30998
30999,539312588,Florencia,Toledo,30999
31000,731099100,Cayetana,Blasco,31000
31001,806902003,Maximiano,Pastor,31001
31002,143919661,Wilfredo,Mendizabal,31002
31003,694221839,Andres Felipe,Marmol,31003
31004,249191386,Santos,Cerezo,31004
31005,598163802,Ismael,Mora,31005
31006,443076589,Ceferino,Lujan,31006
31007,533378880,Odalis,Salas,31007
31008,337282195,Celestina,Pelaez,31008
31009,701041189,Maria Cristina,Albero,31009
31010,412367206,Alonso,Salmeron,31010
31011,482246699,Abilio,Diego,31011
31012,230001962,Paco,Cueto,31012
31013,978481239,Hipolito,Cerro,31013
31014,157667262,Emilio,Hervas,31014
31015,692108650,Gala,Ramos,31015
31016,541032528,Pepita,Polo,31016
31017,259810677,Amilcar,Cortes,31017
31018,549694509,Nicolasa,Cespedes,31018
31019,456986546,Ema,Quiros,31019
31020,196323415,Jordana,Pujol,31020
31021,279083001,Aitana,Moya,31021
31022,955643413,Victorino,Rio,31022
31023,893623256,Ariel,Ramon,31023
31024,811331856,Armando,Arellano,31024
31025,898583401,Florentina,Marin,31025
31026,115968018,Remedios,Coello,31026
31027,757552613,Celestino,Bartolome,31027
31028,880250270,Dora,Quintana,31028
31029,912420284,Juana,Perez,31029
31030,512088711,Gabriela,Fuente,31030
31031,221539834,Daniela,Alegre,31031
31032,981165479,Espiridion,Tejero,31032
31033,822517191,Febe,Ortiz,31033
31034,260783202,Alejandro,Agustin,31034
31035,423917684,Lucho,Barrios,31035
31036,758342454,Brigida,Corral,31036
31037,245038275,Rene,Almeida,31037
31038,508560308,Ambrosio,Tomas,31038
31039,526882709,Natalia,Tejada,31039
31040,981863996,Lope,Sabater,31040
31041,465338112,Elisabet,Arregui,31041
31042,668402159,Serafina,Bonilla,31042
31043,276024104,Albert,Almagro,31043
31044,678020517,Carmela,Vara,31044
31045,292105349,Salud,Hoyos,31045
31046,374692303,Eutimio,Carbo,31046
31047,537888527,Hernan,Hernandez,31047
31048,672837492,Sarita,Guitart,31048
31049,225096193,Heliodoro,Lago,31049
31050,343562622,Marcial,Amor,31050
31051,269129657,Rodrigo,Cardenas,31051
31052,171333274,Remigio,Cid,31052
31053,887324754,Nilo,Tirado,31053
31054,741895512,Vicente,Checa,31054
31055,910377314,Chucho,Milla,31055
31056,310095365,Eusebio,Contreras,31056
31057,105932904,Cirino,Padilla,31057
31058,716242741,Pepita,Prats,31058
31059,864020015,Hilario,Murillo,31059
31060,580305181,Alonso,Barrena,31060
31061,781503622,Zaira,Luz,31061
31062,724075651,Lazaro,Molins,31062
31063,516456124,Silvio,Perez,31063
31064,849299771,Rita,Osuna,31064
31065,795467516,Agata,Calvet,31065
31066,449895070,Anna,Acuna,31066
31067,491599605,Gracia,Alcantara,31067
31068,179425410,Paco,Gordillo,31068
31069,505157123,Carmelita,Baron,31069
31070,943887219,Leticia,Fuertes,31070
31071,839438728,Tomasa,Leal,31071
31072,681675147,Javier,Morell,31072
31073,337923094,Ildefonso,Capdevila,31073
31074,115677477,Antonio,Ferrera,31074
31075,740145097,Eufemia,Villalobos,31075
31076,187464544,Santos,Farre,31076
31077,972853324,Tomasa,Aller,31077
31078,482001114,Yesica,Vicens,31078
31079,834738259,Agapito,Llorens,31079
31080,357456901,Azucena,Morillo,31080
31081,781749038,Mamen,Calzada,31081
31082,398757191,Adora,Adadia,31082
31083,370364959,Maria Del Carmen,Gaya,31083
31084,639094013,Morena,Donoso,31084
31085,530497017,Rosa,Ramirez,31085
31086,112453422,Vera,Villa,31086
31087,947434932,Roxana,Trujillo,31087
31088,656749709,Ceferino,Sanabria,31088
31089,729861358,Modesta,Montenegro,31089
31090,769070252,Selena,Gallardo,31090
31091,112213261,Sofia,Feliu,31091
31092,849382215,Jafet,Llado,31092
31093,785333782,Paz,Duran,31093
31094,569100735,Macaria,Vives,31094
31095,774709175,Ana Belen,Lobo,31095
31096,546481366,Joan,Sanmartin,31096
31097,606227496,Nuria,Andres,31097
31098,716893798,Olegario,Sanchez,31098
31099,963189450,Armida,Carrera,31099
31100,521051226,Climaco,Marti,31100
31101,360846932,Evita,Tamarit,31101
31102,400511533,Emigdio,Valverde,31102
31103,404128545,Marcia,Sotelo,31103
31104,174515032,Clotilde,Navarrete,31104
31105,411033754,Maria Belen,Blanco,31105
31106,997481097,Elena,Ramis,31106
31107,875548313,Cruz,Galvez,31107
31108,983952098,Maxi,Farre,31108
31109,861100622,Rodrigo,Murillo,31109
31110,115072171,Omar,Valcarcel,31110
31111,457072254,Rico,Lledo,31111
31112,715247174,Agata,Diego,31112
31113,985666068,Zacarias,Santamaria,31113
31114,761184540,Vicenta,Herrera,31114
31115,846614294,Maximiliano,Santiago,31115
31116,424690835,Iban,Alcolea,31116
31117,663145383,Flavio,Millan,31117
31118,944916040,Melchor,Quero,31118
31119,697431171,Javier,Blazquez,31119
31120,505269485,Goyo,Moraleda,31120
31121,189273822,Galo,Haro,31121
31122,502733139,Adora,Iriarte,31122
31123,363789576,Felicia,Murcia,31123
31124,288784084,Roberta,Lara,31124
31125,829713735,Maxi,Arranz,31125
31126,305399464,Candida,Sarabia,31126
31127,305071634,Duilio,Gual,31127
31128,467245422,Ale,Pardo,31128
31129,845697848,Teresa,Llado,31129
31130,332098876,Chus,Pina,31130
31131,688600803,Cebrian,Sola,31131
31132,777676137,Reyna,Recio,31132
31133,302635795,German,Cano,31133
31134,453650097,Artemio,Armengol,31134
31135,468472484,Onofre,Guitart,31135
31136,278469672,Eusebia,Grau,31136
31137,592444482,Gaspar,Maldonado,31137
31138,938382874,Mateo,Arana,31138
31139,871267872,Mateo,Vives,31139
31140,726086934,Carmen,Marti,31140
31141,114158866,Alex,Barrios,31141
31142,732167472,Candelas,Ayala,31142
31143,427717608,Enrique,Beltran,31143
31144,236360032,Candido,Campos,31144
31145,516681732,Emma,Arana,31145
31146,965926884,Gregorio,Baquero,31146
31147,473703133,Juan Luis,Giralt,31147
31148,782083907,Lidia,Benavente,31148
31149,910395810,Domingo,Sabater,31149
31150,321558370,Julio Cesar,Rius,31150
31151,325629576,Gerardo,Valles,31151
31152,439467409,Martin,Marques,31152
31153,643369393,Purificacion,Pizarro,31153
31154,703945714,Florentino,Agudo,31154
31155,376599661,Javiera,Bru,31155
31156,721710524,Isabela,Marques,31156
31157,776559950,Isaac,Amores,31157
31158,118922634,Fabricio,Rico,31158
31159,791527657,Pascual,Fajardo,31159
31160,490201311,Oscar,Cuenca,31160
31161,949955785,Juanito,Vilanova,31161
31162,163338522,Alejo,Benitez,31162
31163,644971016,Sebastian,Santos,31163
31164,260206996,Walter,Abascal,31164
31165,152566564,Amor,Agullo,31165
31166,486103380,Maite,Ferrandiz,31166
31167,740113912,Guadalupe,Bravo,31167
31168,397514757,Delia,Fuertes,31168
31169,543403495,Hector,Agustin,31169
31170,902381147,Dorotea,Tena,31170
31171,483562096,Paulina,Canete,31171
31172,736253271,Jordana,Sedano,31172
31173,367056742,Adriana,Arco,31173
31174,462839933,Albina,Coloma,31174
31175,625191159,Placido,Borrego,31175
31176,587367965,Debora,Cobos,31176
31177,908689744,Yolanda,Manzanares,31177
31178,832356839,Soraya,Alcantara,31178
31179,732825220,Remigio,Fuente,31179
31180,695122738,Severo,Lucena,31180
31181,300868735,Leon,Llopis,31181
31182,458916984,Arsenio,Bas,31182
31183,775373372,Mirta,Elias,31183
31184,269683995,Noemi,Figueras,31184
31185,867337218,Andrea,Reyes,31185
31186,968442938,Anibal,Estevez,31186
31187,217044991,Porfirio,Ibanez,31187
31188,940183459,Jesusa,Llano,31188
31189,263054120,Ana,Abad,31189
31190,105770404,Bibiana,Tovar,31190
31191,100414526,Teo,Caparros,31191
31192,470863520,Lina,Mora,31192
31193,724513585,Sol,Bastida,31193
31194,313268240,Joaquin,Alegre,31194
31195,902415513,Anabel,Osorio,31195
31196,373231400,Osvaldo,Marquez,31196
31197,449379577,Amor,Vazquez,31197
31198,373596935,Angelita,Sosa,31198
31199,601151786,Olivia,Elorza,31199
31200,207931417,Maria Fernanda,Tellez,31200
31201,273074183,Encarnita,Carlos,31201
31202,701926488,Eugenio,Ramis,31202
31203,886564006,Agata,Hierro,31203
31204,474088046,Ulises,Ballesteros,31204
31205,779070325,Flor,Rio,31205
31206,660157582,Tecla,Domenech,31206
31207,333295696,Walter,Barco,31207
31208,525530386,Cristobal,Figueras,31208
31209,173986743,Hector,Arcos,31209
31210,138755683,Florina,Cardenas,31210
31211,192753126,Prudencia,Berenguer,31211
31212,446240209,Aristides,Quero,31212
31213,826896015,Guadalupe,Cobos,31213
31214,593127675,Teodoro,Vaquero,31214
31215,372378033,Curro,Bou,31215
31216,277708226,Elpidio,Boix,31216
31217,815132678,Filomena,Tur,31217
31218,108187910,Febe,Tello,31218
31219,836205710,Anselmo,Ramis,31219
31220,710932298,Renato,Solera,31220
31221,222492172,Joel,Carbo,31221
31222,274354331,Wilfredo,Tudela,31222
31223,325085395,Soraya,Marco,31223
31224,586430520,Inmaculada,Cuesta,31224
31225,586922444,Amanda,Burgos,31225
31226,562039410,Chus,Cantero,31226
31227,965492041,Paulina,Aparicio,31227
31228,691013351,Melania,Andres,31228
31229,628855389,Juanita,Osuna,31229
31230,124883677,Milagros,Gilabert,31230
31231,578731090,Edmundo,Adan,31231
31232,328924247,Olimpia,Catalan,31232
31233,186585755,Fabian,Guardia,31233
31234,966965931,Sabas,Rubio,31234
31235,394654442,Martin,Gutierrez,31235
31236,699608473,Fanny,Amigo,31236
31237,481844876,Fabiana,Gallo,31237
31238,153388147,Marcelo,Aragon,31238
31239,814394789,Adelina,Santos,31239
31240,853395112,Emelina,Solera,31240
31241,754816907,Paco,Jimenez,31241
31242,116711038,Diana,Gamez,31242
31243,618561003,Jose Manuel,Checa,31243
31244,956220309,Gervasio,Arrieta,31244
31245,153067308,Graciana,Chamorro,31245
31246,746267185,Aroa,Corbacho,31246
31247,542410184,Anacleto,Blanca,31247
31248,485606282,Alfredo,Verdejo,31248
31249,389336707,Jesusa,Domenech,31249
31250,954161639,Guiomar,Saavedra,31250
31251,295820974,Anabel,Alvarez,31251
31252,803468084,Cecilio,Domingo,31252
31253,935491209,Rolando,Sarabia,31253
31254,506435566,Guiomar,Rius,31254
31255,612428791,Obdulia,Villa,31255
31256,560569558,Bienvenida,Mateu,31256
31257,293389806,Gaspar,Sales,31257
31258,872780754,Aura,Guerra,31258
31259,498727858,Aurea,Cobos,31259
31260,246672876,Sergio,Raya,31260
31261,621288780,Trini,Fernandez,31261
31262,232913671,Gil,Alsina,31262
31263,937968582,Natividad,Benitez,31263
31264,114807788,Teofilo,Guillen,31264
31265,309443860,Seve,Figueroa,31265
31266,287765153,Gregorio,Navarrete,31266
31267,349782603,Baudelio,Parejo,31267
31268,539589912,Emilia,Espinosa,31268
31269,457659654,Rocio,Escamilla,31269
31270,665431874,Nydia,Ocana,31270
31271,523872791,Diego,Cantero,31271
31272,276441063,Zoraida,Llano,31272
31273,213501547,Fabian,Esteve,31273
31274,204972437,Regulo,Costa,31274
31275,506609873,Salomon,Patino,31275
31276,585919410,Carolina,Soriano,31276
31277,203780362,Prudencia,Villar,31277
31278,520191385,Tamara,Sebastian,31278
31279,195515492,Perlita,Prats,31279
31280,724317852,Abigail,Alfaro,31280
31281,875260722,Cruz,Tejero,31281
31282,916513894,Lino,Cabo,31282
31283,869409458,Susana,Nicolau,31283
31284,954870762,Ani,Lobo,31284
31285,548367585,Augusto,Teruel,31285
31286,993073574,Maria Angeles,Valenciano,31286
31287,509219526,Rocio,Torres,31287
31288,616643124,Africa,Anguita,31288
31289,117058718,Pascual,Llabres,31289
31290,905843175,Camila,Egea,31290
31291,628213084,Rita,Torralba,31291
31292,558712603,Paula,Merino,31292
31293,728051120,Edmundo,Sarmiento,31293
31294,763888364,Fulgencio,Exposito,31294
31295,448482726,Jeronimo,Cortina,31295
31296,684932525,Marisela,Rios,31296
31297,473140693,Diana,Gutierrez,31297
31298,944994106,Lupe,Tudela,31298
31299,139100238,Rafa,Molins,31299
31300,133004987,Toribio,Tome,31300
31301,559419648,Felicia,Pedrosa,31301
31302,314132472,Yago,Bilbao,31302
31303,632269442,Socorro,Terron,31303
31304,957214622,Bernardo,Castejon,31304
31305,742973817,Fidela,Paredes,31305
31306,870734553,Chucho,Roig,31306
31307,668461411,Nelida,Gilabert,31307
31308,734399336,Poncio,Redondo,31308
31309,600833302,Vicente,Hoyos,31309
31310,427254389,Olimpia,Barrios,31310
31311,497144743,Cesar,Espada,31311
31312,951662768,Almudena,Chaparro,31312
31313,446405889,Joaquina,Baquero,31313
31314,102296561,Juan Francisco,Silva,31314
31315,603420128,Roberta,Cano,31315
31316,887941886,Leire,Mas,31316
31317,577264770,Nieves,Perez,31317
31318,988968790,Imelda,Checa,31318
31319,181249771,Jose Manuel,Miralles,31319
31320,208480673,Santos,Ferrer,31320
31321,621677882,Dora,Alegre,31321
31322,655747062,Martina,Plana,31322
31323,707159334,Leonel,Carro,31323
31324,813634108,Chus,Tomas,31324
31325,425629220,Teo,Suarez,31325
31326,455310314,Miguel,Casanova,31326
31327,473891641,Zacarias,Fuentes,31327
31328,103367993,Urbano,Jerez,31328
31329,162386912,Tatiana,Sebastian,31329
31330,453097076,Esteban,Diez,31330
31331,695423088,Ruben,Perez,31331
31332,626582878,Osvaldo,Molins,31332
31333,315743585,Martirio,Bellido,31333
31334,333787362,Maria Fernanda,Pla,31334
31335,351757719,Cristian,Castaneda,31335
31336,708038678,Magdalena,Jimenez,31336
31337,862085043,Ana,Paniagua,31337
31338,373364489,Marianela,Malo,31338
31339,574723763,Carmela,Canals,31339
31340,768321319,Octavio,Morera,31340
31341,460403480,Veronica,Gabaldon,31341
31342,793321755,Sigfrido,Llorens,31342
31343,405304509,Walter,Izquierdo,31343
31344,272359158,Piedad,Ferrer,31344
31345,970545649,Angela,Vallejo,31345
31346,175585718,Jessica,Aguado,31346
31347,140697213,Lucila,Haro,31347
31348,656743653,Leon,Gimenez,31348
31349,957194277,Armando,Morata,31349
31350,463083893,Dafne,Pina,31350
31351,253896919,Ruy,Alvarado,31351
31352,140567557,Emiliano,Jodar,31352
31353,922828590,Sancho,Berenguer,31353
31354,576176362,Ariel,Amores,31354
31355,590066196,Francisco,Luna,31355
31356,435983056,Dalila,Vilaplana,31356
31357,857229378,Rosario,Chacon,31357
31358,421219226,Angela,Antunez,31358
31359,896338675,Jose Mari,Fonseca,31359
31360,606543650,Jesusa,Montserrat,31360
31361,513558691,Crescencia,Villanueva,31361
31362,583276500,Xiomara,Sobrino,31362
31363,648008022,Josep,Aranda,31363
31364,289504723,Augusto,Valles,31364
31365,379385353,Anselma,Sans,31365
31366,769997621,Candelario,Torrents,31366
31367,708612926,Cruz,Ibanez,31367
31368,593457831,Graciana,Portillo,31368
31369,370231379,Miguel,Gras,31369
31370,484937620,Julian,Patino,31370
31371,538134238,Jessica,Bastida,31371
31372,601858785,Chema,Camara,31372
31373,487574843,Hugo,Seco,31373
31374,733896992,Maria Dolores,Rey,31374
31375,622109993,Dominga,Merino,31375
31376,382195404,Elias,Sanchez,31376
31377,726383008,Angelino,Cueto,31377
31378,477138661,Roberto,Nebot,31378
31379,426980068,Eleuterio,Agustin,31379
31380,784864003,Mireia,Olivera,31380
31381,828801879,Joaquina,Ballester,31381
31382,827218670,Damian,Crespo,31382
31383,397643053,Blanca,Cespedes,31383
31384,643381179,Marianela,Fabregat,31384
31385,381245325,Iker,Gibert,31385
31386,352375743,Martina,Cerro,31386
31387,161520786,Amancio,Duran,31387
31388,273184780,Virgilio,Albero,31388
31389,439392548,Aurelia,Pinedo,31389
31390,371816909,Azahara,Angel,31390
31391,764426849,Ildefonso,Estevez,31391
31392,297192727,Cosme,Gonzalez,31392
31393,812372373,Inocencio,Palmer,31393
31394,289185950,Aitana,Alonso,31394
31395,186080744,Remedios,Boada,31395
31396,709462828,Dora,Caceres,31396
31397,592905667,Severino,Morales,31397
31398,550738245,Gala,Salom,31398
31399,132503103,Carina,Barba,31399
31400,710540850,Maxima,Nevado,31400
31401,334646493,Jennifer,Conde,31401
31402,522248129,Roque,Benet,31402
31403,939842140,Xiomara,Ugarte,31403
31404,913253755,Yessica,Portillo,31404
31405,501557811,Mauricio,Tamayo,31405
31406,948908262,Herminia,Borras,31406
31407,548240900,Candida,Rodrigo,31407
31408,497875269,Luz,Campillo,31408
31409,824172318,Monica,Mayol,31409
31410,668851743,Adora,Canete,31410
31411,422144415,Lupe,Correa,31411
31412,479311056,Javiera,Carrera,31412
31413,342078733,Placido,Losa,31413
31414,230377343,Paca,Valentin,31414
31415,612586113,Lara,Albero,31415
31416,720346137,Matilde,Barrena,31416
31417,677252078,Oriana,Parra,31417
31418,154227639,Eustaquio,Albero,31418
31419,146362951,Alejandro,Casares,31419
31420,850722052,Jose Ramon,Clemente,31420
31421,127616993,Prudencio,Acosta,31421
31422,329974184,Asuncion,Herrera,31422
31423,751644313,Jacinta,Acero,31423
31424,381714306,Soraya,Berenguer,31424
31425,917135471,Ascension,Bosch,31425
31426,186433259,Catalina,Segarra,31426
31427,717634282,Pepito,Mateu,31427
31428,650479033,Calixta,Arino,31428
31429,910745648,Asuncion,Rocamora,31429
31430,581705262,Leocadia,Aroca,31430
31431,293703703,Estela,Ferreras,31431
31432,428183039,Amancio,Gual,31432
31433,247626667,Miguela,Reguera,31433
31434,290353417,Efrain,Belda,31434
31435,560579262,Teo,Villalonga,31435
31436,306988454,Maria Belen,Coca,31436
31437,499901192,Maria Angeles,Vidal,31437
31438,522129481,Jose,Franch,31438
31439,103167588,Carmelo,Gallart,31439
31440,979349453,Mariana,Figueroa,31440
31441,718812326,Inocencio,Grande,31441
31442,686090909,Rosalva,Pastor,31442
31443,453639366,Amaya,Aragones,31443
31444,306487518,Maite,Viana,31444
31445,409791278,Luz,Jover,31445
31446,513559822,Tiburcio,Marmol,31446
31447,293764295,Valero,Lasa,31447
31448,706269540,Alcides,Guillen,31448
31449,274538817,Prudencia,Castro,31449
31450,941610440,Margarita,Noguera,31450
31451,256948335,Rogelio,Gallart,31451
31452,907757693,Lino,Olmedo,31452
31453,276495860,Florinda,Burgos,31453
31454,190141417,Dalila,Mateo,31454
31455,939260696,Jose Angel,Grau,31455
31456,733489914,Clementina,Pintor,31456
31457,954354019,Mariana,Chaves,31457
31458,562631318,Angela,Calvet,31458
31459,411367159,Calixto,Medina,31459
31460,242479986,Marisela,Carrasco,31460
31461,346181675,Gervasio,Peiro,31461
31462,103350396,Maristela,Cuenca,31462
31463,479424815,Sabina,Cabeza,31463
31464,106650121,Montserrat,Luna,31464
31465,462546307,Pepito,Agustin,31465
31466,583404201,Maria Jose,Antunez,31466
31467,477386550,German,Enriquez,31467
31468,688252124,Eusebio,Andres,31468
31469,386486553,Arsenio,Tur,31469
31470,118825884,Seve,Carvajal,31470
31471,331194501,Ani,Llamas,31471
31472,550534824,Juan,Aliaga,31472
31473,441259196,Febe,Noriega,31473
31474,971816917,Adora,Mendez,31474
31475,303425650,Alex,Pol,31475
31476,110519925,Goyo,Carlos,31476
31477,234274069,Mateo,Delgado,31477
31478,179434111,Paca,Pinto,31478
31479,261012533,Aranzazu,Sarabia,31479
31480,124246630,Fulgencio,Sandoval,31480
31481,354363922,Iker,Fiol,31481
31482,673285330,Pablo,Cases,31482
31483,910513773,Paco,Verdu,31483
31484,662861572,Gaspar,Mayoral,31484
31485,765783095,Wilfredo,Lillo,31485
31486,891545511,Atilio,Lucena,31486
31487,497480470,Leyre,Carbo,31487
31488,455336053,Pastora,Lago,31488
31489,376637296,Ruy,Valero,31489
31490,567440540,Jose Mari,Dalmau,31490
31491,426959616,Olalla,Portero,31491
31492,207793241,Anacleto,Benet,31492
31493,165743688,Clarisa,Cuadrado,31493
31494,886712227,Soledad,Gallart,31494
31495,419636877,Lalo,Falco,31495
31496,889520635,Zaira,Fuster,31496
31497,617703131,Ofelia,Quero,31497
31498,880629543,Iker,Valderrama,31498
31499,240004110,Laura,Canas,31499
31500,386000559,Brigida,Baro,31500
31501,717918550,Fito,Pi,31501
31502,184082583,Graciano,Ramon,31502
31503,191963723,Estefania,Hernandez,31503
31504,477647275,Jose,Adan,31504
31505,412514915,Maria Del Carmen,Mayoral,31505
31506,895484755,Martin,Mata,31506
31507,864925741,Sebastian,Lluch,31507
31508,278754149,Luciano,Iborra,31508
31509,623487647,Casandra,Lasa,31509
31510,176516739,Luis,Cadenas,31510
31511,108783500,Jacinto,Valenciano,31511
31512,958608203,Agueda,Alfonso,31512
31513,447079758,Violeta,Gimeno,31513
31514,455615516,Isaac,Hervas,31514
31515,895609080,Aurelio,Jodar,31515
31516,824283292,Calisto,Miranda,31516
31517,215652266,Narcisa,Olmedo,31517
31518,464868423,Espiridion,Cerezo,31518
31519,700112380,Maribel,Fiol,31519
31520,913008227,Fernando,Torres,31520
31521,165436343,Felipe,Marquez,31521
31522,480045429,Zaira,Castaneda,31522
31523,912046160,Reinaldo,Carranza,31523
31524,100825273,Violeta,Bou,31524
31525,569652627,Jessica,Quesada,31525
31526,873203242,Herminio,Fuster,31526
31527,758178245,Natanael,Amor,31527
31528,503107775,Luis Angel,Figueroa,31528
31529,178375721,Martin,Royo,31529
31530,200800590,Albert,Palacios,31530
31531,535291414,Monica,Puig,31531
31532,794566504,Salome,Vega,31532
31533,665308813,Juana,Pombo,31533
31534,953714391,Natanael,Huerta,31534
31535,448102694,Diego,Mascaro,31535
31536,991455438,Emilia,Lledo,31536
31537,928874227,Narcisa,Ferrero,31537
31538,328331850,Luisina,Casares,31538
31539,722949522,Dani,Camps,31539
31540,971037333,Adoracion,Tirado,31540
31541,664016854,Vera,Pol,31541
31542,147004377,Angel,Peral,31542
31543,257713153,Trinidad,Penas,31543
31544,395482809,Rafaela,Alba,31544
31545,724419734,Carmelita,Real,31545
31546,642270187,Flora,Melendez,31546
31547,328376817,Fabiana,Busquets,31547
31548,184814587,Beatriz,Garrido,31548
31549,939466576,Paola,Solana,31549
31550,636721526,Herberto,Mancebo,31550
31551,460408535,Custodia,Sanjuan,31551
31552,762902533,Jaime,Buendia,31552
31553,887231142,Francisco Jose,Abellan,31553
31554,611640319,Angelina,Castrillo,31554
31555,792426444,Ana Sofia,Arroyo,31555
31556,111843088,Rufino,Hernando,31556
31557,945793892,Eugenio,Belda,31557
31558,846217259,Mario,Tejedor,31558
31559,457295155,Herminio,Haro,31559
31560,310769076,Federico,Baez,31560
31561,159920418,Maxi,Hoyos,31561
31562,547138501,Timoteo,Donoso,31562
31563,478397291,Rosalva,Osuna,31563
31564,253880911,Nelida,Morell,31564
31565,554134287,Eleuterio,Marti,31565
31566,713625954,Armando,Martin,31566
31567,257329282,Brunilda,Nunez,31567
31568,240887935,Jonatan,Franch,31568
31569,957806991,Conrado,Priego,31569
31570,121712667,Marianela,Campillo,31570
31571,898669968,Ileana,Codina,31571
31572,742962160,Albano,Cuervo,31572
31573,795232281,Reyes,Hierro,31573
31574,215701409,Juan Luis,Arteaga,31574
31575,646434671,Marcos,Garrido,31575
31576,630813907,Salomon,Canete,31576
31577,582032403,Angel,Catalan,31577
31578,118320119,Ruy,Alvaro,31578
31579,884169919,Luna,Barba,31579
31580,647331296,Jonatan,Calzada,31580
31581,933281382,Bautista,Casas,31581
31582,763691254,Donato,Ramos,31582
31583,786933455,Candelario,Herrero,31583
31584,961030438,Iban,Bravo,31584
31585,648640047,Maria Cristina,Roma,31585
31586,382607910,Joaquina,Porcel,31586
31587,648635179,Octavio,Vilalta,31587
31588,776253572,Graciela,Miro,31588
31589,373925110,Guiomar,Barba,31589
31590,951501712,Lucio,Carvajal,31590
31591,467495590,Felicia,Amaya,31591
31592,100515191,Adriana,Gilabert,31592
31593,227551144,Amparo,Figueroa,31593
31594,638260486,Gisela,Canales,31594
31595,294671676,Ileana,Valero,31595
31596,762680665,Maxima,Suarez,31596
31597,128440295,Calixta,Barrera,31597
31598,925975496,Amparo,Aroca,31598
31599,617040239,Ema,Lasa,31599
31600,973782883,Regina,Segui,31600
31601,345912900,Basilio,Gallo,31601
31602,981876983,Saturnina,Gallardo,31602
31603,796106000,Juan Jose,Esteve,31603
31604,507329324,Teresa,Torres,31604
31605,870232592,Ciriaco,Montero,31605
31606,614654512,Candela,Sanmartin,31606
31607,314765021,Faustino,Perello,31607
31608,818264787,Tatiana,Segarra,31608
31609,336428153,Carmen,Melero,31609
31610,712589881,Basilio,Torres,31610
31611,130584653,Casemiro,Manzanares,31611
31612,909380062,Vera,Vilanova,31612
31613,262285181,Rico,Echeverria,31613
31614,510693881,Emigdio,Garcia,31614
31615,660147070,Elodia,Cueto,31615
31616,707154770,Jacinto,Fuentes,31616
31617,510167957,Nando,Perera,31617
31618,674659733,Jordan,Vaquero,31618
31619,932462683,Alejandro,Macias,31619
31620,684738521,Tere,Ferrandiz,31620
31621,886047551,Gaston,Cordero,31621
31622,422650490,Inocencio,Dalmau,31622
31623,658987405,Artemio,Vergara,31623
31624,885567068,Edu,Jordan,31624
31625,702225095,Federico,Pujol,31625
31626,281457345,Trini,Carlos,31626
31627,319556455,Ema,Blazquez,31627
31628,321829201,Danilo,Valenzuela,31628
31629,835293262,Esteban,Porcel,31629
31630,994667180,Florentino,Revilla,31630
31631,297407588,Tito,Barbera,31631
31632,209087361,Javi,Perello,31632
31633,328423714,Filomena,Pedraza,31633
31634,164905530,Heriberto,Soriano,31634
31635,985359904,Josefa,Cortes,31635
31636,535085721,Diana,Montero,31636
31637,538013916,Loida,Portero,31637
31638,300671060,Adelina,Ibanez,31638
31639,499450143,Sonia,Gabaldon,31639
31640,240901262,Olalla,Noguera,31640
31641,878377225,Agapito,Aragon,31641
31642,556575816,Leonor,Arino,31642
31643,437965073,Lupe,Rios,31643
31644,453942048,Francisco Jose,Arenas,31644
31645,493153191,Candelario,Gomez,31645
31646,973582163,Agustin,Martin,31646
31647,651730963,Cleto,Roman,31647
31648,346076426,Julio Cesar,Ibanez,31648
31649,921326099,Luz,Alberdi,31649
31650,542902098,Ezequiel,Carlos,31650
31651,799115618,Olegario,Canizares,31651
31652,967089652,Cornelio,Llorens,31652
31653,331903538,Evita,Machado,31653
31654,841285588,Ariel,Sevillano,31654
31655,772207858,Susanita,Fiol,31655
31656,249026835,Duilio,Galvan,31656
31657,892696406,Teodora,Calzada,31657
31658,323466425,Ciriaco,Escobar,31658
31659,529245084,Bernardo,Arce,31659
31660,367881752,Mohamed,Tirado,31660
31661,149396631,Quique,Jimenez,31661
31662,486363989,Noemi,Rivera,31662
31663,844268294,Dan,Julian,31663
31664,565235611,Tamara,Vina,31664
31665,562031869,Joaquina,Diaz,31665
31666,877923109,Lupe,Canales,31666
31667,372809663,Raquel,Almagro,31667
31668,967333818,Maricruz,Aliaga,31668
31669,896710023,Maximino,Hervia,31669
31670,801116264,Juan Carlos,Belda,31670
31671,824654461,Amando,Juan,31671
31672,325524672,Amor,Muniz,31672
31673,481597487,Mirta,Escobar,31673
31674,839169270,Ciriaco,Cuervo,31674
31675,429298196,Leocadia,Aramburu,31675
31676,470027699,Felix,Becerra,31676
31677,622197549,Ildefonso,Ferrera,31677
31678,544477556,Camilo,Herrera,31678
31679,513804865,Abraham,Cuervo,31679
31680,838321795,Godofredo,Mulet,31680
31681,766054007,Amarilis,Ayala,31681
31682,915216002,Ciro,Montoya,31682
31683,689897775,Nilo,Barcelo,31683
31684,315531645,Candida,Villegas,31684
31685,859054163,Pia,Arellano,31685
31686,973647536,Antonio,Alsina,31686
31687,112317980,Tatiana,Lorenzo,31687
31688,297248409,Aurelia,Pacheco,31688
31689,831376267,Maria Fernanda,Paez,31689
31690,239233642,Jordana,Alvarez,31690
31691,815542080,Rosalinda,Castillo,31691
31692,555953758,Lorena,Palomar,31692
31693,448919123,Renata,Roca,31693
31694,112352842,Rosario,Tenorio,31694
31695,343645564,Claudio,Bravo,31695
31696,288952609,Abigail,Oller,31696
31697,708414119,Juan Pablo,Ferreras,31697
31698,841869113,Jesusa,Amor,31698
31699,785880846,Jennifer,Duarte,31699
31700,810998156,Felicia,Lastra,31700
31701,545868898,Rosa,Vizcaino,31701
31702,755612101,Maricela,Porras,31702
31703,521859352,Tania,Anton,31703
31704,847886147,Nacio,Calzada,31704
31705,327313003,Feliciana,Carro,31705
31706,325912161,Renato,Cruz,31706
31707,212620134,Faustino,Dominguez,31707
31708,554844146,Jose,Baena,31708
31709,607605928,Adelina,Barrio,31709
31710,773047978,Reinaldo,Peinado,31710
31711,727523163,Carlota,Munoz,31711
31712,202152594,Hector,Oliveras,31712
31713,567665963,Onofre,Sacristan,31713
31714,243416655,Espiridion,Mateos,31714
31715,406656927,Federico,Verdu,31715
31716,904558594,Ale,Camacho,31716
31717,855755184,Montserrat,Recio,31717
31718,102398207,Tiburcio,Amoros,31718
31719,629041017,Fidel,Duenas,31719
31720,382902983,Eduardo,Vera,31720
31721,777668318,Gerardo,Nunez,31721
31722,774848013,Teodosio,Mercader,31722
31723,485892109,Glauco,Calatayud,31723
31724,460966504,Ascension,Salamanca,31724
31725,149500567,Irma,Marquez,31725
31726,946482950,Isaac,Verdu,31726
31727,446514394,Silvio,Goicoechea,31727
31728,355555184,Ciriaco,Pereira,31728
31729,637867187,Olivia,Borras,31729
31730,935475982,Pedro,Manjon,31730
31731,331161044,Panfilo,Villegas,31731
31732,918876007,Elisa,Nicolas,31732
31733,975289334,Nereida,Recio,31733
31734,691918451,Adelaida,Gascon,31734
31735,946512952,Hector,Zamora,31735
31736,626694807,Viviana,Escobar,31736
31737,217266250,Jovita,Angulo,31737
31738,264413725,Candela,Pallares,31738
31739,395284163,Maximo,Cifuentes,31739
31740,712100526,Herminio,Barragan,31740
31741,401032871,Hector,Vera,31741
31742,640615170,Lorenzo,Olive,31742
31743,542164446,Victor,Martin,31743
31744,501387886,Maite,Lucena,31744
31745,842434026,Lola,Cardenas,31745
31746,206085409,Donato,Mosquera,31746
31747,497449918,Tito,Pascual,31747
31748,734100136,Manuel,Riquelme,31748
31749,568590704,Isidora,Pedro,31749
31750,264626261,Teodosio,Velazquez,31750
31751,685995763,Lourdes,Villalba,31751
31752,898293076,Ofelia,Pintor,31752
31753,309870704,Juan,Prado,31753
31754,340289225,Teodosio,Salmeron,31754
31755,863373657,Leocadio,Malo,31755
31756,761969910,Emelina,Jover,31756
31757,548320284,Basilio,Aparicio,31757
31758,687310154,Leonardo,Benavente,31758
31759,504964667,Malena,Prieto,31759
31760,597484426,Anacleto,Alarcon,31760
31761,698959080,Samu,Chacon,31761
31762,684885592,Ruperta,Olive,31762
31763,955975451,Juan Antonio,Guillen,31763
31764,236878227,Eric,Bastida,31764
31765,940506926,Zacarias,Torrijos,31765
31766,510427803,Luis,Quiroga,31766
31767,649417420,Mamen,Palacios,31767
31768,894437995,Jesusa,Carpio,31768
31769,996404392,Ingrid,Guijarro,31769
31770,552599017,Isabela,Tamayo,31770
31771,348640981,Silvia,Marin,31771
31772,834742833,Jorge,Roca,31772
31773,281644765,Evita,Juan,31773
31774,909438141,Monica,Tamarit,31774
31775,748590227,Jose Carlos,Monreal,31775
31776,867635941,Prudencio,Arana,31776
31777,637607306,Cristian,Belmonte,31777
31778,306139087,Carmina,Baron,31778
31779,467596314,Herberto,Cabanillas,31779
31780,499010609,Paloma,Lerma,31780
31781,898233251,Lara,Reig,31781
31782,664525536,Manuel,Miguel,31782
31783,511081380,Flor,Adan,31783
31784,801752662,Agata,Escamilla,31784
31785,883023433,Fortunata,Pellicer,31785
31786,681581171,Judith,Ramirez,31786
31787,421941550,Agustina,Aguilo,31787
31788,202709840,Adolfo,Ramon,31788
31789,811070702,Febe,Nieto,31789
31790,355596551,Ximena,Azorin,31790
31791,707271928,Laura,Barbera,31791
31792,412492460,Leonor,Alcala,31792
31793,709642027,Danilo,Tejera,31793
31794,186081295,Eligia,Ayala,31794
31795,164969420,Tono,Ledesma,31795
31796,202875643,Hilario,Gual,31796
31797,577242537,Pastora,Navarrete,31797
31798,657789784,Perlita,Esteve,31798
31799,679171481,Noelia,Marquez,31799
31800,389218570,Galo,Noriega,31800
31801,230503372,Perlita,Gordillo,31801
31802,810530999,Pepe,Vera,31802
31803,436178764,Vanesa,Estevez,31803
31804,978553333,Antonio,Acuna,31804
31805,350612607,Fidela,Vazquez,31805
31806,478917055,Bartolome,Jaume,31806
31807,263130209,Rocio,Melendez,31807
31808,527433365,Heraclio,Barcena,31808
31809,653212036,Cruz,Busquets,31809
31810,506352737,Leonel,Espada,31810
31811,826638115,Mariana,Exposito,31811
31812,870425454,Trinidad,Carvajal,31812
31813,582959801,Balduino,Saez,31813
31814,751018372,Jose Manuel,Alcala,31814
31815,364512829,Tadeo,Bravo,31815
31816,209078913,Oscar,Galan,31816
31817,544810916,Ainara,Hoz,31817
31818,582480714,Jennifer,Blazquez,31818
31819,235185078,Felix,Esteve,31819
31820,202599597,Teresita,Mate,31820
31821,564971090,Genoveva,Cueto,31821
31822,422556375,Cecilia,Canizares,31822
31823,331088241,Marisela,Huerta,31823
31824,581048804,Cesar,Campos,31824
31825,741206314,Heliodoro,Casals,31825
31826,459633962,Isaura,Nogueira,31826
31827,166453498,Berta,Ariza,31827
31828,654869990,Tono,Mulet,31828
31829,460903585,Elvira,Gomez,31829
31830,410423109,Purificacion,Lopez,31830
31831,996593918,Adelia,Gual,31831
31832,624709078,Augusto,Tejera,31832
31833,793063517,Adalberto,Bellido,31833
31834,432692168,Aroa,Benitez,31834
31835,781130304,Sosimo,Recio,31835
31836,829030538,Bernardita,Llano,31836
31837,229936397,Antonio,Conesa,31837
31838,630931541,Filomena,Isern,31838
31839,479854001,Bernardita,Cuadrado,31839
31840,887785747,Cornelio,Escolano,31840
31841,899709660,Florencia,Verdu,31841
31842,298301561,Carlota,Maldonado,31842
31843,843824552,Constanza,Sobrino,31843
31844,604919651,Ulises,Leon,31844
31845,439655846,Belen,Francisco,31845
31846,135282881,Eliana,Montes,31846
31847,952029464,Roxana,Corral,31847
31848,333747059,Itziar,Duque,31848
31849,979630069,Toribio,Campos,31849
31850,203038086,Lazaro,Rodriguez,31850
31851,697513711,Florencia,Pascual,31851
31852,761898710,Leoncio,Exposito,31852
31853,884618205,Fatima,Sanjuan,31853
31854,483983867,Leandro,Buendia,31854
31855,888835889,Gregorio,Lobo,31855
31856,961001726,Maria Pilar,Mateos,31856
31857,355673698,Genoveva,Julian,31857
31858,705604279,Isidro,Fernandez,31858
31859,289179345,Victor,Ledesma,31859
31860,627092250,Ariadna,Tejero,31860
31861,401543514,Jenny,Riba,31861
31862,895457133,Purificacion,Pedrosa,31862
31863,833437584,Sofia,Arevalo,31863
31864,212175961,Juan Manuel,Linares,31864
31865,834102224,Fito,Valera,31865
31866,391292335,Borja,Lloret,31866
31867,106888305,Andrea,Planas,31867
31868,250882411,Sara,Samper,31868
31869,583729922,Sarita,Boada,31869
31870,118280931,Humberto,Olive,31870
31871,945045159,Luisina,Reguera,31871
31872,615438098,Ildefonso,Calderon,31872
31873,583546190,Amarilis,Garate,31873
31874,542499685,Maxi,Prado,31874
31875,391645427,Perla,Romero,31875
31876,538243437,Marc,Ribas,31876
31877,676160401,Maribel,Olive,31877
31878,964822896,Edgardo,Peralta,31878
31879,766267198,Charo,Saenz,31879
31880,910275003,Alcides,Zurita,31880
31881,278443236,Eliana,Cornejo,31881
31882,966690763,Ariadna,Coronado,31882
31883,955848565,Samu,Hoyos,31883
31884,956053870,Inocencio,Arco,31884
31885,389710956,Albino,Moreno,31885
31886,310383401,Rodrigo,Carbonell,31886
31887,284383850,Rodolfo,Arroyo,31887
31888,664346220,Emma,Patino,31888
31889,796849818,Elena,Dominguez,31889
31890,724648175,Lidia,Quiroga,31890
31891,686589124,Chema,Garrido,31891
31892,310367537,Florinda,Bejarano,31892
31893,834160569,Malena,Pelayo,31893
31894,923603498,Alejandra,Cordoba,31894
31895,656084111,Natalia,Casal,31895
31896,859470991,Melchor,Hernando,31896
31897,633171108,Hernan,Roman,31897
31898,158567706,Azucena,Redondo,31898
31899,414820177,Carina,Pinto,31899
31900,785051908,Herminia,Francisco,31900
31901,451299778,Vicenta,Pont,31901
31902,214629454,Diana,Lumbreras,31902
31903,829550526,Yago,Penalver,31903
31904,159502249,Rosalia,Sotelo,31904
31905,304858946,Raul,Llanos,31905
31906,456500748,Asdrubal,Abella,31906
31907,369648589,Isa,Aroca,31907
31908,325002837,Aurelio,Serna,31908
31909,978763381,Maura,Llanos,31909
31910,654406843,Leocadia,Rubio,31910
31911,137680930,Cesar,Yanez,31911
31912,371874958,Hortensia,Garmendia,31912
31913,229958450,Adrian,Villar,31913
31914,254194763,Rebeca,Arco,31914
31915,773319591,Jose Mari,Diaz,31915
31916,167872355,Armando,Zapata,31916
31917,389948569,Casandra,Santana,31917
31918,906311553,Angelino,Pereira,31918
31919,784122476,Julieta,Moran,31919
31920,807057402,Amalia,Caceres,31920
31921,497759553,Carlota,Castillo,31921
31922,832926993,Paz,Cardenas,31922
31923,756000484,Tomas,Pineda,31923
31924,446991982,Nayara,Romeu,31924
31925,271880169,Isidro,Quero,31925
31926,729788993,Gabriel,Arnaiz,31926
31927,350179347,Leyre,Perez,31927
31928,727782553,Isabel,Acevedo,31928
31929,415359349,Silvestre,Segura,31929
31930,398966070,Beatriz,Heras,31930
31931,441769877,Casandra,Guerrero,31931
31932,999242305,Merche,Miranda,31932
31933,983717370,Eric,Ruano,31933
31934,179793522,Veronica,Royo,31934
31935,459656013,Emiliana,Catalan,31935
31936,567382607,Artemio,Villena,31936
31937,262739139,Alfonso,Guzman,31937
31938,248737041,Leonardo,Zabala,31938
31939,851073768,Ainoa,Canellas,31939
31940,990203009,Ale,Tejero,31940
31941,980153390,Ismael,Casanova,31941
31942,809672528,Marianela,Heras,31942
31943,421102068,Leonardo,Ballester,31943
31944,796037400,Remigio,Arce,31944
31945,577055555,Matias,Duran,31945
31946,356894631,Luna,Galvan,31946
31947,584398721,Maria Jesus,Guerra,31947
31948,963751329,Vinicio,Nogueira,31948
31949,159659995,Sancho,Bertran,31949
31950,266923043,Jovita,Gimenez,31950
31951,137526371,Severino,Blazquez,31951
31952,247453909,Climaco,Planas,31952
31953,974063093,Dulce,Rosales,31953
31954,797844849,Apolonia,Diaz,31954
31955,847097416,Erasmo,Ordonez,31955
31956,281889253,Noe,Arco,31956
31957,513697736,Maria Angeles,Puga,31957
31958,326407537,Sabina,Madrid,31958
31959,684268836,Godofredo,Frias,31959
31960,433583273,Jose,Minguez,31960
31961,881857196,Luisina,Ponce,31961
31962,302576390,Micaela,Feliu,31962
31963,180218001,Teodoro,Gascon,31963
31964,566005664,Amada,Corral,31964
31965,395563985,Aristides,Tejedor,31965
31966,694890016,Amor,Burgos,31966
31967,400920888,Hilario,Vall,31967
31968,661788549,Asuncion,Llanos,31968
31969,303998463,Anita,Rosa,31969
31970,257594631,Rene,Lujan,31970
31971,238597993,Ascension,Pazos,31971
31972,782745168,Maria Angeles,Rodriguez,31972
31973,301906084,Manu,Gimeno,31973
31974,382333568,Prudencia,Pascual,31974
31975,890400462,America,Nogueira,31975
31976,163195857,Priscila,Pizarro,31976
31977,697737491,Nilo,Frutos,31977
31978,609253432,Jeronimo,Benitez,31978
31979,636755314,Asdrubal,Bayon,31979
31980,595064861,Mariana,Machado,31980
31981,420593111,Geraldo,Tudela,31981
31982,173906338,Candido,Franch,31982
31983,463675464,Maria Fernanda,Ferrandiz,31983
31984,300075730,Elba,Estevez,31984
31985,801590421,Edmundo,Cerda,31985
31986,552000346,Guadalupe,Gonzalo,31986
31987,634628064,Lucas,Pou,31987
31988,138288499,Rosa Maria,Arevalo,31988
31989,530260971,Sosimo,Llamas,31989
31990,193603059,Santos,Saura,31990
31991,877350648,Noa,Bernal,31991
31992,592439676,Josep,Laguna,31992
31993,451414283,Nicanor,Uriarte,31993
31994,802453133,Salvador,Comas,31994
31995,277753979,Ambar,Soria,31995
31996,956512833,Juan Luis,Palomo,31996
31997,585566529,Mireia,Madrid,31997
31998,706701458,Miguela,Soriano,31998
31999,685742896,Baudelio,Diaz,31999
32000,761832113,Teo,Alberola,32000
32001,729344072,Efrain,Caballero,32001
32002,726427971,Celso,Manso,32002
32003,459483759,Susana,Alberdi,32003
32004,294911653,Priscila,Aguilera,32004
32005,212178056,Reinaldo,Larrea,32005
32006,769942550,Ciriaco,Bautista,32006
32007,946605728,Noelia,Pedro,32007
32008,230131828,Emma,Flor,32008
32009,691850614,Isaias,Tormo,32009
32010,424800977,Bernardino,Corral,32010
32011,466529864,Griselda,Bernal,32011
32012,858634396,Beatriz,Molins,32012
32013,579164234,Cleto,Llopis,32013
32014,334807161,Perlita,Larrea,32014
32015,594131520,Osvaldo,Moliner,32015
32016,183586220,Juana,Manzanares,32016
32017,640701641,Luisina,Hidalgo,32017
32018,953498669,Jose Antonio,Sosa,32018
32019,834130663,Samu,Villar,32019
32020,202874676,Marc,Villalobos,32020
32021,777911495,Consuelo,Vilar,32021
32022,554475574,Cristian,Jover,32022
32023,270433651,Armando,Arce,32023
32024,386016437,Pepita,Prats,32024
32025,778270820,Lucas,Ramon,32025
32026,161127202,Ernesto,Fabregat,32026
32027,610501357,Vidal,Oliver,32027
32028,721041905,Anselma,Vila,32028
32029,798450470,Eduardo,Ruiz,32029
32030,516887084,Paca,Robles,32030
32031,804634106,Domingo,Fajardo,32031
32032,646292933,Berta,Anglada,32032
32033,155140641,Matilde,Amigo,32033
32034,525747551,Clara,Sevilla,32034
32035,526372839,Quirino,Osorio,32035
32036,779395903,Venceslas,Izquierdo,32036
32037,412108192,Clemente,Solana,32037
32038,234266601,Ernesto,Caballero,32038
32039,836989322,Sabina,Gomis,32039
32040,571672898,Nicodemo,Rivero,32040
32041,167675779,Ricarda,Llado,32041
32042,519278304,Ainara,Fuertes,32042
32043,587591249,Jose Antonio,Robles,32043
32044,925422156,Armando,Echeverria,32044
32045,620052659,Irma,Avila,32045
32046,477237477,Leon,Nieto,32046
32047,901273379,Geraldo,Busquets,32047
32048,668662634,Renata,Alcantara,32048
32049,387940675,Nadia,Llado,32049
32050,960876762,Americo,Santiago,32050
32051,915474975,Marita,Fernandez,32051
32052,832545080,Bonifacio,Suarez,32052
32053,636598571,Matias,Segarra,32053
32054,442351045,Ofelia,Quesada,32054
32055,131509923,Felicia,Valles,32055
32056,410370746,Adoracion,Casado,32056
32057,500997445,America,Valbuena,32057
32058,643755191,Nicodemo,Segovia,32058
32059,897298369,Benito,Novoa,32059
32060,394666182,Oriana,Puente,32060
32061,113191925,Marcela,Salazar,32061
32062,316187833,Tiburcio,Barcena,32062
32063,657551295,Lucila,Castaneda,32063
32064,557190635,Elisa,Barrera,32064
32065,243966954,Joaquina,Heredia,32065
32066,677654236,Maria Teresa,Vilanova,32066
32067,302840907,Andres Felipe,Robledo,32067
32068,100348799,Vera,Romero,32068
32069,583264311,Macario,Ramirez,32069
32070,195488757,Maria,Gargallo,32070
32071,655335758,Florentino,Juarez,32071
32072,654918077,Manola,Andreu,32072
32073,584356636,Rico,Palma,32073
32074,870489355,Jacobo,Aragones,32074
32075,112394073,Florencia,Mugica,32075
32076,990640392,Adelaida,Alfaro,32076
32077,292306587,Micaela,Prat,32077
32078,534496153,Marino,Moran,32078
32079,323713746,Lucio,Corbacho,32079
32080,422656985,Florentina,Exposito,32080
32081,562676157,Seve,Castilla,32081
32082,342914671,Julia,Haro,32082
32083,501727019,Dalila,Franco,32083
32084,345644001,Samu,Estrada,32084
32085,551275117,Agapito,Vina,32085
32086,414179210,Roberta,Alvarado,32086
32087,174463429,Fanny,Segarra,32087
32088,532206206,Mirta,Gonzalez,32088
32089,440408470,Emiliana,Sola,32089
32090,231773010,Casandra,Campillo,32090
32091,640335556,Dionisio,Exposito,32091
32092,417036776,Consuela,Puerta,32092
32093,701851965,Jose Maria,Tena,32093
32094,117380456,Lisandro,Marquez,32094
32095,775055337,Eugenia,Herranz,32095
32096,372129278,Angelino,Olivares,32096
32097,738767888,Lidia,Clavero,32097
32098,376436040,Leoncio,Valle,32098
32099,272724996,Marianela,Moya,32099
32100,313260203,Gaston,Velazquez,32100
32101,873776360,Coral,Amador,32101
32102,810919266,Gertrudis,Sarabia,32102
32103,531808764,Marisa,Pinol,32103
32104,300973560,Clementina,Benitez,32104
32105,481629734,Asdrubal,Jaume,32105
32106,279603481,Armando,Tur,32106
32107,799544263,Martin,Rincon,32107
32108,149894164,Maria Fernanda,Manuel,32108
32109,816304709,Rosendo,Roman,32109
32110,225542652,Jose Luis,Tejero,32110
32111,232094109,Severiano,Arellano,32111
32112,469925581,Lorenza,Cervera,32112
32113,746114529,Mercedes,Padilla,32113
32114,777907964,Moreno,Marques,32114
32115,632404084,Narciso,Noguera,32115
32116,278454620,Ines,Nogues,32116
32117,214556037,Felipa,Montana,32117
32118,350459655,Juan Francisco,Valverde,32118
32119,278356118,Erasmo,Barrena,32119
32120,969594590,Guillermo,Carrera,32120
32121,522695937,Beatriz,Alemany,32121
32122,288286314,Araceli,Palmer,32122
32123,758153927,Victorino,Elorza,32123
32124,299864387,Abril,Cervantes,32124
32125,367541272,Florinda,Valbuena,32125
32126,532692390,Severino,Avila,32126
32127,431913057,Lalo,Jimenez,32127
32128,534156583,Ascension,Arribas,32128
32129,741031783,Teresita,Tamarit,32129
32130,950075505,Flavia,Tolosa,32130
32131,845471081,Amado,Saura,32131
32132,188494100,Aurora,Torrens,32132
32133,313240130,Estefania,Bilbao,32133
32134,746119741,Ainara,Noriega,32134
32135,551542792,Isaura,Polo,32135
32136,174899870,Fatima,Carvajal,32136
32137,273498048,Martirio,Gallo,32137
32138,716415875,Encarnacion,Espejo,32138
32139,985146676,Elisa,Diaz,32139
32140,556248594,Rodrigo,Urena,32140
32141,398825113,Ruperto,Huertas,32141
32142,383414346,Herminia,Elorza,32142
32143,152651731,Juan Manuel,Pablo,32143
32144,766159658,Milagros,Abad,32144
32145,171076531,Nereida,Espada,32145
32146,429689829,Yaiza,Sala,32146
32147,896366913,Trini,Ortiz,32147
32148,703226771,Dora,Torrecilla,32148
32149,708023166,Ani,Zaragoza,32149
32150,222352485,Isaac,Garcia,32150
32151,214371927,Dafne,Cases,32151
32152,777739170,Roque,Ruiz,32152
32153,998606739,Fabiana,Valera,32153
32154,706705824,Veronica,Galan,32154
32155,819072483,Narcisa,Lastra,32155
32156,737889140,Concha,Cuadrado,32156
32157,719092879,Petrona,Cruz,32157
32158,182870958,Cristian,Rovira,32158
32159,461907323,Gabino,Caro,32159
32160,429778404,Edelmira,Molins,32160
32161,298741779,Carmen,Campos,32161
32162,983200242,Joan,Oller,32162
32163,369985249,Jordana,Alberdi,32163
32164,962959332,Ainara,Ayala,32164
32165,941923680,Hermenegildo,Vallejo,32165
32166,564086898,Olga,Puente,32166
32167,239937532,Manola,Amat,32167
32168,428028793,Adolfo,Barreda,32168
32169,925877065,Custodio,Valles,32169
32170,863453685,Angeles,Cisneros,32170
32171,312020381,Primitiva,Torralba,32171
32172,393866726,Dorotea,Codina,32172
32173,328253781,Bibiana,Roman,32173
32174,449578769,Candelaria,Diaz,32174
32175,386339198,Gala,Cabrero,32175
32176,348353309,Norberto,Camps,32176
32177,415826966,Manu,Tolosa,32177
32178,781646587,Herminio,Plana,32178
32179,341350808,Itziar,Saez,32179
32180,766485597,Amalia,Salmeron,32180
32181,440832581,Abilio,Cuesta,32181
32182,223510343,Rico,Tirado,32182
32183,623813510,Marisa,Bertran,32183
32184,715729261,Urbano,Gallardo,32184
32185,372346772,Gloria,Valderrama,32185
32186,141055838,Eladio,Moliner,32186
32187,352984586,Sofia,Tenorio,32187
32188,166770982,Rosendo,Jurado,32188
32189,220835348,Eva Maria,Iriarte,32189
32190,189759880,Nilda,Molina,32190
32191,953251247,Cirino,Piquer,32191
32192,462163808,Manola,Sans,32192
32193,997348233,Casemiro,Ballester,32193
32194,687251004,Azahar,Miralles,32194
32195,428498812,Espiridion,Lumbreras,32195
32196,681944541,Onofre,Salmeron,32196
32197,840023042,Marco,Barcelo,32197
32198,128349561,Loreto,Serna,32198
32199,507409732,Nadia,Giner,32199
32200,213802106,Monica,Fajardo,32200
32201,170440689,Maria,Mancebo,32201
32202,195413923,Sebastian,Artigas,32202
32203,528310756,Julian,Royo,32203
32204,534300515,Eric,Alvarez,32204
32205,190906772,Jose Luis,Salom,32205
32206,711568582,Alba,Minguez,32206
32207,392406809,Fermin,Paniagua,32207
32208,431755841,Xiomara,Sanabria,32208
32209,231933435,Elisabet,Reina,32209
32210,573099021,Lucia,Rovira,32210
32211,707647174,Heriberto,Frutos,32211
32212,662691794,Alma,Camino,32212
32213,411017396,Eliseo,Bayona,32213
32214,661989262,Marciano,Adadia,32214
32215,329313263,Gaston,Calatayud,32215
32216,940645299,Candido,Ropero,32216
32217,200927337,Lalo,Caceres,32217
32218,224762491,Chucho,Pol,32218
32219,102851011,Regina,Requena,32219
32220,276432939,Regulo,Rovira,32220
32221,789864721,Leocadio,Perez,32221
32222,929886240,Martina,Sanchez,32222
32223,676584762,Aranzazu,Valverde,32223
32224,436548274,Marcelo,Julian,32224
32225,382802031,Lupe,Orozco,32225
32226,706428585,Estela,Mir,32226
32227,780362249,Teresa,Navarro,32227
32228,552719842,Macario,Olive,32228
32229,294318834,Juanito,Casal,32229
32230,167614953,Morena,Cabezas,32230
32231,754381802,Alberto,Borras,32231
32232,265389864,Luisa,Riba,32232
32233,431962963,Cleto,Exposito,32233
32234,357715701,Alcides,Pol,32234
32235,724783517,Jose Miguel,Pedro,32235
32236,719735843,Manu,Tello,32236
32237,811204244,Trini,Jordan,32237
32238,199141270,Adelina,Almagro,32238
32239,185142683,Mireia,Cuenca,32239
32240,568497943,Eladio,Villena,32240
32241,704723356,Luciano,Sandoval,32241
32242,415571478,Merche,Guardia,32242
32243,713854339,Cruz,Cabeza,32243
32244,349858440,Adrian,Torrens,32244
32245,144287499,Ivan,Cornejo,32245
32246,489081566,Jessica,Ochoa,32246
32247,668921937,Loida,Mayol,32247
32248,934831008,Walter,Sainz,32248
32249,874916197,Maria Angeles,Gonzalez,32249
32250,178767885,Loreto,Huertas,32250
32251,170789679,Abel,Guardiola,32251
32252,684192344,Porfirio,Marcos,32252
32253,157520333,Primitivo,Sacristan,32253
32254,595641091,Celestina,Ferrandez,32254
32255,806262504,Hermenegildo,Calderon,32255
32256,156955768,Noelia,Salcedo,32256
32257,696456719,Eulalia,Aranda,32257
32258,845192182,Ileana,Calleja,32258
32259,188061605,Edmundo,Cabo,32259
32260,844332673,Maxi,Agusti,32260
32261,264807107,Edgar,Ayuso,32261
32262,457293166,Curro,Perello,32262
32263,860121936,Juliana,Serna,32263
32264,184393668,Flor,Puerta,32264
32265,811100962,Sofia,Blanco,32265
32266,349646141,Delfina,Gutierrez,32266
32267,306860841,Julia,Briones,32267
32268,437437409,Consuela,Diaz,32268
32269,544533717,Donato,Gisbert,32269
32270,551605578,Odalys,Nevado,32270
32271,190920427,Roxana,Camara,32271
32272,706628551,Hernan,Prat,32272
32273,604391609,Jose,Orozco,32273
32274,886371766,Venceslas,Gamez,32274
32275,165532288,Nazaret,Caparros,32275
32276,443344819,Guillermo,Valentin,32276
32277,436471337,Candela,Tellez,32277
32278,131656827,Evangelina,Alvarado,32278
32279,331903883,Marcos,Dominguez,32279
32280,161876024,Galo,Pulido,32280
32281,708766681,Eleuterio,Ferrera,32281
32282,393018847,Belen,Arranz,32282
32283,145447361,Salud,Gracia,32283
32284,200519902,Jaime,Aragon,32284
32285,975163634,Adalberto,Daza,32285
32286,576756136,Vera,Milla,32286
32287,818028730,Herminia,Mayo,32287
32288,806054111,Emiliano,Rosales,32288
32289,902688096,Eustaquio,Cobos,32289
32290,399368041,Marisela,Agustin,32290
32291,742044663,Calixto,Nadal,32291
32292,690588345,Flor,Llobet,32292
32293,432575378,Guillermo,Rubio,32293
32294,780008090,Griselda,Oliver,32294
32295,245501578,Anastasio,Lumbreras,32295
32296,966469872,Valerio,Herrero,32296
32297,131769158,Julieta,Galan,32297
32298,180486451,Cruz,Ricart,32298
32299,368580108,Elena,Prieto,32299
32300,239364562,Vinicio,Alsina,32300
32301,278845484,Herberto,Robles,32301
32302,630365743,Gonzalo,Valero,32302
32303,991561352,Raquel,Alcala,32303
32304,290546404,Octavia,Segui,32304
32305,141587031,Yaiza,Corominas,32305
32306,410599763,Eugenio,Busquets,32306
32307,795869794,Gabriela,Sans,32307
32308,121557408,Donato,Aviles,32308
32309,381104158,Agustin,Colomer,32309
32310,763672048,Roldan,Estevez,32310
32311,670334079,Alexandra,Corbacho,32311
32312,587476669,Paulina,Lucas,32312
32313,989776284,Samuel,Bru,32313
32314,150682708,Evita,Uribe,32314
32315,786875195,Walter,Bayona,32315
32316,703166882,Maria Manuela,Gual,32316
32317,160122125,Joel,Aguado,32317
32318,875878406,Tiburcio,Dieguez,32318
32319,133944261,Agustina,Zamora,32319
32320,261125171,Ofelia,Lorenzo,32320
32321,889725382,Palmira,Pina,32321
32322,503428798,Sabina,Valcarcel,32322
32323,899251989,Rosalinda,Sola,32323
32324,326924748,Marcia,Villar,32324
32325,209936595,Joaquin,Borrell,32325
32326,181251673,Nazario,Raya,32326
32327,530133654,Agueda,Gonzalez,32327
32328,520008096,Reyes,Roman,32328
32329,538228594,Candida,Carlos,32329
32330,965936923,Manu,Alonso,32330
32331,573016434,Haydee,Santana,32331
32332,169045428,Miguela,Bellido,32332
32333,217522062,Apolinar,Valcarcel,32333
32334,914096643,Nacho,Ledesma,32334
32335,409571884,Americo,Mendizabal,32335
32336,627418067,Morena,Lorenzo,32336
32337,679407628,Arturo,Tolosa,32337
32338,718408835,Daniel,Pellicer,32338
32339,985455498,Angel,Elorza,32339
32340,668971608,Bruno,Giron,32340
32341,320522088,Miguela,Penalver,32341
32342,548019529,Fernanda,Higueras,32342
32343,565164116,Blanca,Alberto,32343
32344,106205733,Manolo,Carbonell,32344
32345,614567269,Prudencio,Cabrera,32345
32346,906747288,Ceferino,Chaves,32346
32347,875558725,Aaron,Huertas,32347
32348,612745857,Quirino,Narvaez,32348
32349,121001078,Xiomara,Izaguirre,32349
32350,264735638,Araceli,Duenas,32350
32351,286113892,Irene,Toro,32351
32352,943072194,Feliciana,Blanes,32352
32353,470693234,Alex,Neira,32353
32354,386052162,Lara,Noriega,32354
32355,830600590,Selena,Prat,32355
32356,957984133,Eva,Benavent,32356
32357,540748051,Prudencia,Mora,32357
32358,134393228,Merche,Ugarte,32358
32359,354642410,Eli,Pelaez,32359
32360,239177693,Hilda,Valle,32360
32361,316740891,Paulina,Huguet,32361
32362,691892607,Jose Miguel,Valbuena,32362
32363,354556331,Marcos,Boix,32363
32364,531337267,Primitivo,Manuel,32364
32365,823601356,Lupita,Elorza,32365
32366,635804493,Virginia,Quiroga,32366
32367,201645713,Jacinta,Goicoechea,32367
32368,700645825,Tono,Pozuelo,32368
32369,898730172,Patricio,Montenegro,32369
32370,660182325,Macarena,Estevez,32370
32371,535146898,Ruben,Pena,32371
32372,670553514,Osvaldo,Baez,32372
32373,565959838,Pastora,Castell,32373
32374,200612853,Jovita,Navarrete,32374
32375,695323338,Cesar,Alberdi,32375
32376,798572289,Blas,Terron,32376
32377,779797313,Juanito,Rios,32377
32378,411766983,Nidia,Ojeda,32378
32379,951192603,Pedro,Azorin,32379
32380,785354581,Anacleto,Miralles,32380
32381,968458601,Olimpia,Cuenca,32381
32382,935705550,Camilo,Barco,32382
32383,496050160,Walter,Barranco,32383
32384,986622309,Jose Luis,Belda,32384
32385,620950609,Araceli,Bosch,32385
32386,140280255,Tecla,Carreras,32386
32387,716068111,Alfredo,Valverde,32387
32388,247937814,Severiano,Iborra,32388
32389,366998074,Sergio,Puga,32389
32390,798031317,Antonia,Sabater,32390
32391,824482011,Berta,Bertran,32391
32392,784420943,Chus,Tapia,32392
32393,319841284,Vidal,Bellido,32393
32394,203073041,Rosalina,Carrillo,32394
32395,794769930,Tadeo,Guardiola,32395
32396,715563422,Jose Ignacio,Belda,32396
32397,815361705,Guiomar,Huerta,32397
32398,429221794,Eugenio,Rincon,32398
32399,907914848,Coral,Morata,32399
32400,185651046,Hipolito,Pardo,32400
32401,316194122,Marcelino,Ribas,32401
32402,206759954,Maria Luisa,Palacios,32402
32403,712382736,Nico,Acedo,32403
32404,541727091,Dulce,Hoyos,32404
32405,836970155,Pepito,Manjon,32405
32406,522594496,Adriana,Benet,32406
32407,541065835,Odalis,Piquer,32407
32408,783864641,Che,Tellez,32408
32409,453393551,Yaiza,Morata,32409
32410,901330048,Adelia,Rivera,32410
32411,651443336,Mamen,Hernando,32411
32412,180570079,Rosalinda,Becerra,32412
32413,672449878,Lara,Reina,32413
32414,785876227,Custodia,Buendia,32414
32415,146524413,Vasco,Lobato,32415
32416,152123632,Vilma,Torres,32416
32417,851457788,Toni,Elorza,32417
32418,701319341,Benjamin,Melendez,32418
32419,181237419,Heriberto,Garmendia,32419
32420,102553188,Gaston,Llorens,32420
32421,433677635,Luciano,Palmer,32421
32422,192713938,Rogelio,Franco,32422
32423,450568428,Alberto,Zabaleta,32423
32424,127090723,Edelmiro,Garate,32424
32425,456981164,Pepito,Hernandez,32425
32426,440278091,Ligia,Porras,32426
32427,169964983,Olivia,Pla,32427
32428,584021099,Marcial,Olmedo,32428
32429,471590059,Isabela,Cerezo,32429
32430,663148522,Quirino,Boada,32430
32431,757722993,Martin,Paz,32431
32432,447536959,Prudencio,Fortuny,32432
32433,571913208,Adelia,Casals,32433
32434,670339711,Estrella,Rocamora,32434
32435,622765833,Angeles,Ricart,32435
32436,365874526,Noe,Vall,32436
32437,453202227,Fernanda,Trujillo,32437
32438,784632355,Joaquina,Catalan,32438
32439,548709551,Rocio,Cabanas,32439
32440,890263448,Moreno,Losada,32440
32441,327235193,Balduino,Sanz,32441
32442,465291626,Miguel Angel,Morata,32442
32443,193876226,Isaias,Bartolome,32443
32444,974419794,Manuela,Armas,32444
32445,522916306,Nazaret,Casanovas,32445
32446,673579675,Ramona,Fernandez,32446
32447,431088064,Melania,Rosello,32447
32448,567530314,Olegario,Marco,32448
32449,658243532,Luciana,Iglesia,32449
32450,871656856,Carina,Arellano,32450
32451,691677560,Ofelia,Borrego,32451
32452,855807641,Encarnacion,Crespi,32452
32453,857412230,Tatiana,Solera,32453
32454,760845431,Consuela,Sanchez,32454
32455,333632633,Haroldo,Zabaleta,32455
32456,965456349,Juan Bautista,Uria,32456
32457,672966397,Calista,Quintana,32457
32458,789200904,Trinidad,Perales,32458
32459,919342800,Evita,Jara,32459
32460,553755429,Isidro,Torrents,32460
32461,469909018,Valerio,Elorza,32461
32462,928885083,Maria Angeles,Coll,32462
32463,809474201,Alba,Mate,32463
32464,548016511,Ernesto,Olmedo,32464
32465,905237695,Gerardo,Gargallo,32465
32466,338906447,Fabian,Carrera,32466
32467,634052338,Corona,Verdu,32467
32468,847665989,Joaquina,Bayona,32468
32469,904326491,Kike,Monreal,32469
32470,279441634,Reina,Peral,32470
32471,118390184,Victor,Cornejo,32471
32472,492195033,Eugenia,Miranda,32472
32473,277145660,Ani,Mateos,32473
32474,514970862,Ramiro,Gilabert,32474
32475,862329031,Chucho,Urena,32475
32476,649175449,Amaro,Andres,32476
32477,616817032,Leonardo,Higueras,32477
32478,218339623,Jacinto,Losada,32478
32479,324336910,Haydee,Ponce,32479
32480,152387996,Anibal,Moraleda,32480
32481,974197045,Vicenta,Carrasco,32481
32482,926313193,Felicidad,Villalonga,32482
32483,619712897,Cristian,Diez,32483
32484,435599746,Bibiana,Garmendia,32484
32485,677930412,Inigo,Blanch,32485
32486,628361991,Augusto,Trillo,32486
32487,174313413,Placido,Campos,32487
32488,747155215,Angelita,Trujillo,32488
32489,551478087,Eloy,Gil,32489
32490,399195220,Camila,Silva,32490
32491,744437038,Custodia,Cerezo,32491
32492,622027835,Hugo,Sobrino,32492
32493,483598090,Guiomar,Herranz,32493
32494,637232197,Mateo,Chico,32494
32495,185343922,Manuelita,Piquer,32495
32496,238746958,Cecilia,Fajardo,32496
32497,591640517,Anacleto,Mayol,32497
32498,621230568,Carmelita,Baquero,32498
32499,245784259,Manu,Arteaga,32499
32500,981159652,Mar,Miguel,32500
32501,933309078,Emigdio,Torrens,32501
32502,894505736,Eusebio,Jaume,32502
32503,516879923,Fatima,Berrocal,32503
32504,183981544,Sabas,Pinedo,32504
32505,409090899,Maria Teresa,Cuesta,32505
32506,790694807,Heliodoro,Nadal,32506
32507,242610033,Juan Manuel,Nieto,32507
32508,699228554,Jenny,Rosello,32508
32509,215494312,Sancho,Pavon,32509
32510,978702372,Elias,Diego,32510
32511,225213234,Feliciano,Alamo,32511
32512,894434758,Eusebia,Jove,32512
32513,176112894,Tono,Morcillo,32513
32514,361128292,Josefina,Bastida,32514
32515,671181411,Victoriano,Alcala,32515
32516,451793563,Rebeca,Jove,32516
32517,332360073,Ambar,Patino,32517
32518,621859191,Seve,Borrego,32518
32519,980140877,Adolfo,Carbo,32519
32520,715917362,Rolando,Sanchez,32520
32521,673392637,Jacinta,Tovar,32521
32522,248760697,Ismael,Lujan,32522
32523,313032022,Trinidad,Carrasco,32523
32524,172307399,Ramon,Gomez,32524
32525,275376000,Lidia,Arcos,32525
32526,319990615,Candelario,Murillo,32526
32527,807107333,Bernardino,Cases,32527
32528,598254073,Pili,Ledesma,32528
32529,791603358,Debora,Barrio,32529
32530,610224976,Dimas,Barba,32530
32531,936124699,Horacio,Arnau,32531
32532,938701510,Laura,Rio,32532
32533,203024683,Juan Pablo,Garcia,32533
32534,347995495,Carla,Cepeda,32534
32535,978079144,Maxima,Barrios,32535
32536,479020192,Nazaret,Gimenez,32536
32537,638757185,Jimena,Busquets,32537
32538,137400825,Francisco Jose,Galiano,32538
32539,463773127,Alexandra,Tello,32539
32540,659704434,Alberto,Ojeda,32540
32541,532351310,Manu,Pinedo,32541
32542,751805771,Blas,Canete,32542
32543,568306613,Cruz,Blazquez,32543
32544,567443969,Santos,Landa,32544
32545,133620169,Juan Pablo,Cases,32545
32546,808061162,Felix,Sarabia,32546
32547,338229799,Edgardo,Navarro,32547
32548,996386097,Marianela,Julia,32548
32549,144048426,Nando,Solis,32549
32550,284868282,Lola,Iborra,32550
32551,397891890,Catalina,Salamanca,32551
32552,128696796,Benjamin,Sacristan,32552
32553,577699258,Apolonia,Saez,32553
32554,502230672,Pastora,Pinilla,32554
32555,126687561,Cintia,Vila,32555
32556,489247483,Selena,Menendez,32556
32557,881469029,Herminia,Salom,32557
32558,271605641,Nazaret,Alegre,32558
32559,423789962,Bibiana,Acevedo,32559
32560,870643104,Cristian,Robles,32560
32561,823358412,Marcelino,Rivas,32561
32562,510744924,Albano,Canet,32562
32563,875969427,Trini,Olivares,32563
32564,275659953,Xavier,Barba,32564
32565,927181150,Albano,Alfonso,32565
32566,883033693,Belen,Madrigal,32566
32567,498397203,Feliciana,Oller,32567
32568,890517034,Teobaldo,Gimeno,32568
32569,643509688,Urbano,Paz,32569
32570,397707136,Francisca,Almansa,32570
32571,219441294,Almudena,Cano,32571
32572,892403944,Ignacia,Ramos,32572
32573,590070653,Roberto,Recio,32573
32574,724458111,Abril,Pedrero,32574
32575,216401775,Aitor,Sarmiento,32575
32576,897819739,Azahar,Flor,32576
32577,940682499,Benita,Fabra,32577
32578,890170324,Nicodemo,Lobo,32578
32579,420029749,Angel,Calatayud,32579
32580,836948849,Hugo,Alegria,32580
32581,402088871,Buenaventura,Sanz,32581
32582,926088145,Alejandro,Almagro,32582
32583,858859267,Perla,Roig,32583
32584,957762215,Griselda,Anaya,32584
32585,196962418,Edmundo,Barreda,32585
32586,733850040,Ezequiel,Ros,32586
32587,765383974,Eva,Alonso,32587
32588,963112680,Gaston,Mendizabal,32588
32589,587234786,Atilio,Company,32589
32590,396540364,Jacobo,Cervera,32590
32591,742969834,Andrea,Torrecilla,32591
32592,747934388,German,Villena,32592
32593,550323117,Heriberto,Cano,32593
32594,400419010,Esther,Torres,32594
32595,847634513,Melchor,Ocana,32595
32596,844112054,Amelia,Agullo,32596
32597,688351674,Ariadna,Guillen,32597
32598,428775883,Remedios,Pages,32598
32599,586764072,Heliodoro,Solera,32599
32600,605881132,Andres Felipe,Cornejo,32600
32601,747660560,Juan Manuel,Gonzalez,32601
32602,677891989,Natividad,Tormo,32602
32603,163482200,Adan,Planas,32603
32604,698921804,Hector,Oller,32604
32605,338136421,Alondra,Soriano,32605
32606,482129431,Quirino,Torrecilla,32606
32607,857034830,Hermenegildo,Melero,32607
32608,281970861,Paz,Pedrero,32608
32609,426956028,Pio,Segui,32609
32610,974104842,David,Bayona,32610
32611,244622735,Gustavo,Alcaraz,32611
32612,465470510,Vinicio,Nicolau,32612
32613,866374011,Trinidad,Martorell,32613
32614,899504350,Ceferino,Espada,32614
32615,458094415,Celso,Varela,32615
32616,321367627,Raul,Baena,32616
32617,872796974,Agustina,Sevillano,32617
32618,754123160,Maria Angeles,Puerta,32618
32619,670301531,Tere,Juan,32619
32620,535657158,Ivan,Paez,32620
32621,570765634,Jimena,Alfonso,32621
32622,499362489,Maria Angeles,Colom,32622
32623,456456088,Nerea,Gil,32623
32624,339788734,Zaida,Bernad,32624
32625,505247260,Ildefonso,Aragones,32625
32626,833633621,Jose Francisco,Otero,32626
32627,794005126,Dora,Taboada,32627
32628,393453869,Gervasio,Larrea,32628
32629,424931752,Ignacia,Costa,32629
32630,285315622,Cosme,Botella,32630
32631,908443040,Timoteo,Anaya,32631
32632,785773421,Teobaldo,Tenorio,32632
32633,600449552,Fortunato,Lastra,32633
32634,181250918,Francisco Jose,Frias,32634
32635,478062472,Apolonia,Naranjo,32635
32636,922530477,Teresita,Cabrera,32636
32637,525045428,Eloy,Terron,32637
32638,942989749,Jordana,Benavent,32638
32639,593845232,Eugenio,Saldana,32639
32640,505153867,David,Alberto,32640
32641,608708325,Clementina,Navarro,32641
32642,168978936,Luciana,Valverde,32642
32643,722516749,Luis,Marti,32643
32644,646310273,Pilar,Salinas,32644
32645,532830632,Amarilis,Colom,32645
32646,715164682,Teodoro,Guillen,32646
32647,709522966,Elvira,Infante,32647
32648,934681969,Cayetana,Galvan,32648
32649,306280791,Sosimo,Casals,32649
32650,659450612,Nacio,Fuertes,32650
32651,838917117,Maria Fernanda,Llanos,32651
32652,689191499,Jenaro,Pellicer,32652
32653,964292399,Evita,Franco,32653
32654,272812699,Calixta,Nicolas,32654
32655,464703450,Leoncio,Poza,32655
32656,135255387,Arturo,Gargallo,32656
32657,818627101,Elena,Palomares,32657
32658,509517910,Marcelo,Morata,32658
32659,496040456,Cloe,Figueroa,32659
32660,182653955,Fabricio,Godoy,32660
32661,475101951,Pili,Bas,32661
32662,714417806,Santos,Hidalgo,32662
32663,446352842,Lazaro,Molins,32663
32664,298331137,Gustavo,Gaya,32664
32665,962608122,Ambrosio,Castello,32665
32666,726023036,Leocadio,Santiago,32666
32667,430155989,Mar,Nogues,32667
32668,340525862,Ulises,Acevedo,32668
32669,592418408,Heliodoro,Perello,32669
32670,960561281,Jose Angel,Sainz,32670
32671,157498494,Emma,Cuesta,32671
32672,837930853,Emilia,Torralba,32672
32673,220080435,Anacleto,Puga,32673
32674,314023253,Angelino,Llabres,32674
32675,932976263,Demetrio,Peralta,32675
32676,794215276,Noelia,Villalonga,32676
32677,603727922,Hector,Escolano,32677
32678,619880676,Luciana,Alsina,32678
32679,627649490,Sancho,Benitez,32679
32680,657374670,Cipriano,Prats,32680
32681,644639356,Carmelita,Arevalo,32681
32682,716267127,Ariel,Costa,32682
32683,146347076,Gervasio,Aviles,32683
32684,769056144,Isaac,Rios,32684
32685,447296066,Sandra,Palomino,32685
32686,140302701,Vicenta,Yanez,32686
32687,524560609,Inigo,Castellanos,32687
32688,120306153,Carmelo,Acuna,32688
32689,716888580,Socorro,Alvarado,32689
32690,280377230,Lorenzo,Belda,32690
32691,707786457,Olivia,Baro,32691
32692,587396564,Luis Miguel,Canovas,32692
32693,342411686,Graciana,Bejarano,32693
32694,889244176,Eric,Vicente,32694
32695,494552221,Dimas,Tejero,32695
32696,963916296,Federico,Bastida,32696
32697,978075916,Carlito,Giner,32697
32698,560201970,Luis,Pelayo,32698
32699,379336430,Ruben,Benavente,32699
32700,381406417,Nacho,Egea,32700
32701,222539296,Lucio,Sevillano,32701
32702,771539106,Bernarda,Pulido,32702
32703,649304459,Carmela,Paez,32703
32704,664961469,Rosario,Carvajal,32704
32705,831514396,Felix,Vicens,32705
32706,903844760,Jaime,Morante,32706
32707,530345958,Luciana,Bernad,32707
32708,742174817,Maria Belen,Noriega,32708
32709,218850833,Cosme,Pou,32709
32710,788523738,Elena,Alfaro,32710
32711,201255691,Flavia,Abella,32711
32712,806057137,Perlita,Echevarria,32712
32713,261718967,Wilfredo,Pardo,32713
32714,430898595,Rosario,Pardo,32714
32715,245770171,Ernesto,Exposito,32715
32716,632650572,Duilio,Fuentes,32716
32717,868882974,Aura,Ribes,32717
32718,581045293,Sandalio,Caceres,32718
32719,974436095,Geraldo,Blazquez,32719
32720,942688103,Arsenio,Acero,32720
32721,487893098,Eutimio,Parra,32721
32722,859973343,Herminio,Oliver,32722
32723,320370578,Esteban,Arana,32723
32724,824954915,Danilo,Velazquez,32724
32725,297902030,Silvestre,Cisneros,32725
32726,188613566,Donato,Bustos,32726
32727,674124592,Florencio,Roig,32727
32728,786673707,Osvaldo,Luna,32728
32729,546914511,Maria Dolores,Duarte,32729
32730,266007089,Rodrigo,Prado,32730
32731,534595823,Adelaida,Comas,32731
32732,195187558,Agustina,Otero,32732
32733,171046181,Marisela,Carrion,32733
32734,565941623,Graciana,Pla,32734
32735,799802981,Zacarias,Olivares,32735
32736,818965775,Norberto,Bernat,32736
32737,828275743,Cecilio,Arevalo,32737
32738,661447762,Apolonia,Carrasco,32738
32739,172548309,Felicidad,Marquez,32739
32740,531271135,Fidela,Bastida,32740
32741,883314378,Porfirio,Manjon,32741
32742,971660349,Maria Dolores,Ortega,32742
32743,241205701,Basilio,Dominguez,32743
32744,440964745,Martin,Pou,32744
32745,740349923,Geronimo,Lasa,32745
32746,769739499,Carlos,Roman,32746
32747,828920398,Asuncion,Serra,32747
32748,243404421,Jorge,Armas,32748
32749,365421229,Marcos,Robledo,32749
32750,582520689,Obdulia,Manzanares,32750
32751,811912601,Amado,Bustos,32751
32752,340060167,Pascuala,Carmona,32752
32753,278245031,Amada,Mate,32753
32754,384956509,Elba,Cases,32754
32755,202043373,Maite,Paez,32755
32756,646873204,Juanito,Carreras,32756
32757,536597796,Leonardo,Navarro,32757
32758,695304722,Loreto,Escudero,32758
32759,305379531,Climaco,Cordoba,32759
32760,833625864,Amparo,Milla,32760
32761,618849378,Carla,Manzanares,32761
32762,917689847,Ulises,Quero,32762
32763,683992433,Eufemia,Bilbao,32763
32764,384931743,Angelina,Moya,32764
32765,787898194,Vera,Capdevila,32765
32766,120784999,Nidia,Ferrero,32766
32767,447296111,Norberto,Casal,32767
32768,813650552,Lucila,Cases,32768
32769,504147663,Irene,Galan,32769
32770,400096598,Maria Carmen,Canet,32770
32771,995140854,Antonia,Bru,32771
32772,891635771,Jovita,Barrera,32772
32773,969881421,Antonia,Merino,32773
32774,186620430,Clementina,Cabrero,32774
32775,531873015,Alexandra,Salgado,32775
32776,260504879,Amparo,Villa,32776
32777,160869825,Fidel,Cabezas,32777
32778,308387836,Anita,Tudela,32778
32779,363412177,Aureliano,Rivera,32779
32780,661406045,Dora,Nieto,32780
32781,646470893,Augusto,Escudero,32781
32782,313302744,Jessica,Ropero,32782
32783,303525529,Marita,Esteve,32783
32784,473152440,Angela,Maestre,32784
32785,714425613,Camila,Huertas,32785
32786,598386081,Amador,Sala,32786
32787,817252383,Julian,Tomas,32787
32788,612727132,Rafael,Sanchez,32788
32789,271201199,Anacleto,Quintero,32789
32790,817139608,Veronica,Mayol,32790
32791,871394590,Silvio,Feliu,32791
32792,766051260,Brigida,Bosch,32792
32793,596738559,Aureliano,Valdes,32793
32794,474714386,Maria,Bayona,32794
32795,898485770,Maximiliano,Villena,32795
32796,119195814,Maria,Farre,32796
32797,528983527,Febe,Corral,32797
32798,602501015,Viviana,Zurita,32798
32799,346129908,Delfina,Bernat,32799
32800,164533074,Africa,Costa,32800
32801,211056546,Teresita,Andreu,32801
32802,125279615,Angela,Pozuelo,32802
32803,271802257,Guiomar,Montserrat,32803
32804,252016399,Carla,Luque,32804
32805,932611238,Alcides,Palomo,32805
32806,545886523,Daniel,Garay,32806
32807,436532377,Felicidad,Ortiz,32807
32808,389506932,Jesusa,Andrade,32808
32809,899627491,Amancio,Borja,32809
32810,794545134,Jacinta,Canet,32810
32811,313445645,Pablo,Gonzalez,32811
32812,239566934,Jose Angel,Penas,32812
32813,375742896,Macarena,Lozano,32813
32814,855130921,Romulo,Sanchez,32814
32815,425830404,Maricruz,Arias,32815
32816,547794057,Emma,Aragones,32816
32817,557934151,Julie,Manzanares,32817
32818,488253908,Valero,Canet,32818
32819,239768126,Maria Belen,Palau,32819
32820,164918784,Susanita,Palmer,32820
32821,920481131,Juan Luis,Ibarra,32821
32822,580729883,Maura,Sanmiguel,32822
32823,744628249,Isabel,Izaguirre,32823
32824,578973400,Paulino,Cabezas,32824
32825,525757856,Sandalio,Arjona,32825
32826,128727829,Julia,Pastor,32826
32827,263049456,Azucena,Bertran,32827
32828,749592488,Santos,Mendoza,32828
32829,233013208,Panfilo,Bustamante,32829
32830,907778924,Raul,Castillo,32830
32831,967428810,Roque,Gomez,32831
32832,845183584,Nicodemo,Pinol,32832
32833,451275707,Rita,Arino,32833
32834,540604638,Faustino,Hervas,32834
32835,452882700,Cristina,Gibert,32835
32836,665884077,Lucho,Pavon,32836
32837,873475087,Leon,Manzanares,32837
32838,566765476,Encarna,Olmedo,32838
32839,440213442,Julian,Falcon,32839
32840,395412034,Sofia,Machado,32840
32841,645133194,Elisa,Zabaleta,32841
32842,731629586,Natalio,Castrillo,32842
32843,190138372,Silvia,Nevado,32843
32844,509161223,Mario,Ferran,32844
32845,747362121,Morena,Clavero,32845
32846,612466550,Lilia,Armengol,32846
32847,121097927,Serafina,Chico,32847
32848,814204130,Iban,Bas,32848
32849,111247312,Emilia,Exposito,32849
32850,934839124,Ernesto,Escolano,32850
32851,144029634,Cesar,Prada,32851
32852,817764967,Soraya,Sevillano,32852
32853,818410477,Georgina,Palomares,32853
32854,301205350,Carolina,Cid,32854
32855,460272913,Bruno,Serna,32855
32856,580266721,Otilia,Arias,32856
32857,820788285,Hector,Iniguez,32857
32858,815778327,Camila,Egea,32858
32859,494967627,Ainara,Ochoa,32859
32860,456273633,Angeles,Castaneda,32860
32861,844757354,Lazaro,Roca,32861
32862,391882823,Blanca,Cabezas,32862
32863,746840655,Carmelo,Quesada,32863
32864,447081264,Yesica,Orozco,32864
32865,876200636,Dalila,Lloret,32865
32866,306306805,Regina,Vinas,32866
32867,370462935,Galo,Burgos,32867
32868,252276399,Chuy,Pi,32868
32869,254771373,Heliodoro,Aleman,32869
32870,108654147,Eladio,Frutos,32870
32871,387338562,Eutimio,Buendia,32871
32872,932332766,Augusto,Oliveras,32872
32873,182949543,Fidel,Ibanez,32873
32874,624934779,Sigfrido,Ortiz,32874
32875,599966193,Maria Jose,Oliver,32875
32876,749298376,Montserrat,Villanueva,32876
32877,473716120,Evangelina,Ferrer,32877
32878,326298681,Felisa,Pastor,32878
32879,803673227,Felix,Beltran,32879
32880,518476074,Jordana,Raya,32880
32881,629501789,Anabel,Donoso,32881
32882,209012868,Alondra,Hierro,32882
32883,434492319,Toribio,Sebastian,32883
32884,180598619,Yesica,Castro,32884
32885,175319368,Felipa,Torrijos,32885
32886,638982649,Encarnacion,Gomis,32886
32887,380531041,Mateo,Paz,32887
32888,558922855,Olivia,Castillo,32888
32889,752875492,Camilo,Montalban,32889
32890,792498076,Maria Carmen,Sobrino,32890
32891,385762902,Esther,Pazos,32891
32892,470553505,Francisco Javier,Zaragoza,32892
32893,608269098,Manu,Pena,32893
32894,138945077,America,Fuentes,32894
32895,855558501,Sabina,Lara,32895
32896,621452656,Nacho,Millan,32896
32897,192205752,Domitila,Cespedes,32897
32898,701957894,Sosimo,Calvo,32898
32899,982531841,Yaiza,Villalba,32899
32900,331504624,Lupe,Juan,32900
32901,506521544,Mamen,Arcos,32901
32902,449964518,Tamara,Salom,32902
32903,871963964,Olga,Luna,32903
32904,441718229,Amor,Reig,32904
32905,503194553,Chus,Cortes,32905
32906,290559331,Kike,Galvan,32906
32907,521527038,Rodolfo,Leiva,32907
32908,444819879,Glauco,Gual,32908
32909,138201847,Olga,Royo,32909
32910,837792654,Jose Miguel,Jerez,32910
32911,373542949,Dorita,Roldan,32911
32912,740633011,Candido,Tejero,32912
32913,536111987,Lucia,Sanz,32913
32914,698745340,Segismundo,Losada,32914
32915,375321595,Etelvina,Molins,32915
32916,521192366,Maria Manuela,Otero,32916
32917,748977316,Eufemia,Sureda,32917
32918,767013267,Victor,Cepeda,32918
32919,774368000,Bautista,Bernat,32919
32920,279086220,Noa,Pedrosa,32920
32921,790569583,Elpidio,Puga,32921
32922,329646347,Concha,Casado,32922
32923,734129079,Teofilo,Lopez,32923
32924,902241683,Ruperto,Martorell,32924
32925,131963430,Gala,Galvez,32925
32926,355410298,Clotilde,Segovia,32926
32927,161252285,Teresita,Company,32927
32928,265606936,Adriana,Alberto,32928
32929,933078784,Marcelo,Olmo,32929
32930,403089182,Ricarda,Cabrero,32930
32931,336214837,Esther,Paez,32931
32932,396307440,Cristina,Cuevas,32932
32933,676643644,Leonel,Moll,32933
32934,745340678,Paola,Roura,32934
32935,753533730,Fidel,Mari,32935
32936,687802542,Margarita,Valencia,32936
32937,286610172,Valeria,Taboada,32937
32938,754815245,Lidia,Moreno,32938
32939,105697975,Ruperta,Vega,32939
32940,580325638,Josefa,Solera,32940
32941,913285898,Angela,Pinedo,32941
32942,197420090,Baldomero,Reyes,32942
32943,485235215,Anastasia,Reyes,32943
32944,405159033,Segismundo,Salcedo,32944
32945,224531736,Montserrat,Nunez,32945
32946,170098054,Marina,Espanol,32946
32947,588578068,Domingo,Rosello,32947
32948,257870225,Victoriano,Ibarra,32948
32949,630340642,Olga,Elias,32949
32950,710804010,Matilde,Cespedes,32950
32951,881000145,Leoncio,Barcena,32951
32952,232269269,Pili,Padilla,32952
32953,709198798,Ruben,Granados,32953
32954,987607556,Rosa Maria,Villanueva,32954
32955,421356450,Pili,Ocana,32955
32956,507468743,Jose Manuel,Piquer,32956
32957,126410707,Nelida,Gonzalez,32957
32958,779186990,Ruperta,Catala,32958
32959,705188408,Isabel,Salcedo,32959
32960,745136709,Dominga,Carrillo,32960
32961,920633186,Lupe,Giralt,32961
32962,116238723,Jafet,Bosch,32962
32963,525407368,Valerio,Baron,32963
32964,691748465,Tatiana,Lara,32964
32965,346150426,Yessica,Urena,32965
32966,916168918,Paca,Prats,32966
32967,707410418,Luz,Delgado,32967
32968,797571001,Daniel,Bauza,32968
32969,851337836,Marcial,Palacio,32969
32970,173212665,Estrella,Bermudez,32970
32971,654565040,Trinidad,Ripoll,32971
32972,154478553,Paulino,Clavero,32972
32973,838644214,Jose Angel,Narvaez,32973
32974,196057083,Abraham,Perera,32974
32975,201244711,Heraclio,Arrieta,32975
32976,832147042,Celestina,Ibarra,32976
32977,605593892,Moises,Ortiz,32977
32978,577198497,Bernardino,Escriva,32978
32979,873279935,Violeta,Jimenez,32979
32980,716855505,Pepito,Noriega,32980
32981,519959355,Anselma,Casals,32981
32982,132101397,Apolinar,Oliva,32982
32983,281014487,Clara,Guardiola,32983
32984,309750418,Faustino,Quero,32984
32985,753914207,Jose Manuel,Castello,32985
32986,112690465,Custodia,Salinas,32986
32987,503706451,Marino,Penalver,32987
32988,906515475,Hector,Salmeron,32988
32989,651930538,Galo,Andres,32989
32990,440977650,Carmelo,Saldana,32990
32991,406651796,Toni,Garrido,32991
32992,475199390,Jeremias,Sala,32992
32993,743608812,Hipolito,Perera,32993
32994,328261754,Kike,Mascaro,32994
32995,206843660,Encarnacion,Urrutia,32995
32996,677266276,Miguel Angel,Villanueva,32996
32997,858881225,Bernarda,Manso,32997
32998,698330411,Natanael,Rodriguez,32998
32999,808678410,Fernando,Gamez,32999
33000,222987057,Lorenza,Aramburu,33000
33001,468914864,Ambar,Canas,33001
33002,563912554,Artemio,Ramon,33002
33003,869423973,Dalila,Miro,33003
33004,705480681,Eutimio,Bermudez,33004
33005,391718273,Maria Luisa,Armengol,33005
33006,655883160,Hector,Donaire,33006
33007,761713856,Panfilo,Montoya,33007
33008,224091863,Macario,Ortuno,33008
33009,784570402,Edelmiro,Palomo,33009
33010,439911320,Amaro,Gomila,33010
33011,642553591,Nestor,Beltran,33011
33012,718735754,Bernardita,Nogueira,33012
33013,636769847,Leocadio,Reyes,33013
33014,768859668,Leire,Ibarra,33014
33015,903436704,Candido,Escamilla,33015
33016,711687308,Leonel,Bayo,33016
33017,491259450,Silvestre,Clemente,33017
33018,869651250,Segismundo,Sarmiento,33018
33019,215149096,Maximino,Ugarte,33019
33020,714370937,Victoria,Blanes,33020
33021,242961562,Elodia,Arevalo,33021
33022,764366192,Aurelio,Duarte,33022
33023,716884725,Alondra,Bosch,33023
33024,573726176,Pastora,Conesa,33024
33025,793891714,Febe,Solsona,33025
33026,137436027,Maximo,Suarez,33026
33027,633517889,Reyes,Carvajal,33027
33028,420701586,Carolina,Rozas,33028
33029,373713703,Bernardino,Gomez,33029
33030,358174545,Dalila,Morcillo,33030
33031,132784788,Galo,Collado,33031
33032,166694593,Segismundo,Botella,33032
33033,405345016,Julie,Reig,33033
33034,788318881,Wilfredo,Alfaro,33034
33035,850050009,Chema,Uria,33035
33036,389370575,Eva,Llobet,33036
33037,354248120,Eugenia,Carrion,33037
33038,237607632,Lorena,Moll,33038
33039,896099347,Joaquina,Vicente,33039
33040,732939253,Nidia,Rovira,33040
33041,577957495,Remedios,Tur,33041
33042,672793285,Samu,Valles,33042
33043,629875133,Hipolito,Diaz,33043
33044,975466645,Cipriano,Puig,33044
33045,246328124,Javi,Gimenez,33045
33046,746833011,Gloria,Barroso,33046
33047,598720024,Alondra,Cuadrado,33047
33048,681928267,Teo,Lamas,33048
33049,622347236,Domitila,Abad,33049
33050,933784728,Maria Belen,Perez,33050
33051,934740121,Eutropio,Santamaria,33051
33052,632818591,Elias,Gallo,33052
33053,520668021,Alba,Quesada,33053
33054,127019612,Nacio,Mate,33054
33055,536712029,Samanta,Pina,33055
33056,516692762,Maxi,Iniguez,33056
33057,719501868,Encarna,Almazan,33057
33058,257073290,Feliciana,Vega,33058
33059,548724455,Rafaela,Falco,33059
33060,247854099,Marcos,Puig,33060
33061,805666053,Ines,Blasco,33061
33062,764878581,Adoracion,Escalona,33062
33063,463880041,Pacifica,Fonseca,33063
33064,559244312,Eutimio,Briones,33064
33065,161474507,Evangelina,Amat,33065
33066,429234986,Balduino,Santiago,33066
33067,392393920,Julieta,Cuervo,33067
33068,421662392,Pancho,Mayo,33068
33069,576363301,Dionisio,Camara,33069
33070,290537723,Lorenzo,Lara,33070
33071,395797684,Victoriano,Olivares,33071
33072,309855502,Timoteo,Ferrera,33072
33073,517273929,Emperatriz,Serrano,33073
33074,508329672,Fito,Villaverde,33074
33075,584264404,Seve,Folch,33075
33076,398441640,Florencio,Cespedes,33076
33077,802068993,Juliana,Abellan,33077
33078,190332829,Lazaro,Uribe,33078
33079,564114017,Rocio,Borrego,33079
33080,987422189,Rosalia,Arana,33080
33081,565167471,Aurea,Dominguez,33081
33082,653933710,Jacinta,Ribes,33082
33083,181403415,Oriana,Amigo,33083
33084,458457728,Olga,Echeverria,33084
33085,972447168,Jennifer,Casanova,33085
33086,650500225,Conrado,Fernandez,33086
33087,669877904,Marc,Bustos,33087
33088,205337196,Iker,Abascal,33088
33089,421400591,Elodia,Vargas,33089
33090,790798643,Alfredo,Gaya,33090
33091,859029407,Severo,Cuevas,33091
33092,472322508,Leon,Boada,33092
33093,165362542,Manuela,Arcos,33093
33094,723479227,Juan Manuel,Guardia,33094
33095,714887831,Jenny,Comas,33095
33096,360087090,Rufina,Guzman,33096
33097,914355029,Paca,Cruz,33097
33098,149054114,Heriberto,Gallo,33098
33099,630612844,Vinicio,Manzano,33099
33100,309771492,Armando,Amador,33100
33101,832790104,Brunilda,Gutierrez,33101
33102,161618412,Nydia,Arias,33102
33103,448684045,Eugenio,Barral,33103
33104,478561106,Calixta,Salva,33104
33105,839405827,Isaac,Somoza,33105
33106,320141399,Porfirio,Camara,33106
33107,458657989,Jeronimo,Teruel,33107
33108,108805299,Ainara,Uria,33108
33109,968943856,Maria Angeles,Araujo,33109
33110,255819139,Cintia,Vera,33110
33111,900965396,Valerio,Velasco,33111
33112,175806191,Emperatriz,Villalonga,33112
33113,391209995,Trinidad,Patino,33113
33114,948042020,Lucas,Duenas,33114
33115,143841470,Wilfredo,Leiva,33115
33116,189811520,Sandalio,Delgado,33116
33117,381135454,Priscila,Peral,33117
33118,238473158,Nelida,Barranco,33118
33119,442289761,Augusto,Huguet,33119
33120,910834679,Martin,Blanes,33120
33121,315415463,Francisco Javier,Torrecilla,33121
33122,835219544,Juan,Bilbao,33122
33123,582557425,Amada,Peral,33123
33124,849107161,Candida,Vinas,33124
33125,798418420,Ernesto,Ribes,33125
33126,775107991,Asuncion,Amor,33126
33127,875864814,Fidel,Aramburu,33127
33128,775449304,Ramona,Villegas,33128
33129,830273868,Camila,Patino,33129
33130,360087384,Tecla,Tejada,33130
33131,923738327,Lina,Corbacho,33131
33132,516265564,Ricarda,Villena,33132
33133,286581194,Heraclio,Miro,33133
33134,614662335,Plinio,Priego,33134
33135,520925455,Ingrid,Osuna,33135
33136,644344630,Dan,Jurado,33136
33137,285794782,Juan Carlos,Folch,33137
33138,264685070,Chucho,Velasco,33138
33139,272659339,Marciano,Berenguer,33139
33140,477820673,Sarita,Molina,33140
33141,737520812,Hernan,Pou,33141
33142,327020026,Borja,Guerra,33142
33143,926905325,Ester,Garcia,33143
33144,130770864,Mariana,Roca,33144
33145,916421355,Yessica,Bayon,33145
33146,468324767,Angelita,Monreal,33146
33147,754394050,Luis,Saldana,33147
33148,301993313,Abril,Egea,33148
33149,666805711,Daniela,Pomares,33149
33150,145774570,Ruperta,Aranda,33150
33151,804798658,Felipe,Cuellar,33151
33152,498337958,Diego,Echevarria,33152
33153,478566917,Luisina,Galvan,33153
33154,457817283,Eutimio,Carrasco,33154
33155,370323919,Aitor,Barroso,33155
33156,303865452,Javier,Izaguirre,33156
33157,366587279,Anacleto,Barrena,33157
33158,154844613,Ceferino,Manso,33158
33159,627826981,Paulino,Barrera,33159
33160,792158672,Consuela,Serra,33160
33161,646080425,Rodrigo,Matas,33161
33162,381590257,Yesica,Cepeda,33162
33163,895255516,Gaston,Garces,33163
33164,730961907,Trini,Oliver,33164
33165,310378926,Emigdio,Duran,33165
33166,683408743,Jeremias,Carrillo,33166
33167,896141593,Amarilis,Vilaplana,33167
33168,309947536,Bernardino,Patino,33168
33169,423601242,Candelario,Hurtado,33169
33170,534898163,Piedad,Melero,33170
33171,528157053,Manu,Vara,33171
33172,329848064,Angel,Vila,33172
33173,418074920,Guadalupe,Guardiola,33173
33174,514115282,Juan Jose,Vall,33174
33175,816182361,Eduardo,Sanchez,33175
33176,347654493,Ingrid,Carrion,33176
33177,995980766,Cesar,Neira,33177
33178,898908126,Guadalupe,Roman,33178
33179,733948486,Efrain,Martin,33179
33180,736665627,Roberto,Barbera,33180
33181,697173148,Leandro,Aviles,33181
33182,344731370,Cristobal,Escribano,33182
33183,963400380,Moreno,Cuervo,33183
33184,353783465,Andres Felipe,Solera,33184
33185,882390619,Olalla,Cortes,33185
33186,443464119,Heriberto,Pinilla,33186
33187,368478205,Irene,Gomis,33187
33188,635057116,Benito,Madrid,33188
33189,287387671,Florentino,Lopez,33189
33190,820264451,Guiomar,Quintanilla,33190
33191,804064345,Loreto,Sastre,33191
33192,522890824,Brunilda,Sanchez,33192
33193,467053776,Juan,Gordillo,33193
33194,543509473,Alvaro,Carbajo,33194
33195,497608345,Gema,Perea,33195
33196,989524920,Elena,Canovas,33196
33197,282535387,Brunilda,Barros,33197
33198,232497288,Maria Manuela,Ponce,33198
33199,308407975,Modesto,Tovar,33199
33200,754502347,Gaspar,Bartolome,33200
33201,616016897,Mar,Galvez,33201
33202,535908743,Juan Francisco,Roda,33202
33203,401268028,Placido,Posada,33203
33204,886029103,Maria Pilar,Cortina,33204
33205,369301720,Rafael,Iniguez,33205
33206,368150737,Valerio,Lara,33206
33207,931607412,Edelmiro,Vilar,33207
33208,407780023,Santos,Oliver,33208
33209,606810011,Begona,Espana,33209
33210,799189652,Silvia,Pintor,33210
33211,612166218,Ruperta,Enriquez,33211
33212,580302882,Jose Angel,Roman,33212
33213,259552586,Jose Mari,Muro,33213
33214,682586285,Vicente,Izquierdo,33214
33215,163618892,Florencio,Herrera,33215
33216,691398100,Ruben,Busquets,33216
33217,781598228,Donato,Peralta,33217
33218,639605356,Porfirio,Bueno,33218
33219,965564694,Plinio,Iniguez,33219
33220,715419369,Odalis,Iriarte,33220
33221,857940097,Maricruz,Garcia,33221
33222,139521081,Dionisia,Cuevas,33222
33223,812217252,Eva Maria,Mendoza,33223
33224,479189896,Armida,Portero,33224
33225,401708742,Maria Angeles,Alcalde,33225
33226,542281680,Marc,Borras,33226
33227,130565327,Teodora,Cerezo,33227
33228,524441030,Emilia,Cabanas,33228
33229,228078063,Fito,Llorens,33229
33230,242462311,Glauco,Gomis,33230
33231,331967714,Pilar,Ruiz,33231
33232,411784591,Reina,Aznar,33232
33233,385715300,Eloisa,Echevarria,33233
33234,392492087,Nazaret,Villa,33234
33235,347951245,Jacobo,Herrera,33235
33236,427641059,Andres Felipe,Valencia,33236
33237,896869255,Cleto,Garriga,33237
33238,619895715,Ana Belen,Ramis,33238
33239,722696591,Osvaldo,Morales,33239
33240,457631452,Hector,Cepeda,33240
33241,251485315,Valentin,Salcedo,33241
33242,193883839,Tito,Sevilla,33242
33243,216072145,Joaquina,Huertas,33243
33244,680540637,Tono,Herrera,33244
33245,151114016,Rosendo,Ferreras,33245
33246,589470551,Maria Fernanda,Somoza,33246
33247,829641254,Eulalia,Baeza,33247
33248,118979133,Teobaldo,Riquelme,33248
33249,704063840,Fernando,Ponce,33249
33250,668522776,Bartolome,Carrillo,33250
33251,267129989,Ignacio,Castells,33251
33252,566194930,Ema,Crespo,33252
33253,408782033,Feliciano,Pedrero,33253
33254,472018287,Andrea,Pallares,33254
33255,362540977,Matilde,Cuadrado,33255
33256,640829357,Perlita,Arregui,33256
33257,119262649,Aura,Calderon,33257
33258,346467578,Aaron,Tejada,33258
33259,213246191,Felix,Villalba,33259
33260,388667004,Catalina,Sastre,33260
33261,848767631,Lina,Pombo,33261
33262,303931649,Sebastian,Sosa,33262
33263,977418832,Espiridion,Bermejo,33263
33264,151263786,Pastora,Checa,33264
33265,672830521,Graciano,Vives,33265
33266,432690151,Adelardo,Casas,33266
33267,953796614,Jose Miguel,Sanabria,33267
33268,303725981,Zacarias,Macias,33268
33269,705880771,Teodosio,Aranda,33269
33270,608854406,Araceli,Martin,33270
33271,147925893,Francisco Javier,Cardenas,33271
33272,792463705,Saturnino,Ramis,33272
33273,672401315,Perla,Portero,33273
33274,871271913,Salomon,Carro,33274
33275,657561712,Leon,Lledo,33275
33276,630503639,Ale,Raya,33276
33277,839359891,Miriam,Andreu,33277
33278,616578820,Ciriaco,Sanchez,33278
33279,609564790,Odalys,Rios,33279
33280,661548828,Lucho,Vila,33280
33281,503062890,Arsenio,Boix,33281
33282,394861230,Evita,Acuna,33282
33283,249853918,Maxi,Oliva,33283
33284,631761964,Ildefonso,Nunez,33284
33285,743324522,Pio,Busquets,33285
33286,391922626,Azahara,Roda,33286
33287,156319215,Ricarda,Jara,33287
33288,384608717,Milagros,Alarcon,33288
33289,543064419,Perlita,Franch,33289
33290,873676579,Jesusa,Rico,33290
33291,151666603,Teobaldo,Amoros,33291
33292,506746166,Sabina,Balaguer,33292
33293,988020174,Eva,Galindo,33293
33294,123452949,Renato,Miranda,33294
33295,808537591,Matias,Reyes,33295
33296,834318719,Felicia,Cuadrado,33296
33297,777858794,Gregorio,Dominguez,33297
33298,871806075,Placido,Valero,33298
33299,283000569,Julie,Jurado,33299
33300,874647098,Renata,Alcolea,33300
33301,183536499,Ildefonso,Lloret,33301
33302,164106792,Geraldo,Beltran,33302
33303,719462153,Curro,Chaparro,33303
33304,352339528,Remedios,Camara,33304
33305,228590485,Quique,Cardenas,33305
33306,377596068,Dionisio,Segarra,33306
33307,677255218,Manu,Cal,33307
33308,456671811,Rafael,Gallardo,33308
33309,139516273,Roque,Bertran,33309
33310,233056578,Rene,Molins,33310
33311,332969224,Pilar,Cortina,33311
33312,286678158,Alicia,Mancebo,33312
33313,195825408,Delia,Agudo,33313
33314,492162205,Adrian,Hoz,33314
33315,145260163,Caridad,Acero,33315
33316,228593560,Maximo,Prieto,33316
33317,495086009,Manolo,Salinas,33317
33318,134300500,Azucena,Aguilera,33318
33319,384862167,Sofia,Romeu,33319
33320,875980968,Jacobo,Iniesta,33320
33321,588319747,Agustina,Macias,33321
33322,705086423,Jeronimo,Osorio,33322
33323,274537524,Corona,Monreal,33323
33324,818310351,Geraldo,Vives,33324
33325,558639490,Ale,Escudero,33325
33326,954710144,Graciana,Solis,33326
33327,589929604,Victoria,Granados,33327
33328,309646931,Juanito,Andres,33328
33329,298144935,Brunilda,Castillo,33329
33330,289928457,Joel,Aller,33330
33331,759652183,Marisa,Iniguez,33331
33332,943589382,Ruben,Varela,33332
33333,830384036,Eloisa,Villar,33333
33334,891759004,Aurelia,Rocamora,33334
33335,509711613,Oriana,Urena,33335
33336,357446474,Regina,Espinosa,33336
33337,978862679,Angelino,Cozar,33337
33338,884328896,German,Oliveras,33338
33339,362326790,Gisela,Salva,33339
33340,164317840,Santos,Valls,33340
33341,528950186,Rene,Galan,33341
33342,242895387,Adela,Crespo,33342
33343,477622302,Maxi,Noguera,33343
33344,952653652,Maxi,Pablo,33344
33345,600887128,Benigno,Amador,33345
33346,769821119,Amor,Guillen,33346
33347,916597762,Pili,Lozano,33347
33348,394200740,Asuncion,Lledo,33348
33349,418200864,Amarilis,Feijoo,33349
33350,622417137,Cebrian,Nicolas,33350
33351,535191626,Encarnacion,Reguera,33351
33352,159721098,Sigfrido,Ruano,33352
33353,449249761,Vasco,Carmona,33353
33354,947553414,Olegario,Comas,33354
33355,106244861,Bautista,Ferreras,33355
33356,494619290,Leticia,Nogues,33356
33357,520080606,Desiderio,Carranza,33357
33358,743310179,Miguel Angel,Almeida,33358
33359,565679047,Clara,Rojas,33359
33360,630591369,Candelario,Plana,33360
33361,171157374,Evita,Amo,33361
33362,713965338,Pedro,Carbonell,33362
33363,544923325,Benjamin,Guardiola,33363
33364,410063398,Fortunata,Roig,33364
33365,646997005,Iban,Rovira,33365
33366,653420704,Jose Maria,Luna,33366
33367,887575482,Victoriano,Flores,33367
33368,691718336,Borja,Guillen,33368
33369,584477106,Luis,Sanz,33369
33370,595950549,Benita,Pintor,33370
33371,833260074,Enrique,Chaves,33371
33372,578224872,Fidel,Robledo,33372
33373,336033498,Jeremias,Tome,33373
33374,867569829,Sabas,Cordoba,33374
33375,325983504,Emigdio,Romero,33375
33376,613143988,Julieta,Gil,33376
33377,832817749,Heliodoro,Espejo,33377
33378,662451764,Herminia,Diez,33378
33379,502686046,Bruno,Figuerola,33379
33380,506357717,Maria Jesus,Rocha,33380
33381,780826647,Ale,Huertas,33381
33382,151404669,Pepito,Pedrero,33382
33383,957675774,Matias,Bautista,33383
33384,680223837,Rosenda,Segura,33384
33385,321954858,Anacleto,Arce,33385
33386,350370335,Lalo,Mateu,33386
33387,949544739,Milagros,Bas,33387
33388,617579383,Ingrid,Nunez,33388
33389,718624070,Encarna,Salmeron,33389
33390,254158613,Luciana,Pascual,33390
33391,145519733,Carolina,Vicens,33391
33392,544131949,Ciro,Ferran,33392
33393,260314866,Eligio,Gallo,33393
33394,671893427,Maria Jesus,Torralba,33394
33395,165939059,Leopoldo,Raya,33395
33396,880157725,Aroa,Flores,33396
33397,260643743,Rene,Herranz,33397
33398,314365055,Regulo,Cabrera,33398
33399,386518895,Valentina,Barriga,33399
33400,950093321,Geronimo,Quevedo,33400
33401,722346972,Vanesa,Guzman,33401
33402,481121986,Ingrid,Hoyos,33402
33403,630392768,Ramiro,Nunez,33403
33404,481988080,Angelita,Borja,33404
33405,443846508,Quirino,Neira,33405
33406,505869433,Fidel,Baena,33406
33407,221375749,Matias,Roman,33407
33408,629111441,Macaria,Cortes,33408
33409,385884472,Juliana,Guzman,33409
33410,404225298,Eutimio,Alvarez,33410
33411,471736239,Manuelita,Mate,33411
33412,900088209,Ileana,Moraleda,33412
33413,120947412,Raul,Fonseca,33413
33414,564974644,Victoria,Segarra,33414
33415,699347934,Amada,Gonzalez,33415
33416,516184185,Clarisa,Cuellar,33416
33417,151676865,Leocadio,Martorell,33417
33418,354914815,Agustin,Gil,33418
33419,920677391,Eusebio,Cerezo,33419
33420,870564739,Juanita,Pastor,33420
33421,450128643,Amaya,Barros,33421
33422,695152429,Lalo,Heras,33422
33423,503535960,Pepita,Bermejo,33423
33424,848010109,Cintia,Aguilar,33424
33425,159798909,Martirio,Caparros,33425
33426,849444190,Emiliana,Mas,33426
33427,369606418,Rosaura,Alcantara,33427
33428,735694779,Lorena,Tello,33428
33429,651158661,Margarita,Lerma,33429
33430,913100744,Zaida,Uriarte,33430
33431,493917511,Sebastian,Arjona,33431
33432,867494631,Jose,Andres,33432
33433,269451243,Dionisia,Pou,33433
33434,711817477,Timoteo,Amat,33434
33435,664407486,Adrian,Ferrandiz,33435
33436,157765888,Maria Cristina,Nogues,33436
33437,136560232,Clarisa,Lasa,33437
33438,345578393,Jacobo,Pinilla,33438
33439,331734778,Cintia,Roman,33439
33440,399775396,Javiera,Marques,33440
33441,218656940,Primitivo,Adadia,33441
33442,554640967,Reynaldo,Corral,33442
33443,783950245,Angelita,Lara,33443
33444,800035625,Albert,Batlle,33444
33445,289005825,Hernando,Milla,33445
33446,562160282,Reyes,Uria,33446
33447,524742066,Isidoro,Bautista,33447
33448,595317560,Jordana,Vilanova,33448
33449,626490213,Vidal,Llorens,33449
33450,395838515,Basilio,Sierra,33450
33451,586744379,Griselda,Valbuena,33451
33452,422018251,Maxima,Barros,33452
33453,137807637,Macarena,Ribera,33453
33454,887062127,Dora,Boada,33454
33455,564052201,Carmela,Vergara,33455
33456,263384916,Amada,Riba,33456
33457,600102560,Nando,Benitez,33457
33458,977004345,Albina,Bastida,33458
33459,210355867,Salvador,Ortega,33459
33460,199120562,Bernabe,Larrea,33460
33461,481571137,Segismundo,Iglesia,33461
33462,948729851,Brunilda,Simo,33462
33463,192174468,Candida,Guijarro,33463
33464,217733202,Chucho,Reyes,33464
33465,835062114,Santiago,Villegas,33465
33466,438709322,Calisto,Ribas,33466
33467,983058696,Iban,Falco,33467
33468,632064375,Salvador,Corbacho,33468
33469,505555171,Jose Ramon,Mas,33469
33470,872971009,Amado,Losa,33470
33471,812924513,Nidia,Madrigal,33471
33472,509020414,Eduardo,Losada,33472
33473,358551819,Ricardo,Roman,33473
33474,937459755,Adolfo,Arevalo,33474
33475,784454073,Eulalia,Guzman,33475
33476,308695137,Jose Ramon,Guzman,33476
33477,662181261,Omar,Angulo,33477
33478,137543134,America,Ortiz,33478
33479,403488550,Jose Ramon,Manzanares,33479
33480,877691989,Cesar,Robledo,33480
33481,191075479,Adelina,Gutierrez,33481
33482,637833091,Flora,Cantero,33482
33483,668680767,Itziar,Marti,33483
33484,428925179,Maria Belen,Exposito,33484
33485,770394996,Jose Mari,Coronado,33485
33486,605237672,Alfredo,Teruel,33486
33487,492773189,Paulina,Franco,33487
33488,840945565,Carlota,Alcaraz,33488
33489,378831025,Samanta,Collado,33489
33490,215059386,Olivia,Chamorro,33490
33491,198955760,Melchor,Ruiz,33491
33492,576814739,Eufemia,Galiano,33492
33493,710309046,Geraldo,Oliveras,33493
33494,331819657,Jose Ignacio,Cardona,33494
33495,248797422,Severiano,Jove,33495
33496,319632825,Samu,Borrell,33496
33497,733974693,Socorro,Vall,33497
33498,502390309,Vilma,Mur,33498
33499,993425778,Ismael,Ramirez,33499
33500,910503488,Maristela,Alarcon,33500
33501,234869750,Vinicio,Gascon,33501
33502,535740779,Sancho,Carretero,33502
33503,560322119,Noelia,Fonseca,33503
33504,691789884,Belen,Frias,33504
33505,855962447,Francisco,Banos,33505
33506,126635478,Maria Del Carmen,Sola,33506
33507,592680858,Santiago,Grau,33507
33508,406890167,Adelina,Corominas,33508
33509,640150839,Ana,Codina,33509
33510,326896392,Fidel,Pelayo,33510
33511,204685072,Felix,Carbonell,33511
33512,171835306,Jose Ramon,Amor,33512
33513,143903354,Edu,Cabanas,33513
33514,558741786,Virgilio,Terron,33514
33515,384050064,Lino,Estrada,33515
33516,287574854,Severo,Coloma,33516
33517,223952132,Maura,Segovia,33517
33518,400655730,Galo,Castrillo,33518
33519,515472086,Vilma,Cueto,33519
33520,101409227,Emiliana,Corral,33520
33521,122999716,Calixta,Ocana,33521
33522,635273221,Valerio,Huguet,33522
33523,386375786,Remigio,Barreda,33523
33524,506357831,Clara,Manzanares,33524
33525,607717270,Calixto,Llobet,33525
33526,107657972,Marcial,Plaza,33526
33527,395451908,Eloisa,Bello,33527
33528,653556524,Francisco Javier,Garzon,33528
33529,308203419,Marina,Osorio,33529
33530,143206853,Juan Carlos,Ojeda,33530
33531,751775888,Jovita,Bueno,33531
33532,558006441,Maxi,Laguna,33532
33533,159924707,Glauco,Giralt,33533
33534,263770106,Ricarda,Bernal,33534
33535,596288215,Nerea,Castro,33535
33536,750549905,Aranzazu,Peiro,33536
33537,266869580,Isa,Velez,33537
33538,246188802,Luisa,Naranjo,33538
33539,699288229,Eutropio,Guillen,33539
33540,620053236,Toribio,Boix,33540
33541,702129054,Jose Ramon,Benitez,33541
33542,419061140,Francisco Jose,Hoz,33542
33543,486057468,Ximena,Guardia,33543
33544,536008896,Maite,Sureda,33544
33545,647676331,Isidoro,Bejarano,33545
33546,352111043,Raimundo,Vives,33546
33547,764406584,Carlota,Gabaldon,33547
33548,175692675,Hernando,Pina,33548
33549,564650718,Nando,Ortuno,33549
33550,725485332,Guiomar,Gonzalez,33550
33551,134323645,Flavio,Palomares,33551
33552,388843883,Eugenio,Lamas,33552
33553,218294698,Jose Angel,Cabeza,33553
33554,125478620,Romulo,Paredes,33554
33555,632374815,Agustin,Palma,33555
33556,856685343,Celestina,Valles,33556
33557,986766599,Jenaro,Dominguez,33557
33558,637685577,Gabriel,Valencia,33558
33559,918251511,Amarilis,Andrade,33559
33560,270130653,Anibal,Rios,33560
33561,261917200,Joel,Osuna,33561
33562,888749193,Remigio,Izquierdo,33562
33563,722182399,Humberto,Miro,33563
33564,315741049,Nydia,Alcalde,33564
33565,839027135,Agustin,Herrero,33565
33566,142682464,Virginia,Zabaleta,33566
33567,781127483,Marisela,Pombo,33567
33568,564410303,Anastasio,Pineiro,33568
33569,933159799,Roxana,Rivera,33569
33570,225585821,Marta,Carro,33570
33571,752623398,Monica,Molins,33571
33572,382795366,Debora,Garzon,33572
33573,989986017,Sancho,Casado,33573
33574,941655475,Concha,Santana,33574
33575,572882716,Eric,Mancebo,33575
33576,184443930,Alejandro,Gras,33576
33577,188312182,Delfina,Ordonez,33577
33578,310607376,Leonardo,Manzanares,33578
33579,249671252,Sosimo,Alberto,33579
33580,750127215,Adoracion,Pineda,33580
33581,594499928,Maria,Galan,33581
33582,177274509,Jose,Priego,33582
33583,994237332,Salomon,Gargallo,33583
33584,451529223,Mateo,Ortiz,33584
33585,148697188,Ursula,Canals,33585
33586,743619482,Cecilio,Salas,33586
33587,297158344,Isabela,Carrillo,33587
33588,288306632,Rocio,Gargallo,33588
33589,691581292,Encarnacion,Montalban,33589
33590,663532479,Candelaria,Peralta,33590
33591,171557847,Inigo,Morata,33591
33592,640662067,Filomena,Campoy,33592
33593,467332226,Emigdio,Ferrandiz,33593
33594,906361931,Rafa,Rovira,33594
33595,870043842,Hermenegildo,Morales,33595
33596,975359168,Norberto,Echevarria,33596
33597,493389611,Reynaldo,Quesada,33597
33598,117310720,Cayetana,Riera,33598
33599,760393438,Ruperto,Lledo,33599
33600,711472754,Rosalia,Lara,33600
33601,930052282,Caridad,Bravo,33601
33602,342743883,Marisa,Menendez,33602
33603,537310860,Dalila,Tur,33603
33604,628209257,Adora,Sierra,33604
33605,923111020,Begona,Adan,33605
33606,161868552,Sabas,Mendez,33606
33607,620927934,Maura,Real,33607
33608,525707148,Paco,Borrego,33608
33609,280433896,Edmundo,Patino,33609
33610,538696395,Irene,Villanueva,33610
33611,452399893,Nilda,Torrijos,33611
33612,717077786,Tomas,Ojeda,33612
33613,732834150,Nacio,Mascaro,33613
33614,426770677,Ceferino,Colom,33614
33615,588813358,Narcisa,Raya,33615
33616,446319302,Raquel,Bejarano,33616
33617,715991841,Elba,Corbacho,33617
33618,575642654,Sabas,Cepeda,33618
33619,732887518,Elisa,Quero,33619
33620,282114692,Chus,Bermejo,33620
33621,190907719,Jesus,Quiros,33621
33622,666480589,Veronica,Tormo,33622
33623,480006737,Aura,Gimenez,33623
33624,152866835,Alex,Cortes,33624
33625,923255072,Benigno,Camacho,33625
33626,943731349,Nilda,Rios,33626
33627,946718212,Primitivo,Aramburu,33627
33628,349451754,Encarnita,Calderon,33628
33629,479385697,Vilma,Montoya,33629
33630,233993456,Maria Luisa,Saenz,33630
33631,254445645,Ruben,Porta,33631
33632,360234186,Ivan,Perello,33632
33633,361500368,Francisco Jose,Lledo,33633
33634,463248367,Jonatan,Barranco,33634
33635,382077881,Maria,Pons,33635
33636,539998725,Felipa,Santiago,33636
33637,743720736,Augusto,Manso,33637
33638,243992457,Rosalinda,Morales,33638
33639,690337450,Eva Maria,Larrea,33639
33640,710769835,Vinicio,Saez,33640
33641,545209732,Severiano,Villegas,33641
33642,985390181,Jose Carlos,Cordoba,33642
33643,688521371,Danilo,Criado,33643
33644,192930898,Nilda,Ballester,33644
33645,535617403,Baltasar,Anguita,33645
33646,600818585,Apolonia,Campillo,33646
33647,787164380,Carolina,Beltran,33647
33648,371505433,Marcela,Duran,33648
33649,878227640,Lucio,Blanca,33649
33650,357919915,Florentina,Cerda,33650
33651,135589918,Anna,Camps,33651
33652,258573628,Anibal,Albero,33652
33653,684181203,Ruy,Lumbreras,33653
33654,587946004,Nacho,Cordoba,33654
33655,756673905,Pilar,Salas,33655
33656,912349267,Javier,Lucena,33656
33657,263054353,Nazario,Uriarte,33657
33658,765069607,Olegario,Caballero,33658
33659,864345804,Herminio,Cuenca,33659
33660,401382330,Alonso,Rodriguez,33660
33661,429903275,Lidia,Solsona,33661
33662,969649541,Aroa,Rosado,33662
33663,223141088,Anita,Dominguez,33663
33664,826818455,Octavio,Verdu,33664
33665,180256441,Kike,Novoa,33665
33666,574842693,America,Salgado,33666
33667,248694948,Galo,Guerra,33667
33668,218455898,Leandro,Quintanilla,33668
33669,236796010,Jose Luis,Vendrell,33669
33670,174284479,Guadalupe,Galvez,33670
33671,982209830,Francisco Jose,Agudo,33671
33672,756816466,Nidia,Alfaro,33672
33673,493141357,Rafaela,Artigas,33673
33674,490750343,Quirino,Nogues,33674
33675,738376573,Tere,Rosell,33675
33676,566607765,Adalberto,Barrio,33676
33677,526012966,Galo,Blanch,33677
33678,399757489,Baldomero,Carballo,33678
33679,936881873,Nadia,Ocana,33679
33680,730416547,Mercedes,Jorda,33680
33681,213991400,Florina,Andreu,33681
33682,496367495,Jeronimo,Cuellar,33682
33683,109131009,Graciela,Company,33683
33684,368968333,Carlota,Robles,33684
33685,840581111,Aurelia,Tello,33685
33686,520976465,Delfina,Vendrell,33686
33687,404313529,Rene,Guillen,33687
33688,805628425,Jacinta,Andreu,33688
33689,153595755,Juliana,Elias,33689
33690,660753299,Amanda,Gallart,33690
33691,103788251,Olimpia,Millan,33691
33692,998224115,Calisto,Paredes,33692
33693,133838852,Marino,Arco,33693
33694,854253448,Purificacion,Pedrosa,33694
33695,513104187,Adalberto,Velazquez,33695
33696,818344752,Mireia,Gisbert,33696
33697,142190509,Galo,Lozano,33697
33698,767634243,Mamen,Hervia,33698
33699,247819872,Yesica,Alberola,33699
33700,524819598,Albina,Llobet,33700
33701,366327360,Toribio,Palmer,33701
33702,807338858,Natividad,Andres,33702
33703,722397134,Fortunato,Vila,33703
33704,951814415,Jose Angel,Jordan,33704
33705,683665477,Plinio,Ramon,33705
33706,257998433,Delfina,Amigo,33706
33707,348861878,Casandra,Mercader,33707
33708,115157231,Asdrubal,Perales,33708
33709,440297762,Dominga,Patino,33709
33710,945901176,Vinicio,Piquer,33710
33711,686191422,Candelaria,Garmendia,33711
33712,712719111,Lope,Robles,33712
33713,745208735,Maria Jesus,Correa,33713
33714,334120833,Aaron,Torre,33714
33715,980299066,Tito,Arregui,33715
33716,617874478,Federico,Gonzalez,33716
33717,843220904,Noe,Blazquez,33717
33718,441410600,Azahar,Bermejo,33718
33719,538835424,Eutimio,Tejada,33719
33720,667375107,Albert,Saavedra,33720
33721,791316275,Fortunata,Ayuso,33721
33722,641512655,Paco,Pujadas,33722
33723,284073035,Jimena,Salom,33723
33724,528377555,Florentina,Benavides,33724
33725,365851532,Juan,Bolanos,33725
33726,633363111,Catalina,Viana,33726
33727,713456757,Encarna,Roura,33727
33728,834417974,Maricela,Almazan,33728
33729,917100951,Hernan,Perez,33729
33730,991702979,Nadia,Ferrandez,33730
33731,594511128,Juan Pablo,Miro,33731
33732,611905586,Encarna,Mariscal,33732
33733,764814405,Inocencio,Verdejo,33733
33734,161816424,Leticia,Marquez,33734
33735,905332120,Eduardo,Benavides,33735
33736,851748786,Jaime,Guerrero,33736
33737,525952613,Rosenda,Iborra,33737
33738,926504893,Anibal,Diez,33738
33739,184859380,Georgina,Lucas,33739
33740,329415213,Donato,Pozo,33740
33741,601947914,Severo,Anguita,33741
33742,962286870,Alonso,Conesa,33742
33743,134313563,Pablo,Torre,33743
33744,359705871,Amparo,Acero,33744
33745,390186427,David,Espejo,33745
33746,149357636,Ariel,Falcon,33746
33747,189710938,Feliciana,Terron,33747
33748,294153738,Fatima,Guitart,33748
33749,149780110,Bernarda,Nevado,33749
33750,556204076,Tito,Alcolea,33750
33751,267602775,Angela,Gomez,33751
33752,322302416,Olalla,Tapia,33752
33753,492115000,Viviana,Moya,33753
33754,996044452,Ainoa,Conesa,33754
33755,150988728,Fidel,Arino,33755
33756,100037627,Benito,Martin,33756
33757,450895937,Curro,Acevedo,33757
33758,320492772,Marco,Miguel,33758
33759,773455392,Demetrio,Morell,33759
33760,868939397,Olalla,Pallares,33760
33761,917105507,Sebastian,Sola,33761
33762,243203508,Valerio,Jordan,33762
33763,312112127,Isaura,Jauregui,33763
33764,625139784,Piedad,Angel,33764
33765,776931845,Fermin,Reguera,33765
33766,204109658,Iker,Carbajo,33766
33767,829831883,Amanda,Campillo,33767
33768,712518927,Graciela,Iniguez,33768
33769,741791835,Calixta,Sotelo,33769
33770,623778169,Leonor,Simo,33770
33771,871736611,Abigail,Carranza,33771
33772,424025266,Chuy,Uria,33772
33773,450339401,Elba,Llorente,33773
33774,543272342,Moreno,Velazquez,33774
33775,794858762,Gracia,Cobos,33775
33776,450397283,Cosme,Beltran,33776
33777,377735993,Silvio,Trillo,33777
33778,899304615,Edelmira,Girona,33778
33779,644427304,Barbara,Mendizabal,33779
33780,753176028,Graciana,Escriva,33780
33781,492569797,Laura,Heras,33781
33782,445252152,Evangelina,Hurtado,33782
33783,510106698,Luna,Aragones,33783
33784,100375827,Guadalupe,Solana,33784
33785,909430451,Valentina,Jauregui,33785
33786,215231496,Salvador,Ojeda,33786
33787,416443505,Sol,Ramirez,33787
33788,776690639,Gustavo,Lara,33788
33789,940147902,Flor,Pla,33789
33790,991429043,Oriana,Ayllon,33790
33791,391895548,Juan Luis,Ayllon,33791
33792,675013521,Pia,Barros,33792
33793,338036703,Felisa,Arnau,33793
33794,563347819,Edmundo,Tudela,33794
33795,505120774,Fernanda,Acevedo,33795
33796,710203917,Jose Antonio,Olmedo,33796
33797,922394900,Fidela,Tejada,33797
33798,626550058,Visitacion,Gaya,33798
33799,423064524,Amada,Lobato,33799
33800,581242298,Maximiliano,Salmeron,33800
33801,301414279,Itziar,Nunez,33801
33802,763231535,Celia,Olmedo,33802
33803,859907996,Ruy,Rosello,33803
33804,348988287,Agustina,Alberola,33804
33805,601967054,Raimundo,Ariza,33805
33806,736795045,Cecilio,Goicoechea,33806
33807,258375078,Silvio,Burgos,33807
33808,835040352,Lourdes,Caballero,33808
33809,754088442,Anna,Lujan,33809
33810,461270903,Jordana,Cabanillas,33810
33811,961252624,Eutropio,Tellez,33811
33812,823767422,Amanda,Araujo,33812
33813,888807137,Apolonia,Paz,33813
33814,698343648,Luciano,Navarro,33814
33815,604670066,Prudencio,Garces,33815
33816,840324784,Ruy,Bermudez,33816
33817,636646690,Pepe,Alvarez,33817
33818,341980272,Javi,Pera,33818
33819,799226060,Dorotea,Calderon,33819
33820,519544098,Jose Ignacio,Hoyos,33820
33821,666234648,Gabino,Paez,33821
33822,835716438,Natalio,Buendia,33822
33823,517630761,Jacobo,Cabeza,33823
33824,640902814,Gil,Camacho,33824
33825,168178987,Guadalupe,Falco,33825
33826,527858586,Carmelita,Lerma,33826
33827,207467443,Ildefonso,Portero,33827
33828,424948347,Candelaria,Cal,33828
33829,327985382,Leonel,Osuna,33829
33830,438739758,Nazaret,Llabres,33830
33831,367061132,Hilario,Lerma,33831
33832,495925820,Vinicio,Sole,33832
33833,813371792,Alonso,Aleman,33833
33834,509275378,Jose Luis,Cuellar,33834
33835,250252462,Isabela,Barroso,33835
33836,785718988,Rosario,Ferreras,33836
33837,624509497,Victor,Caparros,33837
33838,343292421,Azucena,Rico,33838
33839,769055028,Sofia,Gabaldon,33839
33840,589952898,Teodoro,Mas,33840
33841,514446237,Jeremias,Alamo,33841
33842,247023137,Eugenio,Higueras,33842
33843,852978570,Candida,Alcaraz,33843
33844,249613823,Dario,Lara,33844
33845,900168986,Benjamin,Planas,33845
33846,243295472,Jesus,Nogues,33846
33847,468962556,Galo,Aguirre,33847
33848,179571405,Ruperto,Bejarano,33848
33849,325606857,Lorenza,Badia,33849
33850,967339680,Celestina,Conesa,33850
33851,949009782,Bernardo,Vicente,33851
33852,161955524,Matilde,Sanjuan,33852
33853,973413501,Elisa,Delgado,33853
33854,297606275,Azahar,Villa,33854
33855,420844093,Consuelo,Esteban,33855
33856,556771217,Gisela,Silva,33856
33857,625392344,Jose Manuel,Aragones,33857
33858,694518580,Nuria,Gimeno,33858
33859,384175567,Cristian,Arregui,33859
33860,635555229,Manuelita,Lobato,33860
33861,787760101,Augusto,Leiva,33861
33862,154072286,Enrique,Perera,33862
33863,464701267,Belen,Valentin,33863
33864,687460522,Loreto,Linares,33864
33865,823258340,Rafael,Pablo,33865
33866,987423703,Eliseo,Hoyos,33866
33867,245286386,Sandalio,Roma,33867
33868,957665585,Feliciano,Pedraza,33868
33869,873074690,Valeria,Alcaraz,33869
33870,230314447,Lorenza,Carnero,33870
33871,511596573,Leonardo,Manuel,33871
33872,868365691,Belen,Tellez,33872
33873,833441259,Herberto,Sales,33873
33874,677365059,Ximena,Barcelo,33874
33875,498508146,Samu,Diez,33875
33876,290036646,Gervasio,Pelayo,33876
33877,233215221,Jonatan,Roca,33877
33878,497286114,Humberto,Real,33878
33879,702497836,Sancho,Checa,33879
33880,156978497,Jose Ramon,Atienza,33880
33881,130069578,Jordan,Coloma,33881
33882,872225429,Rolando,Sabater,33882
33883,215381659,Paco,Perea,33883
33884,366729532,Marisela,Mendoza,33884
33885,690557195,Milagros,Diaz,33885
33886,250354006,Ruperto,Villalonga,33886
33887,902122047,Joaquin,Casado,33887
33888,401149926,Vicente,Villanueva,33888
33889,775708214,Candelas,Torrijos,33889
33890,732998679,Guadalupe,Mir,33890
33891,234978668,Eladio,Caballero,33891
33892,820423741,America,Llopis,33892
33893,727645143,Sarita,Sole,33893
33894,757896330,German,Figueras,33894
33895,594394065,Juan Jose,Jara,33895
33896,125596110,Maximino,Guardiola,33896
33897,745567336,Hector,Arnaiz,33897
33898,136013816,Sabina,Pol,33898
33899,851593087,Nidia,Cerdan,33899
33900,575519654,Samu,Rozas,33900
33901,179919334,Americo,Jurado,33901
33902,807572017,Aurelia,Pombo,33902
33903,261042367,Marcelo,Barranco,33903
33904,597600572,Nuria,Fernandez,33904
33905,895589022,Marcia,Carrasco,33905
33906,541518329,Coral,Lastra,33906
33907,672764649,Apolonia,Roda,33907
33908,509719798,Ale,Huerta,33908
33909,879280337,Angelino,Arregui,33909
33910,351955767,Alicia,Moliner,33910
33911,623765885,Crescencia,Porras,33911
33912,763630186,Sonia,Gargallo,33912
33913,393916271,Iris,Poza,33913
33914,655835568,Donato,Arnaiz,33914
33915,417064807,Beatriz,Novoa,33915
33916,257334193,Ainara,Rojas,33916
33917,782603899,Lorena,Pelayo,33917
33918,840477440,Valero,Correa,33918
33919,482775601,Raimundo,Farre,33919
33920,468214854,Vanesa,Alarcon,33920
33921,135725159,Toribio,Neira,33921
33922,130827336,Jose Ramon,Banos,33922
33923,857389060,Valentina,Mendoza,33923
33924,828055188,Aurea,Bilbao,33924
33925,320764452,Silvia,Diez,33925
33926,848790077,Inigo,Aragon,33926
33927,171358914,Loreto,Acosta,33927
33928,634358748,Sol,Alcala,33928
33929,669840360,Fernando,Infante,33929
33930,149511025,Victor,Benavente,33930
33931,426341494,Otilia,Cortes,33931
33932,145915826,Alma,Anton,33932
33933,870065226,Valerio,Valenzuela,33933
33934,890930757,Juan Manuel,Conde,33934
33935,343444134,Francisco,Reyes,33935
33936,133977828,Cintia,Benitez,33936
33937,387285304,Tomas,Pina,33937
33938,775321942,Anna,Rubio,33938
33939,452320593,Chelo,Vilaplana,33939
33940,586144772,Vicenta,Carranza,33940
33941,638851687,Lalo,Rubio,33941
33942,542826471,Hugo,Montserrat,33942
33943,287812357,Chus,Suarez,33943
33944,104122853,Amado,Vazquez,33944
33945,724566748,Olga,Palomino,33945
33946,664815885,Quique,Rueda,33946
33947,764717291,Ezequiel,Vargas,33947
33948,922099651,Telmo,Company,33948
33949,958380876,Amando,Bernat,33949
33950,248361567,Adelia,Nunez,33950
33951,164857180,Carmen,Exposito,33951
33952,484196177,Roman,Bernat,33952
33953,667626470,Jonatan,Rebollo,33953
33954,573089475,Marino,Araujo,33954
33955,420793190,Tadeo,Aparicio,33955
33956,441551661,Mauricio,Reina,33956
33957,996844590,Eugenia,Bellido,33957
33958,344323438,Valerio,Marin,33958
33959,907756336,Alberto,Salas,33959
33960,413672286,Carina,Vaquero,33960
33961,923131864,Araceli,Llamas,33961
33962,867838483,Curro,Coronado,33962
33963,445997108,Octavio,Fuster,33963
33964,402401922,Debora,Andres,33964
33965,556115248,Carina,Peiro,33965
33966,601087418,Tere,Pedro,33966
33967,327288481,Jose Angel,Morell,33967
33968,814068891,Eli,Cepeda,33968
33969,495320828,Lara,Sabater,33969
33970,221631477,Adriana,Poza,33970
33971,428208686,Teodosio,Ugarte,33971
33972,116344611,Jovita,Bertran,33972
33973,965655174,Walter,Bellido,33973
33974,527131840,Jaime,Solano,33974
33975,555402104,Jose,Castillo,33975
33976,197575757,Emperatriz,Uriarte,33976
33977,431889718,Paloma,Cadenas,33977
33978,788402083,Noa,Chico,33978
33979,952520281,Esteban,Sureda,33979
33980,597477611,Graciela,Yanez,33980
33981,668920418,Maristela,Pino,33981
33982,423046448,Lola,Abad,33982
33983,738799913,Natividad,Julian,33983
33984,845390076,Iker,Lucas,33984
33985,203908392,Mohamed,Cabezas,33985
33986,109361490,Rosendo,Velez,33986
33987,348715013,America,Mulet,33987
33988,442762171,Adelaida,Lopez,33988
33989,304466584,Magdalena,Varela,33989
33990,775428815,Odalys,Sacristan,33990
33991,512291851,Manola,Gascon,33991
33992,731338680,Juan Antonio,Blanco,33992
33993,797036883,Marcelo,Olivera,33993
33994,805292741,Yolanda,Reig,33994
33995,861078278,Benita,Donaire,33995
33996,412808945,Nicanor,Manuel,33996
33997,723406073,Ricardo,Jurado,33997
33998,383127673,Beatriz,Barranco,33998
33999,562237148,Maribel,Carranza,33999
34000,825658881,Cosme,Araujo,34000
34001,999280069,Adelardo,Roldan,34001
34002,813931951,Lucas,Zapata,34002
34003,166812088,Angela,Diaz,34003
34004,668577043,Blanca,Bautista,34004
34005,207385734,Soledad,Vilalta,34005
34006,467262269,Emiliano,Prado,34006
34007,152235499,Fortunato,Ribera,34007
34008,590925364,Natividad,Jover,34008
34009,548022534,Amanda,Casals,34009
34010,662175520,Viviana,Zaragoza,34010
34011,148953940,Mariana,Serrano,34011
34012,505711628,Amando,Puente,34012
34013,709407933,Ester,Calderon,34013
34014,907247876,Vanesa,Simo,34014
34015,776945479,Olegario,Ortega,34015
34016,829365409,Miriam,Beltran,34016
34017,596293650,Gloria,Polo,34017
34018,467050543,Iban,Cabanillas,34018
34019,790809995,Juan Carlos,Quesada,34019
34020,841229312,Andres,Zabala,34020
34021,851061392,Luis Miguel,Cuellar,34021
34022,501451559,Juan Jose,Barroso,34022
34023,805267381,Javier,Leiva,34023
34024,971914277,Lalo,Sevilla,34024
34025,271589337,Juan Carlos,Mariscal,34025
34026,368386325,Nicolasa,Mendez,34026
34027,133334965,Anibal,Cervera,34027
34028,683049361,Patricia,Palmer,34028
34029,103942042,Vasco,Aguilo,34029
34030,171869880,Rufina,Fajardo,34030
34031,543273691,Ricarda,Cano,34031
34032,986519975,Salomon,Barrera,34032
34033,299267275,Edu,Morales,34033
34034,773373105,Yago,Suarez,34034
34035,165090837,Camilo,Aragones,34035
34036,718693183,Francisco Javier,Escribano,34036
34037,674219523,Florentina,Delgado,34037
34038,682685608,Ofelia,Pedrosa,34038
34039,708112854,Ismael,Tejero,34039
34040,148493191,Alvaro,Verdugo,34040
34041,788701016,Vasco,Campillo,34041
34042,521689456,Eusebia,Blanch,34042
34043,873704426,Concha,Carbo,34043
34044,416016120,Gabino,Pozuelo,34044
34045,191508989,Lorena,Torrent,34045
34046,214225901,Leticia,Ramos,34046
34047,921691685,Evita,Calvo,34047
34048,528267951,Edelmiro,Poza,34048
34049,108394280,Estela,Barranco,34049
34050,138473739,Paulino,Tudela,34050
34051,269571305,Paula,Bermudez,34051
34052,711856180,Mireia,Lamas,34052
34053,848900042,Maximo,Guardiola,34053
34054,276457247,Borja,Leon,34054
34055,326027112,Albert,Miguel,34055
34056,248936653,Chuy,Redondo,34056
34057,488819662,Vicente,Fabra,34057
34058,250334999,Prudencio,Manuel,34058
34059,708020224,Estefania,Mate,34059
34060,563473451,Victor,Pacheco,34060
34061,826760521,Patricio,Riba,34061
34062,495084709,Julio,Perez,34062
34063,622829238,Samanta,Plana,34063
34064,870521309,Joaquin,Caceres,34064
34065,627100767,Sara,Solsona,34065
34066,250564340,Pablo,Polo,34066
34067,713307546,Buenaventura,Patino,34067
34068,232993803,Iban,Calzada,34068
34069,664555005,Maria Fernanda,Mugica,34069
34070,745220651,Panfilo,Donaire,34070
34071,841374765,Maximiano,Coronado,34071
34072,968078499,Jessica,Baena,34072
34073,828525685,Hilda,Moll,34073
34074,242230158,Florinda,Piquer,34074
34075,102454985,Maximiliano,Montana,34075
34076,525276903,Prudencia,Duran,34076
34077,467428116,Luis Angel,Quintana,34077
34078,751804960,Agata,Batlle,34078
34079,532529056,Aurelio,Coll,34079
34080,253520602,Chucho,Vidal,34080
34081,349543159,Adelaida,Casares,34081
34082,245144794,Ildefonso,Ocana,34082
34083,675387899,Celestina,Pacheco,34083
34084,544063104,Flavia,Galiano,34084
34085,266095299,Soledad,Carmona,34085
34086,325733226,Macarena,Mariscal,34086
34087,177934692,Maria Angeles,Corbacho,34087
34088,773247368,Felix,Teruel,34088
34089,173529082,Tiburcio,Sosa,34089
34090,822332755,Ruperta,Portillo,34090
34091,699024988,Fabiola,Mayo,34091
34092,217738802,Alonso,Granados,34092
34093,687888771,Pablo,Romeu,34093
34094,120906969,Antonia,Cadenas,34094
34095,731770523,Leandro,Velez,34095
34096,942964213,Julio Cesar,Benito,34096
34097,349043768,Lupe,Hervia,34097
34098,102211575,Encarna,Tapia,34098
34099,897501031,Angelita,Valle,34099
34100,706092095,Tomas,Aragon,34100
34101,943840779,Reynaldo,Calvet,34101
34102,478131953,Romulo,Figueras,34102
34103,873750527,Sigfrido,Aller,34103
34104,244215530,Alondra,Bravo,34104
34105,579776552,Flavia,Rossello,34105
34106,720840504,Estefania,Madrigal,34106
34107,609765080,Felix,Valle,34107
34108,852906858,Samanta,Almagro,34108
34109,141358821,Asdrubal,Velasco,34109
34110,373941017,Vera,Verdejo,34110
34111,665077056,Gonzalo,Arnal,34111
34112,654214484,Maria Cristina,Bermudez,34112
34113,543462797,Lina,Navarro,34113
34114,484162248,Heraclio,Quiroga,34114
34115,920976199,Cristobal,Cardenas,34115
34116,135450196,Melania,Ochoa,34116
34117,534394050,Eligia,Lerma,34117
34118,309243817,Maria,Marquez,34118
34119,130006738,Consuelo,Ropero,34119
34120,787110580,Dafne,Clavero,34120
34121,753481023,Sara,Asenjo,34121
34122,303967493,Samanta,Calvet,34122
34123,750735085,Rafaela,Lastra,34123
34124,527288793,Cleto,Cadenas,34124
34125,243905580,Fabiola,Ocana,34125
34126,905616978,Toribio,Campoy,34126
34127,922021468,Anselma,Aguilar,34127
34128,839042153,Reina,Batlle,34128
34129,291129540,Dominga,Fajardo,34129
34130,475802336,Espiridion,Casares,34130
34131,600509181,Cristian,Pozuelo,34131
34132,381352958,Camila,Ruano,34132
34133,763921799,Renato,Esparza,34133
34134,391990895,Octavia,Mate,34134
34135,322152743,Herminio,Ledesma,34135
34136,816434392,Chita,Figuerola,34136
34137,979095548,Blanca,Redondo,34137
34138,324257277,Inocencio,Carreras,34138
34139,632753788,Vasco,Salcedo,34139
34140,666586519,Bienvenida,Ruano,34140
34141,174314928,Oscar,Roldan,34141
34142,919571776,Marcos,Valle,34142
34143,306257993,Erasmo,Castells,34143
34144,569826130,Gema,Solsona,34144
34145,212650552,Amilcar,Navarro,34145
34146,654756865,Jordi,Portero,34146
34147,863062066,Jacobo,Saenz,34147
34148,150427925,Gabriela,Losa,34148
34149,577032995,Mireia,Vidal,34149
34150,537460238,Ale,Pons,34150
34151,110236748,Patricio,Rodriguez,34151
34152,991134316,Teofila,Alba,34152
34153,381654717,Victoria,Pujol,34153
34154,447665350,Lupe,Soler,34154
34155,122184693,German,Sarabia,34155
34156,883922829,Socorro,Rueda,34156
34157,173712484,Jose Angel,Ramirez,34157
34158,935749904,Jose Mari,Prada,34158
34159,558177836,Ana Belen,Benitez,34159
34160,123677720,Victoria,Sanmiguel,34160
34161,846130205,Baudelio,Cortina,34161
34162,925088173,Jafet,Conesa,34162
34163,182271785,Leyre,Burgos,34163
34164,340036063,Antonio,Sobrino,34164
34165,781317376,Edgardo,Carretero,34165
34166,783427394,Pepita,Ferrer,34166
34167,638431174,Manola,Alarcon,34167
34168,823389032,Alberto,Saura,34168
34169,391025387,Belen,Fajardo,34169
34170,401808017,Nereida,Castells,34170
34171,281360314,Ignacio,Palma,34171
34172,540217497,Pablo,Tormo,34172
34173,233044418,Cloe,Casas,34173
34174,998853641,Esperanza,Villalonga,34174
34175,725983565,Modesto,Espada,34175
34176,957864958,Consuela,Abascal,34176
34177,332884345,Perla,Bou,34177
34178,592086121,Joaquina,Raya,34178
34179,627593490,Edelmira,Batalla,34179
34180,146314345,Carmela,Martinez,34180
34181,563004001,Jacobo,Castello,34181
34182,799867901,Curro,Cabanas,34182
34183,488551592,Luciana,Mari,34183
34184,761876083,Carina,Galiano,34184
34185,215631655,Macaria,Vilalta,34185
34186,319937656,Florentina,Abella,34186
34187,942736387,Maria Dolores,Mesa,34187
34188,659034356,Cayetana,Suarez,34188
34189,598412693,Marta,Prats,34189
34190,515344018,Pepe,Perello,34190
34191,332846655,Leonor,Blanes,34191
34192,757073240,Victorino,Segarra,34192
34193,154781221,Nazario,Pujol,34193
34194,784150733,Ramon,Tomas,34194
34195,884876375,Anselma,Ferrandez,34195
34196,426704114,Ismael,Saez,34196
34197,687128402,Hugo,Canton,34197
34198,655133015,Nilo,Galindo,34198
34199,774040973,Abril,Contreras,34199
34200,163724387,Isidora,Losada,34200
34201,284389018,Lucio,Tormo,34201
34202,324228405,Ariadna,Elias,34202
34203,343401159,Victor Manuel,Gomez,34203
34204,412680261,Ursula,Gimeno,34204
34205,921913554,Reinaldo,Lobato,34205
34206,429477861,Margarita,Chaparro,34206
34207,845475913,Irene,Donoso,34207
34208,416048998,Perla,Chacon,34208
34209,561357324,Mayte,Quintanilla,34209
34210,205200489,Apolonia,Oliver,34210
34211,321527078,Anibal,Moya,34211
34212,131501525,Armida,Tamayo,34212
34213,917139479,Maricela,Ramon,34213
34214,445785392,Ximena,Ledesma,34214
34215,262090053,Purificacion,Fonseca,34215
34216,937584026,Pio,Gomez,34216
34217,220967374,Milagros,Raya,34217
34218,159092977,Candelaria,Quiroga,34218
34219,721108165,Cintia,Morata,34219
34220,105517298,Jessica,Gascon,34220
34221,530682272,Jose Maria,Vara,34221
34222,675707578,Flavio,Carrillo,34222
34223,238208899,Maricela,Naranjo,34223
34224,877968655,Natividad,Alfaro,34224
34225,291106169,Carolina,Gamez,34225
34226,781564529,Fernando,Escribano,34226
34227,142378317,Esmeralda,Colom,34227
34228,280785531,Benigno,Alberola,34228
34229,298531734,Felicia,Sola,34229
34230,170674663,Clementina,Tomas,34230
34231,945209611,Marisol,Royo,34231
34232,627605453,Mayte,Valderrama,34232
34233,342549936,Fito,Cuesta,34233
34234,798647453,Maria Fernanda,Hidalgo,34234
34235,397951803,Natanael,Escamilla,34235
34236,966130794,Ani,Ortega,34236
34237,987856107,Haydee,Baquero,34237
34238,698937977,Bonifacio,Iriarte,34238
34239,856672133,Domitila,Mascaro,34239
34240,312654491,Benita,Domingo,34240
34241,446021261,Candelas,Arenas,34241
34242,132797392,Luisa,Millan,34242
34243,679951023,Toni,Rodriguez,34243
34244,474494629,Encarnacion,Guzman,34244
34245,582788467,Esther,Torre,34245
34246,529233988,Melchor,Trillo,34246
34247,371393379,Maximino,Ropero,34247
34248,606324094,Debora,Jaen,34248
34249,907244756,Ursula,Medina,34249
34250,969877799,Claudia,Iglesia,34250
34251,415335796,Micaela,Macias,34251
34252,709185806,Claudio,Herrero,34252
34253,277621829,Maria Jesus,Dalmau,34253
34254,136330882,Jose Antonio,Andres,34254
34255,633549667,Agapito,Morcillo,34255
34256,578200494,Saturnina,Amigo,34256
34257,319429654,Ricarda,Llado,34257
34258,990294727,Pancho,Adan,34258
34259,381765068,Otilia,Vargas,34259
34260,511359771,Vera,Bou,34260
34261,589351398,Jenny,Torrens,34261
34262,802928988,Cesar,Torrents,34262
34263,502006079,Cesar,Figueroa,34263
34264,462137729,Damian,Carreno,34264
34265,903942492,Jose Manuel,Iriarte,34265
34266,649011492,Isa,Garcia,34266
34267,740948752,Zaira,Ocana,34267
34268,152522933,Maria Fernanda,Pavon,34268
34269,834396594,Amilcar,Barros,34269
34270,791533866,Joaquina,Farre,34270
34271,163443724,Nazaret,Valencia,34271
34272,434746826,Rosaura,Coello,34272
34273,895654809,Dolores,Rivera,34273
34274,706231725,Victor Manuel,Tamarit,34274
34275,171364195,Mar,Moraleda,34275
34276,798831449,Conrado,Cid,34276
34277,785139141,Heriberto,Mugica,34277
34278,681752831,Trinidad,Anton,34278
34279,961444915,Amarilis,Arevalo,34279
34280,980198069,Ileana,Rosales,34280
34281,228476945,Juan,Borrego,34281
34282,754134718,Liliana,Amat,34282
34283,798635520,Agueda,Fuente,34283
34284,405298615,Candelas,Santos,34284
34285,173221503,Abilio,Carbajo,34285
34286,505021539,Melchor,Antunez,34286
34287,919449161,Lucio,Muniz,34287
34288,544318252,Albino,Marti,34288
34289,344331016,Gustavo,Ibanez,34289
34290,761124180,Chita,Tudela,34290
34291,504977247,Valero,Vinas,34291
34292,330620451,Marisela,Bustos,34292
34293,979777175,Noelia,Castell,34293
34294,223699538,Marcelo,Morillo,34294
34295,607864905,Octavio,Orozco,34295
34296,341505990,Adela,Sevillano,34296
34297,722519572,Faustino,Barba,34297
34298,176236613,Octavio,Morcillo,34298
34299,890538374,Pili,Leal,34299
34300,171931814,Noelia,Amigo,34300
34301,606039379,Matilde,Jaume,34301
34302,123335819,Ramiro,Romero,34302
34303,362238793,Miriam,Andres,34303
34304,534765204,Flavia,Azorin,34304
34305,378131539,Apolinar,Santamaria,34305
34306,890544817,Silvia,Arregui,34306
34307,474474093,Isa,Casal,34307
34308,572905104,Luciano,Armas,34308
34309,997000925,Ruperta,Lujan,34309
34310,734244911,Herminio,Bermudez,34310
34311,620132110,Vito,Cabrera,34311
34312,884930874,Arsenio,Linares,34312
34313,490747872,Azucena,Plana,34313
34314,593668311,Herberto,Pont,34314
34315,596562453,Diego,Moraleda,34315
34316,838546636,Manola,Mosquera,34316
34317,535909516,Xavier,Folch,34317
34318,580420026,Antonia,Vilar,34318
34319,923110116,Anita,Armengol,34319
34320,111034023,Berta,Campo,34320
34321,899549760,Plinio,Rodriguez,34321
34322,713533076,Clemente,Arrieta,34322
34323,780874518,Benigno,Orozco,34323
34324,917333569,Santiago,Pena,34324
34325,387622646,Ema,Benavides,34325
34326,501661766,Lilia,Abella,34326
34327,645284526,Jose Manuel,Domingo,34327
34328,360150389,Loida,Ojeda,34328
34329,469393458,Juan Luis,Palma,34329
34330,527933692,Anastasia,Bueno,34330
34331,191821101,Curro,Benet,34331
34332,394845652,Zaira,Uriarte,34332
34333,745092907,Cipriano,Conde,34333
34334,107258145,Aaron,Aguilar,34334
34335,422265401,Marcelino,Nogues,34335
34336,459197417,Serafina,Madrigal,34336
34337,658278101,Juana,Rosell,34337
34338,671445136,Severo,Nunez,34338
34339,979168343,Iker,Galiano,34339
34340,661172419,Amor,Prado,34340
34341,946433155,Leire,Jorda,34341
34342,187190090,Inocencio,Franco,34342
34343,729738901,Tania,Manrique,34343
34344,366775930,Curro,Santana,34344
34345,962230343,Abilio,Blanch,34345
34346,933217601,Amando,Arjona,34346
34347,479448655,Amando,Martin,34347
34348,445755458,Amor,Franco,34348
34349,218682297,Victor,Canizares,34349
34350,898451106,Aristides,Porras,34350
34351,306286481,Rosalina,Rius,34351
34352,817360223,Mayte,Villaverde,34352
34353,114059405,Juan Antonio,Oller,34353
34354,953721123,Dionisia,Chaves,34354
34355,732568249,Reina,Salvador,34355
34356,461483510,Juan Antonio,Miranda,34356
34357,390598109,Lisandro,Simo,34357
34358,298632163,Noelia,Canete,34358
34359,642282921,Gala,Bauza,34359
34360,743267667,Corona,Ricart,34360
34361,639925944,Inmaculada,Borrego,34361
34362,856721760,Gema,Gutierrez,34362
34363,390330725,Bonifacio,Reyes,34363
34364,424727643,Fermin,Lobo,34364
34365,943470025,Emperatriz,Gonzalez,34365
34366,685639524,Teofilo,Arana,34366
34367,395265192,Quirino,Guzman,34367
34368,435767617,Roman,Anguita,34368
34369,787345067,Ines,Cornejo,34369
34370,577927383,Graciela,Montana,34370
34371,513575291,Tiburcio,Pombo,34371
34372,876238350,Monica,Solano,34372
34373,727948517,Barbara,Lerma,34373
34374,351599068,Susanita,Campo,34374
34375,310527625,Angeles,Prieto,34375
34376,690563424,Diana,Tomas,34376
34377,399961897,Edgar,Feliu,34377
34378,781274031,Rodrigo,Leal,34378
34379,496951387,Pili,Cabrero,34379
34380,607660610,Quirino,Duque,34380
34381,727860333,Soledad,Arana,34381
34382,984212669,Dionisia,Sobrino,34382
34383,384016481,Ruperta,Carranza,34383
34384,271151551,Saturnina,Adan,34384
34385,748791015,Rebeca,Bernat,34385
34386,501165060,Eleuterio,Feijoo,34386
34387,473255633,Yaiza,Reig,34387
34388,312582922,Felicidad,Lopez,34388
34389,481911681,Josefa,Vazquez,34389
34390,399447164,Evelia,Lastra,34390
34391,163945323,Anselma,Sevillano,34391
34392,149210453,Marcio,Tormo,34392
34393,422789544,Paula,Hervia,34393
34394,460080278,Juan Manuel,Matas,34394
34395,475057557,Florinda,Godoy,34395
34396,572137176,Marisol,Pozuelo,34396
34397,723626046,Edelmiro,Hernando,34397
34398,615252590,Mariana,Pedraza,34398
34399,908354202,Crescencia,Castejon,34399
34400,127763788,Bibiana,Peralta,34400
34401,164788030,Duilio,Molins,34401
34402,184530296,Elias,Camara,34402
34403,140239664,Reina,Berrocal,34403
34404,490854108,Eulalia,Garriga,34404
34405,103898295,Norberto,Lago,34405
34406,587036726,Pilar,Davila,34406
34407,104109259,Rodolfo,Heras,34407
34408,484335340,Ale,Carretero,34408
34409,164718710,Primitivo,Polo,34409
34410,587713300,Amador,Duran,34410
34411,250118808,Esmeralda,Blanes,34411
34412,203170310,Lorenzo,Aguilo,34412
34413,701996543,Marita,Alcantara,34413
34414,318106908,Sofia,Fuertes,34414
34415,661357892,Alonso,Botella,34415
34416,412182391,Hilario,Pinol,34416
34417,317583129,Seve,Gutierrez,34417
34418,401008298,Pascuala,Calvo,34418
34419,627535170,Arturo,Carballo,34419
34420,494673985,Narcisa,Taboada,34420
34421,576473610,Maxi,Saldana,34421
34422,889449560,Esmeralda,Murcia,34422
34423,518294458,Dora,Galiano,34423
34424,364666952,Emperatriz,Aviles,34424
34425,619901992,Claudio,Tovar,34425
34426,206207482,Ruperta,Escolano,34426
34427,407202531,Juan Antonio,Pascual,34427
34428,930055969,Isabel,Ribera,34428
34429,801189147,Victor,Bilbao,34429
34430,172132905,Leoncio,Gonzalo,34430
34431,533700005,Aurelia,Quesada,34431
34432,770960171,Atilio,Pazos,34432
34433,133454243,Olivia,Farre,34433
34434,195443811,Nidia,Sanjuan,34434
34435,562016620,Fernando,Moya,34435
34436,797908051,Aranzazu,Cuervo,34436
34437,425658067,Bernarda,Lamas,34437
34438,747354837,Maribel,Velez,34438
34439,321931973,Adoracion,Vinas,34439
34440,561788163,Jovita,Hernando,34440
34441,552359266,Filomena,Portero,34441
34442,838532922,Ambar,Barroso,34442
34443,341331912,Nerea,Alegria,34443
34444,567855080,Anselmo,Oliver,34444
34445,534153842,Emigdio,Exposito,34445
34446,163482890,Valerio,Guardiola,34446
34447,863244062,Etelvina,Sotelo,34447
34448,956131012,Amaya,Talavera,34448
34449,577923995,Celia,Estevez,34449
34450,559854629,Pio,Pelaez,34450
34451,312225789,Jesus,Ferrandiz,34451
34452,948861332,Eusebio,Oller,34452
34453,148365615,Marina,Lobato,34453
34454,898800549,Americo,Lastra,34454
34455,792533643,Dimas,Corbacho,34455
34456,314225953,Luciano,Guzman,34456
34457,165598672,Natalio,Nogueira,34457
34458,242581119,Calixto,Ripoll,34458
34459,156780429,Rosario,Andres,34459
34460,360268716,Gracia,Tormo,34460
34461,675358145,Eustaquio,Bermudez,34461
34462,286238210,Clemente,Bayona,34462
34463,227686078,Luciana,Madrigal,34463
34464,116517994,Francisco Javier,Pulido,34464
34465,815030244,Gaston,Salmeron,34465
34466,715892927,Hector,Barreda,34466
34467,542493655,Sofia,Guijarro,34467
34468,790103845,Chelo,Lledo,34468
34469,381002797,Renato,Machado,34469
34470,891231636,Hipolito,Maestre,34470
34471,631690628,Emelina,Quiroga,34471
34472,955193657,Gaspar,Pellicer,34472
34473,324824334,Belen,Montero,34473
34474,281519868,Leopoldo,Fuente,34474
34475,131369278,Gracia,Barragan,34475
34476,733330954,Eliseo,Egea,34476
34477,459527313,Chelo,Torre,34477
34478,839156541,Nicodemo,Rebollo,34478
34479,832426674,Monica,Amigo,34479
34480,690340043,Maximo,Lopez,34480
34481,844423228,Edgar,Barba,34481
34482,373181907,Luciano,Llorens,34482
34483,886816747,Rocio,Pozuelo,34483
34484,632776586,Oriana,Donaire,34484
34485,728195513,Alberto,Perez,34485
34486,808746130,Sandalio,Valera,34486
34487,160305827,Clemente,Coca,34487
34488,272390964,Gabriela,Ferran,34488
34489,306986820,Azahar,Macias,34489
34490,294839547,Mario,Navarro,34490
34491,760977310,Gloria,Amo,34491
34492,411868432,Nando,Alvarez,34492
34493,418580891,Cornelio,Cuervo,34493
34494,945893785,Florencio,Adan,34494
34495,881118564,Natalio,Iglesias,34495
34496,726450996,Godofredo,Valera,34496
34497,836541892,Gustavo,Riera,34497
34498,550052177,Evita,Barba,34498
34499,447606098,Celestino,Vilalta,34499
34500,507625251,Victoriano,Valencia,34500
34501,917560114,Ciriaco,Reyes,34501
34502,515855981,Julia,Arrieta,34502
34503,850587613,Dafne,Vicens,34503
34504,746637440,Maxi,Cerezo,34504
34505,273775901,Anastasio,Pedraza,34505
34506,185368639,Blas,Romeu,34506
34507,490816970,Florentina,Armas,34507
34508,174978100,Flavia,Roma,34508
34509,577224820,Nicanor,Hurtado,34509
34510,459429563,Ainara,Villa,34510
34511,212221887,Jose Antonio,Tejedor,34511
34512,133654136,Tamara,Maldonado,34512
34513,252252725,Kike,Bonet,34513
34514,359843728,Ramiro,Gual,34514
34515,585279001,Kike,Juarez,34515
34516,868164775,Concepcion,Palacios,34516
34517,787626860,Marcos,Guijarro,34517
34518,364379367,Graciela,Palma,34518
34519,942626539,Gonzalo,Campo,34519
34520,837041352,Agueda,Mateo,34520
34521,885718805,Camilo,Navarro,34521
34522,554948900,Anastasia,Alcala,34522
34523,889988164,Pio,Sobrino,34523
34524,657834510,Oriana,Moles,34524
34525,477122269,Concepcion,Serrano,34525
34526,757727958,Custodio,Pi,34526
34527,991356541,Oscar,Armengol,34527
34528,172968298,Cruz,Agullo,34528
34529,780178308,Cristian,Boada,34529
34530,186973070,Oscar,Baeza,34530
34531,582411595,Gilberto,Barrio,34531
34532,593581493,Rufino,Galvez,34532
34533,363930757,Donato,Vilar,34533
34534,831901384,Maria,Benitez,34534
34535,600048330,Jose Maria,Reina,34535
34536,683392059,Fermin,Banos,34536
34537,486934381,Tere,Ferrer,34537
34538,487203153,Fatima,Flor,34538
34539,934684271,Serafina,Hurtado,34539
34540,488558053,Feliciana,Abril,34540
34541,147219465,Mohamed,Pereira,34541
34542,754244876,Jafet,Moran,34542
34543,513386627,Rodolfo,Alvarez,34543
34544,863444604,Jose Ignacio,Arrieta,34544
34545,202026621,Marisela,Redondo,34545
34546,793045561,Iker,Rossello,34546
34547,264810124,Hernan,Olivera,34547
34548,829756884,Nazaret,Fuster,34548
34549,572002273,Leonor,Melendez,34549
34550,378677561,Nidia,Caro,34550
34551,533660236,Lupita,Villa,34551
34552,329941855,Humberto,Corbacho,34552
34553,220669080,Jose Antonio,Gomez,34553
34554,850545373,Casemiro,Losa,34554
34555,774105737,Cirino,Sarabia,34555
34556,664046066,Amado,Cabeza,34556
34557,499754698,Danilo,Busquets,34557
34558,174714870,Valentina,Llorente,34558
34559,622930067,Consuela,Font,34559
34560,370065591,Oscar,Cortes,34560
34561,949126634,Fernando,Zamorano,34561
34562,507316186,Morena,Porcel,34562
34563,490397846,Nadia,Ramirez,34563
34564,720704593,Ildefonso,Laguna,34564
34565,155594953,Josefina,Osuna,34565
34566,382722391,Eulalia,Ibanez,34566
34567,610110352,Jose Angel,Olivares,34567
34568,816312213,Cesar,Hoz,34568
34569,605725897,Florentina,Escamilla,34569
34570,621307019,Mohamed,Barco,34570
34571,150919496,Virginia,Quintana,34571
34572,908391320,Isabela,Samper,34572
34573,579240726,Anastasio,Garrido,34573
34574,214848182,Gustavo,Pereira,34574
34575,693901747,Ascension,Martinez,34575
34576,967787638,Maxi,Ferran,34576
34577,911995577,Isaias,Garay,34577
34578,211319063,Heliodoro,Blanco,34578
34579,124517894,Reyes,Garcia,34579
34580,347636603,Haroldo,Blanes,34580
34581,931390174,Rosalia,Abellan,34581
34582,714158682,Manu,Benitez,34582
34583,629387362,Eustaquio,Llamas,34583
34584,662194914,Iker,Patino,34584
34585,109361089,Ivan,Penas,34585
34586,545500580,Augusto,Escamilla,34586
34587,674016313,Ale,Feliu,34587
34588,588886832,Amalia,Berenguer,34588
34589,471061935,Eli,Ferran,34589
34590,872220641,Juliana,Jerez,34590
34591,788539640,Rafael,Macias,34591
34592,628235693,Simon,Mateos,34592
34593,923517237,Rosalva,Badia,34593
34594,528999585,Glauco,Sala,34594
34595,499784043,Azahar,Quintero,34595
34596,557289732,Anselma,Burgos,34596
34597,226343934,Juan Luis,Ibanez,34597
34598,396112436,Iban,Salamanca,34598
34599,698623059,Candelas,Sole,34599
34600,774074436,Pedro,Ramis,34600
34601,887961329,Irma,Serrano,34601
34602,993054387,Cecilio,Alberdi,34602
34603,582893733,Valero,Tudela,34603
34604,308074482,Lucho,Lobo,34604
34605,317288535,Alfredo,Mateu,34605
34606,610760927,Etelvina,Gonzalo,34606
34607,328251285,Edmundo,Campillo,34607
34608,648977546,Angel,Patino,34608
34609,348453350,Rolando,Carreno,34609
34610,688513068,Teo,Perez,34610
34611,110634524,Rafael,Juarez,34611
34612,977267900,Eva,Nicolas,34612
34613,923274372,Emelina,Sole,34613
34614,272708604,Liliana,Espejo,34614
34615,624001312,Paulina,Nunez,34615
34616,440837732,Rocio,Acero,34616
34617,743692754,Jose Miguel,Alcala,34617
34618,853699752,Priscila,Amoros,34618
34619,330044943,Anunciacion,Soria,34619
34620,561907956,Aitor,Marti,34620
34621,660426475,Florentino,Anaya,34621
34622,512818680,Guadalupe,Folch,34622
34623,715499096,Odalys,Prats,34623
34624,767311585,Jose Angel,Gutierrez,34624
34625,397239108,Isidro,Aliaga,34625
34626,734237125,Guiomar,Albero,34626
34627,147812497,Flavio,Galan,34627
34628,533024391,Malena,Castejon,34628
34629,831181679,Aroa,Armengol,34629
34630,333053920,Geronimo,Elorza,34630
34631,126676711,Luciano,Tirado,34631
34632,576948097,Purificacion,Poza,34632
34633,336969080,Rosenda,Mendizabal,34633
34634,503268271,Leandra,Macias,34634
34635,509686521,Manu,Garate,34635
34636,633545070,Amalia,Angel,34636
34637,317228896,Andres,Ugarte,34637
34638,446496074,Amor,Isern,34638
34639,274599570,Anabel,Ros,34639
34640,780327834,Cruz,Melero,34640
34641,174956729,Reynaldo,Pulido,34641
34642,248624874,Adolfo,Solana,34642
34643,776426908,Azahar,Ibarra,34643
34644,225376803,Maristela,Villalba,34644
34645,890858917,Bernarda,Heredia,34645
34646,186458867,Goyo,Pina,34646
34647,255232042,Crescencia,Roca,34647
34648,592592116,Abraham,Chamorro,34648
34649,128778970,Almudena,Valbuena,34649
34650,622011469,Mauricio,Reguera,34650
34651,841157727,Donato,Olmo,34651
34652,673568923,Pacifica,Llorente,34652
34653,625003694,Agueda,Palomares,34653
34654,783488954,Ines,Barbera,34654
34655,702066719,Agustina,Galindo,34655
34656,691616251,Asdrubal,Feliu,34656
34657,116354332,Simon,Canellas,34657
34658,631580295,Dimas,Revilla,34658
34659,708843429,Gala,Canet,34659
34660,466254099,Ovidio,Macias,34660
34661,281947548,Sara,Marquez,34661
34662,526072356,Poncio,Hernando,34662
34663,438700495,Martina,Melendez,34663
34664,671066226,Liliana,Echeverria,34664
34665,356375483,Zacarias,Vina,34665
34666,380300241,Jose Angel,Haro,34666
34667,740978522,Nicolas,Izquierdo,34667
34668,684133907,Jeronimo,Nunez,34668
34669,874228261,Rogelio,Mas,34669
34670,429566105,Isabel,Campos,34670
34671,711936979,Severo,Perez,34671
34672,207551925,Elena,Pallares,34672
34673,162227958,Luisa,Bertran,34673
34674,875418474,Pia,Cornejo,34674
34675,961907655,Marcelino,Rocamora,34675
34676,294060627,Leandro,Noguera,34676
34677,505936610,Marino,Tamarit,34677
34678,633513756,Eusebio,Canete,34678
34679,252778935,Benita,Arribas,34679
34680,316344892,Sandalio,Cantero,34680
34681,565273911,Benjamin,Galiano,34681
34682,943301403,Guiomar,Lamas,34682
34683,472235582,Julio,Gaya,34683
34684,799888179,Amarilis,Cabanas,34684
34685,626104831,Cloe,Fabra,34685
34686,535500720,Ingrid,Bayo,34686
34687,241986964,Clara,Miguel,34687
34688,831868140,Lucho,Menendez,34688
34689,613022284,Hilario,Romero,34689
34690,511171053,Onofre,Saldana,34690
34691,939383068,Marino,Robledo,34691
34692,182235291,Petrona,Cepeda,34692
34693,889571963,Roldan,Jara,34693
34694,643984973,Merche,Cordoba,34694
34695,683717013,Ildefonso,Lledo,34695
34696,709144603,Dora,Carrion,34696
34697,652868079,Soraya,Alcalde,34697
34698,670692865,Serafina,Barranco,34698
34699,907577818,Amarilis,Hierro,34699
34700,342622525,Anita,Moles,34700
34701,186030099,Odalys,Jordan,34701
34702,894427158,Anselma,Arias,34702
34703,564011756,Maximo,Pozo,34703
34704,400314581,Maximiano,Mora,34704
34705,463656178,Juan Jose,Tamayo,34705
34706,720603761,Isa,Manso,34706
34707,388702570,Fabricio,Tur,34707
34708,305476424,Edu,Moll,34708
34709,743145284,Eufemia,Taboada,34709
34710,146975240,Reynaldo,Alfaro,34710
34711,911672257,Viviana,Duque,34711
34712,668907436,German,Torrent,34712
34713,102697974,Loida,Sacristan,34713
34714,726272791,Agueda,Conde,34714
34715,935884197,Emma,Vergara,34715
34716,894256325,Benigno,Herranz,34716
34717,238465942,Agustin,Conesa,34717
34718,517045544,Asuncion,Castellanos,34718
34719,629459631,Nazaret,Quesada,34719
34720,659241447,Maria Angeles,Quevedo,34720
34721,729373584,Azahar,Escalona,34721
34722,435707318,Lilia,Torrijos,34722
34723,398576792,Barbara,Vina,34723
34724,586369947,Tamara,Castells,34724
34725,101567919,Leon,Prat,34725
34726,576678031,Sabina,Gallardo,34726
34727,828245902,Maura,Sierra,34727
34728,452851642,Hilario,Llamas,34728
34729,309817455,Tono,Palma,34729
34730,996382788,Graciela,Jove,34730
34731,759042485,Paca,Escudero,34731
34732,523665827,Perla,Fabregat,34732
34733,734967184,Jordi,Puig,34733
34734,557476468,Narciso,Girona,34734
34735,314021429,Valentin,Tenorio,34735
34736,491347159,Nilda,Quiros,34736
34737,183053851,Nidia,Corbacho,34737
34738,961076202,Agata,Rocamora,34738
34739,792492493,Lupe,Vidal,34739
34740,946925743,Isidoro,Aguilera,34740
34741,811787944,Osvaldo,Blazquez,34741
34742,843721570,Noemi,Almagro,34742
34743,273831691,Roldan,Vilaplana,34743
34744,777478467,Salud,Villanueva,34744
34745,305569866,Celia,Mendoza,34745
34746,168526623,Feliciana,Pallares,34746
34747,328725621,Maria Jose,Penas,34747
34748,460054409,Leonardo,Galindo,34748
34749,448330494,Geronimo,Montenegro,34749
34750,950682045,Leire,Gargallo,34750
34751,256847623,Ivan,Minguez,34751
34752,932539428,Fortunata,Galan,34752
34753,704932616,Emigdio,Salgado,34753
34754,951580655,Esteban,Gonzalez,34754
34755,595877544,Adela,Barrena,34755
34756,722204505,Horacio,Bermejo,34756
34757,252536060,Saturnina,Riquelme,34757
34758,164649698,Adelina,Tena,34758
34759,861588459,Maricela,Marco,34759
34760,513496720,Priscila,Marmol,34760
34761,729381344,Matilde,Diaz,34761
34762,657503661,Silvia,Benavides,34762
34763,527270962,Adelia,Cano,34763
34764,362150646,Gabriel,Machado,34764
34765,661236080,Estela,Coloma,34765
34766,507332497,Nazario,Azcona,34766
34767,290388947,Guiomar,Arregui,34767
34768,343562812,Basilio,Berrocal,34768
34769,312909539,Teodoro,Costa,34769
34770,141760334,Alex,Belda,34770
34771,974983394,Guiomar,Barbera,34771
34772,504485534,Virginia,Arias,34772
34773,383460836,Socorro,Vilanova,34773
34774,299705368,Marcelo,Sole,34774
34775,661059505,Samuel,Beltran,34775
34776,606589776,Jose Ramon,Padilla,34776
34777,160913956,Florencia,Ruano,34777
34778,292113931,Susanita,Ayala,34778
34779,245875651,Blas,Cazorla,34779
34780,414415640,Omar,Ramis,34780
34781,523966837,Romulo,Carro,34781
34782,638978322,Liliana,Carbo,34782
34783,481365048,Lino,Sevilla,34783
34784,725672788,Melisa,Torrent,34784
34785,625226140,Amado,Tormo,34785
34786,202142894,Graciela,Botella,34786
34787,550305000,Belen,Mosquera,34787
34788,413620978,Anita,Pino,34788
34789,286793323,Emiliano,Santiago,34789
34790,663327830,Elvira,Leal,34790
34791,697058029,Remedios,Barba,34791
34792,231117930,Alejandra,Alberto,34792
34793,607625315,Nicodemo,Domenech,34793
34794,336177981,Cristina,Quesada,34794
34795,252060380,Emperatriz,Pozo,34795
34796,104664544,Danilo,Manzanares,34796
34797,931418773,Matilde,Chaparro,34797
34798,187855155,Maria,Prats,34798
34799,440954604,Marcelino,Rosell,34799
34800,350450540,Candelario,Quiros,34800
34801,995376640,Salome,Mayo,34801
34802,323390576,Rene,Pons,34802
34803,376211558,Jose Manuel,Hidalgo,34803
34804,155104571,Octavio,Nieto,34804
34805,485967437,Soraya,Manzano,34805
34806,930192815,Esperanza,Fajardo,34806
34807,778094098,Amada,Aliaga,34807
34808,754677076,Jose Ignacio,Bastida,34808
34809,735230330,Emilio,Camacho,34809
34810,230763662,Valentina,Cabanas,34810
34811,517263833,Patricio,Ayuso,34811
34812,130763882,Miriam,Jimenez,34812
34813,736208970,Ximena,Ramirez,34813
34814,309235917,Juana,Batlle,34814
34815,376060077,Samuel,Perez,34815
34816,453160912,Octavia,Perales,34816
34817,562103116,Glauco,Ibanez,34817
34818,690037140,Haroldo,Arevalo,34818
34819,481983258,Luis,Manso,34819
34820,716593566,Fermin,Perera,34820
34821,160455707,Paulino,Cabo,34821
34822,624650742,Florina,Puga,34822
34823,498858303,Aurea,Nebot,34823
34824,859001694,Delfina,Bayona,34824
34825,881457878,Delfina,Exposito,34825
34826,484097786,Bruno,Cobo,34826
34827,550350382,Alberto,Novoa,34827
34828,830676166,Calisto,Molins,34828
34829,323626453,Hernando,Almeida,34829
34830,330403516,Victor,Arellano,34830
34831,732319973,Enrique,Prat,34831
34832,433199768,Teodosio,Araujo,34832
34833,377423268,Irene,Barba,34833
34834,500477603,Onofre,Villa,34834
34835,328736855,Eusebia,Marco,34835
34836,845622722,Anacleto,Ibanez,34836
34837,180350902,Jacinto,Blanes,34837
34838,381444225,Pancho,Pons,34838
34839,596040734,Abraham,Valdes,34839
34840,432893203,Isa,Adadia,34840
34841,405582536,Olalla,Maldonado,34841
34842,444026680,Primitiva,Zorrilla,34842
34843,923366742,Gerardo,Uria,34843
34844,506662705,Berto,Chico,34844
34845,588891957,Heraclio,Aguirre,34845
34846,511848978,Glauco,Domingo,34846
34847,595658506,Natanael,Gomez,34847
34848,563827174,Soraya,Araujo,34848
34849,918472235,Alejo,Cuellar,34849
34850,380426705,Elisabet,Lucena,34850
34851,184252211,Perla,Baena,34851
34852,269488217,Nacho,Camps,34852
34853,103992286,Fortunata,Valle,34853
34854,328207638,Yago,Nogues,34854
34855,129095030,Ana,Alvarez,34855
34856,964474171,Rebeca,Cadenas,34856
34857,120793403,Amaya,Millan,34857
34858,178770400,Juan Bautista,Rodrigo,34858
34859,497417492,Nando,Cueto,34859
34860,527772359,Raul,Iglesia,34860
34861,622969204,Fabricio,Perez,34861
34862,714868598,Guadalupe,Pedro,34862
34863,638929940,Cirino,Garate,34863
34864,333083878,Seve,Estevez,34864
34865,463438276,Inigo,Vives,34865
34866,385303138,Xavier,Cabanas,34866
34867,507495542,Lope,Soria,34867
34868,535644887,Inocencio,Aguilera,34868
34869,377823429,Jordi,Vilar,34869
34870,621653384,Poncio,Donoso,34870
34871,954347982,Serafina,Sanmartin,34871
34872,425381549,Augusto,Mir,34872
34873,545855914,Lola,Bosch,34873
34874,831493802,Tomas,Valentin,34874
34875,662833378,Pio,Posada,34875
34876,745543482,Armida,Muniz,34876
34877,535078532,Maria Pilar,Mayo,34877
34878,644948667,Eligia,Barcelo,34878
34879,265534400,Marta,Gascon,34879
34880,395200052,Nazaret,Saenz,34880
34881,990789912,Adalberto,Company,34881
34882,923150030,Salome,Balaguer,34882
34883,312081151,Baudelio,Navas,34883
34884,149653948,Reina,Feijoo,34884
34885,421489047,Guiomar,Camacho,34885
34886,262718695,Rebeca,Verdugo,34886
34887,686479148,Regulo,Valentin,34887
34888,942194695,Seve,Salas,34888
34889,508996519,Adela,Garces,34889
34890,679410425,Godofredo,Ibarra,34890
34891,204331184,Atilio,Moya,34891
34892,782796474,Silvia,Morell,34892
34893,540440052,Elisa,Cervantes,34893
34894,120656206,Marcia,Pi,34894
34895,402606654,Corona,Alarcon,34895
34896,342008915,Matias,Cordoba,34896
34897,272939119,Alba,Soria,34897
34898,329773636,Sebastian,Mulet,34898
34899,896475952,Carmen,Almagro,34899
34900,676840572,Carmela,Montenegro,34900
34901,246360286,Zaida,Botella,34901
34902,534609184,Daniel,Ayllon,34902
34903,985263137,Anastasio,Cabanas,34903
34904,404773992,Teresa,Alcantara,34904
34905,402392988,Felicia,Castell,34905
34906,278636180,Roque,Vera,34906
34907,569155389,Primitivo,Valbuena,34907
34908,318634368,Corona,Vicente,34908
34909,338545828,Narciso,Pellicer,34909
34910,710148873,Samuel,Colomer,34910
34911,362017054,Fabiola,Cabo,34911
34912,576100204,Obdulia,Larranaga,34912
34913,429099458,Rosenda,Julia,34913
34914,955882195,Hernando,Robles,34914
34915,227128258,Edu,Boix,34915
34916,879000392,Jose Francisco,Marino,34916
34917,242315427,Aurea,Batlle,34917
34918,233163925,Celso,Nogueira,34918
34919,235242714,Dorotea,Lerma,34919
34920,219954171,Rafaela,Benitez,34920
34921,101986238,Rafael,Arroyo,34921
34922,384792363,Cristian,Rivas,34922
34923,679397534,Manola,Roma,34923
34924,876134883,Dora,Sole,34924
34925,819240681,Severino,Donoso,34925
34926,227250902,Obdulia,Aguilo,34926
34927,799954096,Lola,Bonilla,34927
34928,565535120,Martirio,Uriarte,34928
34929,529994786,Lilia,Santamaria,34929
34930,375023174,Arcelia,Jodar,34930
34931,262307170,Benito,Tomas,34931
34932,328572498,Odalis,Font,34932
34933,684920987,Danilo,Rosado,34933
34934,465410851,Aurelio,Patino,34934
34935,938336128,Onofre,Serrano,34935
34936,509964063,Dimas,Jaume,34936
34937,275552149,Blas,Ortega,34937
34938,629307022,Fito,Bolanos,34938
34939,349796606,Inocencio,Borrell,34939
34940,717985557,Nicolasa,Ros,34940
34941,781615803,Eufemia,Rios,34941
34942,936776266,Gabriela,Iglesia,34942
34943,744325634,Jose Luis,Fernandez,34943
34944,175622713,Telmo,Leon,34944
34945,860101819,Tristan,Jordan,34945
34946,455242608,Saturnina,Sebastian,34946
34947,778045541,Gregorio,Bustos,34947
34948,414960690,Eladio,Ferrer,34948
34949,722413612,Reynaldo,Rebollo,34949
34950,112604825,Adelardo,Echevarria,34950
34951,220891314,Josep,Sans,34951
34952,447332655,Jorge,Gomila,34952
34953,843731258,Tatiana,Ballesteros,34953
34954,300368194,Africa,Caballero,34954
34955,213996558,Gabino,Cespedes,34955
34956,129335554,Primitivo,Lozano,34956
34957,681744278,Gregorio,Ramis,34957
34958,373960290,Gilberto,Clavero,34958
34959,171598807,Jose Antonio,Tirado,34959
34960,939185119,Vicente,Osorio,34960
34961,780803081,Rita,Leon,34961
34962,927651836,Adolfo,Crespo,34962
34963,304468185,Maximiano,Pallares,34963
34964,220121512,Maximo,Arroyo,34964
34965,487118123,Luisa,Aguilera,34965
34966,681778452,Joel,Cuervo,34966
34967,380952367,Juan Pablo,Iniesta,34967
34968,654727679,Fermin,Dalmau,34968
34969,514326848,Begona,Mugica,34969
34970,347234400,Ismael,Manjon,34970
34971,212804583,Sarita,Tomas,34971
34972,186610166,Sofia,Cespedes,34972
34973,989809117,Jordana,Carrion,34973
34974,161892972,Charo,Canas,34974
34975,195879795,Calisto,Sanmiguel,34975
34976,217413290,Tere,Olivera,34976
34977,317276441,Eloisa,Gamez,34977
34978,759931281,Javiera,Vidal,34978
34979,299525248,Amada,Vila,34979
34980,382617734,Patricio,Sanjuan,34980
34981,210281982,Jaime,Tejedor,34981
34982,198237102,Nazaret,Carbonell,34982
34983,956631602,Timoteo,Gutierrez,34983
34984,282021921,Leocadio,Abad,34984
34985,720646437,Balduino,Rebollo,34985
34986,489312045,Nayara,Carranza,34986
34987,784354041,Juliana,Cardenas,34987
34988,743543435,Marcio,Nieto,34988
34989,257332182,Benigna,Angel,34989
34990,896103775,Emilia,Uriarte,34990
34991,530121309,Margarita,Roldan,34991
34992,321190020,Jesusa,Clavero,34992
34993,530865375,Juanito,Lopez,34993
34994,503306680,Aristides,Duenas,34994
34995,162370624,Luna,Boix,34995
34996,744641887,Aurelia,Peiro,34996
34997,432800602,Eutimio,Gual,34997
34998,109954489,Edgar,Barreda,34998
34999,975366822,Jose Antonio,Frias,34999
35000,340124851,Heraclio,Arnal,35000
35001,425243403,Ricarda,Valenzuela,35001
35002,749209571,Maura,Morales,35002
35003,574543635,Lucas,Escamilla,35003
35004,914332702,Celso,Puerta,35004
35005,772812408,Cristobal,Barbera,35005
35006,862201387,Sebastian,Reina,35006
35007,765661652,Aranzazu,Iriarte,35007
35008,642168603,Abigail,Diez,35008
35009,843600454,Rosalina,Tamayo,35009
35010,161849379,Otilia,Corbacho,35010
35011,393907842,Ana Belen,Valderrama,35011
35012,141033491,Fabiola,Gascon,35012
35013,120760422,Carolina,Barrera,35013
35014,424067620,Jeremias,Iniesta,35014
35015,476048741,Amancio,Anglada,35015
35016,270022576,Jennifer,Barrera,35016
35017,812069424,Celso,Julian,35017
35018,944435479,Zaida,Beltran,35018
35019,456439076,Odalys,Heredia,35019
35020,921947383,Mireia,Alarcon,35020
35021,845900916,Onofre,Cabanillas,35021
35022,370560012,Moises,Arias,35022
35023,289918496,Alejandra,Sacristan,35023
35024,228767063,Narcisa,Ledesma,35024
35025,983479999,Dominga,Cornejo,35025
35026,174617217,Nieves,Trillo,35026
35027,885376254,Pili,Isern,35027
35028,188437071,Guiomar,Quiros,35028
35029,186159895,Montserrat,Bustos,35029
35030,171095711,Gonzalo,Montero,35030
35031,890146917,Matilde,Rivera,35031
35032,933309424,Nazario,Novoa,35032
35033,523816954,Eutimio,Bueno,35033
35034,244200075,Juanito,Zabaleta,35034
35035,945976427,Emilio,Pintor,35035
35036,141663294,Octavia,Morillo,35036
35037,144371417,Edelmiro,Alcantara,35037
35038,901126207,Natalia,Arias,35038
35039,467859524,Tecla,Baena,35039
35040,297019137,Geraldo,Rosello,35040
35041,212823995,Leonel,Guardiola,35041
35042,484516483,Pepe,Exposito,35042
35043,742551133,Eloy,Iborra,35043
35044,311224191,Abilio,Becerra,35044
35045,517223650,Carmen,Bejarano,35045
35046,459432972,Geraldo,Casanovas,35046
35047,274016656,Adan,Salamanca,35047
35048,393351888,Bienvenida,Gracia,35048
35049,443715615,Francisco,Vergara,35049
35050,137079708,Elba,Prada,35050
35051,495082894,Chus,Benet,35051
35052,593841400,Tito,Lastra,35052
35053,491679376,Asuncion,Rivera,35053
35054,423736023,Beatriz,Jurado,35054
35055,816452656,Calixta,Canas,35055
35056,537178432,Maria Pilar,Cases,35056
35057,642824220,Rosalina,Mosquera,35057
35058,462728967,Mauricio,Pinilla,35058
35059,651298144,Fortunato,Larranaga,35059
35060,685029838,Elpidio,Zorrilla,35060
35061,278367072,Ivan,Zabaleta,35061
35062,444799001,Aura,Gallart,35062
35063,478602648,Abigail,Arribas,35063
35064,551401299,Anibal,Morera,35064
35065,620160339,Octavio,Losada,35065
35066,706214007,Octavia,Llanos,35066
35067,404952259,Toni,Reyes,35067
35068,592626116,Evaristo,Barrio,35068
35069,374610462,Alejo,Ramos,35069
35070,281538522,Severino,Rubio,35070
35071,336087162,Amaro,Luna,35071
35072,421184256,Jovita,Torres,35072
35073,999705822,Angelina,Checa,35073
35074,809572516,Adelina,Giron,35074
35075,891662150,Amaya,Pereira,35075
35076,248802682,Anna,Perea,35076
35077,841913557,Claudia,Fuertes,35077
35078,296904925,Flor,Armas,35078
35079,977301305,Dalila,Moliner,35079
35080,188151926,Eli,Ruano,35080
35081,357749825,Jesusa,Melendez,35081
35082,519088441,Lupita,Lobo,35082
35083,848804437,Clara,Pineiro,35083
35084,994324852,Pacifica,Villar,35084
35085,338320370,Julieta,Conde,35085
35086,290771451,Nelida,Raya,35086
35087,644941199,Benito,Borrego,35087
35088,531237714,Lilia,Berenguer,35088
35089,215717433,Rafa,Cruz,35089
35090,238156033,Adelardo,Manuel,35090
35091,275201109,Isaura,Fuster,35091
35092,145735799,Andrea,Baeza,35092
35093,895694233,Baudelio,Sobrino,35093
35094,571761479,Fabian,Moliner,35094
35095,769847997,Josefina,Barrera,35095
35096,328784888,Lourdes,Baeza,35096
35097,984598466,Adora,Marin,35097
35098,127052739,Juanito,Abad,35098
35099,320298767,Genoveva,Zaragoza,35099
35100,123699083,Lazaro,Somoza,35100
35101,706174475,Candela,Cabanillas,35101
35102,191917343,Tatiana,Otero,35102
35103,917673165,Graciela,Solis,35103
35104,624082983,Filomena,Fernandez,35104
35105,427164397,Viviana,Arce,35105
35106,629450283,Eutimio,Villa,35106
35107,604386106,Juanito,Ordonez,35107
35108,788106304,Jordan,Robles,35108
35109,381278117,Marcos,Navarro,35109
35110,673320820,Nadia,Diez,35110
35111,997198530,Severiano,Roldan,35111
35112,335042923,Adalberto,Miranda,35112
35113,331667906,Leonor,Chaparro,35113
35114,680849611,Palmira,Badia,35114
35115,750787557,Virgilio,Palacios,35115
35116,647261374,Martin,Mascaro,35116
35117,448467359,Graciano,Hierro,35117
35118,381754909,Leonel,Soler,35118
35119,617874848,Americo,Zorrilla,35119
35120,835973950,Vicente,Esteve,35120
35121,956090509,Marcelino,Luna,35121
35122,369879254,Sara,Arregui,35122
35123,969974565,Cosme,Patino,35123
35124,638130739,Andres Felipe,Pedro,35124
35125,541818890,Ofelia,Manzanares,35125
35126,138032008,Miriam,Ferrer,35126
35127,638195095,Tomasa,Salinas,35127
35128,417632515,Jose Luis,Marquez,35128
35129,611954787,Coral,Feijoo,35129
35130,179770722,Nuria,Aleman,35130
35131,910804530,Balduino,Prieto,35131
35132,724180441,Plinio,Herranz,35132
35133,382312509,Isidora,Carbajo,35133
35134,426968429,Miguel Angel,Aliaga,35134
35135,267912178,Otilia,Salom,35135
35136,712408664,Jennifer,Badia,35136
35137,381287235,Angelita,Solera,35137
35138,515509686,Clemente,Roig,35138
35139,580183408,Elias,Castro,35139
35140,815449422,Azeneth,Cisneros,35140
35141,223246199,Rufino,Davila,35141
35142,230322260,Calisto,Pujol,35142
35143,841369112,Isaac,Madrid,35143
35144,899476422,Gloria,Duran,35144
35145,696673318,Manuelita,Castaneda,35145
35146,264529377,Jenny,Acedo,35146
35147,489169407,Amor,Ricart,35147
35148,966069149,Felicia,Alcolea,35148
35149,718743738,Juanita,Salmeron,35149
35150,257020091,Elias,Rossello,35150
35151,885740756,Benigna,Ortega,35151
35152,827153555,Judith,Mendez,35152
35153,627117814,Jose Manuel,Guitart,35153
35154,572864228,Casemiro,Gracia,35154
35155,316484712,Martirio,Pineda,35155
35156,349929788,Matilde,Naranjo,35156
35157,599106967,Julio,Maza,35157
35158,367765515,Pablo,Colom,35158
35159,914520454,Matilde,Carreno,35159
35160,128325789,Melchor,Perera,35160
35161,124697870,Celso,Lluch,35161
35162,203798302,Donato,Guzman,35162
35163,616902634,Georgina,Castello,35163
35164,606299527,Petrona,Pintor,35164
35165,474288551,Eustaquio,Girona,35165
35166,981058141,Manuel,Amo,35166
35167,264500174,Modesto,Diaz,35167
35168,779715163,Julian,Castilla,35168
35169,482933121,Camilo,Abella,35169
35170,496910391,Pili,Portero,35170
35171,160102277,Manuelita,Donoso,35171
35172,259662858,Rosa,Requena,35172
35173,245146714,Graciana,Uriarte,35173
35174,777158789,Maria Jesus,Valentin,35174
35175,836249029,Balduino,Jove,35175
35176,468484524,Hipolito,Sola,35176
35177,561528893,Gregorio,Simo,35177
35178,272922231,Timoteo,Barbero,35178
35179,406192111,Isidoro,Badia,35179
35180,748334925,Xavier,Izquierdo,35180
35181,327038345,Danilo,Arce,35181
35182,829121284,Leoncio,Ruiz,35182
35183,891976344,Hernando,Poza,35183
35184,579311891,Pascuala,Julia,35184
35185,945590362,Florencia,Merino,35185
35186,541839098,Abraham,Garate,35186
35187,950129334,Ignacia,Lucena,35187
35188,949904224,Jimena,Cardona,35188
35189,160029425,Anastasio,Daza,35189
35190,479201880,Liliana,Mesa,35190
35191,528601888,Jesusa,Tudela,35191
35192,921192792,Leire,Muniz,35192
35193,177486889,Natanael,Gimenez,35193
35194,613314170,Octavia,Alonso,35194
35195,576994640,Anselmo,Grande,35195
35196,847335975,Marcio,Jaen,35196
35197,274528610,Violeta,Tejedor,35197
35198,196052406,Odalis,Torrens,35198
35199,685098527,Mauricio,Folch,35199
35200,140851361,Miguela,Lamas,35200
35201,817750881,Albert,Cerdan,35201
35202,802819064,Noe,Barrio,35202
35203,736852796,Berto,Vicente,35203
35204,872820331,Maria Jesus,Lobo,35204
35205,632532330,Daniela,Jerez,35205
35206,425651238,Ramona,Rodrigo,35206
35207,408953810,Juliana,Llobet,35207
35208,472105714,Eufemia,Marquez,35208
35209,623199247,Eligio,Uribe,35209
35210,188257911,Jonatan,Bermudez,35210
35211,518582152,Caridad,Milla,35211
35212,577802830,Claudia,Landa,35212
35213,536574508,Morena,Valdes,35213
35214,682995818,Victoria,Correa,35214
35215,148446069,Calixto,Mir,35215
35216,915150705,Valeria,Carbajo,35216
35217,331065215,Vilma,Alarcon,35217
35218,764047823,Raquel,Lopez,35218
35219,873500064,Charo,Carreras,35219
35220,319882580,Jenaro,Priego,35220
35221,508460587,Dionisio,Ferran,35221
35222,328836515,Damian,Moliner,35222
35223,444610435,Florinda,Avila,35223
35224,289332419,Maria Luisa,Aragones,35224
35225,420151586,Jose Mari,Conesa,35225
35226,287946446,Agueda,Suarez,35226
35227,916609604,Oscar,Cervera,35227
35228,671580120,Nuria,Sotelo,35228
35229,728644085,Oscar,Bayon,35229
35230,513338264,Apolinar,Bru,35230
35231,249440024,Teodora,Padilla,35231
35232,796980787,Victorino,Roman,35232
35233,232352423,Liliana,Quintana,35233
35234,704705744,Sebastian,Rodriguez,35234
35235,515298874,Walter,Lujan,35235
35236,703292532,Emiliana,Lozano,35236
35237,552015253,Remigio,Morcillo,35237
35238,494968478,Ruperta,Lara,35238
35239,308616682,Julieta,Cardenas,35239
35240,131764396,Calista,Tejero,35240
35241,848109973,Jesusa,Rosa,35241
35242,258635626,Aristides,Roldan,35242
35243,605074461,Otilia,Marmol,35243
35244,421089261,Pepita,Arjona,35244
35245,303763383,Amilcar,Rodriguez,35245
35246,542586726,Cirino,Rosello,35246
35247,404337474,Enrique,Rossello,35247
35248,540518862,Pablo,Bertran,35248
35249,964262263,Sebastian,Reyes,35249
35250,785311060,Basilio,Carrillo,35250
35251,993186086,Leon,Torrents,35251
35252,856020888,Leopoldo,Miranda,35252
35253,392379446,Angelina,Duarte,35253
35254,456364095,Juan Manuel,Olivares,35254
35255,249302022,Heliodoro,Carballo,35255
35256,249324998,Agata,Boada,35256
35257,985909375,Edelmira,Sainz,35257
35258,365161258,Montserrat,Otero,35258
35259,880513616,Apolonia,Romeu,35259
35260,993813908,Iris,Cozar,35260
35261,197894508,Julio Cesar,Sanchez,35261
35262,308470216,Emigdio,Huerta,35262
35263,141536315,Luciana,Cortes,35263
35264,139915224,Ani,Boada,35264
35265,206559839,Edgar,Vidal,35265
35266,901428021,Manuelita,Rosa,35266
35267,674820964,Maria,Jimenez,35267
35268,648748873,Bernardino,Sarmiento,35268
35269,436944237,Javiera,Feijoo,35269
35270,306281582,Ligia,Llobet,35270
35271,136548233,Ceferino,Machado,35271
35272,884604854,Victoria,Quintanilla,35272
35273,963130525,Marisol,Banos,35273
35274,608605488,Eloisa,Manuel,35274
35275,969743123,Maria Jesus,Ruiz,35275
35276,981456108,Modesto,Aragones,35276
35277,767434906,Asuncion,Quintero,35277
35278,476285768,Graciela,Matas,35278
35279,137169818,Emilio,Lamas,35279
35280,138616211,Evaristo,Armengol,35280
35281,426741998,Angela,Bauza,35281
35282,808527886,Renato,Riquelme,35282
35283,480360383,Marcial,Urrutia,35283
35284,979994411,Leonardo,Carrion,35284
35285,370886418,Virginia,Sales,35285
35286,978968834,Dan,Carlos,35286
35287,442021519,Daniel,Marti,35287
35288,164252902,Maura,Sole,35288
35289,690469951,Graciano,Jurado,35289
35290,871573580,Regina,Roda,35290
35291,476535747,Anna,Trillo,35291
35292,135531420,Lucio,Ros,35292
35293,615863698,Samanta,Tolosa,35293
35294,706897355,Rodrigo,Bayona,35294
35295,648264935,Isaura,Benavente,35295
35296,336381563,Aranzazu,Ponce,35296
35297,528025326,Paola,Figueras,35297
35298,859427977,Nayara,Saura,35298
35299,319904415,Maxi,Crespo,35299
35300,645900864,Luis Angel,Gimenez,35300
35301,642620817,Benito,Arnaiz,35301
35302,351833892,Sergio,Benitez,35302
35303,923000166,Maximiliano,Costa,35303
35304,747019586,Cesar,Tellez,35304
35305,631064854,Custodia,Pont,35305
35306,888910041,Zacarias,Zabaleta,35306
35307,788642276,Jacobo,Becerra,35307
35308,621705012,Tristan,Grau,35308
35309,724242768,Luis,Rodrigo,35309
35310,310257236,Blanca,Palomo,35310
35311,326152638,Catalina,Valenciano,35311
35312,879425902,Omar,Barbera,35312
35313,366783470,Adan,Montenegro,35313
35314,683484002,Maria Luisa,Guerrero,35314
35315,209565411,Nicanor,Navarrete,35315
35316,399893836,Elias,Acero,35316
35317,722852352,Kike,Sarabia,35317
35318,666552361,Graciano,Carrion,35318
35319,305591174,Beatriz,Barral,35319
35320,181970472,Onofre,Fernandez,35320
35321,800604700,Joan,Coca,35321
35322,604883603,Magdalena,Merino,35322
35323,970319635,Virginia,Porras,35323
35324,179765385,Jose Carlos,Cases,35324
35325,871012037,Chema,Ledesma,35325
35326,797473230,Domingo,Fortuny,35326
35327,235406726,Ruth,Sobrino,35327
35328,572035235,Nacho,Alfaro,35328
35329,872634339,Andres Felipe,Blazquez,35329
35330,209646359,Sandra,Fabregas,35330
35331,704247053,Julio Cesar,Alegre,35331
35332,619542008,Graciela,Calatayud,35332
35333,330434700,Isaias,Badia,35333
35334,431307239,Maximo,Ponce,35334
35335,541907318,Domitila,Roldan,35335
35336,953578903,Concha,Olivera,35336
35337,808068280,Prudencia,Godoy,35337
35338,866337599,Geronimo,Fuertes,35338
35339,431972579,Santos,Salcedo,35339
35340,107191635,Luciana,Torrent,35340
35341,535680209,Macarena,Castro,35341
35342,793275535,Marcos,Lluch,35342
35343,807237002,Panfilo,Aroca,35343
35344,502067556,Bernardo,Carbajo,35344
35345,505637576,Rolando,Urrutia,35345
35346,401038147,Bienvenida,Andreu,35346
35347,871094224,Albert,Casares,35347
35348,118049084,Natalio,Tellez,35348
35349,138911600,Irma,Abad,35349
35350,803491313,Priscila,Jimenez,35350
35351,981889525,Onofre,Rincon,35351
35352,426988345,Marina,Roldan,35352
35353,706621576,Rocio,Arce,35353
35354,406109996,Ivan,Casares,35354
35355,206167547,Alcides,Exposito,35355
35356,561059550,Mauricio,Pla,35356
35357,497483123,Benjamin,Barbero,35357
35358,193890978,Mamen,Machado,35358
35359,579681127,Anacleto,Marin,35359
35360,510253761,Ciriaco,Abad,35360
35361,327537014,Luis,Mesa,35361
35362,402388058,Fabio,Marmol,35362
35363,192848423,Xiomara,Ponce,35363
35364,857030831,Elpidio,Granados,35364
35365,636971774,Micaela,Patino,35365
35366,796968904,Edelmira,Osuna,35366
35367,123208895,Adan,Feliu,35367
35368,416246863,Felix,Macias,35368
35369,603455620,Carmela,Pera,35369
35370,635564037,Luis,Badia,35370
35371,491111665,Fabio,Castello,35371
35372,943182965,Carmen,Mercader,35372
35373,491036959,Chus,Guardiola,35373
35374,553578754,Florentino,Banos,35374
35375,528494069,Victorino,Guillen,35375
35376,988843300,Prudencia,Miranda,35376
35377,620920153,Sandalio,Bernad,35377
35378,621816513,Maria,Navarrete,35378
35379,799180357,Gabriel,Almazan,35379
35380,874492896,Ingrid,Cortes,35380
35381,273885476,Donato,Mora,35381
35382,602940485,Pepe,Mendez,35382
35383,985473045,Sebastian,Juarez,35383
35384,344285785,Juan Carlos,Balaguer,35384
35385,816436529,Calixto,Quiros,35385
35386,719593600,Baltasar,Galan,35386
35387,433597048,Joan,Garzon,35387
35388,469349945,Roque,Ferreras,35388
35389,859181041,Blanca,Valverde,35389
35390,369396012,Jose,Sevilla,35390
35391,421169192,Morena,Alcantara,35391
35392,387948582,Mar,Arana,35392
35393,982766419,Amparo,Llobet,35393
35394,451506056,Eleuterio,Carrion,35394
35395,943482766,Diego,Llobet,35395
35396,377267501,Ingrid,Montenegro,35396
35397,126257486,Octavio,Haro,35397
35398,210346579,Lupe,Llano,35398
35399,992449448,Tono,Vendrell,35399
35400,588538881,Chelo,Bou,35400
35401,847444799,Violeta,Benavente,35401
35402,590960125,Beatriz,Valderrama,35402
35403,455432956,Lupita,Arroyo,35403
35404,709093490,Vidal,Fuentes,35404
35405,212114900,Manu,Coronado,35405
35406,786075516,Felicia,Lago,35406
35407,896028369,Moreno,Olivares,35407
35408,987364044,Gracia,Gras,35408
35409,129733060,Evita,Sainz,35409
35410,903700584,Plinio,Alberola,35410
35411,242297109,Ignacio,Pages,35411
35412,385081136,Leonel,Gisbert,35412
35413,582759092,Consuelo,Coello,35413
35414,289752427,Vito,Llopis,35414
35415,589711041,Gervasio,Cadenas,35415
35416,939675908,Emma,Martin,35416
35417,960718008,Armando,Baron,35417
35418,574485326,Bartolome,Cuevas,35418
35419,677944943,Espiridion,Guardia,35419
35420,367752314,Alonso,Abascal,35420
35421,612340748,Glauco,Marco,35421
35422,480202529,Encarnacion,Company,35422
35423,314232123,Natalio,Benitez,35423
35424,972622349,Javiera,Vara,35424
35425,479854278,Cintia,Bustamante,35425
35426,762527905,Cruz,Salvador,35426
35427,534600565,Amado,Agudo,35427
35428,825159237,Paloma,Cervantes,35428
35429,859932211,Laura,Tomas,35429
35430,935182654,Juan Antonio,Cobo,35430
35431,175765650,Ramon,Acosta,35431
35432,469524616,Maria Jose,Echeverria,35432
35433,504725958,Ulises,Clavero,35433
35434,639280893,Jeronimo,Zapata,35434
35435,769645338,Tecla,Jara,35435
35436,511990563,Felipa,Boix,35436
35437,661775590,Mariana,Llorente,35437
35438,815475346,Edmundo,Mate,35438
35439,606230689,Consuelo,Gomez,35439
35440,270590814,Amarilis,Madrigal,35440
35441,883098058,Agata,Llanos,35441
35442,950286065,Eva,Ribera,35442
35443,448037947,Nereida,Rivas,35443
35444,456932443,Africa,Oliva,35444
35445,589426197,Olalla,Cervantes,35445
35446,342181466,Venceslas,Alcolea,35446
35447,162856254,Benigna,Cortes,35447
35448,337592147,Leopoldo,Moran,35448
35449,198492421,Nilda,Canete,35449
35450,360963996,Maria Teresa,Pavon,35450
35451,969187787,Amaro,Ferrera,35451
35452,615880368,Rolando,Tudela,35452
35453,182956450,Odalis,Robledo,35453
35454,441733619,Oriana,Roldan,35454
35455,754199817,Florentina,Tirado,35455
35456,943023930,Cristian,Priego,35456
35457,376698861,Evita,Coronado,35457
35458,820599267,Esteban,Laguna,35458
35459,436598572,Rocio,Pedro,35459
35460,983275009,Tadeo,Zabala,35460
35461,345148581,Juanita,Mata,35461
35462,893368220,Salome,Nunez,35462
35463,274858259,Moreno,Ripoll,35463
35464,565114282,Belen,Quero,35464
35465,594033868,Adelina,Arellano,35465
35466,444614879,Roberto,Villanueva,35466
35467,148049305,Elpidio,Porras,35467
35468,949090166,Nicodemo,Cardenas,35468
35469,177875737,Octavia,Pages,35469
35470,845103418,Simon,Navas,35470
35471,811736014,Pedro,Rubio,35471
35472,461000422,Sara,Girona,35472
35473,469716420,Lorena,Bernat,35473
35474,413530798,Maria Cristina,Revilla,35474
35475,329824447,Perlita,Leal,35475
35476,818785065,Etelvina,Lluch,35476
35477,507512830,Jesus,Pedrero,35477
35478,673953468,Miguela,Salazar,35478
35479,553897244,Francisco Jose,Sanchez,35479
35480,286848679,Porfirio,Simo,35480
35481,687165722,Jose Mari,Mendez,35481
35482,510403054,Camilo,Mur,35482
35483,165655520,Edu,Manzano,35483
35484,921242292,Teresa,Yanez,35484
35485,978444266,Francisca,Acedo,35485
35486,700436234,Florina,Gras,35486
35487,690370177,Eloy,Pina,35487
35488,553598791,Ernesto,Cobos,35488
35489,972099313,Godofredo,Angel,35489
35490,791401131,Flavio,Araujo,35490
35491,707015845,Xavier,Feliu,35491
35492,169774052,Climaco,Pou,35492
35493,567423202,Carmina,Cervera,35493
35494,997028907,Jenaro,Morell,35494
35495,389576410,Miguel,Batlle,35495
35496,343858039,Rufino,Casal,35496
35497,460137330,Victoriano,Medina,35497
35498,714084394,Jose Angel,Nino,35498
35499,170809895,Rolando,Bonilla,35499
35500,777396517,Candelario,Prieto,35500
35501,555520160,Eusebio,Escamilla,35501
35502,140971341,Gustavo,Segura,35502
35503,627246521,Berta,Lago,35503
35504,356229720,Maxi,Villar,35504
35505,103980580,Faustino,Segui,35505
35506,826288829,Maribel,Aragon,35506
35507,223864178,Angelica,Escribano,35507
35508,958551072,Primitivo,Porras,35508
35509,536376061,Consuelo,Puig,35509
35510,195010605,Bruno,Pina,35510
35511,820387080,Raquel,Osorio,35511
35512,724757872,Benigna,Vilanova,35512
35513,358487732,Carmelita,Terron,35513
35514,145466209,Nicodemo,Ortuno,35514
35515,780800731,Ale,Lopez,35515
35516,971088415,Agata,Guillen,35516
35517,848404560,Aroa,Francisco,35517
35518,220116013,Leon,Coronado,35518
35519,123677001,Sol,Quiroga,35519
35520,120233580,Jose Antonio,Solsona,35520
35521,372447217,Pablo,Benitez,35521
35522,418918477,Ciro,Segarra,35522
35523,836357106,Loreto,Ferrandez,35523
35524,642560707,Lupe,Royo,35524
35525,197688528,Juan Francisco,Saenz,35525
35526,816322555,Amparo,Baena,35526
35527,870492016,Adelina,Mancebo,35527
35528,533154159,Americo,Acevedo,35528
35529,945408637,Agata,Otero,35529
35530,344809760,Aurelio,Borras,35530
35531,428053825,Leonardo,Gallego,35531
35532,151774379,Encarnita,Bustos,35532
35533,893533186,Florina,Molina,35533
35534,140834838,Monica,Baena,35534
35535,226735150,Gracia,Cueto,35535
35536,561767089,Evita,Sarmiento,35536
35537,461092672,Luis,Duran,35537
35538,555199904,Emigdio,Fiol,35538
35539,488606181,Marisol,Jimenez,35539
35540,630549925,Augusto,Diego,35540
35541,353902466,Alejo,Solsona,35541
35542,625611787,Ricarda,Raya,35542
35543,105230639,Manu,Millan,35543
35544,872947617,Faustino,Pereira,35544
35545,329396468,Julieta,Ribera,35545
35546,366970776,Delia,Salvador,35546
35547,203128127,Renata,Blasco,35547
35548,756779353,Benita,Folch,35548
35549,664447219,Esther,Oliver,35549
35550,258695830,Jose Maria,Contreras,35550
35551,451967241,Alejandra,Galvan,35551
35552,522222458,Norberto,Sotelo,35552
35553,331506948,Odalis,Valls,35553
35554,448786975,Lalo,Salvador,35554
35555,389785727,Guillermo,Casanova,35555
35556,376952974,Rogelio,Olmedo,35556
35557,553887344,Candelas,Cuervo,35557
35558,380100225,Angeles,Galan,35558
35559,506228223,Belen,Tena,35559
35560,486415668,Agapito,Reyes,35560
35561,492911420,Yessica,Criado,35561
35562,985220209,Joaquin,Codina,35562
35563,905300647,Enrique,Baro,35563
35564,225907994,Chuy,Cid,35564
35565,986615827,Elvira,Corral,35565
35566,298464913,Angel,Ferrero,35566
35567,688002626,Felipa,Montesinos,35567
35568,111995069,Rebeca,Plaza,35568
35569,171119116,Leonardo,Acuna,35569
35570,767053506,Carmen,Lozano,35570
35571,810770680,Celia,Vazquez,35571
35572,158906318,Angel,Barragan,35572
35573,446409930,Isabel,Almagro,35573
35574,219935773,Gaston,Luque,35574
35575,665045640,Tere,Aguila,35575
35576,264599949,Isaac,Gibert,35576
35577,137264096,Martin,Valera,35577
35578,386613895,Perlita,Otero,35578
35579,812668527,Artemio,Benito,35579
35580,240591109,Nando,Lobato,35580
35581,137117775,Perla,Rosales,35581
35582,766337034,Primitiva,Ramis,35582
35583,369519431,Lina,Castillo,35583
35584,726796978,Valerio,Alvarado,35584
35585,178121950,Celestino,Figueroa,35585
35586,532064159,Angeles,Esteve,35586
35587,569875555,Fabiana,Garcia,35587
35588,137242938,Fabian,Nebot,35588
35589,354438788,Lisandro,Aragones,35589
35590,379195297,Pacifica,Samper,35590
35591,593939776,Loreto,Mendoza,35591
35592,328889578,Rita,Conde,35592
35593,658453975,Amada,Perera,35593
35594,267271662,Dolores,Lago,35594
35595,640535091,Constanza,Patino,35595
35596,490307542,Basilio,Egea,35596
35597,858084527,Malena,Bello,35597
35598,909097487,Arcelia,Adadia,35598
35599,246168584,Sabas,Manso,35599
35600,479706356,Florencio,Verdejo,35600
35601,803718261,Bernabe,Requena,35601
35602,319490137,Maite,Lucas,35602
35603,415474904,Sosimo,Hidalgo,35603
35604,324931816,Cecilio,Solana,35604
35605,512533134,Leyre,Montenegro,35605
35606,366896233,Emilia,Tejero,35606
35607,646326510,Angelita,Llorente,35607
35608,727424015,Nilo,Llano,35608
35609,820777782,Edgar,Gimenez,35609
35610,683914979,Aaron,Minguez,35610
35611,998073568,Reyes,Quevedo,35611
35612,244991874,Maite,Perera,35612
35613,213568517,Toni,Iriarte,35613
35614,930818326,Leire,Duque,35614
35615,991821849,Malena,Figuerola,35615
35616,446628728,Roxana,Teruel,35616
35617,464705335,Celestino,Garate,35617
35618,902243964,Miguel Angel,Sevillano,35618
35619,576662763,Jovita,Aguila,35619
35620,573695232,Nacio,Carmona,35620
35621,494193629,Maria Manuela,Salmeron,35621
35622,538580224,Adela,Castells,35622
35623,117993432,Santos,Jerez,35623
35624,212435669,Bonifacio,Calvet,35624
35625,880780930,Hilario,Gimenez,35625
35626,558787777,Ildefonso,Egea,35626
35627,324555935,Jose Luis,Correa,35627
35628,800000377,Isaac,Adan,35628
35629,440662441,Evelia,Nevado,35629
35630,888565409,Aranzazu,Figuerola,35630
35631,601682736,Ovidio,Ballester,35631
35632,702700099,Lisandro,Catala,35632
35633,945307274,Ivan,Martinez,35633
35634,497355196,Bartolome,Villa,35634
35635,718432720,Carlos,Ropero,35635
35636,942147373,Trinidad,Fabregas,35636
35637,102985601,Cipriano,Landa,35637
35638,677124061,Renata,Bauza,35638
35639,113976839,Anastasia,Roura,35639
35640,428149327,Emiliana,Roma,35640
35641,428811617,Alfredo,Nadal,35641
35642,265479600,Estrella,Jauregui,35642
35643,560883484,Simon,Maestre,35643
35644,476395583,Rosalva,Querol,35644
35645,126544612,Antonia,Vives,35645
35646,991384167,Reyes,Vizcaino,35646
35647,636356190,Iris,Duque,35647
35648,786842368,Hortensia,Cabello,35648
35649,655017181,Antonia,Yanez,35649
35650,105452217,Clara,Torrijos,35650
35651,600394935,Edgardo,Palomo,35651
35652,526383985,Tristan,Rincon,35652
35653,603673273,Toribio,Ribera,35653
35654,520661850,Fortunata,Ferreras,35654
35655,830178767,Genoveva,Goicoechea,35655
35656,662559387,Amarilis,Priego,35656
35657,411604130,Belen,Pedro,35657
35658,392902574,Marcial,Abril,35658
35659,359424292,Teobaldo,Rubio,35659
35660,586535925,Begona,Fabregas,35660
35661,918210351,Pascual,Barba,35661
35662,615979060,Maria,Sancho,35662
35663,989680444,Bernardita,Gonzalez,35663
35664,574771857,Ignacia,Soler,35664
35665,235824253,Renato,Cepeda,35665
35666,208253542,Encarnacion,Real,35666
35667,236417191,America,Andreu,35667
35668,288567914,Paloma,Llorente,35668
35669,873797208,Joaquin,Antunez,35669
35670,410114558,Vidal,Cabeza,35670
35671,246947428,Leonor,Gimenez,35671
35672,636298467,Lisandro,Pinol,35672
35673,447993610,Rosa Maria,Poza,35673
35674,351749733,Natalia,Medina,35674
35675,247301243,Oriana,Lago,35675
35676,586632832,Carolina,Bejarano,35676
35677,102526603,Samu,Frias,35677
35678,375290768,Ivan,Arco,35678
35679,724486168,Teofila,Moreno,35679
35680,669548131,Ruben,Donoso,35680
35681,220807023,Florencia,Zabaleta,35681
35682,126591799,Ramona,Farre,35682
35683,974431365,Teodosio,Granados,35683
35684,526275744,Irma,Mendizabal,35684
35685,941503980,Nicodemo,Benet,35685
35686,323697484,Luciano,Corral,35686
35687,155858382,Rodolfo,Luna,35687
35688,277834695,Julio,Amoros,35688
35689,511014613,Porfirio,Gallego,35689
35690,902411889,Ivan,Araujo,35690
35691,345682179,Zacarias,Rio,35691
35692,618584313,Judith,Lloret,35692
35693,910521732,Eloisa,Oller,35693
35694,366603005,Samanta,Girona,35694
35695,857022266,Luis,Torrecilla,35695
35696,575132545,Ruy,Canals,35696
35697,572442209,Pilar,Flor,35697
35698,848188316,Valerio,Guillen,35698
35699,502793359,Dafne,Huguet,35699
35700,706876300,Aaron,Lara,35700
35701,407202642,Luis,Aviles,35701
35702,311669771,Mayte,Fernandez,35702
35703,310563446,Hilario,Ordonez,35703
35704,856267779,Severiano,Mayo,35704
35705,585810116,Lucia,Boix,35705
35706,501425015,Javiera,Sotelo,35706
35707,264451960,Enrique,Alfonso,35707
35708,510636732,Bernarda,Vila,35708
35709,909539196,Evaristo,Marco,35709
35710,343127416,Armida,Aguilera,35710
35711,919918550,Chema,Arce,35711
35712,439637511,Edgardo,Cruz,35712
35713,551864812,Fatima,Baron,35713
35714,943639616,Hector,Aguirre,35714
35715,381292948,Natanael,Contreras,35715
35716,295277190,Tiburcio,Paredes,35716
35717,968309199,Jimena,Pina,35717
35718,153245779,Eligio,Sedano,35718
35719,408698650,Cecilio,Arnaiz,35719
35720,685016798,Aranzazu,Quintana,35720
35721,407815662,Fabricio,Casals,35721
35722,771047058,Angelica,Mosquera,35722
35723,478988346,Jenaro,Amaya,35723
35724,238728313,Vasco,Guardiola,35724
35725,134230013,Julio,Cadenas,35725
35726,856559215,Sol,Perea,35726
35727,297685144,Emiliana,Pelaez,35727
35728,791454651,Jose Mari,Lledo,35728
35729,461375836,Lara,Aguila,35729
35730,796737312,Gilberto,Sabater,35730
35731,620625076,Maura,Ibanez,35731
35732,424091150,Reinaldo,Novoa,35732
35733,617535750,Mariano,Salcedo,35733
35734,686341445,Duilio,Ferrandez,35734
35735,653189591,Carina,Querol,35735
35736,578902543,Nilda,Hierro,35736
35737,871569339,Marcia,Elias,35737
35738,857652176,Vasco,Merino,35738
35739,448433283,Eloisa,Badia,35739
35740,421308072,Cruz,Tomas,35740
35741,620879306,Matias,Feijoo,35741
35742,910764080,Milagros,Bonet,35742
35743,874868653,Rita,Rosell,35743
35744,487788521,Julie,Bolanos,35744
35745,754152366,Luis,Fernandez,35745
35746,920870824,Nazaret,Luque,35746
35747,919342311,Gloria,Soria,35747
35748,531949252,Javiera,Ibanez,35748
35749,611980359,Valentina,Paredes,35749
35750,973587999,Blanca,Salinas,35750
35751,805319196,Brunilda,Otero,35751
35752,445144758,Sabina,Barral,35752
35753,207759496,Feliciano,Elias,35753
35754,875338090,Maria Del Carmen,Toledo,35754
35755,702288876,Trinidad,Llobet,35755
35756,845485933,Poncio,Montana,35756
35757,393474575,Leyre,Coello,35757
35758,991167221,Aitor,Boada,35758
35759,570671061,Olivia,Ramos,35759
35760,135169277,Candelario,Fabra,35760
35761,546841806,Amador,Bermejo,35761
35762,913206147,Olivia,Alba,35762
35763,504819133,Silvio,Elorza,35763
35764,948499464,Narcisa,Mateo,35764
35765,693598290,Severo,Sevillano,35765
35766,532330213,Abraham,Goicoechea,35766
35767,991162862,Abril,Gracia,35767
35768,522704214,Emiliano,Oliveras,35768
35769,239599903,Eugenio,Benet,35769
35770,749774249,Olimpia,Terron,35770
35771,944277043,Ricarda,Carbajo,35771
35772,392773053,Jesus,Alcala,35772
35773,308077382,Pilar,Rossello,35773
35774,229583323,Luisa,Banos,35774
35775,204702941,Noe,Cuellar,35775
35776,580997280,Dominga,Flores,35776
35777,587325277,Jeremias,Cuellar,35777
35778,628694796,Elba,Vila,35778
35779,110192584,Amaya,Mateo,35779
35780,738568741,Rene,Mosquera,35780
35781,954247840,Malena,Blasco,35781
35782,315407443,Hortensia,Montana,35782
35783,317984148,Claudio,Ariza,35783
35784,810372837,Reyna,Almazan,35784
35785,845516842,Dorita,Delgado,35785
35786,964108054,Haroldo,Lerma,35786
35787,969016610,Ale,Hernandez,35787
35788,656999292,Poncio,Casanovas,35788
35789,573529310,Bienvenida,Valle,35789
35790,229879319,Macario,Adan,35790
35791,461332213,Nazaret,Torralba,35791
35792,241824748,Conrado,Rebollo,35792
35793,666692515,Inmaculada,Marco,35793
35794,623436981,Luisina,Casares,35794
35795,394409493,Constanza,Goni,35795
35796,515510199,Belen,Estrada,35796
35797,811933402,Evita,Rios,35797
35798,105633473,Imelda,Requena,35798
35799,320421216,Jordana,Perello,35799
35800,599513296,Pilar,Cespedes,35800
35801,108810755,Magdalena,Grau,35801
35802,672333703,Marco,Paz,35802
35803,289526329,Anabel,Corbacho,35803
35804,703841029,Diego,Recio,35804
35805,623700453,Narcisa,Gordillo,35805
35806,920129756,Gisela,Rebollo,35806
35807,971899746,Emilio,Andreu,35807
35808,167886195,Calisto,Juarez,35808
35809,778585892,Seve,Medina,35809
35810,932801964,Maria,Aguilera,35810
35811,502237227,Jimena,Olmo,35811
35812,499539524,Bernardita,Mateu,35812
35813,113204167,Irma,Cervera,35813
35814,916483071,Ruth,Portillo,35814
35815,352366124,Rafael,Rovira,35815
35816,588739605,Cloe,Leal,35816
35817,487607756,Antonio,Lopez,35817
35818,493770462,Azeneth,Ramirez,35818
35819,162765837,Alfredo,Lerma,35819
35820,765499016,Juana,Donaire,35820
35821,578671929,Francisca,Leal,35821
35822,407938230,Telmo,Vara,35822
35823,656527315,Leire,Ferrera,35823
35824,233557704,Luis,Azcona,35824
35825,581336176,Purificacion,Jordan,35825
35826,399080823,Lalo,Andrade,35826
35827,789190528,Vicenta,Ayllon,35827
35828,593142621,Chita,Moles,35828
35829,790053673,Gustavo,Alvarado,35829
35830,900962351,Reynaldo,Losa,35830
35831,736509523,Samu,Valcarcel,35831
35832,927131329,Carina,Sarabia,35832
35833,330338790,Eduardo,Soler,35833
35834,822359385,Antonia,Manrique,35834
35835,341246658,Jose Antonio,Casals,35835
35836,605799288,Toribio,Fortuny,35836
35837,499072942,Maxi,Quintanilla,35837
35838,539787192,Goyo,Somoza,35838
35839,349955245,Leon,Parejo,35839
35840,972290421,Marcelino,Clemente,35840
35841,273099982,Reyna,Mesa,35841
35842,972158302,Manu,Alba,35842
35843,885015182,Reyna,Lastra,35843
35844,816272886,Omar,Pacheco,35844
35845,474157796,Florencia,Benitez,35845
35846,899692265,Octavia,Aguirre,35846
35847,325686829,Severiano,Pombo,35847
35848,308430393,Soledad,Carrion,35848
35849,558993901,Gabino,Santiago,35849
35850,103840721,Beatriz,Madrigal,35850
35851,102017032,Rosa,Villaverde,35851
35852,927858088,Lucho,Riba,35852
35853,920975395,Salomon,Colom,35853
35854,828812619,Ani,Pulido,35854
35855,802702852,Graciela,Peiro,35855
35856,624194870,Vito,Gimeno,35856
35857,267253531,Fausto,Avila,35857
35858,745440895,Agapito,Cano,35858
35859,341352392,Sebastian,Ortiz,35859
35860,956378269,Curro,Gimeno,35860
35861,197660900,Segismundo,Ibanez,35861
35862,425229828,German,Villalonga,35862
35863,744297217,Luna,Becerra,35863
35864,473417091,Ricardo,Roman,35864
35865,363145578,Maria Manuela,Perez,35865
35866,772958749,Petrona,Mancebo,35866
35867,483531868,Regulo,Rico,35867
35868,145610997,Raul,Guerra,35868
35869,166111449,Ale,Izquierdo,35869
35870,281202916,Soraya,Rosado,35870
35871,295249178,Nadia,Canovas,35871
35872,696054590,Brigida,Menendez,35872
35873,915898725,Emiliana,Lobo,35873
35874,767167498,Amando,Feijoo,35874
35875,476963457,Emiliano,Ramirez,35875
35876,882956182,Inmaculada,Tovar,35876
35877,208876704,Luis Angel,Goicoechea,35877
35878,967279545,Adelardo,Colomer,35878
35879,554951121,Rosario,Delgado,35879
35880,635380392,Hilario,Leiva,35880
35881,599762898,Ines,Coll,35881
35882,949981857,Quirino,Almazan,35882
35883,394656028,Matias,Benavente,35883
35884,845749768,Aitana,Domingo,35884
35885,122283100,Samu,Aroca,35885
35886,447814551,Trinidad,Ayllon,35886
35887,953554475,Julian,Ortega,35887
35888,789726581,Carmen,Patino,35888
35889,560158192,Jose Manuel,Osorio,35889
35890,929375194,Berta,Esparza,35890
35891,855761203,Carmelita,Tome,35891
35892,416145043,Timoteo,Rivas,35892
35893,911080983,Eutropio,Arteaga,35893
35894,253679242,Mohamed,Solera,35894
35895,760512621,Encarna,Barcena,35895
35896,123492187,Lucia,Garcia,35896
35897,578509921,Delfina,Huerta,35897
35898,744654497,Trinidad,Calvo,35898
35899,161687350,Oscar,Acero,35899
35900,724238725,Julie,Toro,35900
35901,128896442,Eustaquio,Daza,35901
35902,854459901,Gloria,Borrego,35902
35903,694747824,Amanda,Bermejo,35903
35904,874746185,Sancho,Ibarra,35904
35905,142905500,Emigdio,Olmo,35905
35906,563258343,Jacinto,Anaya,35906
35907,987769141,Manola,Noriega,35907
35908,265949702,Rosenda,Amor,35908
35909,121001661,Maura,Navarro,35909
35910,898397819,Panfilo,Franco,35910
35911,436023445,Anastasio,Rojas,35911
35912,220924000,Arturo,Guzman,35912
35913,389041038,Juan Jose,Robles,35913
35914,875347169,Blanca,Galan,35914
35915,125679600,Rosalinda,Asensio,35915
35916,386719913,Bruno,Diaz,35916
35917,708831410,Maria Teresa,Barral,35917
35918,130026315,Lazaro,Velazquez,35918
35919,124318849,Febe,Aguilera,35919
35920,105443294,Maxi,Cano,35920
35921,644446578,Adelardo,Rios,35921
35922,220476025,Alba,Garate,35922
35923,773774579,Enrique,Roldan,35923
35924,377570278,Heliodoro,Alcazar,35924
35925,303954982,Nilda,Reguera,35925
35926,562224605,Fernanda,Osorio,35926
35927,820075431,Maria,Terron,35927
35928,318026981,Pastora,Suarez,35928
35929,574407165,Nestor,Anton,35929
35930,331673756,Flavio,Aparicio,35930
35931,359962200,Vicenta,Carbonell,35931
35932,596837681,Marisol,Villalonga,35932
35933,821617431,Matias,Escamilla,35933
35934,820546521,Carmelo,Bernad,35934
35935,684839447,Anna,Solano,35935
35936,325875251,Aranzazu,Fernandez,35936
35937,986816262,Lina,Pino,35937
35938,176238176,Rosenda,Davila,35938
35939,101227107,Aranzazu,Galindo,35939
35940,371908725,Alberto,Matas,35940
35941,676864187,Florentina,Artigas,35941
35942,986071331,Reyna,Saenz,35942
35943,193116357,Africa,Sacristan,35943
35944,198678309,Pepita,Calleja,35944
35945,431374770,Teodosio,Bosch,35945
35946,752983176,Wilfredo,Cervantes,35946
35947,351427648,Fanny,Lloret,35947
35948,454057241,Tomas,Vilar,35948
35949,254706916,Barbara,Iglesia,35949
35950,813782836,Yaiza,Ferrando,35950
35951,175239239,Luis,Alcalde,35951
35952,783089662,Herminia,Arana,35952
35953,468799967,Valentin,Jodar,35953
35954,616048152,Cristobal,Patino,35954
35955,702074396,Ramon,Bautista,35955
35956,448119872,Cornelio,Sancho,35956
35957,483960934,Sabas,Matas,35957
35958,960645020,Sosimo,Cabezas,35958
35959,337279364,Adolfo,Soriano,35959
35960,683839503,Juan Luis,Calderon,35960
35961,678523183,Andrea,Ortiz,35961
35962,400158207,Jose Maria,Gracia,35962
35963,933219354,Bernardo,Fuentes,35963
35964,393283631,Elisabet,Arco,35964
35965,520353116,Lorenzo,Fernandez,35965
35966,174398057,Tecla,Mendez,35966
35967,754516552,Lorenza,Abellan,35967
35968,580487848,Edgar,Sala,35968
35969,691827494,Viviana,Arribas,35969
35970,489335018,Fermin,Vigil,35970
35971,698453379,Manuel,Criado,35971
35972,709783080,Charo,Iniesta,35972
35973,840825988,Angeles,Pelaez,35973
35974,266541782,Belen,Manzano,35974
35975,432051445,Roxana,Morcillo,35975
35976,401269951,Cecilio,Mur,35976
35977,127354376,Evita,Rio,35977
35978,340449803,Manola,Casanova,35978
35979,594708646,Cecilio,Cordoba,35979
35980,801398434,Sebastian,Sandoval,35980
35981,118701535,Gloria,Hernandez,35981
35982,284833286,Ceferino,Arjona,35982
35983,711129220,Domingo,Jauregui,35983
35984,370958618,Martina,Pinilla,35984
35985,432996220,Luis,Amoros,35985
35986,672828037,Gil,Querol,35986
35987,494570490,Marta,Pintor,35987
35988,193584360,Ivan,Guerra,35988
35989,221850062,Poncio,Lago,35989
35990,902639138,America,Carnero,35990
35991,309126884,Jesusa,Hierro,35991
35992,181534148,Moreno,Planas,35992
35993,887802348,Valerio,Valle,35993
35994,142112860,Rosalva,Rosales,35994
35995,997204340,Maximiliano,Chacon,35995
35996,911057639,Lina,Camino,35996
35997,893263009,Olalla,Cal,35997
35998,833167713,Hortensia,Oliva,35998
35999,192082234,Paca,Coca,35999
36000,224192091,Victor,Ferrera,36000
36001,299341247,Sabas,Ramis,36001
36002,218747017,Esther,Belda,36002
36003,460496299,Malena,Macias,36003
36004,199870232,Cristian,Reig,36004
36005,231200366,Olalla,Azorin,36005
36006,632612001,Ileana,Casal,36006
36007,306960675,Gema,Morata,36007
36008,344996606,Tatiana,Sandoval,36008
36009,185703616,Eusebia,Blanca,36009
36010,911808024,Roxana,Lopez,36010
36011,604968309,Ambar,Arana,36011
36012,757310790,Maite,Bermudez,36012
36013,931255682,Marina,Jaume,36013
36014,176048297,Jose Manuel,Moreno,36014
36015,236013730,Santos,Pujol,36015
36016,780701250,Fabian,Banos,36016
36017,359828708,Guiomar,Bilbao,36017
36018,341843599,Fortunato,Castell,36018
36019,713868955,Isidoro,Vargas,36019
36020,101936506,Casemiro,Llabres,36020
36021,534252615,Chita,Sanchez,36021
36022,639082842,Dionisia,Talavera,36022
36023,798035215,Maria Cristina,Pellicer,36023
36024,479812759,Melania,Salom,36024
36025,856758979,Yesica,Pino,36025
36026,412676594,Luis,Cabeza,36026
36027,824181391,Vilma,Martin,36027
36028,187131218,Iban,Carmona,36028
36029,955347432,Crescencia,Heredia,36029
36030,268224038,Graciela,Salinas,36030
36031,125579291,Jose Ramon,Echeverria,36031
36032,282285755,Wilfredo,Almeida,36032
36033,920206408,Almudena,Carranza,36033
36034,469159441,Sebastian,Soriano,36034
36035,336217605,Aitor,Diego,36035
36036,670212619,Isidora,Julian,36036
36037,325202493,Sebastian,Tena,36037
36038,210883996,Sosimo,Pozo,36038
36039,550866109,Sandra,Alvarado,36039
36040,648133958,Elba,Ortega,36040
36041,892687083,Lourdes,Narvaez,36041
36042,139101688,Debora,Barrera,36042
36043,329355652,Ceferino,Castaneda,36043
36044,460026990,Gaspar,Rosado,36044
36045,274013329,Inocencio,Figuerola,36045
36046,401732332,Cruz,Isern,36046
36047,982265186,Josefa,Duarte,36047
36048,485980771,Selena,Benavides,36048
36049,822346775,Abilio,Melero,36049
36050,530451908,Cayetana,Puente,36050
36051,407905805,Godofredo,Hernandez,36051
36052,286968594,Ana Sofia,Lucas,36052
36053,797638180,German,Velazquez,36053
36054,601277887,Rebeca,Montana,36054
36055,818801043,Veronica,Pina,36055
36056,321577469,Rodolfo,Bejarano,36056
36057,945326086,Noa,Barrera,36057
36058,167919707,Narciso,Pomares,36058
36059,144098766,Albino,Portero,36059
36060,302040679,Maristela,Huerta,36060
36061,966368723,Celia,Cordero,36061
36062,946699286,Isidro,Aramburu,36062
36063,385071765,Segismundo,Torrent,36063
36064,525297306,Rosaura,Gimeno,36064
36065,430996293,Miriam,Revilla,36065
36066,134189945,Anita,Barbera,36066
36067,309005572,Prudencio,Torrent,36067
36068,537535038,Amilcar,Mayol,36068
36069,694377041,Jeremias,Carretero,36069
36070,912705925,Juan Jose,Salgado,36070
36071,149297645,Candido,Muro,36071
36072,834979280,Toribio,Terron,36072
36073,553687457,Jordi,Tejedor,36073
36074,125016607,Consuelo,Campoy,36074
36075,957282937,Nicodemo,Tena,36075
36076,274594667,Marcial,Camacho,36076
36077,648469050,Fausto,Minguez,36077
36078,946311815,Andres Felipe,Molins,36078
36079,832445937,Perlita,Pons,36079
36080,576717927,Cipriano,Vila,36080
36081,588069216,Ignacia,Pascual,36081
36082,565873828,Ale,Iniesta,36082
36083,705212282,Humberto,Higueras,36083
36084,355497671,Micaela,Laguna,36084
36085,615277178,Galo,Alegre,36085
36086,230032713,Roldan,Llano,36086
36087,213469281,Lina,Barba,36087
36088,198221871,Alfredo,Ramis,36088
36089,849120525,Ale,Duenas,36089
36090,850958748,Judith,Cepeda,36090
36091,128582869,Jose Mari,Figueroa,36091
36092,581715799,Teofilo,Montero,36092
36093,338569967,Elvira,Canales,36093
36094,728712715,Kike,Mesa,36094
36095,835930621,Albano,Sanjuan,36095
36096,191035264,Azahar,Bolanos,36096
36097,567965867,Lucia,Rey,36097
36098,289236372,Odalis,Barbero,36098
36099,134198470,Begona,Jurado,36099
36100,359340080,Salomon,Carlos,36100
36101,278338402,Blas,Cifuentes,36101
36102,404731707,Angela,Martin,36102
36103,686573789,Emigdio,Malo,36103
36104,963348529,Clarisa,Valentin,36104
36105,939212435,Valero,Jara,36105
36106,309881197,Africa,Corbacho,36106
36107,480664696,Palmira,Cid,36107
36108,332181933,Anselmo,Canovas,36108
36109,785390584,Gema,Barrios,36109
36110,418599218,Angelino,Patino,36110
36111,625344019,Noelia,Berrocal,36111
36112,864985102,Florentino,Corral,36112
36113,409373301,Fidela,Sans,36113
36114,258613786,Luis Miguel,Rebollo,36114
36115,704755688,Teofila,Roma,36115
36116,305952216,Azucena,Abril,36116
36117,987686349,Ruperto,Iborra,36117
36118,614414268,Luis Angel,Borras,36118
36119,719126886,Aura,Espada,36119
36120,613137163,Jacinto,Bernal,36120
36121,812680802,Carolina,Iriarte,36121
36122,434041847,Mamen,Neira,36122
36123,137572327,Aitor,Arco,36123
36124,319859144,Barbara,Alvaro,36124
36125,382372780,Pepito,Leon,36125
36126,925720714,Vicenta,Ledesma,36126
36127,405725246,Aitor,Alcaraz,36127
36128,448994574,Eladio,Sosa,36128
36129,289035808,Edgardo,Dalmau,36129
36130,564184061,Maite,Herranz,36130
36131,689981173,Alicia,Burgos,36131
36132,693237726,Belen,Alberola,36132
36133,458923503,Andres Felipe,Agullo,36133
36134,274277486,Salomon,Reyes,36134
36135,720894364,Celso,Castro,36135
36136,783596377,Leon,Giner,36136
36137,571698676,Climaco,Puga,36137
36138,756363767,Valeria,Gamez,36138
36139,800434329,Emigdio,Marmol,36139
36140,479416585,Casandra,Ocana,36140
36141,195397121,Renata,Pinol,36141
36142,865364772,Angelino,Gomez,36142
36143,213246373,Natanael,Barral,36143
36144,895097270,Jenny,Cervantes,36144
36145,301540327,Mirta,Lamas,36145
36146,520102798,Casandra,Salas,36146
36147,665890200,Vasco,Gallardo,36147
36148,897263182,Ruth,Huertas,36148
36149,191567757,Francisco,Pelayo,36149
36150,369456201,Lilia,Vazquez,36150
36151,925121948,Custodio,Cabrera,36151
36152,364169536,Bartolome,Jimenez,36152
36153,540731058,Bernarda,Jove,36153
36154,655476766,Galo,Cerda,36154
36155,191247916,Sonia,Lastra,36155
36156,276679422,Araceli,Agullo,36156
36157,694662328,Felix,Alamo,36157
36158,769551022,Fausto,Barcena,36158
36159,528632379,Pepe,Vall,36159
36160,131937232,Roque,Ocana,36160
36161,606397367,Cirino,Zorrilla,36161
36162,637829298,Lourdes,Alba,36162
36163,367573164,Jeremias,Mata,36163
36164,907005448,Marta,Dieguez,36164
36165,976529441,Mirta,Blanca,36165
36166,143478441,Celso,Peral,36166
36167,295815688,Samuel,Acosta,36167
36168,759385326,Gregorio,Sacristan,36168
36169,801952881,Barbara,Rueda,36169
36170,950232891,Sarita,Valls,36170
36171,182701142,Gaston,Falcon,36171
36172,295292417,Esperanza,Hierro,36172
36173,767753587,Serafina,Navas,36173
36174,948235799,Jessica,Nogueira,36174
36175,415258554,Augusto,Jove,36175
36176,577425182,Ariadna,Espinosa,36176
36177,919676445,Angelita,Arias,36177
36178,590307448,Evangelina,Malo,36178
36179,488623874,Rocio,Pujol,36179
36180,842377558,Sergio,Bartolome,36180
36181,759123731,Walter,Mendizabal,36181
36182,413337215,Jose Miguel,Segarra,36182
36183,799223461,Leonor,Bermudez,36183
36184,245421443,Jose Mari,Garrido,36184
36185,740803782,Rosenda,Gomez,36185
36186,215711910,Marcial,Lorenzo,36186
36187,711455887,Pio,Rios,36187
36188,185240259,Simon,Terron,36188
36189,502067815,Custodio,Adadia,36189
36190,430461167,Anacleto,Nicolau,36190
36191,171942780,Antonia,Villena,36191
36192,426912144,Abilio,Arellano,36192
36193,834081391,Cristian,Perales,36193
36194,697597662,Ricarda,Codina,36194
36195,873513346,Perla,Berenguer,36195
36196,148537032,Maria,Piquer,36196
36197,946556123,Amaya,Ortiz,36197
36198,117786379,Ismael,Borras,36198
36199,193272364,Maria Jose,Valls,36199
36200,367676219,Celestino,Caparros,36200
36201,984854702,Elodia,Anton,36201
36202,940737532,Lupe,Ferrera,36202
36203,260099810,Amalia,Villa,36203
36204,910446507,Pelayo,Blazquez,36204
36205,328516228,Silvio,Moran,36205
36206,946947516,Ismael,Ribas,36206
36207,754890881,Lalo,Salinas,36207
36208,508277595,Alexandra,Nino,36208
36209,192428686,Catalina,Rojas,36209
36210,976659293,Regina,Miro,36210
36211,957089953,Felipa,Jurado,36211
36212,102536500,Violeta,Arroyo,36212
36213,967942168,Tristan,Casanovas,36213
36214,348699024,Almudena,Rocha,36214
36215,316977068,Cloe,Blazquez,36215
36216,592419728,Itziar,Jimenez,36216
36217,516917596,Marino,Tovar,36217
36218,943480607,Ezequiel,Sierra,36218
36219,818486193,Ariel,Galan,36219
36220,397550795,Jacobo,Martinez,36220
36221,404402488,Flavia,Andres,36221
36222,726846806,Maura,Montero,36222
36223,507346884,Roberta,Urena,36223
36224,693176850,Samuel,Romeu,36224
36225,315160563,Hermenegildo,Portillo,36225
36226,685035787,Rolando,Balaguer,36226
36227,225513696,Beatriz,Bayo,36227
36228,609422546,Wilfredo,Cespedes,36228
36229,586488958,Leandro,Alberdi,36229
36230,306764762,Fortunata,Ballester,36230
36231,920099328,Alfonso,Calderon,36231
36232,658444192,Amado,Abascal,36232
36233,497517709,Etelvina,Maza,36233
36234,585642759,Abel,Lopez,36234
36235,926870195,Delfina,Amor,36235
36236,554458966,Bernardo,Barrera,36236
36237,375394723,Patricia,Ibarra,36237
36238,260513009,Amor,Fabregas,36238
36239,383142983,Remedios,Munoz,36239
36240,240655140,Ascension,Hernandez,36240
36241,512584745,Timoteo,Campos,36241
36242,529296782,Manuela,Giralt,36242
36243,610096619,Nazaret,Blanco,36243
36244,446526285,Zacarias,Lago,36244
36245,866384768,Alejandro,Benavente,36245
36246,578162361,Rebeca,Toro,36246
36247,660649291,Borja,Solis,36247
36248,901276276,Candido,Segovia,36248
36249,107655731,Agata,Alvarez,36249
36250,777667583,Juan Luis,Diego,36250
36251,415505039,Florina,Abellan,36251
36252,538602313,Augusto,Sarmiento,36252
36253,255693432,Jose Ramon,Maza,36253
36254,976916764,Balduino,Ramis,36254
36255,423575447,Catalina,Hurtado,36255
36256,869194050,Irma,Paez,36256
36257,917503291,Eduardo,Arregui,36257
36258,391243950,Visitacion,Arenas,36258
36259,423575506,Miriam,Cabanillas,36259
36260,646638330,Natanael,Tellez,36260
36261,522641424,Eliseo,Torrent,36261
36262,695553717,Sergio,Benitez,36262
36263,749255493,Juan Antonio,Larranaga,36263
36264,902575665,Yaiza,Martin,36264
36265,962230135,Espiridion,Otero,36265
36266,106282829,Alfredo,Alvaro,36266
36267,747414241,Amor,Verdejo,36267
36268,651509518,Chema,Pinilla,36268
36269,553827806,Vasco,Gonzalez,36269
36270,556952719,Tere,Villegas,36270
36271,989728014,Jeronimo,Cabello,36271
36272,330897088,Irma,Aguilo,36272
36273,743136695,Melisa,Almansa,36273
36274,938215237,Pablo,Vega,36274
36275,228008140,Placido,Alarcon,36275
36276,345671239,Amparo,Mur,36276
36277,563800095,Noelia,Guardia,36277
36278,634499372,Jessica,Villar,36278
36279,981392127,Emperatriz,Higueras,36279
36280,893175188,Elba,Salgado,36280
36281,511710893,Lucho,Palacios,36281
36282,784516855,Encarnita,Quiroga,36282
36283,939030478,Aitor,Gil,36283
36284,951448519,Susanita,Bonilla,36284
36285,380518728,Gilberto,Lago,36285
36286,358129180,Valentin,Catala,36286
36287,672320620,Evaristo,Moll,36287
36288,804098690,Carlito,Echeverria,36288
36289,233534496,Pia,Aleman,36289
36290,878935766,Sigfrido,Carvajal,36290
36291,715273985,Victoriano,Villa,36291
36292,895242253,Felix,Quiros,36292
36293,517256088,Natividad,Julia,36293
36294,760811250,Ema,Bartolome,36294
36295,806939901,Bernardita,Llado,36295
36296,148835837,Amor,Almansa,36296
36297,261878219,Martina,Grande,36297
36298,851360338,Pascual,Zaragoza,36298
36299,342858785,Evaristo,Baena,36299
36300,731880707,Miguela,Pelayo,36300
36301,365995227,Evangelina,Ribes,36301
36302,157466809,Adelardo,Fortuny,36302
36303,196049882,Ovidio,Galvez,36303
36304,187163456,Rafael,Roldan,36304
36305,466264075,Hernando,Bustos,36305
36306,114062262,Consuelo,Roda,36306
36307,701847141,Felisa,Salvador,36307
36308,827961148,Marisol,Gordillo,36308
36309,133033399,Violeta,Planas,36309
36310,383290661,Renato,Olive,36310
36311,116860532,Irene,Leon,36311
36312,904013084,Ariel,Murcia,36312
36313,504566324,Azucena,Osuna,36313
36314,319160779,Lisandro,Saez,36314
36315,519031927,Ramon,Pereira,36315
36316,739752108,Azahara,Yuste,36316
36317,978886698,Vidal,Aguilera,36317
36318,912974617,Leonel,Iriarte,36318
36319,949373847,Laura,Arias,36319
36320,360652670,Gracia,Molins,36320
36321,683610123,Buenaventura,Gibert,36321
36322,876271146,Lupe,Rueda,36322
36323,201346239,Adrian,Costa,36323
36324,920263007,Maxi,Carballo,36324
36325,444540442,Jaime,Arnau,36325
36326,216982616,Obdulia,Sarabia,36326
36327,236214327,Paola,Estevez,36327
36328,675224844,Regulo,Valdes,36328
36329,498769509,Bartolome,Exposito,36329
36330,971052776,Carlos,Carmona,36330
36331,914738968,Dario,Guillen,36331
36332,733789197,Aitor,Rebollo,36332
36333,482519979,Zaira,Carvajal,36333
36334,700123674,Marisela,Buendia,36334
36335,717313131,Manuelita,Morata,36335
36336,447933867,Raul,Nogues,36336
36337,872425864,Maria Carmen,Galindo,36337
36338,544425313,Marina,Villar,36338
36339,678128910,Carmela,Ruiz,36339
36340,794479503,Guillermo,Manjon,36340
36341,795843113,Gisela,Redondo,36341
36342,958138424,Joaquina,Barrio,36342
36343,204872226,Federico,Ferrera,36343
36344,719814775,Adelia,Segovia,36344
36345,575028239,Paco,Dominguez,36345
36346,547043462,Mariana,Bru,36346
36347,406397492,Pablo,Toledo,36347
36348,878956869,Jordi,Guijarro,36348
36349,562015859,Rosa,Navarrete,36349
36350,987762434,Serafina,Rojas,36350
36351,504513388,Estefania,Bou,36351
36352,263058998,Encarnacion,Acero,36352
36353,654584112,Haydee,Quiros,36353
36354,783855651,Trinidad,Nieto,36354
36355,600576691,Rosa Maria,Hernandez,36355
36356,687017345,Tania,Manjon,36356
36357,399670098,Toribio,Rio,36357
36358,940371689,Gil,Pedrero,36358
36359,416026071,Pablo,Solano,36359
36360,635576085,Rosalinda,Ramirez,36360
36361,859257984,Segismundo,Buendia,36361
36362,996060565,Mario,Vendrell,36362
36363,839063966,Amparo,Zamora,36363
36364,759668105,Maristela,Taboada,36364
36365,776744310,Aitor,Jodar,36365
36366,656283439,Desiderio,Arnau,36366
36367,929512370,Lucila,Amaya,36367
36368,577295033,Anna,Garces,36368
36369,270174141,Aitana,Sanabria,36369
36370,141404347,Edmundo,Domingo,36370
36371,274832554,Josep,Llorente,36371
36372,767432007,Amor,Rosado,36372
36373,268407937,Nazaret,Conde,36373
36374,607588881,Jesus,Garcia,36374
36375,445079867,Eladio,Pelaez,36375
36376,584703436,Roberta,Saez,36376
36377,650432731,Lupe,Verdugo,36377
36378,263521508,Bonifacio,Alberola,36378
36379,496081751,Pilar,Mas,36379
36380,561120666,Ingrid,Otero,36380
36381,392854126,Jafet,Ramirez,36381
36382,464348328,Rosalinda,Torralba,36382
36383,890652230,Benigno,Garces,36383
36384,542073122,Albino,Morales,36384
36385,374226890,Bernardino,Coloma,36385
36386,631132119,Aurelio,Montes,36386
36387,817642910,Carla,Palomo,36387
36388,878722905,Emilia,Barranco,36388
36389,666509111,Baltasar,Gamez,36389
36390,545054911,Valentin,Pulido,36390
36391,276258744,Juan Antonio,Barriga,36391
36392,899592831,Maria Teresa,Gimeno,36392
36393,111469069,Juan Jose,Guillen,36393
36394,642781117,Alcides,Uria,36394
36395,688700256,Reinaldo,Ripoll,36395
36396,189089916,Fermin,Ricart,36396
36397,799003205,Noemi,Vilalta,36397
36398,417446323,Olalla,Frias,36398
36399,138359799,Amilcar,Lobo,36399
36400,282882548,Agapito,Aznar,36400
36401,374920524,Elodia,Becerra,36401
36402,261139138,Rafa,Acedo,36402
36403,922073733,Lope,Cases,36403
36404,281192906,Ariel,Almansa,36404
36405,295566122,Ana,Verdugo,36405
36406,255507984,Samuel,Tenorio,36406
36407,347278932,Fulgencio,Bautista,36407
36408,321452900,Evaristo,Malo,36408
36409,272362032,Josep,Crespo,36409
36410,743483697,Leocadia,Oliveras,36410
36411,988258933,Angel,Criado,36411
36412,109307380,Gisela,Ortiz,36412
36413,122368032,Ciriaco,Mas,36413
36414,371286031,Nazaret,Coll,36414
36415,475056671,Chema,Roma,36415
36416,768553794,Dario,Vila,36416
36417,424031048,Nico,Pascual,36417
36418,345268726,Melchor,Cordero,36418
36419,832932050,Lina,Mendoza,36419
36420,171823875,Onofre,Ortuno,36420
36421,615345909,Anibal,Chaparro,36421
36422,855029282,Federico,Cano,36422
36423,263570492,Edelmiro,Aleman,36423
36424,141866282,Maximiliano,Codina,36424
36425,902026629,Calixta,Zaragoza,36425
36426,498950133,Regulo,Sola,36426
36427,891650434,Victor Manuel,Cuadrado,36427
36428,318408529,Anna,Jordan,36428
36429,390936303,Jose Ramon,Figueroa,36429
36430,626992057,Concha,Cuervo,36430
36431,289388299,Marcia,Linares,36431
36432,459751252,Erasmo,Mas,36432
36433,596466671,Enrique,Camacho,36433
36434,407558757,Teo,Hoyos,36434
36435,380370493,Lourdes,Verdu,36435
36436,274011460,Regina,Castro,36436
36437,994383214,Maximiano,Carranza,36437
36438,279350671,Alfonso,Reyes,36438
36439,180915854,Climaco,Gascon,36439
36440,272657938,Marcelo,Sarabia,36440
36441,723301083,Agapito,Saavedra,36441
36442,182229960,Miguel Angel,Coello,36442
36443,857524318,Silvia,Mateu,36443
36444,712805485,Clementina,Sanmiguel,36444
36445,566938632,Florencio,Casares,36445
36446,427818459,Baudelio,Villalba,36446
36447,263516194,Adalberto,Moles,36447
36448,635578770,Maximo,Palmer,36448
36449,892275403,Jimena,Requena,36449
36450,630512782,Ale,Bru,36450
36451,670615771,Cruz,Tamarit,36451
36452,943845321,Espiridion,Mendez,36452
36453,340529384,Ciriaco,Andres,36453
36454,969524957,Isidro,Angel,36454
36455,399771916,Elba,Yuste,36455
36456,997577494,Selena,Manjon,36456
36457,749453295,Martin,Duran,36457
36458,355496210,Maximino,Noguera,36458
36459,499535934,Anastasio,Reina,36459
36460,318108707,Genoveva,Muro,36460
36461,423596906,Valeria,Guitart,36461
36462,165900535,Hortensia,Garcia,36462
36463,960578030,Aitana,Garmendia,36463
36464,708469378,Olivia,Adan,36464
36465,625676663,Loida,Nogueira,36465
36466,984672775,Bruno,Bejarano,36466
36467,668931145,Jovita,Monreal,36467
36468,591340783,Vera,Beltran,36468
36469,216130963,Zoraida,Perez,36469
36470,105245101,Florencia,Linares,36470
36471,295976781,Aroa,Marquez,36471
36472,710895168,Roldan,Grau,36472
36473,297939843,Basilio,Manrique,36473
36474,635960926,Marcial,Marcos,36474
36475,442588619,Sandra,Olmo,36475
36476,766214400,Americo,Calderon,36476
36477,755801149,Reyna,Lloret,36477
36478,741299843,Nieves,Morata,36478
36479,671252031,Teofila,Torrecilla,36479
36480,138402644,Lucio,Vicens,36480
36481,435374110,Nico,Salinas,36481
36482,662170098,Victor,Carretero,36482
36483,576833740,Teo,Marquez,36483
36484,719684305,Isaias,Osuna,36484
36485,764018382,Alberto,Casanovas,36485
36486,643807240,Lucia,Novoa,36486
36487,966433972,Jenny,Gabaldon,36487
36488,188563942,Roberta,Portillo,36488
36489,370353010,Soledad,Pujol,36489
36490,300121947,Carmela,Tena,36490
36491,526782693,Trinidad,Rodenas,36491
36492,787726599,Ambrosio,Espejo,36492
36493,420314958,Hermenegildo,Vilaplana,36493
36494,983167835,Matilde,Navarrete,36494
36495,521214665,Sergio,Luna,36495
36496,134006894,Alvaro,Iglesias,36496
36497,299606854,Micaela,Solano,36497
36498,803833896,Roldan,Garrido,36498
36499,240475702,Ximena,Alcaraz,36499
36500,203671577,Pio,Silva,36500
36501,987309067,Luciana,Caceres,36501
36502,226333144,Lorenzo,Rey,36502
36503,727229868,Ester,Carreras,36503
36504,596633654,Natividad,Hurtado,36504
36505,256668228,Emilia,Carrion,36505
36506,628086691,Rolando,Romeu,36506
36507,333352467,Sabas,Coronado,36507
36508,531441012,Salud,Isern,36508
36509,916810913,Walter,Vilaplana,36509
36510,836124901,Lola,Dieguez,36510
36511,761808113,Abilio,Pastor,36511
36512,755783415,Leandro,Ocana,36512
36513,172785895,Ale,Barcelo,36513
36514,857800200,Selena,Carro,36514
36515,905137861,Nando,Arevalo,36515
36516,531715982,Ariel,Soto,36516
36517,917304813,Teo,Cuevas,36517
36518,705472081,Bernabe,Minguez,36518
36519,424381022,Brunilda,Palomares,36519
36520,456116536,Matias,Valenzuela,36520
36521,328300436,Carlito,Pallares,36521
36522,700604849,Albino,Aragon,36522
36523,758920098,Maximiano,Lopez,36523
36524,142025761,Leonor,Estevez,36524
36525,242940914,Olga,Monreal,36525
36526,104246816,Dafne,Ros,36526
36527,421024869,Carolina,Falcon,36527
36528,293363891,Ciro,Azcona,36528
36529,208635516,Tere,Llorens,36529
36530,609299723,Debora,Barros,36530
36531,116310312,Leyre,Domingo,36531
36532,366434061,Nilo,Quevedo,36532
36533,970031216,Lorena,Planas,36533
36534,670940727,Vito,Reyes,36534
36535,979427669,Cristian,Aguilo,36535
36536,727364011,Teresita,Barbera,36536
36537,428588341,Fulgencio,Tur,36537
36538,226582164,Andrea,Quintero,36538
36539,773314038,Cesar,Mayoral,36539
36540,137850823,Arcelia,Salcedo,36540
36541,172001641,Azeneth,Cabello,36541
36542,436250021,Dani,Rubio,36542
36543,120655575,Nazario,Araujo,36543
36544,916353970,Abel,Marquez,36544
36545,602221865,Amaya,Montoya,36545
36546,648380661,Andres,Talavera,36546
36547,432319329,Juan Bautista,Saldana,36547
36548,921856740,Fabiana,Flores,36548
36549,954114702,Osvaldo,Barba,36549
36550,328222074,Mariano,Alvarado,36550
36551,331395395,Rodrigo,Medina,36551
36552,172557595,Cayetano,Pedro,36552
36553,840004195,Amor,Marco,36553
36554,660112268,Melchor,Estevez,36554
36555,795741250,Fernanda,Lastra,36555
36556,202662341,Cruz,Nevado,36556
36557,775485140,Maricruz,Bolanos,36557
36558,160036427,Sandalio,Rosales,36558
36559,468269030,Natalio,Hervia,36559
36560,183023321,Rodolfo,Gilabert,36560
36561,867233365,Jacinto,Oliva,36561
36562,369482676,Albino,Aguado,36562
36563,498731016,Carlito,Tudela,36563
36564,598523544,Nicolas,Marin,36564
36565,227173877,Yago,Escriva,36565
36566,804381252,Mayte,Cordero,36566
36567,833859511,Dani,Vilaplana,36567
36568,724462731,Paola,Perez,36568
36569,678715380,Gil,Nicolas,36569
36570,955278011,Matilde,Lopez,36570
36571,139667233,Yago,Rico,36571
36572,251605687,Macaria,Reyes,36572
36573,120584210,Isabela,Rey,36573
36574,407315842,Onofre,Perea,36574
36575,758638919,Segismundo,Bayon,36575
36576,159029652,Hermenegildo,Alvarez,36576
36577,634154945,Ciro,Cabeza,36577
36578,563098993,Sancho,Lobo,36578
36579,873194362,Noe,Marquez,36579
36580,777086479,Pastor,Peral,36580
36581,304511612,Yaiza,Bolanos,36581
36582,298371385,Paz,Cuesta,36582
36583,432505600,Feliciana,Heredia,36583
36584,240120356,Jovita,Galvez,36584
36585,790588997,Otilia,Llanos,36585
36586,338059473,Aristides,Cuenca,36586
36587,662696321,Bartolome,Alberdi,36587
36588,622400681,Baudelio,Grande,36588
36589,209579373,Jacinto,Clemente,36589
36590,297134774,Georgina,Pareja,36590
36591,396027613,Juan Antonio,Pacheco,36591
36592,420709120,Esther,Ballesteros,36592
36593,341145180,Sabina,Mate,36593
36594,959673480,Sarita,Torralba,36594
36595,610802506,Tomas,Valcarcel,36595
36596,514318215,Alba,Abad,36596
36597,136803172,Camila,Escudero,36597
36598,408578934,Gustavo,Herrera,36598
36599,551452924,Rafael,Garcia,36599
36600,982184813,Ruperto,Vergara,36600
36601,277665516,Jovita,Arribas,36601
36602,312594551,Martina,Castrillo,36602
36603,309615371,Miguel Angel,Rios,36603
36604,614000013,Pia,Benitez,36604
36605,148207985,Manuel,Cervera,36605
36606,873383171,Reynaldo,Calleja,36606
36607,172439908,Manu,Angel,36607
36608,357865795,Marcela,Poza,36608
36609,613525454,Bartolome,Prats,36609
36610,164940744,Dionisia,Olmo,36610
36611,783273172,Florentina,Llabres,36611
36612,361676269,Alonso,Colomer,36612
36613,445390289,Camilo,Gomez,36613
36614,290069387,Eustaquio,Hernando,36614
36615,786115726,Antonio,Mesa,36615
36616,382417028,Leandro,Ocana,36616
36617,951899982,Eva,Amigo,36617
36618,334375991,Amparo,Jauregui,36618
36619,150509463,Reyes,Leon,36619
36620,129396539,Leire,Galvan,36620
36621,499418696,Amaya,Uria,36621
36622,701411664,Evangelina,Duque,36622
36623,911050471,Isidro,Villa,36623
36624,107514802,Albano,Mesa,36624
36625,100492282,Luis,Tamayo,36625
36626,157368275,Candido,Prieto,36626
36627,971842455,Jesusa,Jerez,36627
36628,931941538,Renata,Gordillo,36628
36629,312928267,Rufino,Franch,36629
36630,407028027,Samuel,Bernal,36630
36631,223588444,Candida,Nevado,36631
36632,745390181,Luisina,Hierro,36632
36633,780163767,Rafael,Sala,36633
36634,545135530,Ramiro,Camacho,36634
36635,376075854,Carolina,Campo,36635
36636,527132100,Godofredo,Guerra,36636
36637,269344365,Ainara,Azcona,36637
36638,233959849,Ambar,Pozo,36638
36639,796288762,Martin,Castilla,36639
36640,409401687,Iban,Collado,36640
36641,853974023,Camila,Bellido,36641
36642,137994031,Jose Carlos,Iniesta,36642
36643,173722574,Ani,Serna,36643
36644,496691811,Candela,Polo,36644
36645,755459049,Lara,Carreno,36645
36646,161073318,Julio Cesar,Heredia,36646
36647,211892482,Graciela,Leon,36647
36648,502685629,Gil,Gallo,36648
36649,242607026,Inigo,Falcon,36649
36650,403934247,Apolinar,Posada,36650
36651,592639194,Abigail,Barriga,36651
36652,832389617,Francisco,Zabala,36652
36653,408697003,Eloisa,Mendez,36653
36654,704298975,Florentina,Calatayud,36654
36655,799912808,Nilda,Lerma,36655
36656,409810370,Ciro,Carlos,36656
36657,105170001,Norberto,Exposito,36657
36658,572710902,Jafet,Roig,36658
36659,728548913,Augusto,Amo,36659
36660,443415757,Soledad,Herrera,36660
36661,724903091,Donato,Sevilla,36661
36662,987060718,Florentina,Salas,36662
36663,633436996,Maria Del Carmen,Urrutia,36663
36664,694513036,Marianela,Barcena,36664
36665,931841576,Nerea,Moles,36665
36666,509965999,Violeta,Torrents,36666
36667,893367547,Olalla,Garriga,36667
36668,471717088,Brigida,Mugica,36668
36669,132639241,Carlos,Aguila,36669
36670,559689946,Adelardo,Lumbreras,36670
36671,431918345,Luis,Abella,36671
36672,845888685,Miriam,Adadia,36672
36673,319889960,Evita,Vigil,36673
36674,575833889,Jesusa,Duran,36674
36675,830528723,Gloria,Mayoral,36675
36676,759301665,Leocadia,Pallares,36676
36677,123997096,Jose Manuel,Galindo,36677
36678,580979109,Maristela,Bustos,36678
36679,266798552,Dafne,Cabrero,36679
36680,248904338,Saturnino,Bermudez,36680
36681,589088695,Olga,Oliver,36681
36682,173527786,Guillermo,Botella,36682
36683,143242997,Mayte,Gordillo,36683
36684,544297288,Nacho,Collado,36684
36685,605785146,Severino,Gomez,36685
36686,481406529,Fernanda,Muniz,36686
36687,783652192,Paco,Gual,36687
36688,272077173,Luis,Egea,36688
36689,421445721,Jose,Maldonado,36689
36690,693674145,Jorge,Landa,36690
36691,788571394,Roberta,Arevalo,36691
36692,759793273,Nadia,Ribera,36692
36693,479374636,Silvia,Castaneda,36693
36694,558015218,Fortunato,Verdugo,36694
36695,500740057,Angelica,Carbajo,36695
36696,976538744,Julia,Gomez,36696
36697,357043795,Dulce,Sierra,36697
36698,977302174,Luna,Pablo,36698
36699,775928613,Evangelina,Pujadas,36699
36700,399175700,Aroa,Barreda,36700
36701,920161661,Maria Manuela,Benavides,36701
36702,787901769,Laura,Arnal,36702
36703,144350066,Maxi,Marin,36703
36704,201231215,Artemio,Carrion,36704
36705,425325003,Fermin,Aznar,36705
36706,311185103,Damian,Gargallo,36706
36707,432452314,Sara,Landa,36707
36708,609523652,Custodio,Anton,36708
36709,979036014,America,Baro,36709
36710,798428257,Andrea,Carvajal,36710
36711,168256678,Custodio,Yanez,36711
36712,732728403,Marcela,Martinez,36712
36713,206372869,Felipa,Burgos,36713
36714,291373601,Miguel,Tejada,36714
36715,908684088,Micaela,Velez,36715
36716,427372869,Ascension,Enriquez,36716
36717,134691027,Rosalinda,Morales,36717
36718,731471802,Jose,Gelabert,36718
36719,666505922,Seve,Pacheco,36719
36720,871894079,Julieta,Serra,36720
36721,615458192,Anselmo,Mesa,36721
36722,615193535,Rolando,Llobet,36722
36723,522602319,Chema,Aroca,36723
36724,286607839,Porfirio,Fabregat,36724
36725,122740782,Begona,Coll,36725
36726,946409096,Edmundo,Ochoa,36726
36727,634642257,Eusebia,Pardo,36727
36728,598117026,Adalberto,Cabanillas,36728
36729,547804335,Nazaret,Fabra,36729
36730,587302543,Juan Bautista,Ferran,36730
36731,205897549,Melisa,Chamorro,36731
36732,190450255,Isa,Ferrandez,36732
36733,950473723,Lalo,Chamorro,36733
36734,996314443,Belen,Mercader,36734
36735,901843766,Yolanda,Valencia,36735
36736,695649171,Aaron,Gomez,36736
36737,641822131,Dolores,Mosquera,36737
36738,173758165,Domitila,Noguera,36738
36739,726329188,Rosenda,Belda,36739
36740,476913404,Ileana,Fuentes,36740
36741,139574483,Gaspar,Esteve,36741
36742,231655625,Cesar,Macias,36742
36743,109085675,Ainoa,Cortina,36743
36744,486127805,Salome,Rodrigo,36744
36745,769618730,Ramiro,Blanco,36745
36746,135212784,Buenaventura,Benitez,36746
36747,180457311,Maria Luisa,Vaquero,36747
36748,517599547,Sandalio,Sala,36748
36749,921195077,Saturnina,Uribe,36749
36750,201250431,Pia,Sabater,36750
36751,915051749,Guillermo,Vina,36751
36752,218189745,Josep,Suarez,36752
36753,710379020,Nuria,Baron,36753
36754,748154301,Telmo,Gutierrez,36754
36755,631982213,Sarita,Blazquez,36755
36756,582004242,America,Molins,36756
36757,581195312,Gabino,Cordero,36757
36758,341856621,Tecla,Parra,36758
36759,588851463,Alexandra,Gutierrez,36759
36760,455993529,Agueda,Mesa,36760
36761,175899115,Eli,Domenech,36761
36762,278805022,Lorenza,Boada,36762
36763,767495260,Arturo,Pages,36763
36764,464335294,Laura,Espejo,36764
36765,315425235,Olegario,Mosquera,36765
36766,660588082,Fatima,Aguilera,36766
36767,818361456,Esther,Recio,36767
36768,868806497,Severino,Belmonte,36768
36769,528670427,Marcelino,Pavon,36769
36770,344049730,Xiomara,Arino,36770
36771,212372612,Eulalia,Quintanilla,36771
36772,765399206,Flavio,Nicolau,36772
36773,607586238,Judith,Sanjuan,36773
36774,222471555,Eusebia,Martin,36774
36775,335220689,Godofredo,Valenciano,36775
36776,477307865,Asuncion,Aranda,36776
36777,485884600,Mariano,Aller,36777
36778,396900549,Maxima,Sanz,36778
36779,341703591,Primitivo,Conesa,36779
36780,875185049,Julio,Zamorano,36780
36781,390089529,Guillermo,Vicente,36781
36782,851691271,Cleto,Redondo,36782
36783,461686657,Joaquin,Gallart,36783
36784,349509990,Marcelino,Alfaro,36784
36785,147865010,Laura,Zapata,36785
36786,843561433,Elba,Tome,36786
36787,506540508,Baltasar,Ricart,36787
36788,317718908,Trinidad,Leiva,36788
36789,137114218,Nadia,Barrio,36789
36790,885945777,German,Higueras,36790
36791,225147402,Lupe,Ponce,36791
36792,114371041,Tomas,Valencia,36792
36793,224543693,Felipa,Sans,36793
36794,894247736,Anacleto,Ballester,36794
36795,555402677,Amaro,Escamilla,36795
36796,339846530,Sosimo,Reig,36796
36797,427963481,Jose Mari,Solera,36797
36798,513135789,Ciro,Duran,36798
36799,127521089,Corona,Borras,36799
36800,815972311,Pelayo,Aznar,36800
36801,276148865,Maria Carmen,Arjona,36801
36802,203667290,Graciano,Gaya,36802
36803,713459178,Lucas,Canet,36803
36804,991721655,Serafina,Carranza,36804
36805,560854743,Basilio,Ortiz,36805
36806,813592760,Agueda,Guardiola,36806
36807,463876624,Onofre,Escudero,36807
36808,240739555,Maximo,Esparza,36808
36809,694705894,Pascuala,Iglesia,36809
36810,991058237,Cruz,Arjona,36810
36811,640866757,Victor Manuel,Ayllon,36811
36812,991136709,Raimundo,Losa,36812
36813,988217209,Maria Angeles,Blanch,36813
36814,852930230,Juanita,Sole,36814
36815,765981125,Benita,Nicolas,36815
36816,789040484,Consuela,Guillen,36816
36817,499591666,Luis,Esteve,36817
36818,339472909,Carmela,Sanabria,36818
36819,121965393,Natalio,Iglesias,36819
36820,234773515,Leoncio,Villalonga,36820
36821,587877152,Ceferino,Puga,36821
36822,747919405,Jose Antonio,Portillo,36822
36823,133991864,Edgar,Perales,36823
36824,412309976,Angelino,Alberto,36824
36825,650638137,Lope,Carretero,36825
36826,516518715,Geronimo,Sanmartin,36826
36827,892992223,Abel,Pablo,36827
36828,276359863,Encarnacion,Arnau,36828
36829,690111162,Anselma,Antunez,36829
36830,375301055,Gustavo,Pons,36830
36831,207660533,Miguel,Sabater,36831
36832,695355312,Bautista,Almeida,36832
36833,787807532,Obdulia,Vazquez,36833
36834,642802889,Eugenio,Lujan,36834
36835,493894264,Horacio,Santamaria,36835
36836,442246581,Buenaventura,Real,36836
36837,169554028,Melchor,Ortuno,36837
36838,399018167,Nadia,Batalla,36838
36839,171193036,Adelia,Domenech,36839
36840,391033923,Wilfredo,Ferreras,36840
36841,876434731,Valentin,Toledo,36841
36842,853777135,Catalina,Gallego,36842
36843,471912985,Florencio,Valera,36843
36844,614354216,Encarnita,Villanueva,36844
36845,476541702,Cintia,Villalobos,36845
36846,188689331,Raul,Cid,36846
36847,750438022,Fabiola,Pujol,36847
36848,366321503,Omar,Jauregui,36848
36849,464739398,Francisco Jose,Blazquez,36849
36850,395953926,Josefa,Carballo,36850
36851,708124350,Amor,Lledo,36851
36852,432888816,Fidela,Mateos,36852
36853,938160779,Quique,Parra,36853
36854,955585618,Nilo,Maza,36854
36855,947127985,Iris,Maestre,36855
36856,766606974,Haydee,Saldana,36856
36857,906404404,Marc,Ledesma,36857
36858,423382044,Odalys,Rodriguez,36858
36859,832972030,Sigfrido,Segui,36859
36860,518362355,Lorenza,Cid,36860
36861,485496586,Bibiana,Jimenez,36861
36862,316376376,Nidia,Gutierrez,36862
36863,168778110,Marcelo,Martorell,36863
36864,657708774,Silvio,Gras,36864
36865,643206329,Esteban,Tomas,36865
36866,749820015,Tere,Villalobos,36866
36867,532805380,Mariana,Diaz,36867
36868,102505059,Florencio,Valenciano,36868
36869,953466010,Adelina,Baro,36869
36870,929907918,Adrian,Raya,36870
36871,643016153,Inmaculada,Izaguirre,36871
36872,440072636,Amaro,Mayo,36872
36873,529271029,Ariel,Mosquera,36873
36874,526098453,Evita,Soto,36874
36875,590861902,Felicia,Ribes,36875
36876,988728262,Ignacia,Campo,36876
36877,466201639,Celso,Iniguez,36877
36878,998300777,Candelas,Agudo,36878
36879,749437416,Rosa Maria,Porta,36879
36880,257039326,Pelayo,Puerta,36880
36881,327425983,Nando,Sanmartin,36881
36882,226310503,Esther,Atienza,36882
36883,480699711,Carmela,Ballesteros,36883
36884,231751843,Espiridion,Tome,36884
36885,219101822,Griselda,Noriega,36885
36886,599776832,Faustino,Borras,36886
36887,551957852,Jose,Fuentes,36887
36888,340501910,Candido,Prat,36888
36889,532363927,Consuela,Manuel,36889
36890,277422888,Teo,Herrero,36890
36891,647434429,Amaya,Tormo,36891
36892,311499858,Pascuala,Quevedo,36892
36893,770063597,Raquel,Barroso,36893
36894,515027136,Teresita,Borrego,36894
36895,812854752,Angelita,Bustos,36895
36896,644132601,Fulgencio,Cabrera,36896
36897,477876629,Victor,Calderon,36897
36898,226189042,Emiliana,Canovas,36898
36899,244711239,Eulalia,Ayuso,36899
36900,272073326,Aurea,Ferrandiz,36900
36901,912647187,Alejandro,Ugarte,36901
36902,689940604,Maribel,Blasco,36902
36903,917419662,Milagros,Giralt,36903
36904,716837269,Ana Sofia,Almagro,36904
36905,494681480,Filomena,Carbonell,36905
36906,411676367,Luis Miguel,Saura,36906
36907,399458751,Ana,Pereira,36907
36908,905163047,Edgardo,Jordan,36908
36909,485112254,Candela,Flores,36909
36910,420479605,Regina,Trillo,36910
36911,188425086,Bernardino,Borrell,36911
36912,325862659,Juan Francisco,Parejo,36912
36913,654153707,Eusebio,Muniz,36913
36914,789622602,Mariano,Pardo,36914
36915,603223817,Cipriano,Carrasco,36915
36916,518942028,Jose Antonio,Cabrera,36916
36917,536609665,Xavier,Puig,36917
36918,726119964,Angeles,Aragones,36918
36919,371101375,Javi,Santana,36919
36920,566479509,Edelmiro,Farre,36920
36921,197743169,Ramona,Hurtado,36921
36922,173569084,Celestina,Boada,36922
36923,151568830,Benigna,Pallares,36923
36924,660586205,Judith,Olivares,36924
36925,600668946,Roldan,Sarabia,36925
36926,557420816,Rosalinda,Quero,36926
36927,513447544,Mercedes,Acedo,36927
36928,442923367,Berta,Tomas,36928
36929,104073438,Maria Cristina,Olive,36929
36930,968015409,Carmelita,Barroso,36930
36931,834535627,Susana,Mendez,36931
36932,258444535,America,Valcarcel,36932
36933,116833359,Fortunato,Artigas,36933
36934,261746473,Alonso,Duran,36934
36935,909873159,Telmo,Barranco,36935
36936,867801115,Lope,Lara,36936
36937,793175751,Borja,Uria,36937
36938,459659525,Luis Angel,Llabres,36938
36939,220667575,Manuela,Guillen,36939
36940,748343402,Vasco,Gallardo,36940
36941,550787081,Diana,Vega,36941
36942,598171600,Pelayo,Pages,36942
36943,218027362,Calisto,Diaz,36943
36944,144299767,Jose Angel,Cortina,36944
36945,348748676,Vicente,Muniz,36945
36946,355163269,Marisela,Dominguez,36946
36947,368707241,Bernabe,Nicolau,36947
36948,856012012,Carlota,Rius,36948
36949,804727537,Tomasa,Quintanilla,36949
36950,490097654,Ingrid,Garcia,36950
36951,141238353,Olga,Santana,36951
36952,237033291,Etelvina,Cuervo,36952
36953,544845539,Calixto,Nadal,36953
36954,855701248,Amparo,Valenzuela,36954
36955,535234300,Eleuterio,Rodriguez,36955
36956,801763954,Fabio,Belmonte,36956
36957,367113213,Lorena,Morell,36957
36958,832519342,Mohamed,Sancho,36958
36959,914923236,Leandro,Alfonso,36959
36960,302676837,Cleto,Vallejo,36960
36961,206096108,Fabian,Pulido,36961
36962,492306107,Loreto,Morell,36962
36963,157147418,Calisto,Valderrama,36963
36964,486420431,Octavio,Iglesias,36964
36965,901045517,Alfredo,Canellas,36965
36966,794308705,Amaro,Canovas,36966
36967,693310539,Amelia,Penalver,36967
36968,733171378,Maximiano,Ros,36968
36969,713860548,Leopoldo,Roldan,36969
36970,382604036,Julian,Rojas,36970
36971,463639177,Morena,Gisbert,36971
36972,340348489,Albano,Torrens,36972
36973,661727594,Joaquina,Corbacho,36973
36974,719826826,Salomon,Nebot,36974
36975,795669139,Paloma,Campoy,36975
36976,309561587,Narcisa,Atienza,36976
36977,424529389,Ligia,Elias,36977
36978,404519769,Roman,Marmol,36978
36979,774787608,Silvia,Sarabia,36979
36980,518751420,Humberto,Olive,36980
36981,265161399,Victoria,Alegria,36981
36982,966274561,Nilo,Sandoval,36982
36983,992233715,Ramiro,Coca,36983
36984,138809693,Carmina,Ortiz,36984
36985,304077577,Felix,Benito,36985
36986,546223518,Elba,Almazan,36986
36987,145528075,Salvador,Ramirez,36987
36988,659477195,Veronica,Carbonell,36988
36989,198176562,Marcos,Esparza,36989
36990,578936099,Adrian,Martin,36990
36991,224774846,Tania,Cueto,36991
36992,409407014,Ramon,Rosa,36992
36993,629924661,Fabiana,Estevez,36993
36994,925593036,Jaime,Sans,36994
36995,566526245,Perla,Tapia,36995
36996,329531745,Agapito,Baro,36996
36997,163082528,Pacifica,Espinosa,36997
36998,349249547,Julio Cesar,Jover,36998
36999,492657925,Sebastian,Ariza,36999
37000,727652653,Arsenio,Ripoll,37000
37001,559593579,Bernardo,Canovas,37001
37002,582154086,Alejandra,Mugica,37002
37003,181925602,Jordi,Teruel,37003
37004,136566056,Merche,Llano,37004
37005,116859817,Iker,Villalobos,37005
37006,202050247,Nuria,Merino,37006
37007,229199230,Abraham,Ribera,37007
37008,678187789,Rosalinda,Nicolas,37008
37009,419875629,Lorena,Comas,37009
37010,734794521,Tadeo,Costa,37010
37011,239255535,Sandra,Canizares,37011
37012,577198210,Flavio,Aranda,37012
37013,963501210,Candelario,Pineda,37013
37014,792753744,Moreno,Nevado,37014
37015,977060130,Artemio,Prat,37015
37016,695002625,Agustina,Cortes,37016
37017,385879784,Juan Pablo,Prats,37017
37018,419535552,Fanny,Rosado,37018
37019,308027940,Celestino,Abellan,37019
37020,292333813,Lupita,Sobrino,37020
37021,829382544,Cristobal,Villa,37021
37022,429317282,Dolores,Hoz,37022
37023,382025050,Danilo,Criado,37023
37024,525898237,Valentin,Gallego,37024
37025,864839024,Anibal,Paez,37025
37026,362314003,Catalina,Vicente,37026
37027,126553444,Adolfo,Quiroga,37027
37028,104926594,Mateo,Alba,37028
37029,788587875,Concepcion,Pol,37029
37030,350358450,Maria Angeles,Prieto,37030
37031,214431680,Elena,Ugarte,37031
37032,760157691,Alcides,Arce,37032
37033,923496534,Roman,Tenorio,37033
37034,121013635,Modesta,Bartolome,37034
37035,320544949,Guadalupe,Vidal,37035
37036,480325873,Luis Angel,Bastida,37036
37037,159769428,Debora,Carrion,37037
37038,138121569,Silvia,Varela,37038
37039,804053618,Encarna,Varela,37039
37040,775501864,Ciriaco,Carretero,37040
37041,930524396,Catalina,Gaya,37041
37042,736165859,Victor,Perales,37042
37043,249239934,Baltasar,Bustamante,37043
37044,934099796,Ursula,Miranda,37044
37045,554527094,Simon,Moraleda,37045
37046,230649039,Marcela,Sureda,37046
37047,768513323,Alejo,Bartolome,37047
37048,760969818,Martina,Valle,37048
37049,104226325,Calixto,Fonseca,37049
37050,258603834,Rosalinda,Vilanova,37050
37051,440187470,Marisela,Cespedes,37051
37052,864884399,Lucio,Trillo,37052
37053,122595395,Raimundo,Benavides,37053
37054,170102420,Zoraida,Raya,37054
37055,837251228,Tiburcio,Camara,37055
37056,666778795,Ciriaco,Pablo,37056
37057,334477204,Emigdio,Font,37057
37058,278032621,Nieves,Diego,37058
37059,240714249,Agustin,Vallejo,37059
37060,942540044,Nacio,Penas,37060
37061,403254928,Venceslas,Alfaro,37061
37062,294332808,Rosalina,Gil,37062
37063,432985350,Fermin,Pazos,37063
37064,156944426,Chucho,Hernando,37064
37065,197564004,Silvestre,Anglada,37065
37066,389787576,Leonardo,Bru,37066
37067,628327214,Dorita,Garmendia,37067
37068,922910455,Flor,Sanjuan,37068
37069,712260457,Roberta,Matas,37069
37070,381833368,Griselda,Alberto,37070
37071,950273143,Nuria,Ferrer,37071
37072,898342850,Conrado,Cabrera,37072
37073,353824633,Rogelio,Moya,37073
37074,733165051,Fortunata,Rios,37074
37075,157107892,Maria Del Carmen,Ruano,37075
37076,143299507,German,Alamo,37076
37077,144171468,Candida,Prats,37077
37078,342709029,Paulino,Roman,37078
37079,477000822,Gerardo,Font,37079
37080,264543788,Oriana,Ribas,37080
37081,193075471,Alejandra,Lobo,37081
37082,479711632,Soraya,Nino,37082
37083,585595078,Leon,Gordillo,37083
37084,791401419,Antonio,Cuesta,37084
37085,205777000,Rebeca,Escalona,37085
37086,860915291,Cruz,Espejo,37086
37087,987954536,Olivia,Castilla,37087
37088,537695050,Mariana,Prat,37088
37089,634153154,Victor Manuel,Galvan,37089
37090,687852651,Palmira,Nunez,37090
37091,505608763,Epifanio,Martinez,37091
37092,331440081,Abigail,Perello,37092
37093,809753140,Reina,Ramirez,37093
37094,930490308,Valentina,Ribas,37094
37095,650331755,Sancho,Polo,37095
37096,196414114,Lalo,Palomino,37096
37097,671392004,Marisol,Arino,37097
37098,184689376,Ernesto,Jara,37098
37099,603993050,Eloy,Blanes,37099
37100,235557864,Ana Sofia,Rivera,37100
37101,458996586,Camila,Tur,37101
37102,209001440,Maria,Flor,37102
37103,795436244,Dorotea,Guzman,37103
37104,144143265,Julia,Pelayo,37104
37105,377845416,Constanza,Velez,37105
37106,310794714,Asuncion,Torre,37106
37107,226818050,Duilio,Blanco,37107
37108,169050573,Yessica,Blazquez,37108
37109,681201240,Gala,Espanol,37109
37110,951688390,Andres,Valls,37110
37111,411170396,Angelita,Batalla,37111
37112,126753828,Baltasar,Riquelme,37112
37113,930461804,Joaquin,Sarabia,37113
37114,784114769,Jose Antonio,Canton,37114
37115,149212143,Bonifacio,Elorza,37115
37116,255694723,Candelas,Vendrell,37116
37117,653167969,Martina,Santana,37117
37118,674125327,Roxana,Uriarte,37118
37119,775670135,Manuel,Estevez,37119
37120,238145139,Mirta,Gibert,37120
37121,656210189,Malena,Tomas,37121
37122,408910123,Donato,Vilalta,37122
37123,651739297,Leopoldo,Paredes,37123
37124,354099137,Angel,Elorza,37124
37125,751432188,Fausto,Lozano,37125
37126,737604019,Nadia,Mulet,37126
37127,869301661,Raul,Agusti,37127
37128,337548982,Eufemia,Cerda,37128
37129,568860931,Santiago,Nicolau,37129
37130,520330431,Modesta,Pintor,37130
37131,454872200,Maria Fernanda,Carreno,37131
37132,474555627,Ovidio,Sans,37132
37133,676603057,Griselda,Cobos,37133
37134,958227183,Amor,Alvaro,37134
37135,861165925,Ernesto,Sainz,37135
37136,613626273,Tamara,Feliu,37136
37137,541641981,Tere,Mateu,37137
37138,486930854,Clarisa,Melendez,37138
37139,331909750,Jacobo,Marmol,37139
37140,228650679,Prudencio,Anton,37140
37141,490923247,Sigfrido,Bonilla,37141
37142,931477490,Mar,Pomares,37142
37143,421357672,Luis Angel,Casado,37143
37144,378579876,Encarnita,Hernandez,37144
37145,161201289,Gisela,Jove,37145
37146,214271852,Xavier,Larranaga,37146
37147,653509268,Diego,Caparros,37147
37148,490459053,Hector,Ramon,37148
37149,150680756,Eugenia,Ayuso,37149
37150,915520003,Chus,Manzanares,37150
37151,151395749,Ileana,Merino,37151
37152,880393460,Amador,Ledesma,37152
37153,686131960,Lara,Caro,37153
37154,130837078,Ambrosio,Escriva,37154
37155,879747506,Milagros,Alegre,37155
37156,835109722,Paulina,Palomino,37156
37157,127889906,Emma,Pla,37157
37158,429843188,Teofilo,Navarrete,37158
37159,293721114,Jordi,Robles,37159
37160,751293498,Gloria,Hidalgo,37160
37161,313329380,Isidoro,Ramirez,37161
37162,690707019,Bartolome,Lloret,37162
37163,949030934,Pepe,Narvaez,37163
37164,354156283,Valentina,Manzanares,37164
37165,590599814,Felicidad,Aranda,37165
37166,788778965,Rosendo,Ros,37166
37167,756289418,Ernesto,Francisco,37167
37168,724339954,Tania,Galindo,37168
37169,932606152,Mohamed,Lobo,37169
37170,552259346,Guillermo,Peral,37170
37171,571942395,Baltasar,Granados,37171
37172,745261783,Bernardita,Feliu,37172
37173,543692965,Wilfredo,Maestre,37173
37174,297727429,Leopoldo,Leon,37174
37175,707556532,Daniela,Villalba,37175
37176,320713725,Regulo,Arteaga,37176
37177,254770331,Lorena,Bellido,37177
37178,839711992,Panfilo,Baquero,37178
37179,235915126,Jose Luis,Iriarte,37179
37180,489834474,Leyre,Amoros,37180
37181,273422880,Vito,Cardenas,37181
37182,339679846,Epifanio,Rodriguez,37182
37183,178778814,Encarnacion,Gual,37183
37184,834473720,Evelia,Lastra,37184
37185,533270651,Nicolas,Barragan,37185
37186,617555576,Josefa,Gomez,37186
37187,211003848,Otilia,Lucena,37187
37188,704346602,Julia,Oller,37188
37189,411040945,Daniela,Martin,37189
37190,668133182,Chucho,Montesinos,37190
37191,126753375,Amarilis,Rivas,37191
37192,628748403,Carmela,Tormo,37192
37193,352527005,Edgar,Hidalgo,37193
37194,595703756,Reina,Iniguez,37194
37195,529694530,Abraham,Castaneda,37195
37196,528803312,Maria Jesus,Hernandez,37196
37197,901949163,Gisela,Rovira,37197
37198,983393953,Inigo,Ortuno,37198
37199,148964596,Mohamed,Hoz,37199
37200,523317295,Roxana,Leal,37200
37201,820191378,Rosalina,Olmo,37201
37202,358425689,Macario,Salinas,37202
37203,167816773,Isabel,Mendez,37203
37204,846903669,Dolores,Lucena,37204
37205,789793067,Carlos,Puig,37205
37206,776037027,Xiomara,Collado,37206
37207,315012369,Maximo,Segui,37207
37208,867990839,Ana Belen,Chico,37208
37209,518503117,Maxima,Vila,37209
37210,287049639,Carlos,Sanchez,37210
37211,954196625,Berta,Sanabria,37211
37212,463222861,Remigio,Osuna,37212
37213,954913124,Benigna,Quiroga,37213
37214,328141790,Marta,Carrion,37214
37215,387106462,Reyna,Ruiz,37215
37216,529276390,Ruperto,Priego,37216
37217,565067728,Maria Manuela,Collado,37217
37218,664864247,Tecla,Perera,37218
37219,796646104,Leticia,Font,37219
37220,174259022,Abigail,Casals,37220
37221,898115388,Apolinar,Berenguer,37221
37222,499541263,Andrea,Blazquez,37222
37223,840063182,Sara,Cabeza,37223
37224,522309150,Delia,Ferrandiz,37224
37225,571748156,Cayetana,Pla,37225
37226,333636693,Samu,Barral,37226
37227,189364396,Juan Jose,Carlos,37227
37228,606899799,Maximino,Cordoba,37228
37229,552133436,Fabiana,Davila,37229
37230,908866118,Adriana,Arribas,37230
37231,583243219,Ciriaco,Cortes,37231
37232,460537908,Amor,Domingo,37232
37233,146880181,Quique,Pozuelo,37233
37234,675417370,Adelia,Calzada,37234
37235,998821247,Nicolasa,Moll,37235
37236,356634675,Ursula,Farre,37236
37237,207275128,Maricruz,Alberdi,37237
37238,668894603,Eva Maria,Morillo,37238
37239,894437617,Javi,Cordero,37239
37240,209881577,Alba,Franco,37240
37241,902812132,Hortensia,Lloret,37241
37242,801436485,Domingo,Rico,37242
37243,486161168,Carla,Daza,37243
37244,275542992,Alfonso,Priego,37244
37245,339455179,Emigdio,Fonseca,37245
37246,676781352,Efrain,Lumbreras,37246
37247,839165372,Hector,Huerta,37247
37248,460823239,Lupe,Rosello,37248
37249,448835339,Oriana,Ortega,37249
37250,718392020,Victor,Marti,37250
37251,396109843,Rebeca,Vendrell,37251
37252,433027516,Felix,Nunez,37252
37253,727059686,Florina,Mateos,37253
37254,515440107,Lorena,Maldonado,37254
37255,642192061,Hector,Paredes,37255
37256,133948670,Nydia,Mosquera,37256
37257,307909419,Matilde,Bermudez,37257
37258,896935530,Sebastian,Alarcon,37258
37259,206066723,Atilio,Gonzalo,37259
37260,376957367,Eduardo,Sierra,37260
37261,691190675,Sabas,Alberola,37261
37262,731975369,Soraya,Acosta,37262
37263,517038900,Maria,Lumbreras,37263
37264,490590045,Fanny,Leon,37264
37265,444952006,Piedad,Luis,37265
37266,113452431,Pia,Corominas,37266
37267,841982326,Antonia,Sedano,37267
37268,486671527,Vito,Valero,37268
37269,343202585,Carlota,Carlos,37269
37270,761635331,Carlota,Diego,37270
37271,877223613,Debora,Clemente,37271
37272,229567882,Herberto,Vilanova,37272
37273,931838669,Bartolome,Noguera,37273
37274,516964025,Javier,Navas,37274
37275,244666373,Tatiana,Guzman,37275
37276,839632988,Silvia,Pelaez,37276
37277,713057477,Angela,Cortina,37277
37278,856684189,Salud,Rosell,37278
37279,266823450,Sara,Davila,37279
37280,202213788,Benigna,Vazquez,37280
37281,227663320,Elvira,Corominas,37281
37282,896264811,Purificacion,Feijoo,37282
37283,384138755,Emiliano,Carballo,37283
37284,875186496,Rosalia,Tome,37284
37285,709272982,Luis Angel,Hernandez,37285
37286,672275229,Xavier,Cal,37286
37287,796909357,Climaco,Carballo,37287
37288,441712841,Casemiro,Valderrama,37288
37289,602238559,Ximena,Campoy,37289
37290,688614992,Teo,Parra,37290
37291,376153466,Adalberto,Mata,37291
37292,371602071,Salomon,Rosales,37292
37293,778650679,Cebrian,Crespo,37293
37294,282347862,Balduino,Revilla,37294
37295,518385883,Sigfrido,Molins,37295
37296,111814562,Ramiro,Cisneros,37296
37297,257846736,Raimundo,Luque,37297
37298,134568359,Jose Mari,Ordonez,37298
37299,225518868,Nazaret,Gabaldon,37299
37300,195192222,Adolfo,Coello,37300
37301,470937972,Marco,Villa,37301
37302,535645410,Samanta,Carbajo,37302
37303,348130846,Carina,Castaneda,37303
37304,167065642,Vasco,Font,37304
37305,458191398,Heraclio,Haro,37305
37306,886471446,Febe,Cal,37306
37307,750686279,Lupita,Aguilo,37307
37308,415973568,Victoria,Acedo,37308
37309,102169094,Concha,Tur,37309
37310,907032609,Matias,Pedrosa,37310
37311,439185813,Octavio,Torrecilla,37311
37312,334449388,Victorino,Tejera,37312
37313,930157668,Crescencia,Alemany,37313
37314,413617143,Ligia,Sancho,37314
37315,365337297,Azahara,Ferrer,37315
37316,870947353,Humberto,Rivas,37316
37317,817877462,Azahara,Perera,37317
37318,294804012,Eligio,Benavides,37318
37319,397502601,Jordi,Pelaez,37319
37320,108982562,Leire,Iglesias,37320
37321,446658157,Hernando,Ferrandez,37321
37322,399530171,Juan Jose,Clavero,37322
37323,660371171,Leonor,Guillen,37323
37324,823405645,Santiago,Palomares,37324
37325,710655610,Horacio,Martinez,37325
37326,853244748,Jennifer,Bosch,37326
37327,279452130,Candelaria,Pazos,37327
37328,734396604,Imelda,Munoz,37328
37329,552360603,Rene,Diaz,37329
37330,321893553,Fabiola,Pombo,37330
37331,979651539,Angelita,Duran,37331
37332,441308557,Jose Ignacio,Alarcon,37332
37333,189629219,Flavia,Baron,37333
37334,669871304,Teodosio,Torrecilla,37334
37335,368631425,Serafina,Puig,37335
37336,875662511,Augusto,Jauregui,37336
37337,470023354,Leticia,Peinado,37337
37338,665205876,Noe,Borrego,37338
37339,950207548,Leocadia,Gelabert,37339
37340,237398640,Cayetana,Jauregui,37340
37341,224149682,Benigna,Anglada,37341
37342,740906588,Lalo,Goni,37342
37343,366090543,Vito,Chico,37343
37344,267985771,Juana,Noriega,37344
37345,597907586,Azahar,Cazorla,37345
37346,859642864,Donato,Vilar,37346
37347,512731544,Mohamed,Palma,37347
37348,708832285,Severo,Galvan,37348
37349,628563023,Isa,Menendez,37349
37350,441139700,Manuela,Pareja,37350
37351,984975733,Carmina,Cuadrado,37351
37352,464170806,Samuel,Verdugo,37352
37353,784818193,Reyna,Tormo,37353
37354,376360703,Jose,Barcelo,37354
37355,253867239,Jose,Carretero,37355
37356,642104909,Manuelita,Montenegro,37356
37357,266099875,Encarnacion,Blasco,37357
37358,792107194,Cleto,Domenech,37358
37359,680778709,Maria Angeles,Barrios,37359
37360,706531246,Omar,Murcia,37360
37361,501041863,Alma,Ripoll,37361
37362,969570708,Maria Carmen,Blanco,37362
37363,479556507,Nico,Salas,37363
37364,355749106,Ale,Pedro,37364
37365,308492531,Fortunato,Sales,37365
37366,666415311,Albino,Tormo,37366
37367,839929624,Lisandro,Pinol,37367
37368,444730745,Sabina,Casares,37368
37369,860372622,Ciriaco,Lastra,37369
37370,287020854,Dominga,Moya,37370
37371,403474181,Bautista,Solis,37371
37372,931597011,Amalia,Zamorano,37372
37373,685545194,Edgardo,Isern,37373
37374,559543738,Jose Ignacio,Laguna,37374
37375,450254056,Mercedes,Saldana,37375
37376,995418800,Epifanio,Rodenas,37376
37377,583284081,Baudelio,Villanueva,37377
37378,887930910,Inmaculada,Baeza,37378
37379,314360919,Tadeo,Bilbao,37379
37380,515981552,Maximino,Almagro,37380
37381,249461830,Francisca,Guijarro,37381
37382,851107460,Etelvina,Chaves,37382
37383,924401983,Bernarda,Aranda,37383
37384,854643349,Leon,Barranco,37384
37385,834290954,Luisina,Colom,37385
37386,291391034,Nayara,Alvaro,37386
37387,591388078,Florentino,Cornejo,37387
37388,637586867,Angelino,Baeza,37388
37389,189904411,Mohamed,Ortuno,37389
37390,505021387,Tiburcio,Jodar,37390
37391,359506495,Florinda,Barbero,37391
37392,324516336,Arturo,Baeza,37392
37393,230504246,Benjamin,Aramburu,37393
37394,683140782,Cayetano,Sedano,37394
37395,302623668,Encarnacion,Torres,37395
37396,195079767,Vicente,Padilla,37396
37397,779461437,Salomon,Hernandez,37397
37398,619878241,Quirino,Querol,37398
37399,515090023,Rafael,Hidalgo,37399
37400,151646002,Patricia,Fernandez,37400
37401,414398850,Rosalina,Bellido,37401
37402,653668783,Leticia,Canizares,37402
37403,254313199,Bibiana,Manrique,37403
37404,239714534,Roldan,Fuente,37404
37405,825936874,Sabas,Mayoral,37405
37406,895368262,Fernando,Palomar,37406
37407,334387695,Florentina,Viana,37407
37408,304075960,Lupita,Alonso,37408
37409,229937049,Caridad,Ribes,37409
37410,541856104,Griselda,Carpio,37410
37411,717428157,Raquel,Ayala,37411
37412,608460875,Maria Cristina,Alvarez,37412
37413,662739297,German,Castrillo,37413
37414,977493286,Maximiano,Lluch,37414
37415,837032824,Benita,Arteaga,37415
37416,159628777,Maribel,Escamilla,37416
37417,694097140,Daniel,Gamez,37417
37418,784693961,Maria,Gilabert,37418
37419,517327166,Reyes,Pozuelo,37419
37420,880791368,Lalo,Diaz,37420
37421,168951659,Josue,Salamanca,37421
37422,355858290,David,Pou,37422
37423,111583303,Jessica,Chamorro,37423
37424,222368298,Berto,Amigo,37424
37425,394592465,Octavia,Solsona,37425
37426,235292150,Leoncio,Peral,37426
37427,174571800,Espiridion,Barbero,37427
37428,928737858,Pacifica,Vallejo,37428
37429,217274729,Macario,Frutos,37429
37430,769886288,Maxi,Rodriguez,37430
37431,328166550,Malena,Segura,37431
37432,960361810,Amarilis,Villalobos,37432
37433,441937356,Raquel,Medina,37433
37434,639107049,Eligia,Rodriguez,37434
37435,495266176,Concepcion,Guerrero,37435
37436,500214058,Dorita,Pablo,37436
37437,294127354,Antonia,Berenguer,37437
37438,615380259,Cornelio,Puerta,37438
37439,334105726,Roman,Elias,37439
37440,605845511,Marcela,Fabra,37440
37441,711670174,Albano,Vergara,37441
37442,583035530,Geraldo,Bernad,37442
37443,337510018,Noelia,Montenegro,37443
37444,963783280,Jose Ignacio,Codina,37444
37445,831091029,Mirta,Diego,37445
37446,977851020,Agustina,Acosta,37446
37447,998200258,Jeremias,Calvet,37447
37448,326387717,Feliciano,Ramirez,37448
37449,630089202,Climaco,Agudo,37449
37450,259603239,Adan,Abella,37450
37451,598378200,Lina,Corbacho,37451
37452,444448193,Teofilo,Macias,37452
37453,288176128,Domingo,Mora,37453
37454,665020888,Nicolasa,Cardenas,37454
37455,925025517,Porfirio,Solsona,37455
37456,849903695,Monica,Alvarez,37456
37457,865922375,Teodora,Mateu,37457
37458,515221578,Calisto,Miranda,37458
37459,742814534,Maria Belen,Uriarte,37459
37460,582360417,Silvia,Roldan,37460
37461,521142658,Luciano,Miro,37461
37462,395878707,Jose Mari,Higueras,37462
37463,252939620,Azeneth,Goicoechea,37463
37464,751751458,Esmeralda,Manzanares,37464
37465,990908896,Maricela,Abril,37465
37466,942311727,Melisa,Hervia,37466
37467,415388429,Hernando,Padilla,37467
37468,911361359,Maria,Baron,37468
37469,822257449,Rufino,Pino,37469
37470,987638457,Selena,Molins,37470
37471,250303020,Natanael,Reina,37471
37472,245308758,Jeronimo,Antunez,37472
37473,915976999,Camila,Cortes,37473
37474,434046197,Gaspar,Lastra,37474
37475,550752336,Ruperto,Cazorla,37475
37476,189548898,Chuy,Izaguirre,37476
37477,246535368,Ana Belen,Hierro,37477
37478,859368266,Chema,Perera,37478
37479,928562641,Belen,Pedrero,37479
37480,222203794,Fortunata,Roig,37480
37481,497455801,Bernarda,Guillen,37481
37482,701283411,Feliciano,Busquets,37482
37483,614385597,Bernarda,Sales,37483
37484,919533560,Herminia,Casares,37484
37485,728974287,Felicia,Conde,37485
37486,492898259,Alexandra,Nunez,37486
37487,705001272,Javier,Martin,37487
37488,927732190,Regina,Aleman,37488
37489,347448341,Guillermo,Abril,37489
37490,109458443,Trinidad,Pons,37490
37491,676426265,Monica,Arregui,37491
37492,370401256,Isabel,Ballester,37492
37493,995025101,Marita,Herrero,37493
37494,395471918,Bernardo,Arnaiz,37494
37495,519654115,Ezequiel,Sanabria,37495
37496,822913199,Cruz,Barbero,37496
37497,143177567,Brunilda,Ricart,37497
37498,726049826,Manuelita,Rosado,37498
37499,970700930,Bernabe,Donoso,37499
37500,774370074,Zacarias,Revilla,37500
37501,370105858,Purificacion,Aroca,37501
37502,745528006,Felisa,Zamora,37502
37503,946790488,Rosa Maria,Quintana,37503
37504,616616088,Itziar,Vidal,37504
37505,222958516,Carlota,Duque,37505
37506,918761236,Ciriaco,Bolanos,37506
37507,363578532,Aitor,Mur,37507
37508,962780164,Ainoa,Carlos,37508
37509,306550609,Esther,Franch,37509
37510,112012083,Herminia,Fiol,37510
37511,352214722,Ani,Ugarte,37511
37512,596820253,Leandra,Rossello,37512
37513,824443147,Saturnina,Tome,37513
37514,810316529,Sergio,Cervantes,37514
37515,811236867,Rocio,Lloret,37515
37516,441530514,Ana,Perez,37516
37517,162701033,Conrado,Maldonado,37517
37518,165387727,Evita,Pardo,37518
37519,859382798,Pacifica,Pineiro,37519
37520,786876649,Leoncio,Bermudez,37520
37521,451607914,Debora,Lumbreras,37521
37522,601874651,Juan Bautista,Mir,37522
37523,967533887,Hermenegildo,Crespi,37523
37524,910935909,Isaac,Fonseca,37524
37525,472096286,Clemente,Nogues,37525
37526,298716590,Asuncion,Fiol,37526
37527,273724283,Chelo,Iglesias,37527
37528,705811194,Tatiana,Moles,37528
37529,435513688,Carlos,Sola,37529
37530,827015645,Victoria,Cerro,37530
37531,355505558,Paulino,Balaguer,37531
37532,151774349,Gustavo,Caparros,37532
37533,566922711,Herminia,Rosado,37533
37534,563278605,Americo,Aller,37534
37535,102810404,Lorenzo,Canete,37535
37536,268457343,Pepita,Nino,37536
37537,137890737,Odalys,Sanchez,37537
37538,528960808,Wilfredo,Navarrete,37538
37539,914244336,Gervasio,Flor,37539
37540,443492257,Rosa Maria,Chacon,37540
37541,693846093,Susana,Palau,37541
37542,546602383,Sandra,Vaquero,37542
37543,642331644,Cintia,Verdejo,37543
37544,227718183,Fortunato,Nino,37544
37545,558355808,Merche,Barros,37545
37546,766585177,Regina,Lillo,37546
37547,498748262,Yago,Robles,37547
37548,517427746,Araceli,Guijarro,37548
37549,702015224,Viviana,Prat,37549
37550,376145157,Goyo,Rocha,37550
37551,370841786,Baldomero,Torrens,37551
37552,889255585,Modesto,Melero,37552
37553,469401619,Calixto,Rosell,37553
37554,393332303,Florina,Tena,37554
37555,192321364,Angelina,Tejero,37555
37556,750232387,Roberto,Cordoba,37556
37557,501473977,Edelmira,Lastra,37557
37558,187129699,Alcides,Mora,37558
37559,252139709,Araceli,Flor,37559
37560,210711674,Hugo,Mateos,37560
37561,702094150,Amando,Sanmiguel,37561
37562,917972072,Alondra,Prado,37562
37563,595595959,Berto,Valencia,37563
37564,349029931,Febe,Andres,37564
37565,145237280,Maria Jesus,Ramirez,37565
37566,147305794,Ovidio,Vicente,37566
37567,663321064,Ruben,Iriarte,37567
37568,573327167,Juan Jose,Camacho,37568
37569,730630470,Azahar,Daza,37569
37570,794941070,Quique,Nadal,37570
37571,264446785,Flavio,Muniz,37571
37572,331535217,Urbano,Prado,37572
37573,281147351,Eliana,Moles,37573
37574,879191140,Carlito,Gallo,37574
37575,908093810,Margarita,Cuellar,37575
37576,102481850,Godofredo,Gelabert,37576
37577,345140727,Evita,Garces,37577
37578,990135589,Ovidio,Nogueira,37578
37579,939346824,Teo,Martin,37579
37580,451838011,Cayetana,Carnero,37580
37581,130411296,Saturnina,Abascal,37581
37582,466344545,Edelmira,Francisco,37582
37583,981816256,Bienvenida,Lumbreras,37583
37584,861422584,Ildefonso,Requena,37584
37585,151152586,Amalia,Galvez,37585
37586,372944079,Belen,Arteaga,37586
37587,961443761,Leonel,Gonzalez,37587
37588,547547090,Adela,Tejera,37588
37589,178724376,Ricarda,Baquero,37589
37590,421013078,Tiburcio,Tello,37590
37591,152441287,Alexandra,Pomares,37591
37592,809134238,Noelia,Barros,37592
37593,650262145,Heliodoro,Ramirez,37593
37594,216561898,Nestor,Cases,37594
37595,723187083,Noelia,Murcia,37595
37596,143981010,Isaias,Aguilar,37596
37597,970820124,Florencio,Sanmiguel,37597
37598,350600124,Felicidad,Plaza,37598
37599,639826435,Primitivo,Solano,37599
37600,776211308,Liliana,Plaza,37600
37601,618992334,Eloy,Gomez,37601
37602,960772863,Guadalupe,Lobo,37602
37603,725075393,Custodia,Lumbreras,37603
37604,598024980,Olga,Bonet,37604
37605,570764360,Francisco Jose,Arco,37605
37606,935396525,Olivia,Moll,37606
37607,911447751,Blas,Mate,37607
37608,648165853,Borja,Carrion,37608
37609,936133187,Reyna,Sole,37609
37610,942802505,Emma,Mateo,37610
37611,257936432,Valero,Linares,37611
37612,498188756,Martina,Pascual,37612
37613,214084441,Itziar,Arregui,37613
37614,707316864,Natividad,Franco,37614
37615,253654479,Angeles,Alberto,37615
37616,712557510,Florinda,Pozuelo,37616
37617,489759081,Cayetano,Colom,37617
37618,309235099,Maximiano,Franco,37618
37619,995901121,Cintia,Guzman,37619
37620,772787600,Renata,Cadenas,37620
37621,502654545,Magdalena,Chamorro,37621
37622,813012913,Horacio,Armengol,37622
37623,573962819,Barbara,Acuna,37623
37624,509469203,Climaco,Guerrero,37624
37625,299343628,Xiomara,Ballesteros,37625
37626,273615341,Guiomar,Baena,37626
37627,896288357,Jose Maria,Munoz,37627
37628,858105194,Nelida,Prats,37628
37629,968390828,Hernan,Mariscal,37629
37630,521953027,Candela,Saura,37630
37631,553250867,Marcial,Urena,37631
37632,983416392,Florentino,Armas,37632
37633,204533305,Noemi,Uribe,37633
37634,652221445,Lalo,Perez,37634
37635,854255101,Custodio,Tamarit,37635
37636,241483629,Samanta,Gual,37636
37637,793103857,Demetrio,Baquero,37637
37638,805108369,Samu,Echevarria,37638
37639,235865518,Alfredo,Barrios,37639
37640,722658901,Quique,Barranco,37640
37641,845157931,Anastasia,Espana,37641
37642,146953189,Victoriano,Guerrero,37642
37643,522288238,Ruy,Leon,37643
37644,868533913,Ester,Montes,37644
37645,255533868,Silvia,Escribano,37645
37646,809228976,Gregorio,Gimeno,37646
37647,144205963,Reyna,Roda,37647
37648,239619425,Ani,Bayo,37648
37649,488164181,Daniel,Pulido,37649
37650,219595151,Anselma,Mateos,37650
37651,623928446,Joan,Arregui,37651
37652,308467420,Olalla,Bastida,37652
37653,513486822,Ana,Pou,37653
37654,435429935,Victorino,Dalmau,37654
37655,523286681,Marta,Cordoba,37655
37656,119861953,Pia,Alonso,37656
37657,397685393,Judith,Vicente,37657
37658,630255968,Herberto,Cervantes,37658
37659,699823482,Nilda,Hoz,37659
37660,727254003,Galo,Sales,37660
37661,664380729,Mario,Diez,37661
37662,717641119,Ingrid,Marti,37662
37663,756784760,Manu,Santana,37663
37664,741836839,Lucio,Moreno,37664
37665,207563919,Cornelio,Suarez,37665
37666,827590288,Hector,Ortuno,37666
37667,271933238,Desiderio,Ocana,37667
37668,946581989,Mateo,Ramirez,37668
37669,950142541,Amarilis,Laguna,37669
37670,452149927,Faustino,Alberdi,37670
37671,359717116,Leonor,Giron,37671
37672,101955793,Marcos,Exposito,37672
37673,112784944,Dominga,Marco,37673
37674,933084301,Ruy,Zurita,37674
37675,515984010,Alexandra,Salazar,37675
37676,124213453,Rosario,Calvo,37676
37677,258220427,Joaquin,Cabezas,37677
37678,529780441,Bienvenida,Palma,37678
37679,260324453,Carlota,Reina,37679
37680,915584566,Tatiana,Fuertes,37680
37681,583456470,Natanael,Ortega,37681
37682,786488131,Perla,Baena,37682
37683,127343058,Javier,Nadal,37683
37684,279663085,Irma,Bilbao,37684
37685,421535381,Maria Angeles,Baena,37685
37686,167346101,Leandro,Amador,37686
37687,187003595,Crescencia,Anglada,37687
37688,595237977,Wilfredo,Tejada,37688
37689,885709201,Josefina,Sastre,37689
37690,909221005,Leoncio,Acosta,37690
37691,290221107,Florentina,Olivera,37691
37692,739050071,Gerardo,Mena,37692
37693,800838458,Amparo,Ibanez,37693
37694,843571945,Angelica,Rovira,37694
37695,999816617,Erasmo,Abella,37695
37696,554931272,Agustin,Bayon,37696
37697,990793428,Carla,Camara,37697
37698,328591239,Amarilis,Martinez,37698
37699,231358283,Emma,Gabaldon,37699
37700,263606282,Rene,Pinilla,37700
37701,485879036,Virgilio,Gallardo,37701
37702,652266274,Alejandro,Villar,37702
37703,789868485,Teo,Arenas,37703
37704,855985735,Dario,Marquez,37704
37705,672321716,Edelmira,Atienza,37705
37706,507695278,Jose Carlos,Haro,37706
37707,386496428,Cintia,Dalmau,37707
37708,540932655,Fatima,Gras,37708
37709,794157217,Dorotea,Vallejo,37709
37710,980249389,Emiliana,Murillo,37710
37711,369543491,Gertrudis,Beltran,37711
37712,341450824,Nilo,Blanes,37712
37713,545275747,Sandra,Estevez,37713
37714,372736831,Mercedes,Oliveras,37714
37715,638453437,Mateo,Alberdi,37715
37716,591579130,Felix,Gimeno,37716
37717,235614058,Patricia,Pina,37717
37718,474371772,Teo,Miralles,37718
37719,356584125,Cirino,Pedrosa,37719
37720,422548705,Sara,Carranza,37720
37721,947603598,Pacifica,Miranda,37721
37722,622586390,Adan,Torre,37722
37723,797084217,Ruben,Batlle,37723
37724,186472213,Alfredo,Mora,37724
37725,596339283,Graciana,Acero,37725
37726,739288628,Cecilio,Lumbreras,37726
37727,173378507,Toribio,Colomer,37727
37728,814554070,Zacarias,Camacho,37728
37729,139012421,Debora,Porcel,37729
37730,362488663,Marcos,Gibert,37730
37731,299102866,Felix,Miralles,37731
37732,895890762,Jose Manuel,Palacios,37732
37733,133602475,Ruben,Pinedo,37733
37734,479242971,Angeles,Llorens,37734
37735,541390857,Melchor,Font,37735
37736,851623748,Magdalena,Paz,37736
37737,910183518,Maria Teresa,Tome,37737
37738,222410970,Oriana,Rodriguez,37738
37739,992985822,Primitivo,Pedrero,37739
37740,541831809,Maura,Cerda,37740
37741,381135741,Luis,Roma,37741
37742,149268701,Severiano,Castilla,37742
37743,525548260,Edu,Hernandez,37743
37744,851772966,Amaya,Santamaria,37744
37745,305885186,Belen,Malo,37745
37746,176617956,Lucia,Reina,37746
37747,962924405,Febe,Chaves,37747
37748,686474699,Tristan,Pastor,37748
37749,949820727,Crescencia,Botella,37749
37750,443246868,Georgina,Hernandez,37750
37751,974789296,Adriana,Iniguez,37751
37752,679097520,Sofia,Vallejo,37752
37753,982080338,Margarita,Lumbreras,37753
37754,335720125,Camilo,Barbera,37754
37755,547055099,Maria Angeles,Macias,37755
37756,677885003,Joan,Fuente,37756
37757,267788228,Juan Carlos,Jordan,37757
37758,651070644,Clarisa,Amor,37758
37759,988123420,Manuelita,Rodriguez,37759
37760,957393182,Adolfo,Mugica,37760
37761,417874440,Jorge,Saura,37761
37762,662750545,Alonso,Ferrer,37762
37763,511606752,Leocadia,Perales,37763
37764,750509148,Ildefonso,Cerezo,37764
37765,864296431,Sabas,Roman,37765
37766,176981836,Martina,Montalban,37766
37767,697827405,Florina,Tapia,37767
37768,933818273,Teodosio,Losada,37768
37769,604373907,Juliana,Simo,37769
37770,342977189,Concha,Juarez,37770
37771,769428072,Demetrio,Monreal,37771
37772,907132003,Benita,Sales,37772
37773,482537108,Hugo,Bravo,37773
37774,117846763,Ruperta,Vilalta,37774
37775,376451825,Guiomar,Benitez,37775
37776,919358267,Pilar,Recio,37776
37777,940000311,Sofia,Montserrat,37777
37778,112066464,Xiomara,Blanca,37778
37779,875686549,Ainara,Mateu,37779
37780,603011294,Prudencio,Duque,37780
37781,293485841,Eugenio,Echevarria,37781
37782,715582865,Paulina,Manso,37782
37783,459292710,Olalla,Zaragoza,37783
37784,826059162,Imelda,Castell,37784
37785,516443075,Teodosio,Segovia,37785
37786,886394029,Porfirio,Gomila,37786
37787,301504602,Ana,Gomila,37787
37788,579474967,Tristan,Rovira,37788
37789,809905867,Norberto,Berenguer,37789
37790,244898606,Bernardita,Velazquez,37790
37791,396944114,Mamen,Anton,37791
37792,716192946,Manu,Pedro,37792
37793,725862241,Candelario,Arcos,37793
37794,419257555,Ursula,Clemente,37794
37795,128136704,Herberto,Tormo,37795
37796,146402337,Adriana,Ribera,37796
37797,554942929,Asuncion,Canet,37797
37798,443800094,Moreno,Nebot,37798
37799,627261740,Omar,Navarrete,37799
37800,455191482,Leticia,Leon,37800
37801,430242277,Iker,Tellez,37801
37802,749999833,Consuela,Rodriguez,37802
37803,563830348,Bonifacio,Pedraza,37803
37804,404380158,Natalio,Esteban,37804
37805,463832159,Nieves,Pineiro,37805
37806,227800300,Ariel,Valero,37806
37807,989720453,Samu,Alcolea,37807
37808,666017764,Cruz,Rosales,37808
37809,906374441,Fabiola,Marquez,37809
37810,650657150,Jose Manuel,Torre,37810
37811,612933558,Elisa,Penas,37811
37812,984299506,Luisina,Canas,37812
37813,425252832,Teo,Roura,37813
37814,681901752,Ligia,Solis,37814
37815,243041158,Aurora,Torrents,37815
37816,443673419,Balduino,Arce,37816
37817,338851484,Yago,Cid,37817
37818,437733467,Vidal,Zorrilla,37818
37819,600950048,Zacarias,Vidal,37819
37820,676488590,Gerardo,Sotelo,37820
37821,620135825,Ciriaco,Mosquera,37821
37822,265691622,Edelmiro,Marquez,37822
37823,717166682,Yessica,Barbera,37823
37824,964646640,Blas,Carrillo,37824
37825,649620165,Benito,Canet,37825
37826,966922879,Candelaria,Granados,37826
37827,808091657,Wilfredo,Lorenzo,37827
37828,501098106,Aureliano,Cisneros,37828
37829,434662531,Leire,Carro,37829
37830,995071283,Apolinar,Julia,37830
37831,712195187,Francisco Javier,Tejedor,37831
37832,658997196,Ruperto,Jauregui,37832
37833,195165656,Lorena,Urena,37833
37834,785491874,Nydia,Pina,37834
37835,729424777,Jose Miguel,Aroca,37835
37836,456406368,Julio,Bas,37836
37837,782152466,Aura,Barral,37837
37838,945316978,Teobaldo,Bernal,37838
37839,320902967,Berta,Royo,37839
37840,271141373,Carmina,Carpio,37840
37841,469795687,Felisa,Rocamora,37841
37842,529965074,Glauco,Cueto,37842
37843,402431612,Edelmiro,Segarra,37843
37844,110907742,Climaco,Hidalgo,37844
37845,786873604,Rosalina,Pineiro,37845
37846,657670718,Laura,Parejo,37846
37847,685017281,Gustavo,Roldan,37847
37848,510492711,Casemiro,Torrent,37848
37849,356361932,Fidela,Bueno,37849
37850,712441085,Bernarda,Reyes,37850
37851,950912066,Aurea,Valero,37851
37852,203972119,Nacio,Palau,37852
37853,246985772,Marcos,Armengol,37853
37854,810011998,Jenny,Cifuentes,37854
37855,395647789,Casandra,Tamarit,37855
37856,806474119,Baldomero,Llorente,37856
37857,647047821,Milagros,Andres,37857
37858,573272739,Paca,Saavedra,37858
37859,138734037,Edgar,Tur,37859
37860,729295481,Claudia,Vilalta,37860
37861,981740043,Trini,Arce,37861
37862,241683334,Nazario,Juan,37862
37863,136922402,Cristina,Marti,37863
37864,603267342,Jose Ignacio,Quesada,37864
37865,517528365,Florencia,Pascual,37865
37866,294527251,Aristides,Lledo,37866
37867,646220411,Nazario,Dieguez,37867
37868,907355997,Dionisio,Arcos,37868
37869,600437163,Jonatan,Vilar,37869
37870,192239034,Palmira,Alegria,37870
37871,181278863,Maximiano,Palomares,37871
37872,559322734,Maximiano,Barros,37872
37873,819250041,Teresa,Palomares,37873
37874,585288516,Jessica,Carpio,37874
37875,623973060,Guiomar,Salcedo,37875
37876,201491249,Lola,Jordan,37876
37877,542681410,Dulce,Rivero,37877
37878,303999226,Ofelia,Adadia,37878
37879,673656995,Artemio,Domenech,37879
37880,921858866,Trinidad,Coll,37880
37881,479390103,Nestor,Seco,37881
37882,470331375,Alexandra,Castello,37882
37883,589365110,Florencia,Menendez,37883
37884,529342287,Clara,Moraleda,37884
37885,118699243,Leocadia,Pinol,37885
37886,328281501,Lola,Giner,37886
37887,314778671,Che,Correa,37887
37888,468865325,Maria Luisa,Blanca,37888
37889,494536316,Ximena,Matas,37889
37890,687159922,Amaya,Vilaplana,37890
37891,250065293,Alba,Echevarria,37891
37892,992449110,Macaria,Catalan,37892
37893,273321740,Cintia,Ribes,37893
37894,455397361,Priscila,Amoros,37894
37895,836205366,Gala,Verdu,37895
37896,279335589,Macario,Bellido,37896
37897,246126168,Francisco Javier,Andrade,37897
37898,772642860,Ruy,Carreras,37898
37899,482717567,Gustavo,Castrillo,37899
37900,500147684,Amalia,Baena,37900
37901,597109715,Carlota,Caballero,37901
37902,122576872,Visitacion,Jara,37902
37903,322415738,Jose,Perez,37903
37904,585810888,Azahara,Rey,37904
37905,923019889,Urbano,Gisbert,37905
37906,362793122,Laura,Quiros,37906
37907,976365654,Aristides,Pina,37907
37908,199374769,Inmaculada,Pineiro,37908
37909,646541313,Rolando,Uriarte,37909
37910,690296311,Rosalva,Pastor,37910
37911,310074479,Tatiana,Carmona,37911
37912,655373384,Rita,Melero,37912
37913,203010675,Florentina,Marmol,37913
37914,940362107,Maricela,Conesa,37914
37915,647748411,Jose Carlos,Tejedor,37915
37916,593399082,Leticia,Cuervo,37916
37917,194871052,Maria Jose,Bermudez,37917
37918,549867000,Amarilis,Llorente,37918
37919,911130901,Juan Bautista,Abad,37919
37920,274801229,Plinio,Pons,37920
37921,394792318,Rosaura,Sierra,37921
37922,225768459,Hector,Tellez,37922
37923,388399524,Fabricio,Mosquera,37923
37924,123044651,Clotilde,Correa,37924
37925,390749395,Inigo,Donaire,37925
37926,640556763,Caridad,Sole,37926
37927,494036113,Luis Miguel,Garcia,37927
37928,288131114,Florentina,Prieto,37928
37929,639000173,Valerio,Gimenez,37929
37930,803911809,Galo,Salvador,37930
37931,906206386,Fortunata,Guerrero,37931
37932,305443632,Jacinto,Frutos,37932
37933,465099030,Roque,Perera,37933
37934,257753404,Renato,Pareja,37934
37935,890451452,Diego,Garay,37935
37936,407597251,Feliciano,Mancebo,37936
37937,722105649,Ceferino,Cadenas,37937
37938,745269226,Luciano,Sacristan,37938
37939,577131375,Jaime,Marti,37939
37940,521650266,Ciro,Carvajal,37940
37941,247051083,Luciana,Galindo,37941
37942,464530482,Luciano,Llado,37942
37943,743063016,Visitacion,Mora,37943
37944,200159630,Leon,Rosello,37944
37945,217260749,Guadalupe,Martorell,37945
37946,430991429,Feliciana,Batalla,37946
37947,406873678,Efrain,Jover,37947
37948,599630727,Anita,Vera,37948
37949,737129555,Vito,Alcaraz,37949
37950,872282238,Valerio,Espejo,37950
37951,471493435,Abraham,Ortega,37951
37952,126986831,Marisela,Sastre,37952
37953,999111694,Alcides,Ibanez,37953
37954,348527033,Trinidad,Garmendia,37954
37955,266384519,Damian,Pozuelo,37955
37956,218492995,Ingrid,Canete,37956
37957,723263063,Filomena,Macias,37957
37958,665438701,Casandra,Garzon,37958
37959,476000972,Natalia,Cortes,37959
37960,440255419,Leonor,Corominas,37960
37961,562403213,Jacobo,Rossello,37961
37962,869737540,Inigo,Mateos,37962
37963,574481938,Jenny,Lloret,37963
37964,966917346,Esperanza,Santos,37964
37965,943572790,Itziar,Ramirez,37965
37966,191751684,Violeta,Sarmiento,37966
37967,406159717,Reyna,Lledo,37967
37968,346992995,Mateo,Falco,37968
37969,853351028,Balduino,Alvarez,37969
37970,681600137,Perla,Casanova,37970
37971,157214491,Tatiana,Ballesteros,37971
37972,420247121,Ingrid,Montenegro,37972
37973,849683601,Gervasio,Peiro,37973
37974,905254425,Pancho,Borja,37974
37975,597861693,Aurelio,Minguez,37975
37976,488598998,Glauco,Salamanca,37976
37977,603381197,Brunilda,Prat,37977
37978,360653839,Desiderio,Soria,37978
37979,258472379,Calixto,Rodenas,37979
37980,456130201,Cleto,Conesa,37980
37981,193318618,Rosendo,Cisneros,37981
37982,515814731,Roberta,Camino,37982
37983,210549769,Emperatriz,Adan,37983
37984,197514090,Emma,Giner,37984
37985,105340752,Chus,Crespo,37985
37986,103438656,Aurelio,Pedro,37986
37987,441245714,Luisina,Zabaleta,37987
37988,771004661,Eugenia,Molins,37988
37989,886628709,Hernan,Canellas,37989
37990,936998941,Nicodemo,Enriquez,37990
37991,350818852,Vicenta,Vinas,37991
37992,773554688,Jose Ignacio,Escribano,37992
37993,132517967,Juliana,Corbacho,37993
37994,573462564,Maximo,Martorell,37994
37995,851798366,Elba,Duran,37995
37996,593466095,Segismundo,Pina,37996
37997,358140066,Rocio,Dominguez,37997
37998,422305808,Beatriz,Aller,37998
37999,262006769,Julieta,Bernad,37999
38000,577022194,Juan,Rodriguez,38000
38001,694038708,Albano,Folch,38001
38002,766991941,Ursula,Palau,38002
38003,271767747,Lupe,Grau,38003
38004,189752260,Rodrigo,Cifuentes,38004
38005,741573717,Maribel,Cardenas,38005
38006,389473539,Julio,Elorza,38006
38007,952837914,Lino,Camara,38007
38008,469453690,Maria Pilar,Arino,38008
38009,452188424,Porfirio,Calatayud,38009
38010,425551742,Isabela,Morata,38010
38011,112818670,Conrado,Bayon,38011
38012,884830012,Dionisio,Heras,38012
38013,435905107,Salvador,Criado,38013
38014,175852307,Quirino,Poza,38014
38015,919882024,Clara,Cobo,38015
38016,262009177,Victor Manuel,Lujan,38016
38017,951244058,Heliodoro,Valverde,38017
38018,671453387,Maria Jose,Mayoral,38018
38019,953876760,Marita,Salamanca,38019
38020,100643229,Amado,Fabra,38020
38021,242505986,Casemiro,Rico,38021
38022,346818840,Florencio,Barbero,38022
38023,208004247,Nacio,Calvo,38023
38024,301846517,Calixta,Martinez,38024
38025,902662051,Leyre,Rebollo,38025
38026,862747563,Rosalina,Lluch,38026
38027,124002175,Adan,Gonzalez,38027
38028,786210491,Ana Belen,Nicolau,38028
38029,313606064,Modesto,Almazan,38029
38030,837767476,Mar,Montes,38030
38031,222450249,Eligia,Gutierrez,38031
38032,923926923,Lorenzo,Ugarte,38032
38033,274678841,Vera,Saldana,38033
38034,432691609,Elvira,Alarcon,38034
38035,315239217,Aurelio,Luque,38035
38036,991150246,Amancio,Cuevas,38036
38037,802904898,Olga,Quintanilla,38037
38038,746503146,Jorge,Vilar,38038
38039,550975514,Amaya,Losa,38039
38040,955570145,Celia,Cabrera,38040
38041,222736603,Armida,Cisneros,38041
38042,813248420,Roque,Cisneros,38042
38043,435084928,Carmen,Sanmartin,38043
38044,742073994,Elodia,Torralba,38044
38045,696520812,Ciriaco,Olivares,38045
38046,400294590,Rafaela,Heredia,38046
38047,975250692,Bienvenida,Donaire,38047
38048,802439494,Bernardino,Reina,38048
38049,365250545,Fabiana,Donoso,38049
38050,288207596,Jose Antonio,Suarez,38050
38051,578740422,Caridad,Cabrero,38051
38052,420133790,Rosalina,Mendizabal,38052
38053,344959710,Agustina,Ledesma,38053
38054,375172154,Juan Antonio,Mesa,38054
38055,550189948,Liliana,Camara,38055
38056,298061208,Apolonia,Salvador,38056
38057,458295573,Amaro,Botella,38057
38058,817552349,Lucia,Hoyos,38058
38059,946669857,Miguel,Cruz,38059
38060,403875672,Abigail,Flores,38060
38061,553647920,Teobaldo,Salva,38061
38062,633411358,Panfilo,Belmonte,38062
38063,562924815,Antonio,Robledo,38063
38064,572593076,Felicia,Tudela,38064
38065,277225996,Aitor,Clemente,38065
38066,971404556,Rocio,Pelayo,38066
38067,630912042,Benigno,Gabaldon,38067
38068,509597177,Ruperto,Olive,38068
38069,150833588,Walter,Ochoa,38069
38070,169869122,Manuel,Donoso,38070
38071,152070958,Loreto,Gaya,38071
38072,838489194,Americo,Pelaez,38072
38073,742383213,Pablo,Calzada,38073
38074,485426339,Emigdio,Muro,38074
38075,828424874,Fortunata,Pulido,38075
38076,413413352,Elias,Velasco,38076
38077,853663933,Candida,Martin,38077
38078,599857569,Concepcion,Aragon,38078
38079,730493750,Emigdio,Cerdan,38079
38080,675510900,Francisco Jose,Puerta,38080
38081,508694480,Dani,Rossello,38081
38082,790038859,Encarnacion,Bayon,38082
38083,835086501,Manuel,Casado,38083
38084,218824291,Nicolasa,Guerrero,38084
38085,766003365,Juan Carlos,Gutierrez,38085
38086,444092544,Romulo,Zapata,38086
38087,320241236,Leonardo,Palomares,38087
38088,674915022,Teodosio,Cabrera,38088
38089,542258050,America,Tirado,38089
38090,496663171,Narcisa,Rovira,38090
38091,961485574,Maxi,Manrique,38091
38092,326273160,Isidro,Luis,38092
38093,276299939,Emigdio,Granados,38093
38094,120120178,Severo,Ferrandiz,38094
38095,120096746,Antonio,Maza,38095
38096,300264781,Juanita,Elias,38096
38097,589027295,Pili,Carreno,38097
38098,788510474,Encarnita,Ripoll,38098
38099,506630142,Nadia,Pedraza,38099
38100,999993804,Ines,Roman,38100
38101,344676771,Calixta,Bello,38101
38102,406676642,Nayara,Palomino,38102
38103,672983634,Mayte,Luis,38103
38104,937855776,Juan Bautista,Pavon,38104
38105,778500622,Isaura,Lara,38105
38106,602831993,Maribel,Campillo,38106
38107,585220698,Albino,Busquets,38107
38108,825100204,Ines,Corbacho,38108
38109,339306437,Abel,Torrijos,38109
38110,847440240,Cristobal,Montenegro,38110
38111,425737989,Guadalupe,Valenzuela,38111
38112,190429161,Ileana,Jurado,38112
38113,540589504,Felisa,Rodenas,38113
38114,428667848,Odalis,Suarez,38114
38115,834729675,Blanca,Navas,38115
38116,828510141,Socorro,Amat,38116
38117,603375384,Geronimo,Tamayo,38117
38118,227769191,Juan Luis,Carrion,38118
38119,110837022,Sol,Roldan,38119
38120,206708872,Fortunato,Carrasco,38120
38121,862929110,Ana Belen,Zamora,38121
38122,880143905,Oriana,Bertran,38122
38123,490089528,Fabio,Rojas,38123
38124,386487439,Alma,Duarte,38124
38125,874711122,Etelvina,Perea,38125
38126,563374793,Miriam,Toro,38126
38127,804422193,Victoria,Segura,38127
38128,143687914,Renata,Rojas,38128
38129,112615380,Raul,Riba,38129
38130,253456079,Serafina,Valenzuela,38130
38131,930664546,Teofilo,Plaza,38131
38132,254468093,Valero,Casal,38132
38133,659099661,Amor,Perea,38133
38134,947398317,Jose Miguel,Fabra,38134
38135,734934659,Inigo,Salom,38135
38136,211991133,Ambrosio,Carballo,38136
38137,630464924,Balduino,Correa,38137
38138,234093885,Eusebia,Escamilla,38138
38139,928410579,Haydee,Cerda,38139
38140,727672834,Felicidad,Solis,38140
38141,239355466,Herminia,Lumbreras,38141
38142,464214315,Amaro,Tenorio,38142
38143,594936528,Alvaro,Arjona,38143
38144,862385719,Javi,Herranz,38144
38145,912263345,Simon,Ferreras,38145
38146,778623998,Nico,Madrigal,38146
38147,854921189,Debora,Salom,38147
38148,869171818,Maite,Ugarte,38148
38149,282380796,Buenaventura,Goni,38149
38150,666250902,Amor,Cervera,38150
38151,232260344,Jaime,Galvez,38151
38152,259835316,Teresita,Verdu,38152
38153,172874173,Rosa,Pareja,38153
38154,258270196,Graciana,Benito,38154
38155,274114251,Ale,Suarez,38155
38156,798611004,Azeneth,Aller,38156
38157,576030203,Valerio,Barranco,38157
38158,100058682,Candelas,Merino,38158
38159,558175435,Rufina,Giner,38159
38160,874663602,Macario,Gordillo,38160
38161,332228635,Victoria,Almagro,38161
38162,401618873,Porfirio,Coronado,38162
38163,524358993,Carmela,Casas,38163
38164,463575320,Leonardo,Bosch,38164
38165,995894289,Desiderio,Calatayud,38165
38166,599208916,Caridad,Azorin,38166
38167,965450139,Eleuterio,Ledesma,38167
38168,387935217,Felix,Montserrat,38168
38169,476771128,Luis,Mari,38169
38170,270973318,Victor,Gil,38170
38171,645782085,Nilo,Toro,38171
38172,810706501,Angela,Sedano,38172
38173,374566385,Elisa,Peinado,38173
38174,490140904,Montserrat,Sarmiento,38174
38175,565783857,Amaro,Vazquez,38175
38176,844497167,Salud,Corominas,38176
38177,121336919,Bernardita,Alarcon,38177
38178,958023438,Viviana,Montalban,38178
38179,733473077,Alvaro,Chamorro,38179
38180,101388477,Leocadio,Casanova,38180
38181,301295051,Edu,Acedo,38181
38182,720570666,Felipe,Olmedo,38182
38183,225144727,Nieves,Ferran,38183
38184,430154004,Matias,Soria,38184
38185,116332901,Mauricio,Molins,38185
38186,101055274,Consuela,Prats,38186
38187,168645251,Maria Pilar,Alvarez,38187
38188,714189892,Martin,Salamanca,38188
38189,991855107,Inocencio,Casanovas,38189
38190,484842494,Elodia,Calatayud,38190
38191,621567671,Maria Manuela,Falcon,38191
38192,458671550,Hugo,Manjon,38192
38193,464549357,Humberto,Corbacho,38193
38194,222292184,Rico,Anton,38194
38195,848173199,Isa,Tur,38195
38196,799364256,Pepita,Cardona,38196
38197,734993471,Balduino,Acedo,38197
38198,428042477,Maximiliano,Estevez,38198
38199,450327391,Casemiro,Leon,38199
38200,285537605,Rosendo,Vallejo,38200
38201,321088875,Rita,Gimeno,38201
38202,690684133,Climaco,Paz,38202
38203,952353249,Rosenda,Benavent,38203
38204,113137829,Nazaret,Iniesta,38204
38205,329510748,Hugo,Diaz,38205
38206,505972782,Tania,Blazquez,38206
38207,407233747,Cloe,Minguez,38207
38208,693003873,Sonia,Vinas,38208
38209,201255773,Azeneth,Gelabert,38209
38210,567991979,Hector,Iniguez,38210
38211,317044450,Edmundo,Suarez,38211
38212,275949032,Luna,Barcena,38212
38213,356478618,Amador,Carvajal,38213
38214,426501858,Azahara,Oliver,38214
38215,189233956,Hilario,Pina,38215
38216,190539196,Tiburcio,Cifuentes,38216
38217,995021372,Cristian,Menendez,38217
38218,613772451,Ariadna,Belda,38218
38219,871822090,Andres,Llorens,38219
38220,175742612,Corona,Sole,38220
38221,743254039,Cleto,Martin,38221
38222,570890051,Ani,Suarez,38222
38223,635409063,Agata,Izaguirre,38223
38224,856674499,Manuela,Barrio,38224
38225,334516876,Aroa,Milla,38225
38226,727264908,Reyes,Tormo,38226
38227,499437454,Adriana,Torrent,38227
38228,711375607,Alejo,Bermudez,38228
38229,912792856,Manuelita,Valera,38229
38230,178894479,Arcelia,Palmer,38230
38231,344379367,Africa,Riba,38231
38232,143762108,Faustino,Canizares,38232
38233,837052156,Iban,Valverde,38233
38234,224885221,Narciso,Camps,38234
38235,601837002,Eladio,Alvarado,38235
38236,968437065,Teofilo,Echevarria,38236
38237,994974404,Severiano,Duarte,38237
38238,393035250,Sofia,Buendia,38238
38239,355204493,Pepe,Cerezo,38239
38240,665497039,Juan Jose,Girona,38240
38241,435172220,Clemente,Blazquez,38241
38242,703276601,Jose Mari,Barrio,38242
38243,267075890,Juan Francisco,Falcon,38243
38244,900673452,Angelita,Losa,38244
38245,190180613,Haydee,Rebollo,38245
38246,402676439,Custodio,Lloret,38246
38247,383935682,Eloisa,Romeu,38247
38248,628489255,Cipriano,Carretero,38248
38249,621506346,Martin,Ramis,38249
38250,847710472,Jose Antonio,Olive,38250
38251,896921582,Dani,Roman,38251
38252,859472614,Mamen,Almagro,38252
38253,950861587,Blas,Costa,38253
38254,766320705,Loreto,Canellas,38254
38255,468946089,Julio,Arnau,38255
38256,590876707,Xiomara,Sales,38256
38257,588500294,Francisco Jose,Muro,38257
38258,388694094,Celia,Perera,38258
38259,196164791,Eleuterio,Oliva,38259
38260,453496384,Belen,Abril,38260
38261,216584539,Bernardo,Vazquez,38261
38262,919937913,Panfilo,Feliu,38262
38263,306031135,Victoria,Iglesias,38263
38264,452618644,Jordan,Rodenas,38264
38265,701003376,Clara,Carbonell,38265
38266,536657120,Charo,Manzanares,38266
38267,345820439,Laura,Castejon,38267
38268,456108527,Jessica,Gaya,38268
38269,868123778,Victor Manuel,Landa,38269
38270,969723680,Cornelio,Carbajo,38270
38271,994395778,Pepe,Gordillo,38271
38272,318774443,Calista,Fabregas,38272
38273,583196680,Belen,Gual,38273
38274,723318938,Leonor,Castrillo,38274
38275,717896801,Salvador,Pinilla,38275
38276,642327230,Yago,Fonseca,38276
38277,428937135,Maria Luisa,Porcel,38277
38278,875186464,Graciana,Acosta,38278
38279,374434475,Pastora,Ibanez,38279
38280,173500740,Maria Dolores,Puig,38280
38281,580052924,Carmela,Sacristan,38281
38282,702802568,Cristobal,Navarrete,38282
38283,336586509,Celia,Ferrandez,38283
38284,692052427,Teo,Valentin,38284
38285,950686271,Azahar,Larrea,38285
38286,107647639,Roxana,Campillo,38286
38287,312222771,Abel,Badia,38287
38288,474325828,Filomena,Muro,38288
38289,270765103,Cristian,Manuel,38289
38290,899741085,Casemiro,Rodenas,38290
38291,468405288,Baudelio,Riquelme,38291
38292,646395506,Luna,Chacon,38292
38293,369609928,Rosa Maria,Cortes,38293
38294,986461445,Reyes,Donoso,38294
38295,878625341,Anastasio,Correa,38295
38296,472078838,Matilde,Ramirez,38296
38297,877753146,Aurora,Marquez,38297
38298,142515668,Teodoro,Gimeno,38298
38299,890723416,Alonso,Torrents,38299
38300,296058529,Barbara,Salom,38300
38301,403106990,Fidel,Cuenca,38301
38302,924960936,Luis,Quesada,38302
38303,162800089,Maria Luisa,Rico,38303
38304,246115488,Micaela,Casares,38304
38305,315526895,Dora,Aguilera,38305
38306,528052853,Gregorio,Lastra,38306
38307,350970649,Teresita,Jorda,38307
38308,928282397,Jeronimo,Castello,38308
38309,853919192,Jacinta,Conde,38309
38310,262113846,Octavio,Adadia,38310
38311,567239836,Tomas,Mendizabal,38311
38312,492480520,Florentino,Porcel,38312
38313,929979385,Isidro,Prieto,38313
38314,784506589,Maria Fernanda,Espana,38314
38315,396561352,Jorge,Mancebo,38315
38316,625245870,Josep,Jimenez,38316
38317,624442548,Ingrid,Porcel,38317
38318,386206454,Susanita,Peinado,38318
38319,209743204,Silvia,Domenech,38319
38320,810044957,Eliana,Querol,38320
38321,177001896,Borja,Boix,38321
38322,110063852,Eli,Zorrilla,38322
38323,233540333,Candido,Solera,38323
38324,515732794,Fernanda,Navas,38324
38325,906473783,Sarita,Soler,38325
38326,587444316,Silvio,Espada,38326
38327,583581275,Mateo,Serrano,38327
38328,196200691,Bruno,Iniesta,38328
38329,494470223,Anibal,Torralba,38329
38330,358919792,Gabriela,Roldan,38330
38331,765419587,Isidoro,Tomas,38331
38332,248688133,Jenny,Hernandez,38332
38333,857004984,Patricio,Iglesia,38333
38334,583435630,Julie,Alcolea,38334
38335,808370577,Caridad,Prado,38335
38336,910090525,Piedad,Feijoo,38336
38337,244549108,Haroldo,Barrios,38337
38338,545312357,Amador,Briones,38338
38339,415771462,Ulises,Alberola,38339
38340,409679513,Estefania,Oller,38340
38341,839307928,Quique,Coronado,38341
38342,722796598,Emiliano,Casal,38342
38343,317626657,Perlita,Barrera,38343
38344,996059349,Cosme,Alcala,38344
38345,236294972,Domingo,Sancho,38345
38346,228024276,Dario,Goni,38346
38347,391370403,Trinidad,Cerro,38347
38348,846817143,Rosalia,Sebastian,38348
38349,562052696,Malena,Espanol,38349
38350,677480811,Priscila,Fabregat,38350
38351,326296265,Perla,Navas,38351
38352,660364490,Lilia,Alberto,38352
38353,387087555,Soledad,Villena,38353
38354,196439946,Baldomero,Espada,38354
38355,260014510,Bernardo,Sales,38355
38356,516848708,Carolina,Bellido,38356
38357,880680538,Jesus,Julia,38357
38358,165040218,Clemente,Mari,38358
38359,393099509,Mar,Egea,38359
38360,319430352,Gabino,Valbuena,38360
38361,705668628,Jafet,Ferreras,38361
38362,921010956,Narciso,Quero,38362
38363,885619207,Arturo,Sole,38363
38364,335412657,Victorino,Acevedo,38364
38365,464373927,Cesar,Flores,38365
38366,263756093,Octavio,Ugarte,38366
38367,876649871,Alonso,Pozo,38367
38368,503104503,Rogelio,Palomo,38368
38369,953587364,Prudencia,Carro,38369
38370,158745225,Edu,Pujol,38370
38371,392001045,Maria Jesus,Rodriguez,38371
38372,849745402,Alfredo,Vallejo,38372
38373,405490529,Socorro,Verdugo,38373
38374,952694394,Valeria,Pedrosa,38374
38375,812051944,Victoriano,Borras,38375
38376,503918632,Modesto,Conesa,38376
38377,619351035,Estrella,Revilla,38377
38378,936303320,Rafa,Donaire,38378
38379,848406989,Soraya,Gamez,38379
38380,527162532,Florencio,Castaneda,38380
38381,222661919,Reynaldo,Verdejo,38381
38382,683612636,Candela,Costa,38382
38383,557361877,Nayara,Toro,38383
38384,820244588,Susana,Barrera,38384
38385,720458536,Felisa,Coronado,38385
38386,850601570,Onofre,Cid,38386
38387,520434603,Ernesto,Goni,38387
38388,778303132,Celso,Llanos,38388
38389,284815788,Ana Belen,Asenjo,38389
38390,614136644,Ursula,Uria,38390
38391,856360569,Ale,Sevilla,38391
38392,753144492,Luis Angel,Leon,38392
38393,590507400,Remedios,Carbajo,38393
38394,326464080,Pedro,Rojas,38394
38395,781471181,Ofelia,Mateos,38395
38396,142439654,Antonia,Iglesia,38396
38397,519730443,Raquel,Sole,38397
38398,958793852,Josefina,Cuellar,38398
38399,751308619,Marita,Sedano,38399
38400,442916927,Elias,Cordoba,38400
38401,815008183,Esteban,Castells,38401
38402,769118906,Ignacia,Canas,38402
38403,155447689,Francisca,Porta,38403
38404,532723136,Maura,Prats,38404
38405,296689707,Dalila,Agudo,38405
38406,279830669,Estefania,Angel,38406
38407,539380220,Florencio,Aranda,38407
38408,269079991,Ofelia,Oliva,38408
38409,765727397,Catalina,Canete,38409
38410,466699663,Anunciacion,Manso,38410
38411,603664930,Gil,Bosch,38411
38412,307551754,Jose Maria,Sarabia,38412
38413,121422987,Carina,Feliu,38413
38414,861283718,Cruz,Manrique,38414
38415,564829492,Teresa,Aparicio,38415
38416,525067164,Isabel,Gascon,38416
38417,975573362,Debora,Samper,38417
38418,142981765,Sol,Ochoa,38418
38419,721605391,Emiliano,Segovia,38419
38420,328108868,Ezequiel,Ferrer,38420
38421,305823150,Jose Antonio,Aliaga,38421
38422,494682523,Ani,Coello,38422
38423,387887399,Hector,Espejo,38423
38424,444608614,Jordana,Peral,38424
38425,403844851,Feliciano,Frias,38425
38426,558032220,Gregorio,Montero,38426
38427,557082720,Maria Luisa,Lujan,38427
38428,323432337,Sofia,Anglada,38428
38429,760347172,Gala,Lopez,38429
38430,218031874,Nazario,Solana,38430
38431,817037915,Inmaculada,Agusti,38431
38432,467008491,Eduardo,Revilla,38432
38433,597326648,Prudencio,Beltran,38433
38434,267046871,Macarena,Recio,38434
38435,893956012,Lupe,Lloret,38435
38436,168748470,Chema,Sans,38436
38437,380999958,Cloe,Palomar,38437
38438,504895939,Aureliano,Parra,38438
38439,929278859,Claudio,Botella,38439
38440,433960770,Camilo,Cano,38440
38441,331952255,Berto,Batlle,38441
38442,908979711,Desiderio,Yanez,38442
38443,281523681,Encarnita,Sevilla,38443
38444,725563069,Azucena,Tello,38444
38445,348100919,Celestina,Ugarte,38445
38446,392749894,Jenny,Daza,38446
38447,518936700,Luciana,Prats,38447
38448,883497370,Javiera,Teruel,38448
38449,515412684,Amaro,Valles,38449
38450,843138365,Natividad,Frutos,38450
38451,354577104,Pacifica,Banos,38451
38452,549150534,Ines,Jordan,38452
38453,135922220,Rebeca,Barcelo,38453
38454,638647554,Lupe,Aviles,38454
38455,150069199,Leandro,Barcena,38455
38456,569414571,Abilio,Contreras,38456
38457,104055630,Florencio,Pelaez,38457
38458,840873422,Adora,Marti,38458
38459,683135188,Isa,Solera,38459
38460,304529193,Mirta,Torres,38460
38461,623553432,Marciano,Calatayud,38461
38462,551500524,Marisa,Romeu,38462
38463,177196931,Cayetano,Ramos,38463
38464,814612438,Ines,Camara,38464
38465,688401336,Constanza,Amat,38465
38466,390096375,Alonso,Milla,38466
38467,893920158,Clara,Gutierrez,38467
38468,670217583,Ricarda,Ortuno,38468
38469,829109682,Rosalinda,Izquierdo,38469
38470,717334113,Manola,Olmo,38470
38471,958684888,Ramona,Roig,38471
38472,700680803,Rosalina,Vigil,38472
38473,833425557,Nayara,Abascal,38473
38474,242494281,Felisa,Gomez,38474
38475,420197047,Fernando,Romeu,38475
38476,102622482,Berta,Arribas,38476
38477,560210577,Jesusa,Carpio,38477
38478,582510024,Milagros,Maestre,38478
38479,964482760,Rafael,Moll,38479
38480,795002428,Dulce,Perez,38480
38481,817202463,America,Madrid,38481
38482,226746366,Julia,Sanabria,38482
38483,505332569,Pepito,Pazos,38483
38484,946508917,Baldomero,Bernad,38484
38485,682880647,Sarita,Valenciano,38485
38486,855618281,Pacifica,Pedraza,38486
38487,564956782,Maria Belen,Riquelme,38487
38488,396860123,Mamen,Cerda,38488
38489,306379219,Adelina,Briones,38489
38490,357012469,Alfredo,Granados,38490
38491,325946458,Donato,Alarcon,38491
38492,454576016,Agapito,Chamorro,38492
38493,685750240,Mauricio,Rosales,38493
38494,331507064,Gonzalo,Coll,38494
38495,500419817,Cayetano,Gutierrez,38495
38496,545846279,Anselma,Calatayud,38496
38497,488290667,Jenaro,Luz,38497
38498,248425584,Ileana,Vazquez,38498
38499,109963478,Jacobo,Izaguirre,38499
38500,355470826,Lorenzo,Galvez,38500
38501,436071158,Teresa,Galan,38501
38502,282919974,Rogelio,Gil,38502
38503,684458866,Clotilde,Armas,38503
38504,881315373,Julieta,Arco,38504
38505,314507878,Jessica,Benitez,38505
38506,284596869,Isidro,Cuesta,38506
38507,185554490,Belen,Munoz,38507
38508,596042030,Dalila,Sandoval,38508
38509,200548670,Yessica,Prado,38509
38510,457119791,Socorro,Luque,38510
38511,447744651,Rosalinda,Fuente,38511
38512,241638804,Domitila,Baena,38512
38513,202283306,Severo,Bosch,38513
38514,520218628,Montserrat,Padilla,38514
38515,479286713,Adelaida,Sanchez,38515
38516,587499945,Rosalinda,Amador,38516
38517,132314506,Abril,Goicoechea,38517
38518,865791967,Fulgencio,Mayo,38518
38519,325158191,Josue,Merino,38519
38520,630965468,Jose Luis,Paniagua,38520
38521,353194721,Roxana,Llanos,38521
38522,256896354,Virgilio,Cantero,38522
38523,295187967,Dimas,Porcel,38523
38524,276067948,Domingo,Mugica,38524
38525,459013617,Maxi,Botella,38525
38526,968800037,Nicanor,Becerra,38526
38527,920982194,Ciro,Gimenez,38527
38528,786782380,Isabel,Guillen,38528
38529,980356425,Raquel,Higueras,38529
38530,130489783,Victor Manuel,Ariza,38530
38531,250382098,Bibiana,Ribes,38531
38532,516526684,Rosario,Palma,38532
38533,624084500,Roberta,Francisco,38533
38534,500770629,Martin,Marino,38534
38535,180776181,Clotilde,Salmeron,38535
38536,376025562,Albina,Alba,38536
38537,612301624,Angelino,Arnaiz,38537
38538,827725879,Florentino,Nicolau,38538
38539,540095241,Rocio,Priego,38539
38540,475624349,Jose Miguel,Alonso,38540
38541,430501019,Romulo,Casanova,38541
38542,447911568,Maricruz,Montesinos,38542
38543,808226759,Ramiro,Terron,38543
38544,778018480,Pili,Pastor,38544
38545,482824780,Prudencio,Izaguirre,38545
38546,931853657,Paloma,Barrera,38546
38547,656658363,Serafina,Nebot,38547
38548,422127482,Leocadio,Alonso,38548
38549,763260851,Charo,Aguilo,38549
38550,461982299,Dora,Castell,38550
38551,728682492,Ignacia,Jara,38551
38552,168749806,Dan,Vizcaino,38552
38553,472043583,Florencia,Ferrando,38553
38554,550026264,Dimas,Montero,38554
38555,430564022,Ismael,Bayo,38555
38556,765170769,Carlos,Cortina,38556
38557,841995499,Baldomero,Baron,38557
38558,131355338,Cipriano,Nicolas,38558
38559,615499341,Jose Mari,Guzman,38559
38560,219642886,Dulce,Guerrero,38560
38561,423266376,Narciso,Alberdi,38561
38562,324604233,Esperanza,Flores,38562
38563,132231513,Febe,Garay,38563
38564,186764442,Lupe,Sotelo,38564
38565,549069285,Ismael,Arenas,38565
38566,468476958,Hector,Aranda,38566
38567,918316879,Paca,Garmendia,38567
38568,740371791,Natividad,Cal,38568
38569,625045769,Amparo,Oliveras,38569
38570,880379814,Anabel,Cerro,38570
38571,122282779,Isabel,Yanez,38571
38572,792670041,Melania,Bermudez,38572
38573,664679080,Atilio,Ferrando,38573
38574,686241452,Damian,Anton,38574
38575,301202020,Jessica,Franch,38575
38576,447860826,Judith,Martinez,38576
38577,602009055,Maria Manuela,Orozco,38577
38578,124895679,Pastora,Barroso,38578
38579,369625731,Eusebio,Diaz,38579
38580,214199197,Ingrid,Perea,38580
38581,815172575,Lupe,Hoyos,38581
38582,631485380,Felisa,Real,38582
38583,646521913,Caridad,Galindo,38583
38584,692481519,Zaira,Robles,38584
38585,396889879,Isaias,Rios,38585
38586,802083687,Severiano,Aramburu,38586
38587,623072843,Celestina,Roldan,38587
38588,178808422,Flavia,Casares,38588
38589,388914658,Pepe,Rosello,38589
38590,958589469,Maria Belen,Marin,38590
38591,206080474,Clementina,Rius,38591
38592,745136316,Maricela,Urrutia,38592
38593,817714590,Isaias,Ribas,38593
38594,834270328,Luis,Garate,38594
38595,354278649,Roque,Miralles,38595
38596,742194182,Jovita,Ordonez,38596
38597,560758049,Anastasia,Pallares,38597
38598,967672612,Eloy,Reina,38598
38599,328027026,Tadeo,Becerra,38599
38600,563449763,Marcelino,Caballero,38600
38601,646752749,Lucas,Bayona,38601
38602,510649017,Leocadia,Arrieta,38602
38603,819590998,Amador,Palomar,38603
38604,530278247,Roldan,Vall,38604
38605,625329289,Zacarias,Castilla,38605
38606,575000752,Guiomar,Gallardo,38606
38607,966501297,Jose Antonio,Olmo,38607
38608,693049102,Angelita,Fuentes,38608
38609,249543244,Mayte,Ferrandiz,38609
38610,254073996,Eleuterio,Pineda,38610
38611,105132136,Andres Felipe,Zabala,38611
38612,270322301,Roman,Alcala,38612
38613,442668565,Matias,Cordoba,38613
38614,694238833,Debora,Guardiola,38614
38615,962196754,Marciano,Plana,38615
38616,910932501,Marcial,Fernandez,38616
38617,194794293,Dani,Bertran,38617
38618,125946743,Wilfredo,Iglesia,38618
38619,817167301,Aroa,Domenech,38619
38620,618336317,Yessica,Cal,38620
38621,913896512,Vilma,Gimeno,38621
38622,879619107,Pedro,Rueda,38622
38623,115607430,Ainara,Agudo,38623
38624,558427765,Miguel Angel,Silva,38624
38625,415544066,Iban,Pol,38625
38626,142653146,Eliana,Flor,38626
38627,839559409,Piedad,Pardo,38627
38628,171337632,Inigo,Melendez,38628
38629,327925380,Joan,Nino,38629
38630,138647110,Mireia,Bermejo,38630
38631,375089990,Miriam,Bello,38631
38632,221820849,Abilio,Posada,38632
38633,126348355,Alba,Quesada,38633
38634,120901182,Paz,Abascal,38634
38635,216289435,Maite,Rosello,38635
38636,995863987,Georgina,Alemany,38636
38637,669739763,Maria Del Carmen,Alarcon,38637
38638,486149080,Victorino,Becerra,38638
38639,602878381,Jose Miguel,Gutierrez,38639
38640,992592508,Amaro,Gordillo,38640
38641,619034648,Plinio,Ramirez,38641
38642,998778124,Valentin,Rebollo,38642
38643,822809890,Alonso,Frias,38643
38644,626949023,Olimpia,Parra,38644
38645,276641652,Juliana,Belmonte,38645
38646,995429091,Gonzalo,Ayuso,38646
38647,761127520,Juan Pablo,Cervantes,38647
38648,100362648,Aitor,Iriarte,38648
38649,361801492,Manuela,Izquierdo,38649
38650,276070144,Silvio,Sobrino,38650
38651,201238743,Carmelo,Guardia,38651
38652,600385564,Andrea,Frias,38652
38653,517828941,Mariana,Pineda,38653
38654,148697524,Juan Antonio,Font,38654
38655,996743235,Xiomara,Segovia,38655
38656,623468328,Camilo,Feijoo,38656
38657,286679053,Blas,Aller,38657
38658,435872415,Trinidad,Manzanares,38658
38659,584398108,Octavia,Amador,38659
38660,964691900,Trinidad,Zamora,38660
38661,414464107,Guillermo,Zorrilla,38661
38662,732763854,Timoteo,Duenas,38662
38663,718805663,Rodolfo,Porcel,38663
38664,578680435,Ezequiel,Campo,38664
38665,907213012,Leire,Carrera,38665
38666,675872140,Ana,Casares,38666
38667,976799072,Nerea,Segovia,38667
38668,261183594,Jacinto,Anton,38668
38669,838970702,Modesto,Gual,38669
38670,871821650,Faustino,Pizarro,38670
38671,900422770,Trini,Cid,38671
38672,141947540,Emigdio,Ribas,38672
38673,132476139,Poncio,Baron,38673
38674,316041125,Victoriano,Tomas,38674
38675,498172014,Omar,Piquer,38675
38676,970125387,Alonso,Balaguer,38676
38677,374416034,Urbano,Valverde,38677
38678,812515802,Pia,Pi,38678
38679,899857314,Heliodoro,Llamas,38679
38680,337244316,Pedro,Gascon,38680
38681,831503537,Valero,Vargas,38681
38682,745635609,Melisa,Gonzalo,38682
38683,141904389,Rafael,Vives,38683
38684,871402834,Marco,Marti,38684
38685,365355149,Eugenia,Santos,38685
38686,221846144,Esther,Raya,38686
38687,396865038,Roldan,Robledo,38687
38688,681025191,Josep,Zabala,38688
38689,450940269,Pepe,Vaquero,38689
38690,504751556,Candido,Lumbreras,38690
38691,257241411,Patricia,Guerrero,38691
38692,430682562,Vinicio,Garate,38692
38693,637367631,Leopoldo,Mendizabal,38693
38694,191469367,Nacho,Valle,38694
38695,283326211,Estela,Gallo,38695
38696,723677559,Ainoa,Cid,38696
38697,517372841,Hernan,Garriga,38697
38698,482397298,Aristides,Asenjo,38698
38699,315432964,Vinicio,Terron,38699
38700,242961218,Loreto,Palau,38700
38701,236975876,Abril,Echeverria,38701
38702,805325458,Guiomar,Salva,38702
38703,591579787,Seve,Alfaro,38703
38704,201771006,Eva Maria,Araujo,38704
38705,437073615,Consuela,Uria,38705
38706,846043894,Ciro,Botella,38706
38707,771566475,Nazario,Ferran,38707
38708,268281002,Amado,Sarabia,38708
38709,878692132,Leocadio,Ayllon,38709
38710,472353783,Nacho,Villalonga,38710
38711,418697820,Adora,Pozuelo,38711
38712,888706919,Silvestre,Alvarez,38712
38713,348017214,Ernesto,Olive,38713
38714,252671930,Goyo,Naranjo,38714
38715,261829257,Ani,Fuente,38715
38716,682980890,Climaco,Barcelo,38716
38717,503442244,Amor,Baeza,38717
38718,707907275,Leopoldo,Galvez,38718
38719,122635331,Dionisio,Montana,38719
38720,463396843,Dimas,Oliveras,38720
38721,194711077,Carmela,Barral,38721
38722,843475220,Pepe,Aramburu,38722
38723,973605122,Cruz,Parejo,38723
38724,636021258,Ruperto,Aguilo,38724
38725,653664312,Emilia,Barcelo,38725
38726,429775705,Hortensia,Segui,38726
38727,573117181,Emilia,Goni,38727
38728,363297572,Filomena,Escalona,38728
38729,927944068,Anunciacion,Fiol,38729
38730,280698651,Calisto,Casas,38730
38731,155604324,Juanito,Prada,38731
38732,826574580,Maria Jose,Ferrando,38732
38733,736906778,Zaida,Lucas,38733
38734,987147037,Roxana,Silva,38734
38735,801284550,Maxima,Pedro,38735
38736,910800642,Juan Antonio,Mendoza,38736
38737,617562241,Tadeo,Acero,38737
38738,674064959,Lupe,Batlle,38738
38739,799112701,Josefina,Macias,38739
38740,374435885,Patricia,Losada,38740
38741,523463851,Azahara,Aranda,38741
38742,314261117,Santos,Campos,38742
38743,256518860,Sosimo,Mugica,38743
38744,540529740,Benito,Espana,38744
38745,612203694,Susanita,Segarra,38745
38746,534909054,Montserrat,Salvador,38746
38747,241783779,Severo,Almansa,38747
38748,849253595,Aitor,Blanco,38748
38749,582156854,Marcelo,Manrique,38749
38750,351067126,Itziar,Padilla,38750
38751,896847897,Armando,Soria,38751
38752,200043477,Eulalia,Novoa,38752
38753,115022205,Blanca,Fabra,38753
38754,751937963,Elba,Feijoo,38754
38755,359495020,Marisol,Agusti,38755
38756,480798263,Bernabe,Echevarria,38756
38757,592133909,Sebastian,Corominas,38757
38758,293222627,Urbano,Corbacho,38758
38759,140182922,Rosario,Molins,38759
38760,772734072,Esperanza,Cid,38760
38761,831789864,Domingo,Galiano,38761
38762,856555629,Nelida,Sans,38762
38763,453964748,Jose,Solana,38763
38764,806464842,Victor,Ayala,38764
38765,205815649,Ester,Ayllon,38765
38766,784593435,Vicente,Lozano,38766
38767,593105847,Angela,Arcos,38767
38768,289899521,Perlita,Pizarro,38768
38769,535914238,Noelia,Benitez,38769
38770,444857690,Arsenio,Jara,38770
38771,704993262,Lilia,Velez,38771
38772,734043871,Abigail,Acero,38772
38773,329334656,Carmelo,Costa,38773
38774,996503903,Patricia,Leon,38774
38775,319542343,Lilia,Guzman,38775
38776,186526359,Ruben,Escamilla,38776
38777,700449231,Evangelina,Osuna,38777
38778,119437478,Etelvina,Cuenca,38778
38779,984421650,Modesto,Pena,38779
38780,926621189,Teo,Arnaiz,38780
38781,262687182,Toni,Carbo,38781
38782,693508230,Hermenegildo,Luz,38782
38783,504090607,Fabricio,Hernandez,38783
38784,827331980,Heriberto,Izaguirre,38784
38785,310037287,Leandra,Conde,38785
38786,641316775,Manu,Barcelo,38786
38787,875988472,Ulises,Barrio,38787
38788,531528009,Maria Fernanda,Cueto,38788
38789,787120626,Caridad,Iniguez,38789
38790,512439193,Alfonso,Olivares,38790
38791,284825414,Francisco Javier,Menendez,38791
38792,553514241,Carla,Uria,38792
38793,899198442,Natanael,Sastre,38793
38794,703658908,Diana,Flor,38794
38795,510962227,Martin,Benitez,38795
38796,924738387,Eutropio,Sastre,38796
38797,665692204,Mayte,Ocana,38797
38798,366252294,Tecla,Gallego,38798
38799,928554443,Evangelina,Tur,38799
38800,908800601,Aurea,Galindo,38800
38801,865557310,Morena,Estrada,38801
38802,818866071,Cloe,Feijoo,38802
38803,861415269,Clementina,Vazquez,38803
38804,746610275,Trinidad,Sanjuan,38804
38805,842249669,Jacinto,Marti,38805
38806,607349805,Lorenzo,Calzada,38806
38807,471457476,Graciano,Pelayo,38807
38808,724472129,Anselmo,Gonzalez,38808
38809,159757223,Fabiola,Alvarez,38809
38810,807980476,Luisa,Torrent,38810
38811,523971541,Modesta,Criado,38811
38812,132447699,Cruz,Mur,38812
38813,666837181,Inmaculada,Borrego,38813
38814,462763388,Rosenda,Recio,38814
38815,460097647,Berto,Soria,38815
38816,606718462,Sandalio,Vazquez,38816
38817,217680329,Dionisio,Ibarra,38817
38818,899323932,Rosaura,Pena,38818
38819,206033921,Narciso,Barrio,38819
38820,320226840,Norberto,Criado,38820
38821,643093693,Hector,Nevado,38821
38822,229170886,Gervasio,Olmo,38822
38823,874588648,Jacinta,Perea,38823
38824,801223430,Zaida,Casado,38824
38825,232504034,Jose Angel,Baquero,38825
38826,587675482,Baltasar,Pina,38826
38827,342586639,Cruz,Aguilo,38827
38828,429163538,Epifanio,Rivas,38828
38829,339205216,Ileana,Bernat,38829
38830,415275369,Emigdio,Aguilar,38830
38831,470553649,Azucena,Pellicer,38831
38832,360797050,Jose Luis,Clemente,38832
38833,796984600,Diana,Martorell,38833
38834,744730640,Adelina,Tenorio,38834
38835,678925755,Lazaro,Bellido,38835
38836,520771405,Mario,Pavon,38836
38837,722211498,Ximena,Moran,38837
38838,652528060,Daniela,Ferreras,38838
38839,485295956,Poncio,Porta,38839
38840,566161900,Lidia,Salcedo,38840
38841,573176454,Clementina,Pallares,38841
38842,188552272,Amalia,Pinedo,38842
38843,722363758,Aristides,Guerra,38843
38844,861458124,Hilda,Martinez,38844
38845,731834714,Rogelio,Almagro,38845
38846,326099856,Macario,Barrio,38846
38847,358541621,Maria Manuela,Barco,38847
38848,329976461,Maximiano,Mayoral,38848
38849,880963964,Lupe,Saenz,38849
38850,454147068,Aristides,Baeza,38850
38851,948305943,Rosario,Manzano,38851
38852,243432801,Baldomero,Rius,38852
38853,314494799,Jose Luis,Ortuno,38853
38854,713421830,Prudencio,Puerta,38854
38855,570620803,Apolinar,Marco,38855
38856,903321233,Viviana,Sureda,38856
38857,390836987,Lupita,Borras,38857
38858,663458247,Iker,Quintero,38858
38859,882436383,Jafet,Reguera,38859
38860,547215889,Cirino,Luis,38860
38861,862392819,Carina,Barragan,38861
38862,240602839,Victorino,Recio,38862
38863,748544937,Moises,Anguita,38863
38864,798269571,Consuelo,Acedo,38864
38865,616782228,Romulo,Manuel,38865
38866,755609898,Jacinto,Villalobos,38866
38867,348943427,Silvestre,Montenegro,38867
38868,702627165,Fidela,Ferreras,38868
38869,522993771,Leticia,Pena,38869
38870,136037835,Leonor,Gamez,38870
38871,609588830,Clotilde,Alemany,38871
38872,915398620,Lalo,Bellido,38872
38873,596862897,Imelda,Coello,38873
38874,268437809,Adelia,Prat,38874
38875,494737149,Olga,Mayo,38875
38876,769685648,Gerardo,Gamez,38876
38877,914445200,Victoriano,Cobo,38877
38878,673604293,Florina,Asenjo,38878
38879,463772287,Ascension,Blanes,38879
38880,765531192,Ulises,Fuentes,38880
38881,157378372,Eduardo,Arino,38881
38882,230673392,Flor,Mateo,38882
38883,344791948,Atilio,Coello,38883
38884,993352889,Jose Carlos,Toledo,38884
38885,423587776,Carmelo,Pozo,38885
38886,758856746,Trinidad,Bosch,38886
38887,691912083,Ismael,Valls,38887
38888,685844843,Belen,Suarez,38888
38889,435020024,Curro,Vinas,38889
38890,190035813,Coral,Pomares,38890
38891,784702213,Noemi,Blasco,38891
38892,103501280,Raimundo,Roca,38892
38893,657245884,Serafina,Ribas,38893
38894,455630171,Manola,Flor,38894
38895,417992582,Goyo,Suarez,38895
38896,227706904,Federico,Camps,38896
38897,881641909,Ruben,Suarez,38897
38898,618153717,Paulina,Armengol,38898
38899,286288265,Angelina,Leon,38899
38900,884678238,Armida,Aguirre,38900
38901,236175473,Carlito,Blanco,38901
38902,732397804,Flavio,Cobos,38902
38903,946075317,Guiomar,Santana,38903
38904,833110398,Daniel,Villar,38904
38905,555313229,Leticia,Arjona,38905
38906,826339345,Mauricio,Tejero,38906
38907,687311162,Ale,Arce,38907
38908,965210908,Artemio,Terron,38908
38909,663869275,Faustino,Aznar,38909
38910,202908315,Leonor,Mari,38910
38911,604830956,Sosimo,Garrido,38911
38912,315210662,Josefa,Nicolau,38912
38913,985877493,Eduardo,Marcos,38913
38914,133563293,Fabricio,Pombo,38914
38915,411259524,Tere,Camps,38915
38916,576909752,Luciana,Dieguez,38916
38917,691931283,Dorita,Chaves,38917
38918,328413878,Jose Maria,Torrecilla,38918
38919,412482830,Trini,Carro,38919
38920,522683185,Rodrigo,Vazquez,38920
38921,215561816,Samanta,Pelayo,38921
38922,932304111,Evelia,Guzman,38922
38923,504994156,Belen,Clavero,38923
38924,805130731,Wilfredo,Robledo,38924
38925,168083261,Graciana,Asenjo,38925
38926,771024867,Dario,Luna,38926
38927,643549695,Manu,Mayoral,38927
38928,406272117,Ceferino,Quintana,38928
38929,256163467,Chita,Escriva,38929
38930,459092677,Hernando,Pina,38930
38931,721757937,Fabian,Cuevas,38931
38932,939725534,Narcisa,Amat,38932
38933,352112950,Hilda,Roig,38933
38934,421126789,Isidora,Cabello,38934
38935,476244224,Joan,Parejo,38935
38936,558390883,Graciano,Morante,38936
38937,596494464,Lola,Fonseca,38937
38938,828116607,Ileana,Aleman,38938
38939,848429295,Ciro,Clemente,38939
38940,964095920,Octavia,Acedo,38940
38941,927120458,Chus,Lobato,38941
38942,264579306,Carlota,Arteaga,38942
38943,969984582,Veronica,Oliver,38943
38944,341085792,Ciro,Navas,38944
38945,527733909,Soledad,Amador,38945
38946,140531604,Aurelia,Guerra,38946
38947,612141364,Ildefonso,Fuertes,38947
38948,921922031,Clemente,Criado,38948
38949,135707358,Charo,Cano,38949
38950,371747396,Alondra,Jurado,38950
38951,271741452,Hortensia,Bermudez,38951
38952,649788912,Ciriaco,Fiol,38952
38953,198052103,Teodosio,Poza,38953
38954,215089649,Salomon,Alvarez,38954
38955,399034579,Remedios,Pages,38955
38956,499942504,Tere,Mateu,38956
38957,124201518,Ligia,Pozo,38957
38958,381726129,Luisina,Pablo,38958
38959,479254204,Fatima,Arnau,38959
38960,774333481,Anibal,Alvarez,38960
38961,258890387,Basilio,Fajardo,38961
38962,204951848,Lola,Amaya,38962
38963,220884739,Amanda,Sanmartin,38963
38964,598549380,Remedios,Posada,38964
38965,642461774,Ana,Minguez,38965
38966,308281453,Ema,Alfaro,38966
38967,243256485,Amelia,Daza,38967
38968,942327992,Osvaldo,Angulo,38968
38969,670479889,Jesusa,Roldan,38969
38970,123996575,Jeronimo,Espejo,38970
38971,711984563,Omar,Terron,38971
38972,360954910,Maria Fernanda,Ramon,38972
38973,940102764,Anita,Perello,38973
38974,767181230,Jacinta,Soriano,38974
38975,863018873,Blas,Anaya,38975
38976,751228411,Josue,Canellas,38976
38977,733374309,Jonatan,Marcos,38977
38978,897845401,Omar,Carrasco,38978
38979,346591033,Moises,Amor,38979
38980,446255604,Rosalinda,Merino,38980
38981,144987941,Bernardino,Feijoo,38981
38982,534930504,Rosaura,Salas,38982
38983,656930526,Amalia,Canas,38983
38984,606289721,Adriana,Cabezas,38984
38985,818405186,Luz,Patino,38985
38986,347218767,Prudencio,Porcel,38986
38987,341764155,Rosa Maria,Mora,38987
38988,721325483,Rosaura,Somoza,38988
38989,156802156,Jose Luis,Espinosa,38989
38990,613575569,Jose Manuel,Salva,38990
38991,846964183,Josep,Donaire,38991
38992,841090318,Carmelo,Ledesma,38992
38993,384217110,Haroldo,Mariscal,38993
38994,340840697,Ruben,Hoz,38994
38995,843870270,Camilo,Pineda,38995
38996,610463197,Zoraida,Vall,38996
38997,936357502,Aureliano,Serrano,38997
38998,979466467,Candida,Terron,38998
38999,368328394,Manuela,Cobos,38999
39000,350778536,Tamara,Muniz,39000
39001,486070102,Mayte,Burgos,39001
39002,475563174,Amelia,Samper,39002
39003,804666695,Dorotea,Perea,39003
39004,515075768,Bibiana,Anguita,39004
39005,708406305,Virgilio,Barros,39005
39006,452187825,Chema,Espana,39006
39007,851851378,Luis,Ferrera,39007
39008,507712555,Elpidio,Macias,39008
39009,529011026,Edelmira,Robledo,39009
39010,122993460,Maria Carmen,Mata,39010
39011,214586225,Visitacion,Somoza,39011
39012,117707973,Raimundo,Segui,39012
39013,420079558,Martirio,Pazos,39013
39014,579480511,Maria Angeles,Cases,39014
39015,133211099,Chucho,Alberola,39015
39016,927603824,Berta,Pozuelo,39016
39017,617300758,Manu,Cabanillas,39017
39018,620705615,Remigio,Gallego,39018
39019,767652282,Coral,Pombo,39019
39020,842192872,Tatiana,Carpio,39020
39021,384843763,Ciro,Gutierrez,39021
39022,779001274,Baudelio,Pellicer,39022
39023,728329140,Guiomar,Millan,39023
39024,559399446,Azahara,Rosell,39024
39025,275480713,Basilio,Quesada,39025
39026,968369811,Olga,Rivas,39026
39027,270017833,Jenny,Olivera,39027
39028,694931915,Vicenta,Cozar,39028
39029,819242131,Blas,Serra,39029
39030,555471339,Nadia,Espejo,39030
39031,662053720,Edmundo,Conesa,39031
39032,352892276,Perla,Carrillo,39032
39033,737974315,Anabel,Salinas,39033
39034,337171486,Antonio,Abad,39034
39035,953674224,Lorena,Juarez,39035
39036,527775247,Felicidad,Agudo,39036
39037,951653201,Sancho,Solis,39037
39038,334448925,Modesta,Aguila,39038
39039,227542456,Noe,Cerda,39039
39040,329645361,Maxi,Larranaga,39040
39041,681804834,Ale,Almazan,39041
39042,270459758,Modesto,Izaguirre,39042
39043,834978892,Amor,Diez,39043
39044,435577453,Lidia,Cadenas,39044
39045,497830095,Ana Sofia,Ortuno,39045
39046,801891455,Pilar,Leon,39046
39047,561780140,Pacifica,Azcona,39047
39048,935200509,Ofelia,Burgos,39048
39049,349483915,Martin,Uria,39049
39050,151986880,Irene,Balaguer,39050
39051,911369405,Jorge,Costa,39051
39052,492390331,Leonardo,Coello,39052
39053,352428203,Matias,Soto,39053
39054,804677702,Clarisa,Pedrosa,39054
39055,280092835,Leoncio,Perello,39055
39056,726079425,Herberto,Dominguez,39056
39057,543872416,Ciriaco,Mendoza,39057
39058,272382418,Araceli,Palacios,39058
39059,432402859,Luis Miguel,Sobrino,39059
39060,404988463,Elisa,Querol,39060
39061,369791269,Purificacion,Terron,39061
39062,707663663,Crescencia,Adan,39062
39063,110866351,Vera,Roura,39063
39064,295673025,Obdulia,Leon,39064
39065,734002990,Felix,Ruano,39065
39066,725030392,Gloria,Trujillo,39066
39067,724427294,Manu,Mateu,39067
39068,101281477,Trinidad,Hervas,39068
39069,795208920,Jonatan,Castello,39069
39070,996139659,Gabriel,Sales,39070
39071,555466792,Baltasar,Castellanos,39071
39072,949675289,Gregorio,Marco,39072
39073,375547216,Dalila,Hernandez,39073
39074,155212540,Susanita,Vidal,39074
39075,233051631,Consuela,Chamorro,39075
39076,913378333,Susanita,Sales,39076
39077,533247608,Macarena,Caballero,39077
39078,728434394,Francisca,Valcarcel,39078
39079,968633257,Rosa Maria,Baena,39079
39080,209746266,Priscila,Garzon,39080
39081,869153482,Susana,Barros,39081
39082,700620379,Adolfo,Barros,39082
39083,597201987,Fito,Barrios,39083
39084,402553130,Maristela,Pardo,39084
39085,211553595,Plinio,Hoyos,39085
39086,879561139,Jesus,Jurado,39086
39087,928826800,Adelardo,Bernad,39087
39088,996039836,Lupita,Escamilla,39088
39089,562450447,Adriana,Catalan,39089
39090,358146325,Duilio,Aramburu,39090
39091,250640304,Sarita,Benavente,39091
39092,802433563,Yolanda,Vidal,39092
39093,734817533,Octavia,Portillo,39093
39094,639007648,Victor Manuel,Castillo,39094
39095,286899807,Andres,Tejera,39095
39096,656624775,Nieves,Galvan,39096
39097,310061933,Edmundo,Madrigal,39097
39098,158992763,Maristela,Gordillo,39098
39099,396717828,Victoriano,Giralt,39099
39100,400250750,Juan Jose,Alvarez,39100
39101,285471677,Erasmo,Lobo,39101
39102,639030027,Inigo,Guzman,39102
39103,369077405,Ximena,Carro,39103
39104,779807486,Juanito,Perea,39104
39105,180804965,Martin,Roig,39105
39106,530078650,Amelia,Vazquez,39106
39107,632527422,Sabas,Castells,39107
39108,973925042,Rafaela,Peiro,39108
39109,187473886,Ismael,Martinez,39109
39110,237598996,Oscar,Ojeda,39110
39111,155250352,Isabela,Guitart,39111
39112,742325964,Basilio,Cisneros,39112
39113,800243326,Isidro,Robledo,39113
39114,694167001,Camilo,Mosquera,39114
39115,855145932,Onofre,Roda,39115
39116,994851127,Flavia,Suarez,39116
39117,596279231,Manu,Gargallo,39117
39118,479380726,Aurelia,Baro,39118
39119,555849620,Joel,Fabra,39119
39120,506369177,Cayetano,Pomares,39120
39121,251044118,Espiridion,Machado,39121
39122,862994524,Silvio,Lluch,39122
39123,908774973,Che,Coll,39123
39124,907756932,Etelvina,Garmendia,39124
39125,599897740,Pablo,Corbacho,39125
39126,460185094,Esteban,Barranco,39126
39127,224453868,Inmaculada,Salmeron,39127
39128,350845388,Paulino,Piquer,39128
39129,494230969,Victoriano,Agudo,39129
39130,877003533,Camila,Perales,39130
39131,424736323,Hermenegildo,Vigil,39131
39132,197370586,Maria Jose,Mariscal,39132
39133,917353840,Walter,Cuenca,39133
39134,484089229,Tania,Agusti,39134
39135,506200302,Alicia,Verdejo,39135
39136,934183755,Anna,Villalonga,39136
39137,392374702,Pacifica,Duenas,39137
39138,617622012,Domitila,Valdes,39138
39139,968471484,Olalla,Arnal,39139
39140,948598252,Danilo,Campillo,39140
39141,831400762,Eligia,Rivera,39141
39142,749170132,Dionisio,Barrera,39142
39143,776573241,Dimas,Saez,39143
39144,922423252,Hector,Higueras,39144
39145,419501617,Visitacion,Boada,39145
39146,517671190,Emelina,Guillen,39146
39147,727055652,Andrea,Yuste,39147
39148,797680442,Juan Bautista,Luque,39148
39149,103091600,Luciana,Crespo,39149
39150,136587149,Plinio,Mascaro,39150
39151,138994143,Rosaura,Diaz,39151
39152,861888191,Federico,Villanueva,39152
39153,824452996,Carina,Vera,39153
39154,299490006,Gonzalo,Carbonell,39154
39155,792839341,Antonio,Peinado,39155
39156,198200681,Samu,Roig,39156
39157,153358294,Fabiana,Amor,39157
39158,589880943,Ursula,Velasco,39158
39159,230414193,Lalo,Rebollo,39159
39160,644018927,Augusto,Sarmiento,39160
39161,254368567,Joel,Aguado,39161
39162,360915442,Rafaela,Landa,39162
39163,257391159,Victoria,Palau,39163
39164,153387064,Rosario,Canet,39164
39165,593240277,Agapito,Salgado,39165
39166,833319673,Edmundo,Roman,39166
39167,229689728,Olga,Cespedes,39167
39168,774687438,Onofre,Soria,39168
39169,176456691,Francisco Javier,Riera,39169
39170,739950579,Palmira,Montero,39170
39171,214242956,Leandro,Beltran,39171
39172,431041039,Luis Angel,Galvez,39172
39173,239511994,Adalberto,Abascal,39173
39174,589488412,Chuy,Arce,39174
39175,357078869,Marisa,Royo,39175
39176,887903108,Candelaria,Verdugo,39176
39177,563095680,Americo,Corbacho,39177
39178,627799548,Apolonia,Pozuelo,39178
39179,130262990,Lara,Canton,39179
39180,360194152,Ariel,Ferrera,39180
39181,251691085,Marita,Sanchez,39181
39182,868314409,Pio,Guardiola,39182
39183,217014068,Azahar,Tolosa,39183
39184,239680235,Bibiana,Blazquez,39184
39185,688068858,Basilio,Chaparro,39185
39186,713872089,Felix,Polo,39186
39187,900088408,Aranzazu,Flor,39187
39188,601367549,Juan Antonio,Gimenez,39188
39189,542825307,Lucila,Cortes,39189
39190,770510995,Rosa,Alba,39190
39191,773386136,Juanita,Criado,39191
39192,205411832,Noe,Marco,39192
39193,360673656,Jose Manuel,Elias,39193
39194,452657316,Fernando,Zamora,39194
39195,196830140,Roman,Pou,39195
39196,995380980,Segismundo,Tenorio,39196
39197,297320073,Maria Dolores,Morante,39197
39198,997873927,Ciriaco,Fabregat,39198
39199,409601397,Nazaret,Roda,39199
39200,677538918,Anna,Checa,39200
39201,860481820,Maximiliano,Bayon,39201
39202,964734081,Brunilda,Chico,39202
39203,829018491,Catalina,Rios,39203
39204,884198360,Sebastian,Tirado,39204
39205,562438006,Maricela,Reguera,39205
39206,223765620,Mayte,Pujadas,39206
39207,808585472,Nicanor,Miranda,39207
39208,363142767,Felix,Dalmau,39208
39209,799774544,Cebrian,Hernandez,39209
39210,758567295,Marianela,Pintor,39210
39211,196047443,Casemiro,Melero,39211
39212,566255435,Mateo,Carnero,39212
39213,553937686,Rosa Maria,Cueto,39213
39214,490558142,Sonia,Bello,39214
39215,419119201,Aitana,Prado,39215
39216,107660619,Piedad,Figueras,39216
39217,183989163,Andres,Aramburu,39217
39218,236135965,Perlita,Olivera,39218
39219,515723832,Ariadna,Conde,39219
39220,160855824,Amancio,Puga,39220
39221,823386631,Baltasar,Valderrama,39221
39222,590674293,Rita,Alberto,39222
39223,613702318,Calixto,Serrano,39223
39224,942767175,Inocencio,Borrell,39224
39225,603602880,Alicia,Chico,39225
39226,826262707,Rosa,Higueras,39226
39227,305013264,Corona,Vizcaino,39227
39228,592492470,Demetrio,Linares,39228
39229,618792364,Felipa,Ferrandiz,39229
39230,689844144,Bibiana,Vicens,39230
39231,729537347,Maria Fernanda,Vila,39231
39232,241868605,Seve,Rios,39232
39233,921747879,Aureliano,Banos,39233
39234,676774020,Pio,Bolanos,39234
39235,957248704,Julio,Guzman,39235
39236,366495580,Dan,Gaya,39236
39237,308381291,Rebeca,Duarte,39237
39238,461299890,Florencio,Vilalta,39238
39239,932968085,Zoraida,Cadenas,39239
39240,106556664,Jenaro,Sevilla,39240
39241,393384903,Octavio,Cabeza,39241
39242,185936282,Noelia,Jorda,39242
39243,746957412,Oriana,Amo,39243
39244,826790705,Geraldo,Sacristan,39244
39245,491105297,Toni,Arjona,39245
39246,542822853,Maria Teresa,Cuenca,39246
39247,868658378,Maria Jesus,Donaire,39247
39248,412823798,Rosa Maria,Valencia,39248
39249,431450697,Sebastian,Cortes,39249
39250,369874971,Felicia,Giron,39250
39251,870482485,Lucho,Casanovas,39251
39252,436620737,Beatriz,Casas,39252
39253,574055111,Adolfo,Cordoba,39253
39254,232836873,Lupita,Leiva,39254
39255,391963005,Eli,Azorin,39255
39256,884376867,Brigida,Luna,39256
39257,866106466,Selena,Mariscal,39257
39258,857975344,Severino,Urena,39258
39259,256549003,Cebrian,Sola,39259
39260,184347424,Noa,Julian,39260
39261,831597571,Socorro,Jimenez,39261
39262,315696753,Merche,Mugica,39262
39263,544844088,Inigo,Zamorano,39263
39264,156399042,Reyna,Toledo,39264
39265,472882967,Felix,Mari,39265
39266,559446703,Constanza,Vigil,39266
39267,383483897,Pablo,Menendez,39267
39268,839202795,Jose,Alemany,39268
39269,774423404,Mariana,Tejada,39269
39270,739528080,Celso,Conesa,39270
39271,549679041,Marita,Ribes,39271
39272,292531603,Natividad,Correa,39272
39273,671246360,Albert,Agusti,39273
39274,764785003,Fortunato,Guerrero,39274
39275,930537180,Nicolas,Boada,39275
39276,579469460,Odalis,Valencia,39276
39277,588595441,Samu,Marques,39277
39278,441274915,Amelia,Mas,39278
39279,593224977,Juana,Conesa,39279
39280,683919994,Evangelina,Baquero,39280
39281,470246481,Marianela,Hernandez,39281
39282,784994447,Sabas,Acuna,39282
39283,740909262,Sabas,Pinilla,39283
39284,724815526,Pastor,Marin,39284
39285,299995113,Ruben,Bermudez,39285
39286,232016019,Lorena,Jorda,39286
39287,333593579,Valerio,Acosta,39287
39288,535915467,Ambrosio,Iniguez,39288
39289,176134020,Tito,Ferreras,39289
39290,839391499,Carmelita,Manjon,39290
39291,689338183,Jose Maria,Alberto,39291
39292,926077852,Heraclio,Delgado,39292
39293,168805044,Anabel,Sastre,39293
39294,600763054,Teobaldo,Pinilla,39294
39295,689511322,Encarna,Toro,39295
39296,609993824,Agueda,Arce,39296
39297,251947302,Apolinar,Torres,39297
39298,732809577,Feliciano,Bonilla,39298
39299,117529163,Edelmiro,Velez,39299
39300,571207633,Ruy,Diez,39300
39301,255404800,Maximo,Guerrero,39301
39302,541174171,Elodia,Prat,39302
39303,391854246,Lucas,Pujadas,39303
39304,273202203,Gonzalo,Alegria,39304
39305,483064068,Joan,Valenciano,39305
39306,621913638,Anabel,Barrio,39306
39307,133154065,Quique,Prada,39307
39308,848180091,Carina,Chamorro,39308
39309,246661376,Gerardo,Armengol,39309
39310,997403429,Candelaria,Saavedra,39310
39311,430851070,Luis Angel,Naranjo,39311
39312,332127461,Roxana,Sedano,39312
39313,627870383,Aristides,Vazquez,39313
39314,244822187,Calixta,Vilalta,39314
39315,281848376,Feliciano,Heredia,39315
39316,386119202,Sigfrido,Armengol,39316
39317,368051347,Enrique,Salmeron,39317
39318,653599625,Guadalupe,Rojas,39318
39319,444922729,Emperatriz,Gibert,39319
39320,387805203,Maria,Tomas,39320
39321,857632891,Espiridion,Aguila,39321
39322,710416406,Ariel,Bastida,39322
39323,994365099,Gloria,Ramos,39323
39324,612587033,Fidela,Gonzalez,39324
39325,781064784,Juanito,Mate,39325
39326,538108641,Esmeralda,Guillen,39326
39327,205850233,Daniela,Pineiro,39327
39328,887560263,Basilio,Barcena,39328
39329,916300323,Leon,Garay,39329
39330,946363644,Alfredo,Vicens,39330
39331,388198688,Nico,Arrieta,39331
39332,541385816,Haydee,Roldan,39332
39333,803924691,Paco,Solsona,39333
39334,778196732,Lorenza,Barreda,39334
39335,701086738,Elisabet,Rodenas,39335
39336,847290446,Sosimo,Torrents,39336
39337,905105267,Americo,Marques,39337
39338,204369955,Alcides,Prada,39338
39339,407195597,Tadeo,Porras,39339
39340,246190327,Tatiana,Arana,39340
39341,138842193,Antonio,Roma,39341
39342,548871721,Pedro,Barrena,39342
39343,905719394,Jose Luis,Galan,39343
39344,437660532,Marianela,Sierra,39344
39345,705007962,Ximena,Salva,39345
39346,412710598,Luz,Dieguez,39346
39347,468651614,Jeronimo,Carballo,39347
39348,298563934,Valerio,Belda,39348
39349,705485313,Nico,Pol,39349
39350,294588159,Graciela,Menendez,39350
39351,173355266,Amanda,Villalonga,39351
39352,198900955,Carlota,Fajardo,39352
39353,765483934,Pepita,Aguila,39353
39354,161682616,Lupe,Villalobos,39354
39355,309996125,Filomena,Ferrandiz,39355
39356,155975273,Lorenzo,Angel,39356
39357,312277989,Patricia,Benet,39357
39358,689177123,Cintia,Sanz,39358
39359,971043753,Romulo,Carvajal,39359
39360,938422330,Adan,Soto,39360
39361,199709440,Rene,Barbero,39361
39362,690473615,Nilda,Suarez,39362
39363,557934393,Juan Manuel,Infante,39363
39364,185269625,Isidro,Bas,39364
39365,824383661,Fortunata,Calvet,39365
39366,550168216,Ulises,Maldonado,39366
39367,569915184,Donato,Zabala,39367
39368,655256561,Gaston,Barba,39368
39369,279925621,Alexandra,Mascaro,39369
39370,427815045,Maria Manuela,Aroca,39370
39371,544637834,Santiago,Pedrosa,39371
39372,604283032,Pablo,Prats,39372
39373,694237182,Juan Jose,Rosa,39373
39374,508382618,Haydee,Herrero,39374
39375,930570814,Isidora,Prada,39375
39376,165380046,Ana Sofia,Calvet,39376
39377,233788228,Marita,Coello,39377
39378,230765110,Maria Jesus,Uribe,39378
39379,894120618,Domingo,Mateos,39379
39380,380090912,Paloma,Requena,39380
39381,738350833,Feliciana,Rodenas,39381
39382,371254242,Berto,Farre,39382
39383,944733048,Flavia,Azcona,39383
39384,181349865,Consuela,Berenguer,39384
39385,530905108,Asdrubal,Planas,39385
39386,629848058,Rosaura,Agudo,39386
39387,221458687,Elodia,Cruz,39387
39388,298890581,Gerardo,Penas,39388
39389,942710451,Leocadia,Miro,39389
39390,487820628,Cristian,Santana,39390
39391,335028314,America,Pelayo,39391
39392,805370918,Yago,Palacio,39392
39393,890282236,Estefania,Company,39393
39394,595138038,Marcos,Morcillo,39394
39395,382651095,Rodolfo,Aragon,39395
39396,272490181,Agustina,Prado,39396
39397,394461116,Poncio,Tejada,39397
39398,339761898,Cebrian,Belda,39398
39399,290735446,Leire,Arregui,39399
39400,933125455,Gaspar,Perez,39400
39401,494745814,Anibal,Alba,39401
39402,670672176,Modesta,Domenech,39402
39403,672241706,Joel,Benavent,39403
39404,804209125,Delfina,Agusti,39404
39405,953340511,Sabas,Rincon,39405
39406,152891669,Jovita,Aranda,39406
39407,385878806,Anna,Bastida,39407
39408,596701805,Ainoa,Cardona,39408
39409,967062862,Maria Dolores,Carvajal,39409
39410,410849581,Remedios,Sedano,39410
39411,550123511,Ruy,Borras,39411
39412,933223052,Humberto,Pedraza,39412
39413,350455987,Florencia,Landa,39413
39414,615795527,Plinio,Pina,39414
39415,663076576,Alberto,Pozo,39415
39416,526257389,Prudencio,Gilabert,39416
39417,983555491,Ambrosio,Bou,39417
39418,277222087,Odalys,Macias,39418
39419,731159579,Felix,Haro,39419
39420,572571568,Sabas,Suarez,39420
39421,785514483,Agapito,Zapata,39421
39422,733663290,Curro,Sarabia,39422
39423,400968242,Goyo,Bejarano,39423
39424,995925308,Walter,Pedrosa,39424
39425,834634924,Palmira,Escobar,39425
39426,913103338,Angelino,Hervia,39426
39427,273711152,Iker,Agudo,39427
39428,633721468,Nacio,Baeza,39428
39429,680603778,Fernanda,Tormo,39429
39430,541479249,Hipolito,Alvarado,39430
39431,380753004,Angelino,Pages,39431
39432,755259240,Atilio,Rozas,39432
39433,506162577,Hector,Aguirre,39433
39434,531810355,Guillermo,Arroyo,39434
39435,290189992,Marta,Penalver,39435
39436,842518945,Josefina,Barranco,39436
39437,765902079,Walter,Infante,39437
39438,528494551,Luna,Tejero,39438
39439,611012264,Elpidio,Oller,39439
39440,966029503,Tomas,Montesinos,39440
39441,308172900,Baudelio,Neira,39441
39442,342921370,Noa,Palacios,39442
39443,554347274,Abel,Lopez,39443
39444,411979580,Jose Ignacio,Pellicer,39444
39445,612442423,Goyo,Blanco,39445
39446,616052946,Juan Pablo,Navas,39446
39447,949418086,Diego,Lobo,39447
39448,415957463,Chucho,Garces,39448
39449,119528458,Hernando,Bolanos,39449
39450,315626657,Fidel,Cadenas,39450
39451,295480016,Omar,Carretero,39451
39452,615639076,Ursula,Buendia,39452
39453,498513863,Ciriaco,Rosa,39453
39454,591422063,Jafet,Tejada,39454
39455,867611413,Ascension,Camara,39455
39456,632068920,Maite,Esteban,39456
39457,783107523,Aranzazu,Jauregui,39457
39458,820590810,Desiderio,Cerda,39458
39459,463007083,Alba,Torrents,39459
39460,748354860,Luciano,Robledo,39460
39461,775058798,Jose Luis,Cazorla,39461
39462,538001656,Elisa,Corominas,39462
39463,654857345,Maria Jose,Manso,39463
39464,957035493,Custodio,Valles,39464
39465,769787590,America,Matas,39465
39466,649319714,Jose Maria,Aragones,39466
39467,531465672,Flor,Mena,39467
39468,983802998,Dorotea,Blasco,39468
39469,474392401,Pepito,Guillen,39469
39470,693725207,Paulino,Ugarte,39470
39471,907309083,Nestor,Villanueva,39471
39472,610298930,Che,Sanchez,39472
39473,202231348,Nieves,Aleman,39473
39474,137347046,Silvia,Beltran,39474
39475,523989657,Maria Pilar,Reina,39475
39476,445959611,Adelaida,Escudero,39476
39477,343346473,Melania,Aramburu,39477
39478,524731163,Melania,Rincon,39478
39479,556254411,Tomas,Goicoechea,39479
39480,127723768,Maria Angeles,Belda,39480
39481,348778602,Jonatan,Estevez,39481
39482,169931327,Pastor,Barbera,39482
39483,123468575,Debora,Maldonado,39483
39484,237387273,Martin,Porras,39484
39485,588569441,Narciso,Cal,39485
39486,204889227,Victoriano,Ramirez,39486
39487,288634028,Jenaro,Pelayo,39487
39488,862272508,Tristan,Caparros,39488
39489,554118091,Anna,Borja,39489
39490,325940078,Rosaura,Quesada,39490
39491,256247958,Nerea,Verdejo,39491
39492,581045179,Candelaria,Corral,39492
39493,177805057,Maxi,Saenz,39493
39494,511195455,Juan Luis,Fernandez,39494
39495,441103236,Alma,Angel,39495
39496,290696481,Ruy,Calatayud,39496
39497,884482783,Cipriano,Roda,39497
39498,379070318,Demetrio,Fuster,39498
39499,197915113,Carmelita,Escobar,39499
39500,349932830,Luz,Castaneda,39500
39501,131026564,Febe,Galan,39501
39502,543802637,Teofilo,Lobo,39502
39503,411574274,Natalio,Ibanez,39503
39504,635322598,Magdalena,Borrego,39504
39505,553547043,Fabricio,Cabeza,39505
39506,186855086,Flora,Tur,39506
39507,756047947,Aura,Redondo,39507
39508,696169705,Telmo,Borras,39508
39509,436939753,Teo,Estrada,39509
39510,866916851,Fito,Sanchez,39510
39511,681780621,Flavia,Solano,39511
39512,963685810,Agapito,Haro,39512
39513,102744879,Julie,Canas,39513
39514,224257095,Salvador,Banos,39514
39515,902985052,Ramiro,Bosch,39515
39516,645037311,Samuel,Berrocal,39516
39517,410439917,Efrain,Castrillo,39517
39518,173416343,Victoriano,Coll,39518
39519,696917626,Andres Felipe,Tirado,39519
39520,834269262,Dani,Garcia,39520
39521,215765496,Nidia,Quintanilla,39521
39522,984659886,Feliciano,Fernandez,39522
39523,121366985,Tere,Saura,39523
39524,892544205,Alfredo,Baquero,39524
39525,372264611,Tomasa,Valderrama,39525
39526,430488156,Nestor,Pintor,39526
39527,976356956,Jovita,Araujo,39527
39528,483012224,Melisa,Vallejo,39528
39529,764405234,Anita,Valls,39529
39530,803309041,Isidora,Vigil,39530
39531,197944401,Encarnacion,Padilla,39531
39532,734607596,Lucas,Garate,39532
39533,462309453,Luis,Moles,39533
39534,433727954,Piedad,Melero,39534
39535,877670343,Cirino,Rocha,39535
39536,517083026,Felipa,Zabala,39536
39537,310195818,Lola,Soto,39537
39538,883926486,Carina,Casanova,39538
39539,367649788,Josue,Puga,39539
39540,933131677,Armida,Santiago,39540
39541,787865376,Berto,Hurtado,39541
39542,151636155,Demetrio,Pastor,39542
39543,141605790,Fito,Verdugo,39543
39544,337503412,Morena,Padilla,39544
39545,381991293,Felix,Arias,39545
39546,114201479,Severino,Estevez,39546
39547,202380273,Bernarda,Revilla,39547
39548,521043671,Fortunata,Noguera,39548
39549,281929279,Lucio,Marin,39549
39550,853172739,Viviana,Pino,39550
39551,811495794,Mercedes,Toro,39551
39552,162219305,Natalia,Montana,39552
39553,446845604,Rosa Maria,Ordonez,39553
39554,768489625,Jose Carlos,Reina,39554
39555,416261211,Toribio,Diego,39555
39556,472521871,Zaira,Cuevas,39556
39557,494462996,Asuncion,Botella,39557
39558,658230847,Pedro,Carranza,39558
39559,553018628,Margarita,Ballesteros,39559
39560,460625959,Elvira,Benito,39560
39561,128095497,Custodio,Valdes,39561
39562,831563058,Julio Cesar,Arranz,39562
39563,723186135,Tecla,Pombo,39563
39564,177539141,Rafaela,Quevedo,39564
39565,418928191,Jose Luis,Espanol,39565
39566,267171323,Rufino,Chacon,39566
39567,676646371,Cloe,Corominas,39567
39568,366922996,Nicanor,Sans,39568
39569,934814562,Gabriela,Morcillo,39569
39570,178124766,Adelardo,Batalla,39570
39571,418323456,Benigna,Romero,39571
39572,545946254,Silvio,Nicolau,39572
39573,381034936,Augusto,Montesinos,39573
39574,759907357,Jose Luis,Ledesma,39574
39575,317996060,Emiliano,Benavides,39575
39576,364235419,Manolo,Morera,39576
39577,802002301,Delia,Vigil,39577
39578,754714762,Espiridion,Ramirez,39578
39579,724529366,Abel,Rodriguez,39579
39580,392718126,Begona,Vargas,39580
39581,774004691,Aitana,Tejedor,39581
39582,383044805,Luis Angel,Granados,39582
39583,807227122,Anunciacion,Cabeza,39583
39584,389085483,Artemio,Vizcaino,39584
39585,597508665,Nico,Vidal,39585
39586,609925037,Berta,Jauregui,39586
39587,889123669,Paca,Guzman,39587
39588,491550062,Alondra,Davila,39588
39589,962411553,Rosendo,Valbuena,39589
39590,656362188,Arturo,Fajardo,39590
39591,117394436,Rosenda,Tejero,39591
39592,429805894,Joaquin,Batalla,39592
39593,523289587,Elvira,Gamez,39593
39594,414514774,Berto,Juan,39594
39595,246944385,Isaura,Ariza,39595
39596,152963616,Quirino,Rey,39596
39597,700167567,Adolfo,Nadal,39597
39598,532301368,Palmira,Robledo,39598
39599,394545813,Jose Ignacio,Gonzalez,39599
39600,880126956,Bonifacio,Camara,39600
39601,509273064,Beatriz,Prat,39601
39602,512522138,Lope,Molina,39602
39603,751447962,Joaquin,Roig,39603
39604,117495586,Toni,Canizares,39604
39605,212263695,Hilda,Pinilla,39605
39606,581630317,Fidel,Soriano,39606
39607,183593063,Miguel,Franch,39607
39608,405801496,Africa,Echeverria,39608
39609,108063705,Agustin,Espejo,39609
39610,371482822,Miriam,Arnal,39610
39611,563269675,Zaida,Juarez,39611
39612,620848775,Elena,Burgos,39612
39613,764119664,Eleuterio,Ramirez,39613
39614,295820884,Esmeralda,Barral,39614
39615,747991916,Silvestre,Vilanova,39615
39616,883259180,Ariadna,Segovia,39616
39617,632708769,Cosme,Ocana,39617
39618,172433835,Rosaura,Agustin,39618
39619,182586914,Araceli,Pujadas,39619
39620,232251513,Casandra,Amador,39620
39621,377623680,Ariel,Barrena,39621
39622,461449245,Pacifica,Prada,39622
39623,518850566,Rosario,Iborra,39623
39624,898686052,Buenaventura,Aguilera,39624
39625,810438430,Mireia,Guardiola,39625
39626,746045845,Rafael,Gras,39626
39627,846743741,Felix,Montes,39627
39628,833941058,Manola,Palma,39628
39629,215671018,Joaquina,Velez,39629
39630,684930297,Narciso,Gras,39630
39631,464041826,Juan Jose,Arevalo,39631
39632,262893505,Herberto,Benitez,39632
39633,871464273,Maria Carmen,Costa,39633
39634,888155330,Vicente,Lago,39634
39635,468872751,Ruben,Grau,39635
39636,257240628,Viviana,Melero,39636
39637,966010487,Guadalupe,Pont,39637
39638,341580347,Carmelita,Ramis,39638
39639,842315795,Trinidad,Gomez,39639
39640,617749782,Obdulia,Aguila,39640
39641,889744901,Sarita,Neira,39641
39642,953447094,Jimena,Cuesta,39642
39643,338613455,Sabina,Esteve,39643
39644,417980759,Evangelina,Rico,39644
39645,415683066,Maria Fernanda,Vilaplana,39645
39646,609311806,Fortunata,Ferrero,39646
39647,242193967,Lazaro,Banos,39647
39648,241982768,Carmina,Arnaiz,39648
39649,865360573,Eric,Vera,39649
39650,481844677,Fabricio,Ribes,39650
39651,847332127,Hipolito,Suarez,39651
39652,476600150,Ramona,Suarez,39652
39653,142014172,Marcia,Taboada,39653
39654,542076202,Joaquin,Hervas,39654
39655,407268890,Florentina,Pou,39655
39656,598752701,Nayara,Barros,39656
39657,356580327,Olimpia,Alcalde,39657
39658,351633468,Baltasar,Urrutia,39658
39659,711987178,Herberto,Sevillano,39659
39660,608417593,Pio,Acosta,39660
39661,812331263,Candela,Montenegro,39661
39662,274953312,Marciano,Vicente,39662
39663,270857019,Sarita,Canton,39663
39664,874993010,Micaela,Landa,39664
39665,524020060,Nilo,Valdes,39665
39666,610565815,Cintia,Castaneda,39666
39667,361264285,Raimundo,Rios,39667
39668,467195915,Maximiano,Rios,39668
39669,938391303,Pio,Mena,39669
39670,219547783,Cebrian,Marin,39670
39671,322958059,Kike,Frias,39671
39672,891037926,Haydee,Rosa,39672
39673,851050908,Aura,Atienza,39673
39674,975818404,Anita,Bellido,39674
39675,620765341,Lidia,Guzman,39675
39676,706015253,Emma,Sole,39676
39677,186091177,Esperanza,Palau,39677
39678,861906605,Raquel,Cornejo,39678
39679,408255991,Marita,Coello,39679
39680,728308928,Mariano,Pallares,39680
39681,274954479,Albano,Perales,39681
39682,913428450,Julia,Escudero,39682
39683,844816375,Remedios,Gonzalez,39683
39684,311585359,Anna,Grau,39684
39685,848806753,Mohamed,Izaguirre,39685
39686,302746235,Norberto,Palomares,39686
39687,548910444,Roman,Suarez,39687
39688,823455372,Ligia,Pintor,39688
39689,249537606,Ursula,Bermejo,39689
39690,535647721,Melisa,Quintanilla,39690
39691,815677371,Estefania,Comas,39691
39692,743428395,Esmeralda,Correa,39692
39693,586581531,Geronimo,Cortes,39693
39694,546554302,Felicidad,Minguez,39694
39695,126443318,Visitacion,Cid,39695
39696,324000112,Amilcar,Agullo,39696
39697,521874263,Jeronimo,Gelabert,39697
39698,296597556,Julio Cesar,Fortuny,39698
39699,762444802,Marcelo,Carretero,39699
39700,199210150,Jose Carlos,Villanueva,39700
39701,332877795,Jeremias,Escudero,39701
39702,844213850,Angel,Egea,39702
39703,440431737,Joan,Aleman,39703
39704,685105310,Jovita,Vallejo,39704
39705,388674157,Febe,Quiros,39705
39706,933878752,Amada,Lozano,39706
39707,516615866,Severino,Feijoo,39707
39708,382090832,Leocadia,Carballo,39708
39709,359315171,Anastasio,Heras,39709
39710,527958981,Noemi,Tejera,39710
39711,156705960,Amaro,Oliveras,39711
39712,232138954,Xiomara,Estrada,39712
39713,163944099,Celestino,Robledo,39713
39714,676442469,Evita,Gallardo,39714
39715,265669633,Andres,Nevado,39715
39716,734380101,Maximino,Torres,39716
39717,872034447,Pastor,Santamaria,39717
39718,497409874,Petrona,Badia,39718
39719,489860503,Pilar,Gordillo,39719
39720,100472696,Daniela,Marquez,39720
39721,466320684,Juanito,Arribas,39721
39722,603347816,Fernanda,Catalan,39722
39723,873312169,Ezequiel,Pina,39723
39724,620906046,Lupe,Velasco,39724
39725,651750523,Benito,Raya,39725
39726,927181596,Pedro,Camps,39726
39727,380034017,Eleuterio,Costa,39727
39728,453741405,Guadalupe,Banos,39728
39729,494486833,Rosenda,Pizarro,39729
39730,675130062,Bautista,Zapata,39730
39731,948592978,Anita,Carbo,39731
39732,686059795,Celestino,Iglesias,39732
39733,501962332,Ursula,Ayala,39733
39734,254356157,Andres Felipe,Uribe,39734
39735,648935190,Manu,Briones,39735
39736,658682434,Reina,Luz,39736
39737,259792369,Gerardo,Borrell,39737
39738,906878227,Eutimio,Herrero,39738
39739,877945717,Nereida,Capdevila,39739
39740,613963881,Marco,Mendizabal,39740
39741,125668732,Ulises,Ramon,39741
39742,229459251,Reina,Aragon,39742
39743,688363868,Angeles,Chico,39743
39744,930991905,Placido,Batlle,39744
39745,108303243,Quique,Batalla,39745
39746,656139642,Heriberto,Casas,39746
39747,158682025,Felipa,Nicolas,39747
39748,439785151,Juanita,Valencia,39748
39749,168393844,Berta,Machado,39749
39750,851325294,Gregorio,Nino,39750
39751,274478343,Dionisia,Plana,39751
39752,379497896,Moreno,Gascon,39752
39753,390352711,Juan Pablo,Arribas,39753
39754,707696543,Clara,Pavon,39754
39755,226375760,Maura,Sanabria,39755
39756,121516308,Pascuala,Cerdan,39756
39757,297023737,Melchor,Sanmiguel,39757
39758,157124050,Severiano,Criado,39758
39759,139327892,Eulalia,Llorens,39759
39760,829002397,Julia,Valcarcel,39760
39761,752412391,Nando,Serrano,39761
39762,177819539,Lola,Baena,39762
39763,731796066,Victor,Torrents,39763
39764,495988988,Omar,Perez,39764
39765,849838800,Ricarda,Mari,39765
39766,573948535,Herberto,Sancho,39766
39767,795641605,Gracia,Chaves,39767
39768,793212560,Salvador,Velez,39768
39769,724852364,Belen,Portillo,39769
39770,341724373,Juanito,Roman,39770
39771,520224246,Poncio,Blanch,39771
39772,388255420,Aranzazu,Saura,39772
39773,674695296,Ramiro,Martinez,39773
39774,747102244,Raquel,Galan,39774
39775,287944419,Gaspar,Melendez,39775
39776,341781974,Sofia,Nebot,39776
39777,113109077,Luciana,Nevado,39777
39778,203864745,Bernardino,Molina,39778
39779,258422631,Anselmo,Palomo,39779
39780,636556173,Custodia,Landa,39780
39781,862677317,Hugo,Belmonte,39781
39782,251087610,Benita,Palma,39782
39783,170605760,Perlita,Millan,39783
39784,890026263,Reyes,Gallart,39784
39785,526230155,Emilio,Ayllon,39785
39786,851762081,Leopoldo,Camps,39786
39787,780005104,Ciriaco,Huertas,39787
39788,163158133,Francisca,Nicolas,39788
39789,112627315,Candelas,Bilbao,39789
39790,597515587,Manola,Marino,39790
39791,248390560,Maxi,Jaen,39791
39792,158363637,Lorena,Company,39792
39793,612460061,Cecilio,Conde,39793
39794,758532734,Julian,Nogueira,39794
39795,347186927,Etelvina,Bou,39795
39796,245657542,Brigida,Alfonso,39796
39797,582458316,Felipe,Quintana,39797
39798,101298855,Julio Cesar,Neira,39798
39799,938606842,Amador,Jaume,39799
39800,402010312,Corona,Barriga,39800
39801,712458509,Remedios,Campillo,39801
39802,917606758,Joel,Estevez,39802
39803,164373462,Abigail,Castilla,39803
39804,361316886,Pastora,Perales,39804
39805,753706014,Marita,Moya,39805
39806,863470023,Eulalia,Aragon,39806
39807,830539493,Bartolome,Guijarro,39807
39808,932495537,Roxana,Polo,39808
39809,885417647,Vicente,Mendez,39809
39810,436843597,Reina,Paniagua,39810
39811,319716436,Godofredo,Oller,39811
39812,840898214,Abilio,Villa,39812
39813,627694880,Manuel,Roma,39813
39814,798973951,Miguel Angel,Tejera,39814
39815,211744198,Vasco,Cabeza,39815
39816,667249088,Jose Maria,Padilla,39816
39817,540793415,Aroa,Ortega,39817
39818,671875897,Dario,Ballesteros,39818
39819,359813815,Mamen,Riquelme,39819
39820,926572774,Ines,Barros,39820
39821,572517180,Remedios,Ramirez,39821
39822,986986097,Edu,Llanos,39822
39823,721137375,Emperatriz,Arco,39823
39824,850614476,Segismundo,Carreras,39824
39825,487835280,Ruy,Valle,39825
39826,178407186,Susanita,Roma,39826
39827,749867193,Olalla,Baeza,39827
39828,490771313,Maria Jesus,Cerdan,39828
39829,185132402,Rebeca,Paez,39829
39830,776354096,Albano,Sales,39830
39831,902082335,Pilar,Cobos,39831
39832,847554497,Silvia,Ayala,39832
39833,425565149,Macaria,Dominguez,39833
39834,424606772,Teodora,Solano,39834
39835,619651543,Jafet,Llorente,39835
39836,374613361,Macario,Lobato,39836
39837,188661665,Gracia,Jaen,39837
39838,546685784,Geraldo,Carbonell,39838
39839,589056045,Poncio,Quero,39839
39840,743193396,Camilo,Marques,39840
39841,218751532,Iker,Mercader,39841
39842,676284235,Segismundo,Bosch,39842
39843,751552343,Marta,Gibert,39843
39844,361067279,Teresita,Planas,39844
39845,176584090,Clemente,Losa,39845
39846,268172517,Angela,Pozo,39846
39847,261742564,Dolores,Pena,39847
39848,612345299,Ofelia,Folch,39848
39849,190972446,Leonardo,Saldana,39849
39850,741735580,Teodosio,Giralt,39850
39851,612280503,Edelmiro,Comas,39851
39852,170484311,Onofre,Alberto,39852
39853,492424774,Victoria,Pardo,39853
39854,307297723,Hugo,Casal,39854
39855,399949319,Berta,Barcena,39855
39856,519590279,Nazario,Mascaro,39856
39857,614761878,Candido,Santiago,39857
39858,214953702,Merche,Tomas,39858
39859,559186641,Africa,Duarte,39859
39860,435305929,Luna,Cepeda,39860
39861,112864441,Pepita,Bolanos,39861
39862,904710405,Hilda,Llanos,39862
39863,869818133,Raimundo,Canton,39863
39864,136357401,Magdalena,Garay,39864
39865,526891581,Marcelo,Tome,39865
39866,911318131,Vinicio,Hoyos,39866
39867,646356940,Manuela,Pena,39867
39868,805991831,Santiago,Ortuno,39868
39869,267997998,Xiomara,Cardona,39869
39870,452856976,Agustin,Vina,39870
39871,374099235,Aurelia,Osuna,39871
39872,229782456,Oriana,Morata,39872
39873,170531190,Pepe,Zaragoza,39873
39874,871144453,Silvia,Somoza,39874
39875,874175826,Salome,Palomar,39875
39876,307393042,Candelas,Monreal,39876
39877,595600980,Juliana,Mugica,39877
39878,306600931,Isabel,Agudo,39878
39879,782429353,Manola,Puga,39879
39880,527135111,Amarilis,Acuna,39880
39881,198623487,Ricardo,Juarez,39881
39882,297105207,Nicolas,Canete,39882
39883,155820546,Eufemia,Tejada,39883
39884,919387291,Cayetana,Pozo,39884
39885,999889215,Cristina,Mendizabal,39885
39886,835102066,Ligia,Calleja,39886
39887,315540387,Jose Manuel,Cordoba,39887
39888,941155239,Maria Angeles,Rivera,39888
39889,810986308,Rene,Aguilo,39889
39890,242680899,Emiliano,Hoz,39890
39891,867935144,Socorro,Garces,39891
39892,470881941,Ximena,Casals,39892
39893,139682078,Vicente,Montana,39893
39894,458032643,Samu,Canet,39894
39895,529655806,Salud,Morcillo,39895
39896,586355805,Haroldo,Exposito,39896
39897,113704560,Debora,Salamanca,39897
39898,467091598,Guiomar,Feijoo,39898
39899,695023415,Ambar,Acuna,39899
39900,860387469,Angelica,Torrens,39900
39901,859802070,Saturnina,Gras,39901
39902,912734499,Tiburcio,Abella,39902
39903,525802397,Baudelio,Uriarte,39903
39904,929692618,Yolanda,Baena,39904
39905,957595907,Fortunata,Chaves,39905
39906,794177099,Benigna,Galvan,39906
39907,107351191,Valerio,Diaz,39907
39908,379697112,Dani,Nebot,39908
39909,677991411,Candelaria,Ortiz,39909
39910,283483175,Loreto,Nunez,39910
39911,624336225,Nicolasa,Pina,39911
39912,128547962,Fausto,Paz,39912
39913,365987203,Reynaldo,Aznar,39913
39914,304516849,Omar,Andres,39914
39915,151801267,Rosario,Chaparro,39915
39916,427272533,Cayetano,Piquer,39916
39917,926176385,Constanza,Amat,39917
39918,291801806,Silvia,Mateo,39918
39919,157811522,Obdulia,Cabanas,39919
39920,786104470,Sandalio,Bustos,39920
39921,888405189,Benjamin,Carnero,39921
39922,190968869,Luz,Goni,39922
39923,794607709,Teofilo,Osuna,39923
39924,629794089,Nicodemo,Roldan,39924
39925,767664667,Dionisio,Palacios,39925
39926,858308725,Hilda,Quiroga,39926
39927,149730089,Esmeralda,Pizarro,39927
39928,627340259,Ramon,Cordoba,39928
39929,707761201,Amelia,Lujan,39929
39930,217298484,Montserrat,Sosa,39930
39931,534908768,Modesto,Pinilla,39931
39932,988306831,Ezequiel,Andrade,39932
39933,459101283,Ariel,Cisneros,39933
39934,655650927,Rosendo,Santiago,39934
39935,796232120,Nazaret,Tejero,39935
39936,463709950,Melania,Cabrero,39936
39937,236375838,Jesus,Patino,39937
39938,494698489,Victorino,Reina,39938
39939,644417223,Mauricio,Reyes,39939
39940,957997242,Victor,Pacheco,39940
39941,201624208,Victoria,Sevillano,39941
39942,321095521,Pedro,Ordonez,39942
39943,348742634,Maria Manuela,Pi,39943
39944,468491021,Walter,Alfaro,39944
39945,795117391,Custodia,Valero,39945
39946,677787823,Juanita,Villena,39946
39947,458484126,Florina,Briones,39947
39948,598250292,Ciro,Villaverde,39948
39949,533342123,Luz,Gil,39949
39950,839149530,Azeneth,Gutierrez,39950
39951,213419551,Eusebia,Bru,39951
39952,482541518,Francisco Jose,Arino,39952
39953,259305991,Lupita,Saldana,39953
39954,278858165,Chema,Gracia,39954
39955,103487817,Candida,Borras,39955
39956,113663147,Rosendo,Daza,39956
39957,468901603,Lisandro,Domingo,39957
39958,180816121,Eustaquio,Sebastian,39958
39959,453396763,Gabino,Tamayo,39959
39960,570054266,Amaya,Llado,39960
39961,161819267,Bernarda,Cano,39961
39962,920156006,Esperanza,Canete,39962
39963,623115181,Amor,Amat,39963
39964,359146032,Marcial,Fuente,39964
39965,991956469,Javi,Hoyos,39965
39966,776584471,Geronimo,Acedo,39966
39967,263365385,Amancio,Palomares,39967
39968,638764733,Teodoro,Casado,39968
39969,266627344,Marianela,Casas,39969
39970,872586829,Maria,Casals,39970
39971,646423924,Ignacio,Quintana,39971
39972,105896508,Miguela,Angel,39972
39973,852589012,Carolina,Torrens,39973
39974,235567846,Leandra,Mora,39974
39975,815176480,Paloma,Torrent,39975
39976,529528845,Candelas,Gimenez,39976
39977,128101673,Gabriel,Toledo,39977
39978,149870123,Delia,Mendoza,39978
39979,233542705,Maria Manuela,Tome,39979
39980,464429719,Simon,Aguado,39980
39981,344863770,Atilio,Monreal,39981
39982,686211649,Anacleto,Vergara,39982
39983,220038094,Pastora,Escudero,39983
39984,785137354,Candela,Bonilla,39984
39985,523034465,Jimena,Escalona,39985
39986,128964949,Prudencio,Poza,39986
39987,932639934,Fito,Robles,39987
39988,745305034,Lara,Canizares,39988
39989,686584169,Herberto,Nogueira,39989
39990,464940050,Gonzalo,Domingo,39990
39991,919666030,Marisa,Iniguez,39991
39992,223119204,Hector,Gelabert,39992
39993,124914615,Aaron,Rovira,39993
39994,506297852,Leocadia,Camara,39994
39995,891362940,Adelaida,Cardona,39995
39996,616253006,Jose Mari,Arce,39996
39997,801924601,Blas,Casares,39997
39998,738970648,Fabiana,Granados,39998
39999,927513784,Inocencio,Iniesta,39999
40000,626157795,Emperatriz,Losa,40000
