id,documento,nombre,apellido,mesa_id
80001,975406238,Marisol,Neira,80001
80002,904009961,Virginia,Belda,80002
80003,419202033,Amada,Alcazar,80003
80004,762212438,Natalia,Badia,80004
80005,642870631,Leocadio,Estevez,80005
80006,294683609,Marco,Diego,80006
80007,990777776,Tecla,Roura,80007
80008,428503131,Adriana,Segui,80008
80009,297208982,Angel,Lucas,80009
80010,294197564,Valentina,Palomino,80010
80011,569340625,Rita,Rios,80011
80012,302662464,Rodrigo,Banos,80012
80013,302847600,Pascual,Galvez,80013
80014,799915082,Ismael,Vendrell,80014
80015,934618459,Tito,Tejada,80015
80016,998173062,Pilar,Arnal,80016
80017,164147366,Rocio,Somoza,80017
80018,840477905,Sabina,Alberola,80018
80019,168734560,Ines,Vaquero,80019
80020,140575105,Abril,Rodriguez,80020
80021,122211152,Vito,Arana,80021
80022,762385438,Belen,Iglesia,80022
80023,719974323,Luciana,Cobos,80023
80024,604518046,Luisina,Montalban,80024
80025,282089696,Severo,Garriga,80025
80026,455891500,Augusto,Buendia,80026
80027,138826058,Santos,Fiol,80027
80028,319652482,Raul,Gallo,80028
80029,633366320,Zaira,Carbo,80029
80030,596497931,Griselda,Marti,80030
80031,556782890,Ale,Domenech,80031
80032,387250089,Isidoro,Fuentes,80032
80033,659775259,Diego,Gonzalo,80033
80034,795156799,Emiliana,Murillo,80034
80035,783144645,Placido,Correa,80035
80036,610266127,Carlos,Guerra,80036
80037,768108628,Trinidad,Ferreras,80037
80038,894339706,Emilia,Alfonso,80038
80039,180179106,Nando,Valera,80039
80040,897854972,Gloria,Martin,80040
80041,668373048,Asdrubal,Bermudez,80041
80042,436700280,Vicenta,Bartolome,80042
80043,431620693,Maximiliano,Murcia,80043
80044,994900192,Maximino,Andreu,80044
80045,849302905,Chuy,Paz,80045
80046,862454275,Filomena,Mesa,80046
80047,389229255,Fabiana,Cazorla,80047
80048,407851355,Felix,Cortes,80048
80049,598211346,Godofredo,Sotelo,80049
80050,893947986,Marta,Zapata,80050
80051,852238854,Emiliano,Iniguez,80051
80052,797026721,Apolonia,Hernandez,80052
80053,962161361,Perla,Pino,80053
80054,426541527,Reinaldo,Pujadas,80054
80055,194650736,Ana,Solis,80055
80056,326184413,Carmelita,Izaguirre,80056
80057,790316488,Jordan,Blanco,80057
80058,237045300,Lupe,Coronado,80058
80059,984962954,Victoriano,Canete,80059
80060,662701761,Fabiana,Velasco,80060
80061,390831160,Plinio,Arregui,80061
80062,848434731,Cloe,Cal,80062
80063,854117999,Cayetana,Borja,80063
80064,149411956,Rosario,Marin,80064
80065,786572685,Marianela,Salmeron,80065
80066,911167996,Ileana,Viana,80066
80067,519597411,Gracia,Ferran,80067
80068,407727426,Edgar,Aragon,80068
80069,558756642,Enrique,Garate,80069
80070,488781648,Espiridion,Sureda,80070
80071,121827801,Coral,Murcia,80071
80072,310485875,Febe,Quiros,80072
80073,891615145,Andres,Duran,80073
80074,888884602,Luz,Figueras,80074
80075,442467196,Teodora,Monreal,80075
80076,690587508,Tecla,Nino,80076
80077,535065129,Agustin,Moraleda,80077
80078,574354299,Paco,Peiro,80078
80079,590556073,Julio Cesar,Saavedra,80079
80080,635790594,Roldan,Cifuentes,80080
80081,554937376,Florencia,Oller,80081
80082,782902367,Rosario,Torrents,80082
80083,474442719,Blanca,Tello,80083
80084,579469757,Graciela,Iborra,80084
80085,480107359,Isaura,Valentin,80085
80086,522159952,Paola,Bautista,80086
80087,849813145,Anna,Linares,80087
80088,902024417,Leoncio,Gaya,80088
80089,813985848,Plinio,Alfaro,80089
80090,717953160,Santiago,Tur,80090
80091,689430525,Gabriela,Gomez,80091
80092,721984670,Nazaret,Boix,80092
80093,774259170,Edgardo,Leal,80093
80094,970758320,Nereida,Gisbert,80094
80095,546766913,Pepe,Borja,80095
80096,281255364,Lucas,Gomila,80096
80097,839537127,Jose Antonio,Camara,80097
80098,307368434,Dorita,Ojeda,80098
80099,970738396,Tecla,Canizares,80099
80100,832418001,Natalia,Roma,80100
80101,548633822,Nayara,Matas,80101
80102,411493330,Adora,Amores,80102
80103,968680922,Bernardita,Gargallo,80103
80104,741131817,Fanny,Llamas,80104
80105,932969484,Paulina,Miro,80105
80106,769848051,Paloma,Orozco,80106
80107,477597663,Lorenzo,Nebot,80107
80108,289075098,Luz,Nevado,80108
80109,895705752,Esteban,Abascal,80109
80110,894114833,Pepito,Velez,80110
80111,550388850,Bernabe,Laguna,80111
80112,635043279,Casemiro,Aliaga,80112
80113,581400864,Juan Pablo,Escobar,80113
80114,947409064,Pepita,Moliner,80114
80115,934983531,Marcelino,Tome,80115
80116,568790311,Pedro,Almansa,80116
80117,190997988,Telmo,Amo,80117
80118,816532062,Jose,Saenz,80118
80119,671838358,Francisco Jose,Higueras,80119
80120,520804437,Alejo,Redondo,80120
80121,825251945,Emigdio,Rivero,80121
80122,995053825,Narcisa,Polo,80122
80123,870573971,Amilcar,Palomares,80123
80124,348036194,Segismundo,Marti,80124
80125,143892897,Zaira,Balaguer,80125
80126,918793106,Maria,Soler,80126
80127,530019923,Remedios,Jurado,80127
80128,379042318,Adelardo,Cabanas,80128
80129,455892001,Herminia,Batalla,80129
80130,229670113,Maricruz,Villanueva,80130
80131,779193379,Mateo,Galvez,80131
80132,523833048,Estefania,Vazquez,80132
80133,859280490,Violeta,Sobrino,80133
80134,214454147,Juan Luis,Sedano,80134
80135,246113400,Cosme,Morell,80135
80136,426145515,Leon,Quiros,80136
80137,165047297,Ale,Villanueva,80137
80138,899864165,Purificacion,Martorell,80138
80139,606438523,Carmen,Ariza,80139
80140,983807620,Marita,Ugarte,80140
80141,695551532,Hernando,Navarro,80141
80142,932441911,Cruz,Benavides,80142
80143,502814758,Tadeo,Seco,80143
80144,860789130,Anselmo,Bru,80144
80145,688976523,Nilda,Fonseca,80145
80146,863928351,Sofia,Priego,80146
80147,656409964,Armando,Rincon,80147
80148,507704936,Leticia,Frutos,80148
80149,196134422,Angel,Pont,80149
80150,822620956,Marcos,Aragones,80150
80151,905931443,Consuela,Leon,80151
80152,342885444,Bruno,Gomez,80152
80153,716407290,Sancho,Coello,80153
80154,258261146,Jacobo,Lamas,80154
80155,504227769,Adoracion,Iniguez,80155
80156,846198686,Hilario,Paz,80156
80157,806836424,Nazaret,Yanez,80157
80158,775349529,Bartolome,Sureda,80158
80159,552136863,Juan,Camino,80159
80160,952111172,Alonso,Carreno,80160
80161,289314981,Zaida,Sola,80161
80162,411322921,Adolfo,Aguilar,80162
80163,138973770,Sabina,Iborra,80163
80164,249083149,Luis,Montserrat,80164
80165,218524081,Federico,Rueda,80165
80166,896237367,Norberto,Gual,80166
80167,703246537,Viviana,Barral,80167
80168,567573738,Carmelo,Herranz,80168
80169,844229237,Raimundo,Goni,80169
80170,581510378,Maria Fernanda,Arnaiz,80170
80171,790633950,Marco,Galvez,80171
80172,315690680,Haroldo,Botella,80172
80173,660327515,Sara,Patino,80173
80174,697635024,Elisabet,Marmol,80174
80175,315605548,Maria Jose,Zorrilla,80175
80176,729418272,Maria Del Carmen,Bru,80176
80177,644766260,Agustina,Cifuentes,80177
80178,375288633,Celestino,Jauregui,80178
80179,794372126,Heliodoro,Ferrer,80179
80180,305120695,Matilde,Sevilla,80180
80181,718347728,Anna,Campillo,80181
80182,124092523,Florentino,Buendia,80182
80183,897633291,Olimpia,Rosello,80183
80184,265765914,Leocadio,Sureda,80184
80185,737936884,Balduino,Elorza,80185
80186,767809034,Fanny,Exposito,80186
80187,868715044,Paloma,Rius,80187
80188,530770754,Victor,Reina,80188
80189,827907587,Fortunato,Gonzalo,80189
80190,730962689,Pastora,Reguera,80190
80191,660067803,Nicanor,Vara,80191
80192,707985835,Amado,Bolanos,80192
80193,222291564,Ileana,Fiol,80193
80194,650634049,Jimena,Catala,80194
80195,915937927,Felipe,Abad,80195
80196,633725199,Luciana,Artigas,80196
80197,249842116,Nydia,Font,80197
80198,341551057,Evelia,Villaverde,80198
80199,361708088,Jordana,Castillo,80199
80200,792773842,Eliana,Vizcaino,80200
80201,588665274,Luisa,Banos,80201
80202,242180800,Guillermo,Cruz,80202
80203,509286687,Amor,Acero,80203
80204,370023401,Jeronimo,Cornejo,80204
80205,920589131,Ramon,Ugarte,80205
80206,937665758,German,Vicens,80206
80207,116087675,Hector,Gil,80207
80208,937968992,Isaac,Salmeron,80208
80209,272443933,Azeneth,Vila,80209
80210,788655351,Leandro,Peiro,80210
80211,158208430,Fulgencio,Salmeron,80211
80212,745422014,Eugenio,Rincon,80212
80213,366670309,Isidora,Ayala,80213
80214,790915133,Feliciana,Plaza,80214
80215,536903273,Nereida,Moran,80215
80216,417459574,Eligia,Ochoa,80216
80217,699204348,Jafet,Nieto,80217
80218,745377074,Ernesto,Baena,80218
80219,683084373,Buenaventura,Duran,80219
80220,373487660,Hernan,Hoyos,80220
80221,627556835,Melchor,Roma,80221
80222,960776781,Ruperto,Merino,80222
80223,462099370,Borja,Casado,80223
80224,439510258,Roberta,Crespo,80224
80225,792637895,Faustino,Seco,80225
80226,957401838,Julie,Vilar,80226
80227,423602125,Jonatan,Mena,80227
80228,212956147,Nando,Rojas,80228
80229,190854571,Alejandro,Villanueva,80229
80230,773654914,Cayetano,Paz,80230
80231,554213909,Leocadio,Vila,80231
80232,221035115,Filomena,Pineda,80232
80233,516415946,Santos,Sales,80233
80234,582038427,Anunciacion,Bru,80234
80235,833498791,Wilfredo,Bernad,80235
80236,783053179,Reyna,Rodrigo,80236
80237,582136433,Mayte,Batalla,80237
80238,765829197,Lorenzo,Mesa,80238
80239,944552798,Eloy,Elorza,80239
80240,872552527,Eli,Patino,80240
80241,324471851,Haydee,Pombo,80241
80242,685854737,Gracia,Arrieta,80242
80243,311430814,Maria Belen,Quero,80243
80244,679701700,Soraya,Cordoba,80244
80245,226803320,Anibal,Garcia,80245
80246,680194487,Isa,Hervas,80246
80247,695424986,Adoracion,Reina,80247
80248,524178041,Miguel,Lorenzo,80248
80249,777983824,Noe,Uriarte,80249
80250,573094755,Ester,Aranda,80250
80251,675336360,Alonso,Narvaez,80251
80252,107135731,Fabiola,Company,80252
80253,114072962,Alberto,Prieto,80253
80254,919307613,Jovita,Palomo,80254
80255,931220854,Agata,Barroso,80255
80256,684805986,Modesta,Ramon,80256
80257,574892795,Nico,Llopis,80257
80258,200467126,Rosendo,Berenguer,80258
80259,292848877,Sarita,Moll,80259
80260,911529045,Chita,Perez,80260
80261,301183502,Diana,Mascaro,80261
80262,383813688,Curro,Aviles,80262
80263,206661426,Yago,Rios,80263
80264,320796983,Maria Cristina,Catala,80264
80265,175678976,Manuelita,Lago,80265
80266,825989390,Samu,Izquierdo,80266
80267,628306318,Lupe,Montserrat,80267
80268,217333325,Jose Antonio,Echeverria,80268
80269,220201285,Zoraida,Dalmau,80269
80270,223513060,Graciano,Castilla,80270
80271,507291472,Sonia,Pedrosa,80271
80272,642554864,Eufemia,Batlle,80272
80273,691902277,Domingo,Suarez,80273
80274,888241595,Amparo,Quevedo,80274
80275,874289475,Ines,Calderon,80275
80276,234167020,Marianela,Uribe,80276
80277,696835407,Natalio,Rocha,80277
80278,856969886,Adelina,Criado,80278
80279,771607694,Erasmo,Carreno,80279
80280,300208997,Virginia,Cuesta,80280
80281,598600962,Fabricio,Salinas,80281
80282,986120992,Sosimo,Company,80282
80283,362360706,Paola,Saura,80283
80284,937212496,Benigna,Santos,80284
80285,173865235,Miguel,Sotelo,80285
80286,417920797,Ale,Ledesma,80286
80287,894079084,Jenny,Alba,80287
80288,296275782,Julie,Grande,80288
80289,402692797,Benigno,Salom,80289
80290,949617589,Pastora,Bernad,80290
80291,870883832,Agata,Arribas,80291
80292,117814820,Eduardo,Abril,80292
80293,286512359,Iris,Machado,80293
80294,288010016,Guiomar,Castejon,80294
80295,665890747,Flora,Sanmiguel,80295
80296,407117752,Fabian,Castillo,80296
80297,412376486,Candelario,Amigo,80297
80298,522303281,Paloma,Rozas,80298
80299,244551276,Albina,Cozar,80299
80300,382624997,Isaac,Iglesias,80300
80301,851821563,Rosalia,Falcon,80301
80302,280316541,Esperanza,Reguera,80302
80303,969593525,Soledad,Ferrera,80303
80304,733711296,Paloma,Jurado,80304
80305,633325482,Marta,Morata,80305
80306,853764880,Lazaro,Vall,80306
80307,291624954,Coral,Ledesma,80307
80308,357418132,Juan Luis,Vara,80308
80309,715430674,Ileana,Gutierrez,80309
80310,539111153,Ester,Huerta,80310
80311,898221356,Roberto,Colom,80311
80312,635593623,Lope,Pomares,80312
80313,739681968,Nazaret,Iglesias,80313
80314,809772787,Ivan,Maza,80314
80315,350111324,Jose,Gibert,80315
80316,114904281,Fabiola,Valls,80316
80317,310460807,Vicenta,Buendia,80317
80318,667259500,Custodio,Mercader,80318
80319,137442900,Benigno,Villanueva,80319
80320,923428568,Adelardo,Sastre,80320
80321,503594369,Cesar,Moll,80321
80322,224116861,Gertrudis,Roca,80322
80323,223708033,Baudelio,Capdevila,80323
80324,815040075,Marcos,Pedrero,80324
80325,235958343,Javier,Santos,80325
80326,561792682,Nereida,Barrera,80326
80327,296580244,Odalis,Delgado,80327
80328,257781686,Sebastian,Llado,80328
80329,221428248,Loreto,Higueras,80329
80330,238904399,Luciano,Villalobos,80330
80331,624262644,Ximena,Mateo,80331
80332,790381738,Victoriano,Arnal,80332
80333,101997285,Bernardo,Salas,80333
80334,459508113,Tiburcio,Batalla,80334
80335,665946995,Ovidio,Conde,80335
80336,101572189,Valeria,Alcazar,80336
80337,756426990,Sol,Baron,80337
80338,403476535,Angelica,Tormo,80338
80339,118399709,Eliana,Marques,80339
80340,921207134,Belen,Merino,80340
80341,173080257,Efrain,Escolano,80341
80342,917615698,Dolores,Castro,80342
80343,433308400,Basilio,Isern,80343
80344,834563292,Concha,Alvarez,80344
80345,641132374,Sol,Domenech,80345
80346,169654586,Adelaida,Mir,80346
80347,260200420,Jesusa,Solano,80347
80348,116660724,Anita,Rivera,80348
80349,638130187,Teodora,Marino,80349
80350,369295620,Lalo,Gomis,80350
80351,965046662,Liliana,Dominguez,80351
80352,648107968,Edgar,Correa,80352
80353,985267255,Natividad,Carbajo,80353
80354,107599200,Rosendo,Bello,80354
80355,840376783,Baltasar,Gallardo,80355
80356,954040589,Milagros,Ferrandez,80356
80357,335165954,Matilde,Sans,80357
80358,491163013,Amarilis,Mayol,80358
80359,326285492,Alvaro,Franco,80359
80360,959572516,Teobaldo,Hoyos,80360
80361,317134839,Leyre,Guardia,80361
80362,728802413,Cayetano,Gabaldon,80362
80363,107012111,Serafina,Jorda,80363
80364,688653533,Bartolome,Calderon,80364
80365,853323251,Azeneth,Camino,80365
80366,606017437,Rosa,Atienza,80366
80367,779494119,Ezequiel,Alvarado,80367
80368,261957527,Amelia,Peinado,80368
80369,266822671,Lorena,Carreno,80369
80370,681252411,Ceferino,Julian,80370
80371,233250622,Anastasia,Guardia,80371
80372,651496805,Lilia,Aguilo,80372
80373,912556019,Belen,Sans,80373
80374,736794362,Maria Jose,Tomas,80374
80375,384357667,Ruperta,Mendoza,80375
80376,238478278,Tadeo,Pablo,80376
80377,524906539,Roman,Tolosa,80377
80378,684406957,Gilberto,Bonilla,80378
80379,927867017,Jordan,Calleja,80379
80380,284180965,Carmen,Montana,80380
80381,369078862,Reyes,Naranjo,80381
80382,513881178,Javi,Villa,80382
80383,556783097,Antonio,Espana,80383
80384,807183855,Paulina,Calvo,80384
80385,507628950,Valentina,Grau,80385
80386,965445123,Julieta,Reyes,80386
80387,683020681,Anastasio,Coloma,80387
80388,796426493,Amaro,Coll,80388
80389,535358030,Amarilis,Posada,80389
80390,176875479,Ezequiel,Galvan,80390
80391,781937271,Jacobo,Alba,80391
80392,531578481,Jenaro,Serrano,80392
80393,399095937,Fabiola,Arjona,80393
80394,795666464,Alejandro,Villegas,80394
80395,182070904,Sarita,Segarra,80395
80396,546486104,Ema,Moll,80396
80397,494115508,Manuelita,Blanco,80397
80398,256228358,Margarita,Aleman,80398
80399,864194663,Fidela,Cal,80399
80400,227323077,Violeta,Fabra,80400
80401,693550501,Daniela,Palau,80401
80402,461642429,Edgardo,Solsona,80402
80403,586738768,Ruperto,Flores,80403
80404,284136828,Gerardo,Asenjo,80404
80405,299567737,Nilo,Lasa,80405
80406,537364303,Cruz,Pedrosa,80406
80407,436046146,Adelaida,Bejarano,80407
80408,293722226,Emiliana,Baquero,80408
80409,564886286,Jesus,Sole,80409
80410,476365824,Angeles,Perales,80410
80411,159121242,Cloe,Moya,80411
80412,991986372,Patricio,Gomila,80412
80413,979714999,Brunilda,Llorente,80413
80414,600376173,Valentina,Adan,80414
80415,420470955,Ezequiel,Fonseca,80415
80416,380104464,Sol,Garzon,80416
80417,854195093,Francisca,Campillo,80417
80418,907499838,Lazaro,Pera,80418
80419,342897359,Guiomar,Garay,80419
80420,889250131,Hernando,Vila,80420
80421,513901642,Leonardo,Nieto,80421
80422,618435068,Adalberto,Diez,80422
80423,976382073,Delia,Medina,80423
80424,810425237,Valentin,Diego,80424
80425,405196643,Anna,Piquer,80425
80426,844085885,Paca,Blanch,80426
80427,504085331,Juan Pablo,Caballero,80427
80428,251191206,Glauco,Malo,80428
80429,982073354,Haydee,Baro,80429
80430,687899786,Bernardino,Roman,80430
80431,969803541,Clarisa,Villalobos,80431
80432,897210710,Augusto,Saez,80432
80433,136326091,Plinio,Carrion,80433
80434,964121230,Candela,Alba,80434
80435,797747464,Horacio,Granados,80435
80436,729009679,Ingrid,Herrero,80436
80437,867887413,Noa,Casado,80437
80438,606117332,Patricio,Aznar,80438
80439,970357976,Fanny,Morell,80439
80440,851152350,Salud,Barbera,80440
80441,150083080,Albert,Carlos,80441
80442,138881555,Martin,Peiro,80442
80443,292014817,Xiomara,Bertran,80443
80444,732675382,Ignacio,Acero,80444
80445,313280147,Borja,Rivas,80445
80446,163313928,Nilda,Castells,80446
80447,894361406,Gisela,Villaverde,80447
80448,683524750,Rico,Asensio,80448
80449,203988145,Ricardo,Alonso,80449
80450,718931493,Nazaret,Cal,80450
80451,581023670,Leonardo,Amoros,80451
80452,880175071,Oriana,Torres,80452
80453,958275222,Cesar,Sanmiguel,80453
80454,174581090,Manuel,Roman,80454
80455,490800763,Apolonia,Castells,80455
80456,247326038,Alberto,Rivas,80456
80457,766959482,Ale,Cuesta,80457
80458,189097905,Apolonia,Alberola,80458
80459,630521838,Soledad,Tomas,80459
80460,243670030,Eusebia,Marti,80460
80461,245158810,Jimena,Caro,80461
80462,263427896,Reyes,Abellan,80462
80463,237106598,Ciriaco,Aranda,80463
80464,471191284,Petrona,Muniz,80464
80465,850336430,Marisa,Revilla,80465
80466,214803774,Soraya,Trillo,80466
80467,222798711,Benjamin,Ledesma,80467
80468,841720834,Carmela,Blanco,80468
80469,378567081,Gerardo,Castello,80469
80470,496940117,Montserrat,Machado,80470
80471,192924690,Cintia,Vicente,80471
80472,264983716,Efrain,Coca,80472
80473,602828748,Severino,Julia,80473
80474,351024549,Bernabe,Real,80474
80475,123267078,Purificacion,Martin,80475
80476,605817320,Jose Francisco,Bonet,80476
80477,439416010,Dionisio,Casado,80477
80478,813716084,Cristian,Franch,80478
80479,653457273,Lorena,Arjona,80479
80480,460044631,Amalia,Huerta,80480
80481,798110906,Ainara,Cabrero,80481
80482,110166399,Benjamin,Marin,80482
80483,812430055,Angel,Maza,80483
80484,595190476,Josue,Almansa,80484
80485,430272156,Victor,Tejero,80485
80486,563272763,Raimundo,Barrena,80486
80487,431091935,Cristian,Santamaria,80487
80488,762186698,Nando,Juarez,80488
80489,217045071,Toni,Larrea,80489
80490,462779879,Dorita,Cozar,80490
80491,987584364,Reina,Linares,80491
80492,487993949,Noemi,Adadia,80492
80493,479831412,Arcelia,Malo,80493
80494,694779888,Isidro,Gabaldon,80494
80495,473068269,Danilo,Oliveras,80495
80496,968858944,Virginia,Vargas,80496
80497,338544053,Demetrio,Mari,80497
80498,653355423,Consuela,Gisbert,80498
80499,279021723,Saturnino,Rodriguez,80499
80500,296971212,Elvira,Pages,80500
80501,475739999,Natalio,Garcia,80501
80502,836995169,Severo,Mendez,80502
80503,557376381,Adora,Nicolau,80503
80504,102494248,Florencio,Tejero,80504
80505,402215861,Dulce,Espejo,80505
80506,806994920,Hilario,Pulido,80506
80507,597736664,Alexandra,Viana,80507
80508,837849424,Candelaria,Cortes,80508
80509,529367852,Severino,Riba,80509
80510,693435764,Luna,Sosa,80510
80511,722511363,Chus,Pellicer,80511
80512,320100974,Leocadio,Tamayo,80512
80513,512645826,Candelaria,Palacio,80513
80514,818391370,Roberta,Terron,80514
80515,854076116,Julieta,Jaen,80515
80516,274862873,Daniela,Barrios,80516
80517,940433040,Efrain,Adan,80517
80518,943026820,Marcos,Barcelo,80518
80519,438276488,Ale,Granados,80519
80520,123369946,Marcos,Herranz,80520
80521,107044427,Angela,Gomez,80521
80522,297744167,Quirino,Aranda,80522
80523,895996122,Lazaro,Adan,80523
80524,976423460,Lucio,Palomino,80524
80525,287843314,Adolfo,Canellas,80525
80526,673873566,Viviana,Company,80526
80527,535511953,Edu,Muro,80527
80528,818381212,Isabela,Salva,80528
80529,851969608,Emelina,Saez,80529
80530,586538709,Gregorio,Ferran,80530
80531,822694095,Fortunata,Grande,80531
80532,937240523,Dora,Saura,80532
80533,142186932,Arturo,Bayona,80533
80534,390708310,Antonia,Gallardo,80534
80535,385117277,Marc,Ros,80535
80536,890464307,Fortunata,Herranz,80536
80537,290405941,Fidela,Hernandez,80537
80538,794895621,Leoncio,Nino,80538
80539,590071331,Ciro,Bartolome,80539
80540,769772075,Adelaida,Paniagua,80540
80541,738424133,Quirino,Menendez,80541
80542,689820065,Natanael,Guzman,80542
80543,573421561,Juan Pablo,Nogues,80543
80544,134151927,Reyes,Villar,80544
80545,794320345,Javiera,Hierro,80545
80546,669611904,Modesto,Ruiz,80546
80547,488789684,Leonor,Pacheco,80547
80548,181687949,Aristides,Zurita,80548
80549,422449960,Amor,Bernal,80549
80550,501367621,Rosalia,Martorell,80550
80551,384736624,Juan Luis,Pedraza,80551
80552,282223049,Octavio,Castells,80552
80553,238222579,Maxima,Penalver,80553
80554,656791990,Susanita,Perez,80554
80555,723288359,Maxi,Vicens,80555
80556,315356446,Paulina,Miguel,80556
80557,876956983,Daniela,Gallart,80557
80558,443741909,Juan Bautista,Gutierrez,80558
80559,988378457,Agustin,Saldana,80559
80560,979608805,Onofre,Pozo,80560
80561,665562635,Jose Luis,Borras,80561
80562,440267898,Bibiana,Molina,80562
80563,945301628,Jessica,Segui,80563
80564,118082105,Diana,Lobato,80564
80565,299092643,Ismael,Marino,80565
80566,200211132,Florencio,Sala,80566
80567,238860710,Sabina,Ordonez,80567
80568,348648784,Nicolasa,Manjon,80568
80569,237275894,Jacinto,Urrutia,80569
80570,482500765,Gema,Mari,80570
80571,294248168,Martirio,Roman,80571
80572,289857145,Rolando,Llorens,80572
80573,882031127,Rocio,Carrera,80573
80574,892525227,Benigno,Recio,80574
80575,284141148,Gregorio,Villena,80575
80576,781854092,Sabina,Borras,80576
80577,960436254,Maria,Rodriguez,80577
80578,832268123,Gisela,Barrios,80578
80579,578596298,Iban,Fonseca,80579
80580,631286768,Isaac,Aguilo,80580
80581,182600873,Fulgencio,Otero,80581
80582,486921267,Emilio,Simo,80582
80583,362555378,Adelardo,Arrieta,80583
80584,126501935,Faustino,Baez,80584
80585,370434295,Eladio,Alcala,80585
80586,665254997,Andres,Solana,80586
80587,202220292,Chita,Tur,80587
80588,876467817,Juan Pablo,Losada,80588
80589,273014235,Rosaura,Mercader,80589
80590,204437264,Reinaldo,Donaire,80590
80591,504073369,Isaias,Cabanillas,80591
80592,527120450,Isaura,Pereira,80592
80593,570670813,Isaac,Cabello,80593
80594,643209653,Maribel,Campos,80594
80595,158702062,Candelas,Hernandez,80595
80596,392641530,Samuel,Camps,80596
80597,849242478,Regulo,Acedo,80597
80598,463763845,Gabino,Barco,80598
80599,636888525,Glauco,Alcalde,80599
80600,766788262,Olimpia,Pinedo,80600
80601,483895941,Chuy,Arrieta,80601
80602,747956168,Eustaquio,Mur,80602
80603,734393928,Sonia,Cabanillas,80603
80604,371558659,Azahar,Bermejo,80604
80605,737723891,America,Tolosa,80605
80606,910796310,Cosme,Paez,80606
80607,844899184,Roxana,Tellez,80607
80608,719153629,Eugenia,Ferreras,80608
80609,285962391,Natividad,Nieto,80609
80610,812151094,Amancio,Roldan,80610
80611,958875491,Elvira,Guzman,80611
80612,312218284,Marciano,Donaire,80612
80613,477624856,Matilde,Gras,80613
80614,868228312,Aitor,Urrutia,80614
80615,371047093,Febe,Villalobos,80615
80616,972455332,Juan Antonio,Ortega,80616
80617,638450955,Custodia,Zurita,80617
80618,321103601,Pablo,Villa,80618
80619,948003705,Cirino,Alberola,80619
80620,865813572,Gracia,Rocamora,80620
80621,125287893,Mireia,Jara,80621
80622,182713629,Gertrudis,Colomer,80622
80623,782593624,Rufino,Andres,80623
80624,657354526,Dario,Quesada,80624
80625,756668600,Aristides,Talavera,80625
80626,757827034,Lazaro,Hernandez,80626
80627,984471526,Azucena,Robledo,80627
80628,791267597,Abel,Palmer,80628
80629,345518343,Aitana,Tome,80629
80630,689817727,Nayara,Acuna,80630
80631,276674503,Victor,Plaza,80631
80632,813435284,Guadalupe,Gomila,80632
80633,569522517,Ceferino,Marcos,80633
80634,138594753,Pablo,Izquierdo,80634
80635,962880932,Natividad,Losa,80635
80636,663259068,Elisa,Escobar,80636
80637,246946289,Carlito,Abellan,80637
80638,954003737,Osvaldo,Codina,80638
80639,983224949,Ximena,Gordillo,80639
80640,950585833,Jovita,Lumbreras,80640
80641,874332489,Lino,Muniz,80641
80642,395184190,Ruperta,Arribas,80642
80643,135624033,Elodia,Alcalde,80643
80644,871464406,Eutimio,Urena,80644
80645,133239775,Candida,Rico,80645
80646,252016785,Cecilia,Anton,80646
80647,329215353,Isabela,Quesada,80647
80648,362078068,Lucia,Vicente,80648
80649,775368752,Bartolome,Valenzuela,80649
80650,395320455,Maxi,Gomez,80650
80651,224285734,Duilio,Olivera,80651
80652,288710804,Yaiza,Perez,80652
80653,502153927,Bibiana,Lago,80653
80654,501606705,Guiomar,Jorda,80654
80655,433084084,Manu,Aramburu,80655
80656,306510771,Carlota,Oller,80656
80657,170932527,Susanita,Agudo,80657
80658,210473743,Urbano,Cozar,80658
80659,944363194,Renata,Soria,80659
80660,430431884,Martin,Campillo,80660
80661,761090285,Maximiano,Pombo,80661
80662,290951302,Quirino,Mena,80662
80663,433391544,Roxana,Salinas,80663
80664,787789640,Sabina,Portero,80664
80665,270987662,Gregorio,Morell,80665
80666,963003288,Ciriaco,Salva,80666
80667,552089939,Maria Belen,Vinas,80667
80668,756704871,Enrique,Aguilera,80668
80669,739201634,Herminia,Almansa,80669
80670,153391955,Chelo,Diez,80670
80671,333756659,Rodrigo,Goicoechea,80671
80672,498151925,Leonor,Fernandez,80672
80673,774869351,Candelario,Pozo,80673
80674,873201207,Jose Antonio,Vera,80674
80675,744241324,Hilario,Coll,80675
80676,609986443,Anita,Diez,80676
80677,251713349,Carmelita,Guardia,80677
80678,344145780,Celia,Zabala,80678
80679,534260509,Ines,Barco,80679
80680,811932682,Alvaro,Muniz,80680
80681,807373594,Diana,Morell,80681
80682,810213383,Marc,Garzon,80682
80683,557345939,Paulina,Mariscal,80683
80684,682776647,Carina,Manuel,80684
80685,586218410,Adrian,Cornejo,80685
80686,218179150,Manuela,Adadia,80686
80687,351881938,Lara,Menendez,80687
80688,577498326,Maria Belen,Hernando,80688
80689,914186665,Mateo,Pujol,80689
80690,596393656,Asuncion,Bastida,80690
80691,374603150,Sandalio,Mayoral,80691
80692,967782357,Eugenia,Penas,80692
80693,570689580,Benito,Angel,80693
80694,375506900,Rosendo,Ramis,80694
80695,655308751,Lupe,Canals,80695
80696,647002879,Violeta,Mendez,80696
80697,584934698,Gabriela,Canals,80697
80698,630814847,Encarna,Oliver,80698
80699,207159261,Noelia,Alfaro,80699
80700,334360225,Sabas,Soto,80700
80701,948697043,Gabriel,Iniesta,80701
80702,519386668,Alfredo,Sales,80702
80703,636235285,Tania,Iborra,80703
80704,996360144,Esperanza,Mir,80704
80705,256884910,Maria Luisa,Cabo,80705
80706,998414091,Manolo,Torralba,80706
80707,312209585,Carmelo,Abad,80707
80708,329496342,Jesusa,Aleman,80708
80709,155590736,Ema,Gimenez,80709
80710,606460128,Candelario,Ferrandez,80710
80711,298131208,Urbano,Tur,80711
80712,569728412,Rufino,Mugica,80712
80713,472883767,Alvaro,Arregui,80713
80714,406114963,Primitiva,Gaya,80714
80715,438707145,Andrea,Pera,80715
80716,261079190,Severiano,Vilanova,80716
80717,202891922,Eli,Tenorio,80717
80718,500327943,Eufemia,Lastra,80718
80719,799987053,Eric,Tolosa,80719
80720,631598284,Rico,Ortega,80720
80721,117185969,Dorita,Catalan,80721
80722,889541627,Miguel Angel,Cerdan,80722
80723,254088165,Vidal,Palma,80723
80724,804551730,Anastasia,Caceres,80724
80725,869466238,Herminia,Mora,80725
80726,966796038,Osvaldo,Revilla,80726
80727,502913669,Febe,Solera,80727
80728,672767689,Eligia,Puig,80728
80729,737583871,Aranzazu,Ros,80729
80730,906325895,Roque,Castaneda,80730
80731,109746110,Javier,Frutos,80731
80732,575278390,Rita,Ramirez,80732
80733,968751414,Maximiano,Camps,80733
80734,492868187,Dalila,Iniesta,80734
80735,378156772,Nieves,Pina,80735
80736,188498176,Adoracion,Losada,80736
80737,423825483,Glauco,Real,80737
80738,522774521,Feliciana,Roman,80738
80739,131251294,Carla,Larranaga,80739
80740,365706370,Amor,Catalan,80740
80741,418676873,Lupita,Vall,80741
80742,739860909,Ildefonso,Falco,80742
80743,425448239,Nydia,Alcalde,80743
80744,823718342,Marisa,Bayon,80744
80745,343414933,Mayte,Fernandez,80745
80746,403182936,Emiliano,Roca,80746
80747,310209467,Alfonso,Gonzalez,80747
80748,475513907,David,Puerta,80748
80749,288688339,Marina,Anglada,80749
80750,994014958,Paula,Tejero,80750
80751,426480003,Artemio,Vina,80751
80752,480327038,Vicente,Bertran,80752
80753,402405578,Abel,Roca,80753
80754,388545803,Fidel,Borrego,80754
80755,776669077,Berto,Lobato,80755
80756,288327260,Carmina,Seco,80756
80757,651578980,Julieta,Urena,80757
80758,952664106,Hilda,Heredia,80758
80759,426406401,Felix,Morell,80759
80760,603691540,Dalila,Garcia,80760
80761,454194746,Sofia,Arce,80761
80762,345779543,Chelo,Pina,80762
80763,648333162,Merche,Vilalta,80763
80764,308674854,Bernardino,Royo,80764
80765,576439148,Joan,Reyes,80765
80766,491003690,Priscila,Casals,80766
80767,970450787,Juan Manuel,Marquez,80767
80768,156910289,Estefania,Flor,80768
80769,334895437,Amilcar,Marques,80769
80770,814085970,Norberto,Ojeda,80770
80771,519640470,Teresita,Santiago,80771
80772,236516225,Marina,Tejedor,80772
80773,325803478,Jenny,Quiros,80773
80774,690121247,Reynaldo,Abellan,80774
80775,928315472,Maria Teresa,Santamaria,80775
80776,645288092,Jeremias,Fernandez,80776
80777,867339493,Soraya,Pujol,80777
80778,520917312,Manuela,Valles,80778
80779,570130718,Juan Carlos,Acuna,80779
80780,554379108,Pascual,Ayuso,80780
80781,323408411,Timoteo,Reguera,80781
80782,375215956,Pacifica,Granados,80782
80783,356933592,Ramon,Saldana,80783
80784,128994157,Chema,Barco,80784
80785,824580566,Jose Miguel,Abad,80785
80786,611906634,Ricarda,Pena,80786
80787,978704082,Maria Cristina,Saez,80787
80788,153109747,Maria Del Carmen,Ochoa,80788
80789,574379400,Marc,Pujol,80789
80790,334787626,Yolanda,Collado,80790
80791,276440667,Jaime,Tolosa,80791
80792,339520259,Calixta,Escolano,80792
80793,558049770,Sebastian,Casares,80793
80794,508126174,Hernan,Almagro,80794
80795,556922689,Edelmira,Ariza,80795
80796,551353655,Consuela,Benet,80796
80797,651887749,Alfredo,Arcos,80797
80798,981075442,Raimundo,Bonet,80798
80799,491433213,Florentina,Solano,80799
80800,408941460,Nazaret,Fonseca,80800
80801,281946686,Calixto,Abellan,80801
80802,155802820,Florina,Carlos,80802
80803,255835527,Anastasia,Sobrino,80803
80804,246309213,Julian,Gutierrez,80804
80805,680404836,Africa,Valderrama,80805
80806,463053666,Marcio,Villaverde,80806
80807,716557092,Leire,Fuente,80807
80808,745351520,Leocadia,Arnau,80808
80809,813216986,Anibal,Ugarte,80809
80810,574994631,Walter,Calzada,80810
80811,936145101,Duilio,Valenciano,80811
80812,748818499,Florencio,Cervera,80812
80813,189090512,Ale,Morales,80813
80814,817904552,Leopoldo,Murcia,80814
80815,184149279,Rita,Lerma,80815
80816,555011155,Adora,Cifuentes,80816
80817,793548488,Quique,Anguita,80817
80818,408262555,Aurelio,Pla,80818
80819,633540916,Maria,Blanch,80819
80820,424476538,Carmen,Salinas,80820
80821,234745322,Epifanio,Abril,80821
80822,313429021,Ambar,Moliner,80822
80823,433856515,Candelaria,Villegas,80823
80824,946449160,Belen,Arana,80824
80825,718216746,Angel,Rosell,80825
80826,465407106,Dafne,Arnau,80826
80827,303654821,Juan Carlos,Galvez,80827
80828,101470089,Graciana,Valero,80828
80829,239293594,Isidora,Quintero,80829
80830,264678049,Francisco,Ugarte,80830
80831,382095962,Florina,Valenciano,80831
80832,704590890,Milagros,Egea,80832
80833,635344881,Sonia,Trillo,80833
80834,720980069,Isabela,Hernando,80834
80835,491426340,Urbano,Martorell,80835
80836,960543904,Evangelina,Oller,80836
80837,655353116,Beatriz,Carrion,80837
80838,855202110,Camilo,Goni,80838
80839,921648136,Chuy,Alberdi,80839
80840,306601314,Rosalina,Pelayo,80840
80841,690564014,Ainara,Ayllon,80841
80842,566587970,Felicidad,Casares,80842
80843,223593975,Coral,Herrero,80843
80844,437002113,Vicenta,Pallares,80844
80845,231852884,Amada,Chaparro,80845
80846,645728709,Otilia,Montserrat,80846
80847,383254731,Eliseo,Marquez,80847
80848,870970244,Delia,Gomez,80848
80849,597456119,Anibal,Amador,80849
80850,748222384,Samu,Llamas,80850
80851,830130693,Maria Teresa,Reguera,80851
80852,647013589,Jose Ignacio,Ibanez,80852
80853,652682584,Amalia,Paez,80853
80854,408505618,Ovidio,Linares,80854
80855,506708945,Martin,Coronado,80855
80856,197734526,Petrona,Cardona,80856
80857,391897287,Marisela,Gonzalo,80857
80858,820552601,Felisa,Calvet,80858
80859,253599595,Adriana,Baez,80859
80860,229388775,Ceferino,Criado,80860
80861,660690156,Hipolito,Ballesteros,80861
80862,416832410,Asuncion,Gascon,80862
80863,590460857,Nieves,Coloma,80863
80864,540367224,Evangelina,Calatayud,80864
80865,145781730,Nestor,Fabregas,80865
80866,876396910,Marianela,Rocha,80866
80867,430405083,Samanta,Nunez,80867
80868,854607834,Prudencia,Rodenas,80868
80869,910579218,Maria Pilar,Asenjo,80869
80870,105191572,Feliciana,Ibanez,80870
80871,881603214,Fabricio,Giner,80871
80872,590547968,Pancho,Aguilar,80872
80873,575848206,Candida,Soto,80873
80874,840993236,Vanesa,Villa,80874
80875,224986346,Salvador,Pineda,80875
80876,946141700,Rafael,Ramis,80876
80877,231991185,Luz,Benavente,80877
80878,372278089,Carmen,Zapata,80878
80879,521919744,Gilberto,Ferrando,80879
80880,835544246,Osvaldo,Barriga,80880
80881,897519840,Valero,Macias,80881
80882,833134929,Rodolfo,Yuste,80882
80883,912906308,Maxi,Egea,80883
80884,875945511,Josefina,Arregui,80884
80885,583285069,Alicia,Royo,80885
80886,874966396,Carmelita,Castells,80886
80887,427015303,Urbano,Teruel,80887
80888,856697589,Juanita,Bejarano,80888
80889,854281759,Belen,Puga,80889
80890,773550950,Haroldo,Verdejo,80890
80891,630514959,Wilfredo,Cuervo,80891
80892,635350729,Virgilio,Bru,80892
80893,215463865,Juan Bautista,Roman,80893
80894,237169325,Luis Miguel,Escriva,80894
80895,646734680,Julio Cesar,Nunez,80895
80896,421164969,Ricarda,Chico,80896
80897,730380672,Roman,Diez,80897
80898,736139141,Julio,Tello,80898
80899,456504604,Alfonso,Aznar,80899
80900,678298224,Abraham,Manzanares,80900
80901,400509384,Eutropio,Hervia,80901
80902,621008682,Adolfo,Lopez,80902
80903,662173320,Ricardo,Tello,80903
80904,622177727,Maria Del Carmen,Balaguer,80904
80905,179784398,Rosaura,Oliva,80905
80906,767075700,Calisto,Acosta,80906
80907,580907463,Charo,Andres,80907
80908,968751325,Jose Ramon,Oliver,80908
80909,610321239,Jenny,Canovas,80909
80910,643314161,Marcela,Batlle,80910
80911,839509304,Angeles,Vilanova,80911
80912,980317259,Ildefonso,Mateo,80912
80913,947067381,Veronica,Aguila,80913
80914,415187792,Anna,Tapia,80914
80915,303358195,Pio,Rico,80915
80916,322022269,Hermenegildo,Gelabert,80916
80917,456329163,Leocadio,Camps,80917
80918,746266452,Heraclio,Flor,80918
80919,289217378,Petrona,Casas,80919
80920,504137847,Bernarda,Sastre,80920
80921,677862944,Manuelita,Garrido,80921
80922,936931345,Noemi,Puig,80922
80923,112355620,Pascual,Quiroga,80923
80924,634238635,Celestino,Martinez,80924
80925,688636854,Andrea,Jerez,80925
80926,364888855,Jeremias,Vazquez,80926
80927,457587496,Araceli,Acuna,80927
80928,531299250,Aurea,Pallares,80928
80929,436710960,Mario,Rosado,80929
80930,244937807,Cristina,Alemany,80930
80931,884573874,Modesto,Camara,80931
80932,299411373,Josep,Tamayo,80932
80933,886579655,Esther,Montserrat,80933
80934,182221281,Julieta,Galvan,80934
80935,183635219,Fabiola,Collado,80935
80936,320266727,Calixta,Sanchez,80936
80937,518093874,Bernardo,Collado,80937
80938,705860024,Lucia,Mas,80938
80939,630897092,Carmelita,Colom,80939
80940,606522437,Apolinar,Soto,80940
80941,275625034,Nelida,Gual,80941
80942,107936324,Sol,Aguirre,80942
80943,111106797,Africa,Sureda,80943
80944,282620640,Hortensia,Dominguez,80944
80945,315112382,Toni,Valencia,80945
80946,708615217,Ruben,Aviles,80946
80947,335423967,Pili,Aliaga,80947
80948,929127143,Maricela,Bayona,80948
80949,874201795,Marcelino,Villanueva,80949
80950,815388500,Sofia,Barrera,80950
80951,473724614,Fabricio,Correa,80951
80952,857280871,Bernabe,Davila,80952
80953,310080496,Marcelo,Puig,80953
80954,815692568,Gerardo,Recio,80954
80955,311391980,Vasco,Cerro,80955
80956,918651310,Dafne,Guerrero,80956
80957,530332932,Maria Jose,Castells,80957
80958,444600726,Rene,Cuenca,80958
80959,810247490,Rosa Maria,Canet,80959
80960,785354569,Zaira,Lago,80960
80961,235710185,Dorita,Mendez,80961
80962,226792188,Obdulia,Rio,80962
80963,650653153,Belen,Palomar,80963
80964,687775554,Reina,Guerra,80964
80965,671678780,Florentino,Vargas,80965
80966,876976483,Milagros,Jimenez,80966
80967,493325419,Corona,Pineda,80967
80968,637432256,Candelas,Estevez,80968
80969,221809954,Mario,Vina,80969
80970,109586738,Encarnacion,Campo,80970
80971,794905030,Panfilo,Sainz,80971
80972,507951562,Leandra,Arnal,80972
80973,496059117,Nando,Ferran,80973
80974,668030017,Bernardo,Lucas,80974
80975,972551688,Artemio,Navarro,80975
80976,437604921,Salomon,Llabres,80976
80977,914696201,Gerardo,Riera,80977
80978,448585062,Jacobo,Quintana,80978
80979,100958454,Violeta,Rosado,80979
80980,995251180,Ruben,Rossello,80980
80981,525317611,Alondra,Sainz,80981
80982,162699001,Espiridion,Prats,80982
80983,351847956,Celia,Tamarit,80983
80984,349159692,Ruth,Rocha,80984
80985,170008948,Jafet,Moll,80985
80986,576637810,Ceferino,Jodar,80986
80987,531866955,Virginia,Perales,80987
80988,960455803,Jose,Neira,80988
80989,325196075,Yolanda,Adan,80989
80990,154291704,Encarnacion,Salas,80990
80991,380392401,Aranzazu,Prada,80991
80992,968016063,Hortensia,Soriano,80992
80993,276197170,Trinidad,Carrera,80993
80994,128981945,Amancio,Uria,80994
80995,649773237,Maria Angeles,Nieto,80995
80996,541530618,Reyes,Busquets,80996
80997,886203343,Valeria,Parra,80997
80998,347560795,David,Mesa,80998
80999,158564232,Reyna,Orozco,80999
81000,760886014,Elisa,Cespedes,81000
81001,184054211,Macarena,Mateu,81001
81002,743008910,Silvia,Espinosa,81002
81003,712461413,Marcos,Valenciano,81003
81004,532874288,Roque,Murcia,81004
81005,185501493,Lazaro,Contreras,81005
81006,281102577,Hilario,Blanco,81006
81007,511365847,Aureliano,Sierra,81007
81008,925075832,Violeta,Amor,81008
81009,868366479,Victor Manuel,Villalba,81009
81010,281752844,Amador,Espana,81010
81011,313105207,Clemente,Perea,81011
81012,225025330,Eva Maria,Villalonga,81012
81013,566238377,Guadalupe,Figueroa,81013
81014,370397762,Jose Francisco,Manzano,81014
81015,228410092,Celestino,Rosell,81015
81016,800144957,Conrado,Nunez,81016
81017,910559487,Clara,Ariza,81017
81018,575211887,Loreto,Aranda,81018
81019,485346008,Almudena,Solano,81019
81020,315043855,Dominga,Cuevas,81020
81021,843903569,Guiomar,Portillo,81021
81022,448979548,Cayetano,Cervantes,81022
81023,860531459,Nicodemo,Bonilla,81023
81024,326913273,Brunilda,Pina,81024
81025,453042318,Imelda,Enriquez,81025
81026,861833818,Mirta,Gimenez,81026
81027,958625625,Apolonia,Vicens,81027
81028,295584843,Mercedes,Aznar,81028
81029,568842963,Albina,Exposito,81029
81030,203764850,Soraya,Alamo,81030
81031,282026706,Rufina,Rojas,81031
81032,942246575,Glauco,Jorda,81032
81033,868579625,Jose Luis,Arrieta,81033
81034,390858643,Alfredo,Figueroa,81034
81035,360281654,Tania,Barrios,81035
81036,445190625,Vera,Llorente,81036
81037,128354780,Ildefonso,Fonseca,81037
81038,661073827,Ezequiel,Iborra,81038
81039,314443955,Noa,Millan,81039
81040,696382524,Martin,Cabello,81040
81041,160072840,Jimena,Jimenez,81041
81042,286207838,Cloe,Sacristan,81042
81043,982350222,Modesta,Barrio,81043
81044,923691699,Jose Angel,Bermudez,81044
81045,662781255,Piedad,Aller,81045
81046,789035060,Modesta,Mosquera,81046
81047,303660865,Maximino,Criado,81047
81048,657904537,Jenaro,Alcala,81048
81049,930394434,Agustin,Ortega,81049
81050,923609392,Valentin,Coloma,81050
81051,551322845,Godofredo,Luna,81051
81052,278570983,Rosalva,Soria,81052
81053,275219071,Ofelia,Camino,81053
81054,197601113,Jesus,Lillo,81054
81055,274980211,Inocencio,Maestre,81055
81056,475685365,Luz,Campos,81056
81057,506110293,Bibiana,Cabo,81057
81058,221454678,Laura,Cortes,81058
81059,865008767,Clarisa,Sotelo,81059
81060,658336418,Elena,Arranz,81060
81061,415746088,Benjamin,Gomila,81061
81062,816867983,Lola,Gimenez,81062
81063,775525820,Lucas,Exposito,81063
81064,959842736,Vicenta,Bueno,81064
81065,951381964,Patricia,Berrocal,81065
81066,743487177,Ruperto,Galiano,81066
81067,193615837,Julia,Bello,81067
81068,124272496,Ursula,Noguera,81068
81069,699297032,Nidia,Raya,81069
81070,371606603,Octavio,Rosales,81070
81071,373295496,Ester,Nevado,81071
81072,562266717,Rosalia,Chaparro,81072
81073,988850929,Leocadio,Ribas,81073
81074,420232081,Natalio,Mata,81074
81075,976405771,Octavio,Hurtado,81075
81076,341130218,Cleto,Pol,81076
81077,601432597,Eufemia,Jara,81077
81078,124680465,Odalys,Mateos,81078
81079,573330608,Alfredo,Ferrandez,81079
81080,222200627,Jaime,Olivares,81080
81081,745023740,Maria Fernanda,Perales,81081
81082,444612895,Ursula,Barbera,81082
81083,724059560,Horacio,Cervera,81083
81084,443620127,Valentina,Perales,81084
81085,846931948,Jose Carlos,Alsina,81085
81086,291209260,Imelda,Ballesteros,81086
81087,488366971,Clemente,Reguera,81087
81088,853426403,Eustaquio,Bosch,81088
81089,951228065,Leocadio,Sarmiento,81089
81090,206119667,Agata,Aguilera,81090
81091,753356068,Samu,Heras,81091
81092,981373393,Fernando,Rossello,81092
81093,428342502,Isaac,Gil,81093
81094,814816214,Concha,Rocha,81094
81095,881535173,Lope,Ferrero,81095
81096,244931345,Maria Teresa,Marti,81096
81097,261608005,Ulises,Uribe,81097
81098,954366903,Imelda,Segarra,81098
81099,331622890,Josue,Coll,81099
81100,162506533,Calista,Hervas,81100
81101,160925027,Edelmira,Marin,81101
81102,185518640,Marisela,Fuster,81102
81103,216659127,Aura,Mascaro,81103
81104,146644318,Dario,Parra,81104
81105,848463468,Margarita,Milla,81105
81106,360946408,Guadalupe,Gordillo,81106
81107,388188498,Edmundo,Alba,81107
81108,726735861,Rafael,Casanovas,81108
81109,899902521,Marita,Castell,81109
81110,675922454,Armando,Arenas,81110
81111,718533384,Vidal,Acero,81111
81112,701946830,Emelina,Lillo,81112
81113,647318740,Jose Luis,Diez,81113
81114,999413228,Maria Jesus,Carbajo,81114
81115,172601595,Alex,Coll,81115
81116,391504706,Reynaldo,Carreras,81116
81117,626871628,Octavia,Carbo,81117
81118,171648619,Serafina,Alberto,81118
81119,960454167,Almudena,Requena,81119
81120,657680974,Ramiro,Pallares,81120
81121,358732063,Graciela,Anton,81121
81122,364261569,German,Cortina,81122
81123,957811427,Eladio,Parra,81123
81124,696648257,Gabriel,Armengol,81124
81125,196890961,Marcial,Sales,81125
81126,608785476,Candelaria,Bauza,81126
81127,752910018,Dafne,Carbo,81127
81128,682686900,Donato,Fabregas,81128
81129,679494492,Rafael,Prats,81129
81130,801879398,Vito,Carballo,81130
81131,985995006,Sabas,Cerezo,81131
81132,563931573,Griselda,Villalba,81132
81133,659349980,Maximino,Perez,81133
81134,528869959,Leonel,Alemany,81134
81135,719203488,Jose Angel,Moya,81135
81136,182608680,Paulina,Ferrer,81136
81137,786983707,Ricardo,Canton,81137
81138,292070340,Anselmo,Coronado,81138
81139,314981593,Flavio,Suarez,81139
81140,470462760,Geraldo,Bayo,81140
81141,125097423,Eugenia,Blanca,81141
81142,668820331,Eutropio,Castellanos,81142
81143,568593016,Lorenzo,Portillo,81143
81144,707047095,Miguel,Coca,81144
81145,540466271,Marino,Pazos,81145
81146,917945905,Juan Jose,Olmedo,81146
81147,570443662,Baudelio,Ruiz,81147
81148,391898319,Pia,Crespo,81148
81149,766739011,Ximena,Cardenas,81149
81150,923188299,Danilo,Santamaria,81150
81151,814780219,Cirino,Chacon,81151
81152,408855773,Geraldo,Albero,81152
81153,473333351,Sebastian,Alonso,81153
81154,557339245,Ruben,Tenorio,81154
81155,762619524,Irma,Mayo,81155
81156,418281334,Salomon,Grau,81156
81157,847833590,Julieta,Alberto,81157
81158,154752446,Rogelio,Casas,81158
81159,396695026,Toni,Alvaro,81159
81160,812879236,Luisina,Pazos,81160
81161,968264796,Hipolito,Perales,81161
81162,115122843,Clotilde,Rosello,81162
81163,637674417,Segismundo,Tejada,81163
81164,962798754,Griselda,Ochoa,81164
81165,407498119,Heriberto,Vigil,81165
81166,740598289,Atilio,Prada,81166
81167,590315575,Porfirio,Macias,81167
81168,810201071,Ramon,Sanmiguel,81168
81169,585370984,Emilia,Moraleda,81169
81170,908921750,Eutimio,Gimenez,81170
81171,148762062,Baldomero,Benitez,81171
81172,194289800,Susana,Quintanilla,81172
81173,787604333,Cintia,Urrutia,81173
81174,348277340,Borja,Cuadrado,81174
81175,780506021,Paca,Mayoral,81175
81176,357097488,Josefa,Gibert,81176
81177,677226968,Juan Antonio,Fabregat,81177
81178,497822065,Priscila,Asensio,81178
81179,528532951,Seve,Segura,81179
81180,772265231,Carina,Arellano,81180
81181,534854394,Ema,Barral,81181
81182,729292722,Albina,Somoza,81182
81183,931352938,Ruy,Galvez,81183
81184,167516129,Alex,Mendoza,81184
81185,653994155,Melania,Cuenca,81185
81186,688386014,Amancio,Mendez,81186
81187,558452565,Eloisa,Escobar,81187
81188,577558634,Ana Belen,Ropero,81188
81189,592217286,Eva Maria,Tolosa,81189
81190,939152687,Cintia,Guerrero,81190
81191,968084282,Marta,Jorda,81191
81192,646781747,Juan,Cepeda,81192
81193,816961755,Candido,Salva,81193
81194,954542916,Ciriaco,Amoros,81194
81195,989251102,Paola,Ibanez,81195
81196,583164555,Carlito,Segui,81196
81197,362188031,Genoveva,Montana,81197
81198,550817181,Hugo,Prado,81198
81199,184441195,Juan Manuel,Vicens,81199
81200,724262819,Lina,Santos,81200
81201,605763833,Ema,Cabeza,81201
81202,381489978,Tono,Navarro,81202
81203,832577060,Carmelita,Canovas,81203
81204,264814363,Lina,Morante,81204
81205,80858388,Rafa,Mateu,81205
81206,774349526,Ines,Arranz,81206
81207,901135018,Francisco,Clemente,81207
81208,407988009,Francisco Javier,Tomas,81208
81209,397343470,Roldan,Morell,81209
81210,545412257,Odalys,Raya,81210
81211,340514191,Carmen,Adadia,81211
81212,620646240,Octavia,Montenegro,81212
81213,844491035,Custodia,Solsona,81213
81214,443508564,Ariel,Vilanova,81214
81215,227012401,Nacho,Jodar,81215
81216,475413257,Adriana,Mosquera,81216
81217,480564716,Cristina,Castellanos,81217
81218,435016984,Diego,Camps,81218
81219,227135779,Edgardo,Mata,81219
81220,891486266,Calixta,Sanjuan,81220
81221,976386897,Isaias,Mercader,81221
81222,476033292,Domitila,Sanabria,81222
81223,758178013,Pili,Estevez,81223
81224,444185328,Zaira,Ortuno,81224
81225,569061773,Hector,Asenjo,81225
81226,257571637,Mario,Benito,81226
81227,190118852,Amador,Navas,81227
81228,347405836,Ascension,Marino,81228
81229,699144195,Belen,Vicente,81229
81230,862922630,Galo,Iniguez,81230
81231,682103528,Graciela,Sevilla,81231
81232,643390068,Concepcion,Garriga,81232
81233,391929406,Jose Angel,Calleja,81233
81234,811230958,Antonia,Pino,81234
81235,902433553,Poncio,Amor,81235
81236,742563908,Cruz,Alonso,81236
81237,631486686,Veronica,Casanovas,81237
81238,415048340,Evangelina,Porta,81238
81239,539812017,Maristela,Exposito,81239
81240,868897146,Ema,Sandoval,81240
81241,689114439,Eliseo,Daza,81241
81242,971873786,Candelario,Pedraza,81242
81243,867446827,Yolanda,Cifuentes,81243
81244,867944760,Seve,Pages,81244
81245,126313129,Leonor,Echevarria,81245
81246,284790703,Kike,Rocamora,81246
81247,803251243,Curro,Carro,81247
81248,321775965,Custodia,Estevez,81248
81249,878745615,Carla,Mate,81249
81250,710103946,Lupe,Bellido,81250
81251,511793059,Charo,Roman,81251
81252,543574926,Desiderio,Nogueira,81252
81253,131039256,Georgina,Gisbert,81253
81254,666473753,Basilio,Planas,81254
81255,715422417,Moreno,Castejon,81255
81256,494508445,Isidro,Figuerola,81256
81257,859235172,Santiago,Camara,81257
81258,946966778,Federico,Dalmau,81258
81259,789600221,Fanny,Camino,81259
81260,119864745,Seve,Mayoral,81260
81261,310570073,Nestor,Arce,81261
81262,400502188,Dionisia,Alamo,81262
81263,384520320,Onofre,Gibert,81263
81264,870189869,Roberta,Roca,81264
81265,485714912,Dario,Larrea,81265
81266,950308739,Candela,Garcia,81266
81267,159686243,Heriberto,Fabregas,81267
81268,746245828,Alfredo,Cazorla,81268
81269,952677974,Abigail,Mayo,81269
81270,630871306,Albano,Carlos,81270
81271,343965900,Jeronimo,Arjona,81271
81272,167636394,Cesar,Villalonga,81272
81273,114701321,Jorge,Alcantara,81273
81274,220013491,Margarita,Vilanova,81274
81275,511938437,Florencia,Leiva,81275
81276,196639122,Ana Belen,Prats,81276
81277,776828821,Goyo,Corominas,81277
81278,106659306,Sofia,Aguilo,81278
81279,580250455,Ascension,Ferrandez,81279
81280,140471162,Alfredo,Buendia,81280
81281,640910242,Nydia,Mas,81281
81282,264537742,Maria Teresa,Sanjuan,81282
81283,380140556,Reyes,Segovia,81283
81284,271956546,Flavio,Cifuentes,81284
81285,504664575,Felipe,Abad,81285
81286,283665105,Encarna,Marmol,81286
81287,886908671,Reynaldo,Villar,81287
81288,561153119,Marcela,Batalla,81288
81289,106537864,Odalys,Ortiz,81289
81290,313314676,Primitiva,Heras,81290
81291,881695454,Manolo,Corral,81291
81292,212431481,Dora,Linares,81292
81293,428705793,Albina,Borrego,81293
81294,506844931,Reyna,Mayoral,81294
81295,823064915,Caridad,Peralta,81295
81296,581290069,Gema,Mari,81296
81297,503764596,Dafne,Bueno,81297
81298,928807419,Reina,Juan,81298
81299,140593496,Barbara,Corbacho,81299
81300,425433950,Marcelo,Plana,81300
81301,376200820,Leonor,Arnaiz,81301
81302,258951822,Nicodemo,Andres,81302
81303,219787643,Bautista,Blanch,81303
81304,406664819,Patricio,Vega,81304
81305,800119486,Maximiliano,Palomo,81305
81306,184140040,Salud,Ortiz,81306
81307,539973333,Daniel,Arenas,81307
81308,438252310,Maria Cristina,Calderon,81308
81309,492032407,Aristides,Jodar,81309
81310,454765681,Abraham,Villena,81310
81311,856699678,Silvio,Iglesias,81311
81312,540026743,Guiomar,Bayo,81312
81313,978421091,Isabel,Nino,81313
81314,142759972,Nereida,Godoy,81314
81315,685721847,Ciriaco,Quiroga,81315
81316,526635741,Javi,Feijoo,81316
81317,376967031,Victor,Amaya,81317
81318,369948965,Anastasia,Gil,81318
81319,319012746,Tomasa,Gimenez,81319
81320,227111087,Apolonia,Contreras,81320
81321,702515351,Victoria,Fuertes,81321
81322,202025836,Leire,Torralba,81322
81323,145191632,Goyo,Nadal,81323
81324,308384563,Maristela,Olmedo,81324
81325,774619937,Casemiro,Prat,81325
81326,795443187,Paola,Escriva,81326
81327,186304519,Irma,Puerta,81327
81328,642825279,Albino,Valenzuela,81328
81329,297189975,Iris,Giralt,81329
81330,962514686,Ivan,Serrano,81330
81331,140617722,Roxana,Suarez,81331
81332,371953415,Diana,Nadal,81332
81333,177724879,Raimundo,Villalba,81333
81334,718848951,Jose Luis,Canovas,81334
81335,939443546,Elba,Pont,81335
81336,619702859,Marisol,Montes,81336
81337,825578028,Jose Luis,Carro,81337
81338,949925069,Inocencio,Sole,81338
81339,290588401,Ciro,Escriva,81339
81340,882244914,Nerea,Arco,81340
81341,293316377,Odalys,Miguel,81341
81342,159092140,Maria Pilar,Belmonte,81342
81343,866043933,Carlito,Redondo,81343
81344,403653182,Lina,Laguna,81344
81345,306905095,Aranzazu,Penas,81345
81346,235734712,Mar,Madrid,81346
81347,906149373,Ascension,Moraleda,81347
81348,596740140,Ismael,Linares,81348
81349,536172631,Nereida,Perales,81349
81350,554463650,Paca,Benavides,81350
81351,591950683,Ismael,Tello,81351
81352,525596064,Onofre,Nunez,81352
81353,136222530,Jesus,Llado,81353
81354,469225738,Joel,Pena,81354
81355,136512211,Berto,Duenas,81355
81356,380442723,Rufino,Cordero,81356
81357,846024873,Nacho,Correa,81357
81358,722617665,Maria,Gual,81358
81359,504262449,Lucas,Ropero,81359
81360,118050323,Luis Miguel,Adan,81360
81361,191668009,Diego,Gutierrez,81361
81362,869384955,Graciela,Rivas,81362
81363,234924093,Miguela,Lluch,81363
81364,999182225,Viviana,Alegre,81364
81365,869439704,Lino,Paredes,81365
81366,634799030,Fatima,Castrillo,81366
81367,227585762,Anselma,Carrion,81367
81368,253134416,Estefania,Lamas,81368
81369,347802176,Vicente,Martin,81369
81370,804426287,Noemi,Montes,81370
81371,122328539,Carlota,Alvarado,81371
81372,698081524,Nilda,Carreras,81372
81373,901964450,Marciano,Briones,81373
81374,183975823,Hernando,Lopez,81374
81375,571737427,Emiliano,Baquero,81375
81376,912935287,Obdulia,Anglada,81376
81377,614087547,Mariano,Bastida,81377
81378,428945607,Anabel,Royo,81378
81379,110871015,Angel,Pablo,81379
81380,804940672,Saturnina,Palomar,81380
81381,671561673,Montserrat,Sanjuan,81381
81382,380182958,Adan,Velez,81382
81383,272290084,Aroa,Acedo,81383
81384,635671508,Natalio,Banos,81384
81385,543915804,Elvira,Duarte,81385
81386,169821842,Narcisa,Escolano,81386
81387,441713150,Leonel,Cerezo,81387
81388,226078982,Isa,Tur,81388
81389,370473049,Olalla,Salamanca,81389
81390,390114832,Amador,Aguirre,81390
81391,862542451,Ana Sofia,Contreras,81391
81392,207488009,Jesusa,Osuna,81392
81393,920024269,Odalis,Lara,81393
81394,763676061,Virginia,Contreras,81394
81395,692189549,Lilia,Comas,81395
81396,113887975,Vicente,Farre,81396
81397,497057427,Edelmiro,Montoya,81397
81398,549601814,Maria,Mendez,81398
81399,844842134,Ezequiel,Mendez,81399
81400,177920702,Jacinta,Lozano,81400
81401,718344419,Isidro,Badia,81401
81402,129507976,Reina,Merino,81402
81403,798908483,Amando,Mari,81403
81404,271635542,Julian,Pedrero,81404
81405,625842978,Lucio,Nino,81405
81406,410827220,Isidoro,Cisneros,81406
81407,920697593,Amor,Donoso,81407
81408,572270069,Virginia,Llorente,81408
81409,857286390,Adalberto,Heredia,81409
81410,221599441,Armida,Marquez,81410
81411,759546971,Noe,Canete,81411
81412,549926332,Pascuala,Llado,81412
81413,985267557,Sabas,Estrada,81413
81414,975607345,Amparo,Menendez,81414
81415,660167101,Ramona,Pelaez,81415
81416,475184757,Ainara,Flores,81416
81417,380372039,Sancho,Pedro,81417
81418,577757913,Reina,Velasco,81418
81419,639341645,Danilo,Perera,81419
81420,469293409,Anita,Amaya,81420
81421,847779672,Estela,Guzman,81421
81422,628008567,Salome,Ferran,81422
81423,980388821,Carmela,Figueras,81423
81424,544959498,Cesar,Ferreras,81424
81425,372902013,Cruz,Calderon,81425
81426,803293734,Adora,Pol,81426
81427,918606829,Eli,Ricart,81427
81428,154254738,Felix,Pazos,81428
81429,446708898,Marcio,Jara,81429
81430,375621996,Ana Sofia,Pomares,81430
81431,588520288,Susana,Luna,81431
81432,867468487,Miguela,Mayo,81432
81433,118507682,Dorita,Amador,81433
81434,489469722,Osvaldo,Portillo,81434
81435,578919522,Alcides,Cerda,81435
81436,568704260,Flavio,Oller,81436
81437,367676591,Ceferino,Molins,81437
81438,831089129,Ema,Carmona,81438
81439,312607856,Carla,Goni,81439
81440,995878990,Maria,Lasa,81440
81441,173092256,Cesar,Minguez,81441
81442,822562671,Nayara,Exposito,81442
81443,804808967,Yesica,Davila,81443
81444,662344181,Domitila,Poza,81444
81445,765974005,Poncio,Cuellar,81445
81446,410211383,Sebastian,Munoz,81446
81447,701615150,Barbara,Batalla,81447
81448,578512175,Elisa,Perea,81448
81449,339955398,Vilma,Exposito,81449
81450,702153826,Mariana,Escudero,81450
81451,855387858,Rosenda,Verdejo,81451
81452,693827566,Morena,Cazorla,81452
81453,939508586,Abilio,Reina,81453
81454,285077487,Julieta,Barriga,81454
81455,209971968,Emperatriz,Marquez,81455
81456,657003351,Glauco,Esteban,81456
81457,447638829,Rolando,Bernat,81457
81458,194229995,Chita,Berrocal,81458
81459,163915972,Celia,Ferreras,81459
81460,356793675,Elisa,Hoyos,81460
81461,354043588,Nilo,Chaparro,81461
81462,265317063,Tito,Rocha,81462
81463,669284247,Evaristo,Bastida,81463
81464,567160178,Evaristo,Lopez,81464
81465,879940057,Amancio,Vendrell,81465
81466,832200123,Graciana,Ramos,81466
81467,741201991,Danilo,Roman,81467
81468,681329519,Tania,Armengol,81468
81469,329486604,Jessica,Pedro,81469
81470,507397464,Zoraida,Bravo,81470
81471,881401179,Jose,Morillo,81471
81472,314216963,Nelida,Sabater,81472
81473,136026114,Felix,Vinas,81473
81474,118461387,Miguel,Ferrando,81474
81475,895339012,Macarena,Marin,81475
81476,705968753,Josep,Alegria,81476
81477,476081377,Ximena,Baro,81477
81478,779327989,Lola,Zurita,81478
81479,470480038,Salome,Llopis,81479
81480,388924136,Maura,Lluch,81480
81481,432129673,Micaela,Martinez,81481
81482,838450149,Marta,Badia,81482
81483,883670726,Artemio,Cabrera,81483
81484,533371854,Dani,Muniz,81484
81485,196301074,Anselmo,Diez,81485
81486,885843862,Concha,Carretero,81486
81487,750370324,Trinidad,Arino,81487
81488,524464952,Pepito,Escalona,81488
81489,714748102,Nicolasa,Zorrilla,81489
81490,286174523,Belen,Barrera,81490
81491,303774361,Flora,Higueras,81491
81492,873395171,Belen,Vaquero,81492
81493,706100187,Sonia,Zorrilla,81493
81494,695406547,Calixto,Saldana,81494
81495,747106567,Pancho,Daza,81495
81496,767673325,Vanesa,Vinas,81496
81497,261262047,Juana,Viana,81497
81498,875146130,Sosimo,Velazquez,81498
81499,859015271,Felisa,Gabaldon,81499
81500,385598081,Diana,Pardo,81500
81501,257913432,Fanny,Villalba,81501
81502,676110466,Maria,Cabello,81502
81503,306086657,Reina,Taboada,81503
81504,760143334,Roldan,Jorda,81504
81505,827118996,Baldomero,Estevez,81505
81506,983702634,Americo,Pineda,81506
81507,799409435,Fidel,Verdugo,81507
81508,179263788,Domingo,Escobar,81508
81509,680255513,Albina,Cuenca,81509
81510,170083809,Pepe,Correa,81510
81511,640299819,Rosendo,Pla,81511
81512,656498109,Sofia,Julia,81512
81513,406620901,Eric,Franch,81513
81514,152164874,Javier,Romeu,81514
81515,378597945,Teo,Macias,81515
81516,957122790,Alberto,Ordonez,81516
81517,352562811,Estela,Iriarte,81517
81518,874867062,Remedios,Giner,81518
81519,490110450,Gonzalo,Canete,81519
81520,621229501,Joaquin,Alfonso,81520
81521,738465451,Noa,Mata,81521
81522,704828884,Hernando,Gutierrez,81522
81523,417477225,Benita,Zabaleta,81523
81524,964961626,Azahar,Castrillo,81524
81525,578750765,Ildefonso,Segarra,81525
81526,185815344,Lisandro,Mulet,81526
81527,954590243,Azucena,Gil,81527
81528,404322358,Anselmo,Acero,81528
81529,911477730,Natividad,Escribano,81529
81530,357983703,Nieves,Herrera,81530
81531,820892849,Jose,Barrena,81531
81532,977574246,Graciano,Echevarria,81532
81533,117625020,Jose Antonio,Sastre,81533
81534,204369099,Jordi,Gallardo,81534
81535,121609535,Azahara,Querol,81535
81536,905450482,Marcelo,Cifuentes,81536
81537,543010538,Antonia,Reig,81537
81538,666808500,Amado,Izquierdo,81538
81539,916847773,Georgina,Frias,81539
81540,859396679,Julio,Garmendia,81540
81541,329840760,Elba,Iriarte,81541
81542,284871343,Emigdio,Marquez,81542
81543,915697984,Ruth,Vallejo,81543
81544,561251336,Florencia,Gamez,81544
81545,478343271,Teodosio,Jorda,81545
81546,155579999,Guiomar,Gil,81546
81547,682412488,Joaquin,Pinto,81547
81548,557852742,Carmen,Vila,81548
81549,814738699,Almudena,Roma,81549
81550,995891190,Belen,Alvarez,81550
81551,497397355,Nacho,Mateu,81551
81552,887404706,Febe,Borja,81552
81553,578432658,Gabriela,Caparros,81553
81554,662215904,Fabiola,Llanos,81554
81555,420707303,Lorenza,Mateos,81555
81556,770522550,Rufino,Abellan,81556
81557,633710400,Fabian,Casanova,81557
81558,664019599,Ruth,Lloret,81558
81559,200717736,Chuy,Gallart,81559
81560,155487928,Albano,Ros,81560
81561,249083221,Teo,Miro,81561
81562,759007844,Guiomar,Falcon,81562
81563,808354718,Maxi,Valderrama,81563
81564,844514921,Jose,Gallego,81564
81565,872264203,Cipriano,Planas,81565
81566,979833677,Luis,Requena,81566
81567,368598488,Panfilo,Huertas,81567
81568,421792014,Luis,Gomez,81568
81569,885014161,Ariel,Verdu,81569
81570,669098705,Rosalina,Caro,81570
81571,394189181,Leonel,Mesa,81571
81572,997319287,Venceslas,Pizarro,81572
81573,828373388,Natalio,Soto,81573
81574,894317469,Ignacia,Romeu,81574
81575,337140858,Ema,Valbuena,81575
81576,814008255,Armida,Vidal,81576
81577,895635354,Florentina,Farre,81577
81578,260349265,Angeles,Segui,81578
81579,299089580,Brigida,Azcona,81579
81580,365928652,Cayetano,Canales,81580
81581,441750680,Luis Miguel,Madrid,81581
81582,989135743,Fabricio,Borja,81582
81583,197520228,Pascual,Garay,81583
81584,669670955,Cecilia,Gimenez,81584
81585,922032229,Teresita,Vaquero,81585
81586,304665271,Marcela,Arias,81586
81587,694750678,Ivan,Aguilera,81587
81588,875937700,Jose Manuel,Alegre,81588
81589,493613146,Gabino,Millan,81589
81590,332168553,Flavio,Cuesta,81590
81591,690384170,Rosario,Gallardo,81591
81592,148746516,Ciro,Cervantes,81592
81593,219933726,Raquel,Bravo,81593
81594,671375288,Rene,Goicoechea,81594
81595,267180364,Agata,Artigas,81595
81596,184352349,David,Donaire,81596
81597,888745626,Flor,Gallo,81597
81598,814922830,Ema,Robledo,81598
81599,833147403,Oscar,Salas,81599
81600,875920939,Lina,Valencia,81600
81601,318969950,Lupe,Pintor,81601
81602,652051554,Celestina,Yanez,81602
81603,884221334,Chema,Olmedo,81603
81604,528341333,Jose Luis,Torrens,81604
81605,696807007,Graciela,Villanueva,81605
81606,354761067,Daniel,Castro,81606
81607,826607354,Jesusa,Maldonado,81607
81608,500705364,Sandalio,Garces,81608
81609,956880338,Eugenia,Iriarte,81609
81610,486563989,Candelario,Ricart,81610
81611,598524165,Americo,Clemente,81611
81612,293720989,Victor,Palacios,81612
81613,492142696,Ulises,Alegria,81613
81614,881302460,Maite,Nebot,81614
81615,529410218,Adan,Robles,81615
81616,987874440,Soledad,Andres,81616
81617,790295242,Bautista,Mayoral,81617
81618,103305174,Efrain,Camacho,81618
81619,884894758,Selena,Chacon,81619
81620,627871462,Ignacia,Villar,81620
81621,157484916,Rosa,Gilabert,81621
81622,658084978,Fortunata,Zapata,81622
81623,641007442,Victor,Sarmiento,81623
81624,191249048,Dimas,Alarcon,81624
81625,224993465,Manuel,Barral,81625
81626,711578816,Rosalinda,Escribano,81626
81627,554837878,Ignacia,Lobato,81627
81628,840236055,Griselda,Asenjo,81628
81629,228014929,Javiera,Barral,81629
81630,261636749,Zoraida,Martinez,81630
81631,308816244,Pedro,Calleja,81631
81632,487491968,Edelmira,Valles,81632
81633,175075281,Juan Bautista,Uribe,81633
81634,751169133,Mamen,Teruel,81634
81635,113332569,Edgardo,Carbajo,81635
81636,659546179,Luciana,Rosell,81636
81637,854221706,Amelia,Menendez,81637
81638,680790382,Serafina,Saldana,81638
81639,882689067,Jovita,Llorens,81639
81640,133082881,Maria Pilar,Julian,81640
81641,320747167,Primitiva,Isern,81641
81642,275039814,Daniel,Iniesta,81642
81643,387874112,Samanta,Santamaria,81643
81644,661689003,Oscar,Serna,81644
81645,888802725,Rogelio,Sanabria,81645
81646,451626436,Alba,Marmol,81646
81647,603048609,Gema,Murillo,81647
81648,549740832,Soraya,Pina,81648
81649,142977901,Elvira,Abella,81649
81650,199199699,Regulo,Aviles,81650
81651,151049905,Pili,Cazorla,81651
81652,337208687,Joaquina,Madrid,81652
81653,247346807,Mar,Aznar,81653
81654,425708878,Romulo,Pineda,81654
81655,549774894,Benito,Robledo,81655
81656,874165020,Ines,Escriva,81656
81657,361624058,Eli,Navarrete,81657
81658,148507410,Flor,Diaz,81658
81659,825934911,Marta,Salamanca,81659
81660,946127146,Benjamin,Alvarez,81660
81661,378467053,Miguel Angel,Vina,81661
81662,557892197,Concepcion,Rocha,81662
81663,636104970,Albino,Pintor,81663
81664,906880344,Elvira,Duenas,81664
81665,345036914,Leonel,Donaire,81665
81666,700307675,Florencia,Parejo,81666
81667,179140445,Tatiana,Yanez,81667
81668,187062701,Marcelino,Haro,81668
81669,249282980,Eugenia,Fabra,81669
81670,687863011,Marcos,Roman,81670
81671,249508140,Jesusa,Quiros,81671
81672,379083754,Pilar,Pardo,81672
81673,272029442,Isabel,Palau,81673
81674,983389931,Ciriaco,Figueroa,81674
81675,657711368,Pascuala,Machado,81675
81676,561549334,Lupe,Arribas,81676
81677,521151607,Perlita,Agullo,81677
81678,451954877,Claudia,Duque,81678
81679,541215857,Dimas,Nogues,81679
81680,475243315,Victorino,Ibanez,81680
81681,694126242,Damian,Cortes,81681
81682,813239440,Juan Luis,Benavent,81682
81683,442443867,Fidela,Rozas,81683
81684,212122908,Adan,Huguet,81684
81685,330873247,Maria Carmen,Jaume,81685
81686,248951716,Benigno,Colomer,81686
81687,993449964,Javiera,Oliva,81687
81688,603460518,Luna,Marques,81688
81689,717308628,Cintia,Reina,81689
81690,619173274,Constanza,Checa,81690
81691,758515673,Micaela,Millan,81691
81692,162718740,Sabina,Sainz,81692
81693,119778353,Manola,Rodriguez,81693
81694,264911061,Nuria,Martinez,81694
81695,760078490,Patricia,Castillo,81695
81696,787417039,Constanza,Jauregui,81696
81697,772952710,Dominga,Soler,81697
81698,350590730,Lisandro,Anguita,81698
81699,413587875,Jose Luis,Redondo,81699
81700,443360908,Severiano,Farre,81700
81701,787033859,Ramiro,Bravo,81701
81702,190274866,Rosalina,Torrents,81702
81703,503936279,Aura,Roig,81703
81704,558040439,Juan Carlos,Castro,81704
81705,589485117,Hector,Royo,81705
81706,633406724,Dario,Jimenez,81706
81707,853313454,Elisa,Muro,81707
81708,449054763,Fortunato,Mas,81708
81709,236276992,Diana,Moles,81709
81710,621218681,Fidel,Palacios,81710
81711,743167509,Ismael,Cabanillas,81711
81712,769179989,Melchor,Palacios,81712
81713,306045818,Iban,Novoa,81713
81714,377274767,Carmela,Llamas,81714
81715,837433671,Georgina,Chaves,81715
81716,921412368,Rosario,Lastra,81716
81717,767012730,Paola,Agullo,81717
81718,606027612,Agata,Maza,81718
81719,612017298,Carlito,Santamaria,81719
81720,254964871,Miguel,Palacio,81720
81721,447505677,Ignacia,Pinilla,81721
81722,503771621,Dorotea,Castejon,81722
81723,357458536,Gervasio,Vallejo,81723
81724,189821956,Luna,Andreu,81724
81725,473059649,Aroa,Pujol,81725
81726,956189302,Pepita,Pinilla,81726
81727,348649464,Pastor,Herrero,81727
81728,469286228,Africa,Enriquez,81728
81729,747509972,Bautista,Garzon,81729
81730,222795123,Demetrio,Gabaldon,81730
81731,518237983,Pastor,Vara,81731
81732,628923243,Claudia,Cases,81732
81733,494121187,Graciano,Zapata,81733
81734,883364318,Nazaret,Bartolome,81734
81735,165251898,Kike,Andres,81735
81736,612983846,Soledad,Banos,81736
81737,309696963,Alejo,Cuellar,81737
81738,818999103,Delia,Gimeno,81738
81739,291723335,Eustaquio,Baez,81739
81740,350413185,Pastora,Jorda,81740
81741,931647973,Elvira,Arco,81741
81742,26905513,Chucho,Barbera,81742
81743,571722640,Gema,Jimenez,81743
81744,461742658,Marcia,Soriano,81744
81745,182889710,Lisandro,Amaya,81745
81746,200260498,Gracia,Rojas,81746
81747,218686910,Maria Dolores,Quevedo,81747
81748,504509265,Andres,Franch,81748
81749,170266046,Nidia,Redondo,81749
81750,597265002,Palmira,Caceres,81750
81751,467639538,Fermin,Vilar,81751
81752,952752103,Diego,Martin,81752
81753,701629904,Ambrosio,Fuertes,81753
81754,508303517,Fabiola,Cabanas,81754
81755,199266804,Ruth,Ramirez,81755
81756,315863232,Glauco,Benitez,81756
81757,508106647,Eloisa,Lasa,81757
81758,432978801,Juan Manuel,Baro,81758
81759,212951676,Juan Bautista,Torralba,81759
81760,677429183,Graciano,Tejada,81760
81761,644716256,Diana,Pellicer,81761
81762,117704066,Raul,Patino,81762
81763,165307087,Eulalia,Perera,81763
81764,577967051,Jacinta,Bosch,81764
81765,987186138,Macaria,Lara,81765
81766,605709030,Simon,Duran,81766
81767,811975340,Graciana,Blanco,81767
81768,998652497,Amparo,Vives,81768
81769,149724943,Abigail,Olive,81769
81770,837236885,Berta,Iglesia,81770
81771,447585688,Ruben,Francisco,81771
81772,312856918,Haroldo,Olmedo,81772
81773,915749216,Azahar,Ribes,81773
81774,148807043,Reinaldo,Camps,81774
81775,616786745,Ofelia,Arroyo,81775
81776,485906495,Susana,Canizares,81776
81777,586034269,Calisto,Villaverde,81777
81778,699037504,Odalis,Tenorio,81778
81779,218691118,Jose,Colom,81779
81780,163732020,Ligia,Iglesia,81780
81781,929098192,Margarita,Gimenez,81781
81782,235652475,Melisa,Tejero,81782
81783,199028598,Dominga,Amador,81783
81784,430307473,Octavio,Torres,81784
81785,243731286,Geronimo,Redondo,81785
81786,626828227,Yolanda,Guitart,81786
81787,907734009,Olga,Oliver,81787
81788,199593277,Tomasa,Soria,81788
81789,133104939,Tono,Bellido,81789
81790,533081131,Yesica,Jurado,81790
81791,581870270,Jimena,Reig,81791
81792,988257063,Rebeca,Jover,81792
81793,371872419,Edmundo,Rodriguez,81793
81794,437771563,Adan,Rosell,81794
81795,203439201,Dionisio,Oliver,81795
81796,236451202,Miguel,Ferreras,81796
81797,195342781,Iris,Cuenca,81797
81798,401577826,Perla,Pinilla,81798
81799,883016454,Nereida,Gargallo,81799
81800,215479606,Vinicio,Escudero,81800
81801,897892890,Virginia,Taboada,81801
81802,199013955,Paola,Rossello,81802
81803,549286486,Sandra,Roca,81803
81804,604800970,Ruth,Barrios,81804
81805,332916463,Emma,Beltran,81805
81806,369323621,Dionisia,Tur,81806
81807,124093604,Pili,Sobrino,81807
81808,196950227,Moises,Dieguez,81808
81809,775418279,Bienvenida,Pla,81809
81810,379347994,Nereida,Cozar,81810
81811,473045153,Genoveva,Miguel,81811
81812,158592788,Florinda,Angel,81812
81813,951331503,Juan Bautista,Gonzalez,81813
81814,450984799,Maribel,Sobrino,81814
81815,470874880,Obdulia,Baro,81815
81816,623046128,Araceli,Lasa,81816
81817,774407941,Augusto,Simo,81817
81818,369718081,Mamen,Cuellar,81818
81819,856155057,Calista,Moran,81819
81820,491508347,Cruz,Maza,81820
81821,264340466,Norberto,Romeu,81821
81822,163602562,Alondra,Jurado,81822
81823,605835968,Visitacion,Ferran,81823
81824,640440963,Valentin,Alsina,81824
81825,366756047,Lola,Castrillo,81825
81826,412747158,Leocadia,Gomez,81826
81827,935778510,Jordi,Solano,81827
81828,243522522,Mauricio,Pedro,81828
81829,590057392,Rosa Maria,Uria,81829
81830,412111298,Adrian,Amat,81830
81831,565540221,Trinidad,Gil,81831
81832,153084425,Teresa,Reig,81832
81833,247843709,Guadalupe,Fernandez,81833
81834,276732588,Bernardino,Perello,81834
81835,595079957,Rodrigo,Oliver,81835
81836,304641858,Ligia,Torrens,81836
81837,252889989,Ileana,Cazorla,81837
81838,372048445,Regulo,Molina,81838
81839,569405020,Jose Luis,Fabregas,81839
81840,986715309,Eliana,Barrios,81840
81841,728329556,Ruben,Fiol,81841
81842,638418449,Cruz,Rios,81842
81843,674100712,Samanta,Llamas,81843
81844,108843191,Octavio,Barranco,81844
81845,638578421,Ariel,Marin,81845
81846,835251370,Horacio,Saura,81846
81847,423818018,Isaias,Recio,81847
81848,763775937,Diana,Solsona,81848
81849,210215394,Candida,Patino,81849
81850,362780646,Eutimio,Cabo,81850
81851,956552984,Felipa,Diez,81851
81852,751059574,Marisol,Llorente,81852
81853,579787646,Ismael,Murcia,81853
81854,812061122,Rosalva,Anaya,81854
81855,799948954,Pepe,Pallares,81855
81856,416791790,Soledad,Herrero,81856
81857,493959449,Almudena,Baron,81857
81858,940064329,Rosario,Valentin,81858
81859,505928759,Trinidad,Vigil,81859
81860,481058010,Loreto,Casanovas,81860
81861,739750584,Gil,Valls,81861
81862,302581099,Rosario,Santos,81862
81863,794587399,Angel,Cervantes,81863
81864,258783590,Fernando,Urrutia,81864
81865,666119561,Calista,Ordonez,81865
81866,720693118,Tamara,Campos,81866
81867,179762315,Ruperto,Guillen,81867
81868,637826778,Paz,Recio,81868
81869,333949709,Eliana,Ibanez,81869
81870,619828983,Virginia,Berrocal,81870
81871,986673957,Elena,Isern,81871
81872,249306367,Natanael,Prado,81872
81873,648824378,Isaac,Carranza,81873
81874,886082266,Ezequiel,Bernad,81874
81875,428484465,Constanza,Pavon,81875
81876,786260992,Antonia,Montenegro,81876
81877,530969604,Nilda,Medina,81877
81878,792075609,Gilberto,Casal,81878
81879,799375930,Candelario,Carnero,81879
81880,352900067,Marisol,Lasa,81880
81881,709056802,Clementina,Estevez,81881
81882,905763744,Alicia,Narvaez,81882
81883,878083526,Moreno,Gonzalez,81883
81884,307759481,Severo,Gonzalez,81884
81885,261470743,Faustino,Parejo,81885
81886,511467057,Jose Antonio,Arevalo,81886
81887,680688802,Tomas,Espejo,81887
81888,999570876,Cleto,Aparicio,81888
81889,983664569,Perlita,Salva,81889
81890,924398335,Zoraida,Planas,81890
81891,866144167,Inocencio,Catala,81891
81892,518016208,Ruy,Bonilla,81892
81893,130036144,Tiburcio,Casares,81893
81894,792916349,Eliana,Duran,81894
81895,715039878,Pancho,Carlos,81895
81896,452967783,Griselda,Vives,81896
81897,481638592,Miguel Angel,Perez,81897
81898,166510382,Irma,Salvador,81898
81899,118867247,Celso,Mascaro,81899
81900,523036191,Herminio,Tello,81900
81901,995216058,Tristan,Vera,81901
81902,637997161,Manola,Vives,81902
81903,252205080,Maria Fernanda,Gallego,81903
81904,239368715,Alejandro,Bermudez,81904
81905,151314919,Loreto,Buendia,81905
81906,446511798,Espiridion,Vall,81906
81907,830972214,Estefania,Cuadrado,81907
81908,551320135,Victorino,Pena,81908
81909,230216972,Paca,Padilla,81909
81910,526119400,Romulo,Tormo,81910
81911,588650601,Azucena,Verdugo,81911
81912,483298414,Maximo,Farre,81912
81913,449393776,Crescencia,Bueno,81913
81914,213977204,Georgina,Barreda,81914
81915,921883237,Hernando,Barrio,81915
81916,215380731,Herminia,Santos,81916
81917,385000481,Primitivo,Baez,81917
81918,614036779,Salome,Acero,81918
81919,392859400,Andres Felipe,Cadenas,81919
81920,182726383,Jordi,Acuna,81920
81921,836362545,Azucena,Bartolome,81921
81922,535934552,Candido,Pi,81922
81923,688456154,Faustino,Sebastian,81923
81924,281870300,Odalys,Rueda,81924
81925,652290930,Marco,Cabello,81925
81926,577076929,Casemiro,Muniz,81926
81927,936353030,Erasmo,Hernandez,81927
81928,818238093,Bernarda,Perello,81928
81929,438508901,Teresa,Flor,81929
81930,519423148,Irma,Camara,81930
81931,747327690,Ani,Aguilo,81931
81932,288039220,Inmaculada,Simo,81932
81933,975789411,Desiderio,Sanchez,81933
81934,804184398,Anselmo,Cabanillas,81934
81935,955663537,Hector,Tejada,81935
81936,231803985,Arturo,Arribas,81936
81937,623226807,Jeronimo,Alegre,81937
81938,225865432,Selena,Maldonado,81938
81939,140672583,Juana,Viana,81939
81940,838610065,Edgar,Lago,81940
81941,175972960,Ruperta,Tamayo,81941
81942,542854924,Danilo,Trujillo,81942
81943,974871103,Abel,Hernando,81943
81944,853084668,Gertrudis,Montenegro,81944
81945,981165476,Lorenza,Izaguirre,81945
81946,342252691,Albert,Pereira,81946
81947,659840138,Eligio,Vega,81947
81948,547999248,Vasco,Segura,81948
81949,723436522,Pilar,Teruel,81949
81950,771306126,Adelia,Garzon,81950
81951,579402040,Mar,Criado,81951
81952,808483656,Leticia,Tomas,81952
81953,162570732,German,Arranz,81953
81954,382797914,Anastasio,Miranda,81954
81955,489216802,Julia,Fabra,81955
81956,762196089,Serafina,Zamora,81956
81957,884719595,Candelario,Maldonado,81957
81958,879687459,Artemio,Noguera,81958
81959,419293540,Dani,Andrade,81959
81960,917803980,Luis Miguel,Solana,81960
81961,330125262,Patricio,Alcaraz,81961
81962,841200094,Jaime,Mendoza,81962
81963,834725599,Osvaldo,Guijarro,81963
81964,899235551,Paulino,Morillo,81964
81965,281664962,Remedios,Aragon,81965
81966,239120596,Fortunato,Casanovas,81966
81967,174046831,Julia,Marcos,81967
81968,111131873,Gabino,Crespo,81968
81969,824433087,Ceferino,Moreno,81969
81970,889424486,Baudelio,Samper,81970
81971,925514744,Ramona,Nogues,81971
81972,539878054,Gabriela,Porta,81972
81973,683887207,Ulises,Vall,81973
81974,935043056,Juan Jose,Mena,81974
81975,375589501,Fabricio,Briones,81975
81976,502219164,Teresa,Jimenez,81976
81977,716607968,Cruz,Goni,81977
81978,155418270,Rocio,Martin,81978
81979,657131863,Pascual,Pedrero,81979
81980,753681534,Perla,Pena,81980
81981,835362365,Chus,Esteban,81981
81982,919034143,Consuela,Collado,81982
81983,891944617,Marcia,Egea,81983
81984,433779008,Leonel,Real,81984
81985,859827565,Modesto,Bravo,81985
81986,437628919,Segismundo,Soria,81986
81987,584809499,Maria Fernanda,Parejo,81987
81988,324141986,Alejandro,Urrutia,81988
81989,108965286,Heliodoro,Colom,81989
81990,126977231,Alberto,Canellas,81990
81991,753030714,Araceli,Borrego,81991
81992,712783129,Ignacio,Saura,81992
81993,237546249,Herminia,Comas,81993
81994,490482801,Guadalupe,Conde,81994
81995,233778912,Berta,Moraleda,81995
81996,667378856,Marisa,Palau,81996
81997,303806575,Ainoa,Zamorano,81997
81998,257289412,Leandra,Mosquera,81998
81999,462863652,Jose Ignacio,Batlle,81999
82000,228333671,Aurelio,Olive,82000
82001,135367874,Manu,Polo,82001
82002,539771615,Pastor,Falco,82002
82003,659832580,Nacio,Dominguez,82003
82004,168894712,Tomasa,Folch,82004
82005,792791769,Custodia,Marti,82005
82006,975713692,Edelmira,Vazquez,82006
82007,831214276,Marcela,Hervia,82007
82008,259600420,Hilda,Valencia,82008
82009,136823117,Simon,Baeza,82009
82010,694227096,Purificacion,Colomer,82010
82011,768253096,Flavio,Pascual,82011
82012,997491151,Roberto,Galiano,82012
82013,356808826,Santiago,Gascon,82013
82014,762724586,Francisco,Carrillo,82014
82015,161927337,Amparo,Belmonte,82015
82016,208318785,Celestina,Aguilar,82016
82017,240233602,Cirino,Araujo,82017
82018,275076059,Leocadio,Toro,82018
82019,473969419,Ernesto,Canet,82019
82020,445259795,Dora,Bonet,82020
82021,714133149,Rocio,Aguirre,82021
82022,191826479,Graciano,Lujan,82022
82023,404950600,Lorenza,Arranz,82023
82024,948023409,Pepito,Diaz,82024
82025,210825996,Lucho,Crespi,82025
82026,954481437,Azahara,Arnal,82026
82027,877890317,Carolina,Querol,82027
82028,526732467,Aurelia,Aguilera,82028
82029,571866577,Olegario,Iniguez,82029
82030,436951769,Joaquina,Talavera,82030
82031,798298825,Abraham,Saenz,82031
82032,334272050,Dolores,Ibanez,82032
82033,268196004,Reyes,Sarabia,82033
82034,362280306,Maxi,Coll,82034
82035,810579949,Leire,Calderon,82035
82036,507921244,Rocio,Huertas,82036
82037,407532103,Candelas,Armengol,82037
82038,408583940,Valerio,Vicens,82038
82039,669443860,Amando,Acevedo,82039
82040,291603056,Victoria,Santana,82040
82041,343059802,Wilfredo,Carretero,82041
82042,653456489,Cirino,Jove,82042
82043,877177607,Venceslas,Pina,82043
82044,130007360,Vinicio,Morante,82044
82045,820922833,Leoncio,Marquez,82045
82046,691411290,Arcelia,Agusti,82046
82047,901143833,Agapito,Gomez,82047
82048,723197614,Luisina,Santamaria,82048
82049,761343828,Tiburcio,Murillo,82049
82050,634914363,Americo,Cabeza,82050
82051,216413546,Buenaventura,Adadia,82051
82052,489895917,Marta,Iglesia,82052
82053,195863473,Silvestre,Campillo,82053
82054,132185582,Loreto,Torres,82054
82055,521509923,Cesar,Arregui,82055
82056,678738941,Juliana,Aleman,82056
82057,992741807,Aroa,Garcia,82057
82058,681467180,Aurea,Vilar,82058
82059,254543124,Bernabe,Larranaga,82059
82060,204089569,Azahar,Solana,82060
82061,650328070,Emigdio,Agustin,82061
82062,662770259,Juan Carlos,Rosell,82062
82063,382188210,Carmelo,Prats,82063
82064,781258453,Mariana,Luque,82064
82065,238757412,Amparo,Ribas,82065
82066,444963524,Venceslas,Fuentes,82066
82067,877722808,Teresa,Farre,82067
82068,142105001,Melisa,Arnau,82068
82069,308006408,Luciana,Batalla,82069
82070,298829291,America,Posada,82070
82071,689741828,Gonzalo,Lillo,82071
82072,723872453,Amor,Montoya,82072
82073,417633672,Rufino,Alarcon,82073
82074,189818921,Victor Manuel,Catala,82074
82075,416589966,Ignacia,Ferrandez,82075
82076,655380557,Florencio,Osuna,82076
82077,622384555,Juliana,Vega,82077
82078,271676214,Ariel,Mendez,82078
82079,689997300,Amalia,Robles,82079
82080,591931804,Cruz,Aleman,82080
82081,874023752,Emelina,Almagro,82081
82082,104743628,Julio,Fiol,82082
82083,276329529,Sergio,Caparros,82083
82084,106793266,Roberto,Mendez,82084
82085,756589829,Almudena,Paez,82085
82086,200732010,Prudencia,Pena,82086
82087,709127691,Chus,Cuenca,82087
82088,195370228,Maxi,Bosch,82088
82089,133063383,Candelario,Bayon,82089
82090,765431855,Brigida,Arana,82090
82091,851324366,Reyes,Bernat,82091
82092,525927277,Elias,Duenas,82092
82093,696958593,Sosimo,Uribe,82093
82094,807381864,Severo,Sierra,82094
82095,117280964,Aranzazu,Menendez,82095
82096,775362075,Javiera,Vara,82096
82097,829299745,Saturnina,Andrade,82097
82098,273346281,Manola,Puga,82098
82099,437576138,Timoteo,Sales,82099
82100,301065183,Fatima,Sevilla,82100
82101,114024073,Cristobal,Mariscal,82101
82102,284495174,Ale,Calatayud,82102
82103,811650685,Juan Bautista,Camara,82103
82104,507818874,Reyna,Quiros,82104
82105,489565406,Reyna,Moreno,82105
82106,149720867,Isaac,Cornejo,82106
82107,352765107,Amado,Montenegro,82107
82108,507258811,Herberto,Tejera,82108
82109,781575520,Gabriel,Orozco,82109
82110,148300127,Tiburcio,Comas,82110
82111,219275918,Rosario,Bauza,82111
82112,684992322,Ivan,Pombo,82112
82113,482945276,Jose Angel,Francisco,82113
82114,955302426,Alberto,Bayo,82114
82115,182038896,Odalis,Carnero,82115
82116,182421122,Galo,Querol,82116
82117,491709464,Francisca,Mulet,82117
82118,358413709,Alfonso,Belda,82118
82119,402537570,Luis,Riba,82119
82120,118860569,Berto,Alonso,82120
82121,357891616,Jose Luis,Calleja,82121
82122,642452975,Loreto,Pascual,82122
82123,496409861,Lucho,Cuesta,82123
82124,799655807,Esperanza,Rozas,82124
82125,103060238,Cleto,Tejada,82125
82126,382748936,Venceslas,Bayo,82126
82127,984006203,Xavier,Melendez,82127
82128,229620312,Milagros,Armas,82128
82129,696499230,Cebrian,Tejedor,82129
82130,217122059,Ovidio,Pina,82130
82131,396208777,Marisol,Alcala,82131
82132,368773093,Ana Belen,Pino,82132
82133,337841395,Rodolfo,Ocana,82133
82134,274844238,Alex,Suarez,82134
82135,987365464,Regina,Hervia,82135
82136,930336728,Rosalva,Tejero,82136
82137,935559093,Tristan,Barriga,82137
82138,884647064,Candida,Pons,82138
82139,557916128,Dani,Borrego,82139
82140,295430405,Begona,Requena,82140
82141,839654894,Maria Dolores,Montoya,82141
82142,559187461,Marcelino,Santana,82142
82143,111161994,Cipriano,Vina,82143
82144,305842561,Gabino,Escobar,82144
82145,424307840,Rodrigo,Ferran,82145
82146,444916030,Angelita,Gual,82146
82147,423751270,Abraham,Pena,82147
82148,817986922,Danilo,Pinto,82148
82149,636168153,Juan Pablo,Jimenez,82149
82150,183703003,Olivia,Duran,82150
82151,999374990,Esmeralda,Pareja,82151
82152,222036604,Artemio,Diez,82152
82153,180719112,Teodoro,Cerro,82153
82154,293011208,Dionisio,Pujadas,82154
82155,164258276,Ernesto,Arteaga,82155
82156,424857139,Aitana,Melendez,82156
82157,282089669,Blas,Caparros,82157
82158,539637722,Donato,Lobo,82158
82159,455466118,Nilda,Adadia,82159
82160,838555088,Heraclio,Navarrete,82160
82161,961190805,Cristobal,Canals,82161
82162,842774175,Coral,Marti,82162
82163,420612982,Ale,Giralt,82163
82164,460222803,Rosalia,Tena,82164
82165,377476482,Miguel,Gonzalo,82165
82166,750376895,Ismael,Escudero,82166
82167,539548190,Angelita,Escalona,82167
82168,739019325,Ofelia,Pomares,82168
82169,194498758,Nestor,Sales,82169
82170,943026899,Gilberto,Quintanilla,82170
82171,341747307,Agueda,Torrecilla,82171
82172,804094335,Camilo,Diaz,82172
82173,330685435,Ariel,Saez,82173
82174,374126042,Blas,Trillo,82174
82175,883289750,Maria Angeles,Herranz,82175
82176,876953811,Casemiro,Palomo,82176
82177,408046585,Joaquin,Santamaria,82177
82178,318219609,Venceslas,Rosales,82178
82179,530204077,Rebeca,Cobos,82179
82180,506709305,Placido,Cepeda,82180
82181,836669442,Nayara,Pallares,82181
82182,336430122,Josefa,Marmol,82182
82183,490735523,Pascual,Canizares,82183
82184,138574517,Rosendo,Quintanilla,82184
82185,751810354,Javi,Pardo,82185
82186,123203741,Jose Antonio,Sarmiento,82186
82187,768331351,Maria Luisa,Hernando,82187
82188,831272577,Rosaura,Hervas,82188
82189,639744830,Romulo,Sanchez,82189
82190,511847418,Lidia,Pazos,82190
82191,581698957,Salomon,Rocamora,82191
82192,255290169,Cebrian,Perea,82192
82193,446928268,Silvio,Roldan,82193
82194,390607704,Anacleto,Carvajal,82194
82195,456738514,Jose Carlos,Sola,82195
82196,272234740,Macario,Huerta,82196
82197,218449347,Cosme,Quevedo,82197
82198,218165923,Rosa,Abascal,82198
82199,740181795,Julio,Galvan,82199
82200,935390221,Ana Sofia,Vina,82200
82201,467599841,Maria Belen,Vazquez,82201
82202,607425238,Candelaria,Casal,82202
82203,303092451,Oscar,Amaya,82203
82204,711184573,Elba,Mariscal,82204
82205,604050614,Toni,Velasco,82205
82206,607385051,Judith,Mir,82206
82207,527266470,Juanito,Montero,82207
82208,812048282,Ariel,Llorente,82208
82209,338670402,Camila,Santana,82209
82210,578261828,Maria Belen,Martin,82210
82211,106371489,Isidoro,Vega,82211
82212,736430295,Pili,Rivera,82212
82213,160991045,Anselma,Tenorio,82213
82214,517284797,Natalio,Baro,82214
82215,406051854,Angelica,Herranz,82215
82216,326471070,Juana,Reguera,82216
82217,959039372,Jorge,Camacho,82217
82218,841251358,Asdrubal,Ibanez,82218
82219,544519054,Manuelita,Roman,82219
82220,359767316,Teresa,Salinas,82220
82221,132362111,Rosa Maria,Canete,82221
82222,724533031,Nilo,Ropero,82222
82223,681019172,Oriana,Barral,82223
82224,676168180,Natividad,Tomas,82224
82225,339396939,Evaristo,Cisneros,82225
82226,562358885,Marcela,Carbo,82226
82227,712621900,Maria Cristina,Flores,82227
82228,475272074,Candelario,Garcia,82228
82229,141722370,Dora,Contreras,82229
82230,350458800,Anselmo,Solera,82230
82231,332746354,Vasco,Cuervo,82231
82232,808616749,Jose Manuel,Diaz,82232
82233,560210100,Enrique,Rojas,82233
82234,112102667,Estela,Muro,82234
82235,561831101,Africa,Pareja,82235
82236,263527310,Dario,Villena,82236
82237,742614421,Febe,Capdevila,82237
82238,209781567,Xiomara,Granados,82238
82239,747142597,Renato,Padilla,82239
82240,311594794,Amparo,Pi,82240
82241,543875083,Raquel,Armas,82241
82242,629603335,Manu,Serrano,82242
82243,785534419,Natanael,Amigo,82243
82244,875432165,Ramona,Almagro,82244
82245,202155568,Salome,Bilbao,82245
82246,854457204,Encarnacion,Rubio,82246
82247,684705152,Jose Ignacio,Montes,82247
82248,611904711,Antonio,Ferrandiz,82248
82249,698239394,Apolinar,Caro,82249
82250,900605196,Guiomar,Frias,82250
82251,760519997,Hortensia,Gamez,82251
82252,403305279,Custodia,Torre,82252
82253,676373320,Cruz,Alamo,82253
82254,517836785,Itziar,Alberdi,82254
82255,298556650,Saturnina,Agudo,82255
82256,123545424,Felipa,Vila,82256
82257,597436179,Ernesto,Larranaga,82257
82258,580754234,Omar,Pino,82258
82259,128197110,Marita,Diez,82259
82260,489492847,Crescencia,Hervia,82260
82261,810442199,Albano,Baron,82261
82262,156562735,Aurelia,Huerta,82262
82263,790305186,Pilar,Requena,82263
82264,638441067,Francisco,Galvez,82264
82265,928039567,Bienvenida,Acuna,82265
82266,173005469,Evita,Contreras,82266
82267,401245608,Valero,Teruel,82267
82268,155069791,Jordi,Tolosa,82268
82269,732693592,Haroldo,Naranjo,82269
82270,368091654,Donato,Borrego,82270
82271,506177235,Sarita,Querol,82271
82272,890166781,Imelda,Ballesteros,82272
82273,432224318,Odalis,Bolanos,82273
82274,676861154,Asuncion,Huertas,82274
82275,586901047,Nadia,Ferrera,82275
82276,687875048,Eugenia,Castillo,82276
82277,283226817,Marino,Pages,82277
82278,796562455,Urbano,Leon,82278
82279,722213111,Demetrio,Olmo,82279
82280,306738538,Ale,Isern,82280
82281,632208170,Maria,Prats,82281
82282,304405847,Urbano,Sureda,82282
82283,720976152,Ileana,Lujan,82283
82284,408537359,Jafet,Dominguez,82284
82285,284870486,Maria Carmen,Vina,82285
82286,437066699,Joel,Tirado,82286
82287,194825243,Manuela,Alcazar,82287
82288,311866929,Nayara,Anton,82288
82289,748727919,Visitacion,Noriega,82289
82290,856240477,Artemio,Carrera,82290
82291,465899991,Trini,Cabo,82291
82292,885945120,Bernardo,Gallardo,82292
82293,382632475,Adora,Lumbreras,82293
82294,505526607,Jose Luis,Mayol,82294
82295,851683630,Soraya,Cuellar,82295
82296,997557592,Maximo,Blanco,82296
82297,504545504,Delfina,Cabo,82297
82298,251273726,Mohamed,Gonzalez,82298
82299,579984171,Josefina,Alamo,82299
82300,512646016,Guadalupe,Fuente,82300
82301,104118293,Emma,Boada,82301
82302,121978467,Urbano,Bernad,82302
82303,515597666,Marisela,Mateo,82303
82304,231854826,Nicolas,Alba,82304
82305,372083717,Benigna,Comas,82305
82306,780710110,Paloma,Tovar,82306
82307,726792478,Sarita,Valcarcel,82307
82308,643986659,Ingrid,Amor,82308
82309,749803478,Jose Antonio,Alcantara,82309
82310,506748910,Adriana,Bauza,82310
82311,233449829,Horacio,Quero,82311
82312,187023128,Jose,Jimenez,82312
82313,322484225,Maria Teresa,Esteban,82313
82314,987756347,Flor,Olmo,82314
82315,185236514,Bibiana,Alcalde,82315
82316,665569387,Gilberto,Suarez,82316
82317,990629337,Nestor,Arranz,82317
82318,982785683,Ale,Pou,82318
82319,710139207,Juan Manuel,Arce,82319
82320,454726530,Fernanda,Catalan,82320
82321,795531546,Olegario,Larranaga,82321
82322,983119435,Pancho,Canals,82322
82323,410106341,Maricruz,Esparza,82323
82324,649747423,Sol,Oller,82324
82325,777533051,Mauricio,Vives,82325
82326,799225924,Guiomar,Montoya,82326
82327,695174835,Eligio,Peiro,82327
82328,528383022,Mayte,Guillen,82328
82329,725698132,Tatiana,Crespi,82329
82330,371885487,Duilio,Pujadas,82330
82331,971983072,Benigno,Vilalta,82331
82332,221680460,Benito,Lorenzo,82332
82333,591814182,Sebastian,Pomares,82333
82334,492992525,Cayetano,Cerda,82334
82335,895222468,Tamara,Esteve,82335
82336,566248965,Lilia,Adan,82336
82337,164109922,Jacinto,Malo,82337
82338,868200859,Baldomero,Pons,82338
82339,921285347,Angela,Borrego,82339
82340,328445373,Lisandro,Leon,82340
82341,194378699,Fermin,Tejera,82341
82342,320907425,Ileana,Tapia,82342
82343,617079760,Eloisa,Reyes,82343
82344,360510820,Natalia,Chico,82344
82345,619284395,Ruben,Moliner,82345
82346,908399745,Domitila,Orozco,82346
82347,918061299,Encarnita,Figueras,82347
82348,592517718,Amando,Vina,82348
82349,836371126,Blanca,Rivas,82349
82350,494247372,Aitor,Villalobos,82350
82351,237825384,Chuy,Castro,82351
82352,934299988,Maria Jose,Arias,82352
82353,923287741,Adan,Guijarro,82353
82354,236131280,Eliana,Galan,82354
82355,801411223,Natividad,Crespi,82355
82356,169847476,Nando,Tomas,82356
82357,836605088,Mirta,Noriega,82357
82358,298182209,Wilfredo,Escriva,82358
82359,202808467,Balduino,Cabo,82359
82360,327511089,Bautista,Andres,82360
82361,891779673,Ignacia,Tormo,82361
82362,453316266,Diego,Canton,82362
82363,558405553,Soraya,Vidal,82363
82364,711415138,Nayara,Fabregat,82364
82365,155155743,Silvia,Arco,82365
82366,249710925,Faustino,Pujadas,82366
82367,839187192,Maria,Velez,82367
82368,524985416,Sol,Montoya,82368
82369,457653703,Leandro,Berenguer,82369
82370,367429096,Elisa,Torrijos,82370
82371,438304960,Salome,Oliver,82371
82372,500790981,Agueda,Lucena,82372
82373,791944749,Juan Francisco,Antunez,82373
82374,938011218,Samu,Donaire,82374
82375,481101968,Leocadia,Huerta,82375
82376,167761293,Edelmiro,Melero,82376
82377,450297336,Melchor,Uria,82377
82378,133440442,Diego,Salgado,82378
82379,699262737,Teofila,Cuervo,82379
82380,157675350,Natalia,Conde,82380
82381,774434658,Bernardino,Lumbreras,82381
82382,876069365,Chuy,Carrasco,82382
82383,385141879,Luisina,Campoy,82383
82384,267226286,Isaias,Leiva,82384
82385,424015510,Herberto,Gallardo,82385
82386,664695984,Isaac,Heras,82386
82387,734980012,Florencio,Sancho,82387
82388,552675856,Elodia,Raya,82388
82389,696253132,Nestor,Cano,82389
82390,707074099,Rolando,Vicens,82390
82391,123563615,Macario,Coca,82391
82392,944790607,Inocencio,Pujol,82392
82393,342495629,Reyna,Prats,82393
82394,967082880,Roxana,Ferrandiz,82394
82395,467239498,Eleuterio,Luis,82395
82396,286562863,Godofredo,Marquez,82396
82397,699876812,Violeta,Cal,82397
82398,671450650,Dorita,Franch,82398
82399,630955406,Candelas,Murillo,82399
82400,660054834,Eustaquio,Arnal,82400
82401,617030511,Hilda,Villalonga,82401
82402,897082896,Jose Manuel,Pardo,82402
82403,184850982,Edelmiro,Andreu,82403
82404,921199000,Macario,Vazquez,82404
82405,677100578,Augusto,Correa,82405
82406,324398025,Consuelo,Codina,82406
82407,934155860,Jose Angel,Vazquez,82407
82408,377242780,Sandra,Murcia,82408
82409,184075958,Geraldo,Yuste,82409
82410,747254202,Corona,Calleja,82410
82411,370893799,Anacleto,Alcantara,82411
82412,970225746,Trinidad,Vilar,82412
82413,182477950,Nando,Martinez,82413
82414,959358428,Carina,Pera,82414
82415,217076898,Fermin,Guzman,82415
82416,160120712,Teobaldo,Lujan,82416
82417,550050132,Alfonso,Garay,82417
82418,308780031,Calista,Martin,82418
82419,228620673,Natalia,Diaz,82419
82420,253239636,Patricio,Donoso,82420
82421,603649342,Elba,Higueras,82421
82422,384997422,Epifanio,Berrocal,82422
82423,330230849,Ignacio,Font,82423
82424,969517644,Amarilis,Diez,82424
82425,163888208,Vidal,Calleja,82425
82426,728143147,Mario,Oliva,82426
82427,691639247,Pia,Cantero,82427
82428,646159031,Ainara,Busquets,82428
82429,497485146,Alfredo,Planas,82429
82430,152950284,Aurelia,Garrido,82430
82431,850189436,Nerea,Cuadrado,82431
82432,253719636,Manola,Jauregui,82432
82433,298623418,Sandalio,Iniguez,82433
82434,674425841,Celso,Roman,82434
82435,317698441,Ramon,Arjona,82435
82436,721729728,Florina,Pinilla,82436
82437,583203697,Encarnita,Gallo,82437
82438,538957920,Bernabe,Ibarra,82438
82439,833147481,Evita,Guitart,82439
82440,686713307,Lope,Escobar,82440
82441,196695782,Ruy,Fortuny,82441
82442,963049251,Blanca,Batlle,82442
82443,472037887,Nazario,Benavente,82443
82444,370388980,Ale,Exposito,82444
82445,648781634,Ainoa,Vilar,82445
82446,157894920,Dora,Galvez,82446
82447,309541530,Rosaura,Mendez,82447
82448,595522452,Leon,Rosello,82448
82449,202366854,Joel,Gonzalo,82449
82450,136435724,Leire,Arana,82450
82451,789486716,Lisandro,Gamez,82451
82452,502740919,Palmira,Mora,82452
82453,762263257,Florinda,Marques,82453
82454,818697322,Domingo,Sastre,82454
82455,977861613,Jose,Donoso,82455
82456,117842305,Clara,Somoza,82456
82457,355467904,Albino,Valverde,82457
82458,501438728,Adoracion,Vizcaino,82458
82459,490844158,Panfilo,Priego,82459
82460,520339643,Marisela,Iborra,82460
82461,909201396,Federico,Castellanos,82461
82462,924817820,Tatiana,Lobo,82462
82463,759852081,Lope,Vives,82463
82464,398477711,Tadeo,Quesada,82464
82465,446545884,Herberto,Palau,82465
82466,613584230,Valeria,Paez,82466
82467,957564253,Salome,Hervas,82467
82468,554440902,Estela,Goni,82468
82469,898693049,Noe,Aramburu,82469
82470,617023723,Juanito,Moles,82470
82471,507202741,Luis Miguel,Beltran,82471
82472,582274523,Renata,Frias,82472
82473,164919043,Maricela,Fernandez,82473
82474,610212999,Nilda,Ariza,82474
82475,380109990,Simon,Lago,82475
82476,705191969,Valero,Gabaldon,82476
82477,184359526,Esmeralda,Corominas,82477
82478,571029976,Paz,Cazorla,82478
82479,555920283,Rosario,Gonzalez,82479
82480,731944815,Paulino,Ibanez,82480
82481,286834294,Lisandro,Hurtado,82481
82482,359952999,Ursula,Segarra,82482
82483,739546360,Macaria,Matas,82483
82484,517401358,Fabiana,Moll,82484
82485,296625859,Eutropio,Vera,82485
82486,300910847,Bautista,Riba,82486
82487,855634517,Ignacio,Salas,82487
82488,350745571,Inocencio,Villegas,82488
82489,259911231,Raimundo,Calvo,82489
82490,552120715,Loreto,Godoy,82490
82491,879129966,Che,Mari,82491
82492,701082069,Bartolome,Losada,82492
82493,785887727,Zacarias,Alegre,82493
82494,167620151,Dan,Olivera,82494
82495,615972062,Felix,Gisbert,82495
82496,998360605,Severo,Salamanca,82496
82497,237065633,Gilberto,Pinedo,82497
82498,604230173,Nicolas,Giralt,82498
82499,923422169,Rita,Oliveras,82499
82500,551031954,Buenaventura,Ocana,82500
82501,402784342,Brunilda,Barranco,82501
82502,209835749,Perla,Ropero,82502
82503,229294813,Gaston,Galiano,82503
82504,416944313,Gaston,Figuerola,82504
82505,561218727,Maximiliano,Cordero,82505
82506,374777837,Ulises,Losada,82506
82507,106436294,Odalys,Barriga,82507
82508,720810744,Yesica,Rius,82508
82509,796860693,Abraham,Blanes,82509
82510,733168262,Agustina,Abad,82510
82511,752514945,Isidora,Alemany,82511
82512,542632427,Trinidad,Tur,82512
82513,355216266,Galo,Zapata,82513
82514,910214239,Azahara,Cano,82514
82515,924021813,Balduino,Coronado,82515
82516,830142240,Mariana,Sarabia,82516
82517,348087842,Aroa,Noriega,82517
82518,986865362,Jose Francisco,Garate,82518
82519,740310918,Fabian,Castilla,82519
82520,148757569,Jovita,Cabrero,82520
82521,180433033,Ovidio,Cardenas,82521
82522,524450478,Fulgencio,Cid,82522
82523,863040145,Marciano,Pinilla,82523
82524,809870221,Diana,Mayoral,82524
82525,842090544,David,Heras,82525
82526,332579391,Leocadia,Villena,82526
82527,614194899,Glauco,Izquierdo,82527
82528,913737884,Martin,Prats,82528
82529,121740490,Urbano,Jover,82529
82530,255444539,Silvio,Zamorano,82530
82531,478948959,Emperatriz,Batalla,82531
82532,440330654,Florencia,Manrique,82532
82533,448825455,Adriana,Vilalta,82533
82534,924626141,Plinio,Cruz,82534
82535,964273249,Chus,Carro,82535
82536,858320339,Amancio,Diez,82536
82537,717170708,Paula,Reguera,82537
82538,963571285,Melchor,Codina,82538
82539,797361591,Bautista,Quero,82539
82540,307546123,Nazario,Cazorla,82540
82541,647292934,Mariana,Pedrosa,82541
82542,839304960,Augusto,Costa,82542
82543,734810317,Jose Luis,Alfonso,82543
82544,669454215,Leandra,Alcala,82544
82545,652296986,Guadalupe,Goicoechea,82545
82546,591656711,Danilo,Marquez,82546
82547,581478899,Amarilis,Ferran,82547
82548,608766035,Victor,Lopez,82548
82549,844109189,Leocadio,Font,82549
82550,377652690,Benjamin,Boix,82550
82551,810861554,Leoncio,Vicens,82551
82552,539351377,Manu,Portillo,82552
82553,646194445,Victorino,Valera,82553
82554,116100576,Tomasa,Vila,82554
82555,404902990,Nilda,Ferreras,82555
82556,189568534,Godofredo,Andrade,82556
82557,435221589,Amaya,Arjona,82557
82558,943885889,Trinidad,Prat,82558
82559,319174720,Donato,Aranda,82559
82560,754286621,Salvador,Gamez,82560
82561,735996259,Abraham,Bolanos,82561
82562,603286511,Viviana,Gaya,82562
82563,374806452,Edgar,Vega,82563
82564,393668313,Jennifer,Fajardo,82564
82565,710429104,Jose Antonio,Ferran,82565
82566,157103266,Telmo,Leiva,82566
82567,436926125,Serafina,Salva,82567
82568,847595459,Domitila,Zabala,82568
82569,779110547,Herminia,Zabaleta,82569
82570,172994591,Palmira,Villar,82570
82571,570727467,Agata,Zurita,82571
82572,948154143,Alberto,Morales,82572
82573,452686849,Odalis,Barcena,82573
82574,261475604,Macarena,Exposito,82574
82575,273311601,Marcos,Rosa,82575
82576,519155341,Silvio,Jover,82576
82577,256001479,Hilario,Guitart,82577
82578,778141553,Dalila,Jerez,82578
82579,833739834,Florinda,Alarcon,82579
82580,104216211,Aitor,Belmonte,82580
82581,298755839,Maite,Tirado,82581
82582,697726889,Rosa,Villar,82582
82583,940832106,Coral,Vazquez,82583
82584,965500539,Salome,Garces,82584
82585,309156043,Odalys,Cueto,82585
82586,399835703,Adela,Peiro,82586
82587,863507107,Marianela,Acevedo,82587
82588,201448925,Bautista,Arias,82588
82589,836028993,Griselda,Ochoa,82589
82590,363448946,Blanca,Tirado,82590
82591,546812965,Geronimo,Chamorro,82591
82592,251691438,Jaime,Gomis,82592
82593,480420891,Mariano,Portero,82593
82594,393105563,Jordana,Gabaldon,82594
82595,621401614,Angelina,Cuevas,82595
82596,386853435,Julia,Soler,82596
82597,388675216,Espiridion,Alvarez,82597
82598,826745896,Tecla,Valenciano,82598
82599,562400904,Eliana,Alegria,82599
82600,579071765,Gabino,Campoy,82600
82601,934074130,Coral,Jerez,82601
82602,343920872,Arturo,Giralt,82602
82603,790226899,Adela,Vila,82603
82604,375849100,Rosaura,Lago,82604
82605,211774971,Clemente,Lasa,82605
82606,487127511,Calisto,Espada,82606
82607,693197672,Marcela,Sanmartin,82607
82608,490406718,Heliodoro,Acosta,82608
82609,997054808,Benjamin,Palacio,82609
82610,760616890,Rosaura,Donaire,82610
82611,387841718,Perlita,Andrade,82611
82612,539149624,Sarita,Velazquez,82612
82613,351795240,Isabel,Salmeron,82613
82614,913745745,Veronica,Acosta,82614
82615,370897249,Lisandro,Dalmau,82615
82616,464749955,Eulalia,Pedro,82616
82617,325396017,Yessica,Iglesia,82617
82618,284809070,Lazaro,Ojeda,82618
82619,718154945,Pedro,Cadenas,82619
82620,708183787,Maria,Pena,82620
82621,968713630,Carlito,Ayuso,82621
82622,261295510,Brigida,Company,82622
82623,386065170,Alberto,Duarte,82623
82624,137362012,Jose Luis,Riquelme,82624
82625,594621075,Roque,Espada,82625
82626,771619156,Natividad,Goni,82626
82627,827067374,Belen,Caballero,82627
82628,226830292,Marino,Guerrero,82628
82629,593559164,Clemente,Miro,82629
82630,594320905,Adolfo,Herranz,82630
82631,842192557,Maxi,Hoz,82631
82632,315600039,Esther,Contreras,82632
82633,763817009,Ricardo,Giner,82633
82634,460150573,Jose,Priego,82634
82635,745252878,Leire,Barragan,82635
82636,874445420,Eduardo,Blazquez,82636
82637,129177571,Santiago,Uribe,82637
82638,951538323,Jose,Moraleda,82638
82639,677253816,Tadeo,Estevez,82639
82640,787945887,Marianela,Romeu,82640
82641,617194509,Candida,Fabregas,82641
82642,211646754,Ines,Corominas,82642
82643,793045175,Lisandro,Vigil,82643
82644,752159044,Moreno,Morata,82644
82645,206260033,Carla,Angulo,82645
82646,371748137,Flor,Marco,82646
82647,647913190,Chuy,Ojeda,82647
82648,923963963,Efrain,Canales,82648
82649,639576139,Conrado,Moran,82649
82650,199338521,Coral,Jurado,82650
82651,766484715,Jenaro,Goni,82651
82652,704823133,Dimas,Cozar,82652
82653,964685663,Porfirio,Benavente,82653
82654,273121858,Cristina,Villena,82654
82655,725431192,Candela,Tudela,82655
82656,287107937,Martin,Calderon,82656
82657,147165192,Humberto,Campo,82657
82658,278199392,Paz,Garmendia,82658
82659,479494663,Chus,Vaquero,82659
82660,961406528,Cosme,Sanabria,82660
82661,385916323,Quique,Domenech,82661
82662,282914988,Priscila,Corral,82662
82663,325920405,Aroa,Parra,82663
82664,779652159,Chelo,Toledo,82664
82665,877010731,Elisabet,Milla,82665
82666,732825684,Elvira,Anguita,82666
82667,657982284,Juan Antonio,Guitart,82667
82668,896670144,Teodora,Agustin,82668
82669,733767653,Noemi,Tovar,82669
82670,176817392,Plinio,Bernad,82670
82671,865274667,Monica,Agustin,82671
82672,870702415,Heliodoro,Canellas,82672
82673,419824496,Fidela,Martorell,82673
82674,430528054,Jeronimo,Ferrando,82674
82675,218160981,Custodio,Quintero,82675
82676,511050011,Blanca,Rivas,82676
82677,822436426,Manolo,Vilalta,82677
82678,301061234,Milagros,Ayllon,82678
82679,261687703,Valeria,Roig,82679
82680,342695463,Camila,Granados,82680
82681,954677802,Eloisa,Diez,82681
82682,695975912,Serafina,Ramos,82682
82683,337262715,Luis Angel,Cortes,82683
82684,134776306,Zoraida,Agusti,82684
82685,379907828,Bibiana,Amat,82685
82686,821390257,Cristina,Sedano,82686
82687,304945243,Flor,Cozar,82687
82688,549523211,Luisina,Mas,82688
82689,218353687,Camila,Cadenas,82689
82690,229356920,Baltasar,Calvo,82690
82691,714170285,Candelario,Baena,82691
82692,634465462,Chema,Bello,82692
82693,136211384,Tadeo,Cuenca,82693
82694,641003154,Lisandro,Orozco,82694
82695,315112049,Mayte,Urena,82695
82696,528316481,Hermenegildo,Ariza,82696
82697,761910977,Nazaret,Zorrilla,82697
82698,560788886,Jesus,Borja,82698
82699,549734269,Marcio,Saldana,82699
82700,569740108,Americo,Esparza,82700
82701,462945941,Josefa,Borras,82701
82702,149032768,Chucho,Calderon,82702
82703,601679182,Roldan,Castrillo,82703
82704,808840804,Rosaura,Pazos,82704
82705,963532976,Adriana,Perello,82705
82706,528514635,Martirio,Pera,82706
82707,188046665,Ciro,Mur,82707
82708,883754798,Elodia,Alcazar,82708
82709,480731621,Leopoldo,Camacho,82709
82710,956955385,Victoria,Zabaleta,82710
82711,178306712,Kike,Pol,82711
82712,513892305,Gloria,Saez,82712
82713,976349137,Mar,Anglada,82713
82714,467401246,Santiago,Lasa,82714
82715,147267006,Francisco Jose,Gomis,82715
82716,766212052,Paola,Cabezas,82716
82717,304858768,Maricela,Batlle,82717
82718,141365249,Ramona,Carro,82718
82719,927739512,Herberto,Castells,82719
82720,757690160,Amor,Oliver,82720
82721,783885324,Pili,Quiros,82721
82722,259153518,Che,Carreno,82722
82723,447747290,Salome,Pombo,82723
82724,848337421,Wilfredo,Bolanos,82724
82725,963977749,Flavio,Carrillo,82725
82726,687759421,Ramon,Pacheco,82726
82727,234758229,Raul,Sandoval,82727
82728,443694881,Diana,Carranza,82728
82729,895157655,Agueda,Diaz,82729
82730,721396065,Arturo,Lucena,82730
82731,109059639,Maxima,Fabra,82731
82732,839703128,Juliana,Guzman,82732
82733,631964572,Carmen,Gallo,82733
82734,819250594,Rufino,Escobar,82734
82735,835841862,Belen,Tolosa,82735
82736,885582200,Modesta,Mayo,82736
82737,235957672,Roldan,Arias,82737
82738,490236465,Patricio,Carvajal,82738
82739,828727183,Elba,Garcia,82739
82740,314190260,Nicanor,Casal,82740
82741,342509964,Arcelia,Cabello,82741
82742,287533243,Cristobal,Tomas,82742
82743,319149612,Artemio,Mari,82743
82744,962854317,Erasmo,Miralles,82744
82745,781544816,Bernabe,Aguilar,82745
82746,539229655,Prudencio,Abella,82746
82747,331796302,Trinidad,Bermudez,82747
82748,260466288,Nico,Olive,82748
82749,548814980,Jose Luis,Mora,82749
82750,462915940,Constanza,Donoso,82750
82751,697138730,Coral,Llado,82751
82752,530379720,Ruth,Villalobos,82752
82753,295741780,Nico,Camara,82753
82754,930029821,Benita,Cortes,82754
82755,522190024,Jose Ignacio,Hernandez,82755
82756,411482860,Anastasia,Quintana,82756
82757,277062100,Maura,Machado,82757
82758,617339530,Ileana,Valentin,82758
82759,813371392,Sigfrido,Moreno,82759
82760,945493122,Berto,Bernat,82760
82761,564866929,Augusto,Benitez,82761
82762,320484054,Agustin,Jara,82762
82763,832111009,Isidro,Sierra,82763
82764,745088823,Cristobal,Tapia,82764
82765,807348264,Rafaela,Manzanares,82765
82766,998313465,Encarnacion,Villena,82766
82767,807424687,Florina,Pinto,82767
82768,309644272,Casandra,Velazquez,82768
82769,790634344,Bruno,Caballero,82769
82770,985501751,Heliodoro,Maldonado,82770
82771,567840294,Tadeo,Tormo,82771
82772,491634163,Edgardo,Pareja,82772
82773,660573252,Eusebia,Morales,82773
82774,765217316,Jessica,Villalobos,82774
82775,781789728,Lidia,Melendez,82775
82776,149664877,Eugenio,Nevado,82776
82777,571131495,Francisco Jose,Valero,82777
82778,824856947,Iris,Corbacho,82778
82779,613424542,Felipa,Portillo,82779
82780,839810982,Camilo,Cuenca,82780
82781,621700407,Regina,Bonilla,82781
82782,560239977,Isabel,Tejada,82782
82783,185899224,Sandalio,Falcon,82783
82784,312160670,Maria Dolores,Camacho,82784
82785,794174986,Angelino,Cuenca,82785
82786,180632723,Alex,Aguirre,82786
82787,916936307,Guadalupe,Pintor,82787
82788,675043651,Pilar,Bermudez,82788
82789,724578066,Albino,Marin,82789
82790,542086008,Adriana,Caballero,82790
82791,191945768,Baldomero,Cobos,82791
82792,707432190,Maria Fernanda,Cabanillas,82792
82793,142587408,Mamen,Bayona,82793
82794,727603653,Teodora,Sandoval,82794
82795,119470103,Purificacion,Nebot,82795
82796,278903561,Amando,Ropero,82796
82797,128338084,Osvaldo,Casals,82797
82798,570041543,Amanda,Abril,82798
82799,875808369,Enrique,Gascon,82799
82800,469702573,Delfina,Duran,82800
82801,665652563,Vera,Barroso,82801
82802,857270107,Cloe,Ripoll,82802
82803,585531033,Rosalia,Soria,82803
82804,243569780,Bienvenida,Reina,82804
82805,713834755,Alicia,Uribe,82805
82806,745158854,Emiliana,Hoyos,82806
82807,394873000,Che,Sosa,82807
82808,518870197,Teodora,Mate,82808
82809,560531253,Walter,Lastra,82809
82810,524852218,Custodia,Tejero,82810
82811,609370078,Toribio,Morales,82811
82812,763564786,Ximena,Maestre,82812
82813,392580447,Dafne,Coello,82813
82814,192075273,Armida,Gomila,82814
82815,769004272,Cirino,Gelabert,82815
82816,406303766,Anita,Bellido,82816
82817,947569668,Silvestre,Araujo,82817
82818,976052750,Calisto,Sedano,82818
82819,451535126,Gloria,Abellan,82819
82820,436483215,Albano,Palmer,82820
82821,835280657,Luna,Torrens,82821
82822,322335077,Agueda,Losa,82822
82823,677312073,Rafaela,Gomez,82823
82824,998395570,Emiliana,Villalobos,82824
82825,370640022,Dora,Real,82825
82826,282518428,Baudelio,Roldan,82826
82827,633555020,Rosario,Perez,82827
82828,122216744,Ofelia,Zabaleta,82828
82829,738771534,Faustino,Santos,82829
82830,990414156,Hermenegildo,Espinosa,82830
82831,904018505,Isidoro,Tur,82831
82832,872202334,Alvaro,Murcia,82832
82833,265311027,Paola,Marco,82833
82834,159875263,Ariadna,Gonzalez,82834
82835,678028321,Mariana,Orozco,82835
82836,215682284,Leopoldo,Garzon,82836
82837,142627107,Amanda,Alcazar,82837
82838,517104545,Concha,Canton,82838
82839,820536618,Adriana,Frutos,82839
82840,230104868,Octavio,Alcazar,82840
82841,634713961,Jose,Palma,82841
82842,684761556,Fernanda,Quesada,82842
82843,249707234,Alvaro,Tejera,82843
82844,895965372,Fidel,Herrera,82844
82845,298897123,Olegario,Royo,82845
82846,839761462,Rosalia,Anglada,82846
82847,160285530,Filomena,Roca,82847
82848,256010415,Poncio,Pena,82848
82849,864142164,Odalys,Talavera,82849
82850,664015688,Milagros,Llanos,82850
82851,784181734,Rosaura,Casares,82851
82852,859552889,Feliciana,Mendoza,82852
82853,230217606,Onofre,Salmeron,82853
82854,321788095,Marcia,Tejera,82854
82855,339616426,Leyre,Mata,82855
82856,467037787,Diego,Rosales,82856
82857,665524842,Coral,Pavon,82857
82858,501776778,Carla,Costa,82858
82859,330210023,Wilfredo,Lamas,82859
82860,413976973,Isidora,Bayona,82860
82861,347703631,Atilio,Donoso,82861
82862,365960666,Amalia,Grande,82862
82863,506001171,Agapito,Pedrero,82863
82864,629113014,Ismael,Palomares,82864
82865,286230060,Lourdes,Losa,82865
82866,951222356,David,Alvarez,82866
82867,248991720,Casandra,Montenegro,82867
82868,155855787,Maria Pilar,Querol,82868
82869,908984557,Nuria,Pinedo,82869
82870,320982451,Hilario,Martin,82870
82871,800914020,Feliciano,Revilla,82871
82872,179058867,Pili,Pou,82872
82873,747813372,Jose Carlos,Villegas,82873
82874,916557754,Flavia,Montero,82874
82875,136099609,Valerio,Tejada,82875
82876,248046992,Miguel,Solana,82876
82877,308844819,Barbara,Jove,82877
82878,567052551,Feliciana,Hernando,82878
82879,952454181,Zaira,Sastre,82879
82880,106122550,Luciano,Lobo,82880
82881,751059362,Pablo,Pelayo,82881
82882,473889023,Oriana,Palomares,82882
82883,756291353,Felicia,Rozas,82883
82884,174557617,Sancho,Carpio,82884
82885,564897731,Albano,Pavon,82885
82886,553430388,Fortunato,Requena,82886
82887,733818447,Isaias,Alemany,82887
82888,717534890,Humberto,Huguet,82888
82889,150930160,Dulce,Gabaldon,82889
82890,785306926,Jose Antonio,Carnero,82890
82891,246055760,Carla,Chaves,82891
82892,146535401,Olga,Galvan,82892
82893,285844274,Gala,Fernandez,82893
82894,651656438,Alejandro,Vega,82894
82895,957824577,Isabel,Calvet,82895
82896,854157757,Cosme,Coca,82896
82897,761583504,Candido,Rozas,82897
82898,716714309,Melisa,Melero,82898
82899,182131398,Olegario,Gibert,82899
82900,162805738,Iker,Jauregui,82900
82901,328955242,Lino,Colomer,82901
82902,657041731,Jose Antonio,Silva,82902
82903,195780121,Beatriz,Olivares,82903
82904,117599615,Felix,Campoy,82904
82905,265681719,Amparo,Reyes,82905
82906,299606270,Pancho,Pinedo,82906
82907,490492956,Lisandro,Muniz,82907
82908,949762700,Sabas,Maza,82908
82909,387773292,Leonor,Cuenca,82909
82910,752207856,Anabel,Amador,82910
82911,585560542,Delia,Diego,82911
82912,698737024,Porfirio,Burgos,82912
82913,976176637,Valeria,Castro,82913
82914,188954924,Albina,Santana,82914
82915,470225244,Felipa,Ariza,82915
82916,390072738,Corona,Pont,82916
82917,935256715,Lara,Girona,82917
82918,313549074,Maura,Adan,82918
82919,553029125,Tiburcio,Cabello,82919
82920,150508657,Ani,Leal,82920
82921,623096469,Azeneth,Rueda,82921
82922,626006254,Ester,Prado,82922
82923,993299488,Eligio,Esteban,82923
82924,897823792,Seve,Rio,82924
82925,320975309,Amor,Llopis,82925
82926,908373942,Ruy,Blanes,82926
82927,510983617,Mayte,Macias,82927
82928,646691519,Adelina,Gutierrez,82928
82929,673627958,Abel,Real,82929
82930,364056089,Alejandro,Cantero,82930
82931,395392397,Estrella,Miralles,82931
82932,776984127,Jennifer,Revilla,82932
82933,310235178,Ana,Gutierrez,82933
82934,252919384,Reyes,Rincon,82934
82935,190434022,Esperanza,Sureda,82935
82936,237294007,Curro,Porcel,82936
82937,965181413,Estefania,Portero,82937
82938,518610390,Domingo,Morillo,82938
82939,377071108,Constanza,Peral,82939
82940,834205898,Americo,Sanz,82940
82941,771773835,Leoncio,Galiano,82941
82942,103893684,Rufina,Luis,82942
82943,246783678,Juan,Camacho,82943
82944,957774331,Victoria,Matas,82944
82945,630773008,Mirta,Iriarte,82945
82946,257897421,Agapito,Zurita,82946
82947,850888494,Odalis,Jauregui,82947
82948,868036516,Josefa,Pages,82948
82949,697926976,Maximo,Leal,82949
82950,653446420,Tito,Ballesteros,82950
82951,449512472,Felix,Minguez,82951
82952,477309223,Americo,Carreras,82952
82953,844912750,Agustin,Pineiro,82953
82954,198579874,Santiago,Carbonell,82954
82955,876689261,Luis Angel,Medina,82955
82956,659946658,Elvira,Cerda,82956
82957,688790890,Ester,Luque,82957
82958,360316950,Adoracion,Bosch,82958
82959,246928719,Ascension,Galindo,82959
82960,809538516,Isidoro,Atienza,82960
82961,391130726,Graciana,Dieguez,82961
82962,835718361,Rosalina,Canete,82962
82963,913874492,Bruno,Serrano,82963
82964,792240619,Nacho,Alfonso,82964
82965,851798717,Constanza,Diego,82965
82966,146085802,Esperanza,Soriano,82966
82967,177237952,Graciana,Alcantara,82967
82968,595616036,Ale,Morera,82968
82969,721127203,Pio,Checa,82969
82970,132239893,Modesta,Carreno,82970
82971,262580403,Luna,Robledo,82971
82972,311628358,Jessica,Cardona,82972
82973,184322870,Lola,Gaya,82973
82974,539327362,Godofredo,Aragones,82974
82975,704609876,Chema,Avila,82975
82976,728227622,Hermenegildo,Mas,82976
82977,208662784,Rafael,Zabala,82977
82978,579531608,Cayetano,Talavera,82978
82979,783512239,Baltasar,Bustos,82979
82980,572512701,Marisela,Amador,82980
82981,327786749,Gabriela,Barcelo,82981
82982,259862106,Roberto,Pera,82982
82983,497351039,Mohamed,Bernad,82983
82984,603869213,Dominga,Corominas,82984
82985,712684402,Ariadna,Plaza,82985
82986,945084769,Miguel Angel,Moles,82986
82987,623631043,Dionisia,Alonso,82987
82988,423437841,Pilar,Barbera,82988
82989,277719919,Dan,Villalobos,82989
82990,654535128,Carmelo,Reina,82990
82991,603831994,Desiderio,Valles,82991
82992,187773022,Aureliano,Canizares,82992
82993,447583058,Clotilde,Salcedo,82993
82994,184957759,Zaida,Terron,82994
82995,608813358,Marcia,Priego,82995
82996,133092685,Laura,Vila,82996
82997,196849674,Mamen,Carreno,82997
82998,920813777,Miguel Angel,Arteaga,82998
82999,545154006,Flora,Miralles,82999
83000,512833763,Agustina,Lopez,83000
83001,681348707,Natanael,Alvarez,83001
83002,344662882,Samanta,Giralt,83002
83003,555091808,Gema,Ayllon,83003
83004,602816819,Quirino,Cortes,83004
83005,358531091,Liliana,Ramos,83005
83006,830695855,Vinicio,Bertran,83006
83007,304684254,Morena,Fuster,83007
83008,505015612,Alberto,Solsona,83008
83009,791169832,Leonor,Ortega,83009
83010,823122379,Humberto,Atienza,83010
83011,445287182,Jose Maria,Lamas,83011
83012,889436326,Rosalva,Solsona,83012
83013,516137562,Lucila,Aparicio,83013
83014,320171744,Pilar,Amador,83014
83015,317164563,Casandra,Ortuno,83015
83016,916904751,Joaquin,Gomila,83016
83017,444670787,Amparo,Rovira,83017
83018,123456393,Luis Angel,Ferrera,83018
83019,197422488,Pablo,Bayona,83019
83020,355627758,Custodio,Garrido,83020
83021,737565850,Herminio,Gonzalez,83021
83022,209471954,Luis Miguel,Segura,83022
83023,154789564,Telmo,Egea,83023
83024,581109095,Adolfo,Jove,83024
83025,296097896,Eligia,Portero,83025
83026,304982596,Victoria,Espana,83026
83027,977972464,Inmaculada,Rubio,83027
83028,576028223,Morena,Heras,83028
83029,293162280,Isaias,Cueto,83029
83030,425151522,Natanael,Frutos,83030
83031,509770372,Elodia,Lledo,83031
83032,838983553,Cruz,Cazorla,83032
83033,996901509,Graciano,Ochoa,83033
83034,678190439,Ciriaco,Roman,83034
83035,420269195,Antonia,Prats,83035
83036,646478272,Jessica,Amigo,83036
83037,376771289,Quique,Ordonez,83037
83038,431399833,Teofilo,Morales,83038
83039,570111278,Iban,Coello,83039
83040,408928326,Pepe,Rio,83040
83041,917464541,Armida,Ugarte,83041
83042,776444455,Beatriz,Pelaez,83042
83043,387740338,Valero,Santamaria,83043
83044,627253557,Felix,Escolano,83044
83045,889494032,Anita,Canales,83045
83046,728834910,Plinio,Llopis,83046
83047,437698765,Felipe,Ferreras,83047
83048,448768307,Tania,Caro,83048
83049,129647954,Amancio,Manso,83049
83050,965928309,Josefa,Uriarte,83050
83051,434338346,Ildefonso,Montenegro,83051
83052,237152710,Bernardo,Tolosa,83052
83053,781350589,Asdrubal,Escudero,83053
83054,360602560,Obdulia,Lara,83054
83055,190567921,Jordan,Artigas,83055
83056,744083797,Crescencia,Perello,83056
83057,635548437,Asdrubal,Pera,83057
83058,654664915,Tadeo,Arnaiz,83058
83059,183241054,Macaria,Gomis,83059
83060,570666782,Tiburcio,Martinez,83060
83061,850352696,Eli,Andres,83061
83062,728936563,Obdulia,Feijoo,83062
83063,565711000,Aranzazu,Otero,83063
83064,416680834,Celestino,Mulet,83064
83065,174362931,Concha,Chaparro,83065
83066,761786046,Matilde,Iborra,83066
83067,521217357,Araceli,Tur,83067
83068,531815293,Fabiana,Mendoza,83068
83069,888105030,Jenaro,Fabregat,83069
83070,681305682,Javiera,Simo,83070
83071,432209787,Urbano,Cespedes,83071
83072,393083117,Aura,Montalban,83072
83073,602353980,Jose Francisco,Andres,83073
83074,538521332,Teo,Lobo,83074
83075,964065629,Aurelia,Girona,83075
83076,821934181,Fabricio,Murillo,83076
83077,210231360,Amor,Galan,83077
83078,214522255,Florencia,Bayo,83078
83079,687009935,Delfina,Cantero,83079
83080,566411179,Lucila,Garate,83080
83081,767998878,Gil,Rincon,83081
83082,776973366,Abilio,Tellez,83082
83083,718151497,Sabina,Toledo,83083
83084,746332521,Timoteo,Valdes,83084
83085,285437917,Juana,Carlos,83085
83086,759576151,Vicente,Quesada,83086
83087,196340149,Carlota,Gomez,83087
83088,851619273,Coral,Barbera,83088
83089,720642995,Maria Fernanda,Arcos,83089
83090,851824284,Telmo,Bonilla,83090
83091,441321628,Toribio,Carballo,83091
83092,148910451,Adriana,Hidalgo,83092
83093,529893374,Narcisa,Jordan,83093
83094,454173693,Aureliano,Malo,83094
83095,260186873,Ignacia,Sanmartin,83095
83096,503091129,Pablo,Priego,83096
83097,568752193,Leticia,Gimeno,83097
83098,672323061,Alondra,Domingo,83098
83099,414912386,Azucena,Saez,83099
83100,521705357,Horacio,Dieguez,83100
83101,633949856,Gabriela,Saura,83101
83102,765593059,Sonia,Arnau,83102
83103,522508019,Lorenzo,Castillo,83103
83104,222550762,Margarita,Flores,83104
83105,526270204,Socorro,Arrieta,83105
83106,265380308,Maria Fernanda,Gonzalez,83106
83107,356707437,Leoncio,Moraleda,83107
83108,346701754,Gil,Lobo,83108
83109,530312348,Trinidad,Exposito,83109
83110,956653622,Encarnacion,Arana,83110
83111,539349903,Lupita,Palomares,83111
83112,745373179,Rolando,Toledo,83112
83113,277881363,Jorge,Castellanos,83113
83114,671901860,Renata,Canals,83114
83115,604255086,Lourdes,Quintanilla,83115
83116,888219478,Jonatan,Villa,83116
83117,814599648,Graciana,Rojas,83117
83118,387541451,Edgar,Cerezo,83118
83119,715469071,Wilfredo,Palma,83119
83120,264665262,Andres Felipe,Ramon,83120
83121,408685118,Paulino,Segura,83121
83122,977521626,Cosme,Garmendia,83122
83123,978257615,Rodrigo,Alberdi,83123
83124,187049409,Ani,Madrid,83124
83125,494211196,Selena,Echevarria,83125
83126,946246693,Felipe,Rovira,83126
83127,723157010,Iris,Rodenas,83127
83128,850123635,Gregorio,Real,83128
83129,118114751,Noa,Agustin,83129
83130,173857117,Maricruz,Diez,83130
83131,262570616,Modesta,Garzon,83131
83132,941677360,Rosendo,Puente,83132
83133,489325609,Javier,Montalban,83133
83134,108698643,Encarnita,Gras,83134
83135,597517865,Sol,Valentin,83135
83136,993898372,Pepito,Sanmiguel,83136
83137,827755790,Delfina,Echevarria,83137
83138,256330856,Renata,Pintor,83138
83139,237168217,Eli,Espinosa,83139
83140,535786971,Alondra,Julia,83140
83141,398324270,Renata,Caro,83141
83142,718241009,Vera,Ferreras,83142
83143,505297140,Aurea,Barrios,83143
83144,119294452,Teodora,Alegria,83144
83145,877896382,Leonardo,Diez,83145
83146,318064038,Sergio,Blazquez,83146
83147,364276499,Teofilo,Peiro,83147
83148,619421764,Tecla,Prado,83148
83149,173182133,Susana,Carranza,83149
83150,156945745,Marcia,Rodriguez,83150
83151,838933034,Alba,Cuadrado,83151
83152,587503468,Vera,Serrano,83152
83153,891282423,Rufino,Puerta,83153
83154,941172898,Juan Luis,Vargas,83154
83155,158658697,Octavia,Sotelo,83155
83156,327514895,Iris,Pinilla,83156
83157,350030949,Duilio,Armengol,83157
83158,466206698,Pablo,Otero,83158
83159,596045510,Fidela,Carpio,83159
83160,941258224,Curro,Carrasco,83160
83161,136650967,Hector,Lucas,83161
83162,115623899,Jordana,Costa,83162
83163,489325877,Marc,Roldan,83163
83164,288662212,Alicia,Gonzalo,83164
83165,821460405,Viviana,Benavides,83165
83166,802064726,Loida,Alegre,83166
83167,645584102,Natalio,Plana,83167
83168,585934697,Eligia,Donaire,83168
83169,289609127,Anacleto,Barcelo,83169
83170,761684751,Dora,Penalver,83170
83171,164559685,Julio,Almazan,83171
83172,761080993,Felicidad,Olive,83172
83173,820722183,Crescencia,Torrent,83173
83174,147556220,Lazaro,Rio,83174
83175,948152608,Fidel,Becerra,83175
83176,828046723,Marta,Vilalta,83176
83177,618540043,Alcides,Bauza,83177
83178,279780322,Natalia,Huguet,83178
83179,687517957,Mario,Solana,83179
83180,241774478,Nuria,Bayon,83180
83181,803403541,Saturnina,Ribas,83181
83182,991473005,Maria Pilar,Casanovas,83182
83183,192775562,Cipriano,Garay,83183
83184,499966950,Cirino,Rodriguez,83184
83185,267072290,Aureliano,Pinedo,83185
83186,245206733,Anselmo,Amigo,83186
83187,539989846,Guadalupe,Briones,83187
83188,240819414,Tatiana,Valverde,83188
83189,596299913,Graciela,Marcos,83189
83190,917523877,Adan,Llobet,83190
83191,476178499,Calista,Saura,83191
83192,686956963,Guadalupe,Oliveras,83192
83193,252252140,Paco,Posada,83193
83194,484523391,Leoncio,Barrio,83194
83195,820378451,Adrian,Losada,83195
83196,459084895,Guadalupe,Minguez,83196
83197,117871889,Aristides,Pardo,83197
83198,240412612,Geronimo,Gisbert,83198
83199,762083519,Socorro,Pi,83199
83200,454286255,Salome,Ocana,83200
83201,443602639,Cristian,Olive,83201
83202,398680418,Gertrudis,Oller,83202
83203,926630040,Nicanor,Julian,83203
83204,798733788,Isidora,Munoz,83204
83205,787412960,Nieves,Bautista,83205
83206,318922640,Rufina,Barreda,83206
83207,286856773,Leocadia,Arnau,83207
83208,947089344,Anastasia,Andres,83208
83209,326616898,Guiomar,Llado,83209
83210,203471508,Saturnino,Caballero,83210
83211,558002662,Rosalia,Aguado,83211
83212,603302615,Dani,Dominguez,83212
83213,707406640,Dalila,Roldan,83213
83214,327925823,Felix,Cuellar,83214
83215,225569554,Emiliano,Castaneda,83215
83216,527327086,Maria,Leiva,83216
83217,175633770,Jose Angel,Tovar,83217
83218,672957940,Brigida,Fabregas,83218
83219,470404471,Roberto,Malo,83219
83220,541760579,Estefania,Suarez,83220
83221,969660976,Victoriano,Asenjo,83221
83222,420056223,Lazaro,Cuervo,83222
83223,932343851,Maria Del Carmen,Alegria,83223
83224,181662943,Etelvina,Arrieta,83224
83225,206871892,Chelo,Pedrero,83225
83226,879434040,Victor,Priego,83226
83227,877526386,Nuria,Maldonado,83227
83228,323551616,Omar,Zaragoza,83228
83229,575123376,Diego,Plaza,83229
83230,905242166,Graciano,Andres,83230
83231,803070736,Omar,Nebot,83231
83232,767283786,Rico,Taboada,83232
83233,968475736,Teresita,Maestre,83233
83234,268708955,Josep,Jimenez,83234
83235,545809096,Consuelo,Mayo,83235
83236,488702600,Eli,Arrieta,83236
83237,278464510,Flor,Muniz,83237
83238,173871535,Guadalupe,Barrena,83238
83239,503310193,Epifanio,Terron,83239
83240,292709903,Nacho,Rius,83240
83241,354821436,Veronica,Marin,83241
83242,553143524,Calixto,Frutos,83242
83243,111244732,Clementina,Castro,83243
83244,149122879,Ovidio,Vicens,83244
83245,349089859,Maite,Pinedo,83245
83246,235305130,Lilia,Rico,83246
83247,301066864,Victoria,Pedraza,83247
83248,374946664,Olga,Gual,83248
83249,914267500,Sebastian,Robledo,83249
83250,659279411,Perlita,Maza,83250
83251,908179026,Manuela,Castello,83251
83252,668361819,Teofila,Sancho,83252
83253,249354454,Jacinto,Munoz,83253
83254,239999607,Vilma,Aguila,83254
83255,952935458,Jordana,Carreno,83255
83256,505928528,Augusto,Nicolas,83256
83257,799705926,Julia,Bastida,83257
83258,156125449,Lara,Trillo,83258
83259,250325400,Maribel,Gonzalo,83259
83260,922011315,Raquel,Zurita,83260
83261,467846334,Camilo,Rivero,83261
83262,983882172,Leon,Belda,83262
83263,865848963,Soraya,Arteaga,83263
83264,163265355,Alvaro,Espejo,83264
83265,597866911,Angelita,Cortes,83265
83266,211854217,Daniel,Barba,83266
83267,800679104,Matilde,Hoyos,83267
83268,497855047,Marino,Alcantara,83268
83269,951197814,Rosendo,Perez,83269
83270,835418866,Dalila,Valentin,83270
83271,638552376,Jose,Acevedo,83271
83272,919939547,Ariel,Rodriguez,83272
83273,348417375,Florina,Canovas,83273
83274,721881884,Segismundo,Caceres,83274
83275,826857882,Griselda,Valverde,83275
83276,671234898,Carolina,Lago,83276
83277,856755457,Celia,Canizares,83277
83278,970134964,Edelmiro,Hervia,83278
83279,406465619,Maria Belen,Aguilar,83279
83280,830757347,Che,Sevilla,83280
83281,185887244,Pili,Carrion,83281
83282,320234216,Joan,Dominguez,83282
83283,169419648,Lina,Valbuena,83283
83284,276531886,Carmelita,Anaya,83284
83285,499538458,Gabriela,Rocamora,83285
83286,769449754,Rosalina,Segarra,83286
83287,343548653,Aitor,Tena,83287
83288,605667255,Olegario,Salas,83288
83289,689730827,Evangelina,Tirado,83289
83290,859045179,Marcelo,Miranda,83290
83291,271797239,Lupe,Hidalgo,83291
83292,809223860,Calixto,Arteaga,83292
83293,931066020,Liliana,Llorens,83293
83294,828857950,Roman,Tovar,83294
83295,381836151,Felipe,Carbonell,83295
83296,571491137,Yolanda,Vilanova,83296
83297,247052368,Constanza,Roca,83297
83298,657687426,Jose,Saenz,83298
83299,752191193,Victoria,Barreda,83299
83300,358209885,Isaura,Sobrino,83300
83301,611181044,Dorotea,Cortes,83301
83302,105329271,Evita,Arenas,83302
83303,732454525,Bernarda,Torrijos,83303
83304,682708591,Yolanda,Chamorro,83304
83305,889492488,Yago,Peral,83305
83306,822203300,Leandra,Aranda,83306
83307,406790138,Feliciana,Abril,83307
83308,267160038,Haydee,Donaire,83308
83309,412348549,Apolinar,Torre,83309
83310,477783880,Ovidio,Moran,83310
83311,935990024,Estrella,Vicente,83311
83312,953713545,Estela,Valle,83312
83313,305048578,Adelaida,Alegria,83313
83314,861070703,Alvaro,Jorda,83314
83315,627660081,Anastasio,Conde,83315
83316,875180887,Marcia,Silva,83316
83317,990095720,Chucho,Bastida,83317
83318,861002551,Evangelina,Agustin,83318
83319,467269188,Albert,Orozco,83319
83320,325081071,Ceferino,Paez,83320
83321,454287985,Flavia,Galvan,83321
83322,184277395,Felix,Tamayo,83322
83323,787370409,Etelvina,Prieto,83323
83324,295984571,Armando,Perello,83324
83325,648139609,Salud,Marin,83325
83326,669305742,Flavia,Aramburu,83326
83327,559516738,Pelayo,Maldonado,83327
83328,376428393,Anabel,Marin,83328
83329,370249498,Nerea,Carretero,83329
83330,124614362,Ovidio,Angel,83330
83331,249708048,Quique,Prada,83331
83332,297389077,Carolina,Juarez,83332
83333,398378831,Domitila,Paredes,83333
83334,594402307,Angela,Pinedo,83334
83335,165481229,Agata,Avila,83335
83336,762752867,Sosimo,Gonzalez,83336
83337,221816960,Milagros,Trillo,83337
83338,312448073,Lucho,Lamas,83338
83339,326076374,Nelida,Rossello,83339
83340,371867102,Nicanor,Tenorio,83340
83341,837031953,Abel,Jara,83341
83342,456533487,Cebrian,Bayon,83342
83343,543922764,Borja,Barroso,83343
83344,907729563,Abilio,Morell,83344
83345,260637124,Amor,Gimenez,83345
83346,925276618,Macario,Benitez,83346
83347,662330488,Fito,Becerra,83347
83348,581006555,Serafina,Gonzalez,83348
83349,908890484,Lazaro,Mateo,83349
83350,304479557,Toni,Cadenas,83350
83351,138277611,Adriana,Martin,83351
83352,207662954,Marcia,Tellez,83352
83353,633713420,Jose Ramon,Redondo,83353
83354,347143041,Estela,Luis,83354
83355,305782612,Leire,Teruel,83355
83356,184571489,Anastasio,Solis,83356
83357,996030662,Severiano,Rodenas,83357
83358,443210160,Valentina,Frias,83358
83359,801855790,Omar,Guzman,83359
83360,239043440,Adelia,Exposito,83360
83361,394321255,Amor,Lluch,83361
83362,153015837,Pastora,Arnal,83362
83363,722988102,Isaias,Jara,83363
83364,145479922,Ambrosio,Espanol,83364
83365,590645945,Brigida,Benavent,83365
83366,231769231,Guiomar,Prada,83366
83367,833817663,Sabas,Feliu,83367
83368,617423418,Rita,Flor,83368
83369,639474751,Araceli,Uribe,83369
83370,156569146,Leandro,Noriega,83370
83371,821219382,Loreto,Cerdan,83371
83372,432395666,Plinio,Galan,83372
83373,372144230,Fanny,Quiros,83373
83374,652545751,Soraya,Haro,83374
83375,714342055,Clemente,Almeida,83375
83376,568638247,Carmina,Baena,83376
83377,214933286,Nestor,Mas,83377
83378,219953534,Graciano,Mancebo,83378
83379,341582581,Zoraida,Tamayo,83379
83380,338306449,Eutimio,Gamez,83380
83381,277703976,Ramona,Elorza,83381
83382,808935024,Patricio,Palacios,83382
83383,541240301,Omar,Baeza,83383
83384,166585935,Silvia,Calzada,83384
83385,808924671,Ignacio,Cabanas,83385
83386,469226307,Jordana,Segura,83386
83387,562321506,Guadalupe,Galvan,83387
83388,734783522,Edgardo,Navas,83388
83389,215128717,Sandra,Uribe,83389
83390,209358181,Emilio,Peinado,83390
83391,359280800,Juan Manuel,Infante,83391
83392,238864909,Loida,Asenjo,83392
83393,348548479,Haroldo,Angulo,83393
83394,266401163,Galo,Camara,83394
83395,641116907,Barbara,Pena,83395
83396,172356070,Heliodoro,Lucena,83396
83397,314452277,Flor,Font,83397
83398,527145395,Ursula,Polo,83398
83399,300587511,Ariel,Alberto,83399
83400,519852977,Abril,Casanova,83400
83401,843347732,Azeneth,Perea,83401
83402,800602569,Francisco,Artigas,83402
83403,510923009,Pacifica,Bertran,83403
83404,299652851,Agustina,Cortes,83404
83405,526824220,Jose Mari,Zurita,83405
83406,984516968,Marta,Mayo,83406
83407,859225068,Ana,Pinol,83407
83408,429057719,Sebastian,Merino,83408
83409,457825132,Sonia,Terron,83409
83410,968800174,Abel,Arjona,83410
83411,545009030,Pepe,Saenz,83411
83412,937651471,Yesica,Izaguirre,83412
83413,502890827,Dora,Peralta,83413
83414,982309304,Lourdes,Canas,83414
83415,749023127,Dominga,Navas,83415
83416,212416589,Maria Fernanda,Cordero,83416
83417,211806830,Severino,Roman,83417
83418,995416148,Florentino,Larrea,83418
83419,597860845,Alex,Sancho,83419
83420,611431574,Hector,Matas,83420
83421,180099066,Sergio,Pomares,83421
83422,119339475,Pili,Raya,83422
83423,600387550,Sabina,Moreno,83423
83424,971708706,Manu,Ortiz,83424
83425,843287407,Jose,Barbera,83425
83426,268631567,Maria Jose,Anguita,83426
83427,706007356,Sabas,Otero,83427
83428,750228687,Dominga,Bolanos,83428
83429,531101699,Chelo,Miguel,83429
83430,938791929,Ana,Cordoba,83430
83431,687012752,Ariadna,Flor,83431
83432,928579882,Xavier,Velez,83432
83433,262395229,Duilio,Carbo,83433
83434,947731431,Eli,Pena,83434
83435,988613367,Carolina,Montes,83435
83436,196271059,Rafaela,Aparicio,83436
83437,759782996,Benigna,Cortina,83437
83438,193329760,Nacho,Saura,83438
83439,507508604,Pastor,Neira,83439
83440,168664577,Nacio,Chico,83440
83441,965096723,Edmundo,Valverde,83441
83442,916113548,Arturo,Cazorla,83442
83443,539296249,Lara,Galvez,83443
83444,173292472,Felix,Portero,83444
83445,433564667,Chita,Angel,83445
83446,108800912,Eloisa,Mena,83446
83447,853174498,Isabel,Serra,83447
83448,198801118,Jose Ignacio,Tellez,83448
83449,246920996,Valentin,Parra,83449
83450,993816560,Olalla,Rincon,83450
83451,719364026,Maria Angeles,Bellido,83451
83452,716539592,Soraya,Bayona,83452
83453,263264890,Celestina,Bayo,83453
83454,468550838,Agueda,Larranaga,83454
83455,216260956,Elpidio,Vidal,83455
83456,909480264,Fortunata,Palomino,83456
83457,438283217,Milagros,Agudo,83457
83458,494541515,Ines,Julia,83458
83459,838619524,Victoriano,Barrena,83459
83460,983752037,Custodio,Gascon,83460
83461,426386109,Anacleto,Marti,83461
83462,536226206,Bruno,Puga,83462
83463,450359907,Javier,Villa,83463
83464,934528697,Jose Luis,Vall,83464
83465,277595814,Albina,Paredes,83465
83466,545864253,Josue,Rosell,83466
83467,505676904,Plinio,Barrera,83467
83468,167936445,Antonia,Pineiro,83468
83469,710149740,Ismael,Ramis,83469
83470,919511301,Calixta,Bonilla,83470
83471,384300090,Edgar,Anaya,83471
83472,446404789,Marcial,Menendez,83472
83473,796922223,Che,Alvaro,83473
83474,500132473,Benigno,Blanch,83474
83475,122042708,Eva Maria,Nunez,83475
83476,876491958,Leocadio,Vigil,83476
83477,314984004,Ivan,Tejada,83477
83478,776174288,Ruy,Trujillo,83478
83479,838864545,Ligia,Casado,83479
83480,137528600,Poncio,Boada,83480
83481,927313399,Rufino,Gracia,83481
83482,573237670,Pancho,Cornejo,83482
83483,977232927,Rufino,Paez,83483
83484,441119470,Glauco,Segovia,83484
83485,655580343,Victor,Cortina,83485
83486,107288459,Febe,Terron,83486
83487,724672712,Dorita,Polo,83487
83488,249475498,Mar,Marco,83488
83489,728818922,Elisa,Carreno,83489
83490,557977196,Albino,Uria,83490
83491,959095569,Adan,Guitart,83491
83492,972405518,Edu,Carretero,83492
83493,410994088,Omar,Torre,83493
83494,387672579,Adan,Cuervo,83494
83495,366880841,Charo,Zaragoza,83495
83496,911981173,Fidel,Exposito,83496
83497,820963932,Adrian,Barrio,83497
83498,305504186,Juanita,Luque,83498
83499,366748412,Emma,Montoya,83499
83500,675710290,Jose Miguel,Aller,83500
83501,971905449,Olivia,Vendrell,83501
83502,995403242,Daniel,Dominguez,83502
83503,688514073,Onofre,Mendoza,83503
83504,280632112,Leonel,Saldana,83504
83505,689586695,Candido,Maestre,83505
83506,518619106,Florinda,Vilanova,83506
83507,212658485,Pia,Narvaez,83507
83508,703363568,Rosa Maria,Llabres,83508
83509,780751816,Pascuala,Sosa,83509
83510,473003198,Hipolito,Fabra,83510
83511,447333940,Josep,Granados,83511
83512,732682541,Loreto,Urena,83512
83513,665003219,Cipriano,Vilaplana,83513
83514,342450367,Micaela,Sancho,83514
83515,641986939,Dafne,Nevado,83515
83516,349436743,Ani,Uriarte,83516
83517,128215768,Blanca,Sole,83517
83518,272680029,Marita,Duenas,83518
83519,154960153,Maria Cristina,Rios,83519
83520,206829281,Balduino,Pascual,83520
83521,186872113,Armando,Escribano,83521
83522,487234166,Regina,Cuevas,83522
83523,173030964,Roldan,Saez,83523
83524,749898141,Emperatriz,Gilabert,83524
83525,247578654,Maria Jose,Piquer,83525
83526,677996869,Amalia,Pineda,83526
83527,274755324,Nilda,Uribe,83527
83528,431064199,Felipa,Abascal,83528
83529,234917301,Artemio,Llamas,83529
83530,217429569,Josue,Tudela,83530
83531,878589907,Nico,Pera,83531
83532,418909517,Marcela,Hierro,83532
83533,332198683,Baltasar,Pavon,83533
83534,713907662,Amada,Villa,83534
83535,182254587,Narciso,Alegre,83535
83536,171662123,Jose,Sastre,83536
83537,731590732,Patricio,Gras,83537
83538,961078311,Lorenzo,Cozar,83538
83539,680495262,Leandra,Colomer,83539
83540,560954978,Ariadna,Munoz,83540
83541,813735354,Camila,Aznar,83541
83542,868182101,Salvador,Palomino,83542
83543,772249260,Imelda,Osorio,83543
83544,546915663,Maria Dolores,Salcedo,83544
83545,344229434,Anita,Salva,83545
83546,286485984,Fabricio,Ribas,83546
83547,896801533,Lucila,Borrell,83547
83548,502551860,Eli,Bayo,83548
83549,144485538,Conrado,Asensio,83549
83550,379527234,Primitiva,Salmeron,83550
83551,666848370,Gloria,Gomis,83551
83552,251714576,Diana,Guzman,83552
83553,410075816,Rene,Esparza,83553
83554,652878845,Maximino,Vizcaino,83554
83555,754201483,Delia,Menendez,83555
83556,128703934,Agustina,Buendia,83556
83557,942988712,Augusto,Gonzalez,83557
83558,893979909,Nacio,Iborra,83558
83559,722336742,Ruy,Cobo,83559
83560,188803080,Juan Manuel,Fabregat,83560
83561,967072475,Rosendo,Garmendia,83561
83562,133028129,Claudio,Sanmiguel,83562
83563,202007692,Osvaldo,Alsina,83563
83564,748984399,Yago,Vazquez,83564
83565,980600689,Clemente,Hernandez,83565
83566,206214817,Cesar,Godoy,83566
83567,755875863,Glauco,Padilla,83567
83568,383848685,Inocencio,Hernandez,83568
83569,970605594,Chuy,Cuervo,83569
83570,669109474,Miguel,Benitez,83570
83571,839584482,Camilo,Escriva,83571
83572,303373153,Alicia,Rodriguez,83572
83573,113479297,Xiomara,Torrents,83573
83574,350462469,Sosimo,Pedro,83574
83575,874075493,Hipolito,Barros,83575
83576,630260635,Pastor,Noriega,83576
83577,585983570,Dorotea,Ramos,83577
83578,733917956,Valeria,Lucena,83578
83579,128008102,Melisa,Almagro,83579
83580,890290648,Francisco Jose,Landa,83580
83581,768616363,Pio,Olivera,83581
83582,667374523,Manuel,Badia,83582
83583,270928938,Ana Belen,Haro,83583
83584,154662617,Isaac,Torrens,83584
83585,940934772,Guadalupe,Jimenez,83585
83586,250494366,Cecilio,Valls,83586
83587,387722696,Encarnacion,Nogues,83587
83588,511499088,Evita,Salcedo,83588
83589,831352934,Maximino,Acuna,83589
83590,615302020,Victor Manuel,Aramburu,83590
83591,269196476,Walter,Girona,83591
83592,701302382,Ainoa,Arrieta,83592
83593,154203412,Simon,Conde,83593
83594,972149127,Ovidio,Garces,83594
83595,461218103,Leopoldo,Barroso,83595
83596,559056290,Eugenio,Anton,83596
83597,666326476,Daniela,Rico,83597
83598,209830892,Alvaro,Mulet,83598
83599,964193225,Roberto,Calvo,83599
83600,398827120,Tomas,Rubio,83600
83601,238219951,Eufemia,Serna,83601
83602,790200073,Paula,Alcaraz,83602
83603,689290585,Fito,Sanmartin,83603
83604,921637490,Estrella,Tolosa,83604
83605,914243684,Maria Jose,Amaya,83605
83606,829859726,Aroa,Lopez,83606
83607,817621241,Hector,Sanchez,83607
83608,925788683,Esperanza,Salazar,83608
83609,510543693,Regina,Laguna,83609
83610,775454593,Armando,Murillo,83610
83611,808178622,Chus,Abril,83611
83612,730506779,Amado,Iniguez,83612
83613,613359876,Victoria,Bastida,83613
83614,682828644,Emperatriz,Gil,83614
83615,877968877,Francisco Javier,Jimenez,83615
83616,124527368,Ruben,Gimenez,83616
83617,811818219,Benita,Berrocal,83617
83618,424359660,Marcela,Torre,83618
83619,921159222,Consuela,Borja,83619
83620,325542747,Ana,Peralta,83620
83621,861242228,Marcos,Arregui,83621
83622,489519488,Fulgencio,Giron,83622
83623,987229738,Placido,Mata,83623
83624,565375318,Ezequiel,Almeida,83624
83625,739088026,Samu,Castillo,83625
83626,198150870,Natalia,Anaya,83626
83627,219363648,Jose Francisco,Pozuelo,83627
83628,907976478,Trinidad,Segarra,83628
83629,931231507,Lino,Asensio,83629
83630,500678200,Eutimio,Cid,83630
83631,720274918,Felix,Sanmartin,83631
83632,650375688,Chuy,Sedano,83632
83633,134872249,Rufino,Araujo,83633
83634,417478833,Blas,Estevez,83634
83635,493473058,Olalla,Cabello,83635
83636,190915052,Maricela,Olivera,83636
83637,843188764,Maura,Estevez,83637
83638,989081198,Lorenzo,Marin,83638
83639,639606194,Fidel,Prieto,83639
83640,790972289,Anibal,Agudo,83640
83641,914341372,Juan Bautista,Paniagua,83641
83642,595326594,Visitacion,Duran,83642
83643,734188862,Juan Francisco,Zabaleta,83643
83644,137976560,Seve,Acero,83644
83645,246849511,Asuncion,Zorrilla,83645
83646,231906228,Hernando,Gomez,83646
83647,429383820,Andres,Azorin,83647
83648,867994592,Primitivo,Valero,83648
83649,592976534,Custodia,Valenciano,83649
83650,275241971,Luisina,Perea,83650
83651,242177633,Sosimo,Nunez,83651
83652,956877786,Adelaida,Tome,83652
83653,620609516,Bibiana,Paz,83653
83654,671404582,Maximiliano,Varela,83654
83655,392319074,Juan Pablo,Guitart,83655
83656,705427677,Valentina,Llano,83656
83657,671634029,Florencia,Clavero,83657
83658,339059337,Eli,Anton,83658
83659,883248648,Nicodemo,Lozano,83659
83660,465478717,Rene,Vargas,83660
83661,948894462,Agueda,Gutierrez,83661
83662,567034351,Josefa,Aliaga,83662
83663,551349049,Manolo,Gomez,83663
83664,463798081,Cruz,Bertran,83664
83665,794221579,Dan,Peinado,83665
83666,283123554,Herminia,Prada,83666
83667,814017526,Gaston,Canellas,83667
83668,514948232,Nuria,Terron,83668
83669,850557505,Juana,Sandoval,83669
83670,558992535,Abril,Duque,83670
83671,994918985,Candido,Caparros,83671
83672,556401868,David,Acevedo,83672
83673,712091484,Joaquin,Vega,83673
83674,348974050,Abigail,Larranaga,83674
83675,135729911,Yago,Garcia,83675
83676,797761920,Isidora,Chacon,83676
83677,821112922,Caridad,Minguez,83677
83678,125794404,Tono,Madrigal,83678
83679,323853082,Glauco,Abril,83679
83680,779912364,Hipolito,Vazquez,83680
83681,416250384,Juana,Llado,83681
83682,230101976,Amando,Valcarcel,83682
83683,718293275,Marciano,Jerez,83683
83684,516620064,Heriberto,Ferrer,83684
83685,168587849,Jenaro,Castrillo,83685
83686,818457197,Nereida,Caceres,83686
83687,901731670,Cleto,Samper,83687
83688,897662512,Gilberto,Villalobos,83688
83689,720118860,Jose Mari,Lumbreras,83689
83690,446055698,Pascual,Azorin,83690
83691,228416155,Lisandro,Mate,83691
83692,724238799,Luciana,Casares,83692
83693,758617931,Charo,Leal,83693
83694,228784347,Marita,Sureda,83694
83695,193211426,Ricardo,Torrecilla,83695
83696,566512532,Marcia,Varela,83696
83697,152883544,Julio Cesar,Benitez,83697
83698,375591748,Eleuterio,Lobo,83698
83699,952113272,Cesar,Clavero,83699
83700,118223632,Virginia,Arevalo,83700
83701,992885612,Samanta,Pacheco,83701
83702,430890798,Adan,Marcos,83702
83703,771851853,Donato,Frutos,83703
83704,856059398,Ani,Juarez,83704
83705,254069252,Isaac,Pera,83705
83706,787185127,Marisol,Gibert,83706
83707,707286045,Ale,Bejarano,83707
83708,343304926,Maite,Vila,83708
83709,938021402,Alonso,Olmedo,83709
83710,424720922,Ruth,Carreras,83710
83711,809024126,Alfonso,Morell,83711
83712,858541339,Melchor,Belda,83712
83713,918768843,Maximiliano,Contreras,83713
83714,130882344,Ramona,Aguilar,83714
83715,408182801,Azahara,Cantero,83715
83716,535207980,Heraclio,Linares,83716
83717,556952347,Severo,Campos,83717
83718,166610539,Adelardo,Egea,83718
83719,834018141,Celso,Narvaez,83719
83720,841800698,Feliciana,Romero,83720
83721,192792298,Fatima,Hidalgo,83721
83722,908583917,Fidel,Verdugo,83722
83723,129714439,Delia,Rodenas,83723
83724,622036133,Sabina,Antunez,83724
83725,179865169,Selena,Moya,83725
83726,632584771,Renato,Mascaro,83726
83727,783790209,Lupe,Ropero,83727
83728,844542075,Angelita,Arino,83728
83729,680352020,Piedad,Gaya,83729
83730,759271689,Aurelio,Agusti,83730
83731,556909286,Adelardo,Canas,83731
83732,750915937,Valentin,Bayon,83732
83733,485090078,Severo,Cruz,83733
83734,660903534,Viviana,Perez,83734
83735,159357309,Sigfrido,Martinez,83735
83736,936413926,Bonifacio,Jodar,83736
83737,679988480,Jose Ramon,Jordan,83737
83738,669619661,Jose Maria,Guzman,83738
83739,321499586,Cristian,Pina,83739
83740,674279626,Dominga,Quevedo,83740
83741,156937312,Yesica,Torrijos,83741
83742,955133045,Cristina,Gonzalez,83742
83743,859902388,Calista,Rivero,83743
83744,569596527,Africa,Galiano,83744
83745,264479491,Candelario,Vicens,83745
83746,491185140,Valeria,Moll,83746
83747,930579909,Paloma,Montserrat,83747
83748,187080063,Luis,Caparros,83748
83749,580907328,Bernardo,Mata,83749
83750,467316877,Serafina,Torres,83750
83751,321663283,Amparo,Baro,83751
83752,553376768,Venceslas,Garcia,83752
83753,302554391,Paula,Rosales,83753
83754,822713121,Lourdes,Matas,83754
83755,524841849,Estefania,Paredes,83755
83756,797055612,Dario,Milla,83756
83757,610545125,Nazaret,Paniagua,83757
83758,898674190,Africa,Molina,83758
83759,104691230,Mariana,Pinedo,83759
83760,953836127,Judith,Vizcaino,83760
83761,117932826,Gloria,Barriga,83761
83762,604300357,Elpidio,Chaves,83762
83763,123184160,Jose Miguel,Trujillo,83763
83764,163249993,Angelica,Azcona,83764
83765,744824497,Clara,Bayona,83765
83766,872693948,Valeria,Marin,83766
83767,864338008,Teofila,Parejo,83767
83768,812725436,Juanito,Simo,83768
83769,174422947,Sigfrido,Camara,83769
83770,185478187,Ruth,Garmendia,83770
83771,502165459,Aura,Romeu,83771
83772,252046385,Raul,Rojas,83772
83773,797451680,Nicanor,Lobo,83773
83774,722410969,Dionisia,Pedrero,83774
83775,753616446,Edelmiro,Gargallo,83775
83776,249388540,Genoveva,Aragon,83776
83777,252841686,Salud,Casado,83777
83778,867372463,Alfredo,Arregui,83778
83779,236963083,Javiera,Espada,83779
83780,399138748,Zaida,Vigil,83780
83781,563437775,Alejo,Borras,83781
83782,326699792,Cloe,Daza,83782
83783,460540177,Juliana,Julia,83783
83784,656355352,Charo,Simo,83784
83785,732435997,Maria Pilar,Contreras,83785
83786,225081930,Angelina,Arteaga,83786
83787,278056169,Nacio,Cabanillas,83787
83788,702461246,Gerardo,Giralt,83788
83789,483250632,Tomas,Asenjo,83789
83790,649594087,Jose Antonio,Juarez,83790
83791,565155525,Juana,Gallo,83791
83792,752347825,Manolo,Arteaga,83792
83793,983525582,Aurora,Gracia,83793
83794,477610762,Reynaldo,Collado,83794
83795,514474072,Febe,Lumbreras,83795
83796,774601203,Juan Manuel,Solera,83796
83797,996225715,Juliana,Puga,83797
83798,390154814,Azahar,Cornejo,83798
83799,446983211,Caridad,Bastida,83799
83800,810946117,Ester,Guitart,83800
83801,849732948,Ramiro,Sotelo,83801
83802,128912501,Reyes,Ferrera,83802
83803,339768643,Nazaret,Jerez,83803
83804,404171361,Donato,Llado,83804
83805,985512957,Felix,Parejo,83805
83806,274292893,Fernanda,Nebot,83806
83807,770704192,Etelvina,Mendizabal,83807
83808,306635781,Marco,Ballester,83808
83809,567822472,Pedro,Larrea,83809
83810,981613111,Nacho,Valls,83810
83811,921676146,Dani,Benitez,83811
83812,674194957,Yolanda,Oliveras,83812
83813,647955597,Ciriaco,Sevilla,83813
83814,541992813,Lupe,Canton,83814
83815,332382491,Bienvenida,Figueroa,83815
83816,801411361,Luz,Quintanilla,83816
83817,599710939,Nicolas,Olmo,83817
83818,941315277,Cosme,Marcos,83818
83819,195977958,Felicidad,Ferrera,83819
83820,829184347,Flor,Pintor,83820
83821,299348538,Reina,Melendez,83821
83822,424683019,Florina,Segura,83822
83823,709222901,Alfonso,Rivero,83823
83824,635003549,Amaro,Castells,83824
83825,499861543,Raquel,Aguilo,83825
83826,865393169,Emilia,Minguez,83826
83827,602109938,Juan Jose,Jerez,83827
83828,350562231,Angelita,Mate,83828
83829,894255352,Estefania,Aznar,83829
83830,941517614,Susanita,Taboada,83830
83831,387150297,Rosario,Lucena,83831
83832,461687420,Oriana,Jaume,83832
83833,972921964,Julio Cesar,Paniagua,83833
83834,341995685,Ciriaco,Menendez,83834
83835,547288367,Iban,Marquez,83835
83836,839763080,Artemio,Arcos,83836
83837,931810358,Martina,Abascal,83837
83838,444726937,Remedios,Marmol,83838
83839,404847531,Graciano,Anaya,83839
83840,827588229,Primitiva,Avila,83840
83841,616368555,Luis,Romero,83841
83842,508667754,Rosaura,Sandoval,83842
83843,398707601,Manu,Dominguez,83843
83844,487586909,Jesus,Blanes,83844
83845,861303931,Chus,Casanovas,83845
83846,892174940,Arturo,Pelayo,83846
83847,317463780,Chema,Patino,83847
83848,289884215,Ismael,Aparicio,83848
83849,305251389,Matias,Noriega,83849
83850,939607081,Josep,Hervas,83850
83851,942270310,Dalila,Corominas,83851
83852,954114891,Ezequiel,Pazos,83852
83853,950619412,Nuria,Medina,83853
83854,339317336,Manu,Cardona,83854
83855,115856529,Walter,Pineiro,83855
83856,406785211,Sancho,Saavedra,83856
83857,174440674,Iker,Sevillano,83857
83858,591486859,Angelino,Cal,83858
83859,446885566,Loreto,Tejada,83859
83860,668476486,Maximiliano,Millan,83860
83861,264714413,Goyo,Cobo,83861
83862,476468942,Olalla,Hernando,83862
83863,364108964,Porfirio,Villalba,83863
83864,552100752,Pablo,Gomis,83864
83865,114297379,Teo,Fonseca,83865
83866,495345823,Luisa,Angel,83866
83867,455589012,Modesta,Sarmiento,83867
83868,767895288,Felipe,Almeida,83868
83869,922082940,Armando,Julia,83869
83870,322684464,Aranzazu,Costa,83870
83871,512634368,Arcelia,Alcazar,83871
83872,262177096,Azahar,Estevez,83872
83873,781614698,Ariel,Mora,83873
83874,358107314,Reyna,Carreno,83874
83875,388931388,Gabriel,Carvajal,83875
83876,613341748,Albina,Cano,83876
83877,160349967,Alvaro,Sanjuan,83877
83878,904473888,Salvador,Diaz,83878
83879,583708968,Juan Carlos,Garcia,83879
83880,987781144,Leocadio,Salinas,83880
83881,272273471,Renato,Criado,83881
83882,341365967,Mohamed,Cueto,83882
83883,806200172,Mamen,Cobo,83883
83884,350546798,Palmira,Saura,83884
83885,158648594,Federico,Manso,83885
83886,945566036,Heliodoro,Fuente,83886
83887,548865733,Arturo,Mateu,83887
83888,567739371,Gracia,Teruel,83888
83889,438535571,Juan Luis,Lillo,83889
83890,600936221,Rafaela,Otero,83890
83891,463014861,Teo,Portillo,83891
83892,113253015,Gilberto,Abril,83892
83893,955297039,Patricia,Casal,83893
83894,335277795,Nazaret,Espinosa,83894
83895,830194440,Leoncio,Haro,83895
83896,478938103,Pastora,Barragan,83896
83897,313628935,Salud,Manzano,83897
83898,684661240,Nico,Perez,83898
83899,665617754,Ildefonso,Mena,83899
83900,402438215,Teodosio,Barreda,83900
83901,503598388,Melchor,Diez,83901
83902,817094840,Pia,Otero,83902
83903,968983393,Gema,Anaya,83903
83904,460664738,Albina,Egea,83904
83905,285613706,Claudia,Conde,83905
83906,709768157,Ester,Linares,83906
83907,111327976,Alejo,Esteve,83907
83908,805158355,Chelo,Arranz,83908
83909,488771222,Paula,Fortuny,83909
83910,189761007,Jose,Hernandez,83910
83911,221774784,Jacinto,Ramos,83911
83912,655737107,Roxana,Almazan,83912
83913,135727435,Chelo,Amoros,83913
83914,701682963,Emiliana,Moran,83914
83915,744047271,Nazario,Diez,83915
83916,155003099,Nydia,Garcia,83916
83917,545929218,Santiago,Galan,83917
83918,189140524,Leonor,Llano,83918
83919,442895553,Santiago,Cerezo,83919
83920,526375498,Ruben,Palomares,83920
83921,995171306,Maria Pilar,Pages,83921
83922,355254388,Eleuterio,Banos,83922
83923,850729188,Debora,Carpio,83923
83924,833796649,Ana Belen,Cal,83924
83925,958195911,Ana Sofia,Penas,83925
83926,447430765,Claudio,Alberto,83926
83927,758383724,Gilberto,Acero,83927
83928,341855114,Julian,Quintanilla,83928
83929,889889497,Pancho,Jover,83929
83930,888287330,Bernardo,Mugica,83930
83931,209383242,Eugenio,Torrents,83931
83932,191461004,Paloma,Arnal,83932
83933,294371829,Maximino,Martinez,83933
83934,684321918,Jose Manuel,Saldana,83934
83935,811821173,Ana,Diego,83935
83936,382710680,Valeria,Caceres,83936
83937,983954524,Morena,Sanabria,83937
83938,951455896,Noemi,Priego,83938
83939,485623439,Sol,Prieto,83939
83940,133418691,Felicia,Coca,83940
83941,984671671,Pepito,Pla,83941
83942,574004245,Asuncion,Vidal,83942
83943,508917140,Artemio,Batalla,83943
83944,666318118,Ramona,Benavides,83944
83945,519203871,Concha,Luque,83945
83946,465745658,Modesta,Manzano,83946
83947,659591194,Patricia,Escolano,83947
83948,325604843,Mirta,Sanjuan,83948
83949,436418638,Florencio,Lloret,83949
83950,472047892,Renata,Palomo,83950
83951,237981804,Walter,Alemany,83951
83952,600154144,Mariana,Cervantes,83952
83953,640512566,Patricio,Jara,83953
83954,328103821,Ignacia,Adan,83954
83955,862741557,Sabina,Velasco,83955
83956,114174621,Carmela,Manjon,83956
83957,377325684,Luis,Serra,83957
83958,786330170,Vicenta,Manzanares,83958
83959,720574315,Ramona,Canals,83959
83960,438057637,Bernardo,Sanchez,83960
83961,720185712,Humberto,Perello,83961
83962,877734567,Malena,Ferrandez,83962
83963,632548443,Africa,Monreal,83963
83964,331617640,Bernardino,Chaparro,83964
83965,279184718,Augusto,Chacon,83965
83966,389175778,Iris,Cortina,83966
83967,545474801,Reynaldo,Pereira,83967
83968,301702711,Adrian,Fernandez,83968
83969,956385999,Maria Angeles,Mendoza,83969
83970,677382458,Maria Fernanda,Tejero,83970
83971,691662648,Imelda,Lloret,83971
83972,930255883,Elpidio,Mate,83972
83973,775927666,Hilda,Alvarado,83973
83974,345669623,Irma,Cadenas,83974
83975,257297054,Pili,Catalan,83975
83976,499814307,Valentina,Buendia,83976
83977,534273240,Rosaura,Flores,83977
83978,834251797,Aureliano,Fiol,83978
83979,374084807,Lino,Casanovas,83979
83980,782843657,Adriana,Poza,83980
83981,932212730,Eutimio,Montes,83981
83982,789818398,Alicia,Alcaraz,83982
83983,447210339,Patricia,Cabello,83983
83984,171025300,Merche,Figueras,83984
83985,302209108,Vidal,Aramburu,83985
83986,194319793,Sonia,Sales,83986
83987,786008116,Patricia,Puig,83987
83988,789796794,Fabio,Pelayo,83988
83989,749026746,Alexandra,Burgos,83989
83990,222591330,Gerardo,Mora,83990
83991,458672505,Vidal,Puig,83991
83992,117846349,Nidia,Almazan,83992
83993,414979210,Evelia,Manjon,83993
83994,610612110,Emiliano,Manzano,83994
83995,291152866,Bernardino,Neira,83995
83996,234559140,Seve,Solis,83996
83997,262555610,Mayte,Solana,83997
83998,702918910,Reinaldo,Fuente,83998
83999,672132935,Desiderio,Ugarte,83999
84000,510124362,Gil,Gomez,84000
84001,561115830,Vidal,Espana,84001
84002,220702909,Noemi,Nunez,84002
84003,256621219,Yago,Pavon,84003
84004,776861125,Jose Ignacio,Juan,84004
84005,222846233,Dafne,Pinilla,84005
84006,785499387,Modesto,Zabaleta,84006
84007,722155821,Fidela,Hurtado,84007
84008,341707958,Urbano,Palomares,84008
84009,329304133,Bienvenida,Rubio,84009
84010,835481529,Adolfo,Alberdi,84010
84011,977034230,Fidel,Arenas,84011
84012,851427164,Juan,Espinosa,84012
84013,498375157,Aureliano,Solera,84013
84014,329300034,Elisa,Quintanilla,84014
84015,537600279,Leocadio,Marcos,84015
84016,685446597,Florencia,Grau,84016
84017,864538069,Soledad,Escamilla,84017
84018,816958378,Eloisa,Falco,84018
84019,805349938,Obdulia,Gargallo,84019
84020,127959818,Cruz,Sanabria,84020
84021,740073671,Erasmo,Carbonell,84021
84022,555446682,Felipa,Hurtado,84022
84023,562747615,Marc,Macias,84023
84024,642482429,Pilar,Ugarte,84024
84025,262122160,Ariadna,Mosquera,84025
84026,163353086,Evaristo,Zapata,84026
84027,138498960,Berta,Puga,84027
84028,614328829,Roman,Valbuena,84028
84029,791985963,Adelardo,Bosch,84029
84030,376998498,Leocadio,Artigas,84030
84031,624051252,Calixta,Gisbert,84031
84032,681653778,Jaime,Bayona,84032
84033,197553309,Josefa,Busquets,84033
84034,871944145,Asdrubal,Aviles,84034
84035,121381269,Evelia,Lara,84035
84036,844792909,Guiomar,Catala,84036
84037,153557453,Yago,Pedrero,84037
84038,922349304,Patricia,Fajardo,84038
84039,382737483,Telmo,Bermudez,84039
84040,497690557,Lorena,Mateo,84040
84041,934406149,Zoraida,Aragon,84041
84042,516081154,Bernardo,Marino,84042
84043,780103796,Pepita,Salva,84043
84044,228008040,Azahar,Mata,84044
84045,944695481,Fidela,Chacon,84045
84046,961427740,Azahar,Blanca,84046
84047,800463422,Felicidad,Acedo,84047
84048,457194907,Marcelino,Rocha,84048
84049,505387924,Hernan,Acedo,84049
84050,452831055,Samu,Castillo,84050
84051,401623382,Adalberto,Arnal,84051
84052,519217493,Moreno,Ferrer,84052
84053,879450968,Alberto,Fuente,84053
84054,346605401,Segismundo,Rojas,84054
84055,470080948,Santiago,Cases,84055
84056,244152623,Belen,Losada,84056
84057,488937550,Jose Mari,Pareja,84057
84058,630863325,Custodio,Valenciano,84058
84059,806596986,Salud,Barcena,84059
84060,439063750,Miguel Angel,Conde,84060
84061,852166720,Cintia,Martinez,84061
84062,530509064,Graciano,Valdes,84062
84063,786125228,Clemente,Flor,84063
84064,564770283,Alejandro,Cuenca,84064
84065,911079313,Gabriel,Vaquero,84065
84066,806467864,Tatiana,Chacon,84066
84067,718615267,Nazaret,Vila,84067
84068,201387585,Ema,Manzano,84068
84069,455597767,Encarnacion,Toro,84069
84070,647374042,Liliana,Giner,84070
84071,954946957,Alba,Osorio,84071
84072,783926886,Dan,Tormo,84072
84073,472618174,Isabela,Nevado,84073
84074,165399551,Asdrubal,Vega,84074
84075,691488323,Iker,Lobato,84075
84076,837965092,Baudelio,Rosado,84076
84077,486132138,Elena,Calzada,84077
84078,649912144,Martin,Ugarte,84078
84079,630675139,Ariel,Villalonga,84079
84080,718528678,Wilfredo,Collado,84080
84081,526691263,Hugo,Exposito,84081
84082,730118122,Clara,Miranda,84082
84083,869004336,Anna,Tome,84083
84084,710219745,Angelica,Arjona,84084
84085,625333144,Ruperta,Bernal,84085
84086,408487979,Mario,Mari,84086
84087,324804399,Tito,Campo,84087
84088,688467901,Evangelina,Tomas,84088
84089,303523002,Lucas,Palmer,84089
84090,192535666,Carmela,Pallares,84090
84091,601419905,Alma,Clavero,84091
84092,668909222,Tadeo,Morales,84092
84093,325681455,Azahar,Vizcaino,84093
84094,133895746,Lucila,Torrijos,84094
84095,384018122,Severiano,Borrell,84095
84096,590725407,Juan Luis,Ocana,84096
84097,354079388,Cristobal,Revilla,84097
84098,292410759,Sandalio,Ocana,84098
84099,799002414,Paca,Pavon,84099
84100,978009202,Lucio,Aguado,84100
84101,554428526,Dulce,Angulo,84101
84102,247995494,Felix,Borras,84102
84103,506500829,Fabricio,Alvarez,84103
84104,714239802,Lupita,Jerez,84104
84105,475376872,Abril,Alberola,84105
84106,657615006,Custodio,Bayona,84106
84107,498437454,Sebastian,Almagro,84107
84108,749851181,Nico,Chaparro,84108
84109,893021499,Marisela,Cabrero,84109
84110,448639308,Ursula,Pintor,84110
84111,149381747,Plinio,Merino,84111
84112,119533011,Eladio,Acosta,84112
84113,561447249,Jenny,Beltran,84113
84114,864173494,Roque,Chamorro,84114
84115,910724445,Luis Angel,Gil,84115
84116,598642881,Maria,Caro,84116
84117,953978259,Aureliano,Catala,84117
84118,704974663,Azahar,Arnau,84118
84119,442059284,Anita,Valera,84119
84120,245244247,Benjamin,Casado,84120
84121,555627933,Cesar,Sanjuan,84121
84122,859782613,Silvia,Pedraza,84122
84123,456718951,Maria Del Carmen,Ros,84123
84124,920499105,Federico,Pomares,84124
84125,289226494,Anunciacion,Bas,84125
84126,743839052,Cristian,Morales,84126
84127,261482627,Timoteo,Gonzalez,84127
84128,528927612,Dario,Cueto,84128
84129,591735427,Africa,Tur,84129
84130,368110413,Alicia,Ruiz,84130
84131,608555996,Nieves,Hierro,84131
84132,462647888,Teresita,Ribas,84132
84133,122840472,Ofelia,Canellas,84133
84134,908385033,Luisina,Gras,84134
84135,544592563,Evangelina,Bonilla,84135
84136,418109613,Virgilio,Bellido,84136
84137,911435294,Ani,Nevado,84137
84138,649415144,Francisco Jose,Querol,84138
84139,599764227,Abilio,Torrent,84139
84140,318893108,Socorro,Barroso,84140
84141,803971532,Carmela,Soto,84141
84142,761720433,Antonio,Pont,84142
84143,514431006,Olga,Castaneda,84143
84144,722634193,Ale,Pina,84144
84145,907956610,Rosario,Huguet,84145
84146,945630824,Tito,Mosquera,84146
84147,752653464,Cruz,Villalobos,84147
84148,803757908,Alex,Cardona,84148
84149,372365627,Jacinta,Villanueva,84149
84150,916637363,Juan Jose,Rosello,84150
84151,473966736,Jose,Pinilla,84151
84152,249291935,Lourdes,Benito,84152
84153,243265742,Maria Teresa,Canton,84153
84154,318898341,Cesar,Linares,84154
84155,328647971,Sosimo,Mate,84155
84156,230117186,Sonia,Vargas,84156
84157,136962653,Marisa,Bolanos,84157
84158,828037198,Sergio,Bou,84158
84159,254569708,Fabricio,Velez,84159
84160,398228585,Eleuterio,Ramirez,84160
84161,161291747,Eduardo,Castillo,84161
84162,352726377,Angelina,Carlos,84162
84163,544990053,Mohamed,Cepeda,84163
84164,222072354,Jose Luis,Velasco,84164
84165,858618623,Julie,Pulido,84165
84166,366133112,Emperatriz,Artigas,84166
84167,993988721,Ovidio,Sales,84167
84168,177721179,Maricela,Vilaplana,84168
84169,129805397,Agustina,Ribas,84169
84170,876801657,Florencio,Olivares,84170
84171,942489805,Angelica,Amo,84171
84172,408001145,Heraclio,Soler,84172
84173,613014829,Fausto,Pinilla,84173
84174,896298724,Ramiro,Franch,84174
84175,545336887,Julio Cesar,Nino,84175
84176,413043771,Rosalina,Lluch,84176
84177,806922053,Margarita,Sandoval,84177
84178,256973616,Aranzazu,Mora,84178
84179,795409157,Fanny,Echevarria,84179
84180,562706055,Jose Manuel,Guillen,84180
84181,707926594,Sofia,Rueda,84181
84182,195419333,Custodia,Gimenez,84182
84183,467978525,Faustino,Garzon,84183
84184,870497935,Maura,Chamorro,84184
84185,721106570,Benigna,Cabo,84185
84186,635636428,Cruz,Planas,84186
84187,968947870,Trini,Vallejo,84187
84188,367948614,Vicente,Buendia,84188
84189,424594651,Sabina,Montoya,84189
84190,282328523,Nuria,Mendez,84190
84191,696035940,Gaston,Alberdi,84191
84192,900996291,Poncio,Pulido,84192
84193,735453913,Atilio,Cabello,84193
84194,211240032,Elena,Ramirez,84194
84195,394647727,Benita,Portero,84195
84196,845273617,Lucio,Villalba,84196
84197,159600893,Selena,Ramos,84197
84198,239721029,Reinaldo,Luque,84198
84199,835010892,Luciano,Ramos,84199
84200,917524694,Narciso,Huertas,84200
84201,630371824,Carolina,Garces,84201
84202,211659142,Victor,Torrens,84202
84203,443947914,Cosme,Saldana,84203
84204,206595869,Norberto,Cuervo,84204
84205,836690080,Socorro,Carbonell,84205
84206,383203204,Tono,Moles,84206
84207,936653195,Cristian,Abellan,84207
84208,877844369,Donato,Taboada,84208
84209,859452309,Martin,Rosello,84209
84210,614887378,Hernando,Andres,84210
84211,596530248,Ema,Robledo,84211
84212,190150341,Carmelo,Muniz,84212
84213,614950843,Alejandro,Castells,84213
84214,377242682,Angeles,Carnero,84214
84215,700612926,Lourdes,Heredia,84215
84216,605548876,Miriam,Hidalgo,84216
84217,984068239,Lorena,Romeu,84217
84218,159681418,Emiliano,Pomares,84218
84219,565525279,Amelia,Ramos,84219
84220,213967757,Jenny,Cuadrado,84220
84221,542141124,Cristian,Lillo,84221
84222,959806105,Antonia,Cornejo,84222
84223,889832584,Merche,Sabater,84223
84224,248641352,Nidia,Cueto,84224
84225,506971710,Flavia,Fuster,84225
84226,509307083,Fabiola,Tudela,84226
84227,458865266,Inocencio,Nieto,84227
84228,145966000,Aurora,Julia,84228
84229,849687498,Ines,Otero,84229
84230,228587688,Imelda,Alvarez,84230
84231,115355262,Arturo,Sarabia,84231
84232,890124306,Mateo,Ferrandez,84232
84233,581180764,Loida,Sole,84233
84234,331447101,Galo,Escriva,84234
84235,527128806,Iban,Casares,84235
84236,498547003,Maristela,Cal,84236
84237,189526451,Jordi,Paez,84237
84238,848842905,Marino,Espada,84238
84239,928671477,Cesar,Cifuentes,84239
84240,108295576,Alejo,Guardia,84240
84241,226438005,Roman,Santamaria,84241
84242,417786924,Encarnita,Armas,84242
84243,858473509,Albina,Baena,84243
84244,841504894,Cristina,Bello,84244
84245,199741829,Chucho,Cazorla,84245
84246,266193973,Encarna,Caballero,84246
84247,370825356,Toni,Busquets,84247
84248,486935895,Juan Luis,Guzman,84248
84249,175914910,Amancio,Barcena,84249
84250,423857592,Baltasar,Llopis,84250
84251,873238906,Mateo,Pelayo,84251
84252,751481640,Ariel,Carlos,84252
84253,857781656,Dominga,Palomares,84253
84254,561777303,Jose Carlos,Moles,84254
84255,376204597,Nidia,Pina,84255
84256,677159780,Paula,Llorens,84256
84257,165105111,Mercedes,Bastida,84257
84258,489423520,Eutimio,Banos,84258
84259,278138098,Natanael,Oliver,84259
84260,465006319,Juan Luis,Iglesias,84260
84261,862819364,Luciano,Montesinos,84261
84262,791249178,Jose Antonio,Sales,84262
84263,681431429,Glauco,Morales,84263
84264,678287099,Teodora,Torrent,84264
84265,476833191,Rosa,Guerra,84265
84266,906277046,Nestor,Jimenez,84266
84267,102408115,Hortensia,Jimenez,84267
84268,602063431,Josue,Guzman,84268
84269,925722763,Soraya,Santiago,84269
84270,788138576,Ainoa,Zabaleta,84270
84271,731239096,Dorotea,Escriva,84271
84272,556984491,Jose Francisco,Cortes,84272
84273,889010468,Luis,Ferreras,84273
84274,144587115,Lorena,Ojeda,84274
84275,777761661,Encarnita,Bellido,84275
84276,844069900,Efrain,Serrano,84276
84277,395046091,Tania,Huertas,84277
84278,844904098,Custodia,Quevedo,84278
84279,769276220,Roberta,Serna,84279
84280,852694679,Sol,Mascaro,84280
84281,404339550,Isidora,Plana,84281
84282,417761787,Hilda,Pedrero,84282
84283,938511187,Asdrubal,Valero,84283
84284,423209410,Patricia,Velazquez,84284
84285,126200114,Martina,Lujan,84285
84286,210556594,David,Sureda,84286
84287,763395393,Jordana,Cerro,84287
84288,679511667,Salud,Pou,84288
84289,833380331,Jovita,Arino,84289
84290,916472731,Amor,Robles,84290
84291,552277933,Imelda,Cabo,84291
84292,319760953,Elisa,Olivares,84292
84293,397110676,Estefania,Rios,84293
84294,345267666,Dominga,Aragon,84294
84295,197346347,Febe,Lucena,84295
84296,731923459,Trinidad,Machado,84296
84297,208244533,Arcelia,Mari,84297
84298,425514728,Flavia,Ochoa,84298
84299,760085837,Aurelio,Mendoza,84299
84300,308800147,Vera,Fernandez,84300
84301,122527969,Javier,Sedano,84301
84302,578559503,Tomasa,Arce,84302
84303,940960281,Teresa,Coloma,84303
84304,998195392,Camilo,Mariscal,84304
84305,838903598,Carmelo,Sastre,84305
84306,817677394,Vidal,Amo,84306
84307,502358231,Bernardino,Real,84307
84308,854839676,Moises,Menendez,84308
84309,135492554,Celso,Torrens,84309
84310,376818482,Gertrudis,Ribera,84310
84311,113070074,Aitor,Alsina,84311
84312,741266394,Maria Pilar,Carbajo,84312
84313,424622089,Gala,Gisbert,84313
84314,974228776,Emilia,Porras,84314
84315,610714838,Marianela,Jordan,84315
84316,742239418,Anacleto,Cisneros,84316
84317,214876405,Eligia,Leiva,84317
84318,119406649,Hector,Morata,84318
84319,101674983,Francisco Jose,Esteve,84319
84320,335823056,Jose,Vera,84320
84321,606351480,Eliseo,Roman,84321
84322,477043073,Pelayo,Montalban,84322
84323,916261833,Luis Angel,Navas,84323
84324,758039439,Fortunato,Carranza,84324
84325,637975938,Corona,Gil,84325
84326,876482211,Elena,Aliaga,84326
84327,280569407,Candelas,Jover,84327
84328,326210580,Pepito,Pujadas,84328
84329,904298286,Curro,Folch,84329
84330,610560927,Alexandra,Carbajo,84330
84331,104028920,Lisandro,Luna,84331
84332,105846828,Vera,Abril,84332
84333,629957484,Candida,Arranz,84333
84334,670724064,America,Saez,84334
84335,283929073,Coral,Carreno,84335
84336,743910046,Corona,Fabregat,84336
84337,126188463,Aitor,Giner,84337
84338,892732077,Felicia,Guerrero,84338
84339,272582025,Leon,Oliva,84339
84340,452558218,Blanca,Baron,84340
84341,336428297,Natalia,Lobo,84341
84342,523915376,Nestor,Asenjo,84342
84343,350803209,Pili,Torre,84343
84344,471182962,Luis Miguel,Querol,84344
84345,298350670,Victor,Bartolome,84345
84346,848921098,Amalia,Jimenez,84346
84347,683575154,Bautista,Chacon,84347
84348,769954332,Esteban,Mayoral,84348
84349,934853257,Renata,Barragan,84349
84350,894935462,Modesto,Peiro,84350
84351,648697716,Martina,Cuesta,84351
84352,544974657,Berta,Tomas,84352
84353,880214494,Jesus,Serrano,84353
84354,231760193,Julia,Gisbert,84354
84355,830485109,Emilio,Mulet,84355
84356,131515481,Sancho,Pazos,84356
84357,241331349,Jordana,Arellano,84357
84358,149119184,Genoveva,Guardiola,84358
84359,304045058,Fabiana,Lozano,84359
84360,422532130,Matias,Guillen,84360
84361,641262425,Amelia,Almansa,84361
84362,875301632,Jonatan,Miranda,84362
84363,527108571,Fausto,Bustamante,84363
84364,735271150,Merche,Cadenas,84364
84365,756215745,Olga,Aller,84365
84366,406918269,Carmelita,Duque,84366
84367,142975512,Cecilio,Rosado,84367
84368,747175319,Rodrigo,Martorell,84368
84369,119781413,Febe,Losada,84369
84370,615156441,Trinidad,Navarrete,84370
84371,662361473,Carolina,Padilla,84371
84372,490512202,Juan Jose,Egea,84372
84373,103261537,Fanny,Pera,84373
84374,109409578,Cirino,Enriquez,84374
84375,968342422,Martirio,Quiroga,84375
84376,967942700,Rosalina,Juan,84376
84377,426515659,Roldan,Pizarro,84377
84378,830512767,Carmen,Peiro,84378
84379,166899852,Leticia,Benavent,84379
84380,145978960,Jose Angel,Varela,84380
84381,104512056,Alejandro,Arana,84381
84382,143103426,Trinidad,Aleman,84382
84383,573853573,Alexandra,Almagro,84383
84384,987638694,Hugo,Costa,84384
84385,651430020,Noe,Polo,84385
84386,634063850,Arturo,Gargallo,84386
84387,532102439,Albano,Bermudez,84387
84388,102747399,Guadalupe,Vidal,84388
84389,918557978,Benigno,Borrell,84389
84390,876384213,Custodio,Oller,84390
84391,511662811,Elodia,Campos,84391
84392,464344885,Santiago,Malo,84392
84393,649288456,Aranzazu,Arteaga,84393
84394,739683542,Virgilio,Llanos,84394
84395,285647156,Yago,Benet,84395
84396,881325091,Ignacia,Ocana,84396
84397,109096036,Imelda,Cardona,84397
84398,819518229,Clotilde,Exposito,84398
84399,215590169,Dolores,Vilanova,84399
84400,460707241,Teresita,Castells,84400
84401,747113646,Rita,Vila,84401
84402,788405482,Anibal,Clemente,84402
84403,871498417,Araceli,Benet,84403
84404,893302226,Vanesa,Solis,84404
84405,741486665,Gertrudis,Tellez,84405
84406,220414757,Gustavo,Lastra,84406
84407,193104554,Hilario,Fiol,84407
84408,569073681,Jovita,Chaves,84408
84409,872535261,Gonzalo,Merino,84409
84410,198029863,Etelvina,Lujan,84410
84411,428628594,Chita,Font,84411
84412,759706683,Maria,Amaya,84412
84413,652031618,Zaida,Llanos,84413
84414,390684426,Severiano,Barrena,84414
84415,108857436,Fernando,Catala,84415
84416,162766021,Josue,Alegre,84416
84417,323638727,Alexandra,Bernat,84417
84418,391503065,Sosimo,Aguilo,84418
84419,611469310,Abel,Mesa,84419
84420,403343260,Fito,Teruel,84420
84421,842924368,Leoncio,Bernat,84421
84422,897364037,Bernardo,Valenzuela,84422
84423,219566421,Rosalina,Morales,84423
84424,892983300,Sara,Comas,84424
84425,506154175,Goyo,Benavides,84425
84426,969978798,Vinicio,Rueda,84426
84427,198823743,Xiomara,Vallejo,84427
84428,725051229,Juan Pablo,Olivera,84428
84429,156858735,Javi,Font,84429
84430,969920994,Domitila,Cortes,84430
84431,180086863,Asdrubal,Barrena,84431
84432,676184074,Adan,Gimenez,84432
84433,159824806,Adriana,Acuna,84433
84434,616273248,Reinaldo,Carvajal,84434
84435,977032526,Felix,Guardia,84435
84436,796018563,Narciso,Cuenca,84436
84437,894757849,Calista,Martinez,84437
84438,197118361,Gil,Arjona,84438
84439,269908859,Olivia,Mendez,84439
84440,153666819,Jose,Benet,84440
84441,410631573,Maria Carmen,Zurita,84441
84442,307293770,Rosario,Mateu,84442
84443,966909512,Graciana,Arroyo,84443
84444,161570250,Paca,Reguera,84444
84445,731071674,Anna,Arana,84445
84446,469154128,Patricia,Torralba,84446
84447,320515068,Domingo,Enriquez,84447
84448,342820601,Donato,Flores,84448
84449,632091993,Gustavo,Mata,84449
84450,131078078,Elpidio,Torrent,84450
84451,664060976,Godofredo,Tomas,84451
84452,923664222,Fabiana,Mariscal,84452
84453,197925319,Americo,Garay,84453
84454,303930609,Silvio,Gargallo,84454
84455,900542227,Claudio,Villa,84455
84456,880261291,Fabricio,Arranz,84456
84457,673718589,Nidia,Castilla,84457
84458,550375733,Gerardo,Buendia,84458
84459,824189488,Ana,Pons,84459
84460,606798847,Carmen,Dominguez,84460
84461,883299295,Lara,Amor,84461
84462,720312926,Marco,Escudero,84462
84463,633297418,Ale,Alvarez,84463
84464,424061867,Iker,Cespedes,84464
84465,561665181,Ezequiel,Toledo,84465
84466,906937309,Fabricio,Adadia,84466
84467,476708940,Saturnino,Miro,84467
84468,431774123,Haroldo,Blazquez,84468
84469,214066446,Reynaldo,Conde,84469
84470,527146946,Heliodoro,Mateos,84470
84471,302859756,Amado,Sola,84471
84472,976819937,Maximo,Donaire,84472
84473,692625648,Gerardo,Reina,84473
84474,633225380,Josefa,Figueras,84474
84475,724555857,Albina,Seco,84475
84476,186592599,Salomon,Figueroa,84476
84477,877038085,Ruth,Bertran,84477
84478,150068338,Olimpia,Suarez,84478
84479,739706073,Loreto,Godoy,84479
84480,558226661,Luz,Bou,84480
84481,543492371,Maximino,Camacho,84481
84482,685701017,Raquel,Sabater,84482
84483,809339633,Matias,Cal,84483
84484,415578342,Zaira,Colom,84484
84485,711990247,Amancio,Caceres,84485
84486,195405056,Matias,Pintor,84486
84487,349682291,Celia,Sala,84487
84488,395493453,Alexandra,Maldonado,84488
84489,920833438,Graciano,Amores,84489
84490,129329361,Florentina,Rios,84490
84491,871113385,Marcial,Reguera,84491
84492,389560119,Carmina,Sola,84492
84493,335668950,Evaristo,Carbonell,84493
84494,674845620,Julie,Sevilla,84494
84495,444838294,Nadia,Alonso,84495
84496,999045747,Juan Jose,Castro,84496
84497,738475429,Manuela,Peinado,84497
84498,175817912,Belen,Cabanillas,84498
84499,506279355,Yago,Ferrero,84499
84500,728045866,Haroldo,Lopez,84500
84501,488058988,Apolinar,Andrade,84501
84502,251503827,Mariano,Priego,84502
84503,389797025,Emma,Melendez,84503
84504,217195264,Seve,Perello,84504
84505,368738571,Natividad,Alberdi,84505
84506,787876611,Damian,Romeu,84506
84507,814034271,Eric,Estrada,84507
84508,793081771,Leoncio,Escalona,84508
84509,130111329,Maria,Losada,84509
84510,626335245,Teobaldo,Cano,84510
84511,158894825,Maristela,Velez,84511
84512,371218288,Manolo,Ferrando,84512
84513,609966366,Anna,Perez,84513
84514,974311600,Clotilde,Barcelo,84514
84515,298203010,Eduardo,Rosell,84515
84516,116170498,Cruz,Sans,84516
84517,335407283,Ruth,Casanova,84517
84518,394343694,Etelvina,Quintanilla,84518
84519,263202939,Lucho,Sureda,84519
84520,553241897,Jeremias,Rio,84520
84521,791313873,Evaristo,Marti,84521
84522,489916834,Maricela,Martinez,84522
84523,835821594,Aranzazu,Duran,84523
84524,670015029,Etelvina,Sevilla,84524
84525,649108680,Ofelia,Minguez,84525
84526,943220978,Jose Luis,Plaza,84526
84527,955525404,Luna,Azorin,84527
84528,147188309,Crescencia,Ochoa,84528
84529,901725864,Melchor,Casals,84529
84530,459295341,Nacho,Fernandez,84530
84531,967117150,Fernando,Avila,84531
84532,478681011,Juan Jose,Lozano,84532
84533,843527588,Luis Miguel,Rios,84533
84534,540740122,Jacinta,Reig,84534
84535,948664410,Socorro,Moran,84535
84536,987460789,Veronica,Bou,84536
84537,743802579,Pili,Llopis,84537
84538,468149073,Susana,Porcel,84538
84539,777276326,Eutropio,Luque,84539
84540,897085544,Ximena,Hidalgo,84540
84541,279492170,Martina,Segui,84541
84542,321583732,Amelia,Suarez,84542
84543,648744686,Carina,Cordoba,84543
84544,791581770,Espiridion,Echevarria,84544
84545,509886166,Augusto,Quintana,84545
84546,818780681,Apolonia,Barral,84546
84547,967342439,Rebeca,Peinado,84547
84548,462025482,Aaron,Chaves,84548
84549,550557166,Aristides,Acosta,84549
84550,714266881,Sol,Burgos,84550
84551,616032905,Maximiliano,Casanovas,84551
84552,852732002,Leonardo,Riquelme,84552
84553,932862398,Luciano,Arrieta,84553
84554,492122140,Maria Pilar,Izaguirre,84554
84555,505127480,Rocio,Velazquez,84555
84556,881768306,Etelvina,Madrigal,84556
84557,742785087,Damian,Segui,84557
84558,330383808,Onofre,Ocana,84558
84559,305229476,Corona,Blazquez,84559
84560,321039386,Mamen,Tapia,84560
84561,174474555,Paz,Saura,84561
84562,297669441,Josefa,Vicens,84562
84563,923618853,Seve,Sala,84563
84564,772644474,Domitila,Saez,84564
84565,319491471,Alfonso,Santana,84565
84566,520185755,Candido,Almazan,84566
84567,237836921,Cleto,Fernandez,84567
84568,978752024,Calixto,Exposito,84568
84569,344508814,Jenaro,Merino,84569
84570,997056363,Adelia,Ortega,84570
84571,507397887,Magdalena,Santamaria,84571
84572,363352582,Flavia,Otero,84572
84573,313241950,Domingo,Arco,84573
84574,980549112,Paloma,Valenzuela,84574
84575,435983077,Ismael,Pujadas,84575
84576,398133426,Ana Sofia,Anton,84576
84577,729254231,Amaro,Busquets,84577
84578,189075580,Manolo,Diaz,84578
84579,620290326,Cristian,Castaneda,84579
84580,859111426,Nayara,Vaquero,84580
84581,169108362,Roberto,Santana,84581
84582,900628479,Delia,Saez,84582
84583,549700553,Reyes,Tamayo,84583
84584,323146652,Gracia,Tormo,84584
84585,279303242,Itziar,Diez,84585
84586,909167453,Graciela,Alberto,84586
84587,375164254,Elena,Camara,84587
84588,468648653,Guillermo,Priego,84588
84589,450109524,Teresa,Nunez,84589
84590,546753493,Alcides,Benitez,84590
84591,269732252,Delia,Osorio,84591
84592,890479866,Ale,Yuste,84592
84593,934625888,Encarnacion,Lucena,84593
84594,255672201,Eladio,Cortina,84594
84595,130776800,Aaron,Cobo,84595
84596,256553568,Azahar,Serna,84596
84597,761253364,Florencio,Tomas,84597
84598,284266815,Marianela,Bernal,84598
84599,519475156,Fausto,Ferrando,84599
84600,161329621,Buenaventura,Bravo,84600
84601,190859223,Demetrio,Ramirez,84601
84602,959812562,Candelas,Echevarria,84602
84603,470881577,Silvio,Morante,84603
84604,163541572,Gabriel,Segui,84604
84605,390421563,Leocadia,Adadia,84605
84606,302358948,Ivan,Juan,84606
84607,403984288,Dionisio,Campos,84607
84608,789504668,Candida,Criado,84608
84609,742413688,Ale,Sebastian,84609
84610,111167985,Dominga,Mendez,84610
84611,154559565,Natanael,Arranz,84611
84612,859004769,Berta,Mayo,84612
84613,779784959,Leon,Canas,84613
84614,458190404,Nando,Exposito,84614
84615,623586942,Victoriano,Rojas,84615
84616,262528104,Valero,Jodar,84616
84617,993127600,Bautista,Arino,84617
84618,180061747,Cristian,Ropero,84618
84619,321435903,Nazaret,Santos,84619
84620,525442454,Francisco,Segarra,84620
84621,436014071,Eufemia,Huerta,84621
84622,769676933,Marcelino,Esparza,84622
84623,745496228,Poncio,Bonilla,84623
84624,223196115,Jenaro,Rodriguez,84624
84625,756449054,Samuel,Palau,84625
84626,298007063,Balduino,Ramis,84626
84627,829577747,Socorro,Carmona,84627
84628,634574980,Felipa,Nogues,84628
84629,381223430,Alejandra,Ripoll,84629
84630,391217298,Fabio,Jimenez,84630
84631,670538099,Dominga,Manuel,84631
84632,664242762,Rico,Ferrandiz,84632
84633,663072534,Aitana,Vazquez,84633
84634,824467412,Soledad,Tapia,84634
84635,965631592,Samu,Saez,84635
84636,278982465,Carmelita,Almansa,84636
84637,907592507,Ernesto,Sierra,84637
84638,458017226,Sigfrido,Sarabia,84638
84639,618627525,Ainoa,Chaparro,84639
84640,206085187,Ainoa,Alcaraz,84640
84641,736951298,Natalia,Larranaga,84641
84642,354912567,Eligia,Pinto,84642
84643,837966287,Silvio,Arenas,84643
84644,500092996,Vanesa,Palomar,84644
84645,638177684,Edu,Villalonga,84645
84646,543840748,Jose Angel,Alvaro,84646
84647,721038120,Adan,Elorza,84647
84648,960388108,Cecilio,Cid,84648
84649,949098466,Dolores,Colom,84649
84650,318273140,America,Sarmiento,84650
84651,108778570,Teodora,Galan,84651
84652,847736674,Emilia,Moran,84652
84653,641405717,Ceferino,Chacon,84653
84654,287967325,Hilda,Gimenez,84654
84655,278747684,Toni,Asensio,84655
84656,815124552,Diego,Villar,84656
84657,132974887,Carmina,Escudero,84657
84658,739607088,Francisca,Elorza,84658
84659,422712662,Nazaret,Uribe,84659
84660,873225379,Carlota,Mariscal,84660
84661,890611401,Manolo,Machado,84661
84662,513448579,Amaro,Melendez,84662
84663,873432725,Gracia,Gargallo,84663
84664,919418183,Jeronimo,Perello,84664
84665,507372627,Demetrio,Corral,84665
84666,140849691,Jessica,Goicoechea,84666
84667,282551026,Octavio,Hidalgo,84667
84668,849884404,Nico,Yuste,84668
84669,363749138,Segismundo,Osorio,84669
84670,491173199,Desiderio,Uria,84670
84671,948322865,Rebeca,Abella,84671
84672,262837884,Regina,Valera,84672
84673,355156575,Melchor,Paniagua,84673
84674,644074840,Trinidad,Pallares,84674
84675,422300498,Jesus,Palomino,84675
84676,197973156,Modesta,Contreras,84676
84677,461190596,Olivia,Andres,84677
84678,105710262,Efrain,Plana,84678
84679,206197667,Maria Dolores,Barrio,84679
84680,593213917,Leonardo,Sarabia,84680
84681,656362265,Teo,Corominas,84681
84682,251439893,Caridad,Melero,84682
84683,524906639,Mariano,Salazar,84683
84684,231018932,Maximiano,Cepeda,84684
84685,659953225,Maria Carmen,Mayo,84685
84686,269280899,Nerea,Mendizabal,84686
84687,985635900,Gil,Burgos,84687
84688,621236139,Esteban,Escamilla,84688
84689,733395611,Clarisa,Salamanca,84689
84690,694291049,Cosme,Carrion,84690
84691,906767153,Armando,Yanez,84691
84692,989457999,Miriam,Barrena,84692
84693,245331389,Rafa,Sebastian,84693
84694,430146802,Irene,Torrent,84694
84695,160069599,Teo,Velasco,84695
84696,349013686,Marco,Cal,84696
84697,776508350,Tomas,Rico,84697
84698,992660719,Basilio,Anguita,84698
84699,808521259,Leopoldo,Quiroga,84699
84700,498442598,Juliana,Viana,84700
84701,918719931,Edelmira,Ayuso,84701
84702,854651122,Vera,Goicoechea,84702
84703,186319814,Bernabe,Campo,84703
84704,582241220,Malena,Higueras,84704
84705,367295042,Gabriel,Rocamora,84705
84706,754168442,Edgar,Castaneda,84706
84707,519733048,Etelvina,Llabres,84707
84708,631194496,Sancho,Novoa,84708
84709,739203303,Nazaret,Mateu,84709
84710,794990841,Zaira,Puga,84710
84711,247524466,Camilo,Ros,84711
84712,412023007,Fidela,Valderrama,84712
84713,734184985,Remigio,Sola,84713
84714,725145621,Hilda,Aviles,84714
84715,984469444,Lourdes,Donoso,84715
84716,918941758,Trinidad,Rodriguez,84716
84717,164339622,Maxi,Bernat,84717
84718,304229864,Maria Carmen,Dominguez,84718
84719,205000395,Olivia,Valencia,84719
84720,939370340,Maximiano,Huertas,84720
84721,396491804,Loreto,Boada,84721
84722,344257541,Maria,Saldana,84722
84723,545495864,Moises,Minguez,84723
84724,784844515,Amor,Paez,84724
84725,268885697,Nadia,Moliner,84725
84726,782307994,Luisa,Marti,84726
84727,932243865,Dora,Armengol,84727
84728,235877277,Chucho,Montesinos,84728
84729,940738086,Emelina,Losa,84729
84730,854191080,Jose Miguel,Alvaro,84730
84731,775762719,Maristela,Julian,84731
84732,707214007,Mariana,Moreno,84732
84733,932130257,Lope,Revilla,84733
84734,409293297,Cesar,Iborra,84734
84735,868611735,Cruz,Palau,84735
84736,120762231,Ofelia,Mancebo,84736
84737,592320111,Ruben,Urena,84737
84738,905255918,Martirio,Nunez,84738
84739,341727565,Che,Guitart,84739
84740,288334682,Dionisio,Coello,84740
84741,525117932,Mauricio,Olivares,84741
84742,300840500,Damian,Leon,84742
84743,721326784,Rafa,Cerro,84743
84744,509040872,Cebrian,Cerezo,84744
84745,456984184,Leandra,Pulido,84745
84746,941932900,Benigno,Pardo,84746
84747,131067208,Nazaret,Luque,84747
84748,739346189,Francisco Javier,Losada,84748
84749,223400822,Caridad,Machado,84749
84750,651035854,Paloma,Pineiro,84750
84751,996930597,Duilio,Miranda,84751
84752,942644085,Cipriano,Pinol,84752
84753,392772885,Andres Felipe,Vaquero,84753
84754,497442905,Octavio,Ferran,84754
84755,606849328,Consuela,Robles,84755
84756,594884698,Santiago,Castells,84756
84757,886587032,Apolinar,Alcantara,84757
84758,694578821,Cristian,Espejo,84758
84759,457843005,Fito,Porcel,84759
84760,405718407,Catalina,Canizares,84760
84761,136229526,Ulises,Suarez,84761
84762,323619190,Paz,Diego,84762
84763,710017547,Julio,Franch,84763
84764,391985867,Bernardita,Campo,84764
84765,882966111,Espiridion,Mayoral,84765
84766,816156910,Victor,Lloret,84766
84767,498775362,Leticia,Cordero,84767
84768,329766351,Juan Bautista,Alegria,84768
84769,870776066,Matias,Castilla,84769
84770,262403359,Mercedes,Fiol,84770
84771,960920365,Luisina,Martinez,84771
84772,944606512,Cristina,Rio,84772
84773,369507583,Claudio,Requena,84773
84774,894109263,Marcelino,Corominas,84774
84775,428317289,Olalla,Aroca,84775
84776,114660244,Macaria,Riba,84776
84777,570123859,Araceli,Barcena,84777
84778,501631202,Timoteo,Salva,84778
84779,477166193,Eleuterio,Cortes,84779
84780,449812660,Julie,Navas,84780
84781,685555321,Lidia,Mariscal,84781
84782,503312650,Benita,Tur,84782
84783,322832743,Nidia,Fortuny,84783
84784,432936173,Mirta,Vicente,84784
84785,434701584,Camilo,Domingo,84785
84786,528643508,Adora,Gallego,84786
84787,608495428,Maura,Cisneros,84787
84788,661334466,Juan Antonio,Costa,84788
84789,189548273,Francisco Jose,Aragon,84789
84790,222142962,Jose Antonio,Riba,84790
84791,121531796,Bernarda,Santamaria,84791
84792,376785839,Paulina,Otero,84792
84793,633045002,Glauco,Castejon,84793
84794,378978843,Dorotea,Haro,84794
84795,600471082,Sigfrido,Recio,84795
84796,673354993,Almudena,Cortes,84796
84797,347007496,Emma,Campoy,84797
84798,916981285,Juan Pablo,Sureda,84798
84799,785195860,Gaspar,Perales,84799
84800,208492691,Nicanor,Aragones,84800
84801,531829089,Ema,Olivares,84801
84802,285202416,Gertrudis,Azcona,84802
84803,357640741,Eugenia,Nogues,84803
84804,858199410,Manuela,Losa,84804
84805,887253667,Pablo,Mendez,84805
84806,694300388,German,Baez,84806
84807,436312610,Jose Antonio,Coloma,84807
84808,150869563,Alejo,Tamayo,84808
84809,688261441,Marino,Aguilo,84809
84810,626707648,Hermenegildo,Velasco,84810
84811,182445836,Jessica,Bello,84811
84812,340961477,Juanita,Barroso,84812
84813,753651424,Ulises,Alsina,84813
84814,270549919,Jose Ignacio,Barroso,84814
84815,975247191,Leticia,Torrijos,84815
84816,788882038,Inigo,Aliaga,84816
84817,421778326,Eutropio,Olmo,84817
84818,357180061,Narcisa,Coca,84818
84819,173436500,Angeles,Arana,84819
84820,560036373,Luz,Vergara,84820
84821,945114803,Roque,Amaya,84821
84822,724496305,Florencia,Valero,84822
84823,443132412,Miguela,Martin,84823
84824,847717071,Soraya,Carnero,84824
84825,464336094,Baldomero,Sales,84825
84826,102705993,Marcela,Valentin,84826
84827,721755235,Maximino,Morata,84827
84828,835674285,Eusebio,Agullo,84828
84829,442525636,Ignacio,Romeu,84829
84830,704647891,Liliana,Valentin,84830
84831,944138192,Isaias,Azorin,84831
84832,831670584,Maricela,Garcia,84832
84833,525271214,Placido,Rivas,84833
84834,347227479,Cruz,Conesa,84834
84835,438923793,Alberto,Ortiz,84835
84836,436255847,Carla,Ortiz,84836
84837,478793602,Artemio,Pazos,84837
84838,585134916,Adriana,Cordero,84838
84839,561426271,Nayara,Herrero,84839
84840,496088769,Baudelio,Tolosa,84840
84841,759678633,Gerardo,Tello,84841
84842,944795860,Iker,Bermudez,84842
84843,895422369,Vidal,Gimenez,84843
84844,935100778,Romulo,Rossello,84844
84845,167252308,Yaiza,Chamorro,84845
84846,700329834,Haydee,Duque,84846
84847,833461002,Climaco,Alegre,84847
84848,534251127,Ulises,Lara,84848
84849,725439375,Margarita,Vazquez,84849
84850,623372650,Aroa,Pino,84850
84851,716647133,Valeria,Busquets,84851
84852,696787040,Anunciacion,Bermudez,84852
84853,321368731,Sosimo,Solana,84853
84854,375602302,Emigdio,Ripoll,84854
84855,979143870,Jose Angel,Casanova,84855
84856,737540838,Felisa,Tapia,84856
84857,827549091,Rosario,Girona,84857
84858,283215832,Marcela,Aguilo,84858
84859,570352116,Isabel,Sotelo,84859
84860,653927029,Nuria,Gamez,84860
84861,282069043,Salud,Vicens,84861
84862,715274320,Vilma,Cabanas,84862
84863,851659788,Geraldo,Verdugo,84863
84864,402434160,Josefa,Andres,84864
84865,729705246,Tere,Arnaiz,84865
84866,632405206,Valero,Alvarez,84866
84867,187383553,Julia,Capdevila,84867
84868,750493853,Cruz,Gaya,84868
84869,980549518,Saturnina,Busquets,84869
84870,393046058,Judith,Moran,84870
84871,693909286,Loida,Escobar,84871
84872,206726135,Felipe,Feijoo,84872
84873,859104841,Mario,Pizarro,84873
84874,608936334,Noemi,Luque,84874
84875,216768954,Calisto,Molina,84875
84876,180137181,Anacleto,Arrieta,84876
84877,724230034,Narcisa,Vega,84877
84878,284657950,Edmundo,Gual,84878
84879,946197120,Elisabet,Gimeno,84879
84880,293319518,Valerio,Porras,84880
84881,696090861,Gaston,Torrijos,84881
84882,256780049,Lino,Fuster,84882
84883,602758466,Etelvina,Villalobos,84883
84884,543368947,Osvaldo,Lledo,84884
84885,866686493,Eustaquio,Arranz,84885
84886,204400001,Cosme,Valentin,84886
84887,385395436,Aaron,Mayol,84887
84888,454727177,Vanesa,Andrade,84888
84889,150062495,Miguel,Pedrero,84889
84890,461100527,Pancho,Verdejo,84890
84891,860646269,Francisco Javier,Caceres,84891
84892,323346017,Gerardo,Chaves,84892
84893,798604151,Virginia,Arias,84893
84894,173293772,Norberto,Lobato,84894
84895,908728155,Rosalina,Tome,84895
84896,975978670,Nelida,Arino,84896
84897,148456791,Joaquina,Diez,84897
84898,422578994,Agapito,Sancho,84898
84899,782153095,Faustino,Rodenas,84899
84900,314026725,Reyes,Talavera,84900
84901,632985589,Pancho,Vergara,84901
84902,645514043,Evita,Falcon,84902
84903,400057832,Itziar,Murillo,84903
84904,471854777,Vicente,Arino,84904
84905,680290638,Cristobal,Alemany,84905
84906,980562413,Mohamed,Noriega,84906
84907,461267669,Adelaida,Rivas,84907
84908,231912022,Aristides,Franco,84908
84909,866102387,Josefina,Cabo,84909
84910,438131149,Ainoa,Escobar,84910
84911,462669658,Brigida,Munoz,84911
84912,741726077,Alfonso,Costa,84912
84913,767150216,Nydia,Guardia,84913
84914,952579350,Juliana,Cabrero,84914
84915,833218998,Daniela,Alvaro,84915
84916,328035854,Primitiva,Gordillo,84916
84917,297644824,Chita,Collado,84917
84918,840313307,Martirio,Sans,84918
84919,739569445,Maria Fernanda,Bermudez,84919
84920,788457219,Fermin,Camacho,84920
84921,586740712,Elias,Pont,84921
84922,752059111,Julie,Torre,84922
84923,763866965,Josue,Guillen,84923
84924,132311191,Guiomar,Tome,84924
84925,171501236,Hector,Rodenas,84925
84926,684400867,Calixto,Domenech,84926
84927,370749271,Calisto,Elias,84927
84928,752161541,Agustin,Font,84928
84929,633862650,Patricia,Ripoll,84929
84930,405463484,Emiliana,Salvador,84930
84931,623336631,Roberto,Amores,84931
84932,321832930,Manuel,Amigo,84932
84933,659216247,Abraham,Cuevas,84933
84934,417157148,Fidela,Muniz,84934
84935,271284358,Donato,Tellez,84935
84936,592033830,Teodosio,Guijarro,84936
84937,409342257,Coral,Vara,84937
84938,366814393,Melania,Soto,84938
84939,767836478,Chita,Galan,84939
84940,427465607,Marino,Almansa,84940
84941,488981204,Vinicio,Romero,84941
84942,792775132,Fabricio,Orozco,84942
84943,136507881,Ariadna,Melero,84943
84944,942628779,Esteban,Cortina,84944
84945,392153772,Celestina,Castro,84945
84946,770190292,Gaspar,Aramburu,84946
84947,814507153,Veronica,Reguera,84947
84948,665366372,Elpidio,Garcia,84948
84949,291910172,Ruben,Boix,84949
84950,282123299,Nayara,Morell,84950
84951,356906346,Ariel,Cortes,84951
84952,122565432,Victoria,Alcaraz,84952
84953,544515697,Vinicio,Berrocal,84953
84954,394575584,Ema,Ferrando,84954
84955,973390962,Josue,Amoros,84955
84956,908106806,Marco,Duran,84956
84957,991834555,Ambrosio,Montserrat,84957
84958,538301154,Elena,Rovira,84958
84959,542342107,Salomon,Cerro,84959
84960,985011248,Berto,Luz,84960
84961,830109698,Isabel,Pastor,84961
84962,380348979,Eugenio,Barrera,84962
84963,378413768,Angelita,Luz,84963
84964,675111967,Juan Pablo,Tamayo,84964
84965,492790570,Ernesto,Serrano,84965
84966,607440865,Jose Carlos,Crespo,84966
84967,298673700,Lucia,Pina,84967
84968,187252240,Marciano,Vazquez,84968
84969,719359189,Cecilia,Franch,84969
84970,537179919,Nayara,Riba,84970
84971,299446674,Nydia,Uribe,84971
84972,596276337,Timoteo,Ripoll,84972
84973,554835510,Anunciacion,Torrens,84973
84974,834045016,Rafa,Toro,84974
84975,435907802,Rogelio,Machado,84975
84976,417130474,Porfirio,Palacio,84976
84977,933715197,Alberto,Cuadrado,84977
84978,552265632,Toni,Espana,84978
84979,706257609,Rosendo,Aramburu,84979
84980,337801265,Felipe,Sole,84980
84981,972737377,Plinio,Rocha,84981
84982,476623077,Lilia,Cabrera,84982
84983,719964693,Amilcar,Muro,84983
84984,292817055,Renata,Solsona,84984
84985,666970349,Matilde,Caparros,84985
84986,686816241,Elodia,Saez,84986
84987,465469556,Albina,Iglesias,84987
84988,906964109,Lina,Badia,84988
84989,770502234,Amador,Bravo,84989
84990,406188478,Paca,Berenguer,84990
84991,843350623,Feliciano,Montero,84991
84992,156226035,Cloe,Solano,84992
84993,683255634,Leoncio,Izaguirre,84993
84994,351175115,Anabel,Miguel,84994
84995,775481248,Eliseo,Calvo,84995
84996,933790061,Ruben,Gallardo,84996
84997,913035393,Cloe,Escriva,84997
84998,892230843,Manuelita,Cobo,84998
84999,903508249,Edgar,Adan,84999
85000,642771084,Olalla,Arribas,85000
85001,902880258,Herberto,Lillo,85001
85002,910011994,Maria Jose,Franco,85002
85003,646802774,Elba,Segui,85003
85004,378630580,Amor,Barbera,85004
85005,726164830,Silvio,Fiol,85005
85006,188531941,Petrona,Carrion,85006
85007,807824271,Felix,Viana,85007
85008,101973786,Dionisia,Rivero,85008
85009,867326626,Mamen,Vazquez,85009
85010,369088812,Rita,Baquero,85010
85011,280730698,Rosenda,Aller,85011
85012,322315976,Nuria,Canals,85012
85013,902995346,Loreto,Cepeda,85013
85014,657229440,Susanita,Tamayo,85014
85015,503527084,Angeles,Polo,85015
85016,657318070,Gabriel,Oliveras,85016
85017,445240232,Filomena,Velazquez,85017
85018,559236947,Nicodemo,Santamaria,85018
85019,879313743,Lino,Ramis,85019
85020,478889988,Yaiza,Diez,85020
85021,126824859,Tiburcio,Aller,85021
85022,682279412,Victoria,Herrero,85022
85023,502872568,Gilberto,Paez,85023
85024,542877721,Teobaldo,Vives,85024
85025,175545294,Adelia,Galindo,85025
85026,766915190,Amada,Enriquez,85026
85027,254317219,Aitor,Cabezas,85027
85028,936307973,Maxi,Marques,85028
85029,940823237,Cesar,Borras,85029
85030,708467843,Andres Felipe,Rivas,85030
85031,874272018,Felix,Aguilo,85031
85032,903844345,Chus,Tomas,85032
85033,534861030,Yolanda,Fonseca,85033
85034,951992537,Paz,Salva,85034
85035,715235673,Lilia,Diez,85035
85036,541716684,Ursula,Benavente,85036
85037,243022101,Virgilio,Grande,85037
85038,216991502,Saturnino,Capdevila,85038
85039,343146616,Crescencia,Banos,85039
85040,701673379,Juanita,Toledo,85040
85041,105216023,Alicia,Gras,85041
85042,910925458,Anabel,Vina,85042
85043,180571288,Alejandro,Castell,85043
85044,820171356,Alexandra,Cabeza,85044
85045,489228810,Francisca,Sarmiento,85045
85046,684055915,Maria Jesus,Diez,85046
85047,343590771,Ambrosio,Almansa,85047
85048,451135456,Natalio,Catalan,85048
85049,155755890,Severiano,Baro,85049
85050,832880088,Americo,Alcazar,85050
85051,252473725,Camilo,Tormo,85051
85052,825795508,Socorro,Rius,85052
85053,677203469,Eloisa,Tejada,85053
85054,456048782,Jenny,Blazquez,85054
85055,492245627,Chelo,Vendrell,85055
85056,503772928,Dionisio,Quintana,85056
85057,309878440,Pepe,Hervas,85057
85058,542495483,Geronimo,Pont,85058
85059,221612162,Adolfo,Viana,85059
85060,185134058,Borja,Guerrero,85060
85061,301257672,Alex,Porras,85061
85062,290600182,Graciano,Izaguirre,85062
85063,619762882,Ximena,Fabra,85063
85064,580690184,Matias,Orozco,85064
85065,484034247,Eloy,Bayon,85065
85066,653121605,Isabel,Iglesias,85066
85067,686237754,Jose Angel,Falcon,85067
85068,741976764,Rebeca,Llado,85068
85069,695921615,Samanta,Lledo,85069
85070,606130757,Cecilio,Fuster,85070
85071,484464521,Gil,Mendez,85071
85072,973424760,Climaco,Daza,85072
85073,380782285,Julio,Boada,85073
85074,568095690,Macario,Millan,85074
85075,157921349,Sosimo,Aparicio,85075
85076,772994967,Tamara,Ortuno,85076
85077,595242002,Calixta,Pazos,85077
85078,805264724,Gertrudis,Vergara,85078
85079,413121761,Matilde,Navarro,85079
85080,341022228,Carmelita,Fuster,85080
85081,172973824,Jose Carlos,Ribas,85081
85082,986290523,Vilma,Olive,85082
85083,540650309,Trinidad,Duque,85083
85084,305821547,Inmaculada,Falco,85084
85085,365814837,Heriberto,Tovar,85085
85086,898097914,Cloe,Acevedo,85086
85087,457776786,Emperatriz,Narvaez,85087
85088,331110751,Alba,Garces,85088
85089,712739226,Celestina,Boix,85089
85090,751866136,Azucena,Valderrama,85090
85091,319133816,Purificacion,Perales,85091
85092,982604563,Erasmo,Pina,85092
85093,282744609,Alcides,Jimenez,85093
85094,795406216,Beatriz,Lopez,85094
85095,269113037,Zacarias,Echevarria,85095
85096,922085525,Maxi,Castilla,85096
85097,313695089,Glauco,Cal,85097
85098,371156504,Rosalia,Rodrigo,85098
85099,832127076,Cipriano,Heredia,85099
85100,967465255,Merche,Vega,85100
85101,105695546,Margarita,Leon,85101
85102,461759307,Eduardo,Villena,85102
85103,163939446,Victor,Figueroa,85103
85104,500781429,Pio,Duran,85104
85105,302214103,Regina,Valcarcel,85105
85106,520724565,Domingo,Ledesma,85106
85107,124771007,Adelardo,Pina,85107
85108,364333718,Amparo,Espana,85108
85109,631431911,Consuelo,Amigo,85109
85110,646431831,Ainara,Izaguirre,85110
85111,361840463,Alfredo,Luz,85111
85112,468242972,Asdrubal,Carreras,85112
85113,190950347,Jose Angel,Gallart,85113
85114,311262294,Angelina,Tovar,85114
85115,800518893,Amada,Guillen,85115
85116,117380579,Mohamed,Palomar,85116
85117,570273408,Delfina,Barba,85117
85118,752674760,Piedad,Herranz,85118
85119,864786849,Amparo,Palomares,85119
85120,615001864,Inocencio,Vilanova,85120
85121,567485035,Dionisia,Milla,85121
85122,710689172,Hipolito,Suarez,85122
85123,765489069,Noa,Taboada,85123
85124,346098766,Alejandra,Gallardo,85124
85125,710523321,Leire,Tejada,85125
85126,902710851,Tito,Morera,85126
85127,933853342,Isabel,Fernandez,85127
85128,469486363,Hermenegildo,Bosch,85128
85129,577606409,Lilia,Pina,85129
85130,101022103,Ainara,Salamanca,85130
85131,101372486,Reyna,Julian,85131
85132,915828532,Timoteo,Urena,85132
85133,539383235,Evangelina,Gibert,85133
85134,133488068,Montserrat,Prado,85134
85135,792112253,Chus,Medina,85135
85136,199611588,Leon,Andrade,85136
85137,606071483,Antonio,Falco,85137
85138,158369982,Socorro,Marti,85138
85139,985415134,Adela,Lloret,85139
85140,519573236,Matias,Arellano,85140
85141,486691260,Pia,Santos,85141
85142,701756511,Juan Bautista,Chacon,85142
85143,420549009,Amor,Garay,85143
85144,133746266,Rene,Rocha,85144
85145,473136529,Adolfo,Morell,85145
85146,361334218,Encarnacion,Diaz,85146
85147,202228221,Faustino,Fortuny,85147
85148,405829899,Eligia,Amoros,85148
85149,242422654,Miguel,Abad,85149
85150,567479216,Maria Manuela,Canas,85150
85151,240485366,Angelica,Cuervo,85151
85152,955663346,Emilia,Mate,85152
85153,924402728,Ovidio,Priego,85153
85154,191243563,Ceferino,Barral,85154
85155,176764621,Irene,Flor,85155
85156,212147944,Jordan,Aleman,85156
85157,991466013,Anunciacion,Azcona,85157
85158,298798075,Flavia,Morales,85158
85159,594904690,Anabel,Lumbreras,85159
85160,480780868,Itziar,Sanz,85160
85161,181145019,Manuel,Fortuny,85161
85162,788532889,Vera,Torrent,85162
85163,588196872,Eli,Terron,85163
85164,455579534,Raimundo,Font,85164
85165,277509426,Hector,Fiol,85165
85166,436708379,Felix,Gallardo,85166
85167,928351780,Lorena,Garces,85167
85168,864938762,Jennifer,Valentin,85168
85169,928224268,Maria Carmen,Pareja,85169
85170,181558189,Efrain,Ballester,85170
85171,806149056,Teresa,Ledesma,85171
85172,829666612,Olga,Isern,85172
85173,123230230,Luciana,Bayona,85173
85174,421603413,Estrella,Caballero,85174
85175,803818738,Pepe,Plaza,85175
85176,264746109,Bautista,Diaz,85176
85177,873122271,Marcia,Vendrell,85177
85178,777996144,Bernardita,Marti,85178
85179,528199869,Dorita,Bernal,85179
85180,595898597,Benigno,Trujillo,85180
85181,251104699,Francisco,Isern,85181
85182,708454354,Cristina,Casal,85182
85183,910813155,Amaro,Cantero,85183
85184,489248946,Felicia,Borras,85184
85185,629922428,Vanesa,Pareja,85185
85186,623649810,Anselma,Teruel,85186
85187,583540314,Ema,Valentin,85187
85188,139148089,Jonatan,Vilar,85188
85189,686716588,Adrian,Menendez,85189
85190,390103794,Toni,Espejo,85190
85191,856057037,Cristina,Serna,85191
85192,595896690,Sebastian,Mateu,85192
85193,982553001,Francisca,Ortega,85193
85194,735542227,Guadalupe,Mendez,85194
85195,835566628,Maximino,Milla,85195
85196,855876964,Maria Carmen,Barbero,85196
85197,554801808,Ambrosio,Somoza,85197
85198,933237570,Juan Luis,Chaves,85198
85199,852570602,Gisela,Gomila,85199
85200,844189585,Emperatriz,Andres,85200
85201,438367821,Baldomero,Morell,85201
85202,800945306,Ileana,Hervas,85202
85203,554527607,Sara,Morillo,85203
85204,450020046,Feliciano,Atienza,85204
85205,588537423,Marc,Cortes,85205
85206,763942211,Matias,Requena,85206
85207,838848512,Bartolome,Solano,85207
85208,193997590,Paz,Galvez,85208
85209,901587471,Macario,Arenas,85209
85210,893350439,Amilcar,Paredes,85210
85211,368234897,Vidal,Mayol,85211
85212,113657192,Begona,Garzon,85212
85213,305306894,Jeronimo,Suarez,85213
85214,410177349,Celestino,Agudo,85214
85215,359465591,Iris,Quiros,85215
85216,827410211,Eufemia,Aller,85216
85217,174450739,Esmeralda,Royo,85217
85218,102980994,Edu,Ramirez,85218
85219,149419609,Simon,Serna,85219
85220,179298328,Adalberto,Cano,85220
85221,102685779,Santos,Barroso,85221
85222,100889391,Pancho,Lumbreras,85222
85223,475605836,Encarnita,Soriano,85223
85224,692141778,Ismael,Diez,85224
85225,962620657,Ciro,Mascaro,85225
85226,577133955,Felisa,Millan,85226
85227,924376982,Candelas,Castello,85227
85228,831015939,Guillermo,Baena,85228
85229,427835615,Armando,Godoy,85229
85230,672148823,Nando,Cardenas,85230
85231,737203615,Celia,Amoros,85231
85232,331978259,Julian,Mateo,85232
85233,489041391,Tito,Blazquez,85233
85234,314351575,Ruben,Torrents,85234
85235,833954908,Teobaldo,Jaume,85235
85236,148308803,Che,Pelaez,85236
85237,901172091,Maria Teresa,Prieto,85237
85238,357267789,Rosendo,Amoros,85238
85239,264879768,Juan Luis,Baro,85239
85240,961315473,Anibal,Cabanas,85240
85241,593784708,Anibal,Fortuny,85241
85242,262238782,Lazaro,Anguita,85242
85243,614702585,Adrian,Torres,85243
85244,891157053,Nicodemo,Ramirez,85244
85245,248554161,Elvira,Carpio,85245
85246,308783426,Fanny,Pombo,85246
85247,239692992,Sebastian,Corominas,85247
85248,943681375,Marita,Bonet,85248
85249,336407738,Debora,Sanjuan,85249
85250,224022692,Albert,Vizcaino,85250
85251,280444926,Ainara,Anguita,85251
85252,197265471,Clemente,Huguet,85252
85253,888888223,Oscar,Beltran,85253
85254,260337501,Griselda,Agustin,85254
85255,380452470,Estrella,Navarro,85255
85256,177323640,Godofredo,Ripoll,85256
85257,425584247,Bernardo,Alfaro,85257
85258,895473179,Gustavo,Alcantara,85258
85259,333877057,Manuelita,Pinedo,85259
85260,190312260,Pepito,Borrego,85260
85261,892241328,Benito,Sanabria,85261
85262,544717945,Rene,Guardia,85262
85263,405304949,Sonia,Valle,85263
85264,255293499,Abril,Madrid,85264
85265,836352247,Brigida,Roda,85265
85266,902036752,Maria Belen,Poza,85266
85267,103363089,Azeneth,Capdevila,85267
85268,321515750,Jose Manuel,Llopis,85268
85269,729914712,Julio Cesar,Alemany,85269
85270,440097425,Julia,Sanabria,85270
85271,265555573,Bernardino,Cobos,85271
85272,733800185,Amelia,Beltran,85272
85273,896171200,Cipriano,Escriva,85273
85274,482839431,Leoncio,Feliu,85274
85275,535320852,Rebeca,Cerdan,85275
85276,494846923,Carina,Barros,85276
85277,675445646,Isaac,Pont,85277
85278,833652924,Quirino,Conde,85278
85279,571099951,Salome,Sarmiento,85279
85280,440803004,Micaela,Rio,85280
85281,757460621,Florencio,Aguado,85281
85282,373961963,Tomasa,Mariscal,85282
85283,153780743,Clarisa,Morante,85283
85284,973432674,Rafa,Vara,85284
85285,909314361,Eusebia,Amador,85285
85286,181089882,Trinidad,Cano,85286
85287,767057554,Patricio,Amador,85287
85288,322473051,Rosario,Alvarado,85288
85289,429437389,Evita,Jorda,85289
85290,282163344,Herberto,Cal,85290
85291,273052606,Baldomero,Burgos,85291
85292,721177861,Ani,Cisneros,85292
85293,386164809,Alex,Carbo,85293
85294,486591614,Rita,Aguilar,85294
85295,890334379,Coral,Benavides,85295
85296,982205425,Salome,Duran,85296
85297,137797684,Jose Angel,Garay,85297
85298,240268322,Manuela,Ferrando,85298
85299,610732283,Tatiana,Ochoa,85299
85300,829594257,Adelaida,Balaguer,85300
85301,212158022,Nuria,Palmer,85301
85302,790881661,Nicolasa,Vilar,85302
85303,547478027,Isidoro,Sotelo,85303
85304,946329506,Angelica,Pellicer,85304
85305,464432721,Hector,Villalba,85305
85306,634386645,Mohamed,Becerra,85306
85307,637894571,Luna,Marquez,85307
85308,661260033,Renata,Benavent,85308
85309,316386995,Adelia,Monreal,85309
85310,554650630,Salvador,Garzon,85310
85311,886947715,Manuela,Perea,85311
85312,180759425,Sonia,Campoy,85312
85313,713736110,Armando,Castillo,85313
85314,670789894,Azeneth,Varela,85314
85315,329194712,Nacho,Salazar,85315
85316,517635062,Cleto,Villanueva,85316
85317,375204491,Reyes,Carbonell,85317
85318,514851678,Leonardo,Feijoo,85318
85319,164181525,Manuela,Naranjo,85319
85320,304096215,Josefa,Teruel,85320
85321,730502736,Diana,Sancho,85321
85322,852453428,Nilda,Luna,85322
85323,167975413,Celestino,Tamayo,85323
85324,330200352,Lidia,Campillo,85324
85325,216195396,Rosalia,Narvaez,85325
85326,798884401,Adelina,Becerra,85326
85327,739152109,Carmela,Vilaplana,85327
85328,556134318,Graciana,Giralt,85328
85329,927600351,Cleto,Olivera,85329
85330,175861822,Walter,Corominas,85330
85331,889823578,Rodrigo,Fernandez,85331
85332,773725904,Maria Angeles,Cornejo,85332
85333,374705081,Tamara,Palomo,85333
85334,788585338,Ismael,Rivas,85334
85335,826990171,Victoria,Estevez,85335
85336,641365954,Nestor,Mariscal,85336
85337,611658468,Margarita,Mate,85337
85338,131217258,Bonifacio,Riera,85338
85339,232828212,Blanca,Mena,85339
85340,484806877,Soledad,Martinez,85340
85341,941559166,Jose Maria,Sancho,85341
85342,844939998,Ale,Villalobos,85342
85343,742371749,Concepcion,Roman,85343
85344,813049766,Joel,Valderrama,85344
85345,294319944,Diego,Mariscal,85345
85346,509997864,Albano,Calatayud,85346
85347,703101991,Debora,Valero,85347
85348,438332099,Esther,Reina,85348
85349,855732712,Felicidad,Ferrandez,85349
85350,949874454,Calixta,Bastida,85350
85351,911210393,Milagros,Pedraza,85351
85352,377712932,Ariadna,Pablo,85352
85353,775635089,Andres Felipe,Codina,85353
85354,523812214,Cruz,Villaverde,85354
85355,547144052,Alba,Fabregas,85355
85356,909951508,Claudia,Castaneda,85356
85357,192525086,Judith,Bautista,85357
85358,287281270,Camilo,Duarte,85358
85359,310581381,Marisa,Valero,85359
85360,727211026,Melisa,Perez,85360
85361,444137152,Sabas,Fernandez,85361
85362,211847647,Hilda,Serra,85362
85363,864393176,Cruz,Carpio,85363
85364,919452811,Erasmo,Sureda,85364
85365,318009775,Maria,Villalba,85365
85366,859370215,Olga,Morales,85366
85367,940240931,Isabel,Pages,85367
85368,173120355,Segismundo,Alfaro,85368
85369,710935771,Anastasio,Mugica,85369
85370,830884692,Jose Carlos,Vina,85370
85371,412577055,Ariadna,Coronado,85371
85372,739990259,Paz,Oliva,85372
85373,568365756,Eladio,Barbero,85373
85374,118943321,Ursula,Caparros,85374
85375,538575872,Haroldo,Pedrero,85375
85376,548551068,Ruy,Linares,85376
85377,793441960,Felipa,Ariza,85377
85378,739598368,Pepe,Perea,85378
85379,652457341,Zaira,Espana,85379
85380,376429029,Fernanda,Vaquero,85380
85381,899949168,Jacobo,Rodrigo,85381
85382,976777948,Roxana,Jimenez,85382
85383,108780205,Mireia,Amador,85383
85384,575921797,Concha,Santana,85384
85385,602709485,Chus,Montenegro,85385
85386,303943121,Fortunata,Criado,85386
85387,992157699,Lilia,Rincon,85387
85388,235720072,Ulises,Muniz,85388
85389,188552294,Leocadio,Miro,85389
85390,420820502,Adriana,Pera,85390
85391,701138474,Simon,Morata,85391
85392,174335822,Reyna,Anton,85392
85393,425198277,Aranzazu,Cano,85393
85394,775544107,Nacio,Padilla,85394
85395,994542053,Pacifica,Arranz,85395
85396,350022480,Loreto,Figueroa,85396
85397,743454509,Adelia,Reig,85397
85398,233954228,Pablo,Peinado,85398
85399,792231672,Evita,Pereira,85399
85400,850373664,Alba,Agustin,85400
85401,922281327,Tatiana,Palau,85401
85402,642368658,Gregorio,Gamez,85402
85403,782506982,America,Guerra,85403
85404,395716159,Iban,Roman,85404
85405,468623209,Juan Jose,Simo,85405
85406,948979059,Marco,Campos,85406
85407,795280390,Adelia,Paez,85407
85408,697533127,Lidia,Abellan,85408
85409,717559340,Chita,Luque,85409
85410,802440829,Cecilia,Frias,85410
85411,546709352,Ariadna,Sanchez,85411
85412,831216596,Brigida,Miranda,85412
85413,791383540,Araceli,Lucena,85413
85414,745455598,Arsenio,Canellas,85414
85415,810208247,Melchor,Iglesia,85415
85416,643955841,Carina,Aliaga,85416
85417,861907861,Barbara,Borras,85417
85418,519709769,Manola,Roman,85418
85419,953992229,Candela,Galvez,85419
85420,339929987,Lupe,Lloret,85420
85421,530160820,Manola,Barrera,85421
85422,566390651,Maria Cristina,Ramis,85422
85423,676083923,Nieves,Salas,85423
85424,988232026,Maria Pilar,Reguera,85424
85425,318775274,Cleto,Nicolau,85425
85426,376804657,Jose Carlos,Fonseca,85426
85427,874470892,Oriana,Barros,85427
85428,428721222,Noa,Nunez,85428
85429,807547072,Jose Antonio,Pallares,85429
85430,274803174,Jose Angel,Herrera,85430
85431,187776035,Sandra,Vilalta,85431
85432,270694817,Perla,Aragon,85432
85433,438379598,Amalia,Mena,85433
85434,774233149,Lupe,Nunez,85434
85435,399649617,Eloisa,Solera,85435
85436,337617004,Matilde,Cerdan,85436
85437,154985370,David,Angulo,85437
85438,974143852,Berto,Salva,85438
85439,863843681,Tamara,Mata,85439
85440,456885488,Africa,Ibarra,85440
85441,320931542,Dolores,Chamorro,85441
85442,604818259,Miguel Angel,Farre,85442
85443,322214751,Cipriano,Caparros,85443
85444,770056695,Lidia,Carbonell,85444
85445,232145362,Eliana,Lillo,85445
85446,671704419,Constanza,Torralba,85446
85447,460216515,Lisandro,Daza,85447
85448,122049325,Dionisia,Serra,85448
85449,818560815,Chuy,Sanmiguel,85449
85450,968825125,Valerio,Suarez,85450
85451,396231009,Tadeo,Goni,85451
85452,875439143,Ruben,Leal,85452
85453,705006070,Isabel,Ferrandez,85453
85454,827166323,Lalo,Cano,85454
85455,444558898,Adelardo,Arregui,85455
85456,805621549,Maria Cristina,Hervia,85456
85457,371914842,Tomas,Fortuny,85457
85458,305976751,Otilia,Alvarez,85458
85459,470683245,Isabel,Cordero,85459
85460,808507940,Matilde,Tirado,85460
85461,552972311,Natividad,Peinado,85461
85462,913690954,Abigail,Jove,85462
85463,224528514,Maria Del Carmen,Riquelme,85463
85464,527711425,Yago,Roman,85464
85465,121307500,Dulce,Esparza,85465
85466,369365748,Abraham,Luque,85466
85467,359004018,Angelino,Giron,85467
85468,653761627,Fortunato,Parra,85468
85469,773095034,Marisol,Carpio,85469
85470,151913361,Agata,Rivera,85470
85471,665776560,Noe,Infante,85471
85472,564222953,Eusebio,Barrio,85472
85473,326123965,Manola,Saenz,85473
85474,165533059,Elodia,Lujan,85474
85475,250148910,Julie,Mayoral,85475
85476,628847078,Lilia,Gimeno,85476
85477,411925191,Felix,Casanovas,85477
85478,251057095,Santiago,Heredia,85478
85479,279399330,Pancho,Velasco,85479
85480,964438553,Amando,Navarro,85480
85481,164280915,Chita,Miranda,85481
85482,932741160,Consuelo,Giner,85482
85483,105917381,Damian,Hernandez,85483
85484,616318588,Juanito,Peral,85484
85485,939682172,Domingo,Saldana,85485
85486,578615745,Anastasia,Hidalgo,85486
85487,841382588,Prudencio,Cornejo,85487
85488,997407372,Virgilio,Diego,85488
85489,665301040,Olga,Monreal,85489
85490,693817429,Amando,Tome,85490
85491,938899610,Gloria,Tomas,85491
85492,797436175,Ana,Marti,85492
85493,225881640,Clara,Borrell,85493
85494,183063052,Remigio,Ferrandez,85494
85495,219458660,Jose,Ropero,85495
85496,768878307,Dario,Angel,85496
85497,265305042,Jennifer,Villena,85497
85498,968070624,Aura,Carretero,85498
85499,287858296,Perla,Santiago,85499
85500,834301169,Anastasia,Ropero,85500
85501,958081364,Isa,Aviles,85501
85502,303094210,Saturnina,Portero,85502
85503,156420056,Julian,Carbo,85503
85504,471566783,Hector,Ortega,85504
85505,796097486,Febe,Priego,85505
85506,325357622,Chucho,Grau,85506
85507,903956108,Charo,Palau,85507
85508,499119568,Julie,Diez,85508
85509,402075951,Amalia,Borras,85509
85510,202076166,Octavia,Colom,85510
85511,159012534,Jose Luis,Goni,85511
85512,959477510,Jenaro,Parejo,85512
85513,177372375,Laura,Lerma,85513
85514,222456937,Fidela,Borras,85514
85515,101495165,Morena,Arevalo,85515
85516,116774706,Casandra,Garrido,85516
85517,771464429,Heraclio,Puga,85517
85518,349630694,Bernardino,Perello,85518
85519,941147921,Teodosio,Gaya,85519
85520,952195048,Telmo,Gallo,85520
85521,861983888,Reyna,Gonzalo,85521
85522,432824351,Carmen,Albero,85522
85523,340308811,Estela,Toro,85523
85524,287075449,Eliseo,Manzano,85524
85525,431853202,Martina,Torrent,85525
85526,464113042,Ambrosio,Tur,85526
85527,894289096,Mario,Roca,85527
85528,248100183,Belen,Salamanca,85528
85529,149774130,Nuria,Urena,85529
85530,692921846,Jose Manuel,Fernandez,85530
85531,645405566,Lorenza,Alcazar,85531
85532,799279529,Teo,Polo,85532
85533,245282038,Valentin,Barco,85533
85534,597381257,Eloy,Becerra,85534
85535,920330791,Josefa,Aliaga,85535
85536,978374024,Pelayo,Giron,85536
85537,478086586,Amelia,Castrillo,85537
85538,415785259,Valeria,Busquets,85538
85539,898587400,Haroldo,Martin,85539
85540,668269136,Chus,Robles,85540
85541,574684466,Ciriaco,Saenz,85541
85542,495342040,Miriam,Cervantes,85542
85543,635695554,Maximiano,Rivera,85543
85544,624486356,Rita,Paniagua,85544
85545,972954389,Cornelio,Briones,85545
85546,261220782,Eufemia,Palacios,85546
85547,270956655,Tecla,Barragan,85547
85548,307710516,Florencia,Coronado,85548
85549,109323782,Candida,Calatayud,85549
85550,297546166,Geraldo,Torrijos,85550
85551,150905946,Zacarias,Ibanez,85551
85552,738990697,Ismael,Pages,85552
85553,784350091,Demetrio,Taboada,85553
85554,921645096,Nuria,Paz,85554
85555,263707504,Bautista,Plaza,85555
85556,297306312,Angela,Sarmiento,85556
85557,121251733,Africa,Castello,85557
85558,755975516,Juana,Hervas,85558
85559,760122029,Imelda,Lorenzo,85559
85560,666213316,Dimas,Ferrando,85560
85561,389801493,Benigno,Casado,85561
85562,244460186,Leopoldo,Espana,85562
85563,794402546,Isaura,Canete,85563
85564,914467759,Valerio,Batalla,85564
85565,639546996,Nico,Cobos,85565
85566,316958267,Lupe,Arnau,85566
85567,699932804,Julieta,Roman,85567
85568,184215502,Itziar,Canellas,85568
85569,220770015,Balduino,Sales,85569
85570,780692393,Jovita,Rodrigo,85570
85571,259141802,Ramon,Llorens,85571
85572,449931224,Baudelio,Martinez,85572
85573,365949340,Anunciacion,Madrigal,85573
85574,367906304,Lorena,Falco,85574
85575,934659565,Jenny,Miguel,85575
85576,339493768,Soraya,Acosta,85576
85577,701711032,Graciano,Paredes,85577
85578,595075843,Concha,Enriquez,85578
85579,174036473,Rocio,Naranjo,85579
85580,715911475,Ciro,Antunez,85580
85581,573325768,Javiera,Querol,85581
85582,937621625,Raquel,Vendrell,85582
85583,180072249,Seve,Torrents,85583
85584,957880644,Demetrio,Martinez,85584
85585,740838746,Guiomar,Coll,85585
85586,292772318,Sandalio,Carbajo,85586
85587,134027990,Ascension,Salcedo,85587
85588,652619971,Milagros,Sebastian,85588
85589,752376982,Marisol,Salinas,85589
85590,283858249,Evita,Badia,85590
85591,799344837,Feliciana,Fuster,85591
85592,950148855,Candida,Vilanova,85592
85593,602438798,Nerea,Sans,85593
85594,608784269,Enrique,Cuadrado,85594
85595,108659881,Basilio,Camps,85595
85596,432664316,Inocencio,Badia,85596
85597,595494661,Guadalupe,Bosch,85597
85598,879092010,Ignacio,Parejo,85598
85599,106728123,Maribel,Porta,85599
85600,698261748,Nando,Jove,85600
85601,532748149,Iris,Pina,85601
85602,939503343,Pacifica,Campos,85602
85603,188145285,Celestino,Caparros,85603
85604,579306359,Nazario,Esteve,85604
85605,783054509,Lara,Palomo,85605
85606,809854206,Javi,Calzada,85606
85607,559954723,Julio,Marino,85607
85608,208454706,Clara,Duenas,85608
85609,118539592,Buenaventura,Hidalgo,85609
85610,537228147,Placido,Villaverde,85610
85611,411691500,Irene,Montana,85611
85612,432606465,Hernan,Luis,85612
85613,251910298,Bernardino,Montana,85613
85614,585817710,Tomasa,Somoza,85614
85615,932377679,Nadia,Franco,85615
85616,609395784,Baldomero,Galindo,85616
85617,741094939,Carmina,Jaume,85617
85618,866550963,Trinidad,Amat,85618
85619,850261153,Aureliano,Casanova,85619
85620,797696450,Urbano,Pozuelo,85620
85621,447331266,Jimena,Vargas,85621
85622,977911297,Belen,Valentin,85622
85623,768696491,Marcos,Cervantes,85623
85624,166476593,Cosme,Estevez,85624
85625,807329594,Encarnacion,Valenciano,85625
85626,476796339,Aitor,Olive,85626
85627,922338462,Ignacio,Ortiz,85627
85628,921634925,Amparo,Palomo,85628
85629,443058165,Graciela,Arenas,85629
85630,625845218,Lisandro,Pujol,85630
85631,744495892,Felix,Lucas,85631
85632,783361765,Felix,Espinosa,85632
85633,977230847,Iban,Salom,85633
85634,346224555,Aurelia,Guitart,85634
85635,577419617,Lara,Machado,85635
85636,672985653,Adela,Sanz,85636
85637,802040040,Candida,Rosa,85637
85638,771417217,Eugenia,Juarez,85638
85639,164944033,Reyes,Rueda,85639
85640,946557587,Cirino,Baro,85640
85641,954724924,Eloisa,Amoros,85641
85642,364595177,Paco,Vera,85642
85643,798573684,Walter,Jove,85643
85644,712212502,Bautista,Diez,85644
85645,227472015,Geraldo,Vilar,85645
85646,911297443,Africa,Zurita,85646
85647,342782519,Gisela,Yuste,85647
85648,648755037,Lucas,Pedrero,85648
85649,469718309,Pepe,Vazquez,85649
85650,186572308,Dionisia,Manuel,85650
85651,779861301,Luna,Pla,85651
85652,835599576,Kike,Garriga,85652
85653,630149513,Inocencio,Armas,85653
85654,130895716,Roque,Calleja,85654
85655,989189732,Maria Dolores,Canales,85655
85656,927841329,Delia,Montesinos,85656
85657,557685247,Nicodemo,Cerezo,85657
85658,446988239,Matilde,Zapata,85658
85659,776930883,Agueda,Olmedo,85659
85660,321052524,Rufina,Palacios,85660
85661,891079547,Rosalia,Soria,85661
85662,980305829,Quique,Sarmiento,85662
85663,412526492,Violeta,Campoy,85663
85664,886383225,Maxi,Morillo,85664
85665,747895180,Eusebio,Nicolas,85665
85666,806544988,Nacho,Tejedor,85666
85667,368809597,Lara,Marco,85667
85668,424188595,Pancho,Sales,85668
85669,591796595,Evelia,Mur,85669
85670,489122522,Amor,Olive,85670
85671,717502028,Alicia,Guzman,85671
85672,339346247,Felisa,Casado,85672
85673,288801010,Piedad,Vilanova,85673
85674,716263382,Fidel,Salom,85674
85675,792728359,Graciela,Baez,85675
85676,408501612,Cesar,Rincon,85676
85677,189528357,Rosaura,Paredes,85677
85678,935155076,Hector,Borrell,85678
85679,726881883,Marina,Real,85679
85680,762500241,Francisco Javier,Carretero,85680
85681,294907202,Emilio,Comas,85681
85682,744657740,Jovita,Fuentes,85682
85683,808984782,Narcisa,Diaz,85683
85684,441187766,Priscila,Piquer,85684
85685,737795327,Otilia,Barreda,85685
85686,727635857,Lupe,Blanca,85686
85687,416506061,Ezequiel,Menendez,85687
85688,195237310,Adoracion,Fabregat,85688
85689,463632889,Manolo,Carballo,85689
85690,819271584,Zoraida,Arias,85690
85691,775994801,Chema,Valcarcel,85691
85692,566984543,Candelario,Montesinos,85692
85693,970414615,Micaela,Fabregat,85693
85694,722944620,Eleuterio,Ibarra,85694
85695,712203780,Ceferino,Solsona,85695
85696,917350192,Salomon,Ortega,85696
85697,862785769,Leonor,Cervera,85697
85698,745708119,Jordana,Manzanares,85698
85699,331754829,Teodora,Carnero,85699
85700,191000061,Iker,Priego,85700
85701,448416471,Abel,Alfaro,85701
85702,271289980,Salvador,Martorell,85702
85703,752590249,Luis,Acedo,85703
85704,925477969,Moreno,Santos,85704
85705,633656476,Marita,Gual,85705
85706,817194561,Benigna,Porta,85706
85707,525662455,Concha,Porras,85707
85708,579391663,Cornelio,Izquierdo,85708
85709,826725956,Olimpia,Ferreras,85709
85710,240048495,Cirino,Dalmau,85710
85711,630212668,Jesusa,Abella,85711
85712,187550215,Simon,Torralba,85712
85713,599847169,Emilia,Canizares,85713
85714,142778981,Ingrid,Higueras,85714
85715,325854363,Gloria,Daza,85715
85716,388183785,Dionisio,Pallares,85716
85717,190831759,Rosalva,Castejon,85717
85718,809062903,Anibal,Mas,85718
85719,708019016,Angela,Gallart,85719
85720,188376786,Jose Antonio,Mir,85720
85721,863004551,Calista,Bernad,85721
85722,154860360,Aitana,Navas,85722
85723,217955402,Onofre,Rovira,85723
85724,435927604,Jose Francisco,Valbuena,85724
85725,744142736,Marta,Franco,85725
85726,977865052,Concepcion,Cantero,85726
85727,185141366,Julio,Parra,85727
85728,186760385,Griselda,Royo,85728
85729,716715468,Eliseo,Escribano,85729
85730,910869598,Lina,Porcel,85730
85731,683610030,Andres Felipe,Gisbert,85731
85732,838409500,Juan Pablo,Villanueva,85732
85733,541568428,Maria Fernanda,Marcos,85733
85734,550111039,Plinio,Rocamora,85734
85735,999552894,Josefa,Aller,85735
85736,858664557,Camilo,Almeida,85736
85737,773631165,Jenny,Mayoral,85737
85738,171140566,Ambar,Mariscal,85738
85739,403228271,Bernardino,Planas,85739
85740,810255895,Leticia,Zabaleta,85740
85741,357982249,Eladio,Arco,85741
85742,148672661,Salome,Acero,85742
85743,575968707,Tania,Blanch,85743
85744,245704329,Adalberto,Belmonte,85744
85745,209773452,Nadia,Sebastian,85745
85746,548329031,Sarita,Mayoral,85746
85747,521999531,Veronica,Blanes,85747
85748,402734168,Victor,Marin,85748
85749,281768165,Ulises,Montero,85749
85750,512872317,Sancho,Coloma,85750
85751,942120854,Diana,Torrijos,85751
85752,112507804,Mariana,Carbo,85752
85753,220099508,Carlos,Garces,85753
85754,189523356,Florencia,Giner,85754
85755,226504619,Viviana,Tejedor,85755
85756,590887441,Cesar,Prada,85756
85757,659696879,Luis Angel,Lorenzo,85757
85758,257754982,Cecilia,Prado,85758
85759,184200975,Pia,Gonzalez,85759
85760,561228588,Severiano,Mendez,85760
85761,870992146,Candelaria,Barrio,85761
85762,713553403,Maximino,Arenas,85762
85763,324633177,Fortunata,Patino,85763
85764,562687252,Anacleto,Pulido,85764
85765,328481129,Felix,Ripoll,85765
85766,558010720,Juan Carlos,Gallo,85766
85767,241675521,Albert,Pina,85767
85768,146225963,Santos,Rosales,85768
85769,735873360,Teresa,Garmendia,85769
85770,870494320,Rebeca,Solis,85770
85771,557160450,Anabel,Duran,85771
85772,287816014,Mirta,Ayuso,85772
85773,218448804,Macario,Villegas,85773
85774,841623649,Belen,Moles,85774
85775,998798542,Pepe,Villalba,85775
85776,511418443,Nicanor,Cardenas,85776
85777,980754242,Lina,Pazos,85777
85778,619909289,Geronimo,Guitart,85778
85779,627313868,Isidora,Cabanas,85779
85780,246471448,Jose Francisco,Aguilo,85780
85781,371050440,Isaias,Mir,85781
85782,533969043,Cirino,Correa,85782
85783,204575474,Africa,Raya,85783
85784,373562547,Tito,Marti,85784
85785,596927684,Ainara,Quiroga,85785
85786,599257467,Carlota,Sanchez,85786
85787,615688283,Cesar,Valcarcel,85787
85788,466070353,Constanza,Beltran,85788
85789,446185716,Claudia,Cerda,85789
85790,743437281,Matilde,Donaire,85790
85791,754784451,Evelia,Cuesta,85791
85792,547601064,Begona,Minguez,85792
85793,434460756,Perlita,Guzman,85793
85794,359683827,Amaya,Pelayo,85794
85795,361525579,Prudencio,Torrijos,85795
85796,766757933,Socorro,Armas,85796
85797,341138468,Ani,Belmonte,85797
85798,480586406,Chuy,Ricart,85798
85799,295133125,Leonel,Perez,85799
85800,506737854,Cirino,Sanabria,85800
85801,671666638,Paz,Figueroa,85801
85802,937340872,Consuelo,Novoa,85802
85803,162145074,Laura,Zabala,85803
85804,693025926,Noe,Alberola,85804
85805,956977348,Juan Pablo,Leon,85805
85806,477905667,Maria Fernanda,Gomez,85806
85807,535012524,Luciana,Lobo,85807
85808,294677669,Hipolito,Jauregui,85808
85809,243950460,Leonardo,Parra,85809
85810,722277080,Cloe,Carnero,85810
85811,724047194,Ruben,Manzanares,85811
85812,888626682,Ariel,Izquierdo,85812
85813,554401021,Toribio,Cuesta,85813
85814,102521673,Placido,Carrasco,85814
85815,576059444,Fabiana,Alcala,85815
85816,578262927,Jose Angel,Cozar,85816
85817,631332822,Otilia,Bueno,85817
85818,547449369,Rafa,Abascal,85818
85819,895637999,Norberto,Rossello,85819
85820,539745307,Jose Francisco,Ramirez,85820
85821,539779104,Aurora,Urrutia,85821
85822,623339464,Esther,Farre,85822
85823,649876126,Ruperta,Bonilla,85823
85824,818930322,Galo,Menendez,85824
85825,533680020,Silvio,Ariza,85825
85826,355854314,Renata,Canet,85826
85827,900269095,Olalla,Duenas,85827
85828,870111455,Sandra,Cortes,85828
85829,645004126,Hilda,Dominguez,85829
85830,510494419,Zacarias,Cerro,85830
85831,207402904,Valentin,Carpio,85831
85832,617782209,Tiburcio,Cano,85832
85833,672499453,Carla,Salva,85833
85834,499230182,Maxima,Baez,85834
85835,837727292,Candela,Ibanez,85835
85836,551866649,Ofelia,Egea,85836
85837,143762109,Julio Cesar,Adadia,85837
85838,442538215,Anselma,Pozuelo,85838
85839,715159815,Felix,Planas,85839
85840,787186564,Galo,Vizcaino,85840
85841,126453521,Jeremias,Vera,85841
85842,302951233,Manuel,Galan,85842
85843,414545029,Dionisia,Alberto,85843
85844,223023471,Maria Dolores,Ibanez,85844
85845,162191278,Ruy,Anglada,85845
85846,316409805,Kike,Cifuentes,85846
85847,231188852,Anita,Nunez,85847
85848,601641861,Dani,Luis,85848
85849,247319737,Fatima,Rios,85849
85850,415138604,Etelvina,Santos,85850
85851,333102235,Josue,Colomer,85851
85852,423564271,Ambrosio,Bonet,85852
85853,104977849,Jeremias,Belda,85853
85854,340122023,Casandra,Franco,85854
85855,284158528,Candelas,Sancho,85855
85856,756143104,Rogelio,Corominas,85856
85857,119455938,Teodora,Angel,85857
85858,969373488,Carina,Sebastian,85858
85859,558350565,Amado,Pol,85859
85860,556948509,Gregorio,Querol,85860
85861,402273964,Romulo,Somoza,85861
85862,321188436,Cayetano,Rocha,85862
85863,844128336,Estefania,Salamanca,85863
85864,216670091,Marta,Flores,85864
85865,427260410,Alvaro,Santiago,85865
85866,721249615,Victor Manuel,Falcon,85866
85867,155497197,Nico,Botella,85867
85868,155335932,Africa,Canizares,85868
85869,107565225,Irma,Giralt,85869
85870,844486499,Camila,Santamaria,85870
85871,510293231,Vanesa,Urena,85871
85872,539950383,Gema,Pol,85872
85873,303555400,Jenny,Cortes,85873
85874,940486300,Xiomara,Pineiro,85874
85875,674347572,Pastor,Ramis,85875
85876,193597121,Hector,Molins,85876
85877,636671635,Bienvenida,Falco,85877
85878,875332349,Martin,Arroyo,85878
85879,654837601,Carmelo,Ariza,85879
85880,314688821,Felix,Ramis,85880
85881,352399138,Pili,Palomino,85881
85882,450416227,Gonzalo,Cruz,85882
85883,884580679,Edmundo,Reguera,85883
85884,527711424,Jose Manuel,Julia,85884
85885,467766608,Florencio,Cozar,85885
85886,510573337,Armida,Paz,85886
85887,948609592,Gaspar,Manjon,85887
85888,545406426,Chus,Riquelme,85888
85889,863566037,Azeneth,Garmendia,85889
85890,248506683,Matias,Cano,85890
85891,788964179,Ceferino,Azcona,85891
85892,191245656,German,Valenciano,85892
85893,691079725,Clarisa,Marquez,85893
85894,229118109,Jenny,Puerta,85894
85895,698284694,Alejandro,Ledesma,85895
85896,177840690,Ines,Arjona,85896
85897,457609353,Sigfrido,Ramirez,85897
85898,205548289,Claudio,Gomez,85898
85899,966337134,Regulo,Crespo,85899
85900,463894142,Roxana,Beltran,85900
85901,931244503,Ana,Badia,85901
85902,947171384,Espiridion,Macias,85902
85903,751891759,Benigna,Villegas,85903
85904,793063054,Eva,Bermejo,85904
85905,633617922,Maria Manuela,Ribas,85905
85906,576873402,Eva,Luque,85906
85907,291877365,Anibal,Yuste,85907
85908,754431001,Eufemia,Ibanez,85908
85909,969656816,Onofre,Abascal,85909
85910,408584328,Gaston,Cifuentes,85910
85911,122479613,Amaya,Grande,85911
85912,562354467,Jose Mari,Arrieta,85912
85913,888070397,Espiridion,Nogues,85913
85914,192452651,Benigno,Pozo,85914
85915,786761427,Haydee,Cordero,85915
85916,451334646,Remigio,Recio,85916
85917,235830934,Teofilo,Llabres,85917
85918,309910885,Dolores,Zabaleta,85918
85919,645960464,Pili,Dalmau,85919
85920,763181842,Gema,Otero,85920
85921,111906620,Bienvenida,Cadenas,85921
85922,375136564,Epifanio,Sevillano,85922
85923,106884070,Azucena,Barranco,85923
85924,837976184,Bernardita,Serra,85924
85925,762830224,Ofelia,Camara,85925
85926,723357161,Angelina,Sandoval,85926
85927,608829712,Nydia,Gonzalez,85927
85928,487919608,Gracia,Ramos,85928
85929,943199993,Priscila,Gallart,85929
85930,690244910,Atilio,Azorin,85930
85931,727592663,Brigida,Vives,85931
85932,929714386,Visitacion,Davila,85932
85933,691847971,Ximena,Herrera,85933
85934,466526902,Cintia,Coello,85934
85935,393711842,Guiomar,Higueras,85935
85936,890304577,Amaro,Mancebo,85936
85937,486234169,Eloy,Folch,85937
85938,542792849,Maria Fernanda,Huertas,85938
85939,444273126,Luisina,Pallares,85939
85940,395211024,Manola,Agusti,85940
85941,855976017,Jacobo,Llobet,85941
85942,891961709,Rosendo,Serna,85942
85943,941124329,Pio,Ballester,85943
85944,244144832,Albano,Bueno,85944
85945,403307936,Lidia,Llano,85945
85946,994504205,Danilo,Boada,85946
85947,916277191,Carlos,Pastor,85947
85948,363597317,Soledad,Pardo,85948
85949,168864356,Panfilo,Melendez,85949
85950,807110593,Narciso,Palma,85950
85951,569607116,Olimpia,Porta,85951
85952,738272199,Ileana,Salazar,85952
85953,334590243,Ema,Llano,85953
85954,912765307,Eufemia,Pulido,85954
85955,352601087,Salomon,Osuna,85955
85956,593767747,Flor,Tellez,85956
85957,573403985,Teodosio,Peral,85957
85958,903380768,Borja,Ferreras,85958
85959,318233116,Chita,Becerra,85959
85960,573427859,Eva Maria,Mesa,85960
85961,791966604,Benigno,Pastor,85961
85962,758438859,Pepita,Cortina,85962
85963,741505445,Coral,Villalobos,85963
85964,783563581,Berta,Aleman,85964
85965,570168689,Raquel,Cervera,85965
85966,761059493,Maximo,Cazorla,85966
85967,922377164,Samuel,Fajardo,85967
85968,514002545,Elena,Mate,85968
85969,653700155,Cristina,Aranda,85969
85970,898152591,Florencia,Cobos,85970
85971,500435261,Estefania,Heredia,85971
85972,886593627,Lucho,Casals,85972
85973,698464130,Esther,Acosta,85973
85974,471421396,Calixto,Alfonso,85974
85975,455568908,Remigio,Bernat,85975
85976,516600149,Borja,Becerra,85976
85977,485274526,Ramon,Alba,85977
85978,799229415,Luciana,Jimenez,85978
85979,889797029,Chus,Bou,85979
85980,779018252,Amilcar,Alcaraz,85980
85981,749536569,Prudencio,Borrell,85981
85982,292642727,Maria Dolores,Rocamora,85982
85983,463218648,Domitila,Ponce,85983
85984,304843421,Zoraida,Amor,85984
85985,549730232,Aurelio,Garzon,85985
85986,939915723,Teresita,Castejon,85986
85987,187874897,Eva Maria,Estrada,85987
85988,751268178,Albano,Nieto,85988
85989,193032427,Encarnacion,Torre,85989
85990,767830319,Seve,Aragon,85990
85991,775382588,Isidoro,Jover,85991
85992,116769284,Isaura,Catala,85992
85993,761691872,Maricela,Jerez,85993
85994,104189707,Jose Ignacio,Montserrat,85994
85995,283874301,Matias,Noguera,85995
85996,586405644,Ruben,Flores,85996
85997,153565449,Evelia,Cordero,85997
85998,286688610,Evangelina,Mugica,85998
85999,766527231,Noe,Cuenca,85999
86000,479098608,Chus,Pelayo,86000
86001,724881966,Amalia,Iglesias,86001
86002,532709677,Pascual,Moya,86002
86003,920124556,Augusto,Arce,86003
86004,174235522,Hector,Rueda,86004
86005,921261427,Lucila,Benavides,86005
86006,284383205,Dorita,Ibarra,86006
86007,384297156,Felicia,Garces,86007
86008,817384463,Nilda,Vilanova,86008
86009,983322833,Maria Fernanda,Carretero,86009
86010,814471799,Eugenia,Rios,86010
86011,175082337,Piedad,Carretero,86011
86012,240331689,Espiridion,Marquez,86012
86013,927964182,Miriam,Muro,86013
86014,873686099,Rosa Maria,Campos,86014
86015,556198653,Panfilo,Gaya,86015
86016,561951361,Genoveva,Porcel,86016
86017,956395094,Paula,Porcel,86017
86018,673830029,Lilia,Isern,86018
86019,620939789,Elba,Otero,86019
86020,642824621,Raquel,Guardia,86020
86021,885314891,Julie,Pina,86021
86022,456039338,Urbano,Espada,86022
86023,765212856,Damian,Campo,86023
86024,512817464,Martina,Cervera,86024
86025,902739019,Jose Angel,Jauregui,86025
86026,914211607,Fulgencio,Palomino,86026
86027,662337715,Serafina,Alemany,86027
86028,153202539,Ester,Godoy,86028
86029,963704809,Vera,Armas,86029
86030,825498915,Sabina,Guzman,86030
86031,569375483,Febe,Torralba,86031
86032,576337285,Alcides,Casado,86032
86033,671147993,Diana,Esteban,86033
86034,167698471,Cipriano,Granados,86034
86035,143364455,Gema,Rueda,86035
86036,153795126,Panfilo,Blanco,86036
86037,799234766,Miguel Angel,Lluch,86037
86038,786013429,Abril,Duque,86038
86039,916912691,Benigna,Hernandez,86039
86040,397266051,Maria Teresa,Torres,86040
86041,423249738,Micaela,Pujadas,86041
86042,270123727,Jose,Cerro,86042
86043,226799471,Jacinto,Caro,86043
86044,751768440,Lazaro,Miguel,86044
86045,177764134,Jovita,Torre,86045
86046,842117996,Geronimo,Calleja,86046
86047,119595590,Bruno,Suarez,86047
86048,143053789,Flor,Morcillo,86048
86049,167914246,Maria,Pujadas,86049
86050,620100879,Nuria,Lastra,86050
86051,341627481,Augusto,Carbonell,86051
86052,594767939,Felix,Verdu,86052
86053,704901057,Bienvenida,Landa,86053
86054,328791074,Leoncio,Batlle,86054
86055,914020005,Fortunata,Aguilera,86055
86056,769646064,Miguela,Tormo,86056
86057,108780322,Dorotea,Checa,86057
86058,344906022,Carina,Carreras,86058
86059,397449254,Horacio,Molins,86059
86060,778907838,Ambrosio,Saura,86060
86061,613207028,Adoracion,Villegas,86061
86062,930475365,Noemi,Escobar,86062
86063,439415642,Manuelita,Jorda,86063
86064,326206018,Natanael,Olivera,86064
86065,585018792,Soraya,Banos,86065
86066,850064237,Luisa,Moles,86066
86067,991806419,Carmelita,Diaz,86067
86068,477229796,Nieves,Salas,86068
86069,594966811,Manu,Villalobos,86069
86070,314495111,Chema,Torralba,86070
86071,584482796,Manuelita,Carrasco,86071
86072,846924668,Diego,Alvarado,86072
86073,765025025,Porfirio,Rodrigo,86073
86074,930405297,Juan Manuel,Monreal,86074
86075,680458092,Febe,Bauza,86075
86076,604092923,Carlito,Montes,86076
86077,626011148,Rico,Amor,86077
86078,868634882,Urbano,Cobo,86078
86079,771853947,Juan Luis,Goni,86079
86080,183191771,Nando,Sanchez,86080
86081,731198642,Benigno,Figuerola,86081
86082,799704857,Sarita,Segui,86082
86083,401788834,Africa,Losa,86083
86084,796981042,Tatiana,Baro,86084
86085,551895517,Severino,Folch,86085
86086,268818043,Ligia,Oliver,86086
86087,173223785,Baudelio,Ferrandiz,86087
86088,967094675,Marino,Valera,86088
86089,346907952,Maria Carmen,Alvaro,86089
86090,850686109,Lorenzo,Batlle,86090
86091,608994391,Pastora,Checa,86091
86092,249042966,Emilia,Osuna,86092
86093,317015889,Tere,Patino,86093
86094,523979253,Coral,Benavides,86094
86095,384073109,Marino,Gutierrez,86095
86096,655707602,Vinicio,Barriga,86096
86097,765672580,Vidal,Castello,86097
86098,269941256,Adelardo,Jordan,86098
86099,670623187,Nieves,Madrid,86099
86100,273152757,Isabela,Tenorio,86100
86101,673360915,Juliana,Plaza,86101
86102,154435059,Dora,Mendizabal,86102
86103,289047127,Alonso,Angel,86103
86104,729145194,Marcia,Coll,86104
86105,979362195,Jose,Gutierrez,86105
86106,939509225,Ursula,Menendez,86106
86107,972427295,Fortunata,Quintanilla,86107
86108,262019087,Bonifacio,Baro,86108
86109,199082275,Marisa,Solera,86109
86110,141987954,Olivia,Cisneros,86110
86111,481180819,Edgardo,Cozar,86111
86112,689477010,Valerio,Pinto,86112
86113,895420649,Gustavo,Pulido,86113
86114,390066964,Amilcar,Mendez,86114
86115,131001817,Natanael,Rovira,86115
86116,215975260,Ambrosio,Blazquez,86116
86117,460575990,Artemio,Clemente,86117
86118,759621813,Maria Del Carmen,Gomis,86118
86119,389618129,Natanael,Rodriguez,86119
86120,743875413,Pacifica,Lasa,86120
86121,919877058,Vicente,Mas,86121
86122,966012411,Bruno,Heredia,86122
86123,629090391,Celestino,Rueda,86123
86124,750327613,Calista,Mayoral,86124
86125,903919924,Ernesto,Sans,86125
86126,979445098,Pili,Somoza,86126
86127,767694316,Ariadna,Rossello,86127
86128,701704769,Hernan,Sanz,86128
86129,200806738,Dorita,Palmer,86129
86130,424907342,Federico,Baquero,86130
86131,311435508,Odalis,Aguilar,86131
86132,180010551,Lorenzo,Rojas,86132
86133,375216551,Balduino,Jorda,86133
86134,205136951,Rosario,Portillo,86134
86135,734056933,Victorino,Jimenez,86135
86136,156406352,Geraldo,Elias,86136
86137,123599298,Jafet,Ribes,86137
86138,520813741,Eloisa,Bermejo,86138
86139,325931489,Santos,Garrido,86139
86140,707497084,Elodia,Chico,86140
86141,752293925,Asdrubal,Palomares,86141
86142,925296100,Felix,Lobato,86142
86143,644733101,Raquel,Rivas,86143
86144,883544382,Julia,Solana,86144
86145,266859089,Miguel,Cardenas,86145
86146,261752528,Celso,Sola,86146
86147,107083473,Iris,Merino,86147
86148,950334255,Maria Carmen,Roman,86148
86149,417635106,Carmina,Rodrigo,86149
86150,494313631,Sofia,Gallart,86150
86151,224597339,Candelario,Borrego,86151
86152,594907597,Azucena,Giralt,86152
86153,564469642,Julio,Agullo,86153
86154,997479830,Mercedes,Garriga,86154
86155,704427901,Roberta,Escolano,86155
86156,872151950,Juan Pablo,Arias,86156
86157,690639604,Cesar,Saldana,86157
86158,778522210,Ramona,Canellas,86158
86159,364809468,Angeles,Uriarte,86159
86160,819799533,Manuela,Collado,86160
86161,906584453,Eutimio,Calzada,86161
86162,252846442,Salomon,Cabrero,86162
86163,114446417,Maria Del Carmen,Castejon,86163
86164,989714280,Raimundo,Marquez,86164
86165,288568960,Maria Cristina,Pons,86165
86166,962426825,Melchor,Menendez,86166
86167,827163518,Jose Luis,Melero,86167
86168,201329052,Edmundo,Anguita,86168
86169,241533270,Diana,Segui,86169
86170,618126800,Salvador,Batlle,86170
86171,126120905,Juan Manuel,Julian,86171
86172,331775888,Jeronimo,Salazar,86172
86173,640138237,Azahara,Roman,86173
86174,338105467,Candela,Navas,86174
86175,667040656,Ismael,Macias,86175
86176,696427967,Omar,Martinez,86176
86177,984573052,Felix,Giralt,86177
86178,271915181,Ulises,Bueno,86178
86179,341020698,Rosa,Garrido,86179
86180,877134484,Herminio,Rozas,86180
86181,417396107,Felipe,Machado,86181
86182,457978083,Aranzazu,Pujol,86182
86183,514142178,Ximena,Fuster,86183
86184,960977214,Estefania,Aznar,86184
86185,705187060,Mar,Lucas,86185
86186,150168825,Leonel,Verdugo,86186
86187,716157463,Pepito,Carrasco,86187
86188,775798639,Reina,Prado,86188
86189,554028858,Luisina,Puig,86189
86190,226120048,Jose Antonio,Hernando,86190
86191,618325349,Maxima,Manuel,86191
86192,419227150,Adelina,Grau,86192
86193,583352588,Marcelino,Artigas,86193
86194,472918266,Ceferino,Correa,86194
86195,409812802,Andres Felipe,Flor,86195
86196,538953193,Ramiro,Calderon,86196
86197,876603789,Jacinta,Exposito,86197
86198,260099756,Adora,Sanchez,86198
86199,292148188,Tono,Porcel,86199
86200,980544103,Juanita,Falco,86200
86201,584795402,Eloisa,Bou,86201
86202,600334526,Catalina,Batalla,86202
86203,641640333,Renato,Amigo,86203
86204,705244636,Emelina,Villegas,86204
86205,632156617,Ignacio,Segura,86205
86206,753220724,Ainoa,Acero,86206
86207,511935569,Eva,Fabregat,86207
86208,441716396,Emiliana,Castrillo,86208
86209,438604691,Priscila,Navarrete,86209
86210,565547316,Guadalupe,Alcaraz,86210
86211,593566771,Ester,Feliu,86211
86212,758857391,Cristina,Fuentes,86212
86213,940094075,Pastora,Godoy,86213
86214,751808133,Serafina,Prado,86214
86215,708870599,Antonia,Rios,86215
86216,194747096,Samanta,Santiago,86216
86217,120066311,Maximiano,Carpio,86217
86218,215721478,Edmundo,Macias,86218
86219,192541763,Nazaret,Tolosa,86219
86220,415215794,Melisa,Escudero,86220
86221,278571821,Eustaquio,Donoso,86221
86222,316267041,Macario,Riquelme,86222
86223,561277300,Rolando,Carnero,86223
86224,458442585,Domingo,Rico,86224
86225,907270327,Fortunato,Miro,86225
86226,764373220,Estefania,Valera,86226
86227,237390547,Albert,Mugica,86227
86228,121282943,Macario,Lopez,86228
86229,200585585,Enrique,Mateu,86229
86230,227843242,Victor,Olive,86230
86231,307176119,Nadia,Laguna,86231
86232,568876458,Guadalupe,Vendrell,86232
86233,812622577,Lorenzo,Rojas,86233
86234,202940758,Rene,Lobato,86234
86235,990982262,Ramiro,Conde,86235
86236,650638873,Ani,Barcelo,86236
86237,524852320,Martin,Gutierrez,86237
86238,537009878,Teofila,Melendez,86238
86239,860772930,Tatiana,Carbo,86239
86240,953276311,Cristian,Fabra,86240
86241,630036330,Tiburcio,Ballesteros,86241
86242,855411554,Erasmo,Cuesta,86242
86243,981732844,Nando,Villegas,86243
86244,527327649,Rene,Ribas,86244
86245,723195492,Emma,Blanch,86245
86246,196456130,Rodolfo,Seco,86246
86247,411611910,Primitiva,Valentin,86247
86248,168147228,Pilar,Leon,86248
86249,104733588,Delia,Villaverde,86249
86250,944127088,Primitiva,Baeza,86250
86251,822302911,Maura,Ledesma,86251
86252,443724384,Jesusa,Lledo,86252
86253,440782965,Loreto,Mendizabal,86253
86254,474615421,Ascension,Alcaraz,86254
86255,383285451,Juan Jose,Prieto,86255
86256,918276997,Ciriaco,Solano,86256
86257,564223326,Iker,Falcon,86257
86258,891755410,Guiomar,Valcarcel,86258
86259,273073558,Eva,Iglesias,86259
86260,395337368,Barbara,Monreal,86260
86261,214618306,Roberta,Chaparro,86261
86262,255194096,Prudencia,Buendia,86262
86263,266735402,Amelia,Prat,86263
86264,860824483,Virgilio,Galan,86264
86265,542268577,Adoracion,Calatayud,86265
86266,832688185,Mariano,Morales,86266
86267,935126070,Sol,Solis,86267
86268,292637427,Loreto,Chaves,86268
86269,575576175,Zaira,Valenciano,86269
86270,809696772,Prudencia,Pomares,86270
86271,770347195,Rosa,Cabeza,86271
86272,304059513,Teofila,Canet,86272
86273,270511285,Sarita,Somoza,86273
86274,164657927,Gonzalo,Tejedor,86274
86275,395884344,Ale,Carmona,86275
86276,374723184,Felisa,Paredes,86276
86277,121662798,Macarena,Barros,86277
86278,928139789,Candelas,Cal,86278
86279,277194166,Oriana,Galvan,86279
86280,977590606,Balduino,Valderrama,86280
86281,620039361,Abigail,Fortuny,86281
86282,767697395,Pepe,Pastor,86282
86283,320185412,Ismael,Rincon,86283
86284,350219533,Teobaldo,Lillo,86284
86285,404006339,Rosendo,Alcazar,86285
86286,892424128,Rocio,Arevalo,86286
86287,527658604,Patricia,Escribano,86287
86288,880698858,Florentino,Carvajal,86288
86289,132924937,Ruy,Manzanares,86289
86290,787583600,Jose Antonio,Oliva,86290
86291,614565792,Amor,Giner,86291
86292,412889702,Nydia,Salazar,86292
86293,307349905,Liliana,Vives,86293
86294,160736491,Manola,Arino,86294
86295,698453839,Lourdes,Company,86295
86296,366451164,Maxi,Sala,86296
86297,812533917,Ruy,Mir,86297
86298,865358279,Flor,Calvet,86298
86299,183322204,Lucho,Millan,86299
86300,769310769,Macario,Rios,86300
86301,255892356,Lupe,Castrillo,86301
86302,374261283,Emiliano,Valle,86302
86303,167842330,Vanesa,Tirado,86303
86304,403619098,Blas,Oliveras,86304
86305,688064202,Rafaela,Godoy,86305
86306,894970757,Pelayo,Lledo,86306
86307,691744546,Diana,Bartolome,86307
86308,548181259,Tadeo,Cabanillas,86308
86309,251833859,Azucena,Osorio,86309
86310,929453564,Daniela,Navarro,86310
86311,805036937,Ainara,Machado,86311
86312,367209782,Eulalia,Cordero,86312
86313,744445591,Marianela,Gil,86313
86314,935439627,Pepe,Valls,86314
86315,432443249,Lorenzo,Alberdi,86315
86316,354146115,Teo,Acero,86316
86317,206914480,Socorro,Barros,86317
86318,137866093,Alexandra,Moliner,86318
86319,336855817,Pelayo,Casanova,86319
86320,956063229,Catalina,Carrillo,86320
86321,708392081,Carmela,Mercader,86321
86322,105380112,Fausto,Marin,86322
86323,487143549,Silvio,Barrio,86323
86324,528413387,Rene,Canas,86324
86325,958392553,Maricela,Villar,86325
86326,179254843,Jeremias,Mateo,86326
86327,708122904,Gema,Moran,86327
86328,490233505,Elena,Landa,86328
86329,497147033,Porfirio,Vilaplana,86329
86330,766132301,Petrona,Rivero,86330
86331,417191568,Priscila,Gabaldon,86331
86332,562059428,Aurelio,Conesa,86332
86333,411418396,Elpidio,Leal,86333
86334,804664254,Gonzalo,Alcazar,86334
86335,804210516,Bruno,Julian,86335
86336,670864277,Yago,Marquez,86336
86337,356341947,Evangelina,Estrada,86337
86338,158280477,Jose Ramon,Montserrat,86338
86339,722159767,Salvador,Cepeda,86339
86340,275994905,Ale,Camino,86340
86341,847515000,Manuel,Carbo,86341
86342,218201605,Maura,Riera,86342
86343,521405335,Octavio,Blazquez,86343
86344,563641211,Dionisio,Caparros,86344
86345,233108340,Sigfrido,Anglada,86345
86346,236051646,Jorge,Peinado,86346
86347,514384351,Poncio,Gallego,86347
86348,192288104,Mariana,Company,86348
86349,323902067,Blas,Gordillo,86349
86350,152503995,Dionisio,Saura,86350
86351,210407282,Domingo,Porras,86351
86352,365860354,Marcela,Iglesia,86352
86353,961532376,Amparo,Urrutia,86353
86354,455886581,Erasmo,Aguilo,86354
86355,138299811,Elisa,Aznar,86355
86356,636991706,Samu,Torrens,86356
86357,160226671,Luz,Ferrandiz,86357
86358,966197313,Aurelia,Ribera,86358
86359,508171245,Angelita,Amoros,86359
86360,742779703,Natanael,Guerrero,86360
86361,525710288,Amalia,Barriga,86361
86362,382830791,Sarita,Lumbreras,86362
86363,507556516,Diego,Aguilo,86363
86364,332379296,Miguel,Barcena,86364
86365,207123466,Godofredo,Villaverde,86365
86366,585670117,Florina,Cruz,86366
86367,661897582,Ignacio,Iniguez,86367
86368,161666495,Amaro,Artigas,86368
86369,489565790,Ana,Alegre,86369
86370,966896371,Maite,Coca,86370
86371,468837431,Adelardo,Chaparro,86371
86372,233767466,Florencia,Escudero,86372
86373,781001809,Ignacia,Alvarez,86373
86374,940736182,Celso,Llorente,86374
86375,228249265,Lucho,Agullo,86375
86376,856974912,Borja,Moran,86376
86377,200893957,Graciana,Olivera,86377
86378,468710099,Eligia,Abella,86378
86379,777846470,Ignacia,Espinosa,86379
86380,983490761,Flavio,Manso,86380
86381,867626260,Violeta,Campo,86381
86382,193036511,Hector,Valero,86382
86383,173358266,Teresa,Haro,86383
86384,710496916,Eva Maria,Pina,86384
86385,684264717,Ignacia,Chaparro,86385
86386,551445322,Hector,Mas,86386
86387,584754164,Ursula,Cabrero,86387
86388,282183665,Fidela,Falco,86388
86389,617247691,Fabian,Morell,86389
86390,659029222,Angelino,Atienza,86390
86391,556766902,Jose Carlos,Heredia,86391
86392,169046429,Quique,Capdevila,86392
86393,571011700,Rosalva,Villalba,86393
86394,487279889,Tania,Bautista,86394
86395,517149027,Adoracion,Vidal,86395
86396,109919955,Adolfo,Cuadrado,86396
86397,276324731,Manola,Duque,86397
86398,434234389,Adriana,Barbera,86398
86399,544017348,Calisto,Duque,86399
86400,486300104,Lidia,Bueno,86400
86401,870000010,Dorotea,Valles,86401
86402,178430780,Cayetana,Torrents,86402
86403,132051151,Carlota,Haro,86403
86404,781124640,Baltasar,Galindo,86404
86405,145540054,Yessica,Isern,86405
86406,127925022,Anita,Torrens,86406
86407,503154173,Elodia,Aguila,86407
86408,456417644,Cristobal,Salazar,86408
86409,841311552,Jeronimo,Fiol,86409
86410,548856806,Iban,Salmeron,86410
86411,109451357,Flavio,Gisbert,86411
86412,739419730,Emiliano,Roca,86412
86413,793136121,Eusebia,Lumbreras,86413
86414,518441964,Benigno,Bejarano,86414
86415,747967254,Luciano,Escolano,86415
86416,275550724,Angel,Fuster,86416
86417,930239913,Maria Pilar,Torrijos,86417
86418,645545243,Damian,Juarez,86418
86419,686195300,Daniel,Coca,86419
86420,184313743,Sara,Gisbert,86420
86421,498644216,Bautista,Bolanos,86421
86422,946067430,Jordi,Coca,86422
86423,257769822,Benita,Blanco,86423
86424,711824413,Placido,Duarte,86424
86425,164134602,Ligia,Lumbreras,86425
86426,790683295,Anselma,Rosell,86426
86427,702141791,Monica,Mayol,86427
86428,844970315,Aurea,Elorza,86428
86429,505362225,Severino,Acuna,86429
86430,478291385,Tania,Bermudez,86430
86431,596126547,Marcelino,Egea,86431
86432,516625885,Gracia,Sanz,86432
86433,900356900,Victor,Pinedo,86433
86434,150676919,Merche,Riera,86434
86435,797742097,Simon,Canovas,86435
86436,516366268,Raimundo,Quevedo,86436
86437,227288574,Ulises,Urrutia,86437
86438,699840106,Ema,Cortes,86438
86439,354556975,Tania,Tapia,86439
86440,966749359,Bernardita,Hervas,86440
86441,694571272,Chus,Noguera,86441
86442,472106075,Jose Antonio,Solera,86442
86443,680045661,Pedro,Ricart,86443
86444,517657888,Emma,Olive,86444
86445,326665497,Raimundo,Domenech,86445
86446,127169888,Chucho,Guillen,86446
86447,703866542,Ale,Aliaga,86447
86448,415591598,Jordi,Jordan,86448
86449,492523944,Berto,Silva,86449
86450,162016315,Edmundo,Acevedo,86450
86451,431172709,Aitor,Rivero,86451
86452,253069471,Jordi,Seco,86452
86453,489283095,Martina,Hernandez,86453
86454,907985609,Andres,Iniguez,86454
86455,100097077,Febe,Davila,86455
86456,768211107,Teofila,Neira,86456
86457,402784169,Ema,Barrio,86457
86458,602198716,Dionisio,Botella,86458
86459,325375028,Edu,Donaire,86459
86460,891823348,Leonardo,Cabello,86460
86461,648736588,Poncio,Vazquez,86461
86462,159619844,Maricela,Mas,86462
86463,481096796,Fernando,Lucena,86463
86464,760434872,Ciriaco,Cuervo,86464
86465,745152623,Angelita,Carreras,86465
86466,161475333,Felicia,Bartolome,86466
86467,638553389,Valentina,Ferrando,86467
86468,800965577,Berto,Borras,86468
86469,477240669,Adalberto,Tudela,86469
86470,594342930,Nuria,Peinado,86470
86471,830825622,Pio,Benavides,86471
86472,613373891,Petrona,Carmona,86472
86473,486767955,Octavia,Godoy,86473
86474,337263450,Evaristo,Zurita,86474
86475,244031564,Tecla,Granados,86475
86476,489650099,Saturnino,Herrera,86476
86477,524122513,Ursula,Soler,86477
86478,718284269,Leon,Elias,86478
86479,249609417,Olegario,Esteve,86479
86480,871403594,Soraya,Francisco,86480
86481,799366686,Evangelina,Granados,86481
86482,552287912,Javier,Castell,86482
86483,924827997,Jenaro,Abascal,86483
86484,381943558,Trinidad,Gomez,86484
86485,272923242,Mayte,Palomino,86485
86486,546089888,Angel,Sanmiguel,86486
86487,172618058,Bautista,Ortega,86487
86488,566010894,Maxi,Rios,86488
86489,712579690,Dionisio,Toro,86489
86490,303434612,Florentina,Rius,86490
86491,547928630,Cintia,Morante,86491
86492,137890424,Eugenio,Morell,86492
86493,795063185,Josep,Acero,86493
86494,453638487,Cornelio,Saez,86494
86495,633797394,Prudencio,Sans,86495
86496,370036076,Angelino,Izaguirre,86496
86497,380004120,Evelia,Navarrete,86497
86498,893047887,Domitila,Palomar,86498
86499,172974948,Maximiano,Valls,86499
86500,730589716,Encarnacion,Roman,86500
86501,815943453,Carla,Tirado,86501
86502,337683298,Victor,Torrijos,86502
86503,987343008,Yago,Peiro,86503
86504,608932120,Natalia,Corbacho,86504
86505,953617102,Custodia,Muro,86505
86506,814711530,Rufino,Pina,86506
86507,129860641,Macaria,Costa,86507
86508,257547625,Artemio,Tejero,86508
86509,951443922,Leopoldo,Saura,86509
86510,622342551,Vinicio,Leon,86510
86511,866670265,Macaria,Buendia,86511
86512,259805956,Eric,Hervia,86512
86513,149659349,Sol,Tomas,86513
86514,333504241,Adalberto,Fuentes,86514
86515,669730962,Carmina,Torrent,86515
86516,300756808,Elpidio,Campo,86516
86517,421957018,Sigfrido,Trillo,86517
86518,514965892,Marc,Calderon,86518
86519,657688159,Dani,Figueroa,86519
86520,353228167,Roque,Segarra,86520
86521,380709494,Violeta,Mateos,86521
86522,946435793,Calixta,Solera,86522
86523,990578999,Tono,Caballero,86523
86524,338378291,Reyes,Garmendia,86524
86525,338918238,Seve,Aguilera,86525
86526,558869599,Dorotea,Benitez,86526
86527,105658988,Amilcar,Tomas,86527
86528,552711859,Virgilio,Rosales,86528
86529,618268791,Eufemia,Olmo,86529
86530,514298827,Amanda,Marmol,86530
86531,448193585,Tomasa,Hierro,86531
86532,929180016,Ildefonso,Arjona,86532
86533,888499882,Teodora,Romero,86533
86534,792500784,Leoncio,Grau,86534
86535,181872441,Zaida,Mercader,86535
86536,853023828,Belen,Mercader,86536
86537,208571488,Ruy,Roman,86537
86538,849484387,Odalis,Vergara,86538
86539,269918044,Paulino,Vizcaino,86539
86540,548967655,Florina,Lasa,86540
86541,605714542,Artemio,Riera,86541
86542,243936150,Lalo,Ferrandiz,86542
86543,867498584,Jacinto,Saez,86543
86544,766808941,Juan Pablo,Valera,86544
86545,395698625,Chuy,Marquez,86545
86546,245449354,Adalberto,Alcala,86546
86547,839093511,Rodrigo,Cordero,86547
86548,189610757,Gloria,Aviles,86548
86549,295558486,Vera,Comas,86549
86550,181052272,Dalila,Pedrosa,86550
86551,130213300,Jose Angel,Izquierdo,86551
86552,606879833,Estrella,Berenguer,86552
86553,986847988,Maximiliano,Lasa,86553
86554,630562022,Candido,Prado,86554
86555,165881668,Angela,Acedo,86555
86556,468267546,Isa,Juan,86556
86557,122568755,Lupe,Solana,86557
86558,854802265,Cebrian,Izaguirre,86558
86559,533413242,Adalberto,Saez,86559
86560,866999780,Elvira,Roman,86560
86561,817770905,Soledad,Marcos,86561
86562,384100512,Amor,Maldonado,86562
86563,662935990,Otilia,Ibanez,86563
86564,704842683,Luna,Olivera,86564
86565,863403604,Amanda,Pera,86565
86566,209348594,Haroldo,Toledo,86566
86567,811256550,Mamen,Ramirez,86567
86568,948801453,Herberto,Solano,86568
86569,423569935,Baltasar,Murillo,86569
86570,522550579,Filomena,Cardona,86570
86571,426298593,Albano,Contreras,86571
86572,660896856,Clarisa,Sureda,86572
86573,628607445,Sarita,Tejedor,86573
86574,428770019,Perla,Valderrama,86574
86575,132339693,Calisto,Agudo,86575
86576,105653897,Rosario,Juan,86576
86577,549487185,Pepito,Vallejo,86577
86578,252504143,Sarita,Rosado,86578
86579,802388408,Felipa,Verdugo,86579
86580,963187285,Leocadia,Marco,86580
86581,645673962,Graciela,Gomila,86581
86582,796488321,Beatriz,Caceres,86582
86583,493496942,Adriana,Otero,86583
86584,948490420,Apolonia,Muniz,86584
86585,487026197,Mario,Zurita,86585
86586,822448420,Cecilia,Guerra,86586
86587,488245934,Anastasio,Fajardo,86587
86588,907675737,Fanny,Pelaez,86588
86589,646696605,Raimundo,Duenas,86589
86590,113490709,Teo,Arnau,86590
86591,980034464,Odalys,Barral,86591
86592,116302632,Lazaro,Echevarria,86592
86593,818169395,Aurea,Cisneros,86593
86594,433307393,Ximena,Galan,86594
86595,544971233,Flavio,Peral,86595
86596,756005601,Amparo,Haro,86596
86597,602490208,Adelina,Manrique,86597
86598,638973506,Casemiro,Cano,86598
86599,201209545,Ariel,Gargallo,86599
86600,415619168,Domitila,Colom,86600
86601,581568272,Nuria,Guillen,86601
86602,238788046,Julieta,Cuadrado,86602
86603,733160474,Ciriaco,Amador,86603
86604,726999256,Juan Luis,Malo,86604
86605,845728053,Artemio,Escobar,86605
86606,651405433,Anselma,Coca,86606
86607,772465752,Viviana,Calderon,86607
86608,614965008,Leandra,Marquez,86608
86609,845700081,Damian,Gargallo,86609
86610,526193303,Virginia,Carballo,86610
86611,499920563,Alejandro,Cervantes,86611
86612,105977347,Narciso,Cortes,86612
86613,364431493,Ines,Escribano,86613
86614,594718984,Patricia,Escudero,86614
86615,922157083,Susanita,Quiroga,86615
86616,264696120,Dionisio,Blazquez,86616
86617,948787759,Gaston,Aragon,86617
86618,488729717,Cebrian,Riera,86618
86619,563021567,Salomon,Marquez,86619
86620,935872187,Manu,Correa,86620
86621,211783452,Teodora,Bejarano,86621
86622,392026031,Maura,Manso,86622
86623,105070794,Matilde,Pazos,86623
86624,630319828,Xavier,Tena,86624
86625,457743420,Teodosio,Rubio,86625
86626,842473444,Nico,Blazquez,86626
86627,547879926,Samanta,Pi,86627
86628,637741758,Manuel,Castell,86628
86629,481391106,Juan Antonio,Pizarro,86629
86630,576050116,Nieves,Amo,86630
86631,317859993,Diego,Benavides,86631
86632,324388932,Benita,Amaya,86632
86633,735689902,Tono,Bauza,86633
86634,783815648,Horacio,Roig,86634
86635,298672282,Buenaventura,Galan,86635
86636,941183977,Maximiano,Exposito,86636
86637,684745201,Hugo,Heredia,86637
86638,528963689,Victor,Artigas,86638
86639,906159314,Leonardo,Porras,86639
86640,766358342,Luis Miguel,Villaverde,86640
86641,967628304,Anastasio,Casanovas,86641
86642,931179163,Aroa,Bermudez,86642
86643,261292839,Itziar,Andres,86643
86644,288213706,Ramon,Hernando,86644
86645,293003319,Estefania,Roura,86645
86646,734429509,Martin,Tejera,86646
86647,423393012,Xiomara,Antunez,86647
86648,241187431,Mariano,Mora,86648
86649,380330243,Ruth,Reguera,86649
86650,699882117,German,Marcos,86650
86651,912768092,Nacho,Garces,86651
86652,949221828,Ani,Varela,86652
86653,291155605,Dorotea,Carretero,86653
86654,427686236,Leire,Baro,86654
86655,443597629,Ariadna,Simo,86655
86656,729605708,Martina,Morcillo,86656
86657,658835264,Eladio,Canton,86657
86658,150022467,Manola,Lucena,86658
86659,207174201,Regina,Carrera,86659
86660,524873731,Casemiro,Cueto,86660
86661,588676550,Dionisia,Abascal,86661
86662,346830769,Isidora,Gomila,86662
86663,241061533,Irma,Saldana,86663
86664,949019224,Noemi,Font,86664
86665,101853126,Mario,Pol,86665
86666,288398464,Mariano,Pulido,86666
86667,869398539,Flavia,Espada,86667
86668,669399293,Inocencio,Hoyos,86668
86669,805356751,Aranzazu,Fonseca,86669
86670,812390027,Elpidio,Mayol,86670
86671,909698733,Hermenegildo,Ballesteros,86671
86672,245773353,Mateo,Gibert,86672
86673,800773643,Ricarda,Soriano,86673
86674,518577992,Alcides,Solana,86674
86675,899192749,Blas,Conde,86675
86676,557086171,Maximino,Padilla,86676
86677,221711226,Claudia,Suarez,86677
86678,501893197,Tecla,Hierro,86678
86679,269297143,Ricarda,Pastor,86679
86680,593359310,Gerardo,Sebastian,86680
86681,722457109,Graciela,Sala,86681
86682,102889469,Edelmira,Giron,86682
86683,401559512,Rogelio,Baro,86683
86684,471759617,Prudencia,Montana,86684
86685,802169819,Cristobal,Pulido,86685
86686,476919704,Eduardo,Suarez,86686
86687,778162140,Custodio,Castellanos,86687
86688,482678212,Marco,Pujadas,86688
86689,349176104,Leopoldo,Puerta,86689
86690,539604064,Marcelo,Espada,86690
86691,203933809,Lupe,Arnal,86691
86692,633510175,Salud,Lobo,86692
86693,556140502,Rufino,Vigil,86693
86694,328181568,Azahar,Ortiz,86694
86695,203829951,Cristian,Oller,86695
86696,512119798,Roberta,Ochoa,86696
86697,425125193,Emma,Perera,86697
86698,690896054,Natalia,Palmer,86698
86699,972547909,Emilia,Cuevas,86699
86700,351354976,Evangelina,Valcarcel,86700
86701,279413078,Angela,Sevillano,86701
86702,994968803,Urbano,Infante,86702
86703,377017211,Aurora,Pla,86703
86704,504488223,Brigida,Marques,86704
86705,815457849,Itziar,Arenas,86705
86706,653560508,Petrona,Sala,86706
86707,489352844,Almudena,Granados,86707
86708,855856859,Eusebia,Oliveras,86708
86709,525972753,Amador,Almansa,86709
86710,259923936,Nadia,Plaza,86710
86711,513132370,Margarita,Lerma,86711
86712,910470234,Flavio,Gamez,86712
86713,726420485,Enrique,Huertas,86713
86714,447155687,Pascuala,Gallardo,86714
86715,743737205,Nacio,Barbero,86715
86716,650775652,Pascuala,Adan,86716
86717,852630121,Cristian,Prieto,86717
86718,114703861,Jose Mari,Contreras,86718
86719,741690663,Geraldo,Albero,86719
86720,601382987,Amaro,Romeu,86720
86721,113459764,Javi,Agustin,86721
86722,379316238,Almudena,Garate,86722
86723,923461798,Bautista,Pinol,86723
86724,954731153,Alfredo,Alcaraz,86724
86725,218493479,Alejandro,Tejada,86725
86726,645787752,Itziar,Mendez,86726
86727,926399324,Maximino,Rocha,86727
86728,771948679,Genoveva,Adadia,86728
86729,206516036,Lina,Peinado,86729
86730,540818528,Dulce,Canas,86730
86731,525458236,Pacifica,Ballester,86731
86732,102180224,Natanael,Barreda,86732
86733,436563564,Leocadia,Garriga,86733
86734,697758527,Bernardino,Elorza,86734
86735,644742747,Jose Antonio,Alfaro,86735
86736,694464266,Maximiano,Montero,86736
86737,826691881,Luciano,Grande,86737
86738,567807665,Francisco Jose,Mayo,86738
86739,999688103,Jafet,Bernal,86739
86740,794003949,Amalia,Campillo,86740
86741,331856866,Amaro,Sarabia,86741
86742,370602698,Celestino,Peiro,86742
86743,340933470,Joel,Lopez,86743
86744,311120316,Maria Fernanda,Carbajo,86744
86745,941583785,German,Esteve,86745
86746,108482009,Eduardo,Garrido,86746
86747,113048206,Rodolfo,Aramburu,86747
86748,974268844,Paca,Carreras,86748
86749,623092734,Natividad,Diaz,86749
86750,631051315,Marino,Ledesma,86750
86751,320499666,Olegario,Bru,86751
86752,132122270,Ambar,Mateos,86752
86753,343504524,Manuela,Hierro,86753
86754,573231459,Juan Francisco,Bernal,86754
86755,152941644,Ines,Caparros,86755
86756,207858549,Nicanor,Cordoba,86756
86757,283132429,Julia,Fortuny,86757
86758,757986429,Lupe,Lumbreras,86758
86759,666448363,Perlita,Rivera,86759
86760,841514896,Joaquin,Arjona,86760
86761,379586691,Teresa,Luis,86761
86762,224073784,Jonatan,Sacristan,86762
86763,479703688,Alberto,Mendez,86763
86764,286332696,Alex,Carreno,86764
86765,679607545,Baudelio,Caballero,86765
86766,169664368,Toribio,Sabater,86766
86767,766981317,Violeta,Cerro,86767
86768,557266148,Aristides,Gordillo,86768
86769,971324191,Ruperta,Sevillano,86769
86770,591264763,Leonor,Molina,86770
86771,544383463,Febe,Guitart,86771
86772,603776221,Albert,Tormo,86772
86773,238180937,Jose,Conde,86773
86774,754120536,Reyna,Malo,86774
86775,807823373,Soledad,Escalona,86775
86776,897491250,Lope,Romero,86776
86777,513732212,Oriana,Albero,86777
86778,821685943,Juan Jose,Rocha,86778
86779,427662160,Susanita,Martorell,86779
86780,306727557,Evelia,Mateos,86780
86781,168164954,Yolanda,Almagro,86781
86782,255533441,Magdalena,Esteban,86782
86783,255140066,Salomon,Ojeda,86783
86784,434091042,Teodora,Lopez,86784
86785,368585957,Leticia,Romero,86785
86786,391601002,Alondra,Heras,86786
86787,242811755,Desiderio,Castaneda,86787
86788,287897028,Guadalupe,Lloret,86788
86789,250656029,Sol,Castello,86789
86790,663317161,Sergio,Gimeno,86790
86791,204861950,Genoveva,Garate,86791
86792,213685857,Clarisa,Tenorio,86792
86793,182023814,Fernando,Diego,86793
86794,440031826,Benigna,Manrique,86794
86795,426056266,Carmina,Sainz,86795
86796,571958378,Lope,Sainz,86796
86797,898513111,Americo,Colomer,86797
86798,259681303,Pedro,Miralles,86798
86799,495016782,Olimpia,Recio,86799
86800,801756805,Angela,Santos,86800
86801,854749621,Emilia,Alvarez,86801
86802,789221974,Lisandro,Diego,86802
86803,803670177,Filomena,Blanco,86803
86804,578811887,Agustina,Cardona,86804
86805,639577918,Dionisia,Ferrandez,86805
86806,149197829,Alexandra,Blasco,86806
86807,551349034,Vasco,Izaguirre,86807
86808,416905548,Liliana,Cal,86808
86809,463646596,Rolando,Reguera,86809
86810,626195384,Edgardo,Bustos,86810
86811,687108719,Griselda,Hierro,86811
86812,610879344,Bernardino,Canas,86812
86813,748989026,Adoracion,Villegas,86813
86814,477555341,Fatima,Cortes,86814
86815,720817499,Mar,Castilla,86815
86816,882375708,Agustina,Figuerola,86816
86817,900574066,Sigfrido,Lerma,86817
86818,822699387,Bienvenida,Pages,86818
86819,702600446,Emilia,Verdejo,86819
86820,813769027,Cecilio,Benavent,86820
86821,145949351,Hilario,Coca,86821
86822,343773554,Leonel,Moles,86822
86823,299930107,Adela,Domingo,86823
86824,247661013,Nerea,Francisco,86824
86825,437700902,Octavio,Sans,86825
86826,516747203,Ariadna,Araujo,86826
86827,520900250,Leire,Exposito,86827
86828,612833395,Felipa,Tapia,86828
86829,207108802,Cipriano,Barrena,86829
86830,481567590,Maite,Torres,86830
86831,183647071,Gloria,Landa,86831
86832,236812458,Emilio,Gual,86832
86833,232222821,Elisa,Feliu,86833
86834,385655714,Jose Mari,Colomer,86834
86835,647673510,Eduardo,Quiroga,86835
86836,661279092,Maximino,Pinilla,86836
86837,134185355,Adriana,Acosta,86837
86838,426592941,Florentina,Abella,86838
86839,281616519,Hortensia,Espada,86839
86840,115362554,Isaias,Arcos,86840
86841,285870683,Ovidio,Gutierrez,86841
86842,581999166,Rosario,Mata,86842
86843,386486214,Jaime,Calleja,86843
86844,181007673,Roque,Pozo,86844
86845,771226242,Camila,Gras,86845
86846,694421583,Aristides,Nicolau,86846
86847,781880766,Melania,Pelaez,86847
86848,456334065,Hilario,Ramirez,86848
86849,743952369,Candelaria,Miguel,86849
86850,131945158,Amaro,Aguilera,86850
86851,318671190,Encarnita,Berrocal,86851
86852,877248596,Hortensia,Hoyos,86852
86853,171889420,Ana,Casanovas,86853
86854,448625260,Jorge,Bravo,86854
86855,470214586,Osvaldo,Francisco,86855
86856,670502397,Nidia,Bejarano,86856
86857,798510998,Leticia,Bonilla,86857
86858,626751160,Ofelia,Pelaez,86858
86859,713766190,Espiridion,Esteve,86859
86860,235051033,Coral,Borrell,86860
86861,666348901,Luna,Donaire,86861
86862,976714499,Bernardo,Cases,86862
86863,364077171,Clotilde,Farre,86863
86864,500717748,Jenaro,Pedrero,86864
86865,393878330,Jose Miguel,Araujo,86865
86866,562081545,Casemiro,Chamorro,86866
86867,696781730,Juan Manuel,Pinto,86867
86868,911605333,Carmelita,Urrutia,86868
86869,478246638,Plinio,Mayo,86869
86870,681297328,Carmela,Canas,86870
86871,430306136,Amaro,Conesa,86871
86872,194945938,Marcia,Benitez,86872
86873,447608097,Alejo,Tejero,86873
86874,629199055,Jose Ignacio,Soria,86874
86875,679989402,Constanza,Enriquez,86875
86876,906396039,Esther,Saez,86876
86877,147168809,Carmen,Duran,86877
86878,367939463,Tristan,Aguirre,86878
86879,365242855,Araceli,Julia,86879
86880,548742917,Adolfo,Cabanas,86880
86881,601829777,Emma,Valle,86881
86882,382745917,Manuela,Arenas,86882
86883,943401795,Ciro,Canales,86883
86884,765916725,Jose Maria,Escudero,86884
86885,378225424,Feliciano,Amo,86885
86886,723688157,Salomon,Planas,86886
86887,736257635,Ileana,Berenguer,86887
86888,419245312,Amancio,Cornejo,86888
86889,502523811,Sol,Montalban,86889
86890,812545081,Eutimio,Monreal,86890
86891,945130158,Dulce,Laguna,86891
86892,563442063,Jose Angel,Feijoo,86892
86893,792362785,Lorenzo,Aragones,86893
86894,992283555,Rufino,Jordan,86894
86895,191945331,Rodolfo,Carlos,86895
86896,931100167,Cleto,Bastida,86896
86897,289630033,Abilio,Medina,86897
86898,300515725,Jorge,Ayllon,86898
86899,808670165,Marino,Santana,86899
86900,252705961,Loreto,Grande,86900
86901,167459846,Elias,Andres,86901
86902,710856233,Aitor,Quero,86902
86903,202437392,Virgilio,Saura,86903
86904,720918690,Modesto,Baena,86904
86905,430466988,Eufemia,Castro,86905
86906,243841162,Rafa,Morillo,86906
86907,266152798,Venceslas,Parra,86907
86908,812020584,Joaquin,Lledo,86908
86909,215469007,Fabricio,Palma,86909
86910,455719949,Abril,Valderrama,86910
86911,783029750,Paco,Almansa,86911
86912,682672209,Horacio,Llobet,86912
86913,908222542,Jose Ignacio,Rio,86913
86914,240160527,Constanza,Munoz,86914
86915,399010023,Bibiana,Pinol,86915
86916,915491337,Edelmira,Adadia,86916
86917,834066636,Nazario,Company,86917
86918,283146902,Jesusa,Ortiz,86918
86919,524600881,Jonatan,Andres,86919
86920,750858093,Miriam,Cerezo,86920
86921,744665165,Jose Miguel,Oller,86921
86922,963466581,Octavio,Terron,86922
86923,989290994,Sandalio,Calderon,86923
86924,628329325,Jenaro,Valderrama,86924
86925,141047121,Lupita,Carpio,86925
86926,157877063,Iris,Calderon,86926
86927,515386926,Nidia,Pina,86927
86928,152823326,Jafet,Arranz,86928
86929,977479103,Glauco,Baquero,86929
86930,893505804,Chus,Gutierrez,86930
86931,973133458,Dora,Nebot,86931
86932,155175687,Cristian,Otero,86932
86933,469676961,Esperanza,Yanez,86933
86934,603776102,Victoriano,Bernal,86934
86935,660687342,Liliana,Garrido,86935
86936,239527332,Ruben,Abella,86936
86937,175793106,Esther,Fabregas,86937
86938,667454612,Lupe,Muro,86938
86939,441716070,Bonifacio,Vara,86939
86940,251930185,Mar,Garces,86940
86941,551850700,Adrian,Barcelo,86941
86942,942526690,Rosalva,Solsona,86942
86943,440868652,Ambrosio,Palomares,86943
86944,373702959,Melania,Toledo,86944
86945,332460367,Juanito,Quintanilla,86945
86946,572515738,Felipa,Garmendia,86946
86947,978227299,Trinidad,Mascaro,86947
86948,511878316,Abigail,Pages,86948
86949,187892359,Abigail,Blasco,86949
86950,581808273,Porfirio,Torre,86950
86951,650825836,Francisca,Julia,86951
86952,702374023,Hugo,Mugica,86952
86953,869620461,Aitana,Recio,86953
86954,793076366,Leyre,Armengol,86954
86955,560136472,Angel,Frias,86955
86956,388428285,Josue,Alvarado,86956
86957,647664889,Roberta,Narvaez,86957
86958,824737614,Esperanza,Moliner,86958
86959,182069811,Natalia,Puig,86959
86960,329455643,David,Esteve,86960
86961,163023730,Matias,Rosales,86961
86962,696020995,Santiago,Peralta,86962
86963,932937569,Fortunato,Acedo,86963
86964,952580485,Azahara,Mir,86964
86965,134205291,Edgardo,Carpio,86965
86966,746244621,Andres,Naranjo,86966
86967,323620170,Berta,Buendia,86967
86968,320739738,Baldomero,Pellicer,86968
86969,622931686,Lupe,Sastre,86969
86970,705514636,Ani,Torralba,86970
86971,156359005,Ruth,Murillo,86971
86972,930495472,Leonor,Aviles,86972
86973,700702303,Mercedes,Checa,86973
86974,309070836,Carmelo,Feijoo,86974
86975,871440227,Maria Teresa,Coll,86975
86976,763913066,Celestino,Solis,86976
86977,380801314,Juan,Fonseca,86977
86978,557702961,Rosendo,Raya,86978
86979,545766990,Amarilis,Pastor,86979
86980,396508705,Ines,Ribes,86980
86981,581787681,Elba,Alberola,86981
86982,474354711,Sergio,Alcantara,86982
86983,974717215,Julie,Barros,86983
86984,227208501,Mar,Zabala,86984
86985,100531240,Francisco Javier,Carro,86985
86986,534355452,Nereida,Aliaga,86986
86987,249303699,Manuela,Valle,86987
86988,865417510,Merche,Banos,86988
86989,532755353,Narciso,Esteve,86989
86990,563418223,Edelmira,Anguita,86990
86991,488752462,Carla,Roldan,86991
86992,590575488,Juan,Nevado,86992
86993,426885290,Nayara,Vall,86993
86994,551696973,Nuria,Castaneda,86994
86995,630719947,Gerardo,Lucas,86995
86996,157622825,Elodia,Vicente,86996
86997,814146502,Salomon,Castaneda,86997
86998,283022171,Eutropio,Castells,86998
86999,242792063,Paula,Recio,86999
87000,379826860,Febe,Figueroa,87000
87001,886484663,Domitila,Baena,87001
87002,814534530,Dafne,Canizares,87002
87003,702946478,Rosenda,Estevez,87003
87004,956324441,Maria,Losada,87004
87005,502253757,Alma,Sainz,87005
87006,328993033,Isabel,Sanmartin,87006
87007,306667917,Yolanda,Sales,87007
87008,737565928,Gabriela,Prieto,87008
87009,485186703,Febe,Rovira,87009
87010,649575993,Galo,Tur,87010
87011,530318016,Rodolfo,Ibanez,87011
87012,123106005,Sol,Mena,87012
87013,194655239,Felipe,Arias,87013
87014,385201096,Mamen,Palau,87014
87015,565539713,Evita,Zaragoza,87015
87016,283109563,Aristides,Urrutia,87016
87017,354741313,Rosa Maria,Manzano,87017
87018,809597733,Tecla,Zaragoza,87018
87019,473437726,Jose,Canovas,87019
87020,967158539,Luisa,Falco,87020
87021,121800415,Azeneth,Calderon,87021
87022,549606153,Amarilis,Calleja,87022
87023,823414423,Abilio,Gallardo,87023
87024,875408554,Ana Belen,Villalobos,87024
87025,660894664,Raquel,Vargas,87025
87026,597624235,Fausto,Luis,87026
87027,166729764,Porfirio,Pablo,87027
87028,374922785,Cristobal,Giron,87028
87029,672987910,Paco,Salva,87029
87030,870934793,Jose Manuel,Catala,87030
87031,452184151,Rufino,Pino,87031
87032,687617544,Carmen,Bertran,87032
87033,350176594,Ariel,Marcos,87033
87034,584737669,Jessica,Carlos,87034
87035,136241664,Asuncion,Cordoba,87035
87036,904147659,Calisto,Galindo,87036
87037,915578256,Lorenza,Tenorio,87037
87038,459280718,Emiliano,Nunez,87038
87039,149015701,Luz,Calderon,87039
87040,129233065,Maria Pilar,Ferrer,87040
87041,130142778,Petrona,Armengol,87041
87042,393044509,Ale,Garrido,87042
87043,850761811,Jose Angel,Pozo,87043
87044,947622435,Araceli,Jaume,87044
87045,808853018,Marita,Sotelo,87045
87046,713032010,Esteban,Pombo,87046
87047,806685877,Luisina,Tenorio,87047
87048,404606381,Lucas,Velez,87048
87049,547309712,Tecla,Castello,87049
87050,369331545,Quirino,Gabaldon,87050
87051,689625357,Seve,Egea,87051
87052,162285493,Lucia,Aragon,87052
87053,791730409,Nicolasa,Jaume,87053
87054,834062355,Bautista,Vicente,87054
87055,770889258,Jenaro,Olive,87055
87056,869843214,Angelita,Gabaldon,87056
87057,739555563,Rolando,Aguilar,87057
87058,332050383,Cecilio,Fuertes,87058
87059,309104128,Evaristo,Manzano,87059
87060,135374671,Teobaldo,Aviles,87060
87061,894900289,Victor,Mariscal,87061
87062,807598487,Kike,Diego,87062
87063,918763715,Morena,Barcena,87063
87064,326126779,Hector,Zabaleta,87064
87065,670391989,Esmeralda,Recio,87065
87066,793533503,Che,Navarro,87066
87067,286650426,Lourdes,Aznar,87067
87068,327576384,Cecilia,Marques,87068
87069,328738522,Juana,Jimenez,87069
87070,570423273,Josep,Nicolas,87070
87071,159301188,Anibal,Segura,87071
87072,336157987,Carlota,Ramis,87072
87073,745389634,Estefania,Toro,87073
87074,406467665,Regina,Cifuentes,87074
87075,731920315,Leonardo,Leiva,87075
87076,570060707,Manuelita,Cal,87076
87077,117115711,Espiridion,Nogueira,87077
87078,189091108,Carlota,Nogues,87078
87079,683248924,Rosa Maria,Pedraza,87079
87080,276966153,Iker,Ramon,87080
87081,275125122,Fernanda,Villena,87081
87082,813942450,Bienvenida,Marin,87082
87083,409510954,Silvia,Quintanilla,87083
87084,580767608,Rolando,Barros,87084
87085,555724803,Dionisio,Mariscal,87085
87086,187136023,Lisandro,Bas,87086
87087,687882285,Aranzazu,Salgado,87087
87088,408953585,Roberta,Aguado,87088
87089,135933776,Rufino,Figueras,87089
87090,836287929,Chus,Jodar,87090
87091,758195732,Liliana,Arellano,87091
87092,424112582,Matias,Sancho,87092
87093,446849099,Renato,Alamo,87093
87094,989514704,Leonardo,Company,87094
87095,636555893,David,Arevalo,87095
87096,212686597,Sonia,Diez,87096
87097,674630707,Guadalupe,Redondo,87097
87098,873765977,Martina,Castejon,87098
87099,840972289,Epifanio,Bello,87099
87100,730851532,Maria Carmen,Llanos,87100
87101,260522938,Florentino,Anton,87101
87102,304148894,Palmira,Azorin,87102
87103,101169402,Angelita,Soto,87103
87104,884646392,Narciso,Tur,87104
87105,706161977,Virginia,Pineiro,87105
87106,188354462,Cornelio,Angel,87106
87107,302993345,Teodora,Gras,87107
87108,290997993,Francisca,Mateo,87108
87109,438425790,Charo,Aragones,87109
87110,539754034,Claudia,Baena,87110
87111,447714277,Noa,Campillo,87111
87112,745905527,Paola,Jimenez,87112
87113,496709176,Luciana,Vazquez,87113
87114,169372615,Ramon,Nadal,87114
87115,440061162,Curro,Rios,87115
87116,275507130,Dora,Linares,87116
87117,429564269,Ruperta,Conde,87117
87118,497814761,Juan Francisco,Ordonez,87118
87119,234418577,Miguel,Tomas,87119
87120,295197650,Arsenio,Taboada,87120
87121,443249800,Paula,Duque,87121
87122,799074624,Emiliana,Seco,87122
87123,169146292,Febe,Hurtado,87123
87124,942977754,Benita,Solera,87124
87125,905778418,Bienvenida,Ugarte,87125
87126,190131447,Daniela,Roma,87126
87127,379537134,Flor,Ferrero,87127
87128,101922151,Patricia,Colom,87128
87129,796653204,Ruben,Aliaga,87129
87130,326539874,Vito,Ramos,87130
87131,803161734,Noa,Mascaro,87131
87132,725303883,Salvador,Pol,87132
87133,693278562,Rocio,Calderon,87133
87134,518200222,Amelia,Marquez,87134
87135,881240056,Maria,Agusti,87135
87136,875831099,Erasmo,Salgado,87136
87137,835506755,Bienvenida,Morcillo,87137
87138,840135101,Jesus,Farre,87138
87139,690088631,Baudelio,Aguirre,87139
87140,310053711,Vicenta,Vilaplana,87140
87141,407835894,Anita,Viana,87141
87142,498399485,Teodosio,Aranda,87142
87143,521378434,Elisa,Galvez,87143
87144,770091579,Cipriano,Mariscal,87144
87145,209076902,Abilio,Quevedo,87145
87146,178685070,Inigo,Castellanos,87146
87147,858182864,Jenny,Cordero,87147
87148,401682714,Martina,Cuesta,87148
87149,921095960,Julie,Escamilla,87149
87150,528131954,Juan Carlos,Isern,87150
87151,862903481,Ignacio,Gordillo,87151
87152,753605038,Ana,Bolanos,87152
87153,396625417,Marisela,Saez,87153
87154,237610123,Ramiro,Baeza,87154
87155,535331608,Candido,Sevilla,87155
87156,837723409,Guiomar,Esteban,87156
87157,274678853,Juan Antonio,Bello,87157
87158,674145547,Juanita,Cordero,87158
87159,345510195,Carlos,Manrique,87159
87160,118025336,Valero,Salas,87160
87161,104369427,Leyre,Godoy,87161
87162,382040434,Berta,Pulido,87162
87163,419681650,Angelita,Llano,87163
87164,455108775,Candelaria,Estrada,87164
87165,157732789,Aurora,Zorrilla,87165
87166,381723791,Susanita,Guitart,87166
87167,654369397,Nydia,Coloma,87167
87168,204131101,Maria,Casas,87168
87169,717170711,Miguela,Pinedo,87169
87170,114586603,Cintia,Llorente,87170
87171,340526568,Victor,Sobrino,87171
87172,432961553,Borja,Gallo,87172
87173,689802690,Martina,Villar,87173
87174,449475494,Segismundo,Giner,87174
87175,696326892,Prudencia,Farre,87175
87176,688339998,Raimundo,Heredia,87176
87177,692340346,Domingo,Arcos,87177
87178,914059009,Felipa,Goni,87178
87179,666793668,Ainara,Bermudez,87179
87180,666440437,Lorena,Adan,87180
87181,461631457,Miriam,Marti,87181
87182,466892766,Buenaventura,Alvarez,87182
87183,813659478,Cipriano,Moraleda,87183
87184,781052950,Mireia,Melendez,87184
87185,731234228,Borja,Arce,87185
87186,609716350,Jonatan,Garay,87186
87187,836793012,Yessica,Canet,87187
87188,664528581,Trini,Adan,87188
87189,257369799,Esther,Galan,87189
87190,824344184,Teresita,Esteban,87190
87191,679092437,Maite,Bello,87191
87192,308680533,Begona,Montalban,87192
87193,954135425,Ceferino,Valenciano,87193
87194,621993535,Mireia,Delgado,87194
87195,282224274,Emiliano,Castillo,87195
87196,945201288,Jorge,Ruiz,87196
87197,999149265,Rafael,Godoy,87197
87198,284540066,Gisela,Monreal,87198
87199,349270662,Juanita,Domingo,87199
87200,824967582,Celia,Peral,87200
87201,739369027,Benjamin,Montenegro,87201
87202,971228717,Dan,Perea,87202
87203,788855089,Miguel,Uria,87203
87204,307305581,Nicolasa,Granados,87204
87205,579295959,Flavio,Carnero,87205
87206,912041924,Dominga,Pedro,87206
87207,745483529,Loreto,Cuellar,87207
87208,456485396,Gabriel,Salamanca,87208
87209,535861532,Maribel,Roman,87209
87210,572947625,Eladio,Corral,87210
87211,796550932,Crescencia,Cabrera,87211
87212,615860492,Susana,Alvarado,87212
87213,931674274,Adelina,Pineiro,87213
87214,605650954,Ruth,Fabregas,87214
87215,480217541,Martina,Gilabert,87215
87216,720770729,Lola,Cortes,87216
87217,575805962,Julio,Pedrero,87217
87218,224720345,Evita,Alegria,87218
87219,880249466,Rodrigo,Porcel,87219
87220,220607404,Narcisa,Pablo,87220
87221,897004208,Azucena,Tejera,87221
87222,518606247,Diego,Montes,87222
87223,718618574,Dora,Velez,87223
87224,392728822,Jordan,Martinez,87224
87225,363034348,Maite,Banos,87225
87226,219479186,Marcia,Muro,87226
87227,683742546,Dionisio,Briones,87227
87228,278922369,Ursula,Alberto,87228
87229,989137667,Maximiliano,Iglesia,87229
87230,996524833,Curro,Hernando,87230
87231,821863541,Paco,Giron,87231
87232,217524157,Vicenta,Ugarte,87232
87233,691432171,Juliana,Aguilo,87233
87234,337250684,Bautista,Canovas,87234
87235,492637211,Ruperta,Fuster,87235
87236,806302342,Graciana,Calzada,87236
87237,886545636,Jose Manuel,Montserrat,87237
87238,572934919,Zoraida,Criado,87238
87239,513624330,Azahar,Ugarte,87239
87240,554730388,Americo,Aroca,87240
87241,891906028,Griselda,Guardiola,87241
87242,940335987,Chelo,Alamo,87242
87243,255724697,Inmaculada,Amador,87243
87244,980634011,Maite,Segovia,87244
87245,669751571,Lucas,Arevalo,87245
87246,398604190,Maxima,Rosales,87246
87247,749173877,Yessica,Goicoechea,87247
87248,631919829,Herminia,Ferran,87248
87249,208326041,Francisco Javier,Murcia,87249
87250,913683379,Ainara,Nicolau,87250
87251,755199277,Isabel,Bosch,87251
87252,982830437,Ester,Briones,87252
87253,705274208,Adrian,Landa,87253
87254,941609293,Maximiano,Pazos,87254
87255,761486308,Ruth,Belmonte,87255
87256,193738346,Domingo,Gabaldon,87256
87257,632952216,Paula,Ballesteros,87257
87258,676210333,Dani,Robledo,87258
87259,394456083,Bibiana,Morell,87259
87260,872956944,Josefina,Cuellar,87260
87261,320777451,Cristina,Morell,87261
87262,435158125,Maria Jose,Navarrete,87262
87263,424738969,Noemi,Vall,87263
87264,917852885,Rosalina,Gomez,87264
87265,849512777,Rafa,Esparza,87265
87266,300168229,Matias,Izquierdo,87266
87267,436995928,Adan,Riera,87267
87268,739617947,Rico,Bastida,87268
87269,372336796,Carmela,Munoz,87269
87270,360946326,Daniel,Alvarado,87270
87271,189039492,Reyes,Sebastian,87271
87272,389325439,Duilio,Villalonga,87272
87273,397466712,Pilar,Sierra,87273
87274,334172072,Bartolome,Jurado,87274
87275,646904829,Lucho,Daza,87275
87276,106216120,Cintia,Arco,87276
87277,226789989,Clarisa,Talavera,87277
87278,651391123,Ester,Fernandez,87278
87279,814042079,Luisa,Pozuelo,87279
87280,424639912,Americo,Peiro,87280
87281,425595388,Clementina,Duenas,87281
87282,508392588,Susana,Urrutia,87282
87283,565693771,Jose Luis,Bolanos,87283
87284,481887641,Cipriano,Iglesia,87284
87285,668394697,Prudencio,Garcia,87285
87286,640106917,Eloisa,Aller,87286
87287,416233488,Ambrosio,Iborra,87287
87288,941793474,Marina,Carranza,87288
87289,921232000,Anna,Mendez,87289
87290,280580837,Elisabet,Guillen,87290
87291,184234303,Noe,Mur,87291
87292,240534443,Eligio,Alonso,87292
87293,606056521,Juan Bautista,Alegre,87293
87294,955426857,Inocencio,Figueroa,87294
87295,686048623,Dionisia,Trujillo,87295
87296,799691901,Anselma,Ordonez,87296
87297,768646302,Dorita,Barral,87297
87298,141465658,Felicia,Pla,87298
87299,881750791,Evelia,Goni,87299
87300,821322174,Encarnacion,Redondo,87300
87301,809857912,Eusebia,Pombo,87301
87302,605607575,Ana Sofia,Perea,87302
87303,246739548,Maribel,Garcia,87303
87304,984455953,Emilia,Sureda,87304
87305,780190794,Alberto,Belmonte,87305
87306,516635505,Cloe,Ibarra,87306
87307,722415623,Gabriela,Ferran,87307
87308,390975761,Estela,Madrigal,87308
87309,626016520,Maximiano,Carballo,87309
87310,809221645,Nerea,Catala,87310
87311,734041810,Romulo,Casares,87311
87312,576919808,Felix,Martorell,87312
87313,771537322,Elisabet,Galan,87313
87314,752040537,Abigail,Leal,87314
87315,586545771,Dominga,Gutierrez,87315
87316,129753771,Efrain,Villalba,87316
87317,953464447,Maura,Fuster,87317
87318,721297557,Iban,Escobar,87318
87319,991219078,Feliciana,Malo,87319
87320,596368951,Tamara,Ferrandez,87320
87321,827860543,Montserrat,Barreda,87321
87322,985611695,Aitana,Pastor,87322
87323,583160158,Luis Angel,Molina,87323
87324,287140975,Selena,Belda,87324
87325,996122708,Marcia,Palau,87325
87326,788072694,Amaro,Reina,87326
87327,708990707,Maximiano,Bosch,87327
87328,677445710,Carina,Marquez,87328
87329,578601396,Selena,Paz,87329
87330,488063556,Amor,Somoza,87330
87331,831200950,Fernanda,Alfonso,87331
87332,458206878,Ximena,Real,87332
87333,837932634,Vasco,Comas,87333
87334,877661967,Ricarda,Dominguez,87334
87335,628011656,Eugenia,Palma,87335
87336,656301873,Lucho,Canals,87336
87337,892246416,Azahar,Llorente,87337
87338,761945728,Chucho,Palomino,87338
87339,910628769,Natanael,Valles,87339
87340,308502175,Jose Miguel,Soriano,87340
87341,860032867,Martina,Amat,87341
87342,915370415,Adolfo,Bautista,87342
87343,534205070,Josep,Minguez,87343
87344,602598076,Cecilio,Acevedo,87344
87345,190792024,Clementina,Blanco,87345
87346,983100264,Segismundo,Vilar,87346
87347,892029016,Prudencio,Velazquez,87347
87348,376646148,Alcides,Alba,87348
87349,242160854,Dorotea,Moran,87349
87350,301496889,Samu,Atienza,87350
87351,818846335,Ceferino,Salazar,87351
87352,249662592,Bernarda,Amo,87352
87353,236378127,Jacinta,Ribera,87353
87354,796163917,Remedios,Pascual,87354
87355,350513069,Fatima,Rojas,87355
87356,350602863,Walter,Carlos,87356
87357,184911761,Carmen,Aguilar,87357
87358,495216743,Ligia,Gonzalez,87358
87359,275715312,Lucho,Figuerola,87359
87360,507099309,Dimas,Vila,87360
87361,965661123,Tania,Domingo,87361
87362,598423292,Flavia,Tejera,87362
87363,333581575,Belen,Galvez,87363
87364,557122124,Hilario,Larrea,87364
87365,225249803,Nicanor,Larranaga,87365
87366,998663656,Salomon,Cortes,87366
87367,954519164,Luisina,Baro,87367
87368,277847733,Amador,Cisneros,87368
87369,183148806,Vidal,Guzman,87369
87370,697882629,Leonardo,Arias,87370
87371,722924521,Francisco Jose,Carreno,87371
87372,104268031,Diana,Berenguer,87372
87373,728017882,Leocadio,Guillen,87373
87374,779912828,Emperatriz,Aznar,87374
87375,716295273,Carlos,Ayllon,87375
87376,781011606,Miguel Angel,Corral,87376
87377,656285682,Yolanda,Arias,87377
87378,803906048,Amado,Mari,87378
87379,587614217,Nilda,Alcalde,87379
87380,578610004,Rosa,Sanchez,87380
87381,370034359,Maximiano,Bayona,87381
87382,760957074,Maria Teresa,Ferreras,87382
87383,541193535,Ainara,Tapia,87383
87384,579739229,Reinaldo,Roura,87384
87385,498039866,Juan Luis,Campos,87385
87386,217963453,Concha,Rincon,87386
87387,494800785,Ulises,Roman,87387
87388,273287247,Mar,Becerra,87388
87389,365028291,Paca,Nicolau,87389
87390,523724304,Anunciacion,Manuel,87390
87391,275033405,Candelaria,Canete,87391
87392,281425598,Pablo,Tapia,87392
87393,393358307,Narcisa,Parejo,87393
87394,829604630,Yago,Sevilla,87394
87395,199579164,Nuria,Suarez,87395
87396,816822091,Jenaro,Cuellar,87396
87397,285463841,Berto,Almeida,87397
87398,206754221,Juan Antonio,Sevillano,87398
87399,950886984,Constanza,Suarez,87399
87400,305404761,Ricardo,Bermudez,87400
87401,866762239,Esmeralda,Perera,87401
87402,889126410,Jennifer,Cardenas,87402
87403,341347046,Chema,Cabello,87403
87404,478395620,Natividad,Arnaiz,87404
87405,841458119,Ovidio,Dominguez,87405
87406,189861273,Alejandra,Castaneda,87406
87407,951966556,Marc,Sabater,87407
87408,512814613,Magdalena,Santamaria,87408
87409,289429957,Ruben,Pazos,87409
87410,801116910,Natalia,Alcolea,87410
87411,481848120,Apolinar,Ribera,87411
87412,683620747,Elvira,Lago,87412
87413,751088812,Rosario,Roman,87413
87414,493079823,Patricio,Munoz,87414
87415,484963618,Alondra,Alberola,87415
87416,131676185,Leticia,Torrens,87416
87417,875392408,Crescencia,Gimenez,87417
87418,732611617,Clemente,Alarcon,87418
87419,800482536,Alfonso,Guzman,87419
87420,677909578,Alejandra,Badia,87420
87421,248891872,Regulo,Lloret,87421
87422,137933972,Emiliana,Ballesteros,87422
87423,724568932,Nidia,Fuertes,87423
87424,135475451,Anunciacion,Valero,87424
87425,995774383,Carla,Aragon,87425
87426,898024380,Felisa,Casas,87426
87427,501640581,Aurora,Luis,87427
87428,946922100,Maura,Agudo,87428
87429,887818576,Miguel Angel,Segura,87429
87430,762883634,Odalys,Carro,87430
87431,538651336,Jenaro,Cisneros,87431
87432,954489703,Nacho,Bernat,87432
87433,293100165,Rufina,Minguez,87433
87434,151463918,Daniela,Infante,87434
87435,502234348,Americo,Amigo,87435
87436,780928302,Julio,Donaire,87436
87437,831506670,Santos,Quevedo,87437
87438,518740140,Piedad,Rozas,87438
87439,545785572,Vasco,Domingo,87439
87440,926412552,Victor,Calzada,87440
87441,875641074,Ricardo,Moles,87441
87442,832216280,Hortensia,Baez,87442
87443,537432920,Aitana,Alberola,87443
87444,985554124,Emiliano,Caparros,87444
87445,844529966,Eugenio,Bernal,87445
87446,292848071,Maria Dolores,Saenz,87446
87447,460291120,Alejandra,Ocana,87447
87448,573275332,Candido,Dalmau,87448
87449,719552176,Malena,Romero,87449
87450,961671541,Anacleto,Carballo,87450
87451,984935113,Hilario,Gimenez,87451
87452,915022701,Selena,Rossello,87452
87453,371689217,Sancho,Camino,87453
87454,310363887,Teresa,Juan,87454
87455,718143853,Eulalia,Pablo,87455
87456,954593839,Saturnino,Vall,87456
87457,603498408,Cleto,Tejero,87457
87458,119284051,Fortunato,Alamo,87458
87459,261731908,Inmaculada,Elias,87459
87460,742353078,Etelvina,Ribes,87460
87461,865474802,Chita,Gomila,87461
87462,789675201,Sol,Cardenas,87462
87463,119836805,Benito,Exposito,87463
87464,289484826,Maria Dolores,Sandoval,87464
87465,819061240,Ignacio,Atienza,87465
87466,468288160,Camilo,Abella,87466
87467,878078724,Adelardo,Alcazar,87467
87468,843847705,Azahara,Pujol,87468
87469,302862405,Perla,Villa,87469
87470,874223451,Soledad,Quero,87470
87471,993159361,Ale,Gil,87471
87472,293036033,Maria Manuela,Granados,87472
87473,944305543,Anselmo,Abellan,87473
87474,150779949,Filomena,Estevez,87474
87475,897677868,Jeremias,Almagro,87475
87476,116939722,Esteban,Antunez,87476
87477,191724118,Belen,Talavera,87477
87478,146285980,Sandra,Mayo,87478
87479,767001196,Antonia,Alvarez,87479
87480,327159133,Ursula,Pombo,87480
87481,597855879,Calisto,Tormo,87481
87482,405394837,Nacio,Querol,87482
87483,684751415,Chema,Salas,87483
87484,645021924,Hernando,Marquez,87484
87485,290856386,Ines,Castilla,87485
87486,496379890,Cipriano,Padilla,87486
87487,486920648,Candelaria,Palacios,87487
87488,813396361,Fabiola,Quiroga,87488
87489,122570778,Dolores,Cerda,87489
87490,295604364,Gabriela,Borja,87490
87491,740196388,Montserrat,Gallo,87491
87492,374528216,Feliciano,Sabater,87492
87493,395443828,Hipolito,Sarmiento,87493
87494,491138364,Cristina,Carbo,87494
87495,970667555,Brigida,Saldana,87495
87496,946042328,Yago,Arnau,87496
87497,235604552,Xiomara,Prieto,87497
87498,950873336,Miguel Angel,Gallardo,87498
87499,102969780,Aurora,Albero,87499
87500,978893372,Lara,Paz,87500
87501,870452622,Lilia,Andreu,87501
87502,212893834,Regulo,Amo,87502
87503,546022258,Teofila,Artigas,87503
87504,807503770,Alondra,Lobato,87504
87505,240240029,Emilio,Feliu,87505
87506,515848220,Moreno,Beltran,87506
87507,890539496,Bruno,Calatayud,87507
87508,180139397,Inmaculada,Capdevila,87508
87509,563449316,Efrain,Grau,87509
87510,271848664,Nando,Marquez,87510
87511,218537984,Albino,Chacon,87511
87512,249386841,Chucho,Casado,87512
87513,499107548,Marc,Pulido,87513
87514,504944281,Santos,Escamilla,87514
87515,881436427,Nadia,Puerta,87515
87516,601270858,Trinidad,Vigil,87516
87517,187397470,Juan Francisco,Jimenez,87517
87518,537727164,Inocencio,Gonzalez,87518
87519,253131510,Maria,Palma,87519
87520,725695468,Angelina,Fajardo,87520
87521,709602965,Daniel,Luis,87521
87522,682515185,Manola,Martinez,87522
87523,443764912,Consuelo,Conesa,87523
87524,352159333,Martin,Mascaro,87524
87525,963521149,Toribio,Lopez,87525
87526,470135032,Alfonso,Garate,87526
87527,629364018,Georgina,Pellicer,87527
87528,149066332,Basilio,Mari,87528
87529,469198824,Silvio,Sandoval,87529
87530,555088967,Jose,Ochoa,87530
87531,513454194,Flora,Carbajo,87531
87532,261697692,Eusebia,Sole,87532
87533,510568341,Elvira,Iriarte,87533
87534,511769774,Pablo,Zamorano,87534
87535,906886651,Amparo,Caceres,87535
87536,194131844,Anselma,Pedrosa,87536
87537,586344289,Ileana,Marti,87537
87538,361411380,Veronica,Solis,87538
87539,960515844,Andres Felipe,Roura,87539
87540,974985992,Blanca,Arrieta,87540
87541,779334624,Albino,Penas,87541
87542,809394709,Apolinar,Velez,87542
87543,574495540,Victorino,Barriga,87543
87544,177939997,Ciro,Aguilera,87544
87545,357646400,Andrea,Gual,87545
87546,431816689,Margarita,Malo,87546
87547,240389334,Ismael,Rossello,87547
87548,332881602,Teo,Valencia,87548
87549,280151331,Maria,Aroca,87549
87550,777871504,Maximo,Lloret,87550
87551,903239743,Rosalia,Arnau,87551
87552,914154932,Isabela,Fuente,87552
87553,149417085,Dora,Madrigal,87553
87554,224817054,Macarena,Sobrino,87554
87555,332701372,Lina,Gomis,87555
87556,487419428,Josep,Bueno,87556
87557,445922763,Francisco Jose,Cid,87557
87558,412309868,Remedios,Osuna,87558
87559,465446933,Jeremias,Falcon,87559
87560,970615664,Rico,Jorda,87560
87561,684143455,Sancho,Cuenca,87561
87562,764933852,Perla,Gelabert,87562
87563,473939156,Arsenio,Mari,87563
87564,909137129,Brigida,Nicolas,87564
87565,714911977,Mohamed,Lillo,87565
87566,625791399,Maria Pilar,Pareja,87566
87567,284321648,Manolo,Figueroa,87567
87568,579573385,Isaac,Suarez,87568
87569,884409920,Maristela,Criado,87569
87570,331152297,Ignacia,Gonzalo,87570
87571,994396481,Brunilda,Amo,87571
87572,354646636,Claudio,Calderon,87572
87573,667562680,Sergio,Posada,87573
87574,172948643,Abraham,Mancebo,87574
87575,639114073,Eutimio,Palomino,87575
87576,231467492,Clemente,Frias,87576
87577,771566368,Jose Manuel,Arcos,87577
87578,524461689,Chus,Perera,87578
87579,399635333,Lourdes,Ayllon,87579
87580,910460055,Baltasar,Martin,87580
87581,886237706,Jose Luis,Bosch,87581
87582,936440623,Paulino,Franco,87582
87583,494004020,Cebrian,Benitez,87583
87584,829813690,Cebrian,Tudela,87584
87585,342002563,Sancho,Munoz,87585
87586,631438654,Dora,Iglesia,87586
87587,820463381,Dulce,Carranza,87587
87588,840039633,Teresa,Zapata,87588
87589,352483653,Jose Manuel,Sobrino,87589
87590,808295160,Fortunato,Pinol,87590
87591,994854731,Pepe,Camps,87591
87592,228932240,Elisabet,Folch,87592
87593,853683898,Paca,Marin,87593
87594,813416655,Daniela,Leiva,87594
87595,388528407,Carmelo,Salamanca,87595
87596,567278815,Hernando,Escribano,87596
87597,290379837,Gerardo,Villalobos,87597
87598,752441557,Matias,Suarez,87598
87599,376272767,Rosaura,Verdejo,87599
87600,466947969,Rosenda,Alfonso,87600
87601,656507255,Alejo,Hernandez,87601
87602,965578201,Nestor,Cornejo,87602
87603,345406260,Carmen,Casas,87603
87604,917248039,Amado,Baeza,87604
87605,720583808,Jordi,Tovar,87605
87606,721880749,Herminio,Morillo,87606
87607,318534269,Micaela,Pages,87607
87608,853859173,Casandra,Olivera,87608
87609,810444088,Pastor,Mas,87609
87610,138704413,Josefa,Espana,87610
87611,977699687,Pastora,Colomer,87611
87612,406801297,Fernanda,Valdes,87612
87613,197412492,Ricarda,Andres,87613
87614,100363782,Alejo,Seco,87614
87615,606102993,Nazaret,Parejo,87615
87616,452313547,Ariel,Torrens,87616
87617,824820157,Eligio,Serrano,87617
87618,545697984,Florentina,Ortega,87618
87619,725878754,Roberta,Domingo,87619
87620,338807535,Martina,Reina,87620
87621,192854532,Maria Angeles,Pintor,87621
87622,219537323,Lupe,Benavent,87622
87623,515477086,Miguel,Perez,87623
87624,373434180,Rosario,Boada,87624
87625,205023897,Paulina,Pina,87625
87626,342215575,Ruperto,Marti,87626
87627,175116828,Petrona,Paniagua,87627
87628,935052427,Casemiro,Gabaldon,87628
87629,319546503,Luis,Asensio,87629
87630,617107707,Reyes,Alonso,87630
87631,236079766,Eulalia,Beltran,87631
87632,797742065,Pilar,Ferrero,87632
87633,652829802,Narciso,Martin,87633
87634,952433304,Jose Angel,Gimenez,87634
87635,908056439,Araceli,Pol,87635
87636,512411456,Javier,Diez,87636
87637,429237917,Sosimo,Lopez,87637
87638,533948897,Chema,Valera,87638
87639,470236962,Ignacia,Alcazar,87639
87640,844940012,Heraclio,Andres,87640
87641,670311440,Candelaria,Rodriguez,87641
87642,120479452,Susanita,Palacios,87642
87643,391694028,Xavier,Arjona,87643
87644,957551400,Jose Carlos,Comas,87644
87645,552359014,Hector,Ferrera,87645
87646,891979118,Soledad,Reina,87646
87647,671087632,Eutimio,Macias,87647
87648,879969526,Mamen,Varela,87648
87649,129556610,Salome,Abellan,87649
87650,978915889,Hernan,Santamaria,87650
87651,231619332,Benjamin,Barba,87651
87652,834125184,Zacarias,Bolanos,87652
87653,308527853,Mamen,Isern,87653
87654,211000935,Pepita,Cardona,87654
87655,829594253,Regulo,Belmonte,87655
87656,260627005,Teofilo,Rubio,87656
87657,249697975,Apolinar,Valls,87657
87658,974409070,Evelia,Castello,87658
87659,285366731,Clementina,Olivera,87659
87660,539336763,Jose Carlos,Palomar,87660
87661,902025532,Maria Fernanda,Bauza,87661
87662,506382494,Itziar,Salvador,87662
87663,991733201,Francisco Javier,Suarez,87663
87664,603213910,Florentina,Franco,87664
87665,269226044,Samuel,Arcos,87665
87666,261310584,Nayara,Carbonell,87666
87667,229072553,Valeria,Cabeza,87667
87668,512035485,Cecilio,Palau,87668
87669,534169734,Rebeca,Juan,87669
87670,191812051,Debora,Torralba,87670
87671,302249397,Fabio,Osuna,87671
87672,696445057,Rosalinda,Cuellar,87672
87673,265971922,Lino,Tovar,87673
87674,253285476,Adelia,Marco,87674
87675,445510371,Desiderio,Hierro,87675
87676,252288946,Renata,Caceres,87676
87677,117540904,Petrona,Pedraza,87677
87678,270519944,Lupita,Mata,87678
87679,690737895,Ema,Canovas,87679
87680,295615118,Mamen,Matas,87680
87681,946448270,Reyes,Iriarte,87681
87682,869669266,Abril,Estrada,87682
87683,612012812,Beatriz,Iniesta,87683
87684,148007316,Nazaret,Amigo,87684
87685,539768029,Lina,Tormo,87685
87686,776650451,Miguel,Blanch,87686
87687,393331160,Tristan,Cepeda,87687
87688,306018368,Saturnina,Calleja,87688
87689,343446373,Maricruz,Blanca,87689
87690,227766157,Hugo,Zorrilla,87690
87691,625108796,Filomena,Corominas,87691
87692,487400917,Genoveva,Acedo,87692
87693,424491358,Luciana,Valenciano,87693
87694,581343359,Brunilda,Menendez,87694
87695,783714384,Juan Pablo,Huertas,87695
87696,408898659,Luna,Bello,87696
87697,599773958,Jose Manuel,Sarmiento,87697
87698,416416869,Ignacia,Cabanas,87698
87699,714454260,Amaro,Montenegro,87699
87700,292802401,Nereida,Almazan,87700
87701,892214164,Silvia,Estrada,87701
87702,586673292,Pacifica,Juan,87702
87703,504218818,Maribel,Lucas,87703
87704,843335556,Gabriela,Gracia,87704
87705,951686484,Tere,Duarte,87705
87706,872675460,Dimas,Conesa,87706
87707,894484466,Montserrat,Marti,87707
87708,196892999,Ines,Serra,87708
87709,830086115,Vera,Menendez,87709
87710,591537701,David,Arenas,87710
87711,679981964,Augusto,Valls,87711
87712,584354275,Baltasar,Canton,87712
87713,142166565,Melisa,Manjon,87713
87714,609360494,Laura,Figuerola,87714
87715,401862026,Maria Fernanda,Salazar,87715
87716,771051608,Anselma,Higueras,87716
87717,191163117,Hortensia,Acero,87717
87718,590270986,Nicolas,Gutierrez,87718
87719,731165656,Isaias,Fabregat,87719
87720,756379408,Victor Manuel,Orozco,87720
87721,956753041,Jose Mari,Muro,87721
87722,815329344,Gilberto,Sans,87722
87723,324534982,Gabriela,Pareja,87723
87724,312685786,Vidal,Rosa,87724
87725,704248853,Silvio,Zabala,87725
87726,589184344,Enrique,Urena,87726
87727,337314302,Calixta,Solera,87727
87728,957934570,Marcela,Cortina,87728
87729,421627280,Marc,Marti,87729
87730,143185622,Maximiliano,Diez,87730
87731,803257709,Jose,Camara,87731
87732,918586637,German,Gracia,87732
87733,763394691,Fulgencio,Mulet,87733
87734,511088096,Santos,Iriarte,87734
87735,841237704,Azahara,Blazquez,87735
87736,825090186,Gracia,Borrego,87736
87737,298857910,Benigno,Arribas,87737
87738,136833866,Martin,Romeu,87738
87739,203053689,Obdulia,Borrell,87739
87740,213245576,Trinidad,Manuel,87740
87741,804863623,Demetrio,Soria,87741
87742,105693801,Paco,Pinilla,87742
87743,888057728,Roberto,Ramis,87743
87744,242812946,Patricio,Font,87744
87745,680013102,Camila,Quintanilla,87745
87746,317320047,Amarilis,Tejero,87746
87747,535087452,Pedro,Vergara,87747
87748,924161895,Juanita,Bermudez,87748
87749,652068147,Luis Miguel,Delgado,87749
87750,231071875,Augusto,Melero,87750
87751,116925875,Noelia,Romero,87751
87752,893255742,Ruy,Andrade,87752
87753,175579890,Trinidad,Garces,87753
87754,129819270,Elvira,Torres,87754
87755,192609635,Buenaventura,Oliver,87755
87756,861643242,Samanta,Vila,87756
87757,754560086,Maristela,Sedano,87757
87758,477995275,Porfirio,Arce,87758
87759,350601388,Geronimo,Goicoechea,87759
87760,276349860,Susanita,Barbera,87760
87761,616444459,Sergio,Sosa,87761
87762,419093786,Domingo,Serna,87762
87763,742511549,Maria Belen,Clemente,87763
87764,413771613,Miguela,Olive,87764
87765,840105964,Mireia,Alemany,87765
87766,376792265,Encarnacion,Menendez,87766
87767,781376248,Marita,Melero,87767
87768,793907456,Elisa,Valles,87768
87769,749852577,Angelino,Goicoechea,87769
87770,575162132,Bautista,Gras,87770
87771,191916287,Matilde,Bueno,87771
87772,776225279,Gilberto,Iniesta,87772
87773,265115221,Jeremias,Ordonez,87773
87774,385773361,Jennifer,Cerda,87774
87775,127907204,Dominga,Marti,87775
87776,617734768,Daniel,Espada,87776
87777,438325309,Lalo,Infante,87777
87778,598051068,Fortunato,Ferrera,87778
87779,392268197,Jose Manuel,Calvo,87779
87780,870764478,Veronica,Escalona,87780
87781,158616919,Carmela,Mas,87781
87782,739516907,Poncio,Pena,87782
87783,336196934,Raul,Quero,87783
87784,539516341,Maura,Villalonga,87784
87785,339020378,Eva,Cadenas,87785
87786,360625481,Juan Carlos,Montenegro,87786
87787,515611930,Ani,Pujol,87787
87788,445701978,Amor,Mendoza,87788
87789,918787359,Zaida,Herranz,87789
87790,591869666,Cecilio,Bilbao,87790
87791,763854848,Esperanza,Pozo,87791
87792,813634129,Petrona,Torralba,87792
87793,492304997,Maria Pilar,Quiros,87793
87794,977857512,Etelvina,Crespi,87794
87795,201869991,Josefina,Andreu,87795
87796,802128484,Benita,Merino,87796
87797,349519654,Dionisio,Antunez,87797
87798,990011308,Apolinar,Aviles,87798
87799,991870151,Jordana,Roldan,87799
87800,826491085,Dorita,Carnero,87800
87801,191567836,Anselmo,Amor,87801
87802,386682004,Pascual,Amigo,87802
87803,550752862,Renata,Sola,87803
87804,634605394,Jose Ramon,Pedrero,87804
87805,161227091,Amalia,Bustos,87805
87806,930978664,Pancho,Carlos,87806
87807,766131491,Graciana,Rincon,87807
87808,525416571,Victoria,Cabello,87808
87809,506292584,Maximino,Criado,87809
87810,173550126,Adelia,Boada,87810
87811,994755467,Candelario,Torre,87811
87812,360863621,Ernesto,Tejedor,87812
87813,712878221,Mariana,Ramos,87813
87814,436474545,Prudencio,Tudela,87814
87815,633711182,Fito,Mari,87815
87816,905968835,Xiomara,Navarrete,87816
87817,195336438,Maria,Mulet,87817
87818,568766264,Albano,Tamarit,87818
87819,979770147,Griselda,Madrigal,87819
87820,842533186,Rebeca,Alsina,87820
87821,230563510,Pancho,Bartolome,87821
87822,902877403,Alejandra,Hierro,87822
87823,226990380,Maximino,Francisco,87823
87824,884159561,Alma,Palomares,87824
87825,882793859,Dulce,Briones,87825
87826,320602786,Nicolas,Malo,87826
87827,333058010,Claudio,Gargallo,87827
87828,214627622,Luis,Canellas,87828
87829,886016544,Fanny,Pujol,87829
87830,413604407,Hilario,Valenciano,87830
87831,169960258,Yessica,Bayon,87831
87832,456389648,Inigo,Cuellar,87832
87833,591789222,Anastasia,Aguado,87833
87834,278892536,Ana,Adan,87834
87835,354541782,Isaias,Plaza,87835
87836,425598923,Gregorio,Solera,87836
87837,548555153,Ivan,Anton,87837
87838,258938917,Octavio,Trujillo,87838
87839,897600519,Amarilis,Feijoo,87839
87840,190685939,Calixto,Ugarte,87840
87841,265288892,Guillermo,Roma,87841
87842,797672855,Valero,Santos,87842
87843,472902885,Leticia,Olmo,87843
87844,605825935,Jose Manuel,Gomez,87844
87845,174152387,Marcio,Araujo,87845
87846,668034008,Felix,Navas,87846
87847,538093360,Regulo,Bilbao,87847
87848,324875869,Paca,Coll,87848
87849,772754551,Galo,Saez,87849
87850,488484920,Florentina,Paredes,87850
87851,683668303,Angel,Salvador,87851
87852,501513322,Saturnino,Quintana,87852
87853,287057713,Vasco,Fiol,87853
87854,211110697,Emelina,Fabra,87854
87855,326669585,Ruperta,Carrasco,87855
87856,556727813,Rosaura,Cid,87856
87857,848680054,Nydia,Alcalde,87857
87858,914610436,Bonifacio,Seco,87858
87859,767056100,Oriana,Lledo,87859
87860,200642114,Cristobal,Angel,87860
87861,203803830,Sebastian,Salcedo,87861
87862,393082544,Carolina,Lloret,87862
87863,989326143,Teresa,Quesada,87863
87864,340742854,Alicia,Manzano,87864
87865,520124931,Margarita,Manso,87865
87866,289897319,Nazaret,Perea,87866
87867,911366832,Plinio,Bertran,87867
87868,468389374,Maria Del Carmen,Arregui,87868
87869,810625479,Paulino,Diaz,87869
87870,368983592,Juan Antonio,Soler,87870
87871,722556533,Benito,Garmendia,87871
87872,137051030,Climaco,Yanez,87872
87873,999672883,Maria Del Carmen,Roman,87873
87874,440980706,Maria Del Carmen,Briones,87874
87875,460276741,Vasco,Hernandez,87875
87876,530734326,Dalila,Pujol,87876
87877,263493192,Guiomar,Prada,87877
87878,958860046,Mario,Delgado,87878
87879,828812128,Glauco,Montero,87879
87880,651638294,Cipriano,Amador,87880
87881,855281146,Ricardo,Higueras,87881
87882,849662084,Paola,Palacio,87882
87883,424283097,Manu,Gomez,87883
87884,337793419,Alicia,Jimenez,87884
87885,782711041,Isabel,Aramburu,87885
87886,708945615,Elena,Castro,87886
87887,108800669,Balduino,Ibarra,87887
87888,139680381,Gonzalo,Carnero,87888
87889,303062736,Plinio,Carrasco,87889
87890,534629172,Victorino,Aragon,87890
87891,555988090,Dionisio,Varela,87891
87892,299082847,Victorino,Aroca,87892
87893,326929009,Aitana,Agusti,87893
87894,218403992,Nicolas,Aragon,87894
87895,527081311,Atilio,Figuerola,87895
87896,720548790,Ascension,Salazar,87896
87897,224526867,Remedios,Iglesia,87897
87898,171373537,Violeta,Estrada,87898
87899,704025862,Laura,Duque,87899
87900,298862271,Esther,Tirado,87900
87901,600636849,Consuelo,Castilla,87901
87902,964273378,Ciriaco,Lerma,87902
87903,892447267,Juan Jose,Casas,87903
87904,935508115,Edgardo,Mesa,87904
87905,923696809,Saturnino,Bosch,87905
87906,634035161,Chuy,Lara,87906
87907,591301754,Cesar,Exposito,87907
87908,336634969,Joaquin,Perales,87908
87909,737810942,Jovita,Reig,87909
87910,514018880,Maura,Tejedor,87910
87911,373517019,Gustavo,Vilar,87911
87912,665228691,Francisco,Coello,87912
87913,577310746,Ainoa,Gaya,87913
87914,154878927,Ismael,Canas,87914
87915,175470561,Socorro,Morell,87915
87916,884707223,Cintia,Benavente,87916
87917,637360149,Aitana,Velasco,87917
87918,370892996,Mariana,Lara,87918
87919,867126894,Marisela,Fuertes,87919
87920,161671830,Mariano,Palomar,87920
87921,104829448,Lazaro,Fortuny,87921
87922,548408098,Remedios,Figueroa,87922
87923,932965331,Ariadna,Guillen,87923
87924,925188190,Ana Sofia,Bolanos,87924
87925,565131299,Arcelia,Pintor,87925
87926,334292231,America,Acevedo,87926
87927,547250808,Marco,Tenorio,87927
87928,647857872,Rita,Valcarcel,87928
87929,279727079,Eliana,Porta,87929
87930,561660768,Aureliano,Sanabria,87930
87931,146158707,Flora,Seco,87931
87932,114182275,Vera,Araujo,87932
87933,348127609,Amor,Bejarano,87933
87934,439350517,Sonia,Arregui,87934
87935,707285976,Evaristo,Bayon,87935
87936,807269476,Nydia,Bonilla,87936
87937,660491406,Mayte,Cabezas,87937
87938,316632067,Lucia,Alarcon,87938
87939,171958020,Conrado,Osuna,87939
87940,509366919,Leocadia,Sevilla,87940
87941,865498616,Azucena,Mora,87941
87942,719355029,Osvaldo,Barral,87942
87943,963473524,Nacho,Saldana,87943
87944,368987151,Guadalupe,Abad,87944
87945,704114422,Lola,Perez,87945
87946,916547572,Aurelio,Ruiz,87946
87947,730859564,Cosme,Sastre,87947
87948,465618329,Ascension,Arnau,87948
87949,330797532,Manolo,Cabeza,87949
87950,617544673,Berta,Zurita,87950
87951,602226786,Kike,Segura,87951
87952,346807953,Elias,Giron,87952
87953,362663259,Teo,Garces,87953
87954,931506110,Diego,Pinol,87954
87955,121221213,Margarita,Romeu,87955
87956,626177465,Tere,Aguila,87956
87957,260043598,Iban,Arce,87957
87958,685640868,Sosimo,Roman,87958
87959,771069380,Claudia,Salom,87959
87960,276085450,Domingo,Paniagua,87960
87961,469556797,Dionisia,Gomez,87961
87962,888346804,Hernando,Redondo,87962
87963,391509738,Ana Sofia,Hoyos,87963
87964,241347896,Valero,Valle,87964
87965,487149211,Marcial,Olmedo,87965
87966,341695768,Carina,Molina,87966
87967,613370002,Matias,Sainz,87967
87968,645124525,Cloe,Olivera,87968
87969,345602928,Ariel,Escudero,87969
87970,598951180,Atilio,Moliner,87970
87971,765114421,Carmela,Esteban,87971
87972,309675091,Mohamed,Armengol,87972
87973,104863579,Lino,Lobo,87973
87974,589578649,Alicia,Bauza,87974
87975,682383064,Elisa,Sevillano,87975
87976,557938493,Eduardo,Vinas,87976
87977,632598412,Mar,Aguilo,87977
87978,363798039,Francisca,Alcolea,87978
87979,330360354,Flavia,Esteban,87979
87980,939013694,Cristina,Taboada,87980
87981,364836048,Eli,Bernad,87981
87982,225373818,Leonardo,Guillen,87982
87983,908004337,Reinaldo,Guillen,87983
87984,863818268,Eduardo,Ruano,87984
87985,200219564,Odalys,Lucena,87985
87986,187029412,Nilda,Larrea,87986
87987,347320241,Julio Cesar,Herranz,87987
87988,289969024,Luis,Galiano,87988
87989,858348647,Jessica,Jove,87989
87990,722700846,Lucho,Gual,87990
87991,748190273,Manolo,Haro,87991
87992,947643853,Evita,Cobo,87992
87993,338925983,Albina,Macias,87993
87994,995140682,Angelita,Trillo,87994
87995,713236062,Bernarda,Solsona,87995
87996,225474036,Florina,Barrena,87996
87997,620191102,Leopoldo,Rodenas,87997
87998,560884893,Luz,Ruano,87998
87999,697326029,Nadia,Ferrera,87999
88000,388851865,Salud,Zaragoza,88000
88001,863195576,Yesica,Ruano,88001
88002,186242987,Angeles,Artigas,88002
88003,579022324,Consuela,Carrasco,88003
88004,490504709,Andres,Aller,88004
88005,766341073,Remigio,Comas,88005
88006,443546487,Josefina,Tejedor,88006
88007,270310691,Valentin,Puerta,88007
88008,615807668,Roque,Uria,88008
88009,945397059,Silvia,Sanjuan,88009
88010,591360360,Hernando,Cortina,88010
88011,151519289,Flavio,Julia,88011
88012,520017592,Damian,Riba,88012
88013,189974850,Chita,Gascon,88013
88014,394575166,Ofelia,Millan,88014
88015,375220257,Joaquin,Trujillo,88015
88016,635612130,Ramiro,Aliaga,88016
88017,194446160,Fabio,Roldan,88017
88018,291190349,Flavia,Andreu,88018
88019,180870786,Jacinto,Roman,88019
88020,603175687,Benjamin,Jimenez,88020
88021,610648295,Gloria,Barrio,88021
88022,265913327,Nazaret,Dieguez,88022
88023,140912397,Jose,Manjon,88023
88024,288932673,Amalia,Cabrero,88024
88025,930759619,Javiera,Elorza,88025
88026,384362859,Lino,Alberola,88026
88027,491323583,Eulalia,Munoz,88027
88028,771973858,Cayetana,Vendrell,88028
88029,161508979,Jose Ramon,Cuenca,88029
88030,633040368,Imelda,Abascal,88030
88031,143208936,Natividad,Asensio,88031
88032,278613875,Zoraida,Cortina,88032
88033,465598776,Aranzazu,Morata,88033
88034,212452196,Maria Cristina,Uriarte,88034
88035,266273379,Ricarda,Elorza,88035
88036,808913682,Danilo,Nieto,88036
88037,686274120,Benita,Toro,88037
88038,522023238,Adelardo,Andreu,88038
88039,118553849,Julieta,Bravo,88039
88040,498263593,Epifanio,Bueno,88040
88041,643960507,Judith,Penas,88041
88042,655422878,Perlita,Azcona,88042
88043,857870329,Mario,Navarro,88043
88044,768030610,Eladio,Gilabert,88044
88045,516036571,Miguel Angel,Mur,88045
88046,871785017,Eutimio,Llado,88046
88047,388650631,Roldan,Rebollo,88047
88048,720980850,Climaco,Sanz,88048
88049,613151199,Casandra,Abad,88049
88050,748866290,Javiera,Jauregui,88050
88051,924689526,Aura,Diez,88051
88052,251906422,Samuel,Porcel,88052
88053,159437154,Alma,Muro,88053
88054,131963267,Jose Maria,Gamez,88054
88055,394929691,Ester,Cabello,88055
88056,246042076,Rafa,Clavero,88056
88057,324765886,Raimundo,Beltran,88057
88058,208599640,Domingo,Pinilla,88058
88059,912243859,Venceslas,Mas,88059
88060,129340141,Pascuala,Elorza,88060
88061,953463761,Paco,Alvaro,88061
88062,244266651,Baltasar,Serna,88062
88063,314040548,Haroldo,Ortuno,88063
88064,644219818,Augusto,Domenech,88064
88065,176976928,Gustavo,Amores,88065
88066,716118056,Jennifer,Rosales,88066
88067,133515989,Cayetana,Coronado,88067
88068,510948155,Omar,Salgado,88068
88069,897403054,Aurelio,Aguirre,88069
88070,817599237,Maria Dolores,Cuellar,88070
88071,897322650,Fabricio,Ricart,88071
88072,457321705,Amor,Vicens,88072
88073,308256206,Marcelino,Pont,88073
88074,556402724,Marisol,Somoza,88074
88075,793961394,Benito,Crespi,88075
88076,229791412,Marc,Cabanas,88076
88077,699310739,Norberto,Mendoza,88077
88078,586880933,Aurelio,Llanos,88078
88079,111705282,Maxi,Baron,88079
88080,516504382,Albina,Torrecilla,88080
88081,671006327,Inmaculada,Ballesteros,88081
88082,434117553,Teodora,Belmonte,88082
88083,590826352,Rosenda,Casanova,88083
88084,866563061,Chema,Rodriguez,88084
88085,716999320,Mariano,Pujol,88085
88086,911088836,Soraya,Gimenez,88086
88087,244835396,Araceli,Planas,88087
88088,134952626,Olimpia,Valles,88088
88089,850199996,Eulalia,Peiro,88089
88090,431285033,Leonor,Pujol,88090
88091,187611579,Belen,Velasco,88091
88092,508640402,Maria Fernanda,Moraleda,88092
88093,512336856,Carina,Berenguer,88093
88094,673781531,Buenaventura,Ferrera,88094
88095,997571518,Casemiro,Vega,88095
88096,268869710,Jenny,Lastra,88096
88097,804671850,Arcelia,Coll,88097
88098,768118773,Lope,Mas,88098
88099,281861393,Rafa,Aliaga,88099
88100,861240338,Encarna,Molins,88100
88101,389350552,Teofila,Cifuentes,88101
88102,526516771,Anastasio,Frias,88102
88103,757587264,Arcelia,Olmedo,88103
88104,320240299,Seve,Cabanillas,88104
88105,113419062,Rosalva,Valls,88105
88106,776868781,Guiomar,Andrade,88106
88107,243563376,Venceslas,Uribe,88107
88108,846490515,Joaquin,Cornejo,88108
88109,136330507,Anacleto,Carmona,88109
88110,750976081,Onofre,Casado,88110
88111,803287554,Jacinta,Puig,88111
88112,559864558,Josefina,Domingo,88112
88113,762329730,Pablo,Jauregui,88113
88114,751518945,Victoria,Blanco,88114
88115,766360008,Camila,Matas,88115
88116,275335978,Elvira,Huertas,88116
88117,464016645,Candelario,Madrid,88117
88118,229014067,Ezequiel,Miralles,88118
88119,639630773,Rafaela,Grande,88119
88120,751728153,Aranzazu,Zabala,88120
88121,108213257,Luisina,Villalba,88121
88122,312727143,Lara,Calderon,88122
88123,709722033,Juliana,Tenorio,88123
88124,193859604,Porfirio,Coca,88124
88125,149503740,Quirino,Sosa,88125
88126,885539614,Valeria,Salom,88126
88127,780924382,Saturnina,Cabeza,88127
88128,234847535,Isabela,Moliner,88128
88129,731676667,Javier,Pavon,88129
88130,733412028,Placido,Franch,88130
88131,354427216,Bartolome,Hernandez,88131
88132,849476212,Tamara,Pi,88132
88133,190823548,Alejandra,Falco,88133
88134,376520885,Luisina,Iborra,88134
88135,522646850,Telmo,Llado,88135
88136,219248116,Elisabet,Egea,88136
88137,369703984,Rafaela,Royo,88137
88138,321650132,Jose Angel,Garcia,88138
88139,170574469,Hernando,Mata,88139
88140,863378509,Ismael,Mir,88140
88141,386659112,Carmina,Villa,88141
88142,623543664,Lara,Carnero,88142
88143,522568322,Anna,Enriquez,88143
88144,126048446,Candelaria,Uriarte,88144
88145,826340093,Rosenda,Vazquez,88145
88146,915821231,Julio,Vall,88146
88147,342927017,Jacobo,Porcel,88147
88148,806625048,Rolando,Sala,88148
88149,148783998,Lupe,Tamayo,88149
88150,543748459,Mario,Camps,88150
88151,766309190,Gala,Santamaria,88151
88152,782949923,Maria Dolores,Lucas,88152
88153,607283136,Bautista,Pelayo,88153
88154,389910893,Herberto,Castro,88154
88155,156998338,Inocencio,Iniesta,88155
88156,729624203,Reinaldo,Espada,88156
88157,305796368,Eva Maria,Olmedo,88157
88158,941673821,Rosa,Verdugo,88158
88159,479407203,Hortensia,Marquez,88159
88160,210753869,Paula,Saez,88160
88161,188436322,Norberto,Malo,88161
88162,790361928,Gervasio,Bello,88162
88163,618289388,Nando,Chico,88163
88164,448978371,Eufemia,Yanez,88164
88165,775704100,Sandra,Ugarte,88165
88166,562321151,Amelia,Romero,88166
88167,620242865,Ligia,Rodenas,88167
88168,989128598,Vinicio,Villegas,88168
88169,822645441,Socorro,Pedrosa,88169
88170,466696496,Olegario,Sole,88170
88171,867071395,Moises,Roman,88171
88172,621447882,Leyre,Amo,88172
88173,637106906,Juan Pablo,Oliver,88173
88174,910476217,Cayetano,Rico,88174
88175,349819567,Sigfrido,Sole,88175
88176,971454053,Lilia,Montenegro,88176
88177,186364587,Emelina,Tudela,88177
88178,991015596,Estefania,Real,88178
88179,616636856,Ingrid,Aramburu,88179
88180,361920452,Abigail,Arribas,88180
88181,870131313,Leyre,Bartolome,88181
88182,661782229,Aurelia,Valcarcel,88182
88183,609643340,Josefina,Vizcaino,88183
88184,385307188,Mariano,Rius,88184
88185,484690479,Bonifacio,Hernandez,88185
88186,849656020,Javiera,Valdes,88186
88187,351849324,Jose Ignacio,Palma,88187
88188,467208887,Flor,Crespo,88188
88189,973806333,Silvestre,Rodrigo,88189
88190,870644117,Anastasio,Maestre,88190
88191,591532255,Fatima,Borrego,88191
88192,653773083,Odalys,Paez,88192
88193,596039318,Elias,Camacho,88193
88194,983985330,Loreto,Zabala,88194
88195,111241998,Hector,Baez,88195
88196,380370915,Albano,Fernandez,88196
88197,987129164,Adelina,Canas,88197
88198,900934079,Primitivo,Capdevila,88198
88199,446525284,Julio,Vicens,88199
88200,315013255,Hernando,Aroca,88200
88201,942937405,Nereida,Navarrete,88201
88202,205513072,Juan Pablo,Elorza,88202
88203,583839298,Marianela,Marti,88203
88204,588611693,Eutropio,Roura,88204
88205,204177461,Teodora,Huerta,88205
88206,167614267,Ildefonso,Campillo,88206
88207,817613804,Ruben,Murillo,88207
88208,211196487,Loida,Carvajal,88208
88209,184197451,Rosa Maria,Vila,88209
88210,554926679,Azucena,Murcia,88210
88211,974349021,Feliciana,Ortiz,88211
88212,975333298,Cristian,Sanmartin,88212
88213,624761561,Lupe,Becerra,88213
88214,926417004,Iker,Velazquez,88214
88215,984517629,Amor,Gaya,88215
88216,733661476,Zaira,Solera,88216
88217,512742065,Seve,Villalonga,88217
88218,655324820,Victorino,Zaragoza,88218
88219,432352764,Nacio,Munoz,88219
88220,377330255,Leocadio,Marin,88220
88221,615961415,Alonso,Luis,88221
88222,898045079,Evita,Davila,88222
88223,218324799,Victoriano,Gomez,88223
88224,188594040,Griselda,Molins,88224
88225,379898656,Matias,Taboada,88225
88226,951460984,Concha,Sastre,88226
88227,671425006,Remigio,Hoyos,88227
88228,389900733,Moises,Domingo,88228
88229,546508073,Armida,Casals,88229
88230,132188460,Hector,Montalban,88230
88231,451184730,Severino,Ramos,88231
88232,400631807,Loreto,Pomares,88232
88233,824731243,Ismael,Medina,88233
88234,912592616,Nilo,Roig,88234
88235,712121549,Cristian,Carballo,88235
88236,336063535,Maribel,Rico,88236
88237,714477675,Virgilio,Arce,88237
88238,439353663,Rodolfo,Roman,88238
88239,531875937,Desiderio,Blazquez,88239
88240,273380085,Leonel,Uria,88240
88241,305144782,Agustin,Gallego,88241
88242,639273944,Fanny,Delgado,88242
88243,423698078,Julieta,Albero,88243
88244,168276318,Dafne,Catalan,88244
88245,921490395,Paloma,Ribas,88245
88246,508248633,Cecilio,Pablo,88246
88247,387104706,Americo,Bueno,88247
88248,736413499,Sol,Mayo,88248
88249,125362366,Arturo,Guillen,88249
88250,188930232,Antonio,Pareja,88250
88251,732503271,Selena,Ledesma,88251
88252,891971453,Juan Pablo,Penalver,88252
88253,274447803,Emperatriz,Bello,88253
88254,910388676,Tania,Fuertes,88254
88255,992395985,Hortensia,Manso,88255
88256,466475977,Samuel,Goni,88256
88257,554727528,Aurelio,Ballester,88257
88258,661655080,Carlos,Lujan,88258
88259,237270158,Eladio,Pulido,88259
88260,388165650,Isabela,Barba,88260
88261,148771392,Urbano,Aviles,88261
88262,869061267,Virgilio,Corbacho,88262
88263,348544885,Paulino,Portero,88263
88264,154545874,Benita,Lujan,88264
88265,357971707,Olalla,Zapata,88265
88266,757131629,Luis,Calderon,88266
88267,990073482,Socorro,Rosales,88267
88268,186311147,Reynaldo,Verdu,88268
88269,683721651,Epifanio,Zamorano,88269
88270,324508972,Nydia,Lopez,88270
88271,785960696,Ignacia,Dominguez,88271
88272,977103260,Maribel,Canas,88272
88273,894445203,Mauricio,Amaya,88273
88274,941229152,Cristian,Montoya,88274
88275,896199667,Francisco Jose,Chaves,88275
88276,672414647,Primitivo,Correa,88276
88277,588208321,Teresita,Alcolea,88277
88278,918119584,Amelia,Girona,88278
88279,336924750,Fausto,Moles,88279
88280,500370299,Albert,Delgado,88280
88281,584322390,Ana,Cordero,88281
88282,307658394,Fidela,Figueroa,88282
88283,476729054,Gustavo,Marquez,88283
88284,641998077,Rosaura,Noriega,88284
88285,354544555,Marisa,Valencia,88285
88286,924506980,Melania,Salazar,88286
88287,501633199,Claudia,Diego,88287
88288,665380050,Saturnina,Campos,88288
88289,300152223,Goyo,Mayol,88289
88290,916154963,Maria Belen,Escalona,88290
88291,351897501,Eladio,Checa,88291
88292,187226503,Xiomara,Galvez,88292
88293,149229070,Zaira,Jaen,88293
88294,102380027,Noe,Aller,88294
88295,134690563,Celso,Salcedo,88295
88296,807021125,Micaela,Milla,88296
88297,978586552,Bernarda,Mancebo,88297
88298,596081054,Sofia,Matas,88298
88299,410488780,Esmeralda,Lluch,88299
88300,677217732,Felicidad,Luz,88300
88301,424949693,Encarna,Rubio,88301
88302,923022886,Geronimo,Ferrando,88302
88303,328885577,Epifanio,Pazos,88303
88304,139571333,Ligia,Lopez,88304
88305,397051225,Fausto,Arteaga,88305
88306,913478657,Blanca,Rey,88306
88307,338489350,Cipriano,Torralba,88307
88308,238903344,Manuela,Giralt,88308
88309,669553243,Albert,Chacon,88309
88310,866772558,Rosa,Castrillo,88310
88311,273484446,Lola,Guzman,88311
88312,884070301,Climaco,Isern,88312
88313,202097275,Emelina,Roman,88313
88314,290209022,Jose,Talavera,88314
88315,160447297,Jenny,Benavent,88315
88316,140400262,Cecilia,Figueroa,88316
88317,471181890,Nico,Ortega,88317
88318,689629661,Perlita,Rincon,88318
88319,959846039,Elodia,Galan,88319
88320,774495688,Lourdes,Chaparro,88320
88321,648030339,Joaquina,Baena,88321
88322,208897814,Victoriano,Pedro,88322
88323,660430179,Lisandro,Olivera,88323
88324,821287889,Nidia,Ibanez,88324
88325,425100676,Tamara,Lloret,88325
88326,580265314,Jose Ramon,Gonzalez,88326
88327,539825055,Dolores,Urena,88327
88328,479663256,Imelda,Rebollo,88328
88329,734494538,Natanael,Montoya,88329
88330,374068941,Aurelio,Yanez,88330
88331,889083600,Visitacion,Guardiola,88331
88332,208625793,Elba,Riquelme,88332
88333,555473567,Natalio,Garate,88333
88334,856266766,Leyre,Gonzalo,88334
88335,175135781,Ainara,Batlle,88335
88336,800730087,Eladio,Paez,88336
88337,970826798,Gustavo,Chaparro,88337
88338,811545781,Wilfredo,Rosello,88338
88339,761955300,Debora,Blanca,88339
88340,659184422,Ruy,Arranz,88340
88341,323149764,Maribel,Arce,88341
88342,496475630,Evelia,Camps,88342
88343,872892226,Manuelita,Valera,88343
88344,794648872,Gracia,Quiros,88344
88345,896328153,Ignacia,Marques,88345
88346,874227729,Ramiro,Tur,88346
88347,157150317,Maria Fernanda,Gil,88347
88348,639836137,Ricarda,Parejo,88348
88349,553554682,Imelda,Cornejo,88349
88350,364510510,Raul,Crespi,88350
88351,981386118,Estela,Beltran,88351
88352,434686604,Amaro,Gimeno,88352
88353,704434109,Lourdes,Villa,88353
88354,329136742,Humberto,Reyes,88354
88355,243635027,Ruth,Alcantara,88355
88356,467652552,Severo,Cordero,88356
88357,262115408,Santos,Lucena,88357
88358,996472374,Berta,Olivares,88358
88359,360480570,Ulises,Valcarcel,88359
88360,789128379,Ana Belen,Canizares,88360
88361,955158646,Aureliano,Espinosa,88361
88362,781158930,Flor,Perello,88362
88363,994573373,Federico,Marquez,88363
88364,707427087,Sonia,Raya,88364
88365,228616045,Benita,Donaire,88365
88366,163010065,Narcisa,Solana,88366
88367,698941158,Quirino,Roca,88367
88368,893757398,Che,Barrios,88368
88369,582465557,Felix,Valle,88369
88370,796176020,Juan Francisco,Esteve,88370
88371,276136028,Adelia,Cano,88371
88372,942724144,Graciana,Oliva,88372
88373,723881211,Elias,Gomila,88373
88374,179721078,Azeneth,Salmeron,88374
88375,716126344,Wilfredo,Vilanova,88375
88376,658285217,Maxima,Zapata,88376
88377,756819174,Nico,Pastor,88377
88378,115055190,Josefina,Tudela,88378
88379,137480397,Narcisa,Garcia,88379
88380,794338671,Kike,Aguilar,88380
88381,649803711,Ulises,Zamora,88381
88382,623649644,Leandra,Guerra,88382
88383,164053385,Lina,Quiros,88383
88384,647086369,Flavia,Heras,88384
88385,359965051,Jose Luis,Jodar,88385
88386,101720856,Sandra,Salcedo,88386
88387,646531398,Arcelia,Jauregui,88387
88388,825387074,Guiomar,Villanueva,88388
88389,616281488,Jenny,Corbacho,88389
88390,604362069,Luis Miguel,Grau,88390
88391,114325557,Marciano,Quintero,88391
88392,811868144,Custodia,Baena,88392
88393,410345618,Angela,Redondo,88393
88394,341380229,Mercedes,Montero,88394
88395,583777645,Macaria,Vall,88395
88396,344882402,Rosaura,Canas,88396
88397,611719804,Che,Bayo,88397
88398,318995374,Juan Carlos,Parejo,88398
88399,271854868,Marita,Bonet,88399
88400,308077296,Venceslas,Amaya,88400
88401,939346167,Macarena,Belmonte,88401
88402,964081060,Marta,Hernandez,88402
88403,790636720,Mamen,Conde,88403
88404,280422912,Elpidio,Lumbreras,88404
88405,400555897,Felicidad,Pont,88405
88406,781200281,Ruperto,Coronado,88406
88407,381993331,Yesica,Ripoll,88407
88408,437711931,Visitacion,Gimenez,88408
88409,426916459,Rodolfo,Portillo,88409
88410,555110841,Juan Pablo,Esparza,88410
88411,416490254,Pastora,Castell,88411
88412,985109516,Ramon,Amores,88412
88413,845661894,Emperatriz,Tomas,88413
88414,621605344,Panfilo,Valera,88414
88415,222997215,Eusebio,Blanca,88415
88416,355075349,Arturo,Bas,88416
88417,194143876,Jose Miguel,Franch,88417
88418,773235033,Primitiva,Dominguez,88418
88419,382866144,Gilberto,Larranaga,88419
88420,314900591,Bernardino,Campos,88420
88421,856109483,Celso,Ferrero,88421
88422,366281186,Simon,Ramon,88422
88423,509853775,Perla,Sierra,88423
88424,871798512,Sabina,Camacho,88424
88425,821851852,Valentin,Colom,88425
88426,687019198,Florinda,Bernad,88426
88427,868166135,Juan Carlos,Nebot,88427
88428,167460966,Amando,Llabres,88428
88429,394118519,Salomon,Barragan,88429
88430,831422695,Rodolfo,Davila,88430
88431,175340447,Ezequiel,Yanez,88431
88432,609921642,Alfredo,Murcia,88432
88433,768869393,Tamara,Chaves,88433
88434,682512696,Eugenio,Ugarte,88434
88435,869258882,Loreto,Cano,88435
88436,395554937,Loreto,Aragones,88436
88437,855784318,Eulalia,Soriano,88437
88438,128414604,Pepita,Coello,88438
88439,554848580,Susanita,Aguilar,88439
88440,318223648,Alex,Bravo,88440
88441,711086088,Paola,Hervia,88441
88442,764384274,Angelita,Andrade,88442
88443,530058101,Chus,Manso,88443
88444,331907397,Ofelia,Sole,88444
88445,206498160,Carmelita,Velazquez,88445
88446,991244335,Santiago,Ferrando,88446
88447,577020079,Eusebio,Perera,88447
88448,850405051,Benigna,Mercader,88448
88449,756329686,Vanesa,Torrents,88449
88450,269150279,Emma,Soriano,88450
88451,408225446,Salud,Toro,88451
88452,911237582,Cebrian,Navarrete,88452
88453,646725228,Pilar,Tello,88453
88454,771810111,Dora,Sanabria,88454
88455,643871279,Amelia,Angulo,88455
88456,286590341,Pablo,Maldonado,88456
88457,634151389,Cintia,Toro,88457
88458,274500911,Francisco Javier,Manso,88458
88459,353833132,Sabas,Aparicio,88459
88460,378087157,Manuela,Coello,88460
88461,239511846,Celso,Millan,88461
88462,130430334,Ruperta,Sandoval,88462
88463,596235138,Cristobal,Garzon,88463
88464,330230298,Marciano,Nunez,88464
88465,173464706,Candido,Sevillano,88465
88466,101502260,Albert,Villaverde,88466
88467,687757241,Emma,Soria,88467
88468,183604048,Angeles,Landa,88468
88469,981360417,Tristan,Pelaez,88469
88470,147659799,Julian,Franch,88470
88471,493048104,Piedad,Gibert,88471
88472,313120615,Segismundo,Acedo,88472
88473,924645614,Gerardo,Valderrama,88473
88474,119968550,Custodio,Pablo,88474
88475,263351959,Tito,Oller,88475
88476,738246661,Constanza,Zamorano,88476
88477,215713346,Leopoldo,Burgos,88477
88478,662934251,Irma,Minguez,88478
88479,640609307,Aristides,Rossello,88479
88480,960549510,Ascension,Luque,88480
88481,708357061,Nieves,Uria,88481
88482,655304529,Martin,Garces,88482
88483,681989544,Bautista,Arteaga,88483
88484,740045345,Elisabet,Angulo,88484
88485,995342670,Nazario,Ripoll,88485
88486,711187582,Calista,Nadal,88486
88487,289518550,Miguel Angel,Acosta,88487
88488,337836060,Pascuala,Bernat,88488
88489,594280141,Gala,Estevez,88489
88490,704755563,Esther,Garate,88490
88491,875527555,Felipa,Huguet,88491
88492,426590839,Consuela,Blazquez,88492
88493,381240690,Damian,Roma,88493
88494,502894889,Amada,Zabala,88494
88495,570764528,Teobaldo,Casas,88495
88496,844195694,Concha,Larrea,88496
88497,728529140,Ernesto,Moll,88497
88498,713129122,Ruben,Galan,88498
88499,893073196,Bernardita,Villaverde,88499
88500,725500148,Ana Belen,Montserrat,88500
88501,753030268,Cesar,Anaya,88501
88502,154934710,Merche,Armengol,88502
88503,369048799,Rolando,Cepeda,88503
88504,114795815,Armida,Bauza,88504
88505,493407431,Luis,Murcia,88505
88506,223516333,Eusebio,Zamora,88506
88507,757317320,Rebeca,Gallardo,88507
88508,400931408,Eugenio,Girona,88508
88509,490251128,Delia,Castilla,88509
88510,791920886,Natalio,Larrea,88510
88511,672278966,Regina,Chaves,88511
88512,799645325,Candido,Caparros,88512
88513,609668991,Anna,Macias,88513
88514,708753309,Olimpia,Duenas,88514
88515,683928638,Quique,Correa,88515
88516,297331924,Lidia,Corral,88516
88517,155449057,Heraclio,Llado,88517
88518,615839321,Felisa,Ribas,88518
88519,975268633,Elena,Adan,88519
88520,865624857,Emelina,Roca,88520
88521,167462742,Mireia,Olivares,88521
88522,635197507,Beatriz,Rubio,88522
88523,999842570,Oriana,Granados,88523
88524,446713818,Dolores,Hernandez,88524
88525,519163624,Abel,Frias,88525
88526,889899427,Vinicio,Corbacho,88526
88527,100650702,Amparo,Martin,88527
88528,248635185,Andres,Duarte,88528
88529,404697924,Narciso,Ramirez,88529
88530,618321523,Ignacio,Campoy,88530
88531,610479317,Feliciana,Gamez,88531
88532,643456621,Melisa,Pineda,88532
88533,346742373,Rene,Tirado,88533
88534,542589265,Patricio,Sanchez,88534
88535,826439116,Crescencia,Quevedo,88535
88536,766957979,Angel,Jaen,88536
88537,783685154,Gonzalo,Martinez,88537
88538,708127388,Lisandro,Verdu,88538
88539,897737545,Yolanda,Valencia,88539
88540,140347996,Clemente,Fabregat,88540
88541,752075425,Ana Sofia,Falcon,88541
88542,211600431,Griselda,Gil,88542
88543,437297637,Clemente,Sandoval,88543
88544,280519127,Hortensia,Acuna,88544
88545,355141302,Albert,Montalban,88545
88546,877695538,Maria Del Carmen,Sanabria,88546
88547,746111376,Leonel,Ortuno,88547
88548,690988252,Hernando,Domenech,88548
88549,473315612,Juan Jose,Aguado,88549
88550,648153506,Maria Angeles,Lago,88550
88551,432165369,Victor,Casares,88551
88552,872818281,Loida,Ferrando,88552
88553,863740625,Yaiza,Ibarra,88553
88554,715913451,Efrain,Sales,88554
88555,597342432,Agapito,Bertran,88555
88556,983607313,Carmela,Carlos,88556
88557,592229858,Isaura,Molina,88557
88558,626407691,Susana,Pla,88558
88559,167300544,Blas,Reyes,88559
88560,414770890,Aaron,Nino,88560
88561,728904142,Angelina,Goni,88561
88562,997862102,Febe,Zabala,88562
88563,766127767,Jose,Torrents,88563
88564,914392836,Inocencio,Aguado,88564
88565,443099730,Rufino,Gallart,88565
88566,474685132,Maximiano,Giron,88566
88567,649825421,Ivan,Mendez,88567
88568,678120582,Moreno,Galindo,88568
88569,413785805,Vito,Arce,88569
88570,829262692,Graciano,Borras,88570
88571,440453456,Americo,Fortuny,88571
88572,740416999,Ainara,Calzada,88572
88573,143467291,Melania,Llobet,88573
88574,783144226,Ariadna,Delgado,88574
88575,772601399,Gervasio,Anton,88575
88576,624477207,Cristian,Giner,88576
88577,937371666,Calixto,Murcia,88577
88578,906990975,Josue,Pino,88578
88579,468600662,Maria Carmen,Rovira,88579
88580,564937991,Pia,Orozco,88580
88581,112847049,Agustin,Borrell,88581
88582,488113691,Teodosio,Gonzalez,88582
88583,205676579,Abilio,Benet,88583
88584,921758014,Ernesto,Lopez,88584
88585,448259864,Elisa,Lozano,88585
88586,442183064,Jose Miguel,Jodar,88586
88587,866860876,Saturnino,Mateos,88587
88588,345807962,Piedad,Molina,88588
88589,401063528,Albano,Salcedo,88589
88590,643366257,Cornelio,Carreno,88590
88591,851193471,Julia,Revilla,88591
88592,968621943,Sandalio,Egea,88592
88593,885315669,Filomena,Echevarria,88593
88594,928819054,Tito,Carretero,88594
88595,632851591,Cirino,Cardenas,88595
88596,377850298,Armida,Manjon,88596
88597,497431911,Inigo,Valverde,88597
88598,308335737,Roldan,Rovira,88598
88599,154259807,Americo,Poza,88599
88600,778074652,Ema,Iglesia,88600
88601,819782116,Leonor,Casado,88601
88602,564707525,Samu,Gabaldon,88602
88603,458869015,Barbara,Batalla,88603
88604,739038830,Nico,Losada,88604
88605,892641727,Sol,Company,88605
88606,581310357,Eutimio,Carro,88606
88607,970088796,Claudia,Molins,88607
88608,274007055,Ramona,Marin,88608
88609,343929999,Dani,Ballester,88609
88610,346067916,Clemente,Sanmartin,88610
88611,116985230,Esther,Castaneda,88611
88612,128816490,Itziar,Barral,88612
88613,420705018,Melisa,Camara,88613
88614,269492079,Montserrat,Vigil,88614
88615,684439147,Soraya,Llado,88615
88616,900554121,Regulo,Ramos,88616
88617,234181166,Albano,Roman,88617
88618,650112322,Ximena,Julia,88618
88619,183595592,Simon,Ugarte,88619
88620,134682328,Flavia,Frutos,88620
88621,699967935,Carlito,Saez,88621
88622,554386442,Maxi,Saldana,88622
88623,768890048,Claudia,Acuna,88623
88624,422012828,Leire,Castellanos,88624
88625,755879551,Oscar,Guzman,88625
88626,208521844,Diana,Cisneros,88626
88627,346598330,Fernando,Serra,88627
88628,340708433,Laura,Alfaro,88628
88629,147637856,Dulce,Corominas,88629
88630,874929862,Belen,Tena,88630
88631,661886320,Guillermo,Anguita,88631
88632,378072425,Guiomar,Sanz,88632
88633,540786459,Isabela,Nogues,88633
88634,611563513,Narciso,Guzman,88634
88635,983614008,Ofelia,Juan,88635
88636,347490905,Berta,Samper,88636
88637,124299696,Alonso,Palacio,88637
88638,548908442,Eleuterio,Cabeza,88638
88639,826763755,Loida,Mendez,88639
88640,473193456,Purificacion,Guerrero,88640
88641,449063489,Jimena,Alsina,88641
88642,469430194,Nazario,Quesada,88642
88643,486082368,Valentina,Alberola,88643
88644,425810264,Calixto,Dalmau,88644
88645,804669907,Isaias,Casals,88645
88646,251490374,Emma,Sierra,88646
88647,981787377,Sancho,Murillo,88647
88648,414199541,Chucho,Sevilla,88648
88649,120733816,Dario,Manrique,88649
88650,329469979,Severo,Piquer,88650
88651,798371263,Dalila,Acosta,88651
88652,730540969,Benita,Borrego,88652
88653,468988217,Seve,Milla,88653
88654,268241342,Emilia,Mendoza,88654
88655,725854678,Lucho,Carlos,88655
88656,628208736,Olivia,Salinas,88656
88657,196456280,Efrain,Cespedes,88657
88658,666596280,Ismael,Sierra,88658
88659,293890923,Hermenegildo,Sarabia,88659
88660,545988932,Debora,Cueto,88660
88661,856569891,Nereida,Beltran,88661
88662,936135403,Salomon,Agusti,88662
88663,286242704,Teofila,Coll,88663
88664,812241501,Clarisa,Becerra,88664
88665,320263814,Maria Jesus,Amaya,88665
88666,193440695,Clarisa,Fonseca,88666
88667,844601549,Jose,Llobet,88667
88668,957583808,Natividad,Carpio,88668
88669,853177725,Carmelita,Segui,88669
88670,730520263,Jordi,Ortega,88670
88671,519511788,Sarita,Guitart,88671
88672,613405643,Luna,Posada,88672
88673,563029608,Emperatriz,Andrade,88673
88674,793118943,Carlos,Cuevas,88674
88675,297591161,Regulo,Vergara,88675
88676,360600656,Victoria,Quero,88676
88677,235223101,Tristan,Gonzalo,88677
88678,137826955,Amada,Girona,88678
88679,156445048,Selena,Barco,88679
88680,229675448,Hermenegildo,Urrutia,88680
88681,530220278,Gabriela,Garces,88681
88682,470039819,Lope,Manso,88682
88683,916225753,Cruz,Rivero,88683
88684,919777864,Balduino,Jerez,88684
88685,480367366,Primitiva,Artigas,88685
88686,131448427,Griselda,Guzman,88686
88687,673637836,Anastasia,Sanabria,88687
88688,164782331,Osvaldo,Alemany,88688
88689,751559552,Hermenegildo,Olive,88689
88690,685572045,Poncio,Morera,88690
88691,898884926,Carlito,Casas,88691
88692,169086900,Efrain,Carmona,88692
88693,274895006,Teofila,Perales,88693
88694,531298534,Alondra,Bou,88694
88695,643309515,Moreno,Ayala,88695
88696,256361772,Maura,Arana,88696
88697,646644956,Rosendo,Carbonell,88697
88698,295563389,Matias,Bellido,88698
88699,809776769,Adelardo,Campillo,88699
88700,297064201,Jose Angel,Mora,88700
88701,170214140,Gervasio,Rueda,88701
88702,235626387,Telmo,Francisco,88702
88703,841734776,Norberto,Nevado,88703
88704,673084515,Pepito,Casanova,88704
88705,122803227,Africa,Collado,88705
88706,563579690,Alondra,Gilabert,88706
88707,800602060,Valeria,Alfonso,88707
88708,179076911,Tadeo,Almeida,88708
88709,558489074,Juliana,Alonso,88709
88710,471770056,Isaura,Anton,88710
88711,663110886,Vilma,Casanovas,88711
88712,246280230,Rosendo,Cadenas,88712
88713,868219297,Consuela,Mayol,88713
88714,870016407,Susanita,Cuadrado,88714
88715,346668089,Susanita,Quero,88715
88716,952929609,Alejandra,Nogueira,88716
88717,415443589,Pepito,Navarro,88717
88718,384605466,Sarita,Galvez,88718
88719,494301997,Melania,Giralt,88719
88720,998963418,Casandra,Gracia,88720
88721,498164835,Azucena,Zamorano,88721
88722,406857518,Pastora,Arribas,88722
88723,624140630,Telmo,Gabaldon,88723
88724,456628077,Esmeralda,Mena,88724
88725,230030606,Mariana,Alcala,88725
88726,830975132,Nacho,Medina,88726
88727,431025461,Carlota,Ballester,88727
88728,628255114,Juan Bautista,Rivera,88728
88729,459219158,Yago,Barrios,88729
88730,647926407,Ani,Suarez,88730
88731,821775527,Jennifer,Canas,88731
88732,307285689,Julian,Llamas,88732
88733,771926387,Jessica,Artigas,88733
88734,725333540,Samu,Robledo,88734
88735,266499013,Nereida,Torrijos,88735
88736,238381474,Cristian,Balaguer,88736
88737,680398199,Leopoldo,Revilla,88737
88738,584496228,Rosa,Reguera,88738
88739,309438426,Jose Mari,Lledo,88739
88740,911051462,Jose Carlos,Rosado,88740
88741,936419298,Anselma,Portero,88741
88742,326150082,Zoraida,Espinosa,88742
88743,881597645,Otilia,Iniguez,88743
88744,345089880,Baudelio,Alvarez,88744
88745,772783329,Vicente,Sanchez,88745
88746,862674904,Patricia,Salamanca,88746
88747,243349094,Eutimio,Ayala,88747
88748,626758633,Eusebia,Cabrera,88748
88749,806812515,Josefa,Tolosa,88749
88750,264769363,Elisabet,Aguilo,88750
88751,829691964,Hortensia,Riba,88751
88752,796053211,Cristobal,Soler,88752
88753,981205762,Lola,Alemany,88753
88754,522384157,Priscila,Comas,88754
88755,687022655,Placido,Blanco,88755
88756,687413567,Fidel,Duran,88756
88757,292547093,Maria Carmen,Ocana,88757
88758,541333481,Andres,Jover,88758
88759,970839925,Dora,Burgos,88759
88760,186534388,Chema,Bru,88760
88761,197392236,Reyna,Agudo,88761
88762,573766161,Maite,Corral,88762
88763,165009774,Antonio,Camps,88763
88764,808004950,Chita,Saenz,88764
88765,367599130,Perlita,Navarro,88765
88766,206800360,Jordi,Bosch,88766
88767,320001326,Jorge,Marcos,88767
88768,840588066,Hernando,Clemente,88768
88769,399567572,Ainoa,Ferrandez,88769
88770,913086259,Reynaldo,Puig,88770
88771,322564799,Cesar,Muro,88771
88772,493761134,Roldan,Neira,88772
88773,145105738,Tomasa,Amo,88773
88774,972690857,Felipe,Silva,88774
88775,346833986,Octavia,Amigo,88775
88776,199414156,Beatriz,Mateo,88776
88777,216638107,Rodolfo,Plana,88777
88778,670867081,Simon,Oliver,88778
88779,484716653,Pascual,Enriquez,88779
88780,352636608,Quique,Espinosa,88780
88781,453256058,Chus,Pintor,88781
88782,450682792,Cirino,Llorens,88782
88783,892483197,Martin,Camacho,88783
88784,591947678,Albino,Gimenez,88784
88785,969303703,Jose,Morante,88785
88786,812251105,Atilio,Gonzalez,88786
88787,625578471,Rocio,Zabala,88787
88788,233105311,Maricruz,Salcedo,88788
88789,896185568,Pablo,Roldan,88789
88790,783720217,Clotilde,Pintor,88790
88791,836095262,Nerea,Oller,88791
88792,441804041,Leocadia,Canet,88792
88793,245607928,Eli,Sebastian,88793
88794,204645795,Nicolas,Flores,88794
88795,515498848,Reinaldo,Vendrell,88795
88796,732015374,Pelayo,Garcia,88796
88797,927899608,Ani,Bou,88797
88798,534087326,Arsenio,Frutos,88798
88799,447475280,Fabian,Larrea,88799
88800,747550497,Rosalia,Urrutia,88800
88801,642985163,Lucia,Baeza,88801
88802,428052399,Jose Manuel,Infante,88802
88803,435648479,Elisa,Almagro,88803
88804,813138577,Ciro,Belda,88804
88805,424096806,Xavier,Mata,88805
88806,529880340,Milagros,Vazquez,88806
88807,441100915,Cristian,Yuste,88807
88808,133331401,Natalio,Anglada,88808
88809,415905913,Juan Luis,Madrigal,88809
88810,589206686,Reyes,Lucena,88810
88811,786480737,Trini,Armas,88811
88812,942042452,Juan Pablo,Quiros,88812
88813,915311428,Diego,Guardiola,88813
88814,272230721,Elias,Royo,88814
88815,552776077,Celia,Company,88815
88816,654486811,Adrian,Escolano,88816
88817,947501224,Rocio,Berenguer,88817
88818,319878479,Celso,Silva,88818
88819,107570131,Eleuterio,Echevarria,88819
88820,312942368,Rocio,Iniguez,88820
88821,575494391,Fortunata,Marques,88821
88822,439807952,Edgardo,Poza,88822
88823,194053808,Nelida,Cerda,88823
88824,409094907,Elisabet,Bustos,88824
88825,450166173,Gilberto,Vara,88825
88826,420644246,Paulina,Tamayo,88826
88827,934550482,Selena,Mayoral,88827
88828,148995336,Fito,Luna,88828
88829,388030178,Irma,Perez,88829
88830,554040803,Micaela,Nogues,88830
88831,983709428,Abigail,Arias,88831
88832,419416312,Baudelio,Anaya,88832
88833,181825375,Ambrosio,Peralta,88833
88834,287237139,Emiliana,Naranjo,88834
88835,316139267,Valentin,Valcarcel,88835
88836,977540110,Araceli,Cabezas,88836
88837,700258038,Elisa,Vall,88837
88838,619985078,Haydee,Saldana,88838
88839,279724370,Mirta,Larrea,88839
88840,459549785,Jose,Andreu,88840
88841,235931184,Gala,Arregui,88841
88842,537737721,Lupita,Benavent,88842
88843,897292677,Ignacia,Suarez,88843
88844,238294022,Cosme,Carmona,88844
88845,692058489,Marta,Sainz,88845
88846,988666257,Edgar,Goni,88846
88847,680838107,Poncio,Mascaro,88847
88848,447123595,Abraham,Moles,88848
88849,801894961,Eutropio,Montenegro,88849
88850,563097900,Guadalupe,Saldana,88850
88851,660108244,Pascual,Sobrino,88851
88852,233524684,Carmelita,Olivares,88852
88853,598041260,Anselma,Abellan,88853
88854,707766143,Paulina,Codina,88854
88855,731285907,Bruno,Bernal,88855
88856,588745317,Micaela,Romero,88856
88857,949532532,Victoria,Cortes,88857
88858,313980209,Yolanda,Sabater,88858
88859,458195052,Rafaela,Izaguirre,88859
88860,399271616,Regulo,Rosello,88860
88861,182529214,Piedad,Murcia,88861
88862,872561144,Sara,Bilbao,88862
88863,449067833,Maximo,Alba,88863
88864,106373539,Yaiza,Esteban,88864
88865,130568105,Leoncio,Mendizabal,88865
88866,566165982,Leonardo,Huertas,88866
88867,506385859,Vilma,Casares,88867
88868,400031581,Cipriano,Bonet,88868
88869,457709254,Claudio,Morell,88869
88870,421548146,Graciano,Perales,88870
88871,353929231,Marcia,Bartolome,88871
88872,731248237,Baldomero,Gisbert,88872
88873,592244658,Hilda,Salazar,88873
88874,704242951,Marc,Cabezas,88874
88875,706836854,Augusto,Cordero,88875
88876,834864522,Paz,Zabaleta,88876
88877,756510938,Prudencia,Vila,88877
88878,337413153,Sandalio,Aller,88878
88879,507110399,Jose Angel,Otero,88879
88880,713118940,Miguel,Bartolome,88880
88881,762089262,Mamen,Sedano,88881
88882,556047406,Primitiva,Sanjuan,88882
88883,850903949,America,Lopez,88883
88884,444475037,Severiano,Rosales,88884
88885,165492628,Fito,Rocamora,88885
88886,223257427,Brigida,Arellano,88886
88887,776843360,Vinicio,Nebot,88887
88888,572286554,Abel,Alcaraz,88888
88889,631839850,Adalberto,Ayuso,88889
88890,881767686,Isidoro,Pablo,88890
88891,985014362,Tamara,Manjon,88891
88892,643986867,Albina,Porras,88892
88893,373890169,Blas,Real,88893
88894,127376707,Soledad,Calzada,88894
88895,873120040,Buenaventura,Vidal,88895
88896,512277742,Anunciacion,Nino,88896
88897,141792616,Adrian,Velazquez,88897
88898,434071023,Bienvenida,Olmo,88898
88899,613531199,Socorro,Camara,88899
88900,101152635,Nestor,Madrigal,88900
88901,664144023,Pia,Cuervo,88901
88902,979507552,Horacio,Marti,88902
88903,203426997,Cristobal,Gimeno,88903
88904,233442552,Eugenia,Bernat,88904
88905,877155094,Matias,Ordonez,88905
88906,667286904,Eric,Casal,88906
88907,932774018,Eutimio,Ramirez,88907
88908,193483344,Eliseo,Aramburu,88908
88909,634923316,Jose Antonio,Sarmiento,88909
88910,900974533,Placido,Ortega,88910
88911,394633657,Juan Carlos,Verdugo,88911
88912,266328754,Trinidad,Peral,88912
88913,604214846,Vanesa,Aguilera,88913
88914,983989936,Nazario,Ibarra,88914
88915,131845014,Casandra,Llorente,88915
88916,694272202,Salomon,Ramos,88916
88917,677341598,Vidal,Terron,88917
88918,901780776,Perla,Montana,88918
88919,573792738,Florencia,Font,88919
88920,246647721,Aurora,Chamorro,88920
88921,833682299,Noa,Nevado,88921
88922,209525367,Alfonso,Leon,88922
88923,528420576,Clemente,Lobo,88923
88924,264458372,Piedad,Canals,88924
88925,463715072,Roberto,Ribas,88925
88926,168095790,Olimpia,Arino,88926
88927,921624367,Alonso,Mendez,88927
88928,109667533,Luciana,Duenas,88928
88929,540111279,Crescencia,Juarez,88929
88930,405061066,Ruperta,Aguila,88930
88931,800850557,Nilda,Fiol,88931
88932,461376900,Calisto,Duran,88932
88933,447813242,Berta,Osuna,88933
88934,531537041,Jeronimo,Botella,88934
88935,342384895,Eric,Uribe,88935
88936,144531069,Angela,Jaume,88936
88937,597564420,Ruth,Osorio,88937
88938,923564268,Lupita,Arribas,88938
88939,865050982,Heliodoro,Estrada,88939
88940,129058384,Reynaldo,Puga,88940
88941,250428359,Eva Maria,Carreras,88941
88942,766942045,Barbara,Verdu,88942
88943,323533818,Alcides,Gilabert,88943
88944,777192504,Azahar,Aguilera,88944
88945,961185059,Luisa,Marquez,88945
88946,918678177,Maria Manuela,Simo,88946
88947,719537255,Priscila,Prat,88947
88948,411606564,Aura,Suarez,88948
88949,271149623,Samu,Abella,88949
88950,265009785,Eutropio,Hierro,88950
88951,281593119,Natalio,Cuevas,88951
88952,618035750,Teodora,Parra,88952
88953,973782728,Adolfo,Tenorio,88953
88954,987353557,Toribio,Carnero,88954
88955,517480424,Marcelo,Isern,88955
88956,407310878,Nicodemo,Carreras,88956
88957,956267641,Pastora,Andres,88957
88958,557013344,Azahar,Carreno,88958
88959,390135686,Josue,Arrieta,88959
88960,425867594,Benita,Salamanca,88960
88961,470039825,Angelino,Campillo,88961
88962,723734663,Cipriano,Cerdan,88962
88963,623584746,Mamen,Bayona,88963
88964,580542382,Celestina,Ferran,88964
88965,489437338,Oriana,Cal,88965
88966,827512682,Mario,Menendez,88966
88967,615257347,Jesusa,Alvarez,88967
88968,349200951,Espiridion,Serna,88968
88969,901989973,Romulo,Balaguer,88969
88970,460780975,Eustaquio,Amat,88970
88971,595411870,Lara,Naranjo,88971
88972,851154587,Ciro,Cal,88972
88973,210649523,Rebeca,Camino,88973
88974,614747464,Cristian,Mascaro,88974
88975,685181622,Luisa,Munoz,88975
88976,439206660,Fortunata,Andres,88976
88977,267089628,Lidia,Sans,88977
88978,913826998,Olegario,Rodriguez,88978
88979,982207169,Esther,Gimenez,88979
88980,440956538,Dorita,Oliva,88980
88981,752121402,Pepita,Mas,88981
88982,694280503,Lorenza,Anglada,88982
88983,274432076,Marcelo,Pozuelo,88983
88984,323002774,Rico,Pomares,88984
88985,456182243,Timoteo,Ferreras,88985
88986,115262408,Eloy,Galan,88986
88987,105380753,Adan,Marino,88987
88988,259575006,Moises,Canton,88988
88989,346832309,Adalberto,Valbuena,88989
88990,482907117,Morena,Salom,88990
88991,973140765,Dorita,Tomas,88991
88992,377504829,Gertrudis,Gutierrez,88992
88993,539712691,Leire,Hurtado,88993
88994,577516015,Reinaldo,Alcantara,88994
88995,941255687,Tania,Morales,88995
88996,239353978,Irma,Calleja,88996
88997,314289234,Leocadia,Nunez,88997
88998,616711598,Encarnacion,Roma,88998
88999,807909209,Victoriano,Pintor,88999
89000,446932846,Apolinar,Olive,89000
89001,134230915,Jonatan,Portillo,89001
89002,271301547,Rita,Luis,89002
89003,937639110,Bernardita,Egea,89003
89004,581942922,Selena,Losa,89004
89005,713910565,Roxana,Exposito,89005
89006,921047011,Maria Carmen,Aguilar,89006
89007,140310725,Lorenza,Portero,89007
89008,755813136,Olimpia,Cervantes,89008
89009,833978686,Genoveva,Iglesia,89009
89010,787616027,Sebastian,Larranaga,89010
89011,806105331,Rita,Iniguez,89011
89012,402199537,Maria Fernanda,Garay,89012
89013,859171300,Lazaro,Ochoa,89013
89014,688364855,Candelario,Casanova,89014
89015,569651622,Obdulia,Fiol,89015
89016,934636364,Ramiro,Benitez,89016
89017,511645222,Agueda,Reguera,89017
89018,927007873,Andrea,Pozuelo,89018
89019,106067936,Calista,Barco,89019
89020,466310326,Brunilda,Artigas,89020
89021,935651949,Eugenia,Carreras,89021
89022,370302869,Mireia,Plana,89022
89023,423437574,Ivan,Torrijos,89023
89024,810774630,Rafael,Capdevila,89024
89025,592376004,Adoracion,Mur,89025
89026,206495445,Azucena,Aguilar,89026
89027,442514074,Ambar,Giner,89027
89028,368864713,Maria Del Carmen,Gallardo,89028
89029,169144476,Aurea,Pinto,89029
89030,176487357,Fulgencio,Toro,89030
89031,222853476,Rufina,Batlle,89031
89032,732826550,Dionisio,Pallares,89032
89033,463155554,Angeles,Sainz,89033
89034,498904945,Adelia,Bilbao,89034
89035,619612807,Ariel,Blazquez,89035
89036,804404106,Jeremias,Galvez,89036
89037,613255594,Amador,Rio,89037
89038,910496707,Remigio,Zabala,89038
89039,135350163,Eloisa,Merino,89039
89040,624014559,Emma,Guerrero,89040
89041,619868363,Roque,Quevedo,89041
89042,616695559,Rodrigo,Bermudez,89042
89043,347286181,Natanael,Fuente,89043
89044,439594828,Jacinto,Boada,89044
89045,855827351,Sebastian,Gordillo,89045
89046,918753374,Monica,Valenzuela,89046
89047,197176996,Heraclio,Morell,89047
89048,699350213,Aurelia,Benito,89048
89049,776789172,Veronica,Pastor,89049
89050,355689979,Rufina,Carlos,89050
89051,612068048,Lope,Paredes,89051
89052,397819206,Mario,Diego,89052
89053,101524556,Manuel,Font,89053
89054,997302004,Tania,Burgos,89054
89055,773824324,Nelida,Heredia,89055
89056,458358834,Rafaela,Plana,89056
89057,280398528,Petrona,Alcaraz,89057
89058,452574557,Fito,Osorio,89058
89059,546151111,Maria Luisa,Mayol,89059
89060,273139513,Silvia,Prat,89060
89061,798507468,Pepita,Arnau,89061
89062,201547671,Leticia,Quiroga,89062
89063,797860025,Arturo,Redondo,89063
89064,747875958,Chus,Arroyo,89064
89065,784842587,Natalio,Hernando,89065
89066,642012863,Jose Angel,Barbera,89066
89067,340245495,Natalio,Garrido,89067
89068,782569014,Adelina,Saura,89068
89069,764299332,Eulalia,Llanos,89069
89070,607207745,America,Romeu,89070
89071,697784669,Regina,Gras,89071
89072,567987747,Francisco Javier,Portillo,89072
89073,819631053,Lucho,Vilalta,89073
89074,789521666,Carmelita,Real,89074
89075,752477231,Marina,Boix,89075
89076,610763769,Maricela,Sole,89076
89077,126193625,Octavio,Dieguez,89077
89078,612419145,Ana Belen,Flores,89078
89079,404766759,Alberto,Segura,89079
89080,800388496,Edelmira,Cordoba,89080
89081,267580514,Morena,Abella,89081
89082,873737244,Zoraida,Naranjo,89082
89083,234737189,Pastora,Herrero,89083
89084,960215394,Marino,Chico,89084
89085,106585967,Purificacion,Dalmau,89085
89086,897650547,Nico,Gamez,89086
89087,194225021,Rosalina,Tejedor,89087
89088,526139590,Eufemia,Lucena,89088
89089,237526341,Chuy,Lillo,89089
89090,846861115,Natalia,Segarra,89090
89091,996759303,Irma,Carreras,89091
89092,288499500,Chuy,Ibarra,89092
89093,984474238,Hermenegildo,Almansa,89093
89094,372306433,Ernesto,Criado,89094
89095,241838328,Remedios,Bustos,89095
89096,109904032,Debora,Vilalta,89096
89097,742809619,Fernanda,Marquez,89097
89098,711773269,Arturo,Guijarro,89098
89099,261116702,Reina,Gimenez,89099
89100,564613810,Candelario,Casanovas,89100
89101,320793983,Irma,Almeida,89101
89102,813820131,Eligio,Calvet,89102
89103,332848128,Reyes,Rivero,89103
89104,421951733,Martina,Asensio,89104
89105,266446274,Anselma,Bellido,89105
89106,142824035,Alexandra,Zorrilla,89106
89107,654042812,Ofelia,Linares,89107
89108,953525608,Haydee,Macias,89108
89109,301898869,Marta,Castaneda,89109
89110,833998897,Benito,Millan,89110
89111,880980943,Inocencio,Porta,89111
89112,976601483,Encarna,Arranz,89112
89113,506697511,Eliseo,Rueda,89113
89114,355365432,Alvaro,Laguna,89114
89115,210096164,Concepcion,Terron,89115
89116,908712344,Diana,Ramon,89116
89117,676456181,Clementina,Peinado,89117
89118,824377308,Maribel,Cabello,89118
89119,240470301,Maria Jose,Requena,89119
89120,424771805,Fabiana,Carpio,89120
89121,390136212,Nieves,Calderon,89121
89122,653495740,Noemi,Vilalta,89122
89123,415476309,Angel,Jimenez,89123
89124,264417350,Victorino,Rodriguez,89124
89125,202483603,Fabio,Jover,89125
89126,326166270,Narcisa,Briones,89126
89127,914539517,Lino,Matas,89127
89128,758575036,Hector,Barreda,89128
89129,794791153,Gervasio,Villalobos,89129
89130,746729373,Maria Dolores,Bosch,89130
89131,679000554,Melchor,Conde,89131
89132,735614620,Diego,Luz,89132
89133,343392522,Manuela,Campoy,89133
89134,883371090,Jordan,Herranz,89134
89135,972721915,Vinicio,Bayon,89135
89136,747416178,Juliana,Vaquero,89136
89137,939490768,Juan Carlos,Colomer,89137
89138,651683613,Marc,Torre,89138
89139,918406522,Rafa,Frutos,89139
89140,667031560,Jose Mari,Fernandez,89140
89141,335392499,Josep,Hierro,89141
89142,678942164,Jose Luis,Gimenez,89142
89143,233904138,Emigdio,Corominas,89143
89144,455019258,Sergio,Tapia,89144
89145,403933980,Juanito,Robles,89145
89146,192253526,Ale,Marcos,89146
89147,276167481,Modesta,Segarra,89147
89148,494343996,Jovita,Galindo,89148
89149,925702711,Ale,Marin,89149
89150,953083200,Luz,Minguez,89150
89151,386509185,Adalberto,Barba,89151
89152,698847862,Rosalinda,Madrigal,89152
89153,285750244,Maximo,Benavente,89153
89154,338128056,Eva Maria,Patino,89154
89155,926195951,Ignacia,Cerro,89155
89156,912745352,Eutropio,Caro,89156
89157,781782224,Lorenza,Marino,89157
89158,275964682,Tristan,Penas,89158
89159,300343085,Teodora,Neira,89159
89160,422663367,Francisco,Corominas,89160
89161,976510557,Rosaura,Espanol,89161
89162,726620599,Flavia,Diez,89162
89163,536374001,Tadeo,Ocana,89163
89164,417417111,Plinio,Losa,89164
89165,124571261,Guadalupe,Tellez,89165
89166,862735552,Elisabet,Nunez,89166
89167,109313850,Jonatan,Moran,89167
89168,678407257,Salud,Aranda,89168
89169,849469149,Adelia,Rivas,89169
89170,628198800,Iban,Jordan,89170
89171,847410104,Juan Carlos,Barragan,89171
89172,468089840,Noemi,Ribas,89172
89173,651226900,Miriam,Perera,89173
89174,207267392,Casandra,Tomas,89174
89175,557132471,Miguel,Marti,89175
89176,173708647,Xiomara,Armas,89176
89177,753499808,Lucho,Mayoral,89177
89178,509983613,Domitila,Blanca,89178
89179,674361485,Pastora,Palmer,89179
89180,886259257,Zoraida,Portero,89180
89181,252264081,Nerea,Barragan,89181
89182,205382589,Noelia,Acero,89182
89183,700270089,Manu,Saavedra,89183
89184,631176647,Paz,Lerma,89184
89185,765079784,Nazaret,Segui,89185
89186,647133770,Dalila,Arnal,89186
89187,375274456,Maria,Alba,89187
89188,447196464,Etelvina,Ferrando,89188
89189,316481149,Adan,Font,89189
89190,738464403,Liliana,Vendrell,89190
89191,181458719,Ximena,Ramos,89191
89192,177318411,Eutimio,Escribano,89192
89193,636202468,Basilio,Valenciano,89193
89194,326776275,Tomasa,Iriarte,89194
89195,249532118,Calixta,Abascal,89195
89196,854322071,Estela,Castells,89196
89197,228055213,Teo,Mascaro,89197
89198,962807213,Caridad,Mateos,89198
89199,696209523,Ramon,Iglesias,89199
89200,206121237,Rodolfo,Chico,89200
89201,996286175,Marc,Font,89201
89202,938198299,Elvira,Salinas,89202
89203,170236993,Teofila,Adan,89203
89204,180216489,Ani,Guerra,89204
89205,802575974,Eusebio,Alsina,89205
89206,621156346,Che,Goicoechea,89206
89207,323119313,Delia,Carrion,89207
89208,537467979,Luis,Folch,89208
89209,432450542,Pablo,Guitart,89209
89210,389794466,Narciso,Valverde,89210
89211,593398473,Geronimo,Rios,89211
89212,482891196,Samu,Prats,89212
89213,666583053,Maribel,Dominguez,89213
89214,207368912,Martin,Alcala,89214
89215,243941750,Esther,Burgos,89215
89216,490718932,Gregorio,Manjon,89216
89217,358297471,Julio Cesar,Saura,89217
89218,326866721,Maria Manuela,Ramirez,89218
89219,946977071,Evaristo,Pera,89219
89220,896198521,Espiridion,Salinas,89220
89221,843260975,Eli,Simo,89221
89222,966799107,Bruno,Torres,89222
89223,830727382,Timoteo,Exposito,89223
89224,917980720,Isaac,Pi,89224
89225,493621508,Natividad,Valdes,89225
89226,518256890,Araceli,Vilaplana,89226
89227,181427565,Hortensia,Portero,89227
89228,356964972,Eustaquio,Flor,89228
89229,327359629,Mayte,Guerra,89229
89230,470520775,Octavia,Almazan,89230
89231,955269825,Rosalinda,Escamilla,89231
89232,711215030,Tecla,Mur,89232
89233,470303940,Panfilo,Herranz,89233
89234,205599323,Natividad,Gallardo,89234
89235,812492328,Toribio,Ibanez,89235
89236,715844474,Victor,Gordillo,89236
89237,457954087,Haydee,Camara,89237
89238,744662541,Fausto,Morera,89238
89239,769437707,Angelino,Flores,89239
89240,160314692,Romulo,Fuertes,89240
89241,778599916,Ariel,Milla,89241
89242,576506948,Maria Cristina,Maestre,89242
89243,621343632,Pacifica,Martin,89243
89244,243046815,Micaela,Carpio,89244
89245,543237851,Vito,Muniz,89245
89246,983812736,Javiera,Rossello,89246
89247,760262156,Renato,Saldana,89247
89248,631104091,Severo,Olivera,89248
89249,845089242,Guiomar,Roldan,89249
89250,589709975,Jeremias,Navarro,89250
89251,476986679,Bonifacio,Batlle,89251
89252,119849799,Agueda,Lara,89252
89253,388873741,Osvaldo,Bilbao,89253
89254,999132148,Rosalinda,Herrera,89254
89255,847520170,Dora,Mas,89255
89256,795681833,Haroldo,Machado,89256
89257,994519017,Ignacia,Duarte,89257
89258,397566961,Florinda,Leal,89258
89259,468688432,Teodoro,Peinado,89259
89260,964343652,Virgilio,Moreno,89260
89261,299255405,Barbara,Rius,89261
89262,909728893,Adelardo,Laguna,89262
89263,975180752,Faustino,Piquer,89263
89264,305582060,Azahara,Pablo,89264
89265,277539467,Petrona,Capdevila,89265
89266,528755846,Teresa,Nicolau,89266
89267,805341783,Inigo,Pareja,89267
89268,522304523,Josue,Esteban,89268
89269,185475271,Natanael,Lucena,89269
89270,160962491,Anunciacion,Yanez,89270
89271,540145711,Florentino,Ledesma,89271
89272,159666699,Yesica,Valle,89272
89273,113884802,Leon,Soria,89273
89274,378983537,Teofilo,Cuervo,89274
89275,407977607,Carmelita,Velasco,89275
89276,218916709,Tania,Cortes,89276
89277,934761881,Esperanza,Vargas,89277
89278,244943445,Macarena,Amat,89278
89279,280641355,Griselda,Barrena,89279
89280,873303732,Asuncion,Mariscal,89280
89281,784174205,Luna,Segovia,89281
89282,667558467,Zoraida,Camino,89282
89283,875054760,Macarena,Avila,89283
89284,683731951,Leticia,Pinilla,89284
89285,666400619,Santiago,Montoya,89285
89286,630305301,Mariano,Ibanez,89286
89287,315260569,Nicolasa,Mayo,89287
89288,395125261,Oriana,Tenorio,89288
89289,999312159,Fabiola,Benito,89289
89290,748911020,Brunilda,Gilabert,89290
89291,598593244,Alcides,Cuervo,89291
89292,856151589,Geraldo,Mari,89292
89293,597063286,Rodrigo,Andreu,89293
89294,950593047,Fernando,Ferrer,89294
89295,574026440,Amor,Poza,89295
89296,855031042,Anibal,Torralba,89296
89297,237903338,Abel,Lucas,89297
89298,449757417,Artemio,Molina,89298
89299,795464670,Maria,Gonzalez,89299
89300,159587982,Pancho,Estevez,89300
89301,975969085,Maximiano,Portillo,89301
89302,590946505,Silvia,Villalba,89302
89303,927941030,Albert,Barrio,89303
89304,724437218,Maria Dolores,Cortes,89304
89305,496118011,Jeremias,Uribe,89305
89306,561518399,Arturo,Velasco,89306
89307,534779042,Primitivo,Bayon,89307
89308,236493410,Baudelio,Alemany,89308
89309,330151225,Loreto,Segarra,89309
89310,988938006,Conrado,Posada,89310
89311,333578824,Julia,Barros,89311
89312,925502665,Emilio,Moles,89312
89313,567745421,Maximo,Ferrando,89313
89314,645134953,Nacho,Manrique,89314
89315,399917547,Asuncion,Domenech,89315
89316,286304144,Tono,Pi,89316
89317,261728199,Soledad,Losada,89317
89318,450206767,Teodoro,Rodenas,89318
89319,257484222,Pepito,Soto,89319
89320,507672101,Marcela,Gallardo,89320
89321,695940127,Felipe,Casals,89321
89322,892909820,Telmo,Gallart,89322
89323,595934556,Rosaura,Quesada,89323
89324,447942091,Jose Miguel,Goicoechea,89324
89325,442401941,Victor,Rodriguez,89325
89326,795466983,Jordana,Anglada,89326
89327,662600319,Emiliano,Casado,89327
89328,252942274,Ursula,Cuervo,89328
89329,120737444,Ofelia,Colomer,89329
89330,864666459,Salome,Narvaez,89330
89331,292224476,Hilda,Trillo,89331
89332,903625983,Felisa,Montesinos,89332
89333,612530273,Hortensia,Salcedo,89333
89334,436041749,Erasmo,Oller,89334
89335,771739389,Cloe,Ramirez,89335
89336,222028566,Dionisia,Collado,89336
89337,749345369,Cristian,Escalona,89337
89338,548842854,Emilia,Prats,89338
89339,693706037,Silvestre,Bilbao,89339
89340,243918339,Manuel,Carrasco,89340
89341,419448371,Chelo,Font,89341
89342,411512456,Balduino,Abascal,89342
89343,744174879,Pancho,Merino,89343
89344,191561278,Aitor,Jimenez,89344
89345,748888626,Mercedes,Sole,89345
89346,686904871,Yessica,Morante,89346
89347,987666016,Roldan,Gargallo,89347
89348,752863537,Domitila,Corral,89348
89349,197574229,Domitila,Pombo,89349
89350,885256830,Narcisa,Soler,89350
89351,653840698,Odalys,Ros,89351
89352,378242419,Mariano,Llanos,89352
89353,971181440,Noemi,Posada,89353
89354,123270041,Ceferino,Sales,89354
89355,512517727,Gloria,Saez,89355
89356,708285194,Fidela,Morales,89356
89357,563469343,Pia,Sosa,89357
89358,396753411,Eva Maria,Vega,89358
89359,912030643,Roque,Falco,89359
89360,817453986,Paulina,Berrocal,89360
89361,512275338,Pancho,Ferrandiz,89361
89362,576744072,Americo,Terron,89362
89363,845978712,Lorenza,Salvador,89363
89364,896152295,Miguela,Olivares,89364
89365,128294576,Delia,Cabrera,89365
89366,481723837,Piedad,Mendizabal,89366
89367,101542058,Iban,Morante,89367
89368,844229137,Toni,Ayllon,89368
89369,230963144,Luis Angel,Canovas,89369
89370,602750757,Teofilo,Laguna,89370
89371,589826561,Tecla,Miralles,89371
89372,675404790,Renata,Bravo,89372
89373,297880773,Buenaventura,Perea,89373
89374,266785682,Pepita,Paez,89374
89375,364962319,Teresa,Mateos,89375
89376,692322286,Pepe,Ariza,89376
89377,372187005,Osvaldo,Hidalgo,89377
89378,388685511,Isidro,Benitez,89378
89379,504365189,Julie,Castillo,89379
89380,739632792,Asdrubal,Cases,89380
89381,982831869,Cecilio,Bayona,89381
89382,103879055,Anibal,Plaza,89382
89383,438789520,Cleto,Pulido,89383
89384,567775351,Dan,Izquierdo,89384
89385,571805877,Alicia,Carvajal,89385
89386,999043077,Humberto,Lluch,89386
89387,268978105,Angelica,Chacon,89387
89388,971325610,Jesus,Ferrer,89388
89389,370364910,Flavio,Bauza,89389
89390,170370766,Danilo,Pedrosa,89390
89391,885106157,Eusebia,Jodar,89391
89392,511684290,Piedad,Toledo,89392
89393,630966453,Florina,Mendoza,89393
89394,571872499,Eutimio,Palacio,89394
89395,262476054,Fabio,Amor,89395
89396,987951409,Viviana,Cases,89396
89397,413464899,Encarna,Morata,89397
89398,988221264,Pascuala,Barriga,89398
89399,719741533,Virgilio,Bayona,89399
89400,106040245,Encarnita,Aranda,89400
89401,821003604,Jose Antonio,Cid,89401
89402,425725811,Estrella,Alberto,89402
89403,192259433,Armando,Girona,89403
89404,455889534,Sonia,Corral,89404
89405,205458101,Horacio,Sanjuan,89405
89406,552419999,Amor,Borja,89406
89407,419465963,Antonio,Tejero,89407
89408,845067324,Eugenio,Cervera,89408
89409,904884355,Wilfredo,Aleman,89409
89410,335943195,Basilio,Carrion,89410
89411,786523479,Fidel,Zaragoza,89411
89412,276360538,Emperatriz,Ferran,89412
89413,748791185,Hugo,Lloret,89413
89414,519294762,Jenaro,Pina,89414
89415,285026144,Onofre,Diez,89415
89416,616174674,Leyre,Garzon,89416
89417,629906207,Ileana,Quero,89417
89418,805598165,Natalio,Aguilera,89418
89419,966245812,Adrian,Cortes,89419
89420,915192848,Selena,Paredes,89420
89421,294841025,Natanael,Arnaiz,89421
89422,507118864,Eusebio,Almeida,89422
89423,852735885,Panfilo,Valenzuela,89423
89424,759581036,Maximo,Borja,89424
89425,426489017,Norberto,Manzano,89425
89426,576374528,Carmelita,Mayo,89426
89427,683718360,Candida,Ballester,89427
89428,150463999,Candela,Salinas,89428
89429,420249371,Heraclio,Montana,89429
89430,835826461,Octavio,Acevedo,89430
89431,706743469,Eutropio,Morante,89431
89432,893518829,Azahar,Guitart,89432
89433,972032862,Tito,Solana,89433
89434,773507462,Noe,Vidal,89434
89435,562846319,Hermenegildo,Casal,89435
89436,894257924,Luis Angel,Mancebo,89436
89437,215044551,Leandra,Castello,89437
89438,456265455,Ruben,Castello,89438
89439,654578352,Maximiano,Mate,89439
89440,699896488,Amada,Pablo,89440
89441,159868122,Leoncio,Tenorio,89441
89442,804003721,Conrado,Burgos,89442
89443,390128793,Damian,Torrecilla,89443
89444,169060531,Benigna,Rossello,89444
89445,959396710,Josefa,Escribano,89445
89446,832420876,Gala,Rio,89446
89447,686329611,Ambar,Falcon,89447
89448,532804554,Loreto,Bermudez,89448
89449,335914488,Otilia,Pereira,89449
89450,149780025,Begona,Palmer,89450
89451,279832863,Dimas,Soler,89451
89452,921372841,Juan Francisco,Bayo,89452
89453,185729399,Marcelo,Hurtado,89453
89454,917389470,Olga,Medina,89454
89455,290162070,Duilio,Simo,89455
89456,831358323,Benjamin,Calvet,89456
89457,245588541,Ricarda,Blanca,89457
89458,194744406,Tristan,Mendizabal,89458
89459,355683136,Rosenda,Aguado,89459
89460,554358901,Carmen,Vilanova,89460
89461,766862724,Lisandro,Rico,89461
89462,432289071,Bernardino,Miguel,89462
89463,286658545,Amalia,Vilar,89463
89464,688470712,Mayte,Redondo,89464
89465,985478863,Maximino,Matas,89465
89466,353414444,Fatima,Trillo,89466
89467,972432363,Marisol,Arce,89467
89468,456826804,Teresita,Reyes,89468
89469,185667448,Cloe,Mas,89469
89470,189659354,Lina,Gisbert,89470
89471,910441963,Amelia,Simo,89471
89472,928916058,Salome,Sancho,89472
89473,427080162,Manu,Baro,89473
89474,774449012,Rocio,Blazquez,89474
89475,348584426,Natalia,Barreda,89475
89476,956264127,Asuncion,Pastor,89476
89477,646801852,Javiera,Olive,89477
89478,225890067,Florentina,Dominguez,89478
89479,246352475,Martin,Izaguirre,89479
89480,918832755,Adora,Bastida,89480
89481,143881360,Jose Francisco,Cabeza,89481
89482,819834560,Nilda,Canton,89482
89483,924907137,Susana,Pinto,89483
89484,870712535,Lilia,Jorda,89484
89485,995810814,Noe,Palomino,89485
89486,506616045,Abigail,Figueroa,89486
89487,114323644,Isabel,Almansa,89487
89488,580412240,Juan Manuel,Vera,89488
89489,960806191,Atilio,Cuevas,89489
89490,447173522,Chucho,Frias,89490
89491,276620629,Dora,Bartolome,89491
89492,435867374,Nicanor,Franco,89492
89493,462133255,Esther,Cortes,89493
89494,908187566,Celestina,Requena,89494
89495,990878587,Eugenia,Armas,89495
89496,368922311,Merche,Tellez,89496
89497,170567333,Jose Angel,Lozano,89497
89498,385339145,Sergio,Cespedes,89498
89499,577385002,Maria,Oliver,89499
89500,649358181,Delia,Ayala,89500
89501,642113882,Malena,Lago,89501
89502,800686593,Ezequiel,Gomez,89502
89503,393265994,Vidal,Adan,89503
89504,855404306,Heliodoro,Bernat,89504
89505,426084709,Leonor,Navarrete,89505
89506,235819628,Nacio,Hervas,89506
89507,404239975,Griselda,Prado,89507
89508,108533218,Ivan,Serra,89508
89509,742012218,Lorena,Iniguez,89509
89510,936228879,Eva Maria,Mateos,89510
89511,431155534,Iker,Barriga,89511
89512,828620771,Rosalinda,Lucas,89512
89513,549091099,Jorge,Agudo,89513
89514,390394613,Olalla,Rey,89514
89515,865587350,Eligia,Mulet,89515
89516,832831315,Trinidad,Torrents,89516
89517,928426975,Aranzazu,Fuertes,89517
89518,441669242,Nereida,Manjon,89518
89519,548888463,Juan,Tapia,89519
89520,158272525,Duilio,Osorio,89520
89521,489443238,Leonel,Ferreras,89521
89522,934439187,Desiderio,Adadia,89522
89523,169512227,Emma,Cabeza,89523
89524,989293791,Edgar,Gimeno,89524
89525,219652598,Eduardo,Lamas,89525
89526,817048963,Soledad,Valentin,89526
89527,148779052,Haroldo,Pavon,89527
89528,637661195,Dimas,Gonzalez,89528
89529,436370385,Zaira,Jimenez,89529
89530,289684557,Sergio,Bou,89530
89531,747897016,Ambar,Querol,89531
89532,794442770,Arsenio,Garriga,89532
89533,616529289,Marcio,Llabres,89533
89534,762948725,Miguela,Molina,89534
89535,480371167,Pedro,Bellido,89535
89536,609495868,Nelida,Iriarte,89536
89537,821085308,Gilberto,Pena,89537
89538,894461414,Vicenta,Rius,89538
89539,953114917,Aurelia,Luna,89539
89540,710573197,Eustaquio,Camara,89540
89541,652252959,Alicia,Sanz,89541
89542,693619731,Florentina,Nogueira,89542
89543,131356488,Jaime,Pelaez,89543
89544,750009155,Alma,Gabaldon,89544
89545,664229295,Toni,Zamorano,89545
89546,961075254,Clara,Uriarte,89546
89547,878501683,Josep,Acedo,89547
89548,856989594,Maria Teresa,Armengol,89548
89549,648670725,Ines,Prieto,89549
89550,128360709,Severo,Bernat,89550
89551,523988155,Flor,Barriga,89551
89552,676298432,Teresita,Quintanilla,89552
89553,518392652,Lucia,Rodriguez,89553
89554,685231961,Nando,Escamilla,89554
89555,498538404,Sara,Ros,89555
89556,623744042,Nereida,Tomas,89556
89557,338575174,Tiburcio,Arroyo,89557
89558,453098092,Luz,Santiago,89558
89559,966305146,Isidoro,Arrieta,89559
89560,838338929,Luna,Arnau,89560
89561,797805313,Luciana,Izquierdo,89561
89562,491748727,Gracia,Suarez,89562
89563,810038291,Poncio,Ferrandiz,89563
89564,953821343,Baltasar,Pacheco,89564
89565,142263654,Guadalupe,Barroso,89565
89566,131758562,Nazario,Lobato,89566
89567,100333157,Visitacion,Berenguer,89567
89568,446834117,Bienvenida,Cabello,89568
89569,416161045,Lucio,Mayo,89569
89570,914167243,Virginia,Barbera,89570
89571,231450416,Graciana,Romero,89571
89572,229217175,Xavier,Saura,89572
89573,182217102,Luciana,Raya,89573
89574,777715940,Angela,Baquero,89574
89575,130718251,Matias,Vinas,89575
89576,161647662,Jordan,Vila,89576
89577,602804912,Maristela,Almansa,89577
89578,141064599,Feliciana,Gomez,89578
89579,221144950,Aitana,Cerdan,89579
89580,218128618,Eufemia,Valencia,89580
89581,520917130,Debora,Roldan,89581
89582,616138210,Modesta,Carballo,89582
89583,144384605,Alejandro,Salas,89583
89584,579628058,Leyre,Gallego,89584
89585,179533314,Cruz,Lerma,89585
89586,273452727,Zaira,Borras,89586
89587,424653918,Isaac,Ariza,89587
89588,299787734,Leandro,Jimenez,89588
89589,740609867,Ariel,Pena,89589
89590,518847382,Espiridion,Carrasco,89590
89591,506435329,Calixta,Salvador,89591
89592,677501019,Olivia,Casal,89592
89593,461819751,Mar,Jordan,89593
89594,293559730,Lorena,Clemente,89594
89595,120677082,Cornelio,Merino,89595
89596,277928096,Maite,Marin,89596
89597,573149719,Goyo,Carro,89597
89598,218427575,Tadeo,Teruel,89598
89599,816140383,Vicenta,Merino,89599
89600,358724590,Norberto,Aguirre,89600
89601,873641173,Felipe,Leal,89601
89602,143493939,Damian,Becerra,89602
89603,125789432,Martirio,Baquero,89603
89604,290928511,Leopoldo,Aguila,89604
89605,574622332,Camilo,Alfaro,89605
89606,186848879,Amando,Lloret,89606
89607,491777071,Ceferino,Jauregui,89607
89608,796917120,Jenny,Daza,89608
89609,351698889,Felix,Armas,89609
89610,793194736,Concha,Aragones,89610
89611,668073488,Nazaret,Acedo,89611
89612,619708679,Jovita,Padilla,89612
89613,252142072,Leonel,Cuesta,89613
89614,799071250,Jordi,Bas,89614
89615,526521624,Jose,Posada,89615
89616,542616590,Jorge,Vizcaino,89616
89617,281317887,Belen,Rosado,89617
89618,209962377,Pia,Acedo,89618
89619,583792266,Quirino,Martin,89619
89620,701949512,Crescencia,Sevilla,89620
89621,155763119,Ambar,Losada,89621
89622,576545739,Corona,Criado,89622
89623,786074611,Albino,Rosales,89623
89624,944081249,Natanael,Agullo,89624
89625,458970264,Adela,Gelabert,89625
89626,804936941,Georgina,Amador,89626
89627,585884864,Flora,Zabaleta,89627
89628,874065442,Reina,Asensio,89628
89629,828587249,Fernando,Roma,89629
89630,879361888,Jafet,Camino,89630
89631,388906845,Lupe,Malo,89631
89632,301215063,Francisco,Boada,89632
89633,887927104,Gisela,Espada,89633
89634,251173734,Andrea,Falco,89634
89635,974664731,Climaco,Espinosa,89635
89636,865199191,Luis Miguel,Balaguer,89636
89637,874067307,Victor,Sans,89637
89638,617013378,Francisco Javier,Escamilla,89638
89639,610284303,Emperatriz,Tomas,89639
89640,651334710,Eligio,Soriano,89640
89641,485327598,Sofia,Moraleda,89641
89642,738810283,Maxima,Peiro,89642
89643,104881913,Fabio,Almansa,89643
89644,499347071,Eloisa,Tamarit,89644
89645,747008804,Pedro,Cordoba,89645
89646,753069761,Rosario,Palacios,89646
89647,866240162,Marco,Serra,89647
89648,137797442,Hipolito,Luque,89648
89649,833479186,Marcelo,Moll,89649
89650,124352618,Estela,Alcantara,89650
89651,372809370,Agapito,Caro,89651
89652,454519101,Aura,Posada,89652
89653,315640280,Leire,Casal,89653
89654,434663729,Nicolas,Morales,89654
89655,944464097,Pascuala,Piquer,89655
89656,536654366,Ceferino,Pino,89656
89657,387128508,Montserrat,Quintero,89657
89658,589603967,Modesta,Pena,89658
89659,210355488,Feliciano,Company,89659
89660,690845756,Edmundo,Lobo,89660
89661,707770714,Donato,Amor,89661
89662,144734139,Ramona,Valenciano,89662
89663,870195932,Blas,Ropero,89663
89664,656918059,Blas,Llado,89664
89665,815256330,Ariel,Alfaro,89665
89666,884723761,Elvira,Carrera,89666
89667,801101018,Miguela,Solis,89667
89668,936715783,Julio,Mate,89668
89669,986155115,Tania,Clavero,89669
89670,618409550,Moreno,Boix,89670
89671,776295234,Maximiliano,Oliveras,89671
89672,593141946,Diana,Pla,89672
89673,142561025,Octavio,Escolano,89673
89674,743342639,Nicolasa,Melendez,89674
89675,623528439,Maximino,Ribera,89675
89676,797930635,Rosalva,Crespi,89676
89677,639091638,Lupe,Valderrama,89677
89678,791560819,Tere,Marin,89678
89679,984195440,Teresa,Fernandez,89679
89680,732173203,Venceslas,Fuster,89680
89681,157255133,Paulino,Lago,89681
89682,202964825,Amarilis,Calvo,89682
89683,330520554,Candela,Minguez,89683
89684,239314843,Loreto,Segarra,89684
89685,758857187,Chuy,Raya,89685
89686,242266374,Tatiana,Zurita,89686
89687,252286907,Beatriz,Catalan,89687
89688,295748827,Luz,Cordoba,89688
89689,252220688,Francisco,Francisco,89689
89690,286339656,Narcisa,Mas,89690
89691,909235237,Valerio,Amo,89691
89692,512805057,Nelida,Malo,89692
89693,525585336,Jose Mari,Diez,89693
89694,909327872,Lupe,Raya,89694
89695,443279298,Joaquin,Moreno,89695
89696,120061191,Cebrian,Verdu,89696
89697,701084525,Alejo,Azcona,89697
89698,182744901,Ana Belen,Nicolau,89698
89699,159510691,Virgilio,Fiol,89699
89700,928911396,Melisa,Pina,89700
89701,592474410,Quique,Banos,89701
89702,424408927,Victoria,Taboada,89702
89703,125447229,Febe,Calderon,89703
89704,416042448,Angeles,Galan,89704
89705,159119089,Trini,Manjon,89705
89706,976631665,Corona,Espada,89706
89707,395395221,Adan,Rosell,89707
89708,489253574,Barbara,Castellanos,89708
89709,138197838,Elisa,Fernandez,89709
89710,746678283,Antonia,Sainz,89710
89711,191124577,Cayetana,Blazquez,89711
89712,360430135,Felix,Oliveras,89712
89713,549463638,Lucas,Galvez,89713
89714,888098528,Dorotea,Tur,89714
89715,538674597,Paco,Bustamante,89715
89716,148502581,Ximena,Hierro,89716
89717,794276767,Hortensia,Colomer,89717
89718,725732483,Feliciano,Salom,89718
89719,508182263,Lope,Bayo,89719
89720,379921407,Ariadna,Ferrandez,89720
89721,354998924,Angelino,Coloma,89721
89722,765285986,Silvio,Avila,89722
89723,950176886,Herberto,Lucena,89723
89724,719120347,Salomon,Sedano,89724
89725,273805241,Agueda,Menendez,89725
89726,355469018,Ximena,Soriano,89726
89727,397018237,Nacio,Roman,89727
89728,781620005,Manola,Pons,89728
89729,832582310,Victor,Checa,89729
89730,204605366,Constanza,Garcia,89730
89731,147727806,Vicente,Sureda,89731
89732,172433865,Cintia,Vina,89732
89733,787472618,Placido,Valbuena,89733
89734,188535652,Florentina,Cervantes,89734
89735,909456867,Amilcar,Polo,89735
89736,757252247,Casemiro,Martorell,89736
89737,189060015,Martin,Pareja,89737
89738,487891733,Renata,Cerdan,89738
89739,354197535,Jesus,Becerra,89739
89740,927561149,Roberto,Andres,89740
89741,954778251,Eliana,Sosa,89741
89742,294141361,Clara,Sanabria,89742
89743,346829967,Aaron,Correa,89743
89744,290139012,Benito,Matas,89744
89745,258989494,Primitiva,Lloret,89745
89746,365996042,Reynaldo,Ibanez,89746
89747,198163230,Sara,Patino,89747
89748,126897138,Simon,Vicente,89748
89749,111520871,Baltasar,Artigas,89749
89750,872857515,Nacho,Gonzalo,89750
89751,357628264,Diego,Prieto,89751
89752,511825476,Plinio,Font,89752
89753,831991355,Paola,Fonseca,89753
89754,783459431,Bienvenida,Zabala,89754
89755,340461987,Anunciacion,Pastor,89755
89756,142029686,Anunciacion,Zorrilla,89756
89757,798028931,Fortunato,Gordillo,89757
89758,991702387,Evangelina,Torrecilla,89758
89759,928523417,Natividad,Asensio,89759
89760,187279036,Isidora,Calvet,89760
89761,446397334,Fulgencio,Figuerola,89761
89762,171067823,Javiera,Rocha,89762
89763,592322306,Francisca,Sanchez,89763
89764,391457435,Obdulia,Batalla,89764
89765,595826153,Cleto,Vall,89765
89766,373437769,Gil,Jaume,89766
89767,613107363,Marco,Gomez,89767
89768,759584090,Rico,Valle,89768
89769,459894980,Natalio,Vilar,89769
89770,267321266,Moreno,Batalla,89770
89771,839724638,Leocadia,Giralt,89771
89772,227852133,Maria Angeles,Huerta,89772
89773,817305390,Fabian,Moraleda,89773
89774,582902697,Cornelio,Bernal,89774
89775,590818648,Emilio,Rios,89775
89776,187018518,Constanza,Porras,89776
89777,724522003,Amanda,Olmo,89777
89778,559721005,Pepito,Alcala,89778
89779,292391626,Santos,Vicens,89779
89780,901771890,Geronimo,Herrera,89780
89781,641059432,Sebastian,Seco,89781
89782,436106345,Elisa,Garcia,89782
89783,983984607,Flora,Parra,89783
89784,569857403,Vilma,Iglesia,89784
89785,744963423,Marc,Alsina,89785
89786,367404593,Felix,Morell,89786
89787,636786223,Alba,Simo,89787
89788,794598165,Amada,Azorin,89788
89789,291932658,Maximo,Cal,89789
89790,970179192,Edmundo,Aguila,89790
89791,152706723,Carmelita,Caparros,89791
89792,156419847,Delfina,Bertran,89792
89793,380182942,Climaco,Llamas,89793
89794,751984273,Esteban,Guardiola,89794
89795,217836545,Eduardo,Calderon,89795
89796,493159321,Ambar,Cerro,89796
89797,925779478,Juana,Cruz,89797
89798,677397351,Ambrosio,Salcedo,89798
89799,117850118,Jessica,Gutierrez,89799
89800,801924247,Laura,Linares,89800
89801,830129737,Ana Belen,Barbero,89801
89802,928272152,Ingrid,Pinto,89802
89803,930689226,Cosme,Muro,89803
89804,591982957,Nidia,Escobar,89804
89805,326641685,Loreto,Montenegro,89805
89806,732654377,Carlito,Huerta,89806
89807,599484630,Jonatan,Infante,89807
89808,182328773,Norberto,Carbajo,89808
89809,287616250,Priscila,Diez,89809
89810,284156612,Melchor,Salamanca,89810
89811,911696016,Juliana,Perales,89811
89812,691517078,Bernarda,Moya,89812
89813,554835409,Americo,Peiro,89813
89814,380194683,Amalia,Vara,89814
89815,599927999,Leocadia,Batalla,89815
89816,938235247,Gala,Vigil,89816
89817,368304819,Abel,Manrique,89817
89818,918802384,Jafet,Sanmartin,89818
89819,387197143,Anselma,Carbo,89819
89820,669523238,Ale,Bellido,89820
89821,830037486,Teresita,Torrens,89821
89822,115169180,Cintia,Campoy,89822
89823,405893083,Humberto,Sanabria,89823
89824,979423005,Calisto,Tomas,89824
89825,905410948,Ignacio,Taboada,89825
89826,696395616,Jose,Guijarro,89826
89827,550872270,Adalberto,Jaen,89827
89828,750765998,Dionisia,Calleja,89828
89829,997435402,Teresita,Calderon,89829
89830,900086160,Berto,Abril,89830
89831,179514213,Ruben,Gargallo,89831
89832,586759961,Coral,Cabello,89832
89833,887314447,Marina,Ferrando,89833
89834,169871281,Casemiro,Collado,89834
89835,873543542,Alexandra,Reyes,89835
89836,164289726,Evita,Barros,89836
89837,689781027,Mirta,Nevado,89837
89838,704558196,Virgilio,Rossello,89838
89839,111135571,Tere,Chico,89839
89840,735526849,Maximiliano,Losada,89840
89841,299969079,Rufino,Mugica,89841
89842,252014598,Mauricio,Torres,89842
89843,660760840,Laura,Valbuena,89843
89844,957427502,Adolfo,Cabello,89844
89845,792456601,Goyo,Paredes,89845
89846,854908461,Brunilda,Oliva,89846
89847,969200501,Kike,Revilla,89847
89848,590042185,Jacinto,Aleman,89848
89849,711073955,Daniel,Campillo,89849
89850,408572719,Tomas,Aguila,89850
89851,291058335,Olalla,Campillo,89851
89852,552648914,Aurora,Benavent,89852
89853,907318293,Hortensia,Grau,89853
89854,107991227,Paloma,Bermejo,89854
89855,967195091,Fito,Aramburu,89855
89856,413926206,Leire,Riba,89856
89857,719412490,Lucho,Jaen,89857
89858,453434006,Simon,Duarte,89858
89859,564079491,Amando,Fortuny,89859
89860,572212592,Luna,Angel,89860
89861,722083155,Armando,Macias,89861
89862,132104897,Rico,Carmona,89862
89863,909319614,Juanita,Tomas,89863
89864,216583390,Gustavo,Portillo,89864
89865,847820998,Rolando,Prat,89865
89866,358567040,Trinidad,Torrecilla,89866
89867,370370984,Elvira,Blazquez,89867
89868,195250083,Rosalina,Heredia,89868
89869,388384648,Benigno,Gomis,89869
89870,447669511,Vanesa,Gonzalo,89870
89871,278109898,Urbano,Grande,89871
89872,890884449,Fidela,Solis,89872
89873,593505047,Francisca,Luz,89873
89874,161269729,Lina,Pedraza,89874
89875,461655391,Clara,Caceres,89875
89876,903483431,Ofelia,Costa,89876
89877,733786891,Georgina,Puig,89877
89878,499629538,Segismundo,Mugica,89878
89879,373024244,Toribio,Pinedo,89879
89880,921239633,Feliciana,Agullo,89880
89881,542895055,Susanita,Chaves,89881
89882,776812557,Victor,Sarmiento,89882
89883,990803633,Melisa,Peinado,89883
89884,377481273,Reyes,Pelaez,89884
89885,296888613,Genoveva,Bonet,89885
89886,528889226,Nuria,Belmonte,89886
89887,674336199,Adolfo,Carlos,89887
89888,722070301,Leopoldo,Pages,89888
89889,411400651,Enrique,Gisbert,89889
89890,224199882,Azahar,Viana,89890
89891,728646235,Elba,Valencia,89891
89892,681733607,Pastor,Bou,89892
89893,334829083,Adrian,Cabanas,89893
89894,527705651,Valeria,Cabrero,89894
89895,867454680,Eusebio,Segui,89895
89896,567498794,Amarilis,Asenjo,89896
89897,643094237,Silvestre,Luque,89897
89898,349114522,Carlota,Amo,89898
89899,322427535,Jose Luis,Penas,89899
89900,595687980,Alejandra,Ramos,89900
89901,564156457,Leoncio,Somoza,89901
89902,334869113,Eli,Pozuelo,89902
89903,383243420,Ruperto,Diez,89903
89904,771513433,Natalio,Company,89904
89905,639163089,Marisa,Hervas,89905
89906,463740958,Andres,Carvajal,89906
89907,681311244,Ruth,Canet,89907
89908,290420326,Raquel,Calatayud,89908
89909,664615220,Salud,Jara,89909
89910,882693390,Bonifacio,Portillo,89910
89911,256851879,Zoraida,Buendia,89911
89912,615733924,Rene,Fuente,89912
89913,709636605,Camilo,Clemente,89913
89914,992005734,Samuel,Alvarez,89914
89915,476858805,Felicia,Perea,89915
89916,590808290,Bautista,Villa,89916
89917,228343850,Eva Maria,Cano,89917
89918,115115364,Eulalia,Pino,89918
89919,241524874,Victoria,Verdejo,89919
89920,759279188,Jenaro,Solana,89920
89921,411976664,Marisa,Ballester,89921
89922,186016709,Palmira,Pont,89922
89923,111382482,Luis Miguel,Ferrandiz,89923
89924,461269485,Luisa,Herranz,89924
89925,195820274,Rosendo,Jover,89925
89926,829411014,Alexandra,Barcelo,89926
89927,843348751,Remigio,Huguet,89927
89928,578600171,Isabela,Morata,89928
89929,173083759,Flora,Marmol,89929
89930,225120741,Noa,Fajardo,89930
89931,809851391,Teo,Galvez,89931
89932,597990945,Jenny,Lillo,89932
89933,342802767,Tadeo,Tamayo,89933
89934,171128604,Nidia,Manzanares,89934
89935,617976958,Marc,Adan,89935
89936,158849667,Roxana,Tapia,89936
89937,850356845,Daniel,Morante,89937
89938,100308613,Eliana,Almansa,89938
89939,880432430,Antonio,Penas,89939
89940,279853515,Vicente,Garzon,89940
89941,573514852,Vanesa,Luna,89941
89942,481209153,Nilda,Acevedo,89942
89943,141815264,Delfina,Arteaga,89943
89944,692717499,Trinidad,Ruiz,89944
89945,309642375,Alondra,Cabello,89945
89946,229749759,Azahara,Hurtado,89946
89947,429199723,Marciano,Dominguez,89947
89948,852187600,Evelia,Osuna,89948
89949,105607314,Adelaida,Baena,89949
89950,966601829,Gerardo,Cifuentes,89950
89951,242247283,Cebrian,Mulet,89951
89952,272381639,Ignacia,Canales,89952
89953,441897923,Josep,Acevedo,89953
89954,415230973,Bernarda,Caro,89954
89955,959343408,Yaiza,Company,89955
89956,106921350,Jose Ignacio,Iglesia,89956
89957,321430141,Roberto,Tomas,89957
89958,272370323,Aaron,Lamas,89958
89959,654169847,Zoraida,Pinedo,89959
89960,139134479,Custodia,Heredia,89960
89961,155451200,Tadeo,Cruz,89961
89962,878081462,Leocadio,Palacios,89962
89963,243750875,Marta,Redondo,89963
89964,483904238,Vicenta,Tejero,89964
89965,177366015,Candida,Hernandez,89965
89966,572738947,Dorotea,Roman,89966
89967,608616390,Azeneth,Arenas,89967
89968,293650639,Ariel,Cabrero,89968
89969,535912927,Vito,Montesinos,89969
89970,186546433,Chema,Roma,89970
89971,619462670,Ildefonso,Puente,89971
89972,572537209,Abraham,Ferrandez,89972
89973,641226682,Juan Bautista,Bolanos,89973
89974,634570860,Lorenza,Olive,89974
89975,643426988,Duilio,Suarez,89975
89976,676592559,Eusebia,Artigas,89976
89977,658127146,Fidela,Almeida,89977
89978,546636635,Nayara,Guillen,89978
89979,639041014,Hector,Briones,89979
89980,20981324,Palmira,Castello,89980
89981,729279495,Mauricio,Campos,89981
89982,850922885,Amancio,Valenzuela,89982
89983,701670414,Tecla,Montesinos,89983
89984,626426531,Nelida,Aliaga,89984
89985,128604991,Gervasio,Falco,89985
89986,318545287,Agapito,Ferreras,89986
89987,161120383,Rosendo,Requena,89987
89988,181670094,Carlos,Campo,89988
89989,840948784,Teobaldo,Martorell,89989
89990,790321276,Ascension,Herranz,89990
89991,264884421,Encarna,Tomas,89991
89992,945021614,Isabel,Galvan,89992
89993,525821273,Saturnino,Gargallo,89993
89994,958658106,Concha,Casanova,89994
89995,344215850,Georgina,Murillo,89995
89996,759809871,Luna,Lloret,89996
89997,295117945,Xavier,Castilla,89997
89998,527127885,Ignacio,Llado,89998
89999,109683510,Florentino,Ibarra,89999
90000,241719819,Lucila,Borrego,90000
90001,370230736,Macario,Enriquez,90001
90002,261024806,Marisa,Arrieta,90002
90003,308161104,Baldomero,Segovia,90003
90004,223103416,Sigfrido,Rivas,90004
90005,363731884,Calisto,Canet,90005
90006,246290943,Encarnacion,Fiol,90006
90007,197733547,Albert,Tello,90007
90008,422930053,Cebrian,Cadenas,90008
90009,453041381,Nelida,Arribas,90009
90010,516325243,Godofredo,Acevedo,90010
90011,868454751,Miguel,Barrera,90011
90012,748707302,Jordan,Marquez,90012
90013,976650770,Candela,Fuentes,90013
90014,858020790,Mateo,Vaquero,90014
90015,858597604,Daniel,Andres,90015
90016,965666776,Chucho,Quiros,90016
90017,766117272,Ricardo,Cantero,90017
90018,112945101,Eli,Angel,90018
90019,850064899,Sabina,Cases,90019
90020,942531703,Pancho,Roldan,90020
90021,742204558,Angel,Chamorro,90021
90022,597622987,Maria Dolores,Alsina,90022
90023,424088736,Berto,Jorda,90023
90024,271166631,Agustina,Uribe,90024
90025,361496064,Jose Antonio,Carbonell,90025
90026,305159563,Natividad,Marin,90026
90027,161397615,Clarisa,Olivares,90027
90028,527276539,Lara,Vaquero,90028
90029,403157610,Sonia,Moliner,90029
90030,742166670,Leonor,Escalona,90030
90031,732127124,Lupita,Oliveras,90031
90032,791852590,Joaquina,Conde,90032
90033,659033003,Aaron,Torrijos,90033
90034,931870130,Silvio,Verdu,90034
90035,673881759,Edelmiro,Ballester,90035
90036,230446311,Eutropio,Llado,90036
90037,685249242,Melchor,Castellanos,90037
90038,367611137,Aurelia,Gual,90038
90039,970660153,Nazario,Becerra,90039
90040,441227927,Cristian,Anaya,90040
90041,804562527,Milagros,Calderon,90041
90042,497026279,Jose,Segovia,90042
90043,115035326,Eutropio,Dominguez,90043
90044,938446283,Magdalena,Acedo,90044
90045,624003285,Epifanio,Monreal,90045
90046,836002811,Maxi,Sanabria,90046
90047,826498155,Natividad,Atienza,90047
90048,907198651,Valentin,Roldan,90048
90049,621223666,Chita,Pastor,90049
90050,264027713,Genoveva,Carballo,90050
90051,756014694,Hortensia,Aznar,90051
90052,202181675,Reyna,Tormo,90052
90053,156737587,Corona,Tejada,90053
90054,955001989,Isaac,Puig,90054
90055,970005325,Gema,Hierro,90055
90056,116125856,Prudencia,Torrijos,90056
90057,845200987,Inmaculada,Naranjo,90057
90058,751296892,Haydee,Beltran,90058
90059,771309708,Anacleto,Sastre,90059
90060,793561090,Guiomar,Sabater,90060
90061,745940626,Rafa,Gras,90061
90062,975963599,Adela,Castro,90062
90063,114925192,Rufino,Sans,90063
90064,282945317,Miguel Angel,Casas,90064
90065,534199529,Juan Antonio,Giralt,90065
90066,501422659,Bibiana,Revilla,90066
90067,234755758,Sandalio,Ros,90067
90068,886871251,Azahara,Ramos,90068
90069,903194051,Fernando,Mateo,90069
90070,812590090,Jose Mari,Coronado,90070
90071,122150914,Rafa,Alba,90071
90072,984525778,Cruz,Julian,90072
90073,173924447,Fernanda,Chaparro,90073
90074,830933960,Camilo,Alfonso,90074
90075,627879422,Jordana,Arribas,90075
90076,151686790,Lorenza,Fajardo,90076
90077,834866642,Epifanio,Fernandez,90077
90078,501895701,Irma,Parra,90078
90079,484496538,Anunciacion,Penas,90079
90080,145468370,Odalys,Carbonell,90080
90081,475129939,Manola,Vizcaino,90081
90082,422364521,Brunilda,Bosch,90082
90083,543947831,Eliana,Moles,90083
90084,485479569,Manu,Solana,90084
90085,407004985,Dionisio,Bautista,90085
90086,903022720,Reina,Blazquez,90086
90087,715104682,Jose Carlos,Campoy,90087
90088,981238137,Balduino,Amoros,90088
90089,124255358,Maximiliano,Prieto,90089
90090,778768485,Selena,Bello,90090
90091,871748493,Soledad,Dominguez,90091
90092,514162710,Matias,Oliveras,90092
90093,911153995,Jenny,Llopis,90093
90094,803998390,Macario,Ayala,90094
90095,206884652,Rodolfo,Morera,90095
90096,242839706,Regina,Escobar,90096
90097,756293738,Cintia,Manjon,90097
90098,189610739,Severiano,Rodriguez,90098
90099,635735434,Trinidad,Roca,90099
90100,894223330,Candido,Ayuso,90100
90101,517593290,Reyes,Casado,90101
90102,424636026,Maria Jesus,Hurtado,90102
90103,510756181,Aitor,Hervia,90103
90104,768322214,Filomena,Ferreras,90104
90105,193214780,Victoriano,Mata,90105
90106,591592811,Pelayo,Figueras,90106
90107,157103148,Nerea,Marti,90107
90108,408072946,Lazaro,Barranco,90108
90109,617837628,Herminia,Jordan,90109
90110,845319397,Lino,Donoso,90110
90111,605050773,Juan Jose,Escribano,90111
90112,169001759,Fidel,Bru,90112
90113,290001815,Rene,Cobos,90113
90114,675693604,Vilma,Ojeda,90114
90115,897414439,Matilde,Carbajo,90115
90116,324605289,Josue,Carrion,90116
90117,593463550,Aitana,Egea,90117
90118,859736190,Alejandra,Nunez,90118
90119,338109438,Emelina,Folch,90119
90120,659861227,Adelina,Corominas,90120
90121,372655953,Marciano,Bilbao,90121
90122,365048252,Alejo,Estrada,90122
90123,589091752,Urbano,Bertran,90123
90124,264303404,Gilberto,Azorin,90124
90125,745251209,Salud,Tello,90125
90126,603094784,Norberto,Alfaro,90126
90127,901854558,Fausto,Menendez,90127
90128,352086325,Lupe,Pombo,90128
90129,859765263,Tania,Saez,90129
90130,393406508,Edelmira,Tello,90130
90131,355136490,Poncio,Reig,90131
90132,541991133,Maria Cristina,Saavedra,90132
90133,983636754,Chus,Benet,90133
90134,460059451,Hilario,Marquez,90134
90135,756036958,Eufemia,Rius,90135
90136,350713008,Hilario,Arrieta,90136
90137,286852437,Octavio,Daza,90137
90138,701400336,Tania,Cuesta,90138
90139,796246830,Galo,Cazorla,90139
90140,315404517,Tito,Bernat,90140
90141,718685543,Pepe,Aguila,90141
90142,293947877,Consuelo,Pedraza,90142
90143,305824662,Arturo,Bayona,90143
90144,816060267,Amelia,Rosello,90144
90145,604138102,Valentin,Verdugo,90145
90146,243327317,Jose Luis,Manjon,90146
90147,709584211,Eloisa,Davila,90147
90148,154168748,Juan Antonio,Hidalgo,90148
90149,298722659,Filomena,Larrea,90149
90150,617375031,Jacinta,Alvarado,90150
90151,865737082,Aurora,Marin,90151
90152,345649342,Dimas,Ribas,90152
90153,456423852,Renato,Alberdi,90153
90154,457342081,Carlos,Peralta,90154
90155,866007499,Itziar,Pol,90155
90156,883440632,Jimena,Antunez,90156
90157,390057593,Georgina,Arana,90157
90158,758921755,Yessica,Castrillo,90158
90159,767901941,Baltasar,Pozuelo,90159
90160,483465024,Isaias,Barrena,90160
90161,476717587,Cirino,Espana,90161
90162,176213727,Noelia,Alsina,90162
90163,888216489,Nicolas,Araujo,90163
90164,180949467,Cosme,Aliaga,90164
90165,875386337,Olga,Cases,90165
90166,563958368,Guillermo,Espanol,90166
90167,203944945,Florentina,Nicolas,90167
90168,915474941,Delfina,Pina,90168
90169,887759907,Maribel,Pablo,90169
90170,744951314,Pepito,Ferrando,90170
90171,440268643,Violeta,Reguera,90171
90172,544534176,Evelia,Zamora,90172
90173,547277436,Mario,Batalla,90173
90174,204587700,Nicodemo,Baron,90174
90175,292861003,Hipolito,Vallejo,90175
90176,792039131,Abril,Vilanova,90176
90177,647597414,Camilo,Moll,90177
90178,840575006,Espiridion,Galan,90178
90179,271108096,Goyo,Molina,90179
90180,357883587,Trinidad,Llanos,90180
90181,943223809,Lourdes,Sole,90181
90182,839845340,Graciana,Font,90182
90183,101982714,Adelaida,Jauregui,90183
90184,338518364,Felix,Bartolome,90184
90185,269703613,Rene,Madrigal,90185
90186,107669967,Felix,Cozar,90186
90187,741428462,Rodolfo,Cantero,90187
90188,558783102,Xavier,Madrid,90188
90189,501393128,Heliodoro,Gual,90189
90190,605598552,Felicia,Moreno,90190
90191,909827442,Haroldo,Coloma,90191
90192,403684744,Regulo,Coloma,90192
90193,753968132,Miriam,Arino,90193
90194,279238379,Reyes,Alberdi,90194
90195,292266686,Ines,Saavedra,90195
90196,785688698,German,Ruano,90196
90197,578341456,Eligia,Marino,90197
90198,560705137,Araceli,Aragon,90198
90199,890811313,Catalina,Giner,90199
90200,406167170,Patricio,Valera,90200
90201,755600445,Esteban,Espinosa,90201
90202,188922319,Angelina,Valencia,90202
90203,524212427,Francisco,Sanjuan,90203
90204,264145406,Aitana,Ballester,90204
90205,464128113,Santos,Figueras,90205
90206,893075724,Teo,Gimenez,90206
90207,259996170,Joan,Hidalgo,90207
90208,477937508,Pastora,Falcon,90208
90209,696953914,Felicia,Azorin,90209
90210,373272941,Leonor,Segura,90210
90211,877735843,Francisco,Garzon,90211
90212,853038553,Salvador,Miralles,90212
90213,741901499,Teofila,Prieto,90213
90214,308811207,Eufemia,Guzman,90214
90215,304339887,Blanca,Cabeza,90215
90216,957384088,Romulo,Hoz,90216
90217,437464156,Noa,Morales,90217
90218,307381221,Evelia,Cardenas,90218
90219,752363084,Aitana,Azcona,90219
90220,572901137,Miguel,Soria,90220
90221,694351439,Alvaro,Elias,90221
90222,176972144,Silvio,Otero,90222
90223,438299250,Pili,Rossello,90223
90224,141420437,Herberto,Vazquez,90224
90225,878683163,Ingrid,Aragones,90225
90226,679244362,Guiomar,Manso,90226
90227,392404455,Chus,Mateos,90227
90228,913933751,Belen,Sebastian,90228
90229,696398921,Angeles,Barral,90229
90230,683801627,Reyna,Monreal,90230
90231,144308259,Noa,Duarte,90231
90232,800461593,Begona,Boix,90232
90233,929040183,Herminio,Mendizabal,90233
90234,657511590,Adela,Campoy,90234
90235,205592811,Ale,Anglada,90235
90236,315366692,Susanita,Espinosa,90236
90237,894086115,Jose Luis,Quiros,90237
90238,307129719,Jacobo,Sancho,90238
90239,524030263,Hernando,Ribes,90239
90240,557007169,Estela,Cervantes,90240
90241,797659226,Emilio,Benitez,90241
90242,287592355,Maria Pilar,Arana,90242
90243,674470264,Borja,Quintero,90243
90244,985501037,Maria Cristina,Diego,90244
90245,482008385,Manuela,Cruz,90245
90246,743983345,Mercedes,Franch,90246
90247,430852506,Jimena,Zabaleta,90247
90248,642788992,Alejandra,Casal,90248
90249,148093349,Juanita,Mendoza,90249
90250,459912613,Maria Fernanda,Alonso,90250
90251,840116785,Marisol,Salva,90251
90252,531647987,Salud,Bru,90252
90253,565624221,Nydia,Leiva,90253
90254,943075856,Luna,Alcala,90254
90255,704538497,Aristides,Vaquero,90255
90256,548559616,Ramon,Gimenez,90256
90257,420864809,Candido,Folch,90257
90258,912019621,Haroldo,Suarez,90258
90259,317817210,Aurelio,Casanova,90259
90260,897405346,Zacarias,Valls,90260
90261,890527022,Paz,Leon,90261
90262,127196985,Encarnacion,Rodriguez,90262
90263,602087841,Susana,Costa,90263
90264,231553338,Concepcion,Matas,90264
90265,458039505,Espiridion,Zapata,90265
90266,128326350,Nadia,Perello,90266
90267,679883628,Urbano,Almeida,90267
90268,328014867,Renato,Cepeda,90268
90269,429233527,Juan Manuel,Peinado,90269
90270,826800133,Loreto,Angel,90270
90271,245702637,Alejo,Agullo,90271
90272,535672047,Ruben,Nadal,90272
90273,389174521,Ruth,Ropero,90273
90274,102522523,Natalia,Lluch,90274
90275,525723779,Isaac,Fortuny,90275
90276,145431811,Felicia,Fabregat,90276
90277,449789358,Moises,Mayo,90277
90278,413521077,Sabas,Alcalde,90278
90279,614989157,Leandro,Enriquez,90279
90280,876690881,Rosalva,Julian,90280
90281,790034085,Rosalina,Guzman,90281
90282,113836032,Elodia,Mosquera,90282
90283,431923333,Maura,Garmendia,90283
90284,347927574,Hector,Zorrilla,90284
90285,159558105,Prudencia,Perera,90285
90286,851822559,Teodoro,Andres,90286
90287,102549310,Florinda,Portillo,90287
90288,785719172,Jose Manuel,Acuna,90288
90289,207958323,Casemiro,Tolosa,90289
90290,660037899,Gloria,Luis,90290
90291,499225679,Maximino,Pallares,90291
90292,120342745,Gerardo,Mateo,90292
90293,483490735,Marcelo,Cueto,90293
90294,101053742,Sonia,Bosch,90294
90295,980659456,Erasmo,Rosello,90295
90296,228026862,Luis,Duarte,90296
90297,908781971,Juan Bautista,Cozar,90297
90298,476802397,Malena,Salas,90298
90299,196525421,Amilcar,Carballo,90299
90300,558700267,Teodora,Arregui,90300
90301,761772054,Rosario,Zabaleta,90301
90302,373562289,Venceslas,Capdevila,90302
90303,232638800,Olegario,Parejo,90303
90304,980515683,Alma,Ripoll,90304
90305,526189594,Angelino,Minguez,90305
90306,550649972,Epifanio,Aparicio,90306
90307,458805152,Marina,Sanz,90307
90308,796495476,Elba,Gonzalez,90308
90309,255461563,Edelmira,Pla,90309
90310,453536144,Joaquin,Jerez,90310
90311,823488004,Carmelita,Puerta,90311
90312,326766458,Dulce,Bravo,90312
90313,511956668,Rosalinda,Calderon,90313
90314,559643366,Nando,Gual,90314
90315,361023444,Cleto,Pinto,90315
90316,261892757,Nereida,Benitez,90316
90317,766241982,Venceslas,Plaza,90317
90318,159155837,Hilario,Lluch,90318
90319,146427700,Macario,Garces,90319
90320,868291248,Guiomar,Tomas,90320
90321,707442757,Cebrian,Salmeron,90321
90322,477614991,Nieves,Quevedo,90322
90323,592453786,Yolanda,Hidalgo,90323
90324,594904583,Prudencia,Pacheco,90324
90325,981246633,Carlito,Rivero,90325
90326,840841065,Sebastian,Aliaga,90326
90327,741854147,Iban,Rincon,90327
90328,376838090,Ciriaco,Giralt,90328
90329,254498644,Gervasio,Iriarte,90329
90330,620076120,Encarnita,Querol,90330
90331,363341798,Hernan,Santiago,90331
90332,665939131,Eulalia,Diez,90332
90333,300984626,Ramona,Gual,90333
90334,214177732,Alcides,Colom,90334
90335,601897696,Simon,Villalba,90335
90336,446348567,Zacarias,Castaneda,90336
90337,884940927,Anselmo,Valera,90337
90338,148002511,Amarilis,Cazorla,90338
90339,217441812,Goyo,Almazan,90339
90340,313999190,Felix,Cabello,90340
90341,932697448,Obdulia,Trujillo,90341
90342,485183849,Judith,Real,90342
90343,450329904,Constanza,Ayala,90343
90344,992176291,Martin,Barbero,90344
90345,812954588,Aaron,Caballero,90345
90346,661747282,Guadalupe,Aparicio,90346
90347,235033526,Pascuala,Ferreras,90347
90348,690715164,Jordan,Macias,90348
90349,175920268,Vicente,Cuellar,90349
90350,136810021,Sergio,Prat,90350
90351,695252704,Albina,Nieto,90351
90352,879078508,Diana,Ochoa,90352
90353,942820190,Leticia,Bastida,90353
90354,841205390,Soledad,Izquierdo,90354
90355,363733613,Sandra,Aramburu,90355
90356,594303048,Moreno,Banos,90356
90357,848587561,Gloria,Marino,90357
90358,106869635,Ruth,Lloret,90358
90359,913544037,Danilo,Verdugo,90359
90360,879930187,Priscila,Lumbreras,90360
90361,894867069,Berta,Chacon,90361
90362,665909088,Rebeca,Ibarra,90362
90363,830419183,Bernardo,Iniguez,90363
90364,590315879,Maxi,Mendez,90364
90365,792217755,Armando,Casal,90365
90366,749214329,Rosendo,Arranz,90366
90367,199404939,Feliciano,Puerta,90367
90368,112748456,Tamara,Jara,90368
90369,883817364,Florencia,Malo,90369
90370,169336132,Ciriaco,Mulet,90370
90371,442579710,Cipriano,Echeverria,90371
90372,786588447,Renata,Figueroa,90372
90373,105072860,Nelida,Llanos,90373
90374,627314430,Javiera,Gimenez,90374
90375,141276261,Faustino,Alsina,90375
90376,474872184,Paco,Estrada,90376
90377,134815617,Marita,Larrea,90377
90378,166204936,Jordana,Adan,90378
90379,334424015,Celestina,Madrigal,90379
90380,696849154,Evita,Amador,90380
90381,880929172,Climaco,Solera,90381
90382,842779545,Ariel,Castaneda,90382
90383,466568956,Maximino,Hierro,90383
90384,443774716,Espiridion,Tur,90384
90385,220700851,Jimena,Paredes,90385
90386,767173579,Ramona,Fonseca,90386
90387,857230723,Iris,Valderrama,90387
90388,660743291,Atilio,Moran,90388
90389,188506727,Benigna,Botella,90389
90390,761652804,Berto,Guardia,90390
90391,318797272,Trinidad,Isern,90391
90392,685349646,Josue,Tamarit,90392
90393,607966308,Patricia,Escobar,90393
90394,958115394,Dora,Zabala,90394
90395,478675458,Teo,Tapia,90395
90396,616143610,Consuelo,Abril,90396
90397,396671588,America,Aznar,90397
90398,608591457,Omar,Verdugo,90398
90399,960797169,Leonor,Ribera,90399
90400,728358570,Mercedes,Barbero,90400
90401,999693433,Efrain,Vazquez,90401
90402,350100538,Gabriela,Varela,90402
90403,307701161,Luz,Miralles,90403
90404,588468674,Pepe,Ojeda,90404
90405,800542475,Ines,Alfaro,90405
90406,973666031,Sarita,Lopez,90406
90407,151826486,Faustino,Quiros,90407
90408,640390205,Toni,Collado,90408
90409,528868384,Apolinar,Tovar,90409
90410,760817721,Jose Ignacio,Manzano,90410
90411,742724606,Casandra,Bernal,90411
90412,711183475,Walter,Galan,90412
90413,345827733,Lucila,Bilbao,90413
90414,300961868,Olga,Arcos,90414
90415,310421701,Sabas,Mesa,90415
90416,497239489,Zaira,Oliva,90416
90417,830482288,Norberto,Canas,90417
90418,374690562,Alexandra,Hurtado,90418
90419,368386403,Marianela,Vila,90419
90420,471651977,Conrado,Solis,90420
90421,762690690,Nestor,Perea,90421
90422,633160458,Bautista,Solsona,90422
90423,974196013,Gala,Mateos,90423
90424,170792367,Leon,Arcos,90424
90425,467323875,Laura,Garrido,90425
90426,645977288,Patricia,Bejarano,90426
90427,228240956,Trinidad,Munoz,90427
90428,848926423,Mamen,Contreras,90428
90429,776012126,Jesus,Arco,90429
90430,129330900,Maribel,Ferrer,90430
90431,874098209,Fulgencio,Beltran,90431
90432,648675595,Veronica,Malo,90432
90433,449172496,Vicenta,Pereira,90433
90434,141747070,Prudencia,Villegas,90434
90435,166417473,Onofre,Taboada,90435
90436,687691350,America,Cerda,90436
90437,943683844,Malena,Espana,90437
90438,271239317,Amarilis,Santiago,90438
90439,699406205,Lina,Leiva,90439
90440,359270657,Alfonso,Fuente,90440
90441,532981810,Bartolome,Bermejo,90441
90442,577267188,Isaias,Bayo,90442
90443,195857903,Cornelio,Vergara,90443
90444,499190863,Alicia,Alberto,90444
90445,807088913,Kike,Alfonso,90445
90446,832552409,Chucho,Carbajo,90446
90447,665859417,Micaela,Barros,90447
90448,222307437,Florina,Aliaga,90448
90449,466229125,Manolo,Arranz,90449
90450,867919356,Edu,Marques,90450
90451,526279109,Leocadio,Pablo,90451
90452,160520910,Sergio,Coca,90452
90453,120596144,Alvaro,Montoya,90453
90454,592039206,Iker,Paredes,90454
90455,349928579,Miguela,Acero,90455
90456,308400368,Panfilo,Bejarano,90456
90457,146817808,Clementina,Raya,90457
90458,464526945,Marta,Pozuelo,90458
90459,275563720,Manolo,Rubio,90459
90460,321830950,Berta,Iglesias,90460
90461,967266881,Leyre,Zamora,90461
90462,185647469,Carlito,Prats,90462
90463,413550562,Haroldo,Alamo,90463
90464,167623901,Georgina,Vigil,90464
90465,492401263,Cleto,Benet,90465
90466,469252659,Evangelina,Olivera,90466
90467,131374118,Bibiana,Bartolome,90467
90468,140118633,Visitacion,Calatayud,90468
90469,129608293,Alfonso,Alberdi,90469
90470,923153888,Cecilia,Lerma,90470
90471,334680178,Ramona,Carbonell,90471
90472,929021221,Magdalena,Rodenas,90472
90473,498792321,Nelida,Gordillo,90473
90474,511464984,Luis,Ramis,90474
90475,368475607,Nicodemo,Palacios,90475
90476,397241334,Tatiana,Pulido,90476
90477,445084054,Climaco,Urrutia,90477
90478,617292677,Nelida,Bilbao,90478
90479,773569244,Sara,Pardo,90479
90480,371691471,Irene,Marti,90480
90481,965307813,Lupe,Coello,90481
90482,478373728,Loreto,Pelaez,90482
90483,760913386,Salomon,Gibert,90483
90484,775192463,Abril,Amaya,90484
90485,618834524,Francisco Jose,Baeza,90485
90486,552650562,Clarisa,Camino,90486
90487,303253411,Rosalia,Bejarano,90487
90488,720766331,Leonardo,Abellan,90488
90489,643564597,Haroldo,Amor,90489
90490,101088603,Eleuterio,Tomas,90490
90491,920842463,Adelardo,Agustin,90491
90492,347329430,Benito,Santamaria,90492
90493,894720705,Claudia,Suarez,90493
90494,980279881,Maxi,Grau,90494
90495,329455905,Caridad,Marmol,90495
90496,521645108,Juanita,Romero,90496
90497,323644389,Berto,Carmona,90497
90498,599490487,Sonia,Perea,90498
90499,995836173,Debora,Bravo,90499
90500,576945831,Candelas,Baquero,90500
90501,308301791,Nuria,Prada,90501
90502,232833052,Albert,Tenorio,90502
90503,778538097,Natividad,Reina,90503
90504,123329238,Lorena,Montenegro,90504
90505,813861830,Adriana,Cuadrado,90505
90506,134762356,Juan Luis,Gilabert,90506
90507,556318622,Nerea,Roldan,90507
90508,321033810,Edelmiro,Sala,90508
90509,482411504,Crescencia,Barba,90509
90510,578380388,Eligio,Cervera,90510
90511,548846745,Claudia,Salamanca,90511
90512,843292044,Teo,Jordan,90512
90513,317085053,Febe,Tolosa,90513
90514,769020900,Ruben,Rodriguez,90514
90515,935544168,Espiridion,Pomares,90515
90516,819754096,Julio,Moreno,90516
90517,515996330,Eva Maria,Alfaro,90517
90518,436895541,Yessica,Sebastian,90518
90519,757696980,Ariel,Angel,90519
90520,159422199,Graciela,Elorza,90520
90521,876125060,Leandro,Salmeron,90521
90522,729043552,Celestino,Vina,90522
90523,918184455,Duilio,Rivera,90523
90524,611670292,Ramona,Galan,90524
90525,124008625,Cristina,Gil,90525
90526,538084036,Miguel Angel,Guardia,90526
90527,885541073,Sol,Giron,90527
90528,650735576,Francisca,Barros,90528
90529,641146441,Azucena,Asensio,90529
90530,199763664,Adan,Olmedo,90530
90531,127539459,Aurelia,Huerta,90531
90532,328514198,Jose Francisco,Romeu,90532
90533,320745944,Severino,Royo,90533
90534,232386401,Charo,Barriga,90534
90535,714742281,Susanita,Carnero,90535
90536,888668805,Regulo,Jorda,90536
90537,553205446,Luis,Pi,90537
90538,691744631,Joaquina,Franch,90538
90539,919418701,Mayte,Roldan,90539
90540,751365919,Lorenza,Alberola,90540
90541,759259190,Antonio,Ponce,90541
90542,437998991,Rosa,Tamayo,90542
90543,534683497,Guillermo,Pera,90543
90544,752498212,Lucas,Ibanez,90544
90545,904986639,Ale,Valcarcel,90545
90546,646236035,Maxi,Leiva,90546
90547,992154854,Matias,Linares,90547
90548,849207687,Ambrosio,Chico,90548
90549,909531439,Marcelino,Benito,90549
90550,446263302,Custodio,Cardenas,90550
90551,605157694,Susana,Ortiz,90551
90552,897959336,Arturo,Cordero,90552
90553,123998543,Godofredo,Rocamora,90553
90554,733907353,Fermin,Roman,90554
90555,824641215,Dafne,Valera,90555
90556,691645578,Benita,Carballo,90556
90557,752550612,Jose Miguel,Leal,90557
90558,581401270,Samuel,Gabaldon,90558
90559,597394517,Herberto,Ramon,90559
90560,806809258,Bernardo,Lamas,90560
90561,148240822,Pastor,Lozano,90561
90562,886435434,Bartolome,Franco,90562
90563,532584074,Charo,Llobet,90563
90564,146212627,Emperatriz,Lamas,90564
90565,406891660,Angelica,Sosa,90565
90566,294296799,Hilario,Cuevas,90566
90567,100020757,Tono,Delgado,90567
90568,774511978,Amparo,Iriarte,90568
90569,376195204,Emelina,Girona,90569
90570,370548320,Marcelo,Sosa,90570
90571,340391197,Modesto,Casanova,90571
90572,429072407,Alma,Escudero,90572
90573,648819442,Oscar,Marin,90573
90574,748590871,Victorino,Ordonez,90574
90575,546814203,Nilo,Chaves,90575
90576,319215176,Fito,Alsina,90576
90577,400737589,Ruperto,Tejera,90577
90578,124276987,Miguel,Cervantes,90578
90579,339131420,Amarilis,Pomares,90579
90580,997906676,Augusto,Cardona,90580
90581,435009498,Buenaventura,Macias,90581
90582,534405023,Tere,Zamorano,90582
90583,707467450,Rufina,Matas,90583
90584,227890432,Oscar,Atienza,90584
90585,947556292,Laura,Cid,90585
90586,341766751,Candelaria,Cabeza,90586
90587,156895829,Moises,Cozar,90587
90588,110645207,Prudencia,Cueto,90588
90589,111279814,Quique,Garriga,90589
90590,547071172,Ernesto,Peiro,90590
90591,502292611,Gustavo,Salvador,90591
90592,948747438,Amado,Castilla,90592
90593,532463857,Rosario,Blanca,90593
90594,458069368,Violeta,Roma,90594
90595,451476854,Samuel,Gelabert,90595
90596,212040114,Rosario,Escriva,90596
90597,148559182,Olegario,Arjona,90597
90598,207386256,Macario,Dominguez,90598
90599,450081632,Vilma,Moliner,90599
90600,359772987,Albina,Rivero,90600
90601,930245689,Amparo,Arcos,90601
90602,466044156,Juan Luis,Hidalgo,90602
90603,776254918,Inigo,Figuerola,90603
90604,460537680,Luis,Jordan,90604
90605,871622913,Leire,Suarez,90605
90606,543671508,Azahara,Aliaga,90606
90607,260046844,Chema,Rebollo,90607
90608,384773934,Cintia,Riba,90608
90609,836926952,Prudencia,Nunez,90609
90610,433598099,Feliciano,Pont,90610
90611,968535531,Anibal,Echevarria,90611
90612,561318405,Dani,Rincon,90612
90613,172904679,Carla,Flores,90613
90614,313856643,Chus,Dominguez,90614
90615,831841053,Eliseo,Camino,90615
90616,962623002,Araceli,Olmo,90616
90617,175664784,Zoraida,Leiva,90617
90618,118302729,Alfonso,Gomez,90618
90619,211282179,Calixta,Castro,90619
90620,379640804,Jafet,Albero,90620
90621,507647429,Olimpia,Valbuena,90621
90622,116522784,Francisco,Samper,90622
90623,662317836,Nadia,Cisneros,90623
90624,717674537,Araceli,Pineiro,90624
90625,143188565,Osvaldo,Porta,90625
90626,770656978,Leopoldo,Criado,90626
90627,389597034,Guiomar,Oliver,90627
90628,779977847,Nazaret,Mariscal,90628
90629,928336172,Moreno,Calleja,90629
90630,371944467,Francisco Javier,Quiros,90630
90631,815673956,Marcela,Clavero,90631
90632,684893022,Victor,Terron,90632
90633,192607554,Felix,Frutos,90633
90634,683408155,Prudencia,Tejedor,90634
90635,207852101,Borja,Benavente,90635
90636,310472523,Victor,Ochoa,90636
90637,100734198,Perla,Tejada,90637
90638,368850586,Rocio,Almansa,90638
90639,976444419,Ema,Tenorio,90639
90640,957565088,Esteban,Marquez,90640
90641,503907603,Sosimo,Fernandez,90641
90642,396655960,Marisa,Galvez,90642
90643,781402987,Ricarda,Alegria,90643
90644,178490836,Marina,Diaz,90644
90645,722494685,Juan Manuel,Sevillano,90645
90646,530166367,Eladio,Baron,90646
90647,877862110,Vilma,Solis,90647
90648,570207787,Dolores,Roura,90648
90649,862110377,Evangelina,Escamilla,90649
90650,227252167,Carolina,Aguado,90650
90651,246702986,Agapito,Campoy,90651
90652,155858163,Emilio,Hidalgo,90652
90653,533744613,Concha,Luque,90653
90654,402273535,Filomena,Busquets,90654
90655,179413572,Agapito,Perera,90655
90656,172979632,David,Nunez,90656
90657,406634331,Calixto,Ordonez,90657
90658,289629379,Conrado,Palma,90658
90659,951692059,Casemiro,Moliner,90659
90660,830268260,Barbara,Blanco,90660
90661,762339571,Lazaro,Pomares,90661
90662,612941953,Faustino,Oliva,90662
90663,166375107,Benigno,Sanabria,90663
90664,574384191,Sol,Gallart,90664
90665,787068559,Isabela,Bermejo,90665
90666,271635111,Timoteo,Paredes,90666
90667,670243327,Ricardo,Cerro,90667
90668,251783900,Camila,Ferrandiz,90668
90669,229577886,Ciro,Aragon,90669
90670,980270308,Rosario,Rius,90670
90671,428873679,Saturnina,Alonso,90671
90672,428593834,Ambar,Ribas,90672
90673,498920263,Hilda,Blazquez,90673
90674,858381107,Arcelia,Fortuny,90674
90675,518746523,Marina,Querol,90675
90676,761372635,Angelita,Serra,90676
90677,992868713,Luciano,Puig,90677
90678,852932719,Pia,Ortega,90678
90679,301462803,Consuelo,Batlle,90679
90680,193827762,Kike,Esteve,90680
90681,629972184,Elisa,Segarra,90681
90682,618672321,Claudio,Redondo,90682
90683,167638387,Juliana,Bernad,90683
90684,766046757,Emiliano,Moliner,90684
90685,610837501,Roldan,Castello,90685
90686,529293758,Sarita,Tomas,90686
90687,756054831,Tadeo,Fabra,90687
90688,179779825,Pablo,Reyes,90688
90689,814624677,Teofilo,Revilla,90689
90690,939497488,Casemiro,Madrid,90690
90691,748901122,Jenaro,Bilbao,90691
90692,304689436,Inmaculada,Matas,90692
90693,416595470,Montserrat,Melero,90693
90694,197440335,Esther,Francisco,90694
90695,387888563,Jesusa,Mascaro,90695
90696,783466651,Alondra,Jover,90696
90697,518088403,Severiano,Morera,90697
90698,714735795,Maria,Salmeron,90698
90699,601289783,Adora,Adadia,90699
90700,743280020,Calixto,Alegria,90700
90701,992002150,Porfirio,Canellas,90701
90702,228316243,Inigo,Vila,90702
90703,902566716,Belen,Urrutia,90703
90704,986411310,Guadalupe,Larrea,90704
90705,869360394,Fabricio,Valbuena,90705
90706,913568729,Hernando,Perez,90706
90707,955192175,Chuy,Arevalo,90707
90708,322144227,Roxana,Cerezo,90708
90709,913482264,Eustaquio,Montes,90709
90710,760476635,Monica,Martin,90710
90711,961171183,Aroa,Carreno,90711
90712,734508982,Anselmo,Valdes,90712
90713,209004805,Adelina,Ramirez,90713
90714,516633842,Margarita,Portero,90714
90715,196522074,Bernardino,Mateos,90715
90716,583748482,Nazario,Valenciano,90716
90717,734716678,Reyna,Raya,90717
90718,379210190,Vicenta,Jorda,90718
90719,284464024,Paz,Gual,90719
90720,555818690,Rosenda,Alvarez,90720
90721,466296849,Marcela,Pulido,90721
90722,131592563,Geronimo,Olivares,90722
90723,448131224,Telmo,Vendrell,90723
90724,410412846,Maria Belen,Salas,90724
90725,731451689,Isaias,Millan,90725
90726,357662183,Pilar,Lopez,90726
90727,404587595,Sabas,Acosta,90727
90728,180864692,Rafa,Exposito,90728
90729,193629121,Cleto,Portillo,90729
90730,396555746,Florentina,Calvet,90730
90731,449293083,Abril,Olivera,90731
90732,840010574,Eliseo,Valenciano,90732
90733,986317181,Patricio,Taboada,90733
90734,997357033,Cruz,Molins,90734
90735,926856847,Carmen,Zaragoza,90735
90736,566282040,Luisa,Ferrera,90736
90737,293599962,Abril,Lobo,90737
90738,480013070,Jose Antonio,Julia,90738
90739,211941339,Ruperta,Blanes,90739
90740,415707496,Jose Carlos,Berrocal,90740
90741,282451887,Ramiro,Martin,90741
90742,235060286,Edgar,Lluch,90742
90743,201476409,Wilfredo,Mosquera,90743
90744,154936609,Maria,Villegas,90744
90745,903438966,Ciro,Pinol,90745
90746,829570905,Maria Angeles,Cifuentes,90746
90747,761809816,Isabel,Sabater,90747
90748,108216985,Benigno,Lastra,90748
90749,412861958,Lidia,Gamez,90749
90750,981943271,Edmundo,Figueroa,90750
90751,115066245,Felicia,Amoros,90751
90752,130263494,Toni,Paniagua,90752
90753,133989382,Reyes,Osuna,90753
90754,203324049,Arsenio,Avila,90754
90755,461539550,Fabian,Coll,90755
90756,494826299,Tamara,Parra,90756
90757,325136551,Maria Luisa,Fuente,90757
90758,451941521,Geronimo,Arias,90758
90759,869545058,Carlos,Leon,90759
90760,202256461,Apolinar,Alonso,90760
90761,774192100,Flora,Coca,90761
90762,288464324,Eladio,Sans,90762
90763,175554235,Juanito,Andres,90763
90764,261960644,Manolo,Acosta,90764
90765,220881339,Adrian,Ferreras,90765
90766,499521014,Aristides,Oliva,90766
90767,214972637,Matilde,Mena,90767
90768,325627491,Clotilde,Baquero,90768
90769,904011724,Tecla,Conesa,90769
90770,373446539,Tatiana,Boada,90770
90771,854722707,Ismael,Serna,90771
90772,920024367,Zaira,Milla,90772
90773,609301469,Marcia,Benavente,90773
90774,430779115,Amaro,Piquer,90774
90775,188985820,Abel,Acevedo,90775
90776,973328863,Valentin,Valenzuela,90776
90777,902821062,Florencia,Blazquez,90777
90778,197666828,Lino,Sainz,90778
90779,132802902,Gema,Herrera,90779
90780,539168478,Maximo,Vilalta,90780
90781,476300912,Elias,Busquets,90781
90782,557991275,Alejo,Canellas,90782
90783,111910512,Hilda,Camacho,90783
90784,637827967,Herminio,Iborra,90784
90785,120623412,Alma,Casal,90785
90786,697993892,Heliodoro,Cabanillas,90786
90787,238243239,Lina,Alarcon,90787
90788,678851234,Jose Maria,Carreras,90788
90789,988994242,Amarilis,Villalba,90789
90790,853432481,Aureliano,Fernandez,90790
90791,333075652,Juanito,Cornejo,90791
90792,714852787,Dorotea,Salas,90792
90793,416058945,Ruperto,Hernandez,90793
90794,134004227,Chus,Rebollo,90794
90795,231058804,Heliodoro,Herrera,90795
90796,115606965,Angeles,Molina,90796
90797,427441167,Jose Francisco,Campo,90797
90798,669080399,Candelaria,Busquets,90798
90799,641415927,Ale,Aliaga,90799
90800,934365029,Paco,Martin,90800
90801,535290489,Pastor,Heras,90801
90802,399044301,Sandalio,Saez,90802
90803,636893880,Octavio,Rosell,90803
90804,807913736,Imelda,Guardiola,90804
90805,184759598,Cristina,Agullo,90805
90806,752911066,Luis Miguel,Galvez,90806
90807,658184734,Reynaldo,Trujillo,90807
90808,572038521,Poncio,Lumbreras,90808
90809,360101310,Felicidad,Gimenez,90809
90810,806733214,Aristides,Bilbao,90810
90811,277986208,Felicia,Barriga,90811
90812,832852385,Emiliano,Murcia,90812
90813,412408912,Gervasio,Olivares,90813
90814,745508619,Elpidio,Tamarit,90814
90815,358071525,Miguel,Valles,90815
90816,210155448,Salomon,Campoy,90816
90817,359296881,Florencio,Sabater,90817
90818,529040079,Poncio,Cardona,90818
90819,169582499,Jose Mari,Pinilla,90819
90820,982162448,Albina,Verdu,90820
90821,673259860,Benito,Suarez,90821
90822,345811188,Matilde,Acedo,90822
90823,741369257,Marino,Mari,90823
90824,745345385,Samu,Seco,90824
90825,300613218,Lope,Iriarte,90825
90826,112668277,Javiera,Bravo,90826
90827,599593453,Blanca,Catalan,90827
90828,707331751,Estrella,Duque,90828
90829,473001813,Eduardo,Rueda,90829
90830,290263095,Inigo,Ferrando,90830
90831,136924578,Baltasar,Farre,90831
90832,997537178,Silvia,Domenech,90832
90833,374519919,Juan Francisco,Aguilera,90833
90834,784016768,Feliciana,Avila,90834
90835,287810854,Guiomar,Gras,90835
90836,683351062,Victoriano,Acosta,90836
90837,915184104,Emilio,Gonzalo,90837
90838,911940016,Florentina,Cortes,90838
90839,147103255,Filomena,Acevedo,90839
90840,602767175,Nerea,Company,90840
90841,710275310,Guiomar,Gascon,90841
90842,927180678,Cayetana,Enriquez,90842
90843,435226021,Jose Manuel,Valenzuela,90843
90844,361819930,Silvio,Zaragoza,90844
90845,199964049,Elena,Pera,90845
90846,665055139,Eva Maria,Cortina,90846
90847,283996476,Elena,Escolano,90847
90848,409773489,Rosa Maria,Polo,90848
90849,351176655,Santiago,Lamas,90849
90850,208190720,Candida,Gual,90850
90851,817933742,Aitor,Boada,90851
90852,823691559,Anabel,Castell,90852
90853,930974679,Jeronimo,Carballo,90853
90854,384402222,Conrado,Vaquero,90854
90855,724177167,Salud,Gisbert,90855
90856,603134980,Macarena,Mata,90856
90857,821229606,Cesar,Abad,90857
90858,323139780,Paco,Galvan,90858
90859,700587521,Debora,Velasco,90859
90860,707741361,Jose Miguel,Plaza,90860
90861,579369846,Segismundo,Lago,90861
90862,319215890,Paco,Amigo,90862
90863,463334221,Belen,Caparros,90863
90864,553583777,Fortunata,Varela,90864
90865,618540662,Paulina,Chico,90865
90866,430411787,Cintia,Diaz,90866
90867,566658228,Teofila,Cortes,90867
90868,887447260,Adelia,Acero,90868
90869,109430144,Ana Belen,Solera,90869
90870,175058311,Nydia,Serra,90870
90871,455504695,Jesus,Paz,90871
90872,489033588,Alejandro,Hurtado,90872
90873,550797548,Fidel,Uribe,90873
90874,137169440,Fausto,Barroso,90874
90875,117584355,Francisca,Vergara,90875
90876,470530990,Josefina,Lledo,90876
90877,312712418,Amador,Escamilla,90877
90878,716987609,Amparo,Acedo,90878
90879,478712497,Reyes,Duenas,90879
90880,159472056,Jose Manuel,Olmedo,90880
90881,166002598,Florencio,Hoyos,90881
90882,221762639,Cintia,Taboada,90882
90883,932613976,Natalia,Hernandez,90883
90884,195956900,Maricruz,Criado,90884
90885,993205584,Paca,Millan,90885
90886,798561370,Jenny,Paz,90886
90887,209242092,Adalberto,Granados,90887
90888,138121043,Maristela,Almansa,90888
90889,320108962,Ingrid,Bertran,90889
90890,560428227,Sosimo,Ropero,90890
90891,726236325,Amor,Nieto,90891
90892,780526657,Flora,Colomer,90892
90893,578817807,Maximiano,Llabres,90893
90894,566518425,Marina,Perez,90894
90895,761591711,Galo,Blanca,90895
90896,716044239,Benjamin,Esteve,90896
90897,430030762,Belen,Solsona,90897
90898,444710642,Baldomero,Elias,90898
90899,198190392,Maria Fernanda,Olmo,90899
90900,859066031,Julia,Marti,90900
90901,385586884,Gisela,Jover,90901
90902,333732411,Brigida,Neira,90902
90903,742338838,Ruben,Pujol,90903
90904,564189785,Melchor,Mayo,90904
90905,412352721,Desiderio,Fernandez,90905
90906,104113593,Mario,Arevalo,90906
90907,229039674,Telmo,Montalban,90907
90908,673697652,Donato,Abascal,90908
90909,813368958,Bernardino,Colom,90909
90910,109322977,Mariana,Paz,90910
90911,466463084,Francisco Jose,Soler,90911
90912,546279364,Alfonso,Pages,90912
90913,426895147,Encarna,Baro,90913
90914,144517370,Miguela,Luz,90914
90915,748242322,Ambar,Fuster,90915
90916,566597576,Luna,Lumbreras,90916
90917,194697804,Florentina,Mendez,90917
90918,116515758,Patricia,Santamaria,90918
90919,832698904,Noe,Berenguer,90919
90920,916761863,Caridad,Cardona,90920
90921,261339424,Narcisa,Frias,90921
90922,181459839,Geronimo,Somoza,90922
90923,646321140,Gustavo,Lamas,90923
90924,750480190,Lorena,Castrillo,90924
90925,842524341,Arsenio,Coloma,90925
90926,322058420,Desiderio,Rivas,90926
90927,557286597,Evita,Giron,90927
90928,972350336,Sara,Arregui,90928
90929,608871506,Alfredo,Garzon,90929
90930,621048085,Miguela,Hernandez,90930
90931,853861607,Zoraida,Carmona,90931
90932,968222169,Aurea,Cabrera,90932
90933,390255779,Pio,Silva,90933
90934,902692485,Marisela,Garate,90934
90935,639516176,Georgina,Porta,90935
90936,827440745,Ruperto,Asenjo,90936
90937,613375638,Noelia,Macias,90937
90938,505830304,Victor,Quiros,90938
90939,450094687,Amando,Andres,90939
90940,489290132,Silvestre,Quintana,90940
90941,745895411,Maite,Fortuny,90941
90942,799197549,Eladio,Luz,90942
90943,656043619,Amada,Galiano,90943
90944,883627174,Saturnina,Pintor,90944
90945,252455719,Nieves,Mulet,90945
90946,897825689,Marina,Grande,90946
90947,472207284,Elvira,Palomino,90947
90948,790635966,Marisela,Zabala,90948
90949,506103478,Adela,Barbera,90949
90950,290329953,Manuela,Martin,90950
90951,780395470,Hernando,Arnaiz,90951
90952,829530803,Leonel,Puig,90952
90953,841456171,Jose Ignacio,Llopis,90953
90954,102451628,Patricia,Diaz,90954
90955,527056548,Emma,Landa,90955
90956,123833896,Paulina,Caceres,90956
90957,511301462,Primitiva,Rivas,90957
90958,611883740,Narcisa,Ayala,90958
90959,536808805,Eliseo,Montesinos,90959
90960,356602606,Leocadio,Mora,90960
90961,173161143,Amaro,Otero,90961
90962,380972081,Vinicio,Landa,90962
90963,633677383,Melisa,Aguado,90963
90964,509687082,Serafina,Alberto,90964
90965,491001956,Sarita,Francisco,90965
90966,415845015,Ximena,Alvarez,90966
90967,620841708,Pablo,Castro,90967
90968,851944465,Paz,Sala,90968
90969,128107626,Ana Belen,Ferran,90969
90970,480044135,Toni,Castejon,90970
90971,257720267,Cesar,Rius,90971
90972,626649592,Cirino,Pulido,90972
90973,416175894,Marco,Aguilar,90973
90974,553475206,Jordana,Barrera,90974
90975,274052377,Godofredo,Exposito,90975
90976,508004113,Jovita,Valles,90976
90977,682115392,Paco,Molins,90977
90978,851654737,Felix,Gaya,90978
90979,920898668,Ariel,Catalan,90979
90980,697583687,Serafina,Marco,90980
90981,369841668,Asuncion,Jimenez,90981
90982,132353225,Rico,Huerta,90982
90983,293647143,Esteban,Velasco,90983
90984,563871701,Miriam,Barba,90984
90985,991967273,Onofre,Zaragoza,90985
90986,543677715,Joan,Riquelme,90986
90987,899782417,Bartolome,Calderon,90987
90988,662100242,Eloisa,Escamilla,90988
90989,276240660,Matias,Mendez,90989
90990,726942316,Daniel,Chico,90990
90991,298240441,Olegario,Pelayo,90991
90992,916785628,Amelia,Verdejo,90992
90993,941170981,Rico,Llano,90993
90994,519504649,Ciriaco,Morata,90994
90995,474126848,Nacho,Comas,90995
90996,657930667,Cruz,Soriano,90996
90997,792044066,Alicia,Samper,90997
90998,287128215,Maria Pilar,Zapata,90998
90999,749210354,Aranzazu,Valero,90999
91000,966993063,Mariana,Tejera,91000
91001,574387244,Gaston,Bernat,91001
91002,800887827,Etelvina,Prat,91002
91003,565321723,Manuelita,Fabregas,91003
91004,728885702,Judith,Beltran,91004
91005,316999730,Laura,Marquez,91005
91006,442947376,Feliciano,Saavedra,91006
91007,371438306,Salvador,Penas,91007
91008,336717258,Alba,Rios,91008
91009,848385088,Jose Luis,Blasco,91009
91010,683562384,Lino,Checa,91010
91011,606489454,Teodosio,Baena,91011
91012,634850074,Magdalena,Pombo,91012
91013,519425418,Maria Angeles,Ledesma,91013
91014,942721627,Camilo,Calderon,91014
91015,708538961,Cayetana,Barrena,91015
91016,923449956,Soledad,Cardona,91016
91017,710231564,Victor Manuel,Checa,91017
91018,898282833,Candida,Iglesias,91018
91019,942380770,Noa,Calvo,91019
91020,551051653,Moises,Pi,91020
91021,951787084,Griselda,Morante,91021
91022,869581426,Chus,Nebot,91022
91023,177439437,Toni,Bautista,91023
91024,502691857,Georgina,Lobato,91024
91025,762727288,Dan,Godoy,91025
91026,994998217,Adoracion,Alfaro,91026
91027,778261185,Marisela,Pinol,91027
91028,841977776,Epifanio,Palomares,91028
91029,242873796,Miguel Angel,Arco,91029
91030,626884729,Reina,Acuna,91030
91031,195141647,Julio Cesar,Barreda,91031
91032,709596135,Amancio,Dominguez,91032
91033,933478360,Jose,Villar,91033
91034,662942203,Maria Fernanda,Guzman,91034
91035,703062452,Concha,Ros,91035
91036,657564596,Norberto,Mari,91036
91037,372799340,Calixto,Montenegro,91037
91038,184179407,Rosalia,Bueno,91038
91039,676466463,Teodoro,Salvador,91039
91040,319546699,Benigna,Maldonado,91040
91041,820587439,Rafa,Aguilar,91041
91042,544013604,Martin,Hurtado,91042
91043,642613289,Americo,Osuna,91043
91044,395612754,Florina,Navas,91044
91045,698026465,Marcelo,Gordillo,91045
91046,428722196,Febe,Oliveras,91046
91047,384069951,Yesica,Tolosa,91047
91048,584989051,Bibiana,Roda,91048
91049,459132374,Valentina,Andreu,91049
91050,331474082,Urbano,Escamilla,91050
91051,786511144,Cirino,Salas,91051
91052,499747563,Aitor,Rivero,91052
91053,611431712,Marisol,Cordero,91053
91054,396056518,Begona,Martin,91054
91055,848198683,Celestina,Galvan,91055
91056,512921564,Carmelo,Bustamante,91056
91057,475235548,Fortunata,Cobo,91057
91058,261734411,Camilo,Estevez,91058
91059,406312921,Aroa,Castells,91059
91060,663234350,Fabio,Costa,91060
91061,265801371,Trinidad,Pallares,91061
91062,947198708,Glauco,Baron,91062
91063,539907452,Jeremias,Cordero,91063
91064,780160458,Palmira,Sanz,91064
91065,545930343,Plinio,Cabeza,91065
91066,947799337,Walter,Mateos,91066
91067,556960173,Lorenza,Duran,91067
91068,861670323,Yesica,Tudela,91068
91069,440374075,Bernardo,Medina,91069
91070,266445841,Herberto,Jodar,91070
91071,558742154,Elisa,Baez,91071
91072,702829726,Perlita,Guijarro,91072
91073,812898641,Marita,Leon,91073
91074,598644065,Vidal,Juarez,91074
91075,529319084,Manuela,Aleman,91075
91076,605277100,Ovidio,Davila,91076
91077,779088900,Gustavo,Cuervo,91077
91078,474495181,Merche,Llorens,91078
91079,180619469,Adelina,Martin,91079
91080,350678887,Eustaquio,Espanol,91080
91081,195026537,Geronimo,Ibarra,91081
91082,463033841,Monica,Urena,91082
91083,887080859,Odalis,Carballo,91083
91084,840109912,Sebastian,Dalmau,91084
91085,636176001,Bautista,Varela,91085
91086,371419338,Eusebia,Alegre,91086
91087,331255683,Hernando,Arcos,91087
91088,587994168,Maricruz,Villegas,91088
91089,791219297,Gabriela,Arnaiz,91089
91090,196575989,Ximena,Penas,91090
91091,651904956,Manola,Gil,91091
91092,742916329,Carlos,Bermudez,91092
91093,923663028,Leticia,Cespedes,91093
91094,534222696,Fidel,Cuevas,91094
91095,158389984,Florinda,Garate,91095
91096,666709403,Joel,Silva,91096
91097,271523828,Jordan,Pascual,91097
91098,210183335,Angelino,Marin,91098
91099,860810303,Pastora,Sevillano,91099
91100,967187187,Gustavo,Tomas,91100
91101,268085956,Tamara,Calatayud,91101
91102,374001986,Salud,Vara,91102
91103,318224151,Custodia,Mulet,91103
91104,272490738,Eligio,Vilaplana,91104
91105,790018830,Tito,Manrique,91105
91106,625108355,Clemente,Canton,91106
91107,526951402,Clarisa,Aznar,91107
91108,349335246,Albano,Calleja,91108
91109,712671105,Dulce,Calderon,91109
91110,818234520,Josefa,Comas,91110
91111,362608913,Gisela,Lastra,91111
91112,108102162,Isabela,Vergara,91112
91113,579584792,Yolanda,Miranda,91113
91114,103148413,Calisto,Flor,91114
91115,562378701,Iris,Gil,91115
91116,822513278,Modesta,Conde,91116
91117,564540585,Teresa,Gilabert,91117
91118,394960542,Mireia,Noguera,91118
91119,341500890,Delia,Urena,91119
91120,460890270,Iker,Tamarit,91120
91121,204828068,Daniel,Haro,91121
91122,952048496,Genoveva,Yuste,91122
91123,184972900,Alejo,Teruel,91123
91124,803524187,Domitila,Rio,91124
91125,302458910,Victoriano,Camino,91125
91126,149146916,Juanito,Castillo,91126
91127,258766693,Odalis,Segarra,91127
91128,552850394,Bienvenida,Ferran,91128
91129,401333551,Duilio,Almeida,91129
91130,297354930,Begona,Llanos,91130
91131,399298780,Rosalinda,Pombo,91131
91132,588472110,Marcio,Roura,91132
91133,440516369,Ambrosio,Pinedo,91133
91134,834943447,Julio Cesar,Cerezo,91134
91135,408170672,Maria,Carmona,91135
91136,882090554,Mercedes,Cid,91136
91137,893839432,Emiliana,Bonilla,91137
91138,715291414,Agata,Murillo,91138
91139,439069784,Melania,Murcia,91139
91140,373749452,Leticia,Bernad,91140
91141,494323367,Anacleto,Llorente,91141
91142,814213798,Corona,Camps,91142
91143,804965015,Javi,Duenas,91143
91144,694121358,Apolinar,Marin,91144
91145,697874691,Sebastian,Gonzalo,91145
91146,702115993,Cloe,Almagro,91146
91147,382609368,Eva,Blanca,91147
91148,161903191,Raquel,Cabanillas,91148
91149,437241199,Alfredo,Vall,91149
91150,869132743,Camila,Adadia,91150
91151,383842309,Blanca,Quiroga,91151
91152,246456015,Augusto,Olivares,91152
91153,280452303,Anunciacion,Aranda,91153
91154,560078721,Pepita,Montserrat,91154
91155,405164699,Andres,Bilbao,91155
91156,772193345,Ciro,Perez,91156
91157,451536551,Candelario,Rosello,91157
91158,503417838,Epifanio,Ferran,91158
91159,528322235,Candelaria,Giralt,91159
91160,548696601,Gloria,Aparicio,91160
91161,572341699,Albano,Camino,91161
91162,418087209,Calisto,Hoyos,91162
91163,320948616,Javi,Martorell,91163
91164,488619843,Maximiliano,Mercader,91164
91165,674389633,Ema,Santana,91165
91166,179634167,Clementina,Pereira,91166
91167,721201794,Miguel,Heras,91167
91168,297006412,Wilfredo,Roman,91168
91169,305948106,Ruperto,Guillen,91169
91170,335611809,Casemiro,Lucas,91170
91171,296182617,Feliciano,Toro,91171
91172,438059315,Charo,Mateos,91172
91173,105842051,Fabian,Plaza,91173
91174,625752480,Renato,Palomo,91174
91175,211406964,Delfina,Sala,91175
91176,369616286,Lara,Duque,91176
91177,783439143,Francisco Javier,Plaza,91177
91178,210298755,Rosa Maria,Abril,91178
91179,954986723,Panfilo,Peral,91179
91180,532228222,Abigail,Giner,91180
91181,323489051,Jonatan,Exposito,91181
91182,490453568,Hector,Moran,91182
91183,273239115,Ovidio,Asenjo,91183
91184,810978898,Carlito,Salom,91184
91185,813205090,Emilia,Mancebo,91185
91186,893561982,Purificacion,Riera,91186
91187,136110943,Inmaculada,Peral,91187
91188,926701571,Trini,Cazorla,91188
91189,770401590,Maria Manuela,Simo,91189
91190,170268736,Lupe,Alvaro,91190
91191,326497731,Maximino,Aguilera,91191
91192,666540151,Delfina,Arellano,91192
91193,709053493,Griselda,Suarez,91193
91194,711216794,Roxana,Vall,91194
91195,183097404,Bibiana,Canals,91195
91196,274488589,Eligia,Rico,91196
91197,684338616,Adela,Riera,91197
91198,867624024,Pio,Andres,91198
91199,619606660,Isidoro,Granados,91199
91200,990843456,Gervasio,Pina,91200
91201,792765438,Salud,Manzanares,91201
91202,576725667,Tecla,Higueras,91202
91203,271877947,Saturnina,Saavedra,91203
91204,330032836,Leandro,Abascal,91204
91205,615272055,Maria Jesus,Madrid,91205
91206,158473237,Fortunata,Leon,91206
91207,473226488,Begona,Molina,91207
91208,334703334,Felicidad,Larrea,91208
91209,167302413,Francisco Javier,Baez,91209
91210,204161063,Claudio,Requena,91210
91211,742909669,Celestino,Almeida,91211
91212,208468826,Oriana,Gutierrez,91212
91213,367489119,Amaya,Exposito,91213
91214,443193979,Isabela,Orozco,91214
91215,608251703,Anselma,Grau,91215
91216,152098522,Edu,Contreras,91216
91217,220585614,Mirta,Rubio,91217
91218,790252295,Marisa,Villegas,91218
91219,258016185,Remigio,Palacios,91219
91220,222905215,Tiburcio,Barcelo,91220
91221,375936587,Pascual,Borja,91221
91222,548299354,Celso,Palomo,91222
91223,990825322,Elvira,Castellanos,91223
91224,927510670,Lorenzo,Baeza,91224
91225,377519265,Rodolfo,Pozo,91225
91226,861464424,Loida,Barroso,91226
91227,726687384,Estrella,Rosell,91227
91228,618808386,Maristela,Neira,91228
91229,524147581,Albano,Santiago,91229
91230,580846001,Ismael,Pombo,91230
91231,904303554,Cirino,Olmo,91231
91232,824477482,Soledad,Vara,91232
91233,856681737,Carina,Lago,91233
91234,500428040,Mirta,Gabaldon,91234
91235,278855658,Lola,Marti,91235
91236,977934210,Jenny,Camino,91236
91237,361336226,Victorino,Riquelme,91237
91238,732573510,Adalberto,Benavides,91238
91239,384858611,Jose Luis,Palau,91239
91240,668364303,Victoriano,Baena,91240
91241,516592802,Marcelino,Verdu,91241
91242,595350181,Manuela,Nadal,91242
91243,510216868,Dario,Fuertes,91243
91244,750821188,Antonio,Araujo,91244
91245,568414084,Ale,Salgado,91245
91246,646217062,Ileana,Ortuno,91246
91247,174292390,Juan Jose,Acedo,91247
91248,155256518,Albert,Artigas,91248
91249,720664850,Maria Fernanda,Montes,91249
91250,371646088,Herberto,Ropero,91250
91251,746040607,Manu,Figueroa,91251
91252,558733929,Vinicio,Cifuentes,91252
91253,922403508,Tristan,Banos,91253
91254,839634769,Rosendo,Medina,91254
91255,801178977,Ana Sofia,Salmeron,91255
91256,178063032,Ainara,Castillo,91256
91257,779940381,Elba,Carrion,91257
91258,474483200,Juan,Carbajo,91258
91259,347554581,Estela,Aguilo,91259
91260,394390407,Alma,Ibanez,91260
91261,200591688,Emigdio,Coello,91261
91262,698858532,Amancio,Miguel,91262
91263,825525953,Baltasar,Verdugo,91263
91264,945716261,Hernando,Agudo,91264
91265,855271945,Ximena,Calatayud,91265
91266,260307718,Brunilda,Jove,91266
91267,684338919,Julio,Marti,91267
91268,516100763,Genoveva,Castillo,91268
91269,951929132,Eulalia,Mateu,91269
91270,629829270,Abigail,Madrigal,91270
91271,871227762,Agata,Diez,91271
91272,569378790,Seve,Penalver,91272
91273,364194426,Rafael,Antunez,91273
91274,395351967,Violeta,Quesada,91274
91275,399333857,Yago,Agullo,91275
91276,395681596,Albino,Ruano,91276
91277,777516737,Balduino,Agudo,91277
91278,359368555,Francisco Jose,Diez,91278
91279,932488221,Brunilda,Mena,91279
91280,938044982,Maria Belen,Coca,91280
91281,382453804,Ovidio,Bautista,91281
91282,535489438,Sergio,Prado,91282
91283,214078904,Fabiola,Huguet,91283
91284,328265789,Salome,Cordoba,91284
91285,518783194,Odalis,Rueda,91285
91286,387939257,Maxima,Corral,91286
91287,259381248,Trini,Gutierrez,91287
91288,514194483,Felisa,Luna,91288
91289,624632633,Pilar,Elorza,91289
91290,139680595,Conrado,Arce,91290
91291,350648319,Julieta,Llopis,91291
91292,157125759,Felix,Montesinos,91292
91293,902894462,Andres,Pujadas,91293
91294,447876069,Samu,Ferreras,91294
91295,745742531,Albina,Borrell,91295
91296,720076399,Lucila,Plaza,91296
91297,195033483,Albert,Camacho,91297
91298,670572069,Emiliana,Torrijos,91298
91299,648265564,Maria,Medina,91299
91300,486179047,Adrian,Pelayo,91300
91301,437940313,Abigail,Gisbert,91301
91302,331431472,Wilfredo,Malo,91302
91303,515960997,Salomon,Barbera,91303
91304,673608100,Adoracion,Escribano,91304
91305,719686516,Horacio,Falcon,91305
91306,568346749,Chema,Giralt,91306
91307,575889241,Maxima,Ferran,91307
91308,393061037,Manolo,Valenzuela,91308
91309,539767023,Ovidio,Costa,91309
91310,502960345,Maria Belen,Tomas,91310
91311,905583473,Reinaldo,Castellanos,91311
91312,167547028,Narcisa,Escolano,91312
91313,659203703,Amaro,Marti,91313
91314,199854690,Serafina,Escobar,91314
91315,501860257,Graciela,Cuenca,91315
91316,700260182,Marcelino,Vinas,91316
91317,501518903,Perlita,Ros,91317
91318,928741554,Amalia,Amigo,91318
91319,326804614,Josue,Pedraza,91319
91320,573945299,Pedro,Blazquez,91320
91321,462694589,Beatriz,Salinas,91321
91322,667329086,Lourdes,Bayon,91322
91323,988647468,Estrella,Pascual,91323
91324,382026221,Nazaret,Parejo,91324
91325,300800461,Salud,Zorrilla,91325
91326,904044176,Casandra,Villalba,91326
91327,540396035,Javier,Zabaleta,91327
91328,380123310,Nerea,Antunez,91328
91329,680114960,Maria,Velasco,91329
91330,566030707,Cornelio,Bustos,91330
91331,771024412,Joaquin,Laguna,91331
91332,374947471,Anibal,Berenguer,91332
91333,736217280,Jeremias,Mateu,91333
91334,412510179,Cesar,Casals,91334
91335,716977057,Isaura,Lumbreras,91335
91336,679420289,Isaac,Nogues,91336
91337,404703787,Guiomar,Noriega,91337
91338,171309373,Agata,Badia,91338
91339,318560538,Felipe,Corominas,91339
91340,405311148,Marisol,Mendoza,91340
91341,136439567,Maria Carmen,Torrens,91341
91342,293249598,Olga,Tovar,91342
91343,792800157,Luis,Bermudez,91343
91344,759992009,Juan Antonio,Valcarcel,91344
91345,607859943,Dafne,Benavides,91345
91346,540597022,Elena,Alegre,91346
91347,358397204,Ambrosio,Bernat,91347
91348,980623918,Antonia,Montes,91348
91349,572385392,Georgina,Guzman,91349
91350,679185955,Carlito,Canellas,91350
91351,470842158,Natividad,Aller,91351
91352,132439956,Leon,Palomo,91352
91353,696650428,Ramon,Rosello,91353
91354,221245347,Elpidio,Bravo,91354
91355,657870371,Che,Rojas,91355
91356,298541823,Eugenia,Puig,91356
91357,349309931,German,Saldana,91357
91358,940772579,Pascuala,Jodar,91358
91359,404529393,Reyna,Penalver,91359
91360,278436615,Marino,Revilla,91360
91361,415076566,Noelia,Aleman,91361
91362,359692189,Juan Jose,Gallart,91362
91363,113988348,Liliana,Cabanas,91363
91364,995778217,Odalis,Feijoo,91364
91365,557643251,Leon,Vera,91365
91366,400404576,Geraldo,Arribas,91366
91367,708956701,Armida,Guardia,91367
91368,820488712,Alma,Azorin,91368
91369,231961610,Gaston,Gonzalez,91369
91370,290841545,Eli,Frias,91370
91371,302594643,Rita,Planas,91371
91372,931871004,Maria Jose,Navarro,91372
91373,748660729,Heriberto,Rincon,91373
91374,816787604,Lino,Chaves,91374
91375,886521109,Demetrio,Bosch,91375
91376,564100458,Octavia,Arregui,91376
91377,283000895,Rico,Blanca,91377
91378,105102276,Casandra,Camacho,91378
91379,241859637,Samu,Salmeron,91379
91380,524508484,Porfirio,Sans,91380
91381,857332119,Jose Mari,Camps,91381
91382,794761347,Esperanza,Esparza,91382
91383,582643976,Lucho,Sanchez,91383
91384,749523022,Baudelio,Costa,91384
91385,207947949,Mercedes,Rodriguez,91385
91386,911875169,Jose Angel,Pujadas,91386
91387,530641694,Saturnina,Cuervo,91387
91388,952051132,Jose Antonio,Alcala,91388
91389,915531353,Esmeralda,Benito,91389
91390,212514970,Jimena,Mariscal,91390
91391,110454635,Africa,Nogueira,91391
91392,978037384,Milagros,Nadal,91392
91393,582686086,Saturnina,Conesa,91393
91394,369837493,Mar,Campillo,91394
91395,465807590,Telmo,Llobet,91395
91396,621349772,Eva Maria,Duran,91396
91397,965678984,Trinidad,Sedano,91397
91398,532128175,Jenny,Chacon,91398
91399,579523713,Maria Jesus,Sobrino,91399
91400,626765529,Maria Carmen,Bayo,91400
91401,618789777,Jorge,Barriga,91401
91402,563414276,Marc,Vallejo,91402
91403,140526966,Eloy,Plana,91403
91404,699091039,Severino,Berenguer,91404
91405,101180239,Estrella,Checa,91405
91406,879878198,Cleto,Ariza,91406
91407,599955641,Begona,Nicolau,91407
91408,657613346,Jordi,Aguilo,91408
91409,513458669,Glauco,Tamayo,91409
91410,678728902,Magdalena,Portillo,91410
91411,622358516,Eloy,Cazorla,91411
91412,285130289,Moises,Sancho,91412
91413,658532859,Juliana,Heras,91413
91414,988341181,Paulino,Alvarado,91414
91415,884623646,Ignacia,Asensio,91415
91416,417444285,Amaya,Paredes,91416
91417,596786968,Virgilio,Garate,91417
91418,577750499,Azeneth,Mancebo,91418
91419,420988656,Clemente,Belmonte,91419
91420,637307933,Concha,Acevedo,91420
91421,163061423,Melchor,Barbero,91421
91422,873271541,Nadia,Morata,91422
91423,109619920,Florina,Garriga,91423
91424,281068425,Candela,Barba,91424
91425,283108336,Yago,Cuellar,91425
91426,833131179,Simon,Ramon,91426
91427,224700319,Ofelia,Aranda,91427
91428,621372001,Jeronimo,Fuertes,91428
91429,563072602,Sabina,Luna,91429
91430,857062453,Natanael,Plana,91430
91431,847286651,Nerea,Vinas,91431
91432,666037587,Fabiola,Castillo,91432
91433,840467821,Tecla,Quevedo,91433
91434,787929451,Sofia,Bueno,91434
91435,880165627,Lucio,Prieto,91435
91436,317106602,Jose Manuel,Sales,91436
91437,178751107,Felicidad,Orozco,91437
91438,261562589,Teobaldo,Guzman,91438
91439,377047538,Manu,Puente,91439
91440,828786647,Domingo,Lillo,91440
91441,524671646,Ruy,Guzman,91441
91442,811768512,Esteban,Agullo,91442
91443,507837919,Leocadia,Raya,91443
91444,835587033,Inmaculada,Lucas,91444
91445,284283260,Maria Del Carmen,Chaves,91445
91446,619418051,Olalla,Flor,91446
91447,748869351,Lorenza,Alegre,91447
91448,194686220,Irene,Morante,91448
91449,950833769,Merche,Landa,91449
91450,499173346,Rocio,Romeu,91450
91451,254160857,Marina,Pujol,91451
91452,196187610,Herminio,Rodriguez,91452
91453,289180980,Abilio,Belmonte,91453
91454,183871927,Teresa,Samper,91454
91455,758344151,Graciano,Montenegro,91455
91456,406447951,Ulises,Milla,91456
91457,379345792,Concha,Menendez,91457
91458,163409485,Ruy,Malo,91458
91459,112691074,Jose Carlos,Busquets,91459
91460,229954913,Isabela,Almansa,91460
91461,298488147,Petrona,Moraleda,91461
91462,190370852,Ariadna,Salinas,91462
91463,453873828,Timoteo,Figuerola,91463
91464,530370345,Iban,Pujol,91464
91465,138058245,Teo,Aragones,91465
91466,764825038,Pascual,Cazorla,91466
91467,797100525,Alvaro,Castells,91467
91468,338312282,Itziar,Ramon,91468
91469,796197494,Amada,Llano,91469
91470,682804579,Desiderio,Vicente,91470
91471,728011469,Anunciacion,Alfaro,91471
91472,752293053,Jenny,Vilalta,91472
91473,437750112,Salomon,Boada,91473
91474,473710947,Benito,Mulet,91474
91475,826332299,Jose Luis,Guzman,91475
91476,512148815,Nydia,Nunez,91476
91477,244995492,Ricarda,Alberto,91477
91478,197944513,Felix,Tena,91478
91479,187416539,Andres,Anglada,91479
91480,915861304,Liliana,Prieto,91480
91481,993011423,Jordi,Moreno,91481
91482,880711956,Esther,Arana,91482
91483,785927106,Nando,Vara,91483
91484,529918509,Julian,Villanueva,91484
91485,907857005,Luis Miguel,Garriga,91485
91486,827366588,Rosalinda,Sole,91486
91487,414520631,Calista,Cerro,91487
91488,308682250,Bernardo,Quintanilla,91488
91489,259238411,Carina,Fonseca,91489
91490,779469151,Nereida,Posada,91490
91491,965287088,Loida,Lasa,91491
91492,445912999,Aurora,Escribano,91492
91493,108174440,Fidel,Mulet,91493
91494,498441331,Roberta,Ferrero,91494
91495,199593153,Goyo,Barragan,91495
91496,760926100,Fermin,Corral,91496
91497,120515627,Nazaret,Cruz,91497
91498,516687301,Marcela,Verdejo,91498
91499,211472066,Maria Carmen,Barrios,91499
91500,754419968,Ivan,Roman,91500
91501,682656380,Carmina,Salamanca,91501
91502,259320158,Saturnino,Gimeno,91502
91503,234646171,Ruy,Atienza,91503
91504,887853271,Martin,Amat,91504
91505,462179276,Cecilia,Cordero,91505
91506,854228394,Eligia,Calatayud,91506
91507,318678638,Bautista,Flor,91507
91508,118035215,Herberto,Murcia,91508
91509,753139863,Florentino,Bertran,91509
91510,864412868,Pepe,Losa,91510
91511,528884325,Blanca,Adan,91511
91512,971967097,Fabiola,Abril,91512
91513,178023320,Lorenza,Aleman,91513
91514,553771635,Bibiana,Anglada,91514
91515,245136106,Leandro,Cespedes,91515
91516,931596265,Gala,Jauregui,91516
91517,315402637,Flora,Gutierrez,91517
91518,155471024,Joaquina,Sureda,91518
91519,720195493,Gonzalo,Aleman,91519
91520,333253554,Efrain,Fonseca,91520
91521,928943620,Mamen,Clemente,91521
91522,122589228,Roberto,Barbera,91522
91523,950772994,Maria Jose,Sureda,91523
91524,426679946,Luna,Maza,91524
91525,527611461,Florentina,Ariza,91525
91526,688229485,Celestina,Santiago,91526
91527,101394517,Osvaldo,Castillo,91527
91528,504252492,Buenaventura,Castaneda,91528
91529,576627452,Francisco Javier,Alvarez,91529
91530,201780099,Josefina,Lara,91530
91531,403693272,Daniel,Carrera,91531
91532,252779399,Eladio,Saavedra,91532
91533,576823703,Agueda,Feijoo,91533
91534,380654394,Edu,Roda,91534
91535,980024943,Calixta,Cerda,91535
91536,646921382,Armando,Salas,91536
91537,646062303,Leonardo,Busquets,91537
91538,308961191,Jonatan,Lumbreras,91538
91539,896693205,Borja,Sebastian,91539
91540,539210711,Francisca,Viana,91540
91541,175195169,Adoracion,Barrera,91541
91542,383596888,Pelayo,Arribas,91542
91543,869701316,Lucio,Urrutia,91543
91544,608935195,Azucena,Cervera,91544
91545,776157961,Glauco,Castro,91545
91546,341288183,Nestor,Jimenez,91546
91547,380770201,Pili,Company,91547
91548,849922190,Guadalupe,Camino,91548
91549,960071023,Corona,Segarra,91549
91550,443607899,Americo,Alegre,91550
91551,298392153,Julio,Fernandez,91551
91552,797649046,Aranzazu,Espinosa,91552
91553,546069291,Amado,Boix,91553
91554,894267622,Monica,Catala,91554
91555,282869000,Seve,Iglesias,91555
91556,726192559,Aurea,Villena,91556
91557,790786702,Gertrudis,Patino,91557
91558,204108501,Eleuterio,Comas,91558
91559,366238594,Casandra,Batalla,91559
91560,816001860,Benjamin,Alarcon,91560
91561,269835625,Florentino,Almagro,91561
91562,467596796,Lisandro,Narvaez,91562
91563,860129078,Mateo,Jover,91563
91564,924756488,Alondra,Alberdi,91564
91565,768023376,Rafa,Paz,91565
91566,125607907,Alvaro,Guitart,91566
91567,649719325,Rufina,Arias,91567
91568,597847337,Jeremias,Gimenez,91568
91569,453021172,Candelario,Martinez,91569
91570,109241010,Javiera,Cruz,91570
91571,283823749,Jonatan,Lujan,91571
91572,511953739,Flavia,Sebastian,91572
91573,544983992,Reyes,Ballester,91573
91574,746123895,Damian,Porcel,91574
91575,698449202,Susana,Pazos,91575
91576,493320460,Andrea,Marco,91576
91577,595117997,Juan Jose,Rius,91577
91578,464680541,Francisca,Borrell,91578
91579,701940698,Eligia,Crespi,91579
91580,485521094,Saturnino,Pulido,91580
91581,445163812,Marcelo,Jerez,91581
91582,799202747,Gabriela,Torrecilla,91582
91583,571259075,Silvestre,Paniagua,91583
91584,497386093,Plinio,Tejero,91584
91585,452779415,Telmo,Garces,91585
91586,126634739,Amalia,Marin,91586
91587,907109983,Araceli,Carlos,91587
91588,976206657,Esperanza,Fabregas,91588
91589,897495795,Juana,Diez,91589
91590,293830284,Mohamed,Nogueira,91590
91591,753306061,Marco,Prieto,91591
91592,477266018,Julio,Acosta,91592
91593,706322819,Rosario,Maestre,91593
91594,228832433,Vicente,Barriga,91594
91595,953540571,Lucila,Torralba,91595
91596,206644484,Flavio,Vizcaino,91596
91597,810465816,Felix,Canals,91597
91598,926698034,Rosendo,Padilla,91598
91599,874818779,Ascension,Palomo,91599
91600,704452285,Dulce,Roman,91600
91601,414312701,Prudencia,Pablo,91601
91602,409426583,Guillermo,Pozo,91602
91603,716638434,Ana Sofia,Silva,91603
91604,698572934,Jeremias,Leiva,91604
91605,363516973,Raquel,Jara,91605
91606,657721194,Tiburcio,Guzman,91606
91607,979693261,Mario,Torres,91607
91608,621407489,Adolfo,Arco,91608
91609,423332286,Fernando,Melendez,91609
91610,863817858,Eva Maria,Infante,91610
91611,813275820,Isaias,Monreal,91611
91612,789437844,Maria Manuela,Malo,91612
91613,441610227,Amador,Bayon,91613
91614,442382442,Remedios,Rivas,91614
91615,461315907,Conrado,Rey,91615
91616,196435724,Teresa,Quintanilla,91616
91617,835755595,Dionisia,Esparza,91617
91618,187770229,Amor,Lastra,91618
91619,357145779,Lupe,Hervas,91619
91620,350815729,Danilo,Villegas,91620
91621,130487301,Erasmo,Corominas,91621
91622,894113699,Aureliano,Anaya,91622
91623,491163921,Walter,Agusti,91623
91624,208571923,Estrella,Frutos,91624
91625,854676399,Renata,Noguera,91625
91626,674854361,Victor,Ochoa,91626
91627,197542215,Candelario,Avila,91627
91628,668603150,Florencio,Izquierdo,91628
91629,996412502,Sergio,Mendez,91629
91630,674512344,Serafina,Cases,91630
91631,842319061,Faustino,Urrutia,91631
91632,761358983,Hipolito,Polo,91632
91633,169488839,Selena,Tapia,91633
91634,838886264,Caridad,Fuertes,91634
91635,126671986,Ismael,Rosello,91635
91636,510495285,Romulo,Cornejo,91636
91637,208670935,Isabel,Pineda,91637
91638,615691592,Timoteo,Villalobos,91638
91639,926686994,Amarilis,Puga,91639
91640,917013395,Ema,Garcia,91640
91641,347591919,Gala,Prieto,91641
91642,113985674,Jacinta,Zabaleta,91642
91643,735320164,Eusebia,Godoy,91643
91644,721103313,Felix,Malo,91644
91645,211757152,Simon,Mateo,91645
91646,600636278,Clotilde,Arregui,91646
91647,767583500,Pedro,Yanez,91647
91648,826700547,Violeta,Mariscal,91648
91649,232133359,Imelda,Tello,91649
91650,635084121,Belen,Gonzalo,91650
91651,604899359,Nicodemo,Ortega,91651
91652,402344484,Maria Manuela,Molins,91652
91653,309620540,Nidia,Pascual,91653
91654,590030407,Nicanor,Rivera,91654
91655,975275322,Maricela,Feliu,91655
91656,225006766,Ana,Nebot,91656
91657,414290590,Maria Pilar,Lledo,91657
91658,258359339,Jose Mari,Cazorla,91658
91659,171473026,Cornelio,Poza,91659
91660,621918959,Roberto,Cervantes,91660
91661,918616840,Candelario,Benet,91661
91662,383631672,Felix,Tello,91662
91663,903703979,Ofelia,Solis,91663
91664,491486464,Julio,Escalona,91664
91665,428094992,Joaquin,Coello,91665
91666,451325622,Regulo,Plaza,91666
91667,165520549,Teodoro,Ramis,91667
91668,172349832,Jose,Alba,91668
91669,268873749,Estefania,Urena,91669
91670,850006084,Saturnino,Escriva,91670
91671,460249867,Blas,Mateos,91671
91672,184395737,Reyes,Morata,91672
91673,656268357,Marc,Gaya,91673
91674,732370554,Gabino,Blazquez,91674
91675,708206041,Eva,Guerrero,91675
91676,641264353,Tito,Carvajal,91676
91677,732881439,Jose Antonio,Buendia,91677
91678,829258594,Bibiana,Polo,91678
91679,500786752,Josefa,Corral,91679
91680,111584395,Miguel,Perera,91680
91681,890032565,Amor,Santamaria,91681
91682,851864733,Lino,Pol,91682
91683,105692229,Vilma,Melero,91683
91684,234420167,Jonatan,Gonzalez,91684
91685,530598060,Fabiola,Perales,91685
91686,782003778,Maricela,Antunez,91686
91687,718869891,Francisco Jose,Isern,91687
91688,938743725,Anacleto,Iglesia,91688
91689,402858143,Gustavo,Macias,91689
91690,963383029,Esther,Vall,91690
91691,124075775,Evangelina,Cortes,91691
91692,583956871,Matias,Abril,91692
91693,557796620,Judith,Soler,91693
91694,921822822,Adoracion,Galan,91694
91695,153907466,Nazaret,Riera,91695
91696,166203230,Arturo,Gutierrez,91696
91697,545992488,Adelardo,Moraleda,91697
91698,365006979,Encarnacion,Capdevila,91698
91699,851058674,Bernarda,Beltran,91699
91700,422013148,Loreto,Porras,91700
91701,953346890,Mariana,Morera,91701
91702,103344235,Adelina,Martinez,91702
91703,392250430,Eusebia,Monreal,91703
91704,424934089,Gonzalo,Canas,91704
91705,902655088,Ezequiel,Barranco,91705
91706,191365723,Marcela,Sabater,91706
91707,356024934,Lilia,Duenas,91707
91708,993081701,Jesus,Camacho,91708
91709,936500441,Fortunata,Linares,91709
91710,994354027,Leonor,Pozuelo,91710
91711,456582839,Gervasio,Arroyo,91711
91712,673949472,Gala,Cases,91712
91713,778578869,Josefa,Lastra,91713
91714,276260359,Aurea,Ballester,91714
91715,166442538,Sancho,Pintor,91715
91716,775645488,Edelmiro,Agudo,91716
91717,586772867,Mauricio,Estrada,91717
91718,737333079,Florina,Morillo,91718
91719,673669746,Eliseo,Puga,91719
91720,918065118,Consuelo,Mugica,91720
91721,209199879,Pio,Mosquera,91721
91722,831577636,Cayetano,Roma,91722
91723,747894498,Eva Maria,Baron,91723
91724,785473856,Rosalva,Peinado,91724
91725,240688516,Angel,Fabra,91725
91726,883792132,Juan,Cortes,91726
91727,499417535,Basilio,Iglesia,91727
91728,779247150,Felipe,Cuadrado,91728
91729,601258050,Matilde,Avila,91729
91730,861282126,Casemiro,Rios,91730
91731,262873752,Chuy,Paredes,91731
91732,371525081,Luis,Morante,91732
91733,233193521,Maricruz,Alcazar,91733
91734,787176658,Toribio,Sandoval,91734
91735,467663753,Raquel,Vall,91735
91736,940583244,Claudia,Rosado,91736
91737,241881594,Eugenio,Canas,91737
91738,318583207,Sofia,Angulo,91738
91739,332524183,Vidal,Prats,91739
91740,790816762,Adelardo,Valderrama,91740
91741,471859988,Maria,Carreno,91741
91742,100744390,Alonso,Amaya,91742
91743,688114191,Alejandro,Maldonado,91743
91744,578841095,Abigail,Ferrandez,91744
91745,907866443,Teofilo,Fajardo,91745
91746,460096439,Herminia,Galindo,91746
91747,385129614,Leticia,Marmol,91747
91748,364596531,Manola,Torrents,91748
91749,876023132,Chelo,Palma,91749
91750,603513002,Sandalio,Abril,91750
91751,151546196,Judith,Carrasco,91751
91752,907165651,Evaristo,Leon,91752
91753,285717650,Elias,Pedrero,91753
91754,800890838,Luna,Alarcon,91754
91755,922574680,Manuel,Vergara,91755
91756,840739925,Graciana,Guzman,91756
91757,975176499,Jose Francisco,Espejo,91757
91758,566765572,Agustin,Romeu,91758
91759,545412103,Aurora,Agullo,91759
91760,850387274,Viviana,Olive,91760
91761,565535302,Debora,Gallardo,91761
91762,877764516,Inmaculada,Carreno,91762
91763,810126336,Emperatriz,Neira,91763
91764,842654154,Ivan,Gutierrez,91764
91765,745636387,Hipolito,Beltran,91765
91766,340596339,Prudencia,Caparros,91766
91767,549173211,Zoraida,Baquero,91767
91768,247427628,Dorita,Sancho,91768
91769,502422805,Emiliana,Moliner,91769
91770,221925326,Fidela,Tejedor,91770
91771,216204830,Severiano,Estrada,91771
91772,371380118,Isabela,Nogues,91772
91773,345780328,Vicenta,Galindo,91773
91774,286211028,Armida,Menendez,91774
91775,759621310,Severiano,Rosado,91775
91776,922957239,Aranzazu,Amat,91776
91777,913419676,Salomon,Duarte,91777
91778,532362022,German,Zurita,91778
91779,785991136,Roberto,Vaquero,91779
91780,311243803,Inmaculada,Rocamora,91780
91781,557153616,Juan Bautista,Prats,91781
91782,915453964,Ciriaco,Mateos,91782
91783,496806359,Odalis,Lujan,91783
91784,583201482,Angelita,Salmeron,91784
91785,881700174,Anselma,Julian,91785
91786,806546760,Jose Antonio,Tapia,91786
91787,183327878,Humberto,Alarcon,91787
91788,654281864,Nestor,Cervantes,91788
91789,562065663,Bernardita,Rocamora,91789
91790,887773690,Jesus,Bonet,91790
91791,174498577,Encarna,Molina,91791
91792,156629992,Vera,Monreal,91792
91793,608828026,Viviana,Valera,91793
91794,732763467,Gaspar,Mateo,91794
91795,229528961,Quirino,Aguirre,91795
91796,208395362,Carla,Portero,91796
91797,105612204,Consuelo,Molina,91797
91798,680635108,Soledad,Garcia,91798
91799,120399558,Jorge,Cadenas,91799
91800,956367773,Joaquin,Mayoral,91800
91801,559973253,Cirino,Ferrera,91801
91802,577818243,Sandalio,Lobato,91802
91803,119046640,Amalia,Salcedo,91803
91804,990156593,Gabriel,Iglesias,91804
91805,920417463,Chema,Rius,91805
91806,267534586,Leonardo,Garzon,91806
91807,692057640,Candelaria,Pujol,91807
91808,604562489,Maria Carmen,Riera,91808
91809,495451329,Fermin,Cobos,91809
91810,482297862,Chus,Puente,91810
91811,589911228,Salome,Bejarano,91811
91812,617680052,Eufemia,Fuentes,91812
91813,856778267,Soraya,Castejon,91813
91814,315431811,Lupita,Amat,91814
91815,792660926,Maria Jesus,Larrea,91815
91816,657242224,Juan Pablo,Pedrosa,91816
91817,893336754,Alicia,Paredes,91817
91818,239769242,Salomon,Jordan,91818
91819,798315346,Martin,Pelayo,91819
91820,475897731,Ines,Abad,91820
91821,172042585,Encarnacion,Carrera,91821
91822,308529616,Cesar,Rosales,91822
91823,885457885,Fernanda,Murillo,91823
91824,284889667,Aurora,Menendez,91824
91825,212528115,Curro,Pozo,91825
91826,537175654,Victor,Ariza,91826
91827,960525953,Bernardino,Escamilla,91827
91828,399897664,Esmeralda,Santos,91828
91829,611238522,Olalla,Aleman,91829
91830,968753086,Diana,Rios,91830
91831,931935021,Maximiano,Peralta,91831
91832,289482237,Pedro,Sastre,91832
91833,315777193,Melania,Torre,91833
91834,273096926,Sonia,Castillo,91834
91835,975849806,Bernabe,Alarcon,91835
91836,366306766,Baudelio,Esteve,91836
91837,887648396,Virginia,Sancho,91837
91838,753772138,Jose Angel,Tomas,91838
91839,912155818,Nicanor,Alba,91839
91840,705684704,Manuela,Diaz,91840
91841,791651873,Bernardo,Rocha,91841
91842,771546471,Mercedes,Barcelo,91842
91843,296386723,Eulalia,Zabaleta,91843
91844,646015178,Dafne,Bernad,91844
91845,788066752,Elena,Zorrilla,91845
91846,548053960,Eladio,Alcaraz,91846
91847,398626190,Glauco,Vicente,91847
91848,429203825,Margarita,Andres,91848
91849,414489458,Ramiro,Neira,91849
91850,716921586,Abilio,Ferrando,91850
91851,781589940,Hector,Juarez,91851
91852,866370129,Paloma,Gargallo,91852
91853,301857264,Albino,Mayo,91853
91854,373928275,Visitacion,Duarte,91854
91855,922586621,Odalis,Corominas,91855
91856,699389918,Heriberto,Sacristan,91856
91857,680602344,Victorino,Aguilar,91857
91858,386984030,Sandalio,Cerdan,91858
91859,779547520,Samanta,Rodriguez,91859
91860,840213829,Adalberto,Toro,91860
91861,541581222,Rico,Pallares,91861
91862,412483242,Marianela,Ferreras,91862
91863,141382974,Pablo,Espada,91863
91864,847266993,Eloy,Canales,91864
91865,658113753,Teodora,Olive,91865
91866,165082200,Adrian,Suarez,91866
91867,913875650,Gertrudis,Palau,91867
91868,157247442,Nuria,Rios,91868
91869,988230353,Jose,Palomares,91869
91870,237866683,Ambar,Benavides,91870
91871,306317094,Sergio,Batalla,91871
91872,439180294,Edgar,Requena,91872
91873,486325938,Mireia,Matas,91873
91874,726611768,Feliciano,Tena,91874
91875,128813806,Silvestre,Arjona,91875
91876,765307820,Luisina,Galan,91876
91877,152940075,Che,Perea,91877
91878,706163460,Jose Antonio,Ropero,91878
91879,787683005,Dionisia,Segui,91879
91880,435923531,Bernarda,Romero,91880
91881,283940464,Amparo,Alfonso,91881
91882,606830337,Amada,Jimenez,91882
91883,370257450,Silvia,Moliner,91883
91884,996147394,Julio,Cortes,91884
91885,660273016,Emperatriz,Alcolea,91885
91886,771769455,Gilberto,Peinado,91886
91887,810304457,Pacifica,Gutierrez,91887
91888,543587707,Valeria,Blanes,91888
91889,438860344,Lucas,Grau,91889
91890,177121570,Osvaldo,Montalban,91890
91891,551518852,Agapito,Sacristan,91891
91892,438473952,Silvia,Saenz,91892
91893,426584740,Aura,Atienza,91893
91894,125635694,Vera,Colomer,91894
91895,148304435,Irma,Villanueva,91895
91896,623705282,Alejandra,Valdes,91896
91897,346123617,Amador,Morell,91897
91898,461555200,Renato,Pintor,91898
91899,678698702,Benigna,Cabrero,91899
91900,966207781,Luis Angel,Muro,91900
91901,560599365,Agapito,Garcia,91901
91902,249571871,Flora,Pintor,91902
91903,801121751,Rosendo,Nicolau,91903
91904,982984761,Conrado,Nieto,91904
91905,164091215,Sofia,Montes,91905
91906,687692687,Dalila,Medina,91906
91907,593060426,Cintia,Toledo,91907
91908,582421802,Judith,Dominguez,91908
91909,520583139,Nicolas,Armengol,91909
91910,556584046,Tiburcio,Busquets,91910
91911,112888009,Chus,Montalban,91911
91912,558162006,Placido,Pedrero,91912
91913,813313871,Domitila,Rojas,91913
91914,773865832,Amaya,Leon,91914
91915,276866521,Joan,Otero,91915
91916,115367341,Eduardo,Llopis,91916
91917,560350912,Abraham,Canellas,91917
91918,594970823,Miriam,Planas,91918
91919,486711166,Carmen,Porcel,91919
91920,246580851,Hipolito,Vicente,91920
91921,935073591,Rosalinda,Arcos,91921
91922,849217406,Alonso,Franch,91922
91923,316107197,Roberto,Santamaria,91923
91924,828425579,Chita,Campillo,91924
91925,691624286,Amilcar,Malo,91925
91926,467063628,Gonzalo,Zabala,91926
91927,698328701,Eliseo,Sobrino,91927
91928,764983505,Xiomara,Tamayo,91928
91929,155560333,Judith,Losa,91929
91930,374466197,Leire,Mayo,91930
91931,463042803,Felicidad,Roldan,91931
91932,641618146,Armida,Coloma,91932
91933,644301303,Jovita,Mendez,91933
91934,474294653,Leticia,Casanova,91934
91935,295744351,Silvia,Tamayo,91935
91936,718295079,Francisco Jose,Manzano,91936
91937,162447418,Kike,Arteaga,91937
91938,580029794,Nicanor,Sosa,91938
91939,728744976,Elias,Hoyos,91939
91940,640559893,Candida,Escribano,91940
91941,298545283,Vito,Osuna,91941
91942,487099108,Anna,Trujillo,91942
91943,814820672,Roberta,Pont,91943
91944,378905420,Vilma,Pombo,91944
91945,324728589,Maristela,Bustos,91945
91946,389136857,Felicia,Falco,91946
91947,736629830,Gala,Bosch,91947
91948,294372290,Cecilio,Perello,91948
91949,901641776,Eliana,Tamayo,91949
91950,511328759,Filomena,Cepeda,91950
91951,495299339,Leticia,Barriga,91951
91952,955244992,Leticia,Mateos,91952
91953,364060614,Piedad,Merino,91953
91954,254757792,Maria Fernanda,Tome,91954
91955,934483614,Apolinar,Conesa,91955
91956,613843660,Eugenio,Comas,91956
91957,315349134,Ema,Sainz,91957
91958,851094629,Diana,Agudo,91958
91959,681455010,Apolinar,Rosales,91959
91960,323599205,Tiburcio,Zapata,91960
91961,434894143,Amaya,Pinilla,91961
91962,719707855,Leonel,Carbo,91962
91963,101252523,Isabela,Paniagua,91963
91964,571208519,Rolando,Calderon,91964
91965,846348941,Anna,Talavera,91965
91966,530877191,Felicidad,Uria,91966
91967,597360413,Chus,Roma,91967
91968,474815218,Violeta,Pena,91968
91969,861602555,Jose Mari,Garrido,91969
91970,121428940,Samanta,Cases,91970
91971,826366771,Carmelita,Antunez,91971
91972,426102494,Toribio,Acero,91972
91973,353969824,Roberto,Riquelme,91973
91974,613066605,Ainoa,Bernal,91974
91975,161362147,Guiomar,Millan,91975
91976,244211701,Ariadna,Hoyos,91976
91977,119299254,Claudio,Cerdan,91977
91978,601156380,Juan Bautista,Trillo,91978
91979,743610056,Esteban,Aragon,91979
91980,408248310,Sigfrido,Chico,91980
91981,125610385,Eugenio,Trillo,91981
91982,989824728,Asdrubal,Perez,91982
91983,100500644,Maria Manuela,Bayona,91983
91984,250866455,Maximino,Bauza,91984
91985,569605196,Petrona,Amador,91985
91986,101707447,Amaro,Paz,91986
91987,122512698,Raul,Rosa,91987
91988,388356483,Celia,Torre,91988
91989,388108125,Mauricio,Andreu,91989
91990,559436210,Adoracion,Pedro,91990
91991,884043030,Tania,Agullo,91991
91992,298911402,Octavia,Carreras,91992
91993,883267426,Martirio,Llopis,91993
91994,978724935,Lilia,Infante,91994
91995,641329606,Haydee,Esteve,91995
91996,726535722,Ariel,Salinas,91996
91997,448741597,Antonia,Puente,91997
91998,298559932,Renato,Beltran,91998
91999,299330839,Elvira,Trillo,91999
92000,357100213,Gilberto,Vara,92000
92001,849304710,Custodia,Navarrete,92001
92002,224428654,Tristan,Porta,92002
92003,425799597,Sergio,Trujillo,92003
92004,439242122,Angelica,Roca,92004
92005,966797751,Ambrosio,Valenciano,92005
92006,268403452,Maricruz,Ripoll,92006
92007,846616171,Concepcion,Carvajal,92007
92008,702146919,Santos,Carreras,92008
92009,833233354,Hilario,Araujo,92009
92010,909583823,Xavier,Cobos,92010
92011,759412548,Teresa,Monreal,92011
92012,953105946,Rufina,Falcon,92012
92013,892913210,Guadalupe,Castrillo,92013
92014,114389842,Isaias,Iglesias,92014
92015,507302538,Salomon,Villa,92015
92016,927155381,Matias,Bayon,92016
92017,845113455,Margarita,Robles,92017
92018,305085408,Luna,Cabrera,92018
92019,762440174,Dionisio,Benavente,92019
92020,429653627,Angelita,Barreda,92020
92021,850189745,Eutropio,Torrijos,92021
92022,590771485,Octavio,Munoz,92022
92023,495031170,Angelina,Duenas,92023
92024,890783688,Leonel,Donoso,92024
92025,391247770,Lupe,Rivas,92025
92026,246990685,Anselma,Gallardo,92026
92027,853994519,Calixto,Carrillo,92027
92028,260903167,Lisandro,Escolano,92028
92029,443324594,Elba,Mena,92029
92030,157165215,Jose Ramon,Guitart,92030
92031,949481384,Fabiana,Bustos,92031
92032,275971535,Inmaculada,Salva,92032
92033,778537841,Loreto,Herranz,92033
92034,883945612,Juanito,Sureda,92034
92035,250266025,Cayetana,Ribas,92035
92036,801683283,Cleto,Bermudez,92036
92037,492442869,Anna,Priego,92037
92038,178109358,Raquel,Morante,92038
92039,346666972,Cesar,Rosales,92039
92040,964946984,Eduardo,Falcon,92040
92041,152031302,Aranzazu,Canovas,92041
92042,780390204,Noa,Miralles,92042
92043,617423944,Sandalio,Santamaria,92043
92044,465777982,Gisela,Sala,92044
92045,220956309,Basilio,Jove,92045
92046,330153920,Flavio,Morera,92046
92047,337216077,Amparo,Agudo,92047
92048,160543790,Zaida,Gascon,92048
92049,655046519,Juan Manuel,Ortega,92049
92050,955356410,Emelina,Hoz,92050
92051,220084137,Aurelia,Acosta,92051
92052,933036852,Victoria,Pavon,92052
92053,859056727,Maria Fernanda,Portero,92053
92054,283727847,Berta,Fernandez,92054
92055,681376277,Eladio,Uriarte,92055
92056,522328167,Fabiana,Ribera,92056
92057,941133383,Luisa,Noguera,92057
92058,489245535,Ramiro,Esteban,92058
92059,809499078,Encarnacion,Sandoval,92059
92060,744092728,Bernardino,Naranjo,92060
92061,309208817,Rufino,Moll,92061
92062,739413483,Nicolas,Andreu,92062
92063,121828301,Bruno,Arcos,92063
92064,981068586,Basilio,Barranco,92064
92065,184009528,Berta,Frias,92065
92066,621042126,Carmina,Ortiz,92066
92067,739014660,Liliana,Arroyo,92067
92068,294629032,Josefa,Galvez,92068
92069,962427987,Juan Carlos,Cuevas,92069
92070,764607908,Eduardo,Perales,92070
92071,718830144,Ramon,Capdevila,92071
92072,807575048,Juanito,Diez,92072
92073,906683248,Elisabet,Ayuso,92073
92074,373922356,Renato,Muniz,92074
92075,107274679,Cosme,Canales,92075
92076,978888569,Cirino,Marmol,92076
92077,970478876,Aristides,Cuadrado,92077
92078,160378253,Vilma,Heras,92078
92079,456969238,Gil,Nogueira,92079
92080,865908967,Pelayo,Caro,92080
92081,793880057,Elias,Barreda,92081
92082,453026968,Alejandra,Rios,92082
92083,550632510,Lola,Rio,92083
92084,287390341,Alvaro,Terron,92084
92085,365274179,Vasco,Arevalo,92085
92086,872175494,Marcio,Manuel,92086
92087,904390330,Daniela,Quintana,92087
92088,423175195,Beatriz,Anglada,92088
92089,441660404,Juan Jose,Rico,92089
92090,261216539,Mirta,Cortina,92090
92091,689748283,Juan Manuel,Ponce,92091
92092,143471813,Eric,Aroca,92092
92093,230456249,Anita,Gimenez,92093
92094,361880324,Flavia,Camara,92094
92095,355214932,Jordi,Pintor,92095
92096,446411415,Ale,Morata,92096
92097,675923524,Teobaldo,Almagro,92097
92098,983965794,Claudio,Miralles,92098
92099,676569448,Ceferino,Arcos,92099
92100,944543412,Elena,Cabeza,92100
92101,683359075,Benita,Beltran,92101
92102,191712581,Lina,Galvan,92102
92103,555220705,Hugo,Pol,92103
92104,203458611,Carolina,Polo,92104
92105,874244982,Walter,Atienza,92105
92106,745946280,Gabino,Carrion,92106
92107,760514733,Albert,Mari,92107
92108,458109038,Isabel,Leon,92108
92109,235669764,Rolando,Berrocal,92109
92110,236898016,Alejo,Mari,92110
92111,610305077,Epifanio,Jorda,92111
92112,502775058,Dorita,Torrent,92112
92113,602417094,Eric,Pastor,92113
92114,118630534,Ciriaco,Palomo,92114
92115,882804984,Emperatriz,Aznar,92115
92116,639687679,Alfredo,Marino,92116
92117,165996777,Belen,Ruiz,92117
92118,886184588,Luis Angel,Amador,92118
92119,726497726,Elias,Neira,92119
92120,236710676,Paca,Fernandez,92120
92121,489086113,Ildefonso,Mir,92121
92122,171873015,Juan Pablo,Gisbert,92122
92123,415603543,Gisela,Villalobos,92123
92124,334635346,Africa,Jaen,92124
92125,205076993,Eufemia,Infante,92125
92126,914319992,Nelida,Carmona,92126
92127,891509536,Luis,Arino,92127
92128,178339001,Jacinto,Alcazar,92128
92129,230115488,Jose Manuel,Rueda,92129
92130,365997209,Paz,Pozo,92130
92131,193201377,Jimena,Espinosa,92131
92132,765837154,Aurelia,Rosado,92132
92133,230513171,Berta,Peinado,92133
92134,836491815,Espiridion,Osuna,92134
92135,216027235,Ciriaco,Gomis,92135
92136,488083952,Lorenzo,Estevez,92136
92137,351628101,Zaida,Barragan,92137
92138,231480459,Itziar,Villanueva,92138
92139,531187848,Adoracion,Miguel,92139
92140,611737212,Chema,Palma,92140
92141,727680437,Maximiano,Arjona,92141
92142,465691517,Isidora,Crespo,92142
92143,970902984,Saturnina,Chaparro,92143
92144,405832194,Delfina,Bustamante,92144
92145,559334739,Anselma,Adadia,92145
92146,485675573,Manuelita,Donoso,92146
92147,101262892,Carmelita,Guillen,92147
92148,821797955,Edmundo,Belda,92148
92149,780521539,Iris,Hervia,92149
92150,258740782,Olegario,Saenz,92150
92151,574301270,Fortunata,Barreda,92151
92152,420510494,Ricarda,Ariza,92152
92153,785289627,Tiburcio,Robledo,92153
92154,356392060,Ignacia,Bas,92154
92155,946520668,Ramon,Guitart,92155
92156,395574320,Fanny,Briones,92156
92157,332328961,Eliseo,Mendez,92157
92158,744848954,Ascension,Acosta,92158
92159,126406818,Lourdes,Toledo,92159
92160,177505275,Fabiola,Alfonso,92160
92161,142994153,Eustaquio,Ribes,92161
92162,218043874,Lucio,Lozano,92162
92163,864876751,Adelina,Julian,92163
92164,179264597,Valeria,Prado,92164
92165,525569010,Demetrio,Bayon,92165
92166,145896782,Alberto,Baquero,92166
92167,324298589,Cristina,Lloret,92167
92168,118301367,Leandra,Rodriguez,92168
92169,793832852,Jose Angel,Quiroga,92169
92170,787679097,Domitila,Caro,92170
92171,387836994,Melania,Cabrera,92171
92172,183624879,Hermenegildo,Valenzuela,92172
92173,771448043,Elisa,Madrigal,92173
92174,830113881,Dan,Campos,92174
92175,409635136,Susana,Viana,92175
92176,919853855,Felicidad,Montserrat,92176
92177,549634070,Isidro,Carro,92177
92178,371077701,Anita,Medina,92178
92179,351636205,Tono,Caparros,92179
92180,382627783,Dionisia,Tamarit,92180
92181,684095828,Jose Carlos,Plaza,92181
92182,541424500,Jacinta,Yuste,92182
92183,782064165,Amor,Ramos,92183
92184,431935659,Lorenzo,Nicolau,92184
92185,627001390,Reinaldo,Alvaro,92185
92186,351622703,Ceferino,Belmonte,92186
92187,102895678,Chus,Collado,92187
92188,277262280,Gustavo,Salmeron,92188
92189,648627419,Pepe,Maldonado,92189
92190,243845963,Bonifacio,Losada,92190
92191,109951087,Gaspar,Exposito,92191
92192,351405117,Clemente,Duarte,92192
92193,696361322,Porfirio,Guillen,92193
92194,407900080,Edmundo,Carrasco,92194
92195,720366669,Ester,Llopis,92195
92196,143180689,Norberto,Jaume,92196
92197,438310542,Amancio,Chaves,92197
92198,599537682,Teofila,Jimenez,92198
92199,101753745,Paola,Somoza,92199
92200,645164913,Macario,Gual,92200
92201,415894614,Edelmira,Bueno,92201
92202,943965514,Nando,Ribera,92202
92203,355964299,Ainara,Pedro,92203
92204,804071545,Francisca,Almazan,92204
92205,118163999,Juan Manuel,Salazar,92205
92206,280941284,Pedro,Pazos,92206
92207,559781109,Matias,Beltran,92207
92208,105857716,Sonia,Serrano,92208
92209,678175058,Herminia,Sebastian,92209
92210,908425391,Marita,Atienza,92210
92211,208718838,Mauricio,Adadia,92211
92212,644077506,Ana Sofia,Canovas,92212
92213,640695173,Joel,Borrell,92213
92214,403538839,Anita,Perello,92214
92215,481161674,Macaria,Cisneros,92215
92216,865109685,Manuel,Romero,92216
92217,751058949,Luz,Leal,92217
92218,106002007,Selena,Colom,92218
92219,533608166,Eligio,Peral,92219
92220,938504518,Modesta,Alcaraz,92220
92221,845282741,Ascension,Bartolome,92221
92222,260671734,Chucho,Carvajal,92222
92223,771686870,Emiliano,Sanjuan,92223
92224,762200127,Maria Angeles,Campillo,92224
92225,408752893,Alejo,Gomis,92225
92226,103988919,Iban,Giralt,92226
92227,944876640,Natalio,Maza,92227
92228,977501246,Maristela,Benavides,92228
92229,741424187,Marisa,Cal,92229
92230,849284856,Felipe,Teruel,92230
92231,361346531,Juan Francisco,Fuentes,92231
92232,240899032,Maria Angeles,Alcolea,92232
92233,921573479,Fortunata,Pallares,92233
92234,469666921,Socorro,Albero,92234
92235,244564844,Dorotea,Amo,92235
92236,857476531,Maria Fernanda,Carlos,92236
92237,149696062,Graciela,Zaragoza,92237
92238,902601047,Edelmira,Gilabert,92238
92239,985783156,Fulgencio,Diaz,92239
92240,297270424,Luis,Canas,92240
92241,716652505,Javiera,Alfaro,92241
92242,737572634,Maximo,Aguilo,92242
92243,828452116,Olga,Priego,92243
92244,439239977,Damian,Codina,92244
92245,294410514,Ceferino,Miguel,92245
92246,658871096,Geraldo,Peral,92246
92247,741181469,Jacobo,Jimenez,92247
92248,981780842,Jose Carlos,Oliver,92248
92249,422216139,Barbara,Palacios,92249
92250,525580465,Aurelia,Osorio,92250
92251,844710285,Soledad,Puente,92251
92252,146791967,Paulina,Mariscal,92252
92253,350099553,Asuncion,Trujillo,92253
92254,200355174,Rafael,Puerta,92254
92255,919494325,Vito,Sanmartin,92255
92256,709351337,Victor,Arnau,92256
92257,660379727,Concepcion,Saez,92257
92258,729830691,Macaria,Melero,92258
92259,380221597,Nadia,Cabrera,92259
92260,391361515,Leoncio,Pellicer,92260
92261,701669096,Gaspar,Pedro,92261
92262,863747679,Fabio,Maldonado,92262
92263,648458473,Angelica,Tenorio,92263
92264,511100522,Irene,Pages,92264
92265,694129067,Miguela,Villegas,92265
92266,635814351,Vinicio,Escamilla,92266
92267,290060882,Cosme,Lopez,92267
92268,891903008,Chus,Fiol,92268
92269,240343256,Maria Jesus,Tolosa,92269
92270,337571511,Abigail,Heras,92270
92271,587953635,Leocadia,Capdevila,92271
92272,833463777,Inocencio,Rozas,92272
92273,873068978,Angeles,Medina,92273
92274,513171094,Godofredo,Porta,92274
92275,630346553,Rufino,Moll,92275
92276,197321702,Xiomara,Casal,92276
92277,737568129,Carmina,Gisbert,92277
92278,925579219,Hector,Abad,92278
92279,574385837,Armando,Vendrell,92279
92280,396854524,Josefa,Herranz,92280
92281,317040144,Trinidad,Contreras,92281
92282,483199659,Domitila,Sandoval,92282
92283,144598601,Maria Carmen,Izquierdo,92283
92284,505518444,Jose Angel,Alcazar,92284
92285,895075287,Serafina,Domenech,92285
92286,374288603,Jafet,Bonilla,92286
92287,521520785,Lupe,Acevedo,92287
92288,716629546,Rosalia,Colomer,92288
92289,771340765,Haydee,Vallejo,92289
92290,391115266,Noe,Sanmiguel,92290
92291,178390323,Andres,Bermudez,92291
92292,844553323,Ernesto,Pena,92292
92293,130730836,Diego,Agudo,92293
92294,727357772,Macario,Salamanca,92294
92295,753027250,Salud,Sierra,92295
92296,565925932,Guadalupe,Cabanillas,92296
92297,282393366,Calixta,Vargas,92297
92298,947741266,Ricardo,Nebot,92298
92299,493250227,Guillermo,Echevarria,92299
92300,126889203,Irene,Requena,92300
92301,880116955,Camila,Borrell,92301
92302,709660668,Elba,Gibert,92302
92303,954443854,Lupe,Munoz,92303
92304,470370456,Rita,Barros,92304
92305,583987634,Benigna,Font,92305
92306,104998139,Augusto,Garcia,92306
92307,591116672,Victor,Cepeda,92307
92308,522360416,Carmelo,Acevedo,92308
92309,735214879,Dominga,Solsona,92309
92310,330315458,Felix,Guijarro,92310
92311,346088863,Asdrubal,Alegria,92311
92312,912714078,Lourdes,Amador,92312
92313,640629152,Mariana,Jaume,92313
92314,384412220,Hermenegildo,Tomas,92314
92315,494264378,Valerio,Garriga,92315
92316,377210721,Obdulia,Mateo,92316
92317,711753874,Cecilia,Sala,92317
92318,213518272,Otilia,Reyes,92318
92319,586655294,Leonor,Palomares,92319
92320,427814961,Inocencio,Alberdi,92320
92321,949161522,Josefina,Reig,92321
92322,663276560,Ivan,Uria,92322
92323,962697979,Paola,Jara,92323
92324,780981676,Laura,Lluch,92324
92325,384163855,Renata,Delgado,92325
92326,763655504,Segismundo,Pina,92326
92327,744431252,Enrique,Nevado,92327
92328,831951001,Prudencia,Ferrandiz,92328
92329,106972590,Cornelio,Cabeza,92329
92330,412449842,Raimundo,Vizcaino,92330
92331,192693520,Casemiro,Salinas,92331
92332,505402367,Che,Calvet,92332
92333,571497409,Laura,Naranjo,92333
92334,760158141,Amalia,Canas,92334
92335,664167730,Herminio,Morera,92335
92336,123284855,Fidel,Coca,92336
92337,674853317,Remedios,Guillen,92337
92338,896926623,Bibiana,Galiano,92338
92339,863360273,Jose Mari,Quesada,92339
92340,651858172,Luna,Murcia,92340
92341,734865842,Maria Dolores,Checa,92341
92342,154299815,Isaias,Pont,92342
92343,287197584,Carmelo,Madrigal,92343
92344,150957088,Maximino,Bellido,92344
92345,275903954,Valentina,Valero,92345
92346,698519805,Zaira,Diez,92346
92347,656487846,Teo,Tome,92347
92348,434731919,Matilde,Peinado,92348
92349,575059725,Armando,Hurtado,92349
92350,748573966,Reina,Palomares,92350
92351,440921054,Jose Maria,Estrada,92351
92352,226204952,Nayara,Sarabia,92352
92353,707645363,Jose,Morata,92353
92354,522485280,Marita,Beltran,92354
92355,805979454,Humberto,Saez,92355
92356,843305849,Dorotea,Contreras,92356
92357,146065820,Cristobal,Alamo,92357
92358,700636331,Lara,Galindo,92358
92359,882887261,Pepe,Casanovas,92359
92360,719667290,Casemiro,Santiago,92360
92361,336256206,Serafina,Lobato,92361
92362,938471297,Leocadio,Cuervo,92362
92363,420831812,Luz,Heras,92363
92364,783934376,Teodora,Checa,92364
92365,186307898,Sabina,Alcolea,92365
92366,869028597,Candida,Jordan,92366
92367,619296027,Placido,Puerta,92367
92368,405645964,Bonifacio,Luis,92368
92369,974839507,Flavia,Carpio,92369
92370,900138101,Arturo,Llabres,92370
92371,422943393,Nacho,Duque,92371
92372,204685723,Nelida,Lastra,92372
92373,663613712,Berto,Tovar,92373
92374,656936933,Victorino,Diaz,92374
92375,990549732,Basilio,Gutierrez,92375
92376,698459896,Fernando,Bilbao,92376
92377,862348172,Rodrigo,Fabregat,92377
92378,597242379,Celia,Parejo,92378
92379,110208660,Amelia,Merino,92379
92380,104035922,Angel,Murcia,92380
92381,738193643,Mirta,Gomez,92381
92382,433727471,Edgar,Porta,92382
92383,459164672,Feliciana,Portero,92383
92384,167387342,Mamen,Manrique,92384
92385,195784644,Sabas,Sans,92385
92386,703636670,Angeles,Gaya,92386
92387,943553345,Lisandro,Canete,92387
92388,212670486,Eustaquio,Oliva,92388
92389,206978962,Nacho,Lopez,92389
92390,819982025,Lisandro,Somoza,92390
92391,972290457,Amalia,Ortiz,92391
92392,397694740,Lorena,Vicens,92392
92393,442658155,Olalla,Canete,92393
92394,278089651,Claudia,Maestre,92394
92395,569827371,Lalo,Barrios,92395
92396,151385663,Lourdes,Pou,92396
92397,528984208,Fanny,Porcel,92397
92398,604117753,Marina,Vinas,92398
92399,112505021,Tamara,Manso,92399
92400,980514395,Jonatan,Andrade,92400
92401,731435675,Ruperto,Llado,92401
92402,317641299,Lucho,Franch,92402
92403,821561355,Pastor,Giralt,92403
92404,877559309,Laura,Alba,92404
92405,177206902,Jose Ramon,Haro,92405
92406,779270455,Maura,Goni,92406
92407,442101263,Eligia,Montserrat,92407
92408,521659851,Ciro,Salom,92408
92409,390005843,Heriberto,Viana,92409
92410,860889464,Amarilis,Minguez,92410
92411,233661114,Ruy,Puente,92411
92412,602153607,Gil,Peral,92412
92413,985272360,Flora,Arregui,92413
92414,329194335,Vilma,Domenech,92414
92415,622462762,Sarita,Perello,92415
92416,573789295,Leonor,Gonzalez,92416
92417,514495611,Paloma,Canas,92417
92418,315717723,Victor,Bueno,92418
92419,423189197,Abilio,Amoros,92419
92420,952943081,Candela,Lillo,92420
92421,936779006,Pili,Busquets,92421
92422,902984776,Manola,Torrents,92422
92423,104437097,Virgilio,Espejo,92423
92424,645988596,Concepcion,Carbonell,92424
92425,628649466,Tere,Garcia,92425
92426,884545365,Jacinta,Vila,92426
92427,393088917,Graciana,Manuel,92427
92428,620393047,Julia,Piquer,92428
92429,705805713,Nacio,Sans,92429
92430,312083044,Eloy,Montes,92430
92431,878886234,Antonia,Domingo,92431
92432,173538201,Fermin,Yuste,92432
92433,680955295,Felipe,Nicolas,92433
92434,349844720,Edgardo,Uria,92434
92435,741572371,Francisco Javier,Sancho,92435
92436,170913177,Marcelo,Gimenez,92436
92437,153370573,Virgilio,Anaya,92437
92438,409357657,Noelia,Costa,92438
92439,698541895,Carmelita,Nicolas,92439
92440,379052804,Ariel,Aguirre,92440
92441,940009876,Hermenegildo,Villalobos,92441
92442,250141628,Severino,Baquero,92442
92443,529702212,Hipolito,Rios,92443
92444,275689735,Fabio,Torrecilla,92444
92445,806688803,Celso,Lara,92445
92446,280395145,Rufino,Castejon,92446
92447,201834128,Alex,Tovar,92447
92448,505742955,Luisa,Reig,92448
92449,218778502,Ana,Rueda,92449
92450,187293737,Marcio,Salcedo,92450
92451,868493877,Jacobo,Benet,92451
92452,758904111,Amanda,Rosado,92452
92453,726158451,Estela,Alberdi,92453
92454,416936818,Adoracion,Ferrandez,92454
92455,124276924,Alfonso,Cifuentes,92455
92456,324340915,Santos,Nicolau,92456
92457,144083006,Benigna,Olmo,92457
92458,867125040,Clotilde,Segura,92458
92459,731023050,Amilcar,Fajardo,92459
92460,906540052,Adrian,Tome,92460
92461,229386135,Tiburcio,Reguera,92461
92462,316970053,Santiago,Pages,92462
92463,511334900,Chus,Rubio,92463
92464,396272783,Luis Angel,Seco,92464
92465,932616110,Morena,Grande,92465
92466,239710459,Jacinta,Ibanez,92466
92467,179353995,Raul,Catalan,92467
92468,560005852,Barbara,Rodriguez,92468
92469,954251429,Basilio,Quintana,92469
92470,570678670,Evaristo,Miguel,92470
92471,795274703,Cecilia,Canales,92471
92472,736463607,Calista,Aguilera,92472
92473,359650359,Piedad,Palomino,92473
92474,249282977,Victor,Aparicio,92474
92475,812512512,Rosario,Enriquez,92475
92476,339663820,Bartolome,Valderrama,92476
92477,890572294,Ivan,Salgado,92477
92478,193757363,Silvio,Saavedra,92478
92479,431109565,Ines,Cabanillas,92479
92480,581617208,Quirino,Trujillo,92480
92481,465728200,Maria Del Carmen,Sanmiguel,92481
92482,566474691,Julie,Tudela,92482
92483,555301102,Adrian,Nino,92483
92484,571148144,Alejo,Espinosa,92484
92485,482734819,Paola,Esparza,92485
92486,252899460,Vicenta,Solano,92486
92487,508501799,Tatiana,Ruiz,92487
92488,309697380,Visitacion,Melero,92488
92489,583773206,Sarita,Lucas,92489
92490,944018753,Juan,Soler,92490
92491,690830187,Jacobo,Baquero,92491
92492,418225545,Ciriaco,Bello,92492
92493,211023751,Hernan,Mate,92493
92494,695039996,Teo,Aliaga,92494
92495,811094364,Albina,Aguilera,92495
92496,965387015,Ignacia,Morell,92496
92497,533780360,Quirino,Infante,92497
92498,855671291,Baudelio,Corral,92498
92499,855789181,Erasmo,Teruel,92499
92500,468890218,Marita,Millan,92500
92501,346959651,Rita,Arce,92501
92502,222970530,Salome,Soler,92502
92503,651641288,Primitivo,Tello,92503
92504,522173292,Consuelo,Milla,92504
92505,935032013,Maria,Valverde,92505
92506,178922328,Lalo,Milla,92506
92507,695711613,Salud,Azcona,92507
92508,179319028,Lucho,Benavent,92508
92509,168538604,Quique,Roma,92509
92510,353520838,Luciana,Sole,92510
92511,142590748,Florencio,Puig,92511
92512,867246037,Leandra,Carro,92512
92513,158936501,Antonia,Acosta,92513
92514,202865163,Atilio,Vilar,92514
92515,839108795,Alba,Nino,92515
92516,737914874,Alexandra,Nogueira,92516
92517,737370409,Vilma,Gomez,92517
92518,362480356,Jaime,Ugarte,92518
92519,211934258,Victor Manuel,Carreno,92519
92520,810288682,Edu,Pons,92520
92521,443844609,Teofila,Sans,92521
92522,652850041,Ingrid,Revilla,92522
92523,214467063,Alicia,Arnaiz,92523
92524,194418894,Borja,Figuerola,92524
92525,544481992,Jesusa,Caparros,92525
92526,189698489,Porfirio,Tamarit,92526
92527,534312810,Elodia,Ramirez,92527
92528,703079564,Trinidad,Pulido,92528
92529,473122844,Rosalia,Larrea,92529
92530,512912713,Concepcion,Benitez,92530
92531,783642516,Martin,Conesa,92531
92532,903738142,Emilia,Tena,92532
92533,533673191,Vilma,Barrio,92533
92534,524417447,Hector,Codina,92534
92535,685680154,Lola,Bosch,92535
92536,417871217,Florinda,Moliner,92536
92537,813969964,Horacio,Ibarra,92537
92538,220898325,Roberta,Melero,92538
92539,282359898,Adela,Larranaga,92539
92540,622373619,Danilo,Velasco,92540
92541,888401827,Saturnina,Artigas,92541
92542,933166897,Sarita,Benavides,92542
92543,763157510,Maximo,Cantero,92543
92544,750017820,Rosalina,Barba,92544
92545,605791744,Rufino,Sierra,92545
92546,838845396,Eugenia,Grau,92546
92547,517968694,Eugenia,Palomares,92547
92548,858652403,Merche,Carrera,92548
92549,502617581,Maria Angeles,Dalmau,92549
92550,442322500,Leonor,Mugica,92550
92551,400284536,Yaiza,Pomares,92551
92552,710608607,Adrian,Quero,92552
92553,771452687,Juana,Boada,92553
92554,986732152,Macaria,Acedo,92554
92555,637003492,Hilda,Reig,92555
92556,108677060,Azeneth,Guerra,92556
92557,749144209,Tamara,Aguila,92557
92558,901733280,Marcio,Sobrino,92558
92559,899415213,Maria Angeles,Diez,92559
92560,499832022,Iker,Serna,92560
92561,530759500,Olimpia,Cabezas,92561
92562,419633455,Jonatan,Calderon,92562
92563,969073150,Odalys,Ferrandez,92563
92564,627967793,Maricela,Cespedes,92564
92565,563506318,Poncio,Serrano,92565
92566,403003418,Leonardo,Dominguez,92566
92567,327316238,Rufino,Salinas,92567
92568,598056120,Clementina,Iriarte,92568
92569,295632921,Faustino,Benitez,92569
92570,660386643,Geronimo,Camara,92570
92571,727896996,Francisco,Almagro,92571
92572,954379166,Ciro,Castilla,92572
92573,120983956,Cebrian,Estevez,92573
92574,369463783,Julie,Pina,92574
92575,558503747,Artemio,Fernandez,92575
92576,942465032,Artemio,Castells,92576
92577,497673828,Amilcar,Beltran,92577
92578,841471146,Bernardo,Adan,92578
92579,187227090,Fanny,Vara,92579
92580,763632932,Elba,Godoy,92580
92581,667522961,Fernando,Cruz,92581
92582,736272622,Lourdes,Feliu,92582
92583,355054450,Olegario,Marino,92583
92584,883328839,Climaco,Ripoll,92584
92585,649426647,Claudia,Carreras,92585
92586,958875716,Gabriel,Suarez,92586
92587,376775196,Zaira,Espejo,92587
92588,710534937,Sabas,Zurita,92588
92589,981485804,Zaira,Murillo,92589
92590,825044652,Trinidad,Gamez,92590
92591,207561911,Salud,Cordoba,92591
92592,162008541,Tania,Villegas,92592
92593,789042842,Ambrosio,Borrego,92593
92594,146685385,Anunciacion,Saenz,92594
92595,537081941,Pepito,Castro,92595
92596,165295101,Severiano,Torres,92596
92597,184879699,Leonel,Redondo,92597
92598,203546414,Carmina,Zabaleta,92598
92599,730643130,Reinaldo,Ballester,92599
92600,715600800,Victor,Ripoll,92600
92601,720410568,Teresa,Herrero,92601
92602,199241967,Eli,Portillo,92602
92603,283018066,Tania,Mercader,92603
92604,479209654,Noe,Sevilla,92604
92605,666143931,Angelica,Ribera,92605
92606,626953247,Victor,Amat,92606
92607,633043704,Edgardo,Pacheco,92607
92608,186276203,Bibiana,Sandoval,92608
92609,926213022,Silvia,Torrent,92609
92610,377963391,Caridad,Acevedo,92610
92611,902859903,Consuelo,Ibanez,92611
92612,637450479,Amalia,Campos,92612
92613,787290811,Cruz,Vigil,92613
92614,615571933,Luz,Reig,92614
92615,192911285,Ambrosio,Soler,92615
92616,766626734,Delfina,Colom,92616
92617,437790614,Marisol,Uria,92617
92618,647704294,Rufina,Almansa,92618
92619,468265897,Emiliana,Pedrosa,92619
92620,857567040,Hector,Rossello,92620
92621,100468281,Ema,Delgado,92621
92622,634561682,Emilio,Sotelo,92622
92623,628227183,Ale,Chaves,92623
92624,929863719,Olga,Jauregui,92624
92625,903469044,Adan,Valverde,92625
92626,934647336,Urbano,Guillen,92626
92627,795675479,Lina,Antunez,92627
92628,719709255,Antonio,Torralba,92628
92629,257706007,Moises,Mancebo,92629
92630,629496329,Nestor,Zorrilla,92630
92631,346362580,Rosalva,Iborra,92631
92632,653935924,Maxi,Alegre,92632
92633,102702542,Ainara,Elias,92633
92634,669477943,Rebeca,Cuesta,92634
92635,535606007,Judith,Lucas,92635
92636,969049392,Maria Manuela,Conesa,92636
92637,919163347,Andrea,Acosta,92637
92638,321007476,Roxana,Blazquez,92638
92639,887882529,Cristian,Castilla,92639
92640,367349146,Trinidad,Ruano,92640
92641,916200505,Rebeca,Puerta,92641
92642,168864584,Ariadna,Aparicio,92642
92643,282248395,Ricardo,Benitez,92643
92644,206324336,Esmeralda,Palomares,92644
92645,321496447,Tamara,Carbo,92645
92646,588296545,Amilcar,Rocamora,92646
92647,697912947,Ariel,Vera,92647
92648,597367080,Concepcion,Guijarro,92648
92649,563302953,Bartolome,Higueras,92649
92650,447290356,Iker,Ribes,92650
92651,899061522,Olga,Dieguez,92651
92652,324332111,Paulino,Mendez,92652
92653,530352462,Sabina,Llorente,92653
92654,352775813,Genoveva,Caballero,92654
92655,944056798,Javiera,Ponce,92655
92656,267636340,Azucena,Lluch,92656
92657,845134345,Reinaldo,Alcala,92657
92658,592432043,Ariel,Marti,92658
92659,799561863,Tadeo,Llorens,92659
92660,622353191,Olegario,Alberola,92660
92661,375219880,Graciano,Acero,92661
92662,563045990,Consuelo,Manjon,92662
92663,999465157,Jorge,Salamanca,92663
92664,740003803,Rufina,Murcia,92664
92665,282470719,Etelvina,Somoza,92665
92666,620101177,Mateo,Herrera,92666
92667,203593800,Vinicio,Quiros,92667
92668,182733850,Cruz,Rebollo,92668
92669,212803976,Macarena,Mur,92669
92670,842663237,Jose,Amaya,92670
92671,402798738,Borja,Sacristan,92671
92672,687815171,Panfilo,Rivas,92672
92673,600054969,Soraya,Torrent,92673
92674,994207645,Amelia,Gonzalez,92674
92675,737243660,Victorino,Agustin,92675
92676,926202875,Lazaro,Cerda,92676
92677,375104292,Laura,Tejero,92677
92678,198181559,Francisco,Aguirre,92678
92679,682580035,Jose,Luis,92679
92680,214829211,Javiera,Marino,92680
92681,253280798,Maite,Jimenez,92681
92682,483354372,Yaiza,Hervia,92682
92683,414797561,Gabriela,Paniagua,92683
92684,224840639,Jose Antonio,Patino,92684
92685,459768158,Miguela,Pineda,92685
92686,380972147,Carla,Comas,92686
92687,267386324,Ileana,Andrade,92687
92688,781797222,Berto,Roma,92688
92689,437608466,Flavio,Roman,92689
92690,650123547,Agustin,Guardiola,92690
92691,770749704,Judith,Egea,92691
92692,726834275,Anita,Diaz,92692
92693,178185095,Elisa,Penas,92693
92694,675553598,Brunilda,Crespo,92694
92695,178681105,Gisela,Sastre,92695
92696,186498883,Carlito,Bolanos,92696
92697,250704238,Guiomar,Francisco,92697
92698,181381492,Carmela,Cabrera,92698
92699,491180976,Pedro,Perez,92699
92700,730409110,Norberto,Enriquez,92700
92701,977542382,Sandra,Montana,92701
92702,870714689,Isabel,Pedro,92702
92703,166307336,Manola,Ferrando,92703
92704,867483013,Moises,Gimenez,92704
92705,176435893,Rosa,Gallego,92705
92706,707678444,Plinio,Vina,92706
92707,302751213,Nacho,Bautista,92707
92708,764376283,Esteban,Cardona,92708
92709,281255443,Macario,Rincon,92709
92710,635086612,Lilia,Prieto,92710
92711,465951440,Adrian,Serra,92711
92712,199844420,Rocio,Sobrino,92712
92713,960971521,Julian,Franch,92713
92714,282100713,Jose,Torre,92714
92715,651289121,Tere,Saez,92715
92716,248122098,Marcia,Gallart,92716
92717,242923205,Pelayo,Bustos,92717
92718,157694970,Salomon,Mesa,92718
92719,816644521,Amaya,Sales,92719
92720,658728416,Alejandro,Canovas,92720
92721,312323752,Aitor,Pol,92721
92722,391755314,Graciela,Gimenez,92722
92723,640614346,Severo,Larranaga,92723
92724,907535535,Alvaro,Luna,92724
92725,336101827,Renata,Grau,92725
92726,518809526,Ambrosio,Morales,92726
92727,479561962,Noemi,Aragones,92727
92728,473013138,Demetrio,Busquets,92728
92729,642098014,Haydee,Casas,92729
92730,443062858,Leandro,Otero,92730
92731,583301932,Nilda,Colom,92731
92732,416347736,Dario,Giner,92732
92733,497613946,Pastor,Cornejo,92733
92734,648397701,Gil,Palacios,92734
92735,327423003,Marcos,Sevilla,92735
92736,708996369,Selena,Pinto,92736
92737,536350040,Isidoro,Verdugo,92737
92738,618621502,Enrique,Larrea,92738
92739,152768229,Cipriano,Valencia,92739
92740,469841577,Teo,Gras,92740
92741,632911941,Petrona,Leiva,92741
92742,382892194,Alejandra,Mateos,92742
92743,150326469,Herminia,Moran,92743
92744,651344295,Bonifacio,Pedrero,92744
92745,263353956,Marta,Busquets,92745
92746,287355210,Nacio,Gutierrez,92746
92747,290381435,Lucho,Lorenzo,92747
92748,531359829,Xavier,Tome,92748
92749,584451696,Salomon,Tormo,92749
92750,754608698,Santos,Riba,92750
92751,803808047,Vicente,Maldonado,92751
92752,456678678,Carlota,Mate,92752
92753,224303996,Samu,Romero,92753
92754,525078967,Omar,Alcala,92754
92755,804020093,Graciana,Mateos,92755
92756,504758609,Amelia,Millan,92756
92757,988694481,Martin,Morell,92757
92758,917523802,Basilio,Garzon,92758
92759,206484321,Amanda,Pazos,92759
92760,476196581,Morena,Perea,92760
92761,517762363,Maria Pilar,Rocamora,92761
92762,805606955,Ruth,Rocamora,92762
92763,361831054,Blanca,Mendoza,92763
92764,452816470,Concepcion,Toledo,92764
92765,699772159,Emilia,Rey,92765
92766,679137501,Buenaventura,Mur,92766
92767,950993641,Francisco,Llopis,92767
92768,362762993,Maria Angeles,Manuel,92768
92769,552975684,Eufemia,Tamayo,92769
92770,321562668,Sara,Rius,92770
92771,187569912,Mireia,Ferrandiz,92771
92772,846988667,Anabel,Roldan,92772
92773,973902631,Cesar,Araujo,92773
92774,215179914,Piedad,Duque,92774
92775,531868708,Bernardo,Mateu,92775
92776,573200279,Almudena,Alegre,92776
92777,617720988,Ainoa,Pina,92777
92778,504970940,Teodora,Pina,92778
92779,736486415,Eva,Rios,92779
92780,762081645,Ascension,Llamas,92780
92781,967999504,Maristela,Anguita,92781
92782,992955953,Dora,Farre,92782
92783,655095516,Teodoro,Feijoo,92783
92784,459839111,Olalla,Yuste,92784
92785,367721047,Ruben,Arnal,92785
92786,978200163,Javiera,Guardia,92786
92787,860644379,Salome,Cerro,92787
92788,616748207,Rodolfo,Ortega,92788
92789,153684827,Luis Miguel,Garmendia,92789
92790,525267269,Adoracion,Cuenca,92790
92791,997401789,Macaria,Marques,92791
92792,658044104,Filomena,Ballester,92792
92793,238339477,Ovidio,Garces,92793
92794,886058902,Mateo,Busquets,92794
92795,323305963,Omar,Figueroa,92795
92796,683860950,Jose Manuel,Galvez,92796
92797,335184090,Adalberto,Barral,92797
92798,257576590,Moreno,Navarro,92798
92799,938622784,Lucila,Guillen,92799
92800,146040496,Noemi,Aguilo,92800
92801,319755698,Florentino,Plaza,92801
92802,593553423,Leonardo,Riquelme,92802
92803,983326546,Susanita,Bellido,92803
92804,221297124,Maxi,Ribera,92804
92805,468598670,Roberta,Gargallo,92805
92806,789096504,Violeta,Canet,92806
92807,862014994,Samu,Losa,92807
92808,414352897,Rogelio,Figueras,92808
92809,629188961,Anabel,Pavon,92809
92810,825984467,Gilberto,Tomas,92810
92811,813048174,Natanael,Giralt,92811
92812,694005447,Cristobal,Oliveras,92812
92813,420796770,Evelia,Rosello,92813
92814,679930694,Ovidio,Gamez,92814
92815,463999996,Roberto,Ferreras,92815
92816,588271494,Coral,Quevedo,92816
92817,120696575,Sofia,Echeverria,92817
92818,306065321,Eligia,Fortuny,92818
92819,510710216,Juan Jose,Pablo,92819
92820,616724164,Ovidio,Fabregas,92820
92821,372349664,Nilo,Agusti,92821
92822,333038910,Elodia,Diaz,92822
92823,161898401,Borja,Roman,92823
92824,276883709,Marisela,Contreras,92824
92825,479971322,Daniela,Aranda,92825
92826,814808434,Marcial,Bautista,92826
92827,633069637,Marisela,Company,92827
92828,169568092,Ivan,Casals,92828
92829,284506464,Fabricio,Robledo,92829
92830,384221885,Eric,Escalona,92830
92831,665035233,Ignacio,Blanch,92831
92832,679148586,Heriberto,Company,92832
92833,313367843,Salvador,Esparza,92833
92834,338990518,Emelina,Angulo,92834
92835,332334963,Adora,Moran,92835
92836,932331927,Rosalia,Sevillano,92836
92837,923637204,Rolando,Marquez,92837
92838,750204569,Marcela,Perello,92838
92839,496166185,Angelina,Anguita,92839
92840,572485778,Ursula,Pereira,92840
92841,913929430,Hector,Pozuelo,92841
92842,780487376,Rodrigo,Jover,92842
92843,291486358,Vilma,Banos,92843
92844,649154272,Jose Carlos,Paez,92844
92845,694069410,Poncio,Plana,92845
92846,158123384,Calisto,Berenguer,92846
92847,988389456,Aurea,Pellicer,92847
92848,716808259,Claudio,Conde,92848
92849,690614249,Ernesto,Moya,92849
92850,217104644,Lisandro,Cuervo,92850
92851,817710388,Guadalupe,Ripoll,92851
92852,513421553,Edelmiro,Arcos,92852
92853,576183384,Emma,Chamorro,92853
92854,533271369,Daniela,Zamorano,92854
92855,819147661,Jose Antonio,Cepeda,92855
92856,612848025,Ileana,Llopis,92856
92857,726411274,Cirino,Balaguer,92857
92858,860943583,Inmaculada,Morales,92858
92859,662028809,Eligia,Giner,92859
92860,560171329,Eulalia,Redondo,92860
92861,342002902,Micaela,Bosch,92861
92862,593941020,Cloe,Salmeron,92862
92863,616180779,Maximiano,Cespedes,92863
92864,930692383,Vinicio,Lorenzo,92864
92865,593914273,Julia,Cuevas,92865
92866,795433041,Tono,Agullo,92866
92867,607609212,Leon,Fiol,92867
92868,242224454,Anastasio,Bautista,92868
92869,197304239,Emilia,Plaza,92869
92870,497253582,Jose Ignacio,Tejedor,92870
92871,285223936,Angeles,Oller,92871
92872,775758956,Juanito,Zamorano,92872
92873,875974760,Ruben,Sola,92873
92874,725188171,Sigfrido,Pineiro,92874
92875,803848691,Candelaria,Ibanez,92875
92876,399321042,Jose Antonio,Simo,92876
92877,925805595,Araceli,Pareja,92877
92878,839740837,Bartolome,Boada,92878
92879,806229353,Saturnino,Arroyo,92879
92880,288969640,Fabiola,Alamo,92880
92881,669074780,Jordan,Segura,92881
92882,176195821,Nacio,Bello,92882
92883,273587405,Valentina,Company,92883
92884,377023585,Esperanza,Gallart,92884
92885,171534448,Evaristo,Solera,92885
92886,294892878,Claudio,Vara,92886
92887,379090287,Eutimio,Rebollo,92887
92888,677722949,Dionisio,Costa,92888
92889,957354597,Ramona,Sosa,92889
92890,221493963,Cecilio,Ballester,92890
92891,772946733,Susana,Llopis,92891
92892,105767641,Fortunato,Arana,92892
92893,465103142,Gisela,Ribes,92893
92894,804109280,Manola,Carbajo,92894
92895,961293531,Fidel,Escolano,92895
92896,410317349,Rosaura,Vilanova,92896
92897,717244848,Maria Jose,Bellido,92897
92898,341228663,Maria Cristina,Llanos,92898
92899,746661580,Martina,Montalban,92899
92900,851142617,Baudelio,Pardo,92900
92901,848939388,Liliana,Bernad,92901
92902,653569780,Valero,Lorenzo,92902
92903,190966997,Saturnina,Rebollo,92903
92904,722159129,Bonifacio,Alvaro,92904
92905,850500344,Ruy,Bernad,92905
92906,851070287,Aitana,Figueras,92906
92907,969858730,Augusto,Vazquez,92907
92908,458019192,Hilda,Tolosa,92908
92909,617955616,Edelmira,Cabezas,92909
92910,634528983,Carmelo,Ortega,92910
92911,325466012,Eutimio,Pareja,92911
92912,285700012,Maria Belen,Patino,92912
92913,748095903,Julio,Cueto,92913
92914,731266874,Micaela,Boada,92914
92915,367386363,Juan,Rodrigo,92915
92916,666844508,Griselda,Romeu,92916
92917,794532562,Jose Mari,Noriega,92917
92918,925799754,Candelaria,Arenas,92918
92919,825269381,Jeremias,Martinez,92919
92920,276168689,Berto,Alberola,92920
92921,484198458,Teodora,Arribas,92921
92922,162715211,Brunilda,Marco,92922
92923,491884762,Crescencia,Barriga,92923
92924,153889516,Trini,Alba,92924
92925,466548476,Victorino,Pazos,92925
92926,620112172,Virginia,Arnaiz,92926
92927,812814652,Itziar,Sanabria,92927
92928,332306858,Azahar,Prado,92928
92929,149912507,Sebastian,Moles,92929
92930,206596056,Goyo,Planas,92930
92931,902480913,Florentino,Alvarez,92931
92932,343054593,Eugenio,Lloret,92932
92933,445176641,Calixta,Espinosa,92933
92934,220810158,Aranzazu,Arce,92934
92935,749011748,Nazario,Ibarra,92935
92936,457008000,Juan,Vicens,92936
92937,886613975,Dolores,Bustamante,92937
92938,870946113,Ileana,Montesinos,92938
92939,258851842,Nieves,Romeu,92939
92940,152610936,Domitila,Benitez,92940
92941,600294845,Reinaldo,Ferrando,92941
92942,793266447,Nilo,Andrade,92942
92943,290729122,Candela,Sureda,92943
92944,914690520,Noelia,Belda,92944
92945,661176125,Cleto,Iglesia,92945
92946,312586896,Nazaret,Valero,92946
92947,764890090,Mirta,Ramon,92947
92948,680369147,Juan Pablo,Rozas,92948
92949,189831995,Flora,Jimenez,92949
92950,282274197,Amor,Laguna,92950
92951,727280659,Ricarda,Esteve,92951
92952,147585310,Bonifacio,Antunez,92952
92953,104630228,Bernabe,Villena,92953
92954,457290922,Cruz,Berenguer,92954
92955,758628188,Jose Ramon,Gelabert,92955
92956,966441057,Palmira,Somoza,92956
92957,471696168,Renato,Sevilla,92957
92958,708197133,Victor,Peral,92958
92959,249850657,Mario,Galvez,92959
92960,751715011,Gabriela,Mateos,92960
92961,147235487,Arsenio,Gallo,92961
92962,167364047,Eva,Cuesta,92962
92963,326034248,Veronica,Lloret,92963
92964,168896333,Melania,Sanchez,92964
92965,665721609,Buenaventura,Lobato,92965
92966,415984476,Maria Jesus,Gibert,92966
92967,434852680,Ainoa,Miro,92967
92968,786685147,Roberto,Bru,92968
92969,389119449,Clarisa,Villegas,92969
92970,631534527,Moreno,Pereira,92970
92971,272925579,Teo,Arribas,92971
92972,149428355,Cebrian,Echeverria,92972
92973,956880814,Amador,Cortina,92973
92974,841555228,Nuria,Pizarro,92974
92975,773359828,Cecilia,Torrens,92975
92976,319615368,Ciriaco,Garces,92976
92977,968287835,Cosme,Perea,92977
92978,447989100,Aitor,Narvaez,92978
92979,268784218,Octavio,Escudero,92979
92980,650267038,Nestor,Mulet,92980
92981,181512166,Eli,Noguera,92981
92982,941391902,Iris,Lluch,92982
92983,938398649,Federico,Lujan,92983
92984,381332193,Jose Ignacio,Ayala,92984
92985,441578089,Jose Francisco,Chaves,92985
92986,153040586,Ale,Arrieta,92986
92987,625616211,Magdalena,Armas,92987
92988,938627205,Maxi,Llano,92988
92989,598539466,Leoncio,Benet,92989
92990,700903210,Monica,Lucas,92990
92991,475475549,Graciano,Borja,92991
92992,589842627,Camila,Blazquez,92992
92993,492420156,Leandro,Olmedo,92993
92994,582911249,Cruz,Aguilar,92994
92995,858468794,Luisa,Ripoll,92995
92996,227863044,Dan,Canete,92996
92997,962614701,Andres,Roma,92997
92998,201626602,Fabiana,Rosado,92998
92999,923624083,Amando,Aranda,92999
93000,758026671,Maria Fernanda,Portero,93000
93001,425146872,Panfilo,Estevez,93001
93002,937477094,Agueda,Abascal,93002
93003,362589652,Roberto,Bautista,93003
93004,100171002,Rene,Benavides,93004
93005,734734543,Emperatriz,Blanco,93005
93006,920161567,Fortunato,Gual,93006
93007,724372141,Angelina,Botella,93007
93008,284265058,Fanny,Benavente,93008
93009,634153155,Marina,Ibanez,93009
93010,670239420,Alba,Almeida,93010
93011,486511236,Carla,Barba,93011
93012,629058438,Esmeralda,Alonso,93012
93013,709664295,Jacinta,Falcon,93013
93014,627302472,Moreno,Zapata,93014
93015,457421750,Anibal,Julian,93015
93016,460292670,Chuy,Uribe,93016
93017,876310645,Celso,Villaverde,93017
93018,701058627,Consuelo,Gallego,93018
93019,856560285,Chus,Morell,93019
93020,893897601,Moreno,Sevillano,93020
93021,814467940,Omar,Ferrandez,93021
93022,434085869,Dani,Sandoval,93022
93023,148996911,Jose Luis,Sainz,93023
93024,589883280,Espiridion,Roura,93024
93025,806047479,Amanda,Madrid,93025
93026,483953429,Benigno,Feliu,93026
93027,258014943,Mohamed,Sanmiguel,93027
93028,648284286,Violeta,Alberola,93028
93029,934622200,Trini,Arribas,93029
93030,204161831,Aurelio,Cuevas,93030
93031,599427271,Sergio,Barreda,93031
93032,363627917,Nydia,Landa,93032
93033,568148053,Ascension,Varela,93033
93034,155327256,Albert,Arino,93034
93035,378213363,Cayetana,Llobet,93035
93036,775823239,Salomon,Lopez,93036
93037,220000539,Abel,Haro,93037
93038,629807776,Julieta,Cuesta,93038
93039,406314793,Yessica,Aguila,93039
93040,447242961,Abraham,Pardo,93040
93041,184895922,Fabiola,Jerez,93041
93042,478377356,Ernesto,Carreras,93042
93043,573359765,Lucho,Naranjo,93043
93044,448999977,Emiliana,Amador,93044
93045,681646401,Tere,Carmona,93045
93046,393679938,Fermin,Andrade,93046
93047,502450784,Merche,Cabanas,93047
93048,554936268,Ramiro,Cuervo,93048
93049,640937043,Dimas,Tenorio,93049
93050,698141841,Tatiana,Saldana,93050
93051,137339010,Reinaldo,Pellicer,93051
93052,457631044,Delfina,Zapata,93052
93053,301914588,Santiago,Miro,93053
93054,745001017,Maximiliano,Larrea,93054
93055,291099540,Casandra,Valero,93055
93056,214034069,Ulises,Echeverria,93056
93057,132765698,Tomas,Herrero,93057
93058,840687008,Jimena,Lopez,93058
93059,754072724,Geronimo,Pujol,93059
93060,721567538,Teofilo,Lobo,93060
93061,913989575,Adelaida,Oliveras,93061
93062,819802841,Vicenta,Olive,93062
93063,497137973,Espiridion,Reina,93063
93064,760418929,Cesar,Angel,93064
93065,761419171,Juanito,Castrillo,93065
93066,688403985,Miriam,Esteban,93066
93067,154483412,Dionisio,Cabanas,93067
93068,835411816,Luis Angel,Maza,93068
93069,839781301,Jose Antonio,Alemany,93069
93070,860321744,Martirio,Urena,93070
93071,876909918,Encarnacion,Luna,93071
93072,808795889,Guillermo,Alcazar,93072
93073,811587590,Lorena,Pol,93073
93074,730627923,Lucia,Escamilla,93074
93075,119546156,Florentino,Soriano,93075
93076,909423767,Leire,Acevedo,93076
93077,791008142,Camilo,Baquero,93077
93078,878397032,Graciela,Urrutia,93078
93079,530103740,Emelina,Bustos,93079
93080,673563025,Zaida,Rocha,93080
93081,698967082,Ale,Carreras,93081
93082,798080665,Samuel,Casanova,93082
93083,993836028,Feliciana,Palmer,93083
93084,868836660,Juan Manuel,Anaya,93084
93085,556015462,Pancho,Maldonado,93085
93086,277542366,Guiomar,Abella,93086
93087,491549015,Jose Mari,Cervera,93087
93088,777365566,Francisco,Sanjuan,93088
93089,117026548,Coral,Arnau,93089
93090,619041911,Olalla,Vara,93090
93091,971343515,Feliciano,Barco,93091
93092,307343281,Jose Ramon,Mayo,93092
93093,325165596,Visitacion,Ribes,93093
93094,196976158,Vilma,Castejon,93094
93095,719353638,Jose Ignacio,Duran,93095
93096,676537099,Raimundo,Arrieta,93096
93097,770696920,Maria Manuela,Nebot,93097
93098,971897693,Eutimio,Correa,93098
93099,557792016,Julio,Parejo,93099
93100,650271959,Octavia,Lumbreras,93100
93101,951670633,Beatriz,Arteaga,93101
93102,103005860,Marco,Manjon,93102
93103,954298876,Edmundo,Iniguez,93103
93104,823671103,Victor,Guerrero,93104
93105,160374498,Oscar,Campo,93105
93106,605455600,Venceslas,Bejarano,93106
93107,867309710,Natividad,Vega,93107
93108,368187003,Osvaldo,Perera,93108
93109,838784143,Aurora,Becerra,93109
93110,665765205,Noe,Anglada,93110
93111,140307933,Chus,Guardiola,93111
93112,539643150,Encarnita,Mena,93112
93113,107186661,Etelvina,Pombo,93113
93114,148487386,Severiano,Fortuny,93114
93115,489191753,Anabel,Pelaez,93115
93116,385517690,Emperatriz,Casas,93116
93117,570767085,Rosendo,Soto,93117
93118,322041289,Flora,Prada,93118
93119,449862751,Marino,Exposito,93119
93120,753543457,Nelida,Vera,93120
93121,444614673,Ana Sofia,Duarte,93121
93122,746885996,Climaco,Galindo,93122
93123,558865978,Julieta,Rodenas,93123
93124,509478217,Adrian,Huerta,93124
93125,526563720,Elisa,Mascaro,93125
93126,488323097,Maura,Grande,93126
93127,985333750,Paca,Morcillo,93127
93128,273362119,Dionisio,Bosch,93128
93129,425920365,Vicenta,Valls,93129
93130,948904170,Rogelio,Martin,93130
93131,636029830,Roxana,Guardiola,93131
93132,945137763,Luisina,Hernandez,93132
93133,574904659,Virginia,Llanos,93133
93134,229665139,Calixto,Cabrera,93134
93135,833242242,Rocio,Valera,93135
93136,704117870,Benita,Vinas,93136
93137,269013704,Luna,Cerdan,93137
93138,572751615,Malena,Domenech,93138
93139,628740631,Cristian,Pina,93139
93140,168862695,Corona,Feijoo,93140
93141,501143350,Nadia,Pereira,93141
93142,521928830,Maria Jesus,Cadenas,93142
93143,661070033,Roldan,Cabrera,93143
93144,467993859,Clarisa,Valentin,93144
93145,712651675,Damian,Barragan,93145
93146,651867414,Laura,Carrera,93146
93147,510044032,Eligia,Arce,93147
93148,331924686,Tadeo,Santos,93148
93149,207694410,Angel,Malo,93149
93150,270880949,Ligia,Aleman,93150
93151,408194623,Amaya,Aroca,93151
93152,999433569,Irene,Perea,93152
93153,750006069,Esteban,Garmendia,93153
93154,464999689,Marc,Cortes,93154
93155,628709060,Nadia,Rozas,93155
93156,109412807,Vinicio,Olivera,93156
93157,233562348,Albano,Arrieta,93157
93158,713967840,Carina,Gaya,93158
93159,945997680,Benigna,Sainz,93159
93160,399235148,Fito,Herrero,93160
93161,314833730,Etelvina,Gimenez,93161
93162,652105290,Marcia,Bustos,93162
93163,772491833,Walter,Berrocal,93163
93164,468855712,Noemi,Escobar,93164
93165,877647028,Pilar,Coca,93165
93166,789266384,Ruth,Isern,93166
93167,698243365,Vicenta,Plaza,93167
93168,262672035,Albina,Aragones,93168
93169,982643269,Amaya,Capdevila,93169
93170,954809512,Jacinto,Tudela,93170
93171,615906961,Toribio,Cabezas,93171
93172,785524184,Violeta,Polo,93172
93173,464532130,Julieta,Martorell,93173
93174,738813235,Juan Bautista,Pena,93174
93175,564189492,Concepcion,Godoy,93175
93176,497103630,Dionisio,Sanjuan,93176
93177,486361603,Feliciana,Caballero,93177
93178,471750049,Nereida,Aguilo,93178
93179,808580708,Jaime,Galan,93179
93180,819113724,Jorge,Andres,93180
93181,736678552,Nelida,Fonseca,93181
93182,443822648,Natalia,Santiago,93182
93183,291745544,Angelita,Cabanas,93183
93184,125721275,Eligio,Verdu,93184
93185,208680472,Andres Felipe,Casado,93185
93186,817561457,Nestor,Alamo,93186
93187,890016382,Baudelio,Requena,93187
93188,976013536,Reyes,Cuenca,93188
93189,909211863,Judith,Guardiola,93189
93190,429181049,Berta,Marmol,93190
93191,845788906,Fidela,Antunez,93191
93192,648995036,Edelmiro,Gil,93192
93193,407942875,Ezequiel,Cuenca,93193
93194,761133699,Alex,Lopez,93194
93195,883977305,Soraya,Estevez,93195
93196,512501067,Graciano,Tello,93196
93197,914112544,Lucas,Jaen,93197
93198,778257475,Eleuterio,Acosta,93198
93199,160837856,Eloisa,Gonzalez,93199
93200,398073041,Macaria,Palma,93200
93201,112945212,Nuria,Merino,93201
93202,901897614,Baltasar,Correa,93202
93203,537084599,Ascension,Collado,93203
93204,945347465,Pili,Lluch,93204
93205,725803140,Maria Angeles,Puente,93205
93206,219326659,Rolando,Torrents,93206
93207,676915109,Cleto,Varela,93207
93208,397950935,Juan Manuel,Sanchez,93208
93209,269012875,Nuria,Vendrell,93209
93210,949233721,Fernando,Martinez,93210
93211,490266128,Maria Dolores,Gonzalez,93211
93212,954841076,Veronica,Palmer,93212
93213,500253268,Dorita,Viana,93213
93214,464284653,David,Amat,93214
93215,895465680,Manuel,Baena,93215
93216,394070147,Borja,Nicolau,93216
93217,351849007,Paola,Ferrero,93217
93218,773795797,Ariel,Borja,93218
93219,719873299,Juan Carlos,Canas,93219
93220,760501190,Albina,Medina,93220
93221,644838898,Jacinta,Morales,93221
93222,904683304,Africa,Cespedes,93222
93223,496018406,Pedro,Arana,93223
93224,844204928,Pepito,Uria,93224
93225,786582938,Merche,Paz,93225
93226,660754410,Jordan,Clemente,93226
93227,638247232,Maximiliano,Ferrando,93227
93228,998427933,Eugenia,Aguilo,93228
93229,325635169,Urbano,Esteve,93229
93230,462057500,Emiliano,Mayoral,93230
93231,841578620,Tomasa,Mate,93231
93232,520913748,Paula,Tenorio,93232
93233,646652013,Vinicio,Lozano,93233
93234,760827408,Asuncion,Moliner,93234
93235,913069644,Charo,Marin,93235
93236,649852077,Nereida,Cuenca,93236
93237,500658703,Virgilio,Cuadrado,93237
93238,377531933,Catalina,Barrios,93238
93239,164145226,Mar,Bermudez,93239
93240,807350533,Angelina,Galiano,93240
93241,674421930,Martin,Nebot,93241
93242,520943584,Sebastian,Marti,93242
93243,256825150,Paco,Balaguer,93243
93244,549193670,Ainoa,Jaume,93244
93245,496664552,Panfilo,Diaz,93245
93246,352789190,Alfredo,Mayo,93246
93247,891091053,Haydee,Ferreras,93247
93248,917000066,Juliana,Ruiz,93248
93249,674296403,Eliana,Gimeno,93249
93250,555254950,Angelina,Vilalta,93250
93251,550742548,Raquel,Diaz,93251
93252,260138269,Fabricio,Iriarte,93252
93253,359977039,Visitacion,Aguilera,93253
93254,863754827,Trini,Andreu,93254
93255,817084430,Nereida,Caballero,93255
93256,291781546,Luciana,Alvarez,93256
93257,942250473,Paula,Torrent,93257
93258,433077881,Asdrubal,Naranjo,93258
93259,425034609,Nazaret,Abascal,93259
93260,479153162,Hugo,Colomer,93260
93261,351682522,Virginia,Barrios,93261
93262,260953238,Buenaventura,Pineiro,93262
93263,220870049,Ruperto,Rosa,93263
93264,443906913,Adelia,Coll,93264
93265,631593729,Ana,Valles,93265
93266,112881215,Ernesto,Avila,93266
93267,194293775,Joaquin,Roman,93267
93268,440905319,Gabriel,Cordero,93268
93269,209531037,Brigida,Montesinos,93269
93270,722898685,Cleto,Ribas,93270
93271,601534399,Gilberto,Corominas,93271
93272,988108729,Celestino,Llopis,93272
93273,490191504,Quirino,Caro,93273
93274,777460254,Efrain,Aparicio,93274
93275,118909555,Tere,Armengol,93275
93276,292601775,Nicolas,Rios,93276
93277,231934791,Guillermo,Arco,93277
93278,642030731,Begona,Galvez,93278
93279,478556712,Calisto,Escobar,93279
93280,977126649,Hernan,Jaume,93280
93281,485289382,German,Domenech,93281
93282,697353972,David,Arenas,93282
93283,794170275,Teo,Baena,93283
93284,698104060,Jenny,Iborra,93284
93285,226328861,Nayara,Saura,93285
93286,111003316,Petrona,Carlos,93286
93287,723818293,Rosalva,Martinez,93287
93288,742614324,Mamen,Rozas,93288
93289,230410756,Tiburcio,Bautista,93289
93290,261961435,Vidal,Alvarez,93290
93291,897462541,Maite,Teruel,93291
93292,746580634,Moreno,Quintero,93292
93293,876085375,Camilo,Ordonez,93293
93294,234882074,Maria,Pena,93294
93295,279461130,Ramona,Corral,93295
93296,998061927,Lalo,Ariza,93296
93297,178076805,Cintia,Arnau,93297
93298,827734793,Sofia,Mugica,93298
93299,414266689,Azahar,Vendrell,93299
93300,332834043,Berta,Tomas,93300
93301,484381617,Sergio,Herrera,93301
93302,360327512,Yesica,Garmendia,93302
93303,529741929,Loreto,Munoz,93303
93304,699343858,Cirino,Gonzalez,93304
93305,130276809,Fabian,Sola,93305
93306,665360938,Edmundo,Toledo,93306
93307,675521899,Alex,Miranda,93307
93308,687795210,Eli,Pelaez,93308
93309,334841170,Bernabe,Alamo,93309
93310,253070156,Raul,Melendez,93310
93311,690537340,Oriana,Mur,93311
93312,915898799,Ascension,Lozano,93312
93313,240165147,Federico,Marcos,93313
93314,129142700,Asdrubal,Gelabert,93314
93315,684572050,Demetrio,Donoso,93315
93316,505151627,Maite,Mesa,93316
93317,950777804,Jesusa,Vall,93317
93318,872062173,Andrea,Estrada,93318
93319,727196361,Juana,Murcia,93319
93320,569828679,Octavia,Cardenas,93320
93321,367122622,Benito,Canas,93321
93322,927866734,Carmina,Cardenas,93322
93323,508279214,Jimena,Poza,93323
93324,825140817,Olalla,Milla,93324
93325,965361353,Nico,Cruz,93325
93326,316456315,Leonel,Goicoechea,93326
93327,803772227,Primitiva,Sanmiguel,93327
93328,676649877,Gabriela,Lucas,93328
93329,719319494,Charo,Galvez,93329
93330,132632728,Florencio,Carbonell,93330
93331,525082158,Julieta,Huguet,93331
93332,583170019,Ale,Velazquez,93332
93333,367845151,Manu,Carmona,93333
93334,531651032,Jorge,Palau,93334
93335,183041311,Agustina,Arellano,93335
93336,536703626,Geronimo,Jara,93336
93337,300989568,Emigdio,Bustamante,93337
93338,403927774,Mamen,Arco,93338
93339,344753274,Begona,Ferrera,93339
93340,976222326,Cecilia,Pou,93340
93341,876475947,Crescencia,Diez,93341
93342,425550868,Irma,Cerro,93342
93343,678798371,Fulgencio,Sacristan,93343
93344,346637012,Luna,Espada,93344
93345,708293185,Maite,Garriga,93345
93346,417641523,Veronica,Costa,93346
93347,896611151,Yesica,Batlle,93347
93348,161403708,Anselma,Gallego,93348
93349,318004261,Mario,Teruel,93349
93350,192267233,Nidia,Andres,93350
93351,692549830,Abilio,Morante,93351
93352,183827202,Eloy,Falco,93352
93353,856533180,Rafaela,Guillen,93353
93354,398401684,Bautista,Peralta,93354
93355,561767316,Leonardo,Mendizabal,93355
93356,982083499,Luz,Roman,93356
93357,679586788,Alejandro,Pages,93357
93358,383892474,Lucio,Comas,93358
93359,717756290,Bernarda,Giron,93359
93360,913798008,Sancho,Bernal,93360
93361,141594073,Soledad,Riquelme,93361
93362,954691473,Quirino,Verdugo,93362
93363,986268689,Silvia,Suarez,93363
93364,667189209,Dario,Valentin,93364
93365,428439292,Miguela,Osorio,93365
93366,184521877,Gabriela,Murillo,93366
93367,147803984,Sandalio,Corominas,93367
93368,227253093,Toni,Blazquez,93368
93369,383046690,Nacho,Belda,93369
93370,785554000,Vito,Gallart,93370
93371,294269173,Ana Belen,Hervia,93371
93372,121867137,Heriberto,Molina,93372
93373,523558079,Ariel,Escamilla,93373
93374,212538818,Fernanda,Barcena,93374
93375,393881482,Sandalio,Campillo,93375
93376,905226333,Carlos,Canet,93376
93377,815522134,Carlito,Llabres,93377
93378,798632905,Tomas,Tello,93378
93379,814892277,Venceslas,Tormo,93379
93380,876086030,Ani,Montalban,93380
93381,835275578,Aitana,Atienza,93381
93382,485881240,Julia,Canizares,93382
93383,884723745,Ivan,Robledo,93383
93384,792012393,Roque,Belda,93384
93385,225173220,Susana,Fuster,93385
93386,513092196,Martina,Valbuena,93386
93387,347247668,Jonatan,Jimenez,93387
93388,578193772,Edgar,Laguna,93388
93389,622232155,Domitila,Barbero,93389
93390,161840244,Maite,Llamas,93390
93391,582903929,Manola,Frutos,93391
93392,408187296,Melisa,Fiol,93392
93393,523730699,Ricardo,Urena,93393
93394,170477747,Selena,Carvajal,93394
93395,319151648,Palmira,Sevillano,93395
93396,176783574,Reyes,Tejera,93396
93397,169563258,David,Romero,93397
93398,885355242,Guadalupe,Rodenas,93398
93399,954451942,Rosalina,Abad,93399
93400,946761635,Pascuala,Garay,93400
93401,922868526,Ildefonso,Barbero,93401
93402,817485236,Serafina,Galvez,93402
93403,136746646,Felix,Tamayo,93403
93404,559843901,Visitacion,Baez,93404
93405,318426594,Maria Teresa,Frutos,93405
93406,528108961,Arturo,Garzon,93406
93407,193639072,Aranzazu,Bas,93407
93408,745946829,Ursula,Guillen,93408
93409,190574806,Che,Rosado,93409
93410,405711000,Inmaculada,Roura,93410
93411,487460537,Gracia,Valera,93411
93412,486739756,Gaspar,Font,93412
93413,445962693,Sancho,Segovia,93413
93414,174269005,Sandra,Valle,93414
93415,543310857,Samu,Abad,93415
93416,424337267,Alba,Galvan,93416
93417,766876712,Melisa,Sosa,93417
93418,189685636,Reynaldo,Rivero,93418
93419,182856881,Eugenio,Arteaga,93419
93420,855828332,Luna,Zurita,93420
93421,139076786,Itziar,Terron,93421
93422,404329493,Vera,Alegria,93422
93423,752073003,Corona,Vilar,93423
93424,954042746,Reynaldo,Guitart,93424
93425,628740007,Rodrigo,Villanueva,93425
93426,369777689,Abel,Goicoechea,93426
93427,947194123,Poncio,Luque,93427
93428,269276004,Isidro,Prado,93428
93429,215862769,Lorenzo,Franch,93429
93430,167603465,Marita,Adadia,93430
93431,247167995,Bruno,Diego,93431
93432,359016158,Noa,Mas,93432
93433,364125164,Belen,Salom,93433
93434,475332181,Galo,Melendez,93434
93435,469430775,Paz,Santamaria,93435
93436,820067353,Adolfo,Porta,93436
93437,136900549,Eleuterio,Pla,93437
93438,525806593,Fabricio,Garmendia,93438
93439,426435277,Ruy,Lopez,93439
93440,887612075,Fabiola,Moreno,93440
93441,553603128,Consuela,Luque,93441
93442,584066140,Cipriano,Salas,93442
93443,255734911,Armida,Peinado,93443
93444,909816689,Ulises,Arana,93444
93445,991007257,Tania,Abellan,93445
93446,884303637,Dafne,Canovas,93446
93447,879290720,Remedios,Ropero,93447
93448,327013026,Elba,Barcena,93448
93449,510158663,Clarisa,Rio,93449
93450,975889925,Ruy,Cortes,93450
93451,710335262,Rodrigo,Madrigal,93451
93452,242535908,Maxima,Rey,93452
93453,688918930,Ezequiel,Sabater,93453
93454,819549217,Angelino,Prado,93454
93455,294511224,Bibiana,Nebot,93455
93456,220284358,Mamen,Guillen,93456
93457,221939314,Amparo,Miralles,93457
93458,406853305,Esperanza,Borrego,93458
93459,818204850,Ana Sofia,Bilbao,93459
93460,643138194,Agustina,Barros,93460
93461,985866781,Victor,Patino,93461
93462,239398900,Bernardino,Alvarez,93462
93463,975451263,Vera,Pino,93463
93464,697261324,Eutimio,Sanabria,93464
93465,594600640,Onofre,Valencia,93465
93466,272221096,Victorino,Mayoral,93466
93467,424657385,Cesar,Solsona,93467
93468,303343950,Fidel,Barros,93468
93469,532975037,Antonio,Vilar,93469
93470,866379171,Espiridion,Hervia,93470
93471,548630840,Jacobo,Carbajo,93471
93472,169065840,Andres Felipe,Arana,93472
93473,754378056,Celestina,Cobo,93473
93474,111844650,Irma,Catala,93474
93475,745829989,Jose Ignacio,Sureda,93475
93476,997765636,Tadeo,Portero,93476
93477,922382846,Eusebia,Blanca,93477
93478,940350842,Isabela,Asenjo,93478
93479,958402527,Barbara,Castrillo,93479
93480,679315470,Rodolfo,Flor,93480
93481,947689606,Paz,Sacristan,93481
93482,237127228,Rufina,Dominguez,93482
93483,108448075,Sofia,Rivera,93483
93484,453516044,Cecilio,Pablo,93484
93485,679958569,Luis Miguel,Andres,93485
93486,896872641,Teo,Cordoba,93486
93487,527707877,Jesus,Pablo,93487
93488,280585510,Bienvenida,Carranza,93488
93489,355180500,Julia,Garcia,93489
93490,315177915,Jenny,Duque,93490
93491,512560746,Americo,Cantero,93491
93492,252979967,Baldomero,Amo,93492
93493,941850949,Pascuala,Bauza,93493
93494,196344875,Remigio,Zabala,93494
93495,228335872,Aurora,Elias,93495
93496,953142203,Ascension,Marcos,93496
93497,763770857,Eva Maria,Olivares,93497
93498,754440054,Tono,Esteban,93498
93499,362508806,Abraham,Higueras,93499
93500,827693304,Octavio,Cabanillas,93500
93501,157436451,Marcela,Garcia,93501
93502,938907269,Eligio,Arranz,93502
93503,558653110,Cecilio,Llanos,93503
93504,209666631,Americo,Cuervo,93504
93505,618403787,Yesica,Berrocal,93505
93506,811685587,Anselmo,Serra,93506
93507,185472258,Candelario,Palau,93507
93508,731266270,Gloria,Arana,93508
93509,233821891,Gracia,Gallo,93509
93510,662117281,Yesica,Benavides,93510
93511,741241959,Maria Carmen,Diez,93511
93512,406888117,Alejo,Duque,93512
93513,876976170,Urbano,Garzon,93513
93514,665813476,Maricruz,Pena,93514
93515,214309424,Silvestre,Cervantes,93515
93516,377698562,Paulina,Borja,93516
93517,830569908,Godofredo,Amoros,93517
93518,497279521,Dorotea,Galan,93518
93519,956743874,Pastor,Gomez,93519
93520,996938042,Berto,Guzman,93520
93521,561153980,Mayte,Vazquez,93521
93522,566018218,Cintia,Benavent,93522
93523,235561950,Oriana,Gomez,93523
93524,442487348,Candido,Arco,93524
93525,306471225,Azeneth,Botella,93525
93526,795458627,Roman,Machado,93526
93527,525388932,Maria,Gargallo,93527
93528,230514239,Inmaculada,Salom,93528
93529,474954368,Faustino,Saez,93529
93530,643177238,Agata,Gamez,93530
93531,245139874,Alicia,Soria,93531
93532,797986338,Saturnino,Duenas,93532
93533,754145840,Maxi,Padilla,93533
93534,996988234,Donato,Tejera,93534
93535,870710177,Glauco,Barrios,93535
93536,753990782,Angelica,Mancebo,93536
93537,482601740,Fabiola,Perello,93537
93538,276545629,Maximino,Peiro,93538
93539,509686044,Chema,Esteve,93539
93540,132834581,Ariel,Romeu,93540
93541,248049811,Abraham,Alemany,93541
93542,512615570,Porfirio,Verdugo,93542
93543,717779903,Lucia,Cozar,93543
93544,205712823,Chus,Arce,93544
93545,574697254,Isaura,Exposito,93545
93546,273654935,Conrado,Gordillo,93546
93547,874671199,Domingo,Borja,93547
93548,979777110,Amancio,Mateos,93548
93549,243341938,Aurora,Alberto,93549
93550,890090054,Martin,Muniz,93550
93551,806936907,Maria Teresa,Aragon,93551
93552,854570167,Rogelio,Cases,93552
93553,129265015,Roxana,Cazorla,93553
93554,229652200,Jose Ignacio,Diaz,93554
93555,918206045,Victoria,Vaquero,93555
93556,239263370,Fidel,Huertas,93556
93557,131214981,Luciano,Rossello,93557
93558,486029558,Sebastian,Vallejo,93558
93559,573085678,Ariel,Somoza,93559
93560,329704621,Flavia,Ricart,93560
93561,613247611,Sofia,Zaragoza,93561
93562,289739955,Roman,Rodriguez,93562
93563,560878438,Emilio,Pallares,93563
93564,277888669,Alexandra,Escalona,93564
93565,430470222,Ester,Gomila,93565
93566,506312442,Luis Miguel,Sureda,93566
93567,528922647,Maximo,Garzon,93567
93568,612665206,Zaida,Quevedo,93568
93569,379306527,Noa,Urena,93569
93570,304196330,Agapito,Rocamora,93570
93571,692326929,Isa,Donaire,93571
93572,930948718,Jose Maria,Egea,93572
93573,884151028,Florinda,Marques,93573
93574,628873072,Angel,Aguado,93574
93575,374047488,Fabricio,Saldana,93575
93576,631532276,Crescencia,Naranjo,93576
93577,312704245,Almudena,Llabres,93577
93578,115438613,Juan Luis,Jodar,93578
93579,722297925,Lalo,Guardia,93579
93580,184599548,Cayetana,Roca,93580
93581,266570390,Julio,Mateo,93581
93582,279109585,Hugo,Casanova,93582
93583,195432783,Micaela,Cal,93583
93584,332358908,Ariel,Mora,93584
93585,689947872,Leonardo,Olivera,93585
93586,826099195,Albino,Pi,93586
93587,377152010,Cecilia,Bou,93587
93588,880676213,Segismundo,Vila,93588
93589,468830764,Pepito,Raya,93589
93590,862889194,Vanesa,Planas,93590
93591,436278314,Sebastian,Pinto,93591
93592,155604274,Manola,Huertas,93592
93593,140993930,Carlito,Mate,93593
93594,891508754,Mayte,Aroca,93594
93595,295403413,Valero,Hervas,93595
93596,318246934,Pilar,Plana,93596
93597,757963614,Luz,Montesinos,93597
93598,620806509,Ursula,Carretero,93598
93599,211765405,Olga,Morante,93599
93600,259059207,Carmelita,Almeida,93600
93601,149722304,Trinidad,Garmendia,93601
93602,940845591,Lorenza,Vila,93602
93603,526214182,Baltasar,Bastida,93603
93604,215762327,Maria Carmen,Valdes,93604
93605,284202765,Lilia,Ballesteros,93605
93606,208844129,Manu,Feijoo,93606
93607,517432815,Cornelio,Haro,93607
93608,705464258,Maite,Machado,93608
93609,334075001,Dolores,Casals,93609
93610,742600958,Filomena,Torrecilla,93610
93611,577617059,Juana,Querol,93611
93612,957639589,Albina,Aranda,93612
93613,309235034,Severino,Font,93613
93614,606431948,Marina,Sainz,93614
93615,538301500,Cristobal,Segarra,93615
93616,555695435,Andres Felipe,Lobato,93616
93617,220495224,Quique,Diaz,93617
93618,374751819,Noemi,Checa,93618
93619,603158338,Faustino,Castillo,93619
93620,219287232,Corona,Amor,93620
93621,664411194,Sol,Giner,93621
93622,428357620,Sandalio,Amat,93622
93623,379203309,Gervasio,Narvaez,93623
93624,876865550,Borja,Amat,93624
93625,536525306,Daniel,Fajardo,93625
93626,632882929,Melchor,Catalan,93626
93627,508115044,Hugo,Cerro,93627
93628,207583125,Begona,Vilar,93628
93629,103504556,Fidel,Rebollo,93629
93630,871006227,Sandalio,Roig,93630
93631,595358128,Santos,Pavon,93631
93632,811607051,Marcela,Gimeno,93632
93633,884535977,Roldan,Ortega,93633
93634,565423523,Gala,Olivera,93634
93635,142760570,Mar,Cornejo,93635
93636,502046731,Guadalupe,Carbo,93636
93637,630746501,Nacio,Arranz,93637
93638,192537405,Asdrubal,Segui,93638
93639,955023165,Severiano,Revilla,93639
93640,736767644,Narcisa,Campos,93640
93641,932597944,Salud,Nevado,93641
93642,532203365,Gisela,Barragan,93642
93643,446275003,Ofelia,Guerrero,93643
93644,308516796,Isaias,Fuster,93644
93645,423045657,Trinidad,Cerda,93645
93646,811284287,Celso,Gimenez,93646
93647,511936331,Arcelia,Coca,93647
93648,174480427,Maria Del Carmen,Ledesma,93648
93649,565166483,Graciana,Coello,93649
93650,549020181,Dulce,Becerra,93650
93651,634314146,Brunilda,Gallego,93651
93652,519625437,Edelmira,Arregui,93652
93653,230402929,Edgar,Ibanez,93653
93654,497003023,Trini,Gutierrez,93654
93655,420777187,Leandra,Correa,93655
93656,688090420,Manuela,Tena,93656
93657,437266783,Buenaventura,Linares,93657
93658,115273908,Cecilia,Morera,93658
93659,379426276,Marcial,Barbero,93659
93660,396205709,Tomas,Valero,93660
93661,426893383,Pablo,Gabaldon,93661
93662,419168096,Ainara,Cervera,93662
93663,651346687,Rosario,Dominguez,93663
93664,722409536,Dalila,Jaen,93664
93665,796721092,Teo,Pena,93665
93666,220743534,Marc,Arteaga,93666
93667,849134631,Cristobal,Bas,93667
93668,109927706,Angelica,Molins,93668
93669,376020149,Alberto,Vicente,93669
93670,521745679,Marc,Carro,93670
93671,461360748,Cintia,Real,93671
93672,374521658,Laura,Mascaro,93672
93673,829125882,Alberto,Sotelo,93673
93674,736857802,Paco,Salazar,93674
93675,419130312,Emilio,Ros,93675
93676,903065061,Edelmiro,Cerezo,93676
93677,659506870,Reinaldo,Calvet,93677
93678,195872170,Seve,Almeida,93678
93679,724801629,Mateo,Ramos,93679
93680,833509639,Ana Belen,Montserrat,93680
93681,571546021,Felicidad,Bayo,93681
93682,651983187,Jose Miguel,Sole,93682
93683,373234995,Pepito,Aguilera,93683
93684,580288635,Teodosio,Duran,93684
93685,594031956,Etelvina,Varela,93685
93686,885054289,Ambar,Salcedo,93686
93687,103556522,Eva Maria,Luis,93687
93688,967445560,Fortunato,Galan,93688
93689,605781048,Heriberto,Cerda,93689
93690,183274370,Jaime,Caparros,93690
93691,341028169,Rosario,Velez,93691
93692,101220992,Florinda,Uria,93692
93693,281197849,Olimpia,Alvarado,93693
93694,888168413,Florencio,Porras,93694
93695,596897578,Macaria,Rocamora,93695
93696,453013039,Maria Pilar,Chamorro,93696
93697,926243180,Santos,Uriarte,93697
93698,574431074,Anselmo,Gonzalo,93698
93699,191092094,Alma,Angel,93699
93700,722543591,Eliana,Carmona,93700
93701,669068722,Bernardita,Lamas,93701
93702,103842366,Africa,Palomo,93702
93703,190448452,Agata,Monreal,93703
93704,241115468,Felix,Aramburu,93704
93705,951294504,Leonel,Pazos,93705
93706,807831238,Sofia,Ugarte,93706
93707,997485240,Valentina,Lumbreras,93707
93708,958421551,Guiomar,Garrido,93708
93709,892896662,Octavio,Gutierrez,93709
93710,800896373,Remedios,Castrillo,93710
93711,820709663,Manuel,Valles,93711
93712,356823803,Alex,Bermudez,93712
93713,190915326,Raquel,Boada,93713
93714,942883439,Nicodemo,Verdugo,93714
93715,997709853,Norberto,Acero,93715
93716,950983994,Angela,Bermudez,93716
93717,528442457,Fortunata,Benavent,93717
93718,514227333,Maxi,Villena,93718
93719,322123663,Walter,Hoz,93719
93720,333320192,Toni,Gabaldon,93720
93721,905822990,Adela,Morante,93721
93722,719863514,Carmelita,Mercader,93722
93723,241578073,Bartolome,Casas,93723
93724,899645288,Inmaculada,Gisbert,93724
93725,428447697,Tomasa,Vera,93725
93726,410459839,Jose Ramon,Exposito,93726
93727,168136523,Lorena,Villalobos,93727
93728,626784622,Julio Cesar,Jover,93728
93729,996961199,Eusebio,Ojeda,93729
93730,606013296,Jordan,Alcala,93730
93731,171775895,Jesus,Borja,93731
93732,317597489,Gala,Davila,93732
93733,525608882,Jose Carlos,Capdevila,93733
93734,948501390,Jennifer,Recio,93734
93735,964723369,Placido,Montserrat,93735
93736,872309787,Angeles,Zabaleta,93736
93737,281905994,Gregorio,Parra,93737
93738,569419078,Elena,Carballo,93738
93739,458803718,Dafne,Becerra,93739
93740,756193649,Joel,Crespi,93740
93741,460853306,Rodrigo,Ocana,93741
93742,841330794,Maximino,Cabeza,93742
93743,989972437,Cecilia,Amigo,93743
93744,128733205,Javier,Batalla,93744
93745,434778077,Vito,Nunez,93745
93746,422807842,Jacinto,Quintero,93746
93747,386997379,Amancio,Palacios,93747
93748,340408615,Maria Luisa,Domenech,93748
93749,305761644,David,Mas,93749
93750,635113576,Elba,Romeu,93750
93751,302531613,Edu,Guillen,93751
93752,911444963,Raul,Guardiola,93752
93753,781435048,Jose,Barragan,93753
93754,478464846,Adriana,Chacon,93754
93755,180849606,Esther,Pascual,93755
93756,671001012,Lupita,Camara,93756
93757,335556131,Reyes,Vargas,93757
93758,973555038,Marcela,Pascual,93758
93759,847622980,Merche,Gras,93759
93760,202299582,Narciso,Monreal,93760
93761,851579718,Tere,Marco,93761
93762,509289627,Miriam,Santamaria,93762
93763,706437358,Modesto,Pages,93763
93764,484328297,Silvio,Camino,93764
93765,369603380,Remigio,Torrents,93765
93766,229703536,Alejandro,Castrillo,93766
93767,576390934,Natanael,Rosello,93767
93768,353312392,Lucila,Clemente,93768
93769,566671568,Fabiana,Solera,93769
93770,747825069,Jose Mari,Navas,93770
93771,892958590,Oscar,Escamilla,93771
93772,683124170,Tiburcio,Pi,93772
93773,685148033,Ignacio,Valcarcel,93773
93774,846393210,Pastora,Marques,93774
93775,991345171,Beatriz,Pedraza,93775
93776,326053888,Manuelita,Caballero,93776
93777,281029973,Pepe,Robledo,93777
93778,683738309,Sigfrido,Figueroa,93778
93779,261542759,Florina,Barros,93779
93780,586817391,Patricio,Guerra,93780
93781,225444866,Trinidad,Alfonso,93781
93782,638594253,Zaida,Casanova,93782
93783,636692456,Gerardo,Vinas,93783
93784,260728337,Nicodemo,Martinez,93784
93785,660437617,Guillermo,Pineda,93785
93786,393496748,Jennifer,Borrego,93786
93787,444267567,Ursula,Pena,93787
93788,102452909,Aitor,Valencia,93788
93789,633307103,Andrea,Noguera,93789
93790,314037936,Noe,Arregui,93790
93791,831742236,Sarita,Bertran,93791
93792,324926478,Trinidad,Ayllon,93792
93793,626911591,Mirta,Bolanos,93793
93794,415924050,Evita,Enriquez,93794
93795,173883291,Herminia,Burgos,93795
93796,533063785,Candelas,Canals,93796
93797,332265239,Valeria,Diez,93797
93798,155572677,Abilio,Moraleda,93798
93799,285011212,Gracia,Duarte,93799
93800,544774010,Maximiliano,Araujo,93800
93801,968298455,Leocadio,Canales,93801
93802,828085297,Humberto,Navas,93802
93803,407812816,Francisco Javier,Iriarte,93803
93804,867885157,Lucila,Pinto,93804
93805,818672846,Eutimio,Perea,93805
93806,747534286,Amador,Huguet,93806
93807,607377387,Natividad,Esparza,93807
93808,755980700,Eutropio,Ripoll,93808
93809,913543095,Fabio,Bellido,93809
93810,609474320,Abraham,Porta,93810
93811,996100016,Asdrubal,Marmol,93811
93812,673448355,Susana,Pablo,93812
93813,548551665,Paloma,Pons,93813
93814,113267339,Reyes,Mariscal,93814
93815,209145286,Clotilde,Ribas,93815
93816,490713931,Tatiana,Polo,93816
93817,689810940,Cipriano,Falcon,93817
93818,460170299,Eugenia,Miranda,93818
93819,386434686,Cesar,Lasa,93819
93820,836130732,Ceferino,Torrijos,93820
93821,745372908,Rufino,Company,93821
93822,220701305,Cecilio,Carreno,93822
93823,196588812,Estefania,Lucena,93823
93824,620487423,Ricardo,Llabres,93824
93825,867248188,Gala,Asensio,93825
93826,129881081,Rosendo,Vazquez,93826
93827,310821748,Catalina,Sevilla,93827
93828,184505810,Gerardo,Arnal,93828
93829,228483059,Raul,Requena,93829
93830,691681230,Begona,Saez,93830
93831,774842449,Asuncion,Abascal,93831
93832,804194977,Casemiro,Salinas,93832
93833,664425257,Sebastian,Montoya,93833
93834,464069462,Jordana,Alfonso,93834
93835,551758946,Armida,Prats,93835
93836,954467240,Gilberto,Busquets,93836
93837,409706523,Luis Angel,Portillo,93837
93838,369018517,Sofia,Nunez,93838
93839,537529365,Odalys,Morcillo,93839
93840,866277606,Daniela,Jaume,93840
93841,371277780,Geronimo,Estevez,93841
93842,338577568,Cayetano,Giralt,93842
93843,109428986,Onofre,Baena,93843
93844,273780604,Estela,Rosado,93844
93845,698082968,Marisol,Anguita,93845
93846,521374925,Alicia,Rincon,93846
93847,300557470,Maria Del Carmen,Oliver,93847
93848,537907918,Adela,Abascal,93848
93849,762098040,Adolfo,Roura,93849
93850,485677420,Antonia,Garces,93850
93851,624047143,Maria Luisa,Chamorro,93851
93852,768694535,Almudena,Casado,93852
93853,925339166,Fito,Roma,93853
93854,150174408,Regulo,Fiol,93854
93855,240921726,Zacarias,Salinas,93855
93856,881867526,Nazaret,Trillo,93856
93857,105966185,Ceferino,Barrio,93857
93858,240476910,Arturo,Mora,93858
93859,991300409,Rosenda,Falcon,93859
93860,398389122,Isidora,Rocha,93860
93861,241368277,Rocio,Barranco,93861
93862,584071604,Rosalinda,Clemente,93862
93863,337724091,Nicolasa,Sarmiento,93863
93864,232211022,Adelina,Uria,93864
93865,765713174,Eulalia,Luna,93865
93866,364080193,Abel,Gil,93866
93867,739374135,Cosme,Mugica,93867
93868,138436798,Ariadna,Mascaro,93868
93869,928236665,Hector,Morell,93869
93870,310477520,Jose Luis,Sainz,93870
93871,987614392,Xiomara,Nevado,93871
93872,395134782,David,Nicolas,93872
93873,480355247,Tere,Garriga,93873
93874,572749430,Ximena,Miranda,93874
93875,191305475,Ursula,Chamorro,93875
93876,192851752,Leonor,Nicolau,93876
93877,854675414,Isabela,Romero,93877
93878,579576313,Calisto,Catala,93878
93879,124584613,Constanza,Galiano,93879
93880,824405516,Georgina,Echevarria,93880
93881,297735481,Concha,Bueno,93881
93882,819615605,Africa,Lorenzo,93882
93883,821838267,Efrain,Mas,93883
93884,710369036,Bibiana,Redondo,93884
93885,714840020,Ciro,Arcos,93885
93886,423481424,Magdalena,Ricart,93886
93887,446671691,Xavier,Barriga,93887
93888,598662988,Benigno,Fajardo,93888
93889,781797662,Graciana,Suarez,93889
93890,588556189,Clotilde,Alberto,93890
93891,596205269,Loreto,Llorente,93891
93892,857555459,Prudencio,Pons,93892
93893,542292261,Paco,Valentin,93893
93894,764910896,Heliodoro,Mayoral,93894
93895,174163542,Borja,Estevez,93895
93896,267801964,Ana,Lorenzo,93896
93897,939054819,Reyes,Vicente,93897
93898,377030678,Omar,Tejada,93898
93899,627346688,Juan Jose,Andreu,93899
93900,226001302,Juliana,Sebastian,93900
93901,782454895,Lino,Luna,93901
93902,522381826,Celestino,Mascaro,93902
93903,396513143,Cecilia,Vazquez,93903
93904,836566685,Reina,Castaneda,93904
93905,417412865,Guadalupe,Royo,93905
93906,585404972,Irma,Munoz,93906
93907,391479127,Tiburcio,Villena,93907
93908,772627090,Abraham,Aguado,93908
93909,787137107,Viviana,Calvo,93909
93910,501339681,Jose Luis,Taboada,93910
93911,207437490,Eladio,Carreras,93911
93912,701496471,Baltasar,Torralba,93912
93913,624824308,Domingo,Sanabria,93913
93914,374826971,Jose Miguel,Baena,93914
93915,235204481,Elba,Marino,93915
93916,123730864,Fabian,Ramirez,93916
93917,420427725,Cruz,Pinol,93917
93918,978937359,Aristides,Mari,93918
93919,578448532,Rosario,Barrera,93919
93920,792872511,Lina,Colomer,93920
93921,137642707,Pili,Armas,93921
93922,150871430,Etelvina,Arana,93922
93923,225990213,Primitivo,Isern,93923
93924,111641573,Alexandra,Bermejo,93924
93925,251517065,Jenaro,Duran,93925
93926,882831415,Pia,Lamas,93926
93927,170003280,Amor,Calvet,93927
93928,484511520,Palmira,Daza,93928
93929,782531041,Agustina,Vega,93929
93930,629659703,Maria Jose,Espejo,93930
93931,880873068,Alba,Palomino,93931
93932,159526381,Eric,Borrego,93932
93933,923448670,Lina,Valverde,93933
93934,112461278,Serafina,Sanmiguel,93934
93935,843508277,Carlota,Asenjo,93935
93936,909567223,Lucio,Criado,93936
93937,263987489,Laura,Vila,93937
93938,189281609,Jose Manuel,Cantero,93938
93939,500550334,Dionisia,Marcos,93939
93940,324015102,Edu,Alcolea,93940
93941,149985796,Julieta,Gomez,93941
93942,626845368,Ismael,Recio,93942
93943,553969546,Dolores,Armengol,93943
93944,327558792,Rosa,Amat,93944
93945,953742081,Ainara,Collado,93945
93946,407718276,Soraya,Ballester,93946
93947,595432239,Severiano,Campillo,93947
93948,719318311,Africa,Moreno,93948
93949,193497084,Xiomara,Ortiz,93949
93950,653135181,Odalys,Villalobos,93950
93951,765905129,Eusebia,Ramon,93951
93952,419844508,Casemiro,Mesa,93952
93953,288382875,Chelo,Rodriguez,93953
93954,446680589,Alberto,Baquero,93954
93955,530806744,Pastor,Infante,93955
93956,124037260,Rufina,Rozas,93956
93957,842554930,Zaida,Abellan,93957
93958,575234450,Irene,Vaquero,93958
93959,264203898,Eustaquio,Mercader,93959
93960,875033012,Conrado,Manrique,93960
93961,786575700,Dimas,Sala,93961
93962,216526049,Brunilda,Vega,93962
93963,401394222,Etelvina,Polo,93963
93964,423767054,Adelaida,Recio,93964
93965,731920970,Macaria,Vigil,93965
93966,450075388,Nestor,Estevez,93966
93967,460674706,Rosenda,Carpio,93967
93968,818574652,Tecla,Llobet,93968
93969,847038303,Alba,Pastor,93969
93970,474004715,Luisa,Farre,93970
93971,328661786,Piedad,Pizarro,93971
93972,959331737,Patricio,Alegre,93972
93973,681512088,Olegario,Casanovas,93973
93974,418847524,Palmira,Amo,93974
93975,968936657,Graciela,Montalban,93975
93976,847267075,Saturnino,Larrea,93976
93977,433593031,Pacifica,Melendez,93977
93978,388332724,Humberto,Alvarado,93978
93979,667926882,Javi,Lillo,93979
93980,692518795,Nicanor,Jauregui,93980
93981,928223537,Juana,Gallo,93981
93982,687470530,Benigno,Llanos,93982
93983,535663854,Carmelita,Gomis,93983
93984,329554997,Ximena,Dieguez,93984
93985,404317372,Alejandra,Rebollo,93985
93986,852480662,Francisca,Valcarcel,93986
93987,958874189,Rodrigo,Oliver,93987
93988,350319448,Luisina,Ibanez,93988
93989,702438450,Jose Angel,Salvador,93989
93990,557622819,Damian,Llanos,93990
93991,655165022,Sergio,Gaya,93991
93992,390006991,Sabina,Barral,93992
93993,227798248,Asuncion,Carbonell,93993
93994,673607006,Ligia,Agustin,93994
93995,981642692,Ramona,Murcia,93995
93996,263167569,Custodia,Casal,93996
93997,355753678,Cesar,Pedrosa,93997
93998,416904021,Chuy,Fuertes,93998
93999,417710548,Aureliano,Tejera,93999
94000,795687570,Francisco Javier,Castrillo,94000
94001,200952403,Lorenzo,Alcalde,94001
94002,602750705,Yolanda,Agustin,94002
94003,662525615,Feliciana,Taboada,94003
94004,515930184,Isidro,Cuesta,94004
94005,650868330,Candelario,Villanueva,94005
94006,174456705,Maximiano,Sevillano,94006
94007,681992175,Octavio,Gibert,94007
94008,200668145,Esther,Palomo,94008
94009,659801518,Antonio,Rosado,94009
94010,775409562,Hortensia,Campo,94010
94011,883136627,Cristina,Quintana,94011
94012,494029320,Dario,Vinas,94012
94013,802707979,Isidora,Oller,94013
94014,857545495,Berto,Ortega,94014
94015,343053335,Ale,Leon,94015
94016,241535472,Anselmo,Salom,94016
94017,712437164,Zaira,Camino,94017
94018,585551893,Corona,Pelaez,94018
94019,560962890,Socorro,Catalan,94019
94020,520675687,Paola,Mosquera,94020
94021,247011216,Ramona,Collado,94021
94022,736032037,Jordana,Gutierrez,94022
94023,122620231,Angelica,Arregui,94023
94024,764947622,Nidia,Pascual,94024
94025,527873319,Federico,Avila,94025
94026,431586975,Casandra,Sedano,94026
94027,805450504,Maristela,Monreal,94027
94028,777825098,Bibiana,Aznar,94028
94029,753269315,Maria,Uriarte,94029
94030,957603381,Bibiana,Osuna,94030
94031,422552285,Federico,Torre,94031
94032,208382113,Amaya,Cid,94032
94033,179682153,Donato,Casanovas,94033
94034,567823271,Esperanza,Prats,94034
94035,945361868,Ainara,Iriarte,94035
94036,537674138,Isa,Palomino,94036
94037,138738797,Armida,Almazan,94037
94038,448490413,Daniela,Pallares,94038
94039,234499391,Ramona,Cantero,94039
94040,447318490,Telmo,Gomez,94040
94041,974100708,Felipe,Cifuentes,94041
94042,191684521,Luis Angel,Camps,94042
94043,179560228,Martirio,Giron,94043
94044,396234874,Pastora,Trujillo,94044
94045,923071314,Epifanio,Amoros,94045
94046,139739202,Francisco Javier,Canovas,94046
94047,676513694,Porfirio,Crespi,94047
94048,681210672,Valero,Molins,94048
94049,969945932,Mar,Rivera,94049
94050,420181766,Candelaria,Ledesma,94050
94051,559348922,Jenny,Carbajo,94051
94052,455236058,Esther,Tejada,94052
94053,523493896,Chus,Carro,94053
94054,346829546,Adrian,Osorio,94054
94055,567952845,Maria Angeles,Llamas,94055
94056,877875873,Eugenio,Morell,94056
94057,742882721,Placido,Nevado,94057
94058,243001549,Samuel,Sanabria,94058
94059,429465857,Leoncio,Talavera,94059
94060,770501541,Severino,Olivares,94060
94061,743860789,Humberto,Zamorano,94061
94062,343020886,Casemiro,Jimenez,94062
94063,350587744,Lina,Ferrero,94063
94064,957407008,Ale,Carreras,94064
94065,877393340,Ileana,Arteaga,94065
94066,231896683,Rolando,Luna,94066
94067,134271242,Jose,Quevedo,94067
94068,201085286,Alba,Santana,94068
94069,515568703,Teofilo,Banos,94069
94070,131471212,Marisol,Jodar,94070
94071,493538887,Alonso,Fabregas,94071
94072,293967998,Teofilo,Mir,94072
94073,783378408,Ximena,Cortes,94073
94074,690764142,Maria Pilar,Casal,94074
94075,307106256,Fabio,Marmol,94075
94076,701168124,Geraldo,Bernad,94076
94077,532748003,Ximena,Aguilar,94077
94078,105921818,Cloe,Nebot,94078
94079,169783057,Nazario,Palacio,94079
94080,349477007,Alejandra,Reyes,94080
94081,781490856,Eloy,Rosa,94081
94082,316432830,Rafael,Castilla,94082
94083,235850519,Venceslas,Botella,94083
94084,262293742,Sergio,Boix,94084
94085,738826227,Severo,Carballo,94085
94086,761452050,Jose Francisco,Fernandez,94086
94087,525412323,Guadalupe,Llopis,94087
94088,152449962,Juan Carlos,Oliva,94088
94089,750633018,Leopoldo,Ledesma,94089
94090,166945628,Prudencio,Cordero,94090
94091,234403220,Obdulia,Minguez,94091
94092,844836573,Ruth,Sotelo,94092
94093,960468577,Jacinto,Villar,94093
94094,582198565,Amaya,Arrieta,94094
94095,730175054,Rogelio,Rodriguez,94095
94096,781147206,Irma,Donaire,94096
94097,600148541,Natanael,Carranza,94097
94098,164556754,Eugenia,Jaen,94098
94099,688621594,Herberto,Anglada,94099
94100,873194940,Amaro,Badia,94100
94101,442760819,Rafaela,Huerta,94101
94102,405320979,Emelina,Somoza,94102
94103,818985802,Martin,Andreu,94103
94104,251932317,Roque,Valero,94104
94105,228985540,Natalia,Jimenez,94105
94106,668214567,Milagros,Mosquera,94106
94107,435914198,Mariana,Iborra,94107
94108,183724922,Noa,Riba,94108
94109,547393494,David,Sarmiento,94109
94110,659851605,Loreto,Parra,94110
94111,717128870,Nydia,Solana,94111
94112,454318401,Renato,Gracia,94112
94113,835058695,Berta,Yuste,94113
94114,177356751,Matilde,Cabanillas,94114
94115,717995303,Marina,Casado,94115
94116,687570622,Isabel,Palmer,94116
94117,762338527,Sosimo,Caceres,94117
94118,447477965,Jeremias,Escalona,94118
94119,544642182,Lucila,Bueno,94119
94120,464564906,Guillermo,Leiva,94120
94121,504065381,Lourdes,Manuel,94121
94122,966202474,Cintia,Hervia,94122
94123,846139099,Calista,Paez,94123
94124,142880343,Marcela,Pedrosa,94124
94125,815396623,Rosalina,Torres,94125
94126,457965303,Cristobal,Carreno,94126
94127,996921125,Curro,Patino,94127
94128,691428822,Carolina,Llamas,94128
94129,876263859,Emiliano,Granados,94129
94130,458274431,Jenny,Medina,94130
94131,427087275,Elba,Sandoval,94131
94132,423754808,Tere,Caparros,94132
94133,279142067,Fabiola,Solsona,94133
94134,545061779,Eligio,Carrion,94134
94135,308789012,Jose Angel,Campillo,94135
94136,786162137,Eugenia,Julia,94136
94137,358483167,Dalila,Plana,94137
94138,449528336,Lucas,Casal,94138
94139,506308877,Lisandro,Jimenez,94139
94140,693198031,Ruben,Prieto,94140
94141,556312360,Rico,Zamorano,94141
94142,977951276,Aurora,Sevilla,94142
94143,566755697,Emperatriz,Girona,94143
94144,992614683,Salomon,Guillen,94144
94145,814436039,Alcides,Rey,94145
94146,820687866,Leonor,Oller,94146
94147,743323177,Rosenda,Coloma,94147
94148,317060098,Reynaldo,Aragon,94148
94149,969211665,Ariel,Calvet,94149
94150,822675341,Ainoa,Manuel,94150
94151,484937935,Rosalinda,Borja,94151
94152,142957374,Geronimo,Galvez,94152
94153,360477271,Nadia,Girona,94153
94154,287117949,Demetrio,Salas,94154
94155,327181014,Estrella,Bonet,94155
94156,610329018,Ainara,Perez,94156
94157,584637293,Dorita,Ferrandez,94157
94158,721358428,Jorge,Guillen,94158
94159,949302956,Sergio,Terron,94159
94160,354654305,Anabel,Sosa,94160
94161,439366315,Inmaculada,Chaves,94161
94162,910243611,Jose Mari,Milla,94162
94163,693318904,Marcela,Arnaiz,94163
94164,181493398,Fabiana,Huguet,94164
94165,952005112,Sarita,Tamayo,94165
94166,384680353,Ismael,Arroyo,94166
94167,276112618,Juan Carlos,Moya,94167
94168,874548243,Osvaldo,Roman,94168
94169,796499380,Maria Luisa,Villegas,94169
94170,815391298,Casandra,Arana,94170
94171,347397344,Armando,Escribano,94171
94172,614886299,Isaac,Aragon,94172
94173,967671511,Baldomero,Bravo,94173
94174,574353847,Ariadna,Fortuny,94174
94175,527183103,Alondra,Alarcon,94175
94176,774716511,Reyna,Saez,94176
94177,807178667,Maria Belen,Losa,94177
94178,149551676,Estrella,Miranda,94178
94179,314808637,Fabio,Mir,94179
94180,586923215,Alejandro,Palomares,94180
94181,940994209,Emilio,Cortina,94181
94182,395062901,Demetrio,Fonseca,94182
94183,134668809,Leocadia,Donaire,94183
94184,507854776,Fabricio,Barragan,94184
94185,745519445,Ivan,Oliver,94185
94186,635652313,Heraclio,Torralba,94186
94187,364612157,Pepita,Ledesma,94187
94188,393723246,Luisina,Mosquera,94188
94189,412236917,Dimas,Paz,94189
94190,798056496,Marco,Pelayo,94190
94191,411874360,Lucio,Castejon,94191
94192,163182973,Damian,Calleja,94192
94193,733178569,Jose Carlos,Prado,94193
94194,691839243,Sancho,Bastida,94194
94195,839239851,Maite,Morante,94195
94196,271031823,Cebrian,Franco,94196
94197,251300319,Maura,Iglesias,94197
94198,623711643,Adora,Ferrera,94198
94199,609531011,Agustina,Verdejo,94199
94200,473811343,Onofre,Madrigal,94200
94201,435237501,Guiomar,Pinto,94201
94202,236576517,Anacleto,Cobo,94202
94203,411786237,Juan Pablo,Salva,94203
94204,423716526,Octavio,Torrent,94204
94205,834645265,Hernando,Mora,94205
94206,846112335,Berta,Escribano,94206
94207,192106908,Claudio,Cano,94207
94208,388024236,Ignacia,Santana,94208
94209,691320370,Jesusa,Aznar,94209
94210,207704681,Emiliana,Dieguez,94210
94211,494374938,Pablo,Fabregas,94211
94212,106354400,Adoracion,Reig,94212
94213,438931217,Obdulia,Infante,94213
94214,687898000,Clemente,Diaz,94214
94215,806510800,Purificacion,Quintana,94215
94216,424582834,Amarilis,Acero,94216
94217,799887825,Armando,Ropero,94217
94218,285577570,Regulo,Vallejo,94218
94219,641600895,Agustina,Garay,94219
94220,263586868,Ani,Planas,94220
94221,134943350,Montserrat,Pedrero,94221
94222,344505473,Felicidad,Colomer,94222
94223,731634326,Agata,Berenguer,94223
94224,668674526,Florentino,Rios,94224
94225,762222227,Basilio,Vizcaino,94225
94226,284986349,Blanca,Baeza,94226
94227,915509681,Emiliana,Alcala,94227
94228,555213374,Basilio,Pelaez,94228
94229,571393956,Candelaria,Aragon,94229
94230,705858967,Milagros,Ojeda,94230
94231,961472152,Graciano,Anguita,94231
94232,457274491,Maribel,Hernando,94232
94233,775078322,Clementina,Laguna,94233
94234,844299108,Edu,Marin,94234
94235,235305392,Ignacio,Figuerola,94235
94236,202080042,Apolonia,Benavent,94236
94237,100258364,Ariel,Canas,94237
94238,236900411,Casandra,Caceres,94238
94239,496373801,Rodolfo,Sierra,94239
94240,443120293,Teodora,Manso,94240
94241,978956976,Manu,Olive,94241
94242,782551482,Elisabet,Guzman,94242
94243,945698191,Gaspar,Saavedra,94243
94244,482015081,Miguel Angel,Baquero,94244
94245,113625934,Sebastian,Rio,94245
94246,655230584,Victor,Torrents,94246
94247,138238939,Eloy,Mosquera,94247
94248,299723857,Julie,Escobar,94248
94249,574166300,Cleto,Espana,94249
94250,866155561,Victor Manuel,Herrero,94250
94251,796015172,Ciriaco,Girona,94251
94252,716857818,Paula,Pinol,94252
94253,160175699,Omar,Cerro,94253
94254,351033255,Gema,Porta,94254
94255,583918077,Beatriz,Melero,94255
94256,609903214,Eustaquio,Huguet,94256
94257,992416824,Cintia,Quintana,94257
94258,700323607,Benigno,Gibert,94258
94259,822076749,Fidela,Montoya,94259
94260,611528585,Vidal,Perea,94260
94261,597572962,Juana,Marti,94261
94262,250223510,Celestina,Sobrino,94262
94263,888214843,Mar,Salamanca,94263
94264,657061708,Wilfredo,Zabala,94264
94265,130369566,Agata,Ropero,94265
94266,207852052,Marisol,Pellicer,94266
94267,686999011,Sofia,Cervantes,94267
94268,676000755,Pepe,Sans,94268
94269,881602213,Moises,Cespedes,94269
94270,287766627,Ariel,Vaquero,94270
94271,867300694,Walter,Llamas,94271
94272,163132585,Leandra,Aragones,94272
94273,688292412,Esperanza,Iriarte,94273
94274,666481769,Saturnina,Miro,94274
94275,787308936,Basilio,Torrent,94275
94276,179019365,Hernan,Oller,94276
94277,857315281,Trinidad,Bautista,94277
94278,425247506,Noa,Franch,94278
94279,431008842,Tadeo,Marin,94279
94280,328889393,Mariana,Mari,94280
94281,915426300,Anibal,Soriano,94281
94282,373463162,Anastasio,Madrigal,94282
94283,862339624,Marta,Prat,94283
94284,641697150,Saturnino,Bosch,94284
94285,225783223,Maxima,Figueroa,94285
94286,382727620,Graciano,Agusti,94286
94287,263817915,Angelica,Canizares,94287
94288,803870172,Jesus,Pages,94288
94289,710080325,Teodora,Toledo,94289
94290,820386504,Calixto,Agustin,94290
94291,566458189,Eva Maria,Osorio,94291
94292,504451206,Dolores,Duenas,94292
94293,343388429,Sosimo,Andrade,94293
94294,723775342,Adelaida,Ramos,94294
94295,885416641,Fortunato,Sanz,94295
94296,483294932,Ingrid,Galindo,94296
94297,796244495,Remedios,Palau,94297
94298,688296905,Cipriano,Carrasco,94298
94299,224184467,Apolonia,Ferrero,94299
94300,229088397,Juliana,Cruz,94300
94301,456788172,Salvador,Baena,94301
94302,820631675,Anastasia,Tome,94302
94303,494028143,Pilar,Palacio,94303
94304,252394028,Aaron,Talavera,94304
94305,412710185,Maxi,Aviles,94305
94306,350653484,Silvestre,Minguez,94306
94307,219659010,Gil,Lasa,94307
94308,300814155,Edgardo,Morera,94308
94309,324185522,Clemente,Benet,94309
94310,904955620,Marisela,Barreda,94310
94311,695058063,Dolores,Rico,94311
94312,819265448,Marino,Blazquez,94312
94313,784091671,Tristan,Lumbreras,94313
94314,443533905,Loreto,Vives,94314
94315,627122530,Vera,Oller,94315
94316,468817282,Lalo,Requena,94316
94317,489292958,Amancio,Benito,94317
94318,330465901,Gertrudis,Ferrero,94318
94319,853438040,Luis,Montenegro,94319
94320,802919640,Piedad,Codina,94320
94321,298716772,Eugenia,Abellan,94321
94322,795673896,Eulalia,Lorenzo,94322
94323,578649370,Gilberto,Fabra,94323
94324,405349145,Roldan,Isern,94324
94325,281520158,Basilio,Borja,94325
94326,561023410,Odalys,Mascaro,94326
94327,405367176,Dulce,Tirado,94327
94328,142722620,Raimundo,Barba,94328
94329,432884309,Angeles,Vendrell,94329
94330,699268164,Heliodoro,Pareja,94330
94331,559772445,Alberto,Acedo,94331
94332,565896536,Felix,Benavides,94332
94333,960245636,Domitila,Solera,94333
94334,715890053,Elodia,Ferran,94334
94335,550234311,Natalia,Mesa,94335
94336,320002217,Lina,Valls,94336
94337,448236261,Dimas,Exposito,94337
94338,420047898,Florentina,Ayuso,94338
94339,458592989,Agustina,Galan,94339
94340,310317434,Diana,Delgado,94340
94341,262167650,Natividad,Almeida,94341
94342,793402632,Eloisa,Gracia,94342
94343,740241350,Lidia,Arroyo,94343
94344,358189776,Anselmo,Galvez,94344
94345,994092675,Eusebio,Gargallo,94345
94346,181065525,Francisco Javier,Tamarit,94346
94347,587939934,Aurelio,Sola,94347
94348,784894658,Onofre,Gomila,94348
94349,587561211,Eligia,Pineda,94349
94350,130263102,Clarisa,Herrero,94350
94351,971483588,Cornelio,Miranda,94351
94352,745642134,Lourdes,Carrillo,94352
94353,274124010,Milagros,Osuna,94353
94354,847187958,Celestino,Cordero,94354
94355,867173543,Aureliano,Perera,94355
94356,801022592,Luz,Diaz,94356
94357,750393003,Cristian,Ayuso,94357
94358,407738654,Eva,Jove,94358
94359,697666026,Fatima,Bernal,94359
94360,646131277,Paloma,Gamez,94360
94361,149885076,David,Porta,94361
94362,572283116,Fausto,Moles,94362
94363,477669459,Apolinar,Arco,94363
94364,230445812,Luis Angel,Granados,94364
94365,216154949,Francisco Javier,Garces,94365
94366,907538525,Dora,Blanco,94366
94367,934573468,Jose Ramon,Sacristan,94367
94368,202794273,Emperatriz,Varela,94368
94369,929907273,Jose Antonio,Fortuny,94369
94370,988993002,Gregorio,Carbonell,94370
94371,200387820,Carmelo,Cerdan,94371
94372,285536186,Eric,Luque,94372
94373,357918439,Olga,Canizares,94373
94374,650679924,Cesar,Sierra,94374
94375,812302633,Bernabe,Saura,94375
94376,265132701,Silvio,Caparros,94376
94377,144344364,Jose Luis,Ibanez,94377
94378,547798982,Javi,Ribes,94378
94379,754855046,Godofredo,Zapata,94379
94380,235680640,Roque,Rincon,94380
94381,417415392,Graciana,Valderrama,94381
94382,666688569,Borja,Ferrera,94382
94383,318984607,Eligia,Camara,94383
94384,886251249,Estela,Tovar,94384
94385,550491282,Seve,Arino,94385
94386,312190405,Edgar,Ortega,94386
94387,650109272,Domitila,Tejedor,94387
94388,570740304,Alfonso,Palomar,94388
94389,946556511,Nacio,Trujillo,94389
94390,973917069,Lucia,Fiol,94390
94391,167797129,Iban,Tapia,94391
94392,752726276,Esteban,Blanes,94392
94393,725170223,Loreto,Rincon,94393
94394,483319688,Edgardo,Marques,94394
94395,791320706,Espiridion,Molina,94395
94396,488994041,Gisela,Hervia,94396
94397,385685026,Kike,Carrillo,94397
94398,813070152,Fabiana,Pablo,94398
94399,863647700,Maxi,Sobrino,94399
94400,187634138,Ligia,Nicolau,94400
94401,758811478,Adan,Portillo,94401
94402,418187741,Camila,Carbajo,94402
94403,921000658,Manolo,Almansa,94403
94404,792555397,Jonatan,Zamorano,94404
94405,418553233,Marcio,Rodriguez,94405
94406,587734326,Lina,Ballesteros,94406
94407,408026593,Emigdio,Vigil,94407
94408,746490969,Charo,Palomo,94408
94409,138664067,Anselma,Guillen,94409
94410,572194239,Cruz,Fabra,94410
94411,307327069,Edmundo,Espada,94411
94412,680356268,Florencio,Saura,94412
94413,778887205,Veronica,Almansa,94413
94414,814599594,Leocadia,Piquer,94414
94415,131807447,Abril,Amoros,94415
94416,433041451,Purificacion,Lujan,94416
94417,630226050,Maria Pilar,Pla,94417
94418,300607632,Clotilde,Vilalta,94418
94419,264727160,Ciriaco,Torrents,94419
94420,668067256,Dorotea,Ibarra,94420
94421,474704130,Nicolas,Izaguirre,94421
94422,247911904,Amador,Noriega,94422
94423,678522226,Pacifica,Gallart,94423
94424,291860581,Juan Francisco,Porta,94424
94425,398447712,Leandra,Valles,94425
94426,461413884,Edu,Villegas,94426
94427,224442374,Noa,Quiros,94427
94428,492443867,Juan Manuel,Valbuena,94428
94429,882070554,Ariel,Manuel,94429
94430,281234085,Rene,Riba,94430
94431,976806977,Seve,Vidal,94431
94432,226846433,Luz,Linares,94432
94433,646712859,Abraham,Gisbert,94433
94434,325501868,Obdulia,Figueroa,94434
94435,959018125,Trinidad,Giner,94435
94436,762764297,Serafina,Iriarte,94436
94437,226458940,Iker,Romero,94437
94438,899835159,Flora,Sanz,94438
94439,338243287,Anastasio,Pol,94439
94440,200420725,Odalys,Melero,94440
94441,396344705,Piedad,Blazquez,94441
94442,832817243,Valerio,Tejera,94442
94443,454564401,Brunilda,Perera,94443
94444,659636354,Jose Luis,Leon,94444
94445,347053830,Salvador,Pablo,94445
94446,302485017,Gaston,Figuerola,94446
94447,171492062,Petrona,Olivera,94447
94448,436224794,Josefina,Pardo,94448
94449,485860769,Vasco,Carbonell,94449
94450,294259888,Tamara,Jover,94450
94451,964748953,Adela,Gabaldon,94451
94452,730270255,Elvira,Blanca,94452
94453,367128694,Begona,Villa,94453
94454,269889029,Sol,Serrano,94454
94455,577274178,Nilda,Vilaplana,94455
94456,126074847,Cristobal,Pont,94456
94457,394863101,Custodia,Ferrando,94457
94458,933682627,Armida,Vilar,94458
94459,751036695,Ascension,Aguila,94459
94460,389273063,Borja,Oliveras,94460
94461,167783470,Reynaldo,Benavente,94461
94462,265326765,Olga,Aparicio,94462
94463,300357904,Elodia,Camino,94463
94464,815523751,Ramiro,Pozo,94464
94465,544139353,Adolfo,Jaume,94465
94466,380290781,Nicolas,Pedraza,94466
94467,203432453,Amalia,Agullo,94467
94468,685007869,Luisina,Mendizabal,94468
94469,175617473,Buenaventura,Galvez,94469
94470,866966257,Catalina,Millan,94470
94471,163870886,Primitiva,Huerta,94471
94472,113389336,Pepe,Matas,94472
94473,591767909,Vanesa,Marcos,94473
94474,186705187,Lino,Cadenas,94474
94475,873887859,Elpidio,Silva,94475
94476,577163310,Clementina,Plaza,94476
94477,902522693,Lucas,Gimenez,94477
94478,729609584,Maxi,Millan,94478
94479,412301153,Anacleto,Abad,94479
94480,450629008,Carmelita,Murillo,94480
94481,557064110,Tania,Hoyos,94481
94482,460138637,Eugenio,Herrera,94482
94483,958764016,Ileana,Pont,94483
94484,619056527,Raimundo,Paredes,94484
94485,281851580,Regulo,Portillo,94485
94486,907796523,Milagros,Tirado,94486
94487,732189503,Donato,Nicolau,94487
94488,645647749,Vicente,Arenas,94488
94489,138777420,Amador,Porras,94489
94490,103088306,Susanita,Marino,94490
94491,409320573,Belen,Arroyo,94491
94492,952330878,Josue,Roldan,94492
94493,685535931,Inocencio,Coloma,94493
94494,857058985,Leon,Canales,94494
94495,830024849,Fito,Perello,94495
94496,271141450,Soraya,Paez,94496
94497,709482305,Regulo,Carmona,94497
94498,308961155,Trinidad,Mesa,94498
94499,915861390,Martirio,Luz,94499
94500,333602599,Tamara,Cabo,94500
94501,977699548,Nicodemo,Aragon,94501
94502,434462492,Rico,Arranz,94502
94503,360650228,Elena,Hierro,94503
94504,564255701,Natividad,Tapia,94504
94505,607728761,Tatiana,Flores,94505
94506,580006775,Baltasar,Jimenez,94506
94507,713147565,Josep,Gil,94507
94508,202611520,Patricia,Vila,94508
94509,752655424,Placido,Estevez,94509
94510,969616598,Maria Del Carmen,Saez,94510
94511,893747344,Leire,Andrade,94511
94512,140973731,Tatiana,Pablo,94512
94513,157204974,Angeles,Marti,94513
94514,332849985,Adan,Casal,94514
94515,263947537,Maria Jose,Cardona,94515
94516,424875549,Marita,Medina,94516
94517,384914014,Toni,Badia,94517
94518,709272619,Cristian,Otero,94518
94519,688719250,Rodrigo,Pacheco,94519
94520,158619536,Tamara,Mesa,94520
94521,532282817,Catalina,Narvaez,94521
94522,640789635,Romulo,Noguera,94522
94523,326332106,Evaristo,Llanos,94523
94524,881285603,Reyna,Leiva,94524
94525,876841681,Ciro,Rocha,94525
94526,322776104,Joel,Vega,94526
94527,735189882,Luna,Lara,94527
94528,812083657,Vilma,Palau,94528
94529,741443974,Isidoro,Pina,94529
94530,265778532,Cesar,Perello,94530
94531,866336839,Jordana,Beltran,94531
94532,148911319,Agata,Chacon,94532
94533,780905669,Rufina,Fiol,94533
94534,942189666,Silvio,Roig,94534
94535,862470747,Sonia,Cornejo,94535
94536,195329541,Angelica,Julia,94536
94537,435114947,Toribio,Clavero,94537
94538,458879136,Maribel,Alsina,94538
94539,568156353,Luciano,Juarez,94539
94540,582543632,Ruperta,Carbajo,94540
94541,938033724,Danilo,Cervantes,94541
94542,962227757,Flavia,Bustos,94542
94543,595756799,Lupita,Segui,94543
94544,679047020,Fabricio,Franch,94544
94545,801150178,Benito,Elias,94545
94546,974851526,Eligia,Aramburu,94546
94547,469328053,Pancho,Olive,94547
94548,677002430,Juan,Gil,94548
94549,493040892,Corona,Pina,94549
94550,176954986,Claudia,Atienza,94550
94551,841437566,Natalio,Rivera,94551
94552,257003178,Maria Cristina,Alsina,94552
94553,473833893,Severo,Catalan,94553
94554,314803236,Espiridion,Tirado,94554
94555,730727926,Plinio,Pinilla,94555
94556,800795094,Josue,Losa,94556
94557,469016057,Martina,Mercader,94557
94558,803650318,Jose Manuel,Figuerola,94558
94559,740978183,Ruperta,Flores,94559
94560,130354749,Pepito,Blazquez,94560
94561,412525105,Isa,Aguila,94561
94562,752753411,Irene,Chamorro,94562
94563,121073675,Bernabe,Zaragoza,94563
94564,470327016,Priscila,Lastra,94564
94565,581761544,Nicolasa,Vinas,94565
94566,482693659,Adelina,Arroyo,94566
94567,859562432,Pepita,Narvaez,94567
94568,897324973,Armando,Rosales,94568
94569,349524887,Mayte,Gaya,94569
94570,174596192,Mercedes,Sastre,94570
94571,798791154,Clementina,Sevillano,94571
94572,138321462,Fabian,Quiroga,94572
94573,344962685,Camila,Ortuno,94573
94574,823080518,Moises,Esparza,94574
94575,206604880,Roberto,Torrijos,94575
94576,476250297,Octavio,Villa,94576
94577,710154129,Jose Ignacio,Ribas,94577
94578,138536956,Luis Miguel,Benitez,94578
94579,666904355,Aitor,Anguita,94579
94580,189482063,Porfirio,Osuna,94580
94581,817540563,Conrado,Llorente,94581
94582,703784694,Piedad,Valdes,94582
94583,676914424,Barbara,Hernandez,94583
94584,773091000,Manu,Botella,94584
94585,571292590,Amancio,Pineda,94585
94586,811097363,Lidia,Nino,94586
94587,963082684,Flora,Cordero,94587
94588,858835201,Lucho,Pina,94588
94589,128184480,Abigail,Cerda,94589
94590,124781893,Cebrian,Larranaga,94590
94591,956970527,Francisco Javier,Aleman,94591
94592,600379226,Prudencio,Falcon,94592
94593,929025965,Teofila,Bayona,94593
94594,765759410,Rosalinda,Arana,94594
94595,826687511,Adan,Gonzalez,94595
94596,483748585,Mar,Carretero,94596
94597,643300541,Susana,Sotelo,94597
94598,151757907,Abel,Lillo,94598
94599,165493272,Faustino,Gilabert,94599
94600,161202719,Bartolome,Guillen,94600
94601,646302757,Emilio,Salmeron,94601
94602,643996336,Armida,Palacios,94602
94603,249162396,Modesto,Peralta,94603
94604,940508344,Sebastian,Borrego,94604
94605,167862177,Edelmira,Gracia,94605
94606,318439855,Nelida,Villalobos,94606
94607,285514752,Claudio,Julia,94607
94608,786490867,Joaquina,Casares,94608
94609,495901493,Anselmo,Rodrigo,94609
94610,927805029,Ezequiel,Rozas,94610
94611,834461062,Zoraida,Lujan,94611
94612,683913620,Anunciacion,Estrada,94612
94613,406966611,Octavio,Conde,94613
94614,190602233,Hermenegildo,Villaverde,94614
94615,347507069,Modesta,Rosales,94615
94616,387672839,Bibiana,Jara,94616
94617,846090784,Candelas,Lillo,94617
94618,179707695,Nazario,Collado,94618
94619,619104891,Claudia,Tellez,94619
94620,290868882,Tristan,Reina,94620
94621,598878598,Aurelio,Diez,94621
94622,653310299,Pia,Sebastian,94622
94623,323918517,Corona,Cobo,94623
94624,110388169,Severino,Pellicer,94624
94625,263410460,Haydee,Herrero,94625
94626,768688218,Adora,Torrents,94626
94627,340281695,Alejandro,Ricart,94627
94628,139418084,Natalia,Ibarra,94628
94629,690340276,Azeneth,Armas,94629
94630,994108337,Juan Jose,Machado,94630
94631,536087028,Gabriel,Coloma,94631
94632,437450306,Mariano,Ferran,94632
94633,372475290,Carmina,Muro,94633
94634,872539347,Nicanor,Ferrer,94634
94635,577373968,Esteban,Aleman,94635
94636,315820532,Gisela,Salmeron,94636
94637,295613979,Dario,Robles,94637
94638,220586477,Pacifica,Rosell,94638
94639,364151658,Amador,Cuellar,94639
94640,817171848,Luz,Juan,94640
94641,422172787,Evangelina,Pinedo,94641
94642,992774110,Ulises,Espana,94642
94643,186358287,Roberto,Paniagua,94643
94644,265549703,Rufino,Feijoo,94644
94645,949848720,Urbano,Figueroa,94645
94646,701881058,Rosa Maria,Villanueva,94646
94647,963256421,Sandra,Nunez,94647
94648,542167689,Mercedes,Bautista,94648
94649,126138683,Alba,Gamez,94649
94650,980935606,Glauco,Robledo,94650
94651,953726439,Roldan,Valera,94651
94652,192538745,Elisabet,Jerez,94652
94653,474463692,Amada,Quintero,94653
94654,658341650,Alex,Simo,94654
94655,616911933,Pepito,Gilabert,94655
94656,543170933,Ursula,Hierro,94656
94657,664726208,Samanta,Macias,94657
94658,755304800,Daniel,Fabregas,94658
94659,582205559,Valeria,Ribes,94659
94660,521776146,Gabriel,Alberdi,94660
94661,862475005,Benito,Manrique,94661
94662,170538457,Calista,Zaragoza,94662
94663,595078959,Ariel,Llopis,94663
94664,351484481,Pili,Higueras,94664
94665,690915776,Tono,Ramon,94665
94666,121297892,Prudencio,Orozco,94666
94667,170154937,Juanita,Revilla,94667
94668,444668769,Luis Miguel,Cerdan,94668
94669,475977634,Julieta,Folch,94669
94670,992363554,Humberto,Solsona,94670
94671,782208151,Silvio,Herranz,94671
94672,538688629,Barbara,Cardenas,94672
94673,956529933,Lina,Rios,94673
94674,306859967,Maria Del Carmen,Sevillano,94674
94675,577429786,Reina,Bonet,94675
94676,576945967,Eloy,Alberdi,94676
94677,588686257,Guadalupe,Castejon,94677
94678,583600668,Maria Del Carmen,Medina,94678
94679,446431239,Asuncion,Pages,94679
94680,570006229,Pastora,Gomez,94680
94681,435647115,Panfilo,Gabaldon,94681
94682,643947823,Aurea,Pujadas,94682
94683,248815084,Ruy,Borrell,94683
94684,239604819,Amparo,Benavides,94684
94685,269405934,Danilo,Montoya,94685
94686,679519648,Delfina,Barcena,94686
94687,379259388,Ainara,Pascual,94687
94688,607430293,Eusebia,Alfaro,94688
94689,361452577,Azahara,Gil,94689
94690,586028594,Efrain,Varela,94690
94691,138807396,German,Pinol,94691
94692,466150010,Remedios,Novoa,94692
94693,735375316,Yessica,Barriga,94693
94694,955250723,Carlos,Simo,94694
94695,865024158,Martin,Frutos,94695
94696,146387780,Trini,Cuervo,94696
94697,335479652,Chuy,Merino,94697
94698,571937227,Tomasa,Perera,94698
94699,673670969,Nydia,Lloret,94699
94700,140927356,Aristides,Bas,94700
94701,392554306,Miguela,Casanova,94701
94702,515460672,Emelina,Carretero,94702
94703,776208421,Heriberto,Serrano,94703
94704,424355563,Dionisia,Romero,94704
94705,299585259,Casandra,Pina,94705
94706,219944600,Fabian,Pombo,94706
94707,377514059,Aaron,Galvan,94707
94708,873704200,Custodia,Muniz,94708
94709,993925328,Ignacia,Estrada,94709
94710,920632064,Raul,Pou,94710
94711,584082133,Domitila,Caceres,94711
94712,285752818,Leon,Tome,94712
94713,664946621,Cosme,Canals,94713
94714,164622914,Pepe,Guillen,94714
94715,785346384,Daniela,Torrents,94715
94716,358705744,Tomasa,Ortiz,94716
94717,107413678,Magdalena,Roura,94717
94718,128060106,Bartolome,Pineiro,94718
94719,579881968,Genoveva,Olmo,94719
94720,510285276,Leandro,Monreal,94720
94721,375997243,Obdulia,Santana,94721
94722,661876407,Valerio,Company,94722
94723,759581152,Celso,Salcedo,94723
94724,300241026,Armida,Robles,94724
94725,886310973,Daniel,Casares,94725
94726,581636945,Veronica,Cabanas,94726
94727,918272493,Natalia,Cuadrado,94727
94728,979952880,Montserrat,Rojas,94728
94729,975964162,Mariana,Conde,94729
94730,673012216,Isaac,Luque,94730
94731,726680109,Dorita,Plana,94731
94732,655805753,Pablo,Priego,94732
94733,734693959,Goyo,Moles,94733
94734,825713234,Carolina,Larrea,94734
94735,458342045,Josefina,Calleja,94735
94736,705963755,Desiderio,Corral,94736
94737,573570481,Marcelino,Montalban,94737
94738,776674610,Isaac,Trujillo,94738
94739,400812614,Maria,Barbera,94739
94740,417753089,Eladio,Alegria,94740
94741,125545498,Manuela,Agustin,94741
94742,934709021,Alexandra,Borja,94742
94743,815217596,Eutropio,Nunez,94743
94744,975309255,Clementina,Pardo,94744
94745,697234928,Sigfrido,Anton,94745
94746,250688847,Asdrubal,Gomez,94746
94747,274597620,Melchor,Riba,94747
94748,490206468,Ines,Mayol,94748
94749,477921214,Jordan,Casanova,94749
94750,577648637,Benito,Saez,94750
94751,489892395,Bartolome,Torrens,94751
94752,461783396,Guadalupe,Perera,94752
94753,721724521,Azucena,Pombo,94753
94754,371922533,Panfilo,Casado,94754
94755,829245883,Jacinto,Saenz,94755
94756,945418544,Fulgencio,Haro,94756
94757,625790619,Sosimo,Aragon,94757
94758,531457366,Manu,Rueda,94758
94759,534812797,Cristina,Arino,94759
94760,505629661,Lorenza,Botella,94760
94761,268672452,Felicidad,Velazquez,94761
94762,299655398,Zaida,Andreu,94762
94763,740745966,Jose Luis,Benet,94763
94764,364448085,Pablo,Iriarte,94764
94765,973738408,Mauricio,Portillo,94765
94766,567822429,Juan Luis,Alegre,94766
94767,182226267,Pelayo,Cozar,94767
94768,914221034,Natanael,Redondo,94768
94769,519907228,Aitor,Bastida,94769
94770,980676743,Ana,Camara,94770
94771,583422952,Adoracion,Vara,94771
94772,820078296,Omar,Goni,94772
94773,484409667,Carina,Goni,94773
94774,998104183,Candida,Ferrer,94774
94775,305631756,Apolinar,Gordillo,94775
94776,203320265,Kike,Valera,94776
94777,306401821,Maximiano,Estevez,94777
94778,604699982,Irma,Maza,94778
94779,560006404,Hermenegildo,Gil,94779
94780,366043189,Regina,Real,94780
94781,625397864,Purificacion,Verdejo,94781
94782,833810729,Cristobal,Abad,94782
94783,334012695,Quirino,Viana,94783
94784,887309758,Estefania,Asensio,94784
94785,723399143,Amador,Aguilera,94785
94786,993136848,Rufina,Barba,94786
94787,848036377,Rosaura,Gimeno,94787
94788,429683424,Victoriano,Jover,94788
94789,740044099,Celestina,Iniguez,94789
94790,434192862,Maria Luisa,Arnal,94790
94791,104882357,Ciro,Bou,94791
94792,192342422,Pia,Sosa,94792
94793,388979304,Chema,Urrutia,94793
94794,885796343,Agapito,Melero,94794
94795,982466550,Carmelita,Tome,94795
94796,224186341,Veronica,Vila,94796
94797,261779563,Tere,Benito,94797
94798,103042117,Agueda,Madrigal,94798
94799,381851487,Fortunato,Salva,94799
94800,317385992,Guadalupe,Aviles,94800
94801,823761805,Angela,Pont,94801
94802,659482016,Marcio,Tur,94802
94803,111979864,Efrain,Pavon,94803
94804,936597922,Mario,Minguez,94804
94805,521784791,Severiano,Aragon,94805
94806,169421923,Maxi,Francisco,94806
94807,649813659,Rafael,Maza,94807
94808,382789489,Carina,Rosa,94808
94809,852280828,Amilcar,Guillen,94809
94810,875426078,Aranzazu,Camps,94810
94811,813727730,Cesar,Carrera,94811
94812,349403784,Mamen,Elorza,94812
94813,687922275,Florencia,Verdu,94813
94814,126115238,Abel,Riquelme,94814
94815,214588115,Paloma,Muniz,94815
94816,530663857,Armando,Leiva,94816
94817,415635174,Nayara,Aguilar,94817
94818,399983992,Manolo,Zabaleta,94818
94819,772596646,Carlota,Jove,94819
94820,256357653,Walter,Marquez,94820
94821,410390080,Tito,Sans,94821
94822,278733824,Gabriela,Terron,94822
94823,892377409,Arturo,Montenegro,94823
94824,983402565,Jenny,Aleman,94824
94825,292810208,Luciana,Mancebo,94825
94826,147691235,Nicanor,Bastida,94826
94827,199205010,Hilario,Gallo,94827
94828,947428807,Baltasar,Ramos,94828
94829,715283378,Hipolito,Luz,94829
94830,758964555,Eligio,Adadia,94830
94831,244180625,Toni,Rojas,94831
94832,250886064,Jose Antonio,Tejada,94832
94833,689440445,Jesus,Rodenas,94833
94834,630899888,Luz,Terron,94834
94835,150773330,Nereida,Puga,94835
94836,183177293,Chus,Barragan,94836
94837,456250090,Albert,Plana,94837
94838,986481478,Ruben,Montserrat,94838
94839,852659184,Telmo,Zabaleta,94839
94840,773102869,Primitivo,Poza,94840
94841,754228842,Cecilio,Saura,94841
94842,411300597,Severiano,Estevez,94842
94843,792588648,Atilio,Carro,94843
94844,643351718,Juan Pablo,Gallardo,94844
94845,124904674,Paulino,Prado,94845
94846,349600538,Zoraida,Campos,94846
94847,475944713,Ani,Peiro,94847
94848,644362182,Edu,Vega,94848
94849,794659388,Isabela,Marin,94849
94850,471754336,Claudio,Ricart,94850
94851,913389970,Sofia,Tena,94851
94852,605899380,Ignacio,Francisco,94852
94853,778568011,Emilio,Rosales,94853
94854,837779693,Ignacia,Oliver,94854
94855,588253165,Miriam,Diaz,94855
94856,836589228,Isabela,Salamanca,94856
94857,682448767,Magdalena,Laguna,94857
94858,610542816,Leyre,Soriano,94858
94859,573921177,Araceli,Abellan,94859
94860,539815787,Francisco Javier,Blanca,94860
94861,841278095,Alfonso,Diez,94861
94862,925663184,Clotilde,Posada,94862
94863,919292473,Adelina,Espada,94863
94864,438003142,Saturnino,Ayllon,94864
94865,671115456,Carolina,Amador,94865
94866,213403813,Jenaro,Gisbert,94866
94867,440454761,Ciriaco,Gomila,94867
94868,238670837,Candida,Galvez,94868
94869,296741802,Alfonso,Espana,94869
94870,334834487,Valero,Mendizabal,94870
94871,767496916,Bernardita,Serrano,94871
94872,682527542,Ines,Marin,94872
94873,498467604,Dulce,Fabregat,94873
94874,778160986,Aura,Soria,94874
94875,194016037,Alcides,Royo,94875
94876,161245659,Bernardita,Coca,94876
94877,618989882,Vera,Olivares,94877
94878,697808996,Seve,Conde,94878
94879,349740319,Saturnino,Pou,94879
94880,241240691,Iban,Bermejo,94880
94881,960228877,Florencio,Hernandez,94881
94882,669414870,Eleuterio,Coca,94882
94883,532599434,Virginia,Sastre,94883
94884,752177779,Duilio,Bayon,94884
94885,230299383,Ines,Sevilla,94885
94886,804252703,Quirino,Sanz,94886
94887,584507352,David,Checa,94887
94888,856033258,Margarita,Arrieta,94888
94889,861425449,Nicanor,Pedraza,94889
94890,377472728,Natalio,Caceres,94890
94891,490732994,Hortensia,Blanca,94891
94892,981004587,Macarena,Castillo,94892
94893,851883503,America,Tome,94893
94894,975002662,Margarita,Padilla,94894
94895,708410572,Marianela,Morera,94895
94896,707517541,Panfilo,Torrecilla,94896
94897,579095946,Jordi,Cantero,94897
94898,219920928,Jose,Juarez,94898
94899,765096845,Odalys,Llado,94899
94900,713178521,Godofredo,Carballo,94900
94901,376342250,Hector,Penalver,94901
94902,636253627,Lupita,Taboada,94902
94903,855252309,Pascual,Ortuno,94903
94904,409365687,Violeta,Bonet,94904
94905,906899247,Barbara,Sanjuan,94905
94906,994829310,Augusto,Velez,94906
94907,747372928,Artemio,Huguet,94907
94908,920959863,Javiera,Carrasco,94908
94909,564737719,Lourdes,Ruano,94909
94910,113358849,Elvira,Rueda,94910
94911,401591402,Elena,Bautista,94911
94912,286113573,Ximena,Crespo,94912
94913,762205254,Gracia,Gomez,94913
94914,447910622,Marc,Flor,94914
94915,746206875,Santos,Llado,94915
94916,589781884,Ana Sofia,Casas,94916
94917,781502246,Ursula,Aviles,94917
94918,644166877,Carmen,Penas,94918
94919,351242313,Bautista,Menendez,94919
94920,257106641,Alejandra,Menendez,94920
94921,273719856,Valero,Crespi,94921
94922,982685610,Jimena,Hierro,94922
94923,357173802,Eloy,Huertas,94923
94924,939336895,Esperanza,Valdes,94924
94925,425872673,Narciso,Juan,94925
94926,473188525,Aitor,Palau,94926
94927,467265733,Arturo,Vives,94927
94928,282672938,Brigida,Ugarte,94928
94929,803254641,Maximo,Serna,94929
94930,632040983,Marisa,Roca,94930
94931,955714542,Arturo,Adadia,94931
94932,277218087,Aurea,Navas,94932
94933,477547937,Pascual,Merino,94933
94934,131072562,Maria Belen,Hidalgo,94934
94935,309689117,Francisca,Pujadas,94935
94936,256439252,Jacinto,Carro,94936
94937,333762963,Esmeralda,Carranza,94937
94938,633814820,Leocadio,Calvet,94938
94939,300460293,Marisa,Bauza,94939
94940,554636583,Anastasio,Roman,94940
94941,432919032,Teofila,Barrera,94941
94942,631089327,Fabio,Vaquero,94942
94943,498119138,Jesus,Prado,94943
94944,695298385,Marciano,Capdevila,94944
94945,666196117,Maricela,Almagro,94945
94946,347190930,Magdalena,Alcazar,94946
94947,573913143,Trini,Puente,94947
94948,750830313,Jacinta,Valencia,94948
94949,722190970,Soledad,Larranaga,94949
94950,734819696,Roldan,Sales,94950
94951,839794789,Mariana,Morcillo,94951
94952,340161685,Morena,Santamaria,94952
94953,568113908,Noelia,Angulo,94953
94954,504701557,Alejo,Pedro,94954
94955,490111516,Xavier,Zurita,94955
94956,778404589,Marcela,Fabregat,94956
94957,991481655,Casemiro,Nevado,94957
94958,184891424,Chita,Chico,94958
94959,800770104,Herberto,Barbera,94959
94960,871320440,Clementina,Rovira,94960
94961,265952902,Joaquin,Larrea,94961
94962,725219362,Brunilda,Puig,94962
94963,142369639,Mauricio,Noguera,94963
94964,635782844,Visitacion,Barral,94964
94965,807049186,Almudena,Sanchez,94965
94966,343780086,Alejandro,Tello,94966
94967,635037071,Abilio,Sanabria,94967
94968,741180446,Anastasia,Zamorano,94968
94969,857889940,Eric,Verdu,94969
94970,470768993,Eligio,Prats,94970
94971,418166150,Cecilio,Velasco,94971
94972,606003035,Dario,Prat,94972
94973,814946072,Adrian,Ayuso,94973
94974,811644681,Cintia,Rodriguez,94974
94975,689259578,Asdrubal,Jorda,94975
94976,397583878,Aureliano,Cervera,94976
94977,832024742,Rebeca,Perera,94977
94978,447450859,Armando,Saez,94978
94979,357136686,Nayara,Mur,94979
94980,356253066,Amparo,Vina,94980
94981,433973795,Anastasio,Abad,94981
94982,326746377,Maria Carmen,Calatayud,94982
94983,167151640,Gerardo,Rocamora,94983
94984,800897241,Delfina,Santamaria,94984
94985,122286136,Octavio,Miro,94985
94986,531186450,Amancio,Buendia,94986
94987,114272254,Benjamin,Somoza,94987
94988,151933715,Angeles,Bou,94988
94989,232655092,Martirio,Palau,94989
94990,421384470,Pascual,Porta,94990
94991,232409309,Graciana,Barcelo,94991
94992,984393030,Angelino,Casanova,94992
94993,179300432,Herminio,Puerta,94993
94994,448162801,Josefina,Poza,94994
94995,611149982,Juana,Acedo,94995
94996,235443820,Abril,Iglesias,94996
94997,353731599,Anastasia,Segovia,94997
94998,694814173,Jenny,Mercader,94998
94999,906176356,Panfilo,Llado,94999
95000,738693117,Lucas,Seco,95000
95001,228374375,Maricela,Quintana,95001
95002,177846139,Teo,Soto,95002
95003,776484302,Graciela,Campoy,95003
95004,829950585,Chuy,Ramos,95004
95005,747112951,Marcial,Quintanilla,95005
95006,284903861,Eloy,Bejarano,95006
95007,695360991,Emilia,Diaz,95007
95008,440412632,Maria Carmen,Checa,95008
95009,312021751,Bernarda,Sacristan,95009
95010,377561840,Mirta,Marcos,95010
95011,591453390,Ambar,Cardenas,95011
95012,982556377,Begona,Maldonado,95012
95013,446460815,Hermenegildo,Ferran,95013
95014,673876750,Carmelo,Tejero,95014
95015,722108729,Andres,Folch,95015
95016,651900200,Evaristo,Falcon,95016
95017,597245682,Miguel,Castaneda,95017
95018,472379488,Melisa,Sanmartin,95018
95019,992522314,Brigida,Bonilla,95019
95020,850416572,Modesto,Soler,95020
95021,617820684,Rosalva,Pelayo,95021
95022,344750428,Sabina,Galan,95022
95023,180087814,Cloe,Leiva,95023
95024,390411290,Ale,Quintero,95024
95025,790730387,Sabas,Villalonga,95025
95026,871662689,Fidela,Gallart,95026
95027,837636669,Josefina,Segui,95027
95028,178287644,Salud,Vall,95028
95029,968228771,Fermin,Zamorano,95029
95030,193119898,Rolando,Ballesteros,95030
95031,150062556,Dolores,Jauregui,95031
95032,451386978,Curro,Valcarcel,95032
95033,742202195,Fausto,Vilaplana,95033
95034,475309337,Gracia,Paez,95034
95035,799980624,Adan,Salas,95035
95036,188352188,Maite,Porta,95036
95037,505713809,Gracia,Lucas,95037
95038,562228747,Vilma,Somoza,95038
95039,939346054,Marta,Daza,95039
95040,765622798,Climaco,Carpio,95040
95041,219662175,Malena,Navarrete,95041
95042,700981353,Zaida,Roman,95042
95043,137489944,Edu,Patino,95043
95044,861148080,Mauricio,Exposito,95044
95045,194877467,Alma,Morales,95045
95046,339265392,Victoriano,Vendrell,95046
95047,262625074,Guiomar,Arribas,95047
95048,215382068,Urbano,Coca,95048
95049,978065465,Nacio,Solano,95049
95050,601411057,Eutropio,Ramos,95050
95051,810014834,Silvio,Paredes,95051
95052,710530362,Ana Belen,Gomis,95052
95053,860786018,Eligio,Berrocal,95053
95054,397518072,Delia,Cid,95054
95055,556700208,Carla,Cisneros,95055
95056,976229205,Miriam,Matas,95056
95057,537181141,Heliodoro,Vilanova,95057
95058,758625671,Severiano,Ferran,95058
95059,344655353,Amanda,Reina,95059
95060,449879006,Panfilo,Pulido,95060
95061,132618202,Jose Ignacio,Pina,95061
95062,399070010,Cecilia,Garcia,95062
95063,478290741,Jose,Mas,95063
95064,442837327,Lorenzo,Garces,95064
95065,368668470,Anita,Morillo,95065
95066,147813577,Francisco Jose,Aznar,95066
95067,893617410,Gervasio,Cabello,95067
95068,284135348,Catalina,Colom,95068
95069,648142074,Geraldo,Burgos,95069
95070,563849132,Jaime,Aguilera,95070
95071,667325030,Romulo,Carnero,95071
95072,877543357,Eulalia,Escriva,95072
95073,889243574,Maxi,Verdugo,95073
95074,656963967,Vasco,Miralles,95074
95075,146842616,Teodosio,Mata,95075
95076,930203232,Quirino,Falco,95076
95077,148376401,Horacio,Rosa,95077
95078,918424497,Aurelia,Losada,95078
95079,368578631,Sofia,Figueroa,95079
95080,426830801,Diana,Andrade,95080
95081,309563935,Nazario,Puente,95081
95082,122399410,Constanza,Uribe,95082
95083,178656354,Maria Pilar,Rueda,95083
95084,835383784,Vito,Lasa,95084
95085,654607433,Marcelo,Vila,95085
95086,520654531,Isidora,Solera,95086
95087,155403673,Maristela,Casanova,95087
95088,743179949,Alejo,Carpio,95088
95089,327468538,Lino,Nino,95089
95090,595063318,Isaura,Piquer,95090
95091,864254226,Ciro,Moran,95091
95092,496058794,Isabela,Rodenas,95092
95093,141698007,Lina,Soto,95093
95094,651840071,Julie,Borrell,95094
95095,927074277,Reyes,Macias,95095
95096,639267697,Pepito,Puente,95096
95097,242276401,Julia,Mayol,95097
95098,855789373,Julio Cesar,Sacristan,95098
95099,378689789,Francisca,Bustamante,95099
95100,163012083,Veronica,Tolosa,95100
95101,181698885,Marcos,Nebot,95101
95102,212370233,Kike,Porcel,95102
95103,289097026,Rolando,Guillen,95103
95104,417275204,Concepcion,Pedraza,95104
95105,782935061,Ivan,Tejero,95105
95106,416914022,Paola,Toro,95106
95107,491061178,Guiomar,Rozas,95107
95108,105514610,Manu,Gallart,95108
95109,601901237,Roldan,Aguirre,95109
95110,814383662,Anna,Olive,95110
95111,968586814,Clarisa,Llamas,95111
95112,694458825,Alvaro,Ibanez,95112
95113,604593377,Abilio,Pujol,95113
95114,129206998,Malena,Calderon,95114
95115,441868363,Vicenta,Blanch,95115
95116,174182150,Regina,Carbonell,95116
95117,977627079,Dimas,Rubio,95117
95118,209645021,Visitacion,Ripoll,95118
95119,521611123,Ruy,Galvan,95119
95120,875255990,Melisa,Manrique,95120
95121,468283986,Encarnacion,Rico,95121
95122,638471462,Azeneth,Plaza,95122
95123,699209532,Calixta,Galvez,95123
95124,610446720,Nazaret,Malo,95124
95125,643845360,Cruz,Falcon,95125
95126,685653755,Maria Fernanda,Aznar,95126
95127,566568910,Marta,Cadenas,95127
95128,413106080,Modesta,Vera,95128
95129,125625615,Roberto,Crespi,95129
95130,668852529,Luna,Abellan,95130
95131,281216026,Climaco,Canals,95131
95132,518883558,Manu,Castells,95132
95133,661717233,Luisa,Riera,95133
95134,268410162,Saturnino,Roda,95134
95135,609625119,Iris,Caparros,95135
95136,277486299,Hilario,Terron,95136
95137,448319346,Reyes,Llado,95137
95138,484829117,Amaya,Vazquez,95138
95139,393657843,Herberto,Cases,95139
95140,217133349,Martirio,Coll,95140
95141,442563833,Anselma,Losada,95141
95142,613178796,Espiridion,Losa,95142
95143,453502160,Ovidio,Molina,95143
95144,590872733,Juan Bautista,Dalmau,95144
95145,443094454,Pancho,Ribas,95145
95146,978829855,Joan,Cervera,95146
95147,100191896,Matias,Vergara,95147
95148,297612851,Conrado,Pla,95148
95149,230843665,Aitana,Serna,95149
95150,179288244,Pili,Palau,95150
95151,862533383,Tristan,Alcalde,95151
95152,593686555,Olegario,Castell,95152
95153,519061414,Nieves,Morales,95153
95154,718045856,Visitacion,Alvarado,95154
95155,302722820,Cruz,Montes,95155
95156,654693885,Clemente,Pujol,95156
95157,161569492,Odalis,Valencia,95157
95158,569078164,Bernardo,Bonet,95158
95159,662637647,Febe,Pineiro,95159
95160,781373996,Fabiana,Nicolas,95160
95161,388296626,Roque,Poza,95161
95162,375842712,Donato,Recio,95162
95163,821292707,Cruz,Garces,95163
95164,818023237,Rafael,Adan,95164
95165,939318127,Agustin,Segura,95165
95166,563579656,Cirino,Guillen,95166
95167,779668318,Cristobal,Guardiola,95167
95168,925034877,Fabiana,Polo,95168
95169,532725637,Nazaret,Porras,95169
95170,934176761,Edu,Corominas,95170
95171,221989219,Melisa,Manjon,95171
95172,968634451,Marcela,Llorente,95172
95173,288077227,Gracia,Arcos,95173
95174,690670227,Nieves,Contreras,95174
95175,684832399,Paca,Bello,95175
95176,608740617,Raquel,Garate,95176
95177,187022544,Amarilis,Corbacho,95177
95178,201975543,Chus,Lerma,95178
95179,253641996,Cristina,Haro,95179
95180,598072058,Macario,Carmona,95180
95181,933125843,Amor,Rodriguez,95181
95182,372780508,Yaiza,Cozar,95182
95183,437978207,Vinicio,Benavente,95183
95184,523690498,Maria Carmen,Lago,95184
95185,848165655,Abraham,Gordillo,95185
95186,207571787,Tomasa,Ariza,95186
95187,225321575,Rufino,Belmonte,95187
95188,531618130,Chita,Ibanez,95188
95189,131128377,Roque,Corral,95189
95190,871283036,Alma,Suarez,95190
95191,905306420,Amado,Cabanillas,95191
95192,949318890,Jeronimo,Ayllon,95192
95193,538794719,Emilia,Silva,95193
95194,725730401,Adriana,Grande,95194
95195,781304763,Viviana,Frias,95195
95196,892346001,Alfredo,Amores,95196
95197,705488752,Iban,Morera,95197
95198,777009996,Adelardo,Fuentes,95198
95199,479254566,Juan Antonio,Pelayo,95199
95200,912693454,Cleto,Bautista,95200
95201,693162645,Carmelo,Martin,95201
95202,153746133,Pascual,Carbajo,95202
95203,520359647,Lilia,Nogues,95203
95204,195245767,Fernanda,Montesinos,95204
95205,732992130,Ema,Valera,95205
95206,731700485,Benita,Cervantes,95206
95207,348956322,Bernarda,Barrena,95207
95208,760198532,Nicolasa,Vazquez,95208
95209,167154460,Wilfredo,Ferran,95209
95210,123771417,Aureliano,Armas,95210
95211,721814465,Candida,Sainz,95211
95212,925069380,Renata,Roig,95212
95213,188080474,Nico,Villar,95213
95214,301261650,Mariana,Solana,95214
95215,190159865,Almudena,Bernad,95215
95216,456128950,Cloe,Morante,95216
95217,109090566,Felicidad,Gimeno,95217
95218,498973450,Jovita,Campo,95218
95219,331560711,Jose Manuel,Enriquez,95219
95220,727532640,Abril,Bravo,95220
95221,989604366,Placido,Villanueva,95221
95222,356524802,Pacifica,Tome,95222
95223,509918679,Goyo,Fuentes,95223
95224,420466440,Felicidad,Ferrandiz,95224
95225,921498844,Claudio,Roig,95225
95226,180692526,Geraldo,Escobar,95226
95227,273183275,Yaiza,Mateos,95227
95228,820322925,Jose Angel,Torrents,95228
95229,247454264,Emelina,Montoya,95229
95230,324662117,Felipa,Montesinos,95230
95231,741466062,Leopoldo,Zamorano,95231
95232,350733208,Guiomar,Torralba,95232
95233,267451563,Haydee,Morillo,95233
95234,822844675,Marcio,Guitart,95234
95235,656427240,Tamara,Sebastian,95235
95236,270488864,Isaura,Carbajo,95236
95237,533520187,Pacifica,Alegre,95237
95238,717592481,Tomas,Poza,95238
95239,851028853,Gaston,Salazar,95239
95240,963047281,Isidora,Solera,95240
95241,795393439,Macario,Feliu,95241
95242,775068977,Rita,Cases,95242
95243,183054997,Ovidio,Romero,95243
95244,744740019,Basilio,Caparros,95244
95245,548064842,Dalila,Pizarro,95245
95246,592800159,Renata,Mugica,95246
95247,277432807,Mauricio,Aguilo,95247
95248,876072113,Curro,Marino,95248
95249,833223516,Josefina,Sotelo,95249
95250,269220716,Domitila,Rocha,95250
95251,144960385,Joaquina,Diez,95251
95252,996598270,Teodora,Sola,95252
95253,613850533,Melisa,Rosales,95253
95254,632165484,Ariel,Alba,95254
95255,507575342,Marisol,Sabater,95255
95256,964847635,Rosendo,Oller,95256
95257,597412719,Merche,Santamaria,95257
95258,723696338,Sigfrido,Salas,95258
95259,333429637,Felipa,Olivares,95259
95260,436456505,Flavia,Bernad,95260
95261,820680261,Armando,Paz,95261
95262,967485038,Luis Miguel,Batlle,95262
95263,802869956,Maxi,Calleja,95263
95264,923026648,Fabiana,Marino,95264
95265,279503341,Elba,Plana,95265
95266,468711641,Ulises,Ortiz,95266
95267,191752097,Maria Luisa,Pino,95267
95268,734261577,Paca,Garmendia,95268
95269,917494950,Nicolas,Vinas,95269
95270,299649374,Manuela,Espinosa,95270
95271,613881994,Roque,Ferreras,95271
95272,290334971,Julio Cesar,Ferrandiz,95272
95273,550957684,Calisto,Cabezas,95273
95274,271494682,Trinidad,Reyes,95274
95275,990128066,Emelina,Palomo,95275
95276,951675804,Evaristo,Montana,95276
95277,170246330,Obdulia,Alegre,95277
95278,808315613,Teodora,Jorda,95278
95279,436522665,Odalis,Franco,95279
95280,664111711,Haydee,Casares,95280
95281,128406796,Fabian,Quintero,95281
95282,621250176,Olegario,Ferrera,95282
95283,611338686,Aura,Cozar,95283
95284,633808599,Ruben,Gamez,95284
95285,505694267,Aurora,Duran,95285
95286,718955100,Moreno,Donaire,95286
95287,492226551,Alondra,Arce,95287
95288,292354590,Eugenia,Alamo,95288
95289,619672322,Diego,Roma,95289
95290,148966561,Joaquina,Arroyo,95290
95291,484071708,Natalia,Garces,95291
95292,606895775,Jose Mari,Bernat,95292
95293,198575926,Anacleto,Enriquez,95293
95294,800167608,Nacio,Valles,95294
95295,663642775,Bernardo,Montenegro,95295
95296,127125092,Seve,Julia,95296
95297,156776576,Maura,Marquez,95297
95298,662333977,Alondra,Palacios,95298
95299,129857474,Nuria,Santana,95299
95300,626808060,Juan Bautista,Arrieta,95300
95301,842937188,Amada,Rivera,95301
95302,109398280,Camilo,Aguilo,95302
95303,389775423,Hermenegildo,Mur,95303
95304,636030513,Concha,Zabaleta,95304
95305,936258519,Charo,Tomas,95305
95306,355512380,Pili,Galvan,95306
95307,813846158,Nando,Oliver,95307
95308,896554640,Jimena,Daza,95308
95309,648027546,Calixta,Santamaria,95309
95310,948003016,Carlos,Conesa,95310
95311,352228958,Jimena,Minguez,95311
95312,885297882,Angelica,Domingo,95312
95313,253387076,Feliciano,Grau,95313
95314,232888946,Alfredo,Herrera,95314
95315,205189777,Gaspar,Lorenzo,95315
95316,177945313,Benito,Soriano,95316
95317,839660528,Loida,Alonso,95317
95318,631049981,Carmelo,Garriga,95318
95319,799368009,Calixta,Almagro,95319
95320,641254924,Tecla,Tur,95320
95321,981446862,Perlita,Amores,95321
95322,629105104,Natalio,Briones,95322
95323,527587259,Dorita,Hoz,95323
95324,710095667,Gonzalo,Roma,95324
95325,380918926,Chus,Miguel,95325
95326,171653351,Mario,Espada,95326
95327,171422082,Pablo,Reig,95327
95328,953241122,Ines,Mesa,95328
95329,613627588,Valentin,Sole,95329
95330,233361191,Zaida,Estevez,95330
95331,189719333,Onofre,Fuentes,95331
95332,227636535,Federico,Lerma,95332
95333,660764401,Ernesto,Menendez,95333
95334,247316566,Veronica,Nino,95334
95335,405864365,Olalla,Prats,95335
95336,119686532,Renata,Cabrera,95336
95337,943174731,Estela,Pujadas,95337
95338,383528347,Goyo,Solana,95338
95339,389879620,Manolo,Alvarez,95339
95340,630787412,Nazaret,Boix,95340
95341,466069448,Angelino,Diaz,95341
95342,742561773,Alexandra,Arcos,95342
95343,188253107,Victoria,Rico,95343
95344,584542500,Eloisa,Puig,95344
95345,821971487,Sabas,Amoros,95345
95346,307613508,Juanita,Arana,95346
95347,376778933,Itziar,Valenzuela,95347
95348,413754938,Edelmiro,Ripoll,95348
95349,388077430,Ildefonso,Lozano,95349
95350,204648405,Gertrudis,Calderon,95350
95351,600712519,Rosalinda,Vilar,95351
95352,408768393,Fabricio,Iborra,95352
95353,814014638,Marco,Calvo,95353
95354,287390399,Calixta,Montserrat,95354
95355,958889663,Maria Carmen,Castillo,95355
95356,245277934,Florentina,Huguet,95356
95357,403268304,Desiderio,Escalona,95357
95358,196203080,Virgilio,Revilla,95358
95359,642228139,Felix,Domingo,95359
95360,359362359,Jordan,Pedraza,95360
95361,371375050,Gloria,Salom,95361
95362,269863714,Margarita,Murcia,95362
95363,387656048,Soraya,Cuevas,95363
95364,927120758,Benigna,Hervas,95364
95365,535334328,Purificacion,Donaire,95365
95366,891767922,Elba,Lujan,95366
95367,354528270,Buenaventura,Martin,95367
95368,313313602,Nereida,Cuevas,95368
95369,843482073,Milagros,Ojeda,95369
95370,423764858,Nuria,Reguera,95370
95371,704130177,Barbara,Busquets,95371
95372,534377679,Corona,Cuadrado,95372
95373,521166969,Leocadia,Zabaleta,95373
95374,423533540,Rosa Maria,Ledesma,95374
95375,154085414,Haydee,Cabrera,95375
95376,419163617,Severino,Camara,95376
95377,464106730,Miguel Angel,Arnal,95377
95378,230249039,Hipolito,Cerezo,95378
95379,856925256,Cirino,Royo,95379
95380,693613715,Natividad,Porta,95380
95381,335207270,Maria Dolores,Corral,95381
95382,266722419,Carmina,Valenzuela,95382
95383,459451493,Martirio,Tormo,95383
95384,287493232,Fanny,Botella,95384
95385,693619926,Gabino,Baro,95385
95386,510207175,Florencio,Acedo,95386
95387,959488173,Noe,Campos,95387
95388,991897163,Adelina,Campoy,95388
95389,135973625,Angeles,Valls,95389
95390,592804852,Adela,Zorrilla,95390
95391,326862451,Reyes,Romeu,95391
95392,800371794,Ainara,Adadia,95392
95393,812908418,Andrea,Folch,95393
95394,997180643,Maria Teresa,Armengol,95394
95395,431409889,Silvia,Contreras,95395
95396,439891522,Isa,Rocamora,95396
95397,487046112,Paz,Berenguer,95397
95398,692901088,Salomon,Lorenzo,95398
95399,216821526,Benita,Ponce,95399
95400,647362398,Rosa,Juarez,95400
95401,344193499,Nicolas,Cabo,95401
95402,209751936,Quique,Segarra,95402
95403,959225588,Ariel,Crespo,95403
95404,216645653,Delfina,Ferrandiz,95404
95405,667053617,Maria Belen,Lumbreras,95405
95406,609714240,Aranzazu,Lobo,95406
95407,658159757,Arsenio,Becerra,95407
95408,707497657,Candelaria,Barranco,95408
95409,133599663,Clarisa,Barriga,95409
95410,918555354,Apolonia,Mur,95410
95411,209887562,Severino,Araujo,95411
95412,821440418,Celia,Quesada,95412
95413,798892748,Cloe,Castejon,95413
95414,346658812,Catalina,Alfonso,95414
95415,558586705,Teofila,Velazquez,95415
95416,281319941,Angelino,Rebollo,95416
95417,764731730,Rebeca,Barco,95417
95418,158963358,Estrella,Menendez,95418
95419,324494190,Eligio,Ocana,95419
95420,443290776,Loreto,Padilla,95420
95421,903195439,Rosario,Roma,95421
95422,696015162,Amando,Berenguer,95422
95423,150323463,Claudia,Nunez,95423
95424,249902593,Silvio,Rueda,95424
95425,171685544,Belen,Hoz,95425
95426,224234603,Jose,Esteve,95426
95427,708625985,Dimas,Checa,95427
95428,985310929,Luna,Conesa,95428
95429,544289341,Natalio,Ferrandez,95429
95430,830144401,Rosario,Lastra,95430
95431,728632459,Ainara,Carbo,95431
95432,976258138,Cristian,Vall,95432
95433,597056705,Hector,Alcalde,95433
95434,766832177,Roman,Anaya,95434
95435,675134602,Feliciana,Lorenzo,95435
95436,790811804,Belen,Mariscal,95436
95437,274914677,Clarisa,Mulet,95437
95438,989092115,Marc,Larranaga,95438
95439,982214260,Jenaro,Pages,95439
95440,835691218,Vicenta,Garrido,95440
95441,752778451,Selena,Valverde,95441
95442,931380554,Mirta,Flores,95442
95443,263807637,Laura,Paredes,95443
95444,169194649,Candido,Catala,95444
95445,759172674,Teresita,Miralles,95445
95446,493504231,Belen,Vila,95446
95447,178513780,Carolina,Quiros,95447
95448,632075840,Apolonia,Calleja,95448
95449,814014157,Jose Ramon,Sanmartin,95449
95450,688624441,Olivia,Santos,95450
95451,774151774,Cosme,Acedo,95451
95452,374409651,Curro,Folch,95452
95453,198017884,Clemente,Sastre,95453
95454,778150804,Jacobo,Llano,95454
95455,602236821,Luisa,Iniguez,95455
95456,309050055,Celestino,Gelabert,95456
95457,528537394,Javiera,Pelayo,95457
95458,405955328,Maxima,Tamarit,95458
95459,925785699,Evelia,Valle,95459
95460,356181705,Inmaculada,Lago,95460
95461,869741893,Fabio,Becerra,95461
95462,880248946,Ruy,Alamo,95462
95463,103391140,Ramon,Munoz,95463
95464,962246696,Asuncion,Baron,95464
95465,336313180,Moreno,Palmer,95465
95466,279795812,Bernarda,Pina,95466
95467,684806280,Joel,Alba,95467
95468,567224559,Casandra,Castejon,95468
95469,388497117,Lucila,Guzman,95469
95470,393164765,Tania,Saavedra,95470
95471,190026984,Miguel Angel,Laguna,95471
95472,708884723,Daniel,Sainz,95472
95473,541195439,Jennifer,Minguez,95473
95474,889823779,Tomas,Escribano,95474
95475,134243117,Renata,Company,95475
95476,610024721,Palmira,Oliver,95476
95477,176016483,Jose Antonio,Cabrero,95477
95478,837284459,Mar,Gracia,95478
95479,918437133,Esmeralda,Sevilla,95479
95480,807209951,Maura,Pacheco,95480
95481,135077465,Adolfo,Pineiro,95481
95482,675948101,Julia,Rodrigo,95482
95483,231309254,Romulo,Barcena,95483
95484,463674220,Africa,Torrents,95484
95485,245228282,Alonso,Lucena,95485
95486,856082110,Ezequiel,Vargas,95486
95487,425932869,Gerardo,Leiva,95487
95488,205006033,Amparo,Llado,95488
95489,423505103,Poncio,Vidal,95489
95490,242494926,Natalio,Otero,95490
95491,922952107,Paca,Ripoll,95491
95492,383278720,Jose Manuel,Bernat,95492
95493,461841461,Martirio,Segura,95493
95494,769915854,Clotilde,Delgado,95494
95495,820078072,Anastasia,Amores,95495
95496,873599662,Gertrudis,Vall,95496
95497,155148505,Francisca,Porcel,95497
95498,301637600,Carlos,Pont,95498
95499,454967456,Victorino,Quevedo,95499
95500,663941111,Gonzalo,Rodriguez,95500
95501,931086794,Rafaela,Barros,95501
95502,489458833,Felix,Castaneda,95502
95503,300421279,Juan Jose,Saldana,95503
95504,492217112,Aaron,Barragan,95504
95505,211525524,Loreto,Puerta,95505
95506,721991247,Jose Maria,Pujol,95506
95507,183389363,Nando,Esteban,95507
95508,831815685,Roman,Tapia,95508
95509,695152869,Eduardo,Calvo,95509
95510,176057434,Leon,Falcon,95510
95511,148355672,Coral,Maldonado,95511
95512,852228699,Violeta,Reig,95512
95513,450920534,Silvia,Rojas,95513
95514,503749866,Maricruz,Perez,95514
95515,921133922,Aurelio,Agullo,95515
95516,384524713,Teodosio,Prats,95516
95517,969247113,Albano,Iriarte,95517
95518,987801193,Sara,Salcedo,95518
95519,626459621,Trinidad,Sancho,95519
95520,839022715,Ildefonso,Zapata,95520
95521,348130932,Florentina,Domingo,95521
95522,407357427,Bernardino,Rico,95522
95523,183672843,Apolonia,Zamora,95523
95524,573959513,Carmelo,Angulo,95524
95525,514727935,Renata,Vizcaino,95525
95526,817332433,Adelia,Ayala,95526
95527,485600204,Cristian,Tejada,95527
95528,233633370,Nelida,Porras,95528
95529,224819995,Rafael,Lobo,95529
95530,910608054,Eulalia,Canizares,95530
95531,753618329,Amparo,Solis,95531
95532,948351602,Agapito,Cuellar,95532
95533,292415048,Emma,Ledesma,95533
95534,950174719,Eva,Ruiz,95534
95535,121863335,Berta,Cabeza,95535
95536,666033910,Renata,Lluch,95536
95537,666817294,Rafael,Pacheco,95537
95538,409430034,Bernardo,Espejo,95538
95539,272070107,Cirino,Gabaldon,95539
95540,331139543,Marta,Salinas,95540
95541,761292180,Berto,Zapata,95541
95542,206791367,Almudena,Valverde,95542
95543,364224652,Vinicio,Cazorla,95543
95544,284505767,Brigida,Alcaraz,95544
95545,827997687,Camilo,Busquets,95545
95546,464475049,Severo,Cabeza,95546
95547,836442429,Ivan,Fortuny,95547
95548,246700740,Narcisa,Collado,95548
95549,800776348,Jose Angel,Alcaraz,95549
95550,386118451,Angeles,Mayoral,95550
95551,283226249,Samu,Montero,95551
95552,596596534,Bartolome,Polo,95552
95553,338023350,Arsenio,Cruz,95553
95554,556388245,Sonia,Carvajal,95554
95555,345131309,Benigno,Llado,95555
95556,827317477,Ines,Neira,95556
95557,979020658,Jose Manuel,Mayo,95557
95558,344148731,Melania,Atienza,95558
95559,405037685,Felicia,Falcon,95559
95560,173974879,Leire,Garzon,95560
95561,373386512,Toni,Hierro,95561
95562,749858259,Paula,Sans,95562
95563,279794183,Conrado,Quiroga,95563
95564,683794219,Nicanor,Pont,95564
95565,875496163,Aureliano,Arrieta,95565
95566,659299429,Sergio,Hernando,95566
95567,845475220,Lidia,Nicolau,95567
95568,735089985,Horacio,Rios,95568
95569,810997471,Maria Dolores,Vicens,95569
95570,416744010,Cristobal,Pozuelo,95570
95571,368608962,Luna,Rueda,95571
95572,240851458,Elena,Correa,95572
95573,795147385,Gaston,Company,95573
95574,397918393,Calisto,Sebastian,95574
95575,511940197,Graciano,Iniesta,95575
95576,286224858,Maria Cristina,Palomo,95576
95577,130738320,Samu,Albero,95577
95578,988947201,Socorro,Corbacho,95578
95579,117022203,Inmaculada,Oliva,95579
95580,942927130,Cecilio,Cervera,95580
95581,709671449,Ariadna,Almazan,95581
95582,119893008,Timoteo,Anton,95582
95583,680105175,Adrian,Estevez,95583
95584,926504351,Ale,Tejada,95584
95585,375108894,Ruy,Corominas,95585
95586,872339780,Emelina,Corral,95586
95587,255127020,Ana,Rodenas,95587
95588,574637360,Rafaela,Santos,95588
95589,426650152,Nazaret,Nunez,95589
95590,936097578,Remedios,Valenzuela,95590
95591,500957513,Delia,Carreno,95591
95592,257014116,Octavio,Araujo,95592
95593,672563122,Hugo,Barros,95593
95594,460059782,Remedios,Uria,95594
95595,347519258,Eli,Coca,95595
95596,409055858,Segismundo,Carrion,95596
95597,905837271,Toribio,Guerra,95597
95598,180143281,Artemio,Llorente,95598
95599,972898562,Benigno,Pi,95599
95600,312913749,Filomena,Galvez,95600
95601,200586384,Maximino,Sancho,95601
95602,939126888,Felicia,Martorell,95602
95603,550414554,Adora,Vinas,95603
95604,260497259,Regina,Roldan,95604
95605,249473795,Hilario,Tejada,95605
95606,710412093,Chucho,Borrell,95606
95607,432547159,Odalis,Arcos,95607
95608,820260345,Chus,Zurita,95608
95609,384017067,Elisa,Fuster,95609
95610,584459821,Reyes,Naranjo,95610
95611,245149741,Olga,Baez,95611
95612,747859509,Lorenza,Manso,95612
95613,510910028,Godofredo,Valbuena,95613
95614,140571204,Juliana,Frutos,95614
95615,777350983,Marco,Fuentes,95615
95616,716116685,Pascual,Matas,95616
95617,852675201,Eric,Gomez,95617
95618,578720772,Felicidad,Fernandez,95618
95619,955344377,Sandra,Lumbreras,95619
95620,778305385,Morena,Fuertes,95620
95621,174404960,Maxima,Agustin,95621
95622,461441502,Fortunato,Cervera,95622
95623,677052541,Maximiliano,Amigo,95623
95624,638790565,Tamara,Arregui,95624
95625,277978828,Maria,Batlle,95625
95626,684469875,Jose Mari,Mendez,95626
95627,153522818,Tecla,Colomer,95627
95628,773870318,Brunilda,Ricart,95628
95629,881502738,Anita,Somoza,95629
95630,313941848,Juliana,Carbajo,95630
95631,310437653,Cristobal,Ramon,95631
95632,714531806,Moises,Lucas,95632
95633,246559756,Visitacion,Mari,95633
95634,903552786,Jeronimo,Urena,95634
95635,325917640,Jesus,Echevarria,95635
95636,875723988,Agueda,Arnal,95636
95637,687612574,Marcela,Canton,95637
95638,210827680,Edelmira,Artigas,95638
95639,137533639,Jonatan,Alcala,95639
95640,462840098,Lucia,Flores,95640
95641,890979754,Trinidad,Muniz,95641
95642,767990460,Lucia,Mercader,95642
95643,599493942,Anita,Sarmiento,95643
95644,858334095,Oscar,Tenorio,95644
95645,742098420,Chita,Pons,95645
95646,217540120,Zaira,Bauza,95646
95647,200481258,Esperanza,Pineda,95647
95648,339151687,Teofilo,Martinez,95648
95649,619438029,Maricruz,Vendrell,95649
95650,626878169,Loida,Cano,95650
95651,532628215,Soraya,Blanca,95651
95652,922743036,Gisela,Angulo,95652
95653,226327905,Bautista,Santamaria,95653
95654,394110030,Albina,Vega,95654
95655,742182731,Calixta,Girona,95655
95656,527752182,Hernan,Hurtado,95656
95657,687824551,David,Pla,95657
95658,937058847,Zoraida,Guijarro,95658
95659,983144393,Ainara,Alcaraz,95659
95660,993771977,Juan Manuel,Barros,95660
95661,875578699,Teo,Vaquero,95661
95662,765633447,Javier,Vidal,95662
95663,406934086,Sonia,Anguita,95663
95664,720556475,Alejandro,Fabregat,95664
95665,632435540,Cruz,Moliner,95665
95666,990530232,Nazario,Sanabria,95666
95667,796919559,Cristobal,Campoy,95667
95668,994044833,Enrique,Aroca,95668
95669,978633344,Esmeralda,Sanz,95669
95670,562420969,Jose Miguel,Guitart,95670
95671,328358888,Nicodemo,Pellicer,95671
95672,737109083,Esteban,Almeida,95672
95673,888580856,Gabriel,Neira,95673
95674,374853797,Erasmo,Alcaraz,95674
95675,706792976,Tania,Leiva,95675
95676,555777193,Micaela,Camara,95676
95677,973026747,Anunciacion,Olivares,95677
95678,641022710,Socorro,Sotelo,95678
95679,910582214,Walter,Juarez,95679
95680,842790893,Rufina,Solano,95680
95681,631452723,Graciano,Luna,95681
95682,907742860,Micaela,Guijarro,95682
95683,616656855,Claudia,Andres,95683
95684,376289100,Galo,Navarro,95684
95685,992387687,Isidoro,Giron,95685
95686,582316375,Caridad,Egea,95686
95687,864822373,Pascual,Millan,95687
95688,427521594,Isaias,Mugica,95688
95689,998281159,Isaura,Zorrilla,95689
95690,359802018,Isaura,Mayo,95690
95691,121984703,Melisa,Segui,95691
95692,574222329,Agustina,Aguilar,95692
95693,697911340,Esteban,Berrocal,95693
95694,323896296,Teofilo,Campo,95694
95695,758264426,Edgardo,Egea,95695
95696,401766363,Bonifacio,Ayllon,95696
95697,279205918,Atilio,Ferrera,95697
95698,636509383,Heriberto,Roman,95698
95699,662763895,Maxima,Sotelo,95699
95700,578042612,Dimas,Bermudez,95700
95701,239209078,Andres Felipe,Espejo,95701
95702,744766373,Francisco Javier,Cerda,95702
95703,549627668,Irma,Guzman,95703
95704,205070375,Edgar,Perez,95704
95705,689945069,Domingo,Carrasco,95705
95706,998182745,Leticia,Figueroa,95706
95707,763856719,Paloma,Mur,95707
95708,980959759,Inocencio,Sebastian,95708
95709,569140284,Ariel,Duque,95709
95710,181017827,Rodolfo,Arce,95710
95711,565351312,Santos,Barbera,95711
95712,471210617,Lucio,Morillo,95712
95713,850283621,Agueda,Paredes,95713
95714,807257019,Clotilde,Costa,95714
95715,186217642,Martin,Correa,95715
95716,119834386,Florentina,Garmendia,95716
95717,402663742,Amarilis,Vallejo,95717
95718,800878455,Nilo,Murcia,95718
95719,481296402,Arturo,Figueras,95719
95720,631070709,Lucio,Espana,95720
95721,323699490,Benigna,Yanez,95721
95722,752640256,Julie,Pedro,95722
95723,104186183,Olivia,Lledo,95723
95724,801659461,Eusebio,Peral,95724
95725,101331257,Tamara,Guillen,95725
95726,421225691,Jennifer,Montalban,95726
95727,505420141,Patricia,Calzada,95727
95728,308848590,Saturnino,Camps,95728
95729,641373821,Felix,Campillo,95729
95730,329497575,Regulo,Mascaro,95730
95731,397831950,Moises,Castell,95731
95732,122982159,Paz,Hierro,95732
95733,196560085,Selena,Jimenez,95733
95734,905066953,Elpidio,Avila,95734
95735,551884739,Iker,Aller,95735
95736,720029960,Julie,Vicens,95736
95737,533643519,Belen,Morell,95737
95738,359136241,Enrique,Alcolea,95738
95739,135822819,Alejo,Estevez,95739
95740,739315861,Jenny,Buendia,95740
95741,305478321,Carlos,Hoz,95741
95742,186958715,Inocencio,Rosell,95742
95743,272238130,Nacho,Almeida,95743
95744,727633634,Carmelita,Cases,95744
95745,729033749,Julia,Quiroga,95745
95746,414244970,Danilo,Somoza,95746
95747,488850226,Josep,Galvez,95747
95748,224845254,Rafael,Anguita,95748
95749,122547973,Eulalia,Estevez,95749
95750,185186465,Saturnina,Lozano,95750
95751,397472462,Cipriano,Infante,95751
95752,732444310,Anastasia,Lastra,95752
95753,995727210,Fidel,Cantero,95753
95754,332653813,Maria Belen,Fernandez,95754
95755,948468323,Africa,Mora,95755
95756,986830834,Flor,Moles,95756
95757,427566998,Leandro,Acero,95757
95758,121639989,Leonel,Ortega,95758
95759,673861071,Javi,Aragones,95759
95760,539845277,Aroa,Quintero,95760
95761,977602026,Loreto,Grau,95761
95762,586299137,Abel,Soler,95762
95763,410592778,Tatiana,Carmona,95763
95764,535750251,Pepito,Cordoba,95764
95765,446929775,Emma,Bilbao,95765
95766,614923415,Flor,Arenas,95766
95767,781319209,Glauco,Almansa,95767
95768,540248882,Jorge,Torrents,95768
95769,576354984,Gaspar,Gordillo,95769
95770,517036426,Bautista,Luque,95770
95771,347184616,Lorenzo,Camara,95771
95772,462983658,Victor,Puerta,95772
95773,255487655,Renato,Marti,95773
95774,486927613,Teo,Porras,95774
95775,219842674,Cesar,Chamorro,95775
95776,587758070,Natalia,Araujo,95776
95777,974665941,Zaira,Alcazar,95777
95778,218275181,Filomena,Cabrero,95778
95779,629627579,Trini,Galiano,95779
95780,459729359,Ciriaco,Rey,95780
95781,211798345,Berto,Herrero,95781
95782,405825912,Tomas,Pedraza,95782
95783,398776720,Juan Luis,Llanos,95783
95784,140781247,Olalla,Santana,95784
95785,285288657,Eulalia,Acuna,95785
95786,663887524,Lino,Canovas,95786
95787,803009715,Dani,Moya,95787
95788,625362989,Alma,Pol,95788
95789,997206562,Francisca,Castro,95789
95790,673906863,Valentin,Carbo,95790
95791,335736624,Apolonia,Rio,95791
95792,733090948,Fabian,Corral,95792
95793,641853703,Gisela,Izquierdo,95793
95794,975099912,Jose Maria,Soto,95794
95795,859136912,Adolfo,Cal,95795
95796,148042099,Emperatriz,Castilla,95796
95797,283228397,Maria Jose,Arnaiz,95797
95798,391328677,Felisa,Mesa,95798
95799,602747537,Victor,Alegria,95799
95800,354159970,Magdalena,Ibanez,95800
95801,934971438,Jose Ramon,Carlos,95801
95802,563927733,Valentin,Silva,95802
95803,919098084,Moreno,Quesada,95803
95804,804401830,Conrado,Andres,95804
95805,774143446,Victorino,Barcelo,95805
95806,130329099,Corona,Aguila,95806
95807,588105975,Fermin,Verdugo,95807
95808,922739782,Arturo,Rivero,95808
95809,595114063,Anabel,Cobo,95809
95810,761544743,Rufino,Carbajo,95810
95811,886255667,Marisol,Santos,95811
95812,369581380,Maribel,Palmer,95812
95813,687574922,Gertrudis,Ramos,95813
95814,582314367,Lisandro,Casal,95814
95815,482470453,Valerio,Calderon,95815
95816,342798685,Noa,Rovira,95816
95817,799090442,Cecilio,Juarez,95817
95818,474953038,Adalberto,Cueto,95818
95819,463861047,Maria Belen,Chacon,95819
95820,620506098,Chema,Cozar,95820
95821,830133705,Marcial,Simo,95821
95822,202757631,Magdalena,Mascaro,95822
95823,192784396,Carmelo,Amoros,95823
95824,519499372,Ana Belen,Egea,95824
95825,467086911,Poncio,Villalobos,95825
95826,213660930,Itziar,Vara,95826
95827,972601757,Carolina,Montalban,95827
95828,456106172,Gregorio,Villanueva,95828
95829,144288597,Ricarda,Franco,95829
95830,772570620,Albert,Arino,95830
95831,359170889,Perla,Torrent,95831
95832,682906119,Asuncion,Esparza,95832
95833,631145523,Amaya,Medina,95833
95834,437517676,Maxi,Castells,95834
95835,464778784,Amando,Canton,95835
95836,280378414,Jessica,Morata,95836
95837,872202344,Modesta,Tovar,95837
95838,440067471,Marcelino,Hernandez,95838
95839,717502634,Jimena,Figueroa,95839
95840,243251161,Tristan,Bolanos,95840
95841,108512265,Celia,Girona,95841
95842,822751672,Lucas,Dominguez,95842
95843,907892382,Morena,Galvan,95843
95844,867926965,Duilio,Segovia,95844
95845,106149393,Noelia,Velez,95845
95846,708398313,Candelaria,Badia,95846
95847,129727540,Pablo,Cabello,95847
95848,139703200,Julio Cesar,Checa,95848
95849,362371006,Gustavo,Roma,95849
95850,676410848,Xiomara,Cruz,95850
95851,806456792,Anunciacion,Porcel,95851
95852,867078928,Adolfo,Marin,95852
95853,146803985,Leire,Gutierrez,95853
95854,423011228,Rosaura,Pedrero,95854
95855,981407748,Palmira,Rodriguez,95855
95856,276170466,Ines,Teruel,95856
95857,561489819,German,Benito,95857
95858,813426657,Nazaret,Murcia,95858
95859,793308080,Jafet,Lorenzo,95859
95860,436161062,Esmeralda,Urrutia,95860
95861,921490716,Florinda,Calderon,95861
95862,158807714,Debora,Pedrero,95862
95863,124427035,Evangelina,Bellido,95863
95864,270166773,Mireia,Rocamora,95864
95865,679072417,Constanza,Plaza,95865
95866,462876350,Gerardo,Ramos,95866
95867,989188781,Arturo,Aleman,95867
95868,587146413,Rafaela,Arregui,95868
95869,874078363,Anna,Bayo,95869
95870,541541013,Ceferino,Busquets,95870
95871,860465073,Odalis,Hervia,95871
95872,770951658,Dorotea,Domingo,95872
95873,915887362,Amancio,Seco,95873
95874,301215971,Luis,Leal,95874
95875,989675950,Paz,Dominguez,95875
95876,468232901,Consuela,Tomas,95876
95877,355900184,Delfina,Heras,95877
95878,952082593,Maria Angeles,Paniagua,95878
95879,897526226,Jose Maria,Puente,95879
95880,251963978,Cecilio,Millan,95880
95881,256389937,Geraldo,Elias,95881
95882,664573902,Fausto,Carvajal,95882
95883,886756828,Concha,Acedo,95883
95884,290671049,Hilda,Roura,95884
95885,607607112,Morena,Riba,95885
95886,832283164,Cristobal,Palomino,95886
95887,231103082,Americo,Jorda,95887
95888,657274386,Andrea,Villegas,95888
95889,750867147,Elpidio,Valle,95889
95890,791234461,Atilio,Juarez,95890
95891,275847331,Elisa,Salazar,95891
95892,831751978,Custodia,Escudero,95892
95893,723830393,Carmelo,Calzada,95893
95894,665972364,Julio,Figueroa,95894
95895,161072131,Celia,Gomez,95895
95896,477927282,Yago,Segura,95896
95897,858942935,Valerio,Porcel,95897
95898,675439355,Reynaldo,Amo,95898
95899,167795731,Juan Jose,Llorente,95899
95900,905615890,Juan,Novoa,95900
95901,893996393,Simon,Tapia,95901
95902,673739576,Anibal,Marco,95902
95903,574370919,Haroldo,Albero,95903
95904,971843381,Matias,Puerta,95904
95905,352593783,Jesusa,Segui,95905
95906,257194396,Amelia,Daza,95906
95907,428694109,Amor,Camara,95907
95908,639137690,Gustavo,Fabregas,95908
95909,711675813,Loreto,Asenjo,95909
95910,244358064,Georgina,Pineiro,95910
95911,805324433,Nacio,Baquero,95911
95912,768465328,Herminio,Vendrell,95912
95913,555273748,Perlita,Peral,95913
95914,982722200,Jose Maria,Losa,95914
95915,330518849,Jordana,Zaragoza,95915
95916,214772864,Adora,Novoa,95916
95917,822717816,Rosario,Tellez,95917
95918,152983583,Paula,Iglesia,95918
95919,328886595,Socorro,Valverde,95919
95920,816622861,Lazaro,Uria,95920
95921,295602053,Susana,Vicente,95921
95922,159787778,Leandro,Olivares,95922
95923,744373334,Ursula,Martin,95923
95924,660699473,Elvira,Segura,95924
95925,146688175,Guadalupe,Tolosa,95925
95926,764914168,Herminia,Bayo,95926
95927,843526149,Febe,Porras,95927
95928,488942579,Ildefonso,Cerda,95928
95929,509994027,Beatriz,Camacho,95929
95930,922069797,Cristobal,Bello,95930
95931,147374179,Rolando,Torrecilla,95931
95932,127208568,Teofilo,Requena,95932
95933,638346440,Jose Angel,Juarez,95933
95934,896551082,Carmen,Serna,95934
95935,674466406,Flora,Vilanova,95935
95936,935932486,Cipriano,Cabello,95936
95937,487728085,Eva Maria,Campos,95937
95938,980727686,Curro,Mendez,95938
95939,742047508,Crescencia,Galan,95939
95940,288970611,Noemi,Gargallo,95940
95941,247611572,Gerardo,Ferreras,95941
95942,953700005,Josefina,Colom,95942
95943,880588379,Jose Francisco,Crespi,95943
95944,695534168,Aroa,Ramis,95944
95945,352476594,Toribio,Huertas,95945
95946,809501684,Iban,Juarez,95946
95947,157316111,Alonso,Hoyos,95947
95948,547879181,Julio,Estrada,95948
95949,794982211,Ruperta,Llamas,95949
95950,193629906,Amaya,Elias,95950
95951,557074348,Adoracion,Solano,95951
95952,695591983,Toni,Colomer,95952
95953,745872780,Cintia,Mir,95953
95954,743492871,Guillermo,Ruano,95954
95955,700314960,Demetrio,Alarcon,95955
95956,395394649,Juan Carlos,Ruiz,95956
95957,366911219,Candido,Asensio,95957
95958,870374311,Sandra,Valero,95958
95959,861363925,Jenny,Arribas,95959
95960,149256729,Estrella,Valenciano,95960
95961,626729475,Eli,Coll,95961
95962,428855052,Isa,Salinas,95962
95963,685471601,Filomena,Diez,95963
95964,802303626,Venceslas,Gisbert,95964
95965,304643385,Eugenio,Garate,95965
95966,165194827,Guiomar,Salmeron,95966
95967,131563626,Regina,Sola,95967
95968,344410405,Alex,Perera,95968
95969,734730251,Griselda,Quintero,95969
95970,161797437,Heriberto,Montes,95970
95971,171272847,Chucho,Gonzalo,95971
95972,859961327,Serafina,Porta,95972
95973,222080057,Sabas,Camps,95973
95974,498824958,Rosa,Salcedo,95974
95975,288569116,Odalys,Corominas,95975
95976,712599153,Maria Luisa,Figuerola,95976
95977,483867080,Aurelio,Ribes,95977
95978,413472583,Elisa,Roma,95978
95979,858622517,Remigio,Lorenzo,95979
95980,425150341,Francisco,Suarez,95980
95981,472206232,Araceli,Diaz,95981
95982,910063974,Lope,Quero,95982
95983,295971833,Florentina,Ibanez,95983
95984,593450020,Mireia,Llamas,95984
95985,565540183,Sarita,Camacho,95985
95986,470054733,Hilda,Parra,95986
95987,823089927,Teodora,Reina,95987
95988,178338840,Carmina,Amo,95988
95989,422614193,Inigo,Bermudez,95989
95990,483770705,Anibal,Cardenas,95990
95991,649833118,Octavia,Alfaro,95991
95992,328517522,Teresita,Cespedes,95992
95993,152346685,Martirio,Canals,95993
95994,176737734,Inigo,Paredes,95994
95995,896591547,Petrona,Seco,95995
95996,661276242,Ciriaco,Andrade,95996
95997,330068242,Pedro,Pla,95997
95998,828953528,Ascension,Casal,95998
95999,931388031,Felicidad,Marmol,95999
96000,817164349,Vasco,Salva,96000
96001,667848168,Anita,Crespo,96001
96002,836641993,Rosa Maria,Pedraza,96002
96003,614049613,Josefina,Llopis,96003
96004,420021108,Clara,Valcarcel,96004
96005,279120744,Duilio,Manzano,96005
96006,736474709,Marianela,Blanch,96006
96007,797553947,Albina,Arellano,96007
96008,185592028,Florentino,Plaza,96008
96009,193024346,Manu,Ojeda,96009
96010,829151230,Lorena,Diez,96010
96011,974577596,Nelida,Benito,96011
96012,230738130,Ximena,Giron,96012
96013,758909084,Margarita,Garate,96013
96014,499028190,Elisabet,Hurtado,96014
96015,845085168,Paulino,Bravo,96015
96016,143031865,Godofredo,Olivares,96016
96017,767417269,Celestina,Sanchez,96017
96018,429734943,Teofilo,Benet,96018
96019,778224173,Vidal,Sosa,96019
96020,978588873,Micaela,Arroyo,96020
96021,460761917,Godofredo,Duran,96021
96022,474689837,Cruz,Reyes,96022
96023,340716327,Abril,Lucena,96023
96024,906950837,Chus,Redondo,96024
96025,626581122,Amor,Boix,96025
96026,258584553,Pacifica,Almazan,96026
96027,642221847,Isidora,Quintero,96027
96028,400549487,Manuela,Roig,96028
96029,900698571,Silvestre,Ramon,96029
96030,608535589,Manolo,Salva,96030
96031,835869241,Celia,Rosales,96031
96032,631945582,Haydee,Gabaldon,96032
96033,306111415,Maxi,Talavera,96033
96034,911117992,Monica,Noguera,96034
96035,551981914,Apolonia,Fernandez,96035
96036,276709765,Maria Jesus,Bastida,96036
96037,564555127,Andrea,Pallares,96037
96038,225468912,Isaias,Pozo,96038
96039,242889555,Pepe,Angel,96039
96040,314453191,Seve,Goicoechea,96040
96041,489331232,Bernardino,Larranaga,96041
96042,510514170,Olalla,Pacheco,96042
96043,597161300,Vanesa,Barrios,96043
96044,513968731,Climaco,Marin,96044
96045,599990224,Juan Bautista,Mosquera,96045
96046,313788470,Jonatan,Cabanillas,96046
96047,466816006,Lorena,Cortes,96047
96048,496333581,Ruperto,Bermudez,96048
96049,620957064,Martirio,Nunez,96049
96050,852485266,Modesto,Valverde,96050
96051,630978014,Maximiliano,Comas,96051
96052,677131820,Maura,Carrasco,96052
96053,997742089,Julia,Arregui,96053
96054,162755489,Onofre,Casado,96054
96055,946940467,Angel,Pizarro,96055
96056,439985108,Belen,Diez,96056
96057,983431176,Camilo,Benitez,96057
96058,291899028,Isaac,Lobato,96058
96059,517170197,Aitor,Manzanares,96059
96060,502651264,Pepito,Montero,96060
96061,118540622,Agueda,Bravo,96061
96062,667503824,Chus,Cortes,96062
96063,317488856,Jose Antonio,Diaz,96063
96064,286742894,Aroa,Morillo,96064
96065,511310488,Cayetana,Villaverde,96065
96066,785770389,Tito,Barranco,96066
96067,969994365,Jaime,Posada,96067
96068,449051471,Iban,Cuesta,96068
96069,439334525,Jordana,Palmer,96069
96070,664738212,Luisina,Torrents,96070
96071,377644875,Galo,Palomo,96071
96072,911769814,Calisto,Rios,96072
96073,832018403,Luz,Olmedo,96073
96074,811325065,Dario,Cid,96074
96075,239316518,Salomon,Linares,96075
96076,921499384,Herberto,Nadal,96076
96077,989888935,Toni,Gallo,96077
96078,398063938,Hilario,Calvet,96078
96079,336546420,Maximo,Delgado,96079
96080,161530653,Tomasa,Jaume,96080
96081,686625421,Amarilis,Diez,96081
96082,522830633,Sergio,Duran,96082
96083,742013725,Bonifacio,Sastre,96083
96084,702826383,Leandra,Santiago,96084
96085,590825723,Jacobo,Porras,96085
96086,900536634,Maria Carmen,Nebot,96086
96087,709735917,Tristan,Ariza,96087
96088,268690660,Jordi,Solera,96088
96089,822026724,Leonardo,Nogueira,96089
96090,582851888,Anibal,Giner,96090
96091,999039769,Carmelita,Portillo,96091
96092,698688414,Macario,Marmol,96092
96093,568012000,Gustavo,Sabater,96093
96094,280235819,Vanesa,Vidal,96094
96095,499343913,Juan Francisco,Vazquez,96095
96096,831192556,Alondra,Juan,96096
96097,111898504,Rufino,Ferrandez,96097
96098,710666893,Belen,Barroso,96098
96099,512937791,Azahar,Calleja,96099
96100,130645738,Walter,Manzanares,96100
96101,432072987,Rosendo,Campillo,96101
96102,351117227,Noelia,Benet,96102
96103,847346458,Onofre,Sanmartin,96103
96104,586380279,Tadeo,Lorenzo,96104
96105,697460217,Fabricio,Amador,96105
96106,484631011,Marcos,Alberola,96106
96107,688784016,Evelia,Egea,96107
96108,887444786,Jose,Barriga,96108
96109,783245670,Alicia,Pinilla,96109
96110,945998698,Griselda,Moya,96110
96111,257377986,Jose,Sotelo,96111
96112,704499009,Lalo,Espinosa,96112
96113,657706955,Sofia,Pedro,96113
96114,335814071,Paula,Alberola,96114
96115,126837058,Bernardino,Noguera,96115
96116,101687167,Maria Jose,Leiva,96116
96117,906636184,Constanza,Tamayo,96117
96118,837689769,Soledad,Pulido,96118
96119,924461327,Guadalupe,Salmeron,96119
96120,331315521,Maria Angeles,Porta,96120
96121,946666911,Gisela,Alfonso,96121
96122,760968628,Anunciacion,Verdejo,96122
96123,484443344,Agapito,Alcaraz,96123
96124,805170400,Jose Francisco,Morante,96124
96125,301688407,Florencio,Zaragoza,96125
96126,906911241,Ascension,Rodenas,96126
96127,352624050,Esmeralda,Benitez,96127
96128,616939695,Domitila,Velez,96128
96129,594151561,Hernan,Torrents,96129
96130,744319737,Reyes,Caceres,96130
96131,743962127,Maria,Bartolome,96131
96132,997761542,Tere,Garcia,96132
96133,847671918,Evelia,Larranaga,96133
96134,583178186,Jose Miguel,Gual,96134
96135,765904731,Vicenta,Martinez,96135
96136,437828644,Aranzazu,Batalla,96136
96137,872447708,Raquel,Arteaga,96137
96138,304826462,Rafael,Coronado,96138
96139,516832752,Natalia,Lozano,96139
96140,774988257,Prudencio,Olivares,96140
96141,670119236,Anabel,Guardiola,96141
96142,706408789,Cebrian,Bolanos,96142
96143,625419339,Alfredo,Benet,96143
96144,853862751,Rafael,Mateu,96144
96145,516001740,Juana,Santamaria,96145
96146,627450610,Matilde,Iniguez,96146
96147,616088325,Cloe,Miguel,96147
96148,447334545,Tomasa,Pazos,96148
96149,594384279,Severo,Carballo,96149
96150,473433085,Gilberto,Davila,96150
96151,863986011,Glauco,Ferreras,96151
96152,565596830,Santiago,Millan,96152
96153,115102783,Obdulia,Cabezas,96153
96154,823979446,Miriam,Nebot,96154
96155,250589794,Fabricio,Abellan,96155
96156,808786278,Ana,Urena,96156
96157,597182337,Belen,Pina,96157
96158,856109096,Macaria,Capdevila,96158
96159,897881222,Celestina,Gomez,96159
96160,646390996,Rosalva,Alba,96160
96161,314491753,Felipa,Fajardo,96161
96162,239242949,Feliciano,Jurado,96162
96163,206972402,Fatima,Acosta,96163
96164,627319389,Diana,Espada,96164
96165,342630150,Dani,Rocamora,96165
96166,378783361,Bibiana,Roman,96166
96167,154900414,Noe,Andrade,96167
96168,848030229,Calixta,Montenegro,96168
96169,559074422,Edelmiro,Segui,96169
96170,168355008,Odalis,Corbacho,96170
96171,593425972,Fulgencio,Perea,96171
96172,324057306,Felicidad,Segovia,96172
96173,900105620,Micaela,Hernandez,96173
96174,734033433,Bernardo,Ramon,96174
96175,590322079,Nuria,Varela,96175
96176,419283392,Ana Sofia,Vinas,96176
96177,393650861,Dolores,Andres,96177
96178,872378342,Ruperta,Munoz,96178
96179,550781754,Hector,Suarez,96179
96180,529004480,Araceli,Salgado,96180
96181,452001201,Placido,Lluch,96181
96182,835358229,Ines,Zabala,96182
96183,393337788,Jose Manuel,Vall,96183
96184,935759837,Azeneth,Valdes,96184
96185,366780329,Alicia,Guillen,96185
96186,274651365,Ciriaco,Godoy,96186
96187,785500179,Florencia,Valero,96187
96188,396658345,Anselmo,Arranz,96188
96189,891670097,Segismundo,Roldan,96189
96190,424730944,Anita,Ugarte,96190
96191,625710617,Amor,Ripoll,96191
96192,390896325,Amaro,Escriva,96192
96193,694558579,Zaida,Cerezo,96193
96194,288476228,Fortunato,Salinas,96194
96195,150230181,Maria,Baro,96195
96196,176211314,Armida,Montalban,96196
96197,596422839,Anastasio,Vilalta,96197
96198,145027641,Aaron,Pozo,96198
96199,605400293,Cayetana,Barranco,96199
96200,908494257,Urbano,Palomino,96200
96201,100363759,Adoracion,Fernandez,96201
96202,360856043,Manu,Arias,96202
96203,170620049,Regulo,Franch,96203
96204,745718734,Crescencia,Fuente,96204
96205,562262851,Cristobal,Frias,96205
96206,135300974,Mamen,Mayol,96206
96207,907583480,Azahar,Baez,96207
96208,946375227,Inmaculada,Ibanez,96208
96209,265272390,Marcela,Moya,96209
96210,166070266,Arsenio,Martinez,96210
96211,189928217,Maria Del Carmen,Roda,96211
96212,559287275,Pilar,Olivares,96212
96213,928249548,Elisabet,Acero,96213
96214,564191827,Soledad,Zamorano,96214
96215,717580481,Andres Felipe,Mas,96215
96216,434985551,Julie,Manzano,96216
96217,635883801,Clemente,Sanchez,96217
96218,296810693,Monica,Anaya,96218
96219,244273455,Sancho,Prats,96219
96220,495272867,Eli,Morante,96220
96221,388589774,Isidoro,Fajardo,96221
96222,382364763,Chus,Costa,96222
96223,122300682,Isaura,Reguera,96223
96224,834725204,Alexandra,Pera,96224
96225,391981922,Isaac,Calderon,96225
96226,759082385,Constanza,Olmedo,96226
96227,489286216,Casandra,Muniz,96227
96228,948169120,Juan Pablo,Aliaga,96228
96229,568285642,Lucio,Vila,96229
96230,849815807,Valero,Landa,96230
96231,342690494,Susanita,Alcaraz,96231
96232,413406006,Jovita,Ponce,96232
96233,117888266,Manuel,Jimenez,96233
96234,258880039,Heliodoro,Pelayo,96234
96235,902343359,Toni,Pulido,96235
96236,725504920,Telmo,Ricart,96236
96237,651082905,Adalberto,Tejera,96237
96238,389544373,Maxima,Folch,96238
96239,489593436,Angelica,Caballero,96239
96240,895269563,Azahar,Prats,96240
96241,734142687,Epifanio,Pedrero,96241
96242,124098906,Tere,Castilla,96242
96243,739152531,Rafa,Coronado,96243
96244,827116770,Jose,Ugarte,96244
96245,881031599,Juanito,Calvo,96245
96246,180713054,Luciana,Sebastian,96246
96247,840975218,Danilo,Domingo,96247
96248,834043984,Olimpia,Collado,96248
96249,448192928,Josue,Mendez,96249
96250,580307539,Isidoro,Cepeda,96250
96251,342987856,Bautista,Garces,96251
96252,452667077,Concepcion,Ferran,96252
96253,452557065,Juan Manuel,Miro,96253
96254,726223346,Emiliano,Tamayo,96254
96255,950612632,Florencia,Sanz,96255
96256,459008662,Marta,Peiro,96256
96257,549333057,Ruth,Morante,96257
96258,125443565,Yessica,Leiva,96258
96259,481421808,Ileana,Marti,96259
96260,663672037,Inmaculada,Garrido,96260
96261,354175797,Yaiza,Duarte,96261
96262,375721457,Juan Bautista,Cornejo,96262
96263,392220112,Eugenio,Granados,96263
96264,419767201,Gabriela,Vendrell,96264
96265,819505248,Begona,Higueras,96265
96266,671523063,Pastora,Rosales,96266
96267,429648978,Benjamin,Amores,96267
96268,790718858,Adoracion,Huguet,96268
96269,157746628,Maxima,Cepeda,96269
96270,317755207,Asdrubal,Mayoral,96270
96271,110881569,Natividad,Villalonga,96271
96272,778362336,Francisca,Barranco,96272
96273,199092030,Elvira,Vidal,96273
96274,597309691,Maite,Cano,96274
96275,455249953,Narciso,Robles,96275
96276,769653000,Haroldo,Palmer,96276
96277,365088208,Inocencio,Benitez,96277
96278,559260030,Albina,Zaragoza,96278
96279,400083730,Gertrudis,Paredes,96279
96280,399737925,Maria Cristina,Antunez,96280
96281,656849677,Rafael,Gallego,96281
96282,738265785,Adan,Camps,96282
96283,976750407,Poncio,Poza,96283
96284,212122038,Nazaret,Gonzalez,96284
96285,909022800,Rufina,Olmedo,96285
96286,886737608,Zacarias,Pareja,96286
96287,637256500,Liliana,Garriga,96287
96288,214249618,Pascuala,Barbera,96288
96289,943104015,Zaida,Valderrama,96289
96290,526925443,Sancho,Reina,96290
96291,217967599,Nacho,Castro,96291
96292,205855445,Dalila,Quevedo,96292
96293,292927058,Ruben,Fiol,96293
96294,338490896,Reyes,Canton,96294
96295,351299112,Daniel,Huguet,96295
96296,682334465,Vanesa,Sala,96296
96297,356905268,Jose Antonio,Aleman,96297
96298,961663475,Nerea,Arregui,96298
96299,329144408,Ricarda,Cortes,96299
96300,404145557,Paulino,Lobato,96300
96301,599249112,Palmira,Alba,96301
96302,648935629,Calixta,Tormo,96302
96303,489660131,Inigo,Padilla,96303
96304,179345515,Danilo,Cal,96304
96305,351699269,Manuel,Iglesia,96305
96306,644697464,Ariadna,Flores,96306
96307,498636043,Miguel Angel,Lago,96307
96308,825670536,Soledad,Gomila,96308
96309,923584250,Lupita,Villegas,96309
96310,385723069,Adolfo,Ferreras,96310
96311,820702073,Judith,Machado,96311
96312,620525301,Ignacia,Iborra,96312
96313,746078162,Leandro,Penalver,96313
96314,421321674,Inmaculada,Villena,96314
96315,693026537,Quique,Barba,96315
96316,776413810,Pio,Cuadrado,96316
96317,352582965,Clarisa,Campillo,96317
96318,236515575,Zacarias,Sedano,96318
96319,668651503,Vicenta,Busquets,96319
96320,293492741,Herminio,Valencia,96320
96321,310824412,Armando,Castaneda,96321
96322,250010023,Cirino,Cabo,96322
96323,537727722,Amparo,Llano,96323
96324,623345415,Gabriel,Baena,96324
96325,425593879,Maria Jose,Llabres,96325
96326,800450379,Amada,Ramos,96326
96327,685162942,Bernardo,Andreu,96327
96328,161776104,Inigo,Almansa,96328
96329,866692636,Jessica,Canals,96329
96330,675057657,Mayte,Soriano,96330
96331,505314608,Valerio,Noguera,96331
96332,156607463,Abigail,Calvet,96332
96333,121919277,Carmina,Sans,96333
96334,488249496,Jordana,Carrasco,96334
96335,456385422,Ernesto,Viana,96335
96336,453232242,Rufino,Trillo,96336
96337,744751246,Rufina,Echevarria,96337
96338,199981003,Luis,Almazan,96338
96339,325017767,Isa,Coca,96339
96340,346165781,Leonel,Vilalta,96340
96341,411924292,Felipa,Rodrigo,96341
96342,655845641,Ricarda,Molina,96342
96343,840877328,Leocadio,Sanchez,96343
96344,736186606,Sabina,Carreras,96344
96345,810418836,Irene,Escriva,96345
96346,741079894,Renata,Vigil,96346
96347,826196807,Coral,Arenas,96347
96348,386541347,Anita,Aranda,96348
96349,409377937,Serafina,Cuesta,96349
96350,600040296,Amado,Alsina,96350
96351,126214993,Regulo,Leiva,96351
96352,397869409,Morena,Samper,96352
96353,951909203,Flavia,Enriquez,96353
96354,595830697,Marciano,Fuertes,96354
96355,702691798,Hernando,Casanova,96355
96356,382043750,Daniela,Ariza,96356
96357,185849689,Anselma,Riba,96357
96358,196791046,Marianela,Baquero,96358
96359,341556589,Amalia,Rodriguez,96359
96360,715325081,Sara,Bautista,96360
96361,635725788,Fortunato,Marques,96361
96362,488255385,Sigfrido,Roman,96362
96363,788380831,Gabino,Buendia,96363
96364,233893659,Mauricio,Vazquez,96364
96365,701163264,Begona,Nunez,96365
96366,469437187,Maricruz,Bejarano,96366
96367,525917886,Marcial,Herrero,96367
96368,914660496,Maria Del Carmen,Correa,96368
96369,370077206,Elias,Carbonell,96369
96370,739776570,Gustavo,Penalver,96370
96371,590491567,Eusebio,Carnero,96371
96372,648955061,Javiera,Valbuena,96372
96373,145221757,Leyre,Soriano,96373
96374,349481129,Azeneth,Nogueira,96374
96375,604745340,Humberto,Carranza,96375
96376,782814028,Timoteo,Carrillo,96376
96377,309614062,Chelo,Romeu,96377
96378,749003558,Dario,Carvajal,96378
96379,503503704,Elias,Puerta,96379
96380,368090693,Fernanda,Monreal,96380
96381,428834732,David,Aranda,96381
96382,900769862,Piedad,Cabrero,96382
96383,478989978,Sebastian,Pedrero,96383
96384,401965928,Rosalia,Figueroa,96384
96385,325370647,Nicanor,Gual,96385
96386,489018110,Julio,Espanol,96386
96387,708890220,Daniela,Moll,96387
96388,374742308,Blas,Tapia,96388
96389,874813391,Eligio,Rovira,96389
96390,399738401,Rosenda,Rossello,96390
96391,848021963,Belen,Viana,96391
96392,454318373,Anna,Tejada,96392
96393,588484603,Pelayo,Bernal,96393
96394,544243985,Margarita,Donoso,96394
96395,961119697,Fortunato,Campoy,96395
96396,291339659,Francisca,Moll,96396
96397,140496565,Felicidad,Valenzuela,96397
96398,382170060,Inocencio,Leon,96398
96399,246919034,Elpidio,Mena,96399
96400,731823722,Ivan,Macias,96400
96401,560296790,Mohamed,Bayo,96401
96402,843210627,Nydia,Llano,96402
96403,695337694,Reina,Giner,96403
96404,548748892,Jose Mari,Bru,96404
96405,608580275,Maria Fernanda,Planas,96405
96406,553604542,Rufino,Agullo,96406
96407,820221741,Jose Antonio,Benavent,96407
96408,751576082,Rosalinda,Torrents,96408
96409,110054851,Griselda,Marin,96409
96410,301353861,Manuela,Capdevila,96410
96411,668848818,Geraldo,Almagro,96411
96412,363177511,Alejo,Pellicer,96412
96413,444683570,Graciela,Diaz,96413
96414,282066974,Baldomero,Cerda,96414
96415,918886610,Tere,Buendia,96415
96416,287232367,Magdalena,Teruel,96416
96417,145508329,Feliciano,Roldan,96417
96418,877983064,Georgina,Ramon,96418
96419,801977594,Quique,Sosa,96419
96420,186418556,Andres,Alfonso,96420
96421,392705281,Jose,Tudela,96421
96422,436449780,Genoveva,Escriva,96422
96423,380652185,Eloisa,Neira,96423
96424,332789778,Chucho,Exposito,96424
96425,373157480,Mayte,Beltran,96425
96426,821489563,Macario,Baquero,96426
96427,456344119,Regulo,Vallejo,96427
96428,357943134,Tamara,Lozano,96428
96429,246326564,Javi,Villena,96429
96430,423710138,Olimpia,Antunez,96430
96431,334759475,Gema,Pino,96431
96432,876016981,Victor Manuel,Machado,96432
96433,761319828,Trinidad,Serra,96433
96434,253739903,Toni,Zapata,96434
96435,123636318,Asuncion,Bolanos,96435
96436,408636873,Otilia,Roda,96436
96437,542403044,Maximo,Llamas,96437
96438,627264012,Miguel Angel,Gallart,96438
96439,329291278,Chus,Bou,96439
96440,376687425,Elba,Escobar,96440
96441,756194548,Begona,Varela,96441
96442,189010712,Ruth,Armengol,96442
96443,163480970,Chus,Riera,96443
96444,673097727,Candido,Barranco,96444
96445,924379621,Calista,Ripoll,96445
96446,561302070,Carlito,Chaves,96446
96447,447560493,Julie,Prado,96447
96448,263684395,Crescencia,Sala,96448
96449,520398724,Sonia,Fonseca,96449
96450,572236233,Perla,Santamaria,96450
96451,227707581,Jessica,Cid,96451
96452,381241568,Nieves,Torrents,96452
96453,105159211,Rafael,Montenegro,96453
96454,331393259,Jose Miguel,Godoy,96454
96455,795273237,Marc,Minguez,96455
96456,427541021,Teofila,Mas,96456
96457,504769339,Jose Ignacio,Tur,96457
96458,762747324,Leticia,Flores,96458
96459,705632690,Alcides,Jaen,96459
96460,306853924,Marisol,Navarrete,96460
96461,857486673,Manu,Salmeron,96461
96462,877061377,Dora,Angulo,96462
96463,350376285,Rafaela,Coca,96463
96464,140836352,Inigo,Torrents,96464
96465,683017378,Zoraida,Farre,96465
96466,933404153,Dafne,Herranz,96466
96467,586551515,Jesusa,Nadal,96467
96468,978202554,Ani,Pardo,96468
96469,308597953,Adelia,Espinosa,96469
96470,614930897,Gema,Barranco,96470
96471,472596582,Moreno,Barrera,96471
96472,519211405,Calisto,Sales,96472
96473,565025551,Isabel,Varela,96473
96474,323492459,Palmira,Perez,96474
96475,645907694,Elena,Revilla,96475
96476,437723256,Camilo,Palmer,96476
96477,558108451,Ramon,Banos,96477
96478,920023746,Aristides,Goni,96478
96479,668621270,Saturnina,Ferrer,96479
96480,757970763,Hortensia,Carrera,96480
96481,859717358,Evelia,Calatayud,96481
96482,412474324,Eugenio,Valverde,96482
96483,922165374,Agustin,Izaguirre,96483
96484,663054112,Chema,Esparza,96484
96485,457735436,Jose Antonio,Acosta,96485
96486,974703407,Dolores,Zamorano,96486
96487,604261773,Daniela,Iglesia,96487
96488,382197526,Mirta,Caparros,96488
96489,568005617,Lope,Escudero,96489
96490,588765919,Jordan,Mateu,96490
96491,280471453,Che,Monreal,96491
96492,850987004,Pastora,Bayona,96492
96493,526256263,Candelaria,Feijoo,96493
96494,966538586,Alejo,Cueto,96494
96495,396175300,Milagros,Barroso,96495
96496,308145069,Tono,Duran,96496
96497,920846784,Isabel,Quesada,96497
96498,382125732,Carmelo,Fabregas,96498
96499,885240902,Daniela,Benavente,96499
96500,327129236,Elena,Roman,96500
96501,340415677,Dulce,Portillo,96501
96502,308555580,Ciriaco,Borrell,96502
96503,544499259,Samanta,Rio,96503
96504,660501817,Constanza,Tello,96504
96505,366445852,Horacio,Zurita,96505
96506,909276471,Calista,Jerez,96506
96507,414706742,Ofelia,Anton,96507
96508,427319934,Jaime,Haro,96508
96509,941758161,Natividad,Bru,96509
96510,271060967,Reynaldo,Ferrero,96510
96511,991143887,Godofredo,Miro,96511
96512,500394425,Regina,Anglada,96512
96513,376367195,Socorro,Barroso,96513
96514,246791416,Alejandra,Moles,96514
96515,825482955,Borja,Becerra,96515
96516,160942138,Ruy,Sobrino,96516
96517,861268488,Lino,Iniguez,96517
96518,864063149,Ruben,Uria,96518
96519,920643306,Jose Angel,Munoz,96519
96520,166855263,Cruz,Falco,96520
96521,594890079,Goyo,Aroca,96521
96522,922279429,Jeremias,Quintana,96522
96523,604117103,Jose Angel,Marti,96523
96524,314062369,Isaias,Botella,96524
96525,823648191,Aura,Fuster,96525
96526,582557842,Pascuala,Seco,96526
96527,898906745,Bibiana,Salvador,96527
96528,551801974,Elias,Acosta,96528
96529,312699291,Efrain,Nevado,96529
96530,924761130,Emperatriz,Ferrandez,96530
96531,231506112,Maricruz,Hoz,96531
96532,575457801,Marcos,Villalobos,96532
96533,900960395,Erasmo,Botella,96533
96534,747282089,Aurea,Jimenez,96534
96535,135624383,Emilia,Briones,96535
96536,590181422,Noelia,Coello,96536
96537,705084925,Genoveva,Goicoechea,96537
96538,409770581,Maximo,Maldonado,96538
96539,695120070,Debora,Baro,96539
96540,842186983,Mar,Anguita,96540
96541,327697328,Loreto,Ferrera,96541
96542,133478103,Jose Ramon,Abril,96542
96543,479554070,Erasmo,Gomez,96543
96544,190733570,Leoncio,Pedrero,96544
96545,933343170,Edelmira,Giralt,96545
96546,259816779,Victor,Figuerola,96546
96547,360008956,Eligio,Gaya,96547
96548,930159801,Noelia,Artigas,96548
96549,399647182,Daniela,Amigo,96549
96550,491931246,Teofila,Pinto,96550
96551,719606357,Pepita,Narvaez,96551
96552,951982064,Climaco,Marquez,96552
96553,559655599,Victor Manuel,Alba,96553
96554,264924482,Joan,Calzada,96554
96555,852089143,Desiderio,Verdugo,96555
96556,624604128,Benito,Cabezas,96556
96557,130997044,Asuncion,Fortuny,96557
96558,490769814,Gisela,Garay,96558
96559,619439924,Maribel,Alcolea,96559
96560,408926559,Eligio,Torralba,96560
96561,706236021,Jonatan,Carbajo,96561
96562,376729036,Jimena,Ocana,96562
96563,741456643,Joan,Mesa,96563
96564,213023084,Dan,Espinosa,96564
96565,741480637,Eloy,Cortes,96565
96566,945085782,Isidora,Suarez,96566
96567,219814293,Amancio,Bravo,96567
96568,139668102,Amelia,Duran,96568
96569,362444715,Edu,Castell,96569
96570,921441166,Ursula,Luque,96570
96571,604043459,Vilma,Miralles,96571
96572,768652545,Gisela,Revilla,96572
96573,105733796,Candelaria,Sosa,96573
96574,825931282,Sergio,Amo,96574
96575,147515298,Nuria,Arevalo,96575
96576,722349931,Caridad,Pelaez,96576
96577,838443781,Saturnino,Urrutia,96577
96578,669450226,Rosario,Gomila,96578
96579,284018344,Cornelio,Pujol,96579
96580,377451896,Vinicio,Barreda,96580
96581,851105416,Dorotea,Carrion,96581
96582,196972182,Alondra,Reig,96582
96583,846901078,Noa,Bilbao,96583
96584,268976921,Roberta,Salmeron,96584
96585,746386303,Abril,Davila,96585
96586,312509302,Leonel,Mir,96586
96587,571933922,Victor,Llanos,96587
96588,769566953,Lourdes,Pla,96588
96589,360259133,Emigdio,Barbero,96589
96590,980081841,Demetrio,Reig,96590
96591,691102633,Fito,Bustamante,96591
96592,417521928,Clemente,Marcos,96592
96593,184667446,Magdalena,Vilaplana,96593
96594,514683129,Esther,Sancho,96594
96595,868038261,Luciano,Fonseca,96595
96596,337754550,Teodoro,Delgado,96596
96597,206884514,Encarnacion,Pi,96597
96598,228763902,Fanny,Arellano,96598
96599,883211051,Nicanor,Solsona,96599
96600,149471567,Teobaldo,Urrutia,96600
96601,354469626,Emelina,Parra,96601
96602,125294394,Adelina,Calatayud,96602
96603,456075726,Aaron,Andres,96603
96604,580103338,Manu,Pedraza,96604
96605,455836965,Tiburcio,Sans,96605
96606,107998510,Melania,Castilla,96606
96607,630371748,Morena,Navarro,96607
96608,962777309,Edelmiro,Arteaga,96608
96609,370982461,Fanny,Velez,96609
96610,613217931,Felicia,Soto,96610
96611,325222796,Noe,Borrego,96611
96612,263797462,Victoriano,Puerta,96612
96613,749069819,Iris,Planas,96613
96614,760904936,Eloisa,Taboada,96614
96615,382358302,Cristian,Corbacho,96615
96616,376620549,Guadalupe,Roma,96616
96617,980469168,Martirio,Gracia,96617
96618,302920901,Bernarda,Carlos,96618
96619,320849132,Sabina,Pi,96619
96620,111721051,Patricio,Higueras,96620
96621,423608242,Petrona,Pina,96621
96622,271453884,Nacio,Cabezas,96622
96623,816667832,Roberta,Molins,96623
96624,772124421,Teresita,Bauza,96624
96625,692542293,Morena,Coloma,96625
96626,740643722,Adora,Quiroga,96626
96627,582131946,Melchor,Infante,96627
96628,635866056,Haroldo,Salcedo,96628
96629,602476071,Jennifer,Izaguirre,96629
96630,692149471,Samu,Verdejo,96630
96631,607628924,Ciriaco,Costa,96631
96632,584632872,Nando,Arnal,96632
96633,278652203,Leticia,Batalla,96633
96634,393086740,Isidora,Cervera,96634
96635,809387904,Aurea,Diez,96635
96636,446349249,Xavier,Estrada,96636
96637,121804227,Haroldo,Cardenas,96637
96638,634995777,Aranzazu,Cuadrado,96638
96639,348109087,Fortunata,Manuel,96639
96640,875220101,Joel,Bayona,96640
96641,712214347,Luisa,Gallardo,96641
96642,693378422,Martin,Acero,96642
96643,549860865,Silvestre,Nadal,96643
96644,319691126,Eleuterio,Tirado,96644
96645,684504004,Moises,Figueras,96645
96646,675846212,Manu,Baquero,96646
96647,670490054,Calixta,Santana,96647
96648,678089266,Eloy,Saldana,96648
96649,291055314,Moreno,Manuel,96649
96650,549832392,Ana Belen,Goicoechea,96650
96651,670008590,Fidela,Flor,96651
96652,729496747,Victoria,Canales,96652
96653,510150279,Lucio,Sanchez,96653
96654,234547208,Emilio,Casares,96654
96655,554730393,Odalis,Agusti,96655
96656,372427480,Estrella,Diez,96656
96657,196607841,Paloma,Alcala,96657
96658,687431968,Quique,Valencia,96658
96659,990915643,Edelmiro,Fortuny,96659
96660,440612100,Salomon,Montesinos,96660
96661,596961890,Jeronimo,Torrent,96661
96662,913497612,Rosalinda,Vilaplana,96662
96663,505642505,Encarnacion,Ramos,96663
96664,661209468,Lucila,Calzada,96664
96665,871894410,Daniel,Gallego,96665
96666,944590913,Hipolito,Corral,96666
96667,422042770,Rolando,Bayo,96667
96668,899261297,Fermin,Saura,96668
96669,978977695,Graciano,Caparros,96669
96670,937945438,Febe,Uria,96670
96671,667703556,Ariadna,Vives,96671
96672,251492141,Griselda,Aramburu,96672
96673,636328475,Amelia,Oliva,96673
96674,693323894,Marcio,Colomer,96674
96675,695127112,Americo,Fonseca,96675
96676,206785486,Ciriaco,Mena,96676
96677,567895472,Cristian,Nunez,96677
96678,290641453,Severo,Carballo,96678
96679,153079615,Gracia,Font,96679
96680,680723711,Amada,Blanes,96680
96681,881167839,Tono,Lumbreras,96681
96682,140496346,Fulgencio,Coello,96682
96683,912855684,Cecilia,Lobo,96683
96684,825066900,Anastasia,Benavente,96684
96685,331281065,Edu,Oliva,96685
96686,148368278,Lucia,Pineiro,96686
96687,967879325,Ana Belen,Carpio,96687
96688,284159283,Victor,Salgado,96688
96689,704816979,Sebastian,Rocha,96689
96690,568340252,Lourdes,Aguilo,96690
96691,236005851,Victorino,Valenciano,96691
96692,946841745,Maria,Aguilo,96692
96693,745286361,Flor,Nicolau,96693
96694,157337842,Primitiva,Armengol,96694
96695,257420863,Nerea,Zurita,96695
96696,992264487,Amaro,Guardiola,96696
96697,219776231,Chucho,Mayo,96697
96698,615325586,Priscila,Alberola,96698
96699,117946813,Crescencia,Cadenas,96699
96700,153196912,Aurea,Benavente,96700
96701,217947362,Amador,Pozo,96701
96702,283941695,Rocio,Bautista,96702
96703,770619778,Jose Antonio,Tolosa,96703
96704,322233412,Modesta,Alarcon,96704
96705,103373895,Melisa,Cantero,96705
96706,927165348,Marcia,Aller,96706
96707,146543305,Bruno,Pablo,96707
96708,951533042,Montserrat,Alvarez,96708
96709,229666626,Miriam,Exposito,96709
96710,847384037,Salvador,Sanjuan,96710
96711,391943536,Angelino,Ramirez,96711
96712,101831377,Mauricio,Espanol,96712
96713,412952047,Agapito,Solera,96713
96714,685939399,Obdulia,Rincon,96714
96715,845402718,Vicenta,Munoz,96715
96716,643497883,Cayetano,Cerro,96716
96717,172619544,Norberto,Jover,96717
96718,655874714,Dominga,Barrena,96718
96719,119606908,Maria Fernanda,Batalla,96719
96720,825155548,Rico,Varela,96720
96721,891906430,Kike,Pareja,96721
96722,715736263,Angelita,Andres,96722
96723,651884800,Eugenio,Marcos,96723
96724,247910517,Climaco,Azorin,96724
96725,916100440,Maria Cristina,Donoso,96725
96726,145404228,Celso,Zamora,96726
96727,343083858,Antonia,Hoyos,96727
96728,714258857,Custodia,Espinosa,96728
96729,633414732,Salvador,Atienza,96729
96730,636372079,Sergio,Caro,96730
96731,675064057,Jose,Hurtado,96731
96732,895297843,Carlota,Burgos,96732
96733,100663438,Basilio,Tellez,96733
96734,640428584,Godofredo,Cabo,96734
96735,620543578,Prudencio,Amoros,96735
96736,652534194,Fortunata,Marques,96736
96737,453050473,Cristian,Perez,96737
96738,804694563,Alex,Polo,96738
96739,923544058,Josep,Jimenez,96739
96740,261731815,Albina,Cazorla,96740
96741,963764525,Guillermo,Canovas,96741
96742,423510497,Abigail,Nieto,96742
96743,813439171,Carlos,Vilalta,96743
96744,113901486,Baldomero,Moran,96744
96745,783487137,Quique,Valero,96745
96746,587663820,Amada,Barral,96746
96747,764829325,Eutropio,Gamez,96747
96748,438745434,Odalys,Puente,96748
96749,337266552,Calixta,Llabres,96749
96750,426182059,Amando,Gutierrez,96750
96751,619941022,Apolinar,Francisco,96751
96752,544693674,Sarita,Vidal,96752
96753,123262825,Socorro,Pizarro,96753
96754,997528941,Celso,Huertas,96754
96755,659415961,Casandra,Casanovas,96755
96756,322368675,Pablo,Nicolau,96756
96757,268173277,Jovita,Galvez,96757
96758,787264180,Baltasar,Berenguer,96758
96759,637950041,Perla,Cervantes,96759
96760,134227887,Pelayo,Tena,96760
96761,157701422,Itziar,Porta,96761
96762,190147356,Elvira,Losada,96762
96763,282546427,Ana Sofia,Manjon,96763
96764,186262416,Valentin,Mendez,96764
96765,252889876,Lina,Canizares,96765
96766,818471986,Ofelia,Bravo,96766
96767,138438866,Lucio,Tur,96767
96768,160404541,Bautista,Sainz,96768
96769,549424953,Sandra,Navas,96769
96770,933037567,Consuela,Planas,96770
96771,257985072,Lazaro,Hoyos,96771
96772,556909021,Ascension,Tellez,96772
96773,841402812,Nazaret,Zurita,96773
96774,117315738,Albino,Ricart,96774
96775,464179625,Maria Jose,Plana,96775
96776,283711740,Isa,Rincon,96776
96777,945385898,Ariel,Sarmiento,96777
96778,727500013,Rebeca,Canizares,96778
96779,486632990,Eli,Mata,96779
96780,434449865,Natalia,Posada,96780
96781,479921600,Morena,Morales,96781
96782,863378699,Florentino,Espana,96782
96783,553842133,Araceli,Uribe,96783
96784,567195061,Pepe,Prada,96784
96785,606987232,Vicenta,Almansa,96785
96786,995764685,Alondra,Ayala,96786
96787,225975149,Javi,Canete,96787
96788,771142614,Hector,Sanmartin,96788
96789,866387249,Tito,Muniz,96789
96790,525629782,Nydia,Badia,96790
96791,422844848,Iban,Oliver,96791
96792,290823800,Juanito,Mir,96792
96793,246275439,Clemente,Rebollo,96793
96794,342837331,Nicodemo,Baez,96794
96795,719329897,Jose,Bou,96795
96796,891269018,Gloria,Taboada,96796
96797,286407796,Juliana,Cano,96797
96798,445950264,Dorita,Castells,96798
96799,977303046,Maura,Cerro,96799
96800,998722238,Felisa,Comas,96800
96801,140146757,Asdrubal,Herranz,96801
96802,439929031,Francisco Jose,Rocamora,96802
96803,483613341,Toni,Lobato,96803
96804,287296243,Samuel,Nogueira,96804
96805,514611225,Vasco,Angulo,96805
96806,874849568,Perlita,Contreras,96806
96807,927043531,Emperatriz,Ayllon,96807
96808,876510753,Isaias,Casanovas,96808
96809,946974751,Eduardo,Gracia,96809
96810,809259858,Isabela,Palmer,96810
96811,334682487,Seve,Tello,96811
96812,987538853,Bernardita,Montserrat,96812
96813,123504377,Itziar,Arco,96813
96814,315389597,Lisandro,Valles,96814
96815,520623796,Evangelina,Cardona,96815
96816,411167573,Julie,Ballesteros,96816
96817,835408087,Carolina,Guillen,96817
96818,346893713,Jose Ramon,Salinas,96818
96819,359010605,Maristela,Cerezo,96819
96820,653108774,Amarilis,Valdes,96820
96821,130715756,Norberto,Pujadas,96821
96822,958807438,Delfina,Asenjo,96822
96823,174649609,Paulina,Alcalde,96823
96824,262385294,Estela,Santamaria,96824
96825,203729487,Lourdes,Manso,96825
96826,974499086,Alma,Hervia,96826
96827,578119901,Paca,Diez,96827
96828,708550353,Iris,Diez,96828
96829,556994338,Pastora,Pedrero,96829
96830,356832703,Adan,Asenjo,96830
96831,784175625,Maxi,Lucena,96831
96832,322036368,Regina,Viana,96832
96833,378814843,Laura,Cifuentes,96833
96834,344251592,Perla,Porcel,96834
96835,489875423,Manuelita,Landa,96835
96836,716614397,Eliana,Maldonado,96836
96837,183302737,Sonia,Badia,96837
96838,867476547,Angelina,Bartolome,96838
96839,623807263,Anita,Llanos,96839
96840,943958892,Nazario,Pineiro,96840
96841,227141144,Susana,Aguilera,96841
96842,649902427,Raquel,Baro,96842
96843,944017714,Graciana,Diaz,96843
96844,475286445,Cristian,Mendoza,96844
96845,749690960,Sofia,Carlos,96845
96846,986330209,Tito,Bastida,96846
96847,694596239,Eliana,Saez,96847
96848,847146863,Yolanda,Company,96848
96849,374148846,Juanita,Cardona,96849
96850,502557767,Teo,Belmonte,96850
96851,806151910,Julian,Frias,96851
96852,520846693,Estefania,Exposito,96852
96853,311449531,Ernesto,Olive,96853
96854,359438803,Rosalinda,Poza,96854
96855,593252550,Desiderio,Priego,96855
96856,829986113,Maria Dolores,Barroso,96856
96857,605048457,Judith,Ocana,96857
96858,789457832,Basilio,Andrade,96858
96859,503558638,Violeta,Abad,96859
96860,594023433,Pastor,Casas,96860
96861,884349430,Aitor,Castaneda,96861
96862,440831916,Tomasa,Girona,96862
96863,762069500,Bernardita,Codina,96863
96864,540718888,Eduardo,Guzman,96864
96865,847943107,Aureliano,Valles,96865
96866,257876903,Berto,Iniesta,96866
96867,461822699,Clotilde,Segura,96867
96868,989662217,Consuelo,Novoa,96868
96869,349957724,Eva Maria,Gomila,96869
96870,740354223,Melania,Paez,96870
96871,102584643,Jose Manuel,Granados,96871
96872,643895526,Esperanza,Castello,96872
96873,684468710,Nereida,Llopis,96873
96874,174149217,Amaya,Tellez,96874
96875,842002193,Dora,Galiano,96875
96876,147219975,Climaco,Feliu,96876
96877,606483836,Demetrio,Arroyo,96877
96878,887402824,Adelina,Tejedor,96878
96879,573711508,Daniel,Palomo,96879
96880,896542108,Azahar,Luna,96880
96881,301138895,Valeria,Almazan,96881
96882,656186623,Rita,Feijoo,96882
96883,203794293,Paulino,Bustos,96883
96884,680800680,Alex,Chaves,96884
96885,610769550,Ariel,Soto,96885
96886,701577889,Albino,Camps,96886
96887,141737691,Lupita,Miralles,96887
96888,663263153,Adora,Cervera,96888
96889,727432004,Erasmo,Escudero,96889
96890,240190860,Jose Manuel,Rozas,96890
96891,150659657,Raul,Carrillo,96891
96892,729591751,Osvaldo,Vicente,96892
96893,797972788,Fabio,Falcon,96893
96894,520809814,Cayetano,Galvez,96894
96895,585406706,Gertrudis,Ayllon,96895
96896,272119458,Azeneth,Requena,96896
96897,751558144,Juan Carlos,Aleman,96897
96898,369925138,Estrella,Mugica,96898
96899,446115417,Felisa,Perera,96899
96900,517538961,Nazaret,Cortes,96900
96901,976406700,Eladio,Asenjo,96901
96902,214947827,Tere,Gimenez,96902
96903,314385944,Lisandro,Feliu,96903
96904,977487808,Lucila,Robles,96904
96905,929014526,Onofre,Chamorro,96905
96906,523865687,Luis,Elorza,96906
96907,513251677,Jose,Rubio,96907
96908,594278087,Sabina,Bertran,96908
96909,643927554,Jordana,Ripoll,96909
96910,314290602,Severo,Mateu,96910
96911,530103196,Jessica,Prat,96911
96912,557855928,Francisco,Sola,96912
96913,498491159,Teofila,Tejedor,96913
96914,975788817,Nerea,Mendez,96914
96915,812654808,Edgar,Marcos,96915
96916,771593334,Jorge,Iriarte,96916
96917,925837238,Juanita,Garate,96917
96918,796823109,Dominga,Carballo,96918
96919,607656542,Feliciana,Benavides,96919
96920,377900077,Pascuala,Barco,96920
96921,968289563,Ileana,Carreno,96921
96922,303388353,Matilde,Aguila,96922
96923,883389321,Claudia,Rebollo,96923
96924,167538232,Victor,Hurtado,96924
96925,374573585,Santiago,Nebot,96925
96926,906931081,Jacinta,Moreno,96926
96927,525616631,Clementina,Casanovas,96927
96928,362388786,Flora,Zabala,96928
96929,327923308,Guiomar,Santamaria,96929
96930,576763841,Gilberto,Sandoval,96930
96931,908416996,Olegario,Garmendia,96931
96932,582929022,Mamen,Franco,96932
96933,389937040,Matilde,Sanchez,96933
96934,115114996,Rene,Romeu,96934
96935,844931096,Alejo,Vives,96935
96936,217317472,Joel,Pelaez,96936
96937,565702687,Isa,Bayon,96937
96938,277376075,Josefa,Espinosa,96938
96939,934201369,Aroa,Tena,96939
96940,465185542,Fabian,Muniz,96940
96941,251979565,Victor Manuel,Osorio,96941
96942,673360013,Cecilia,Barcelo,96942
96943,892417048,Victor,Marti,96943
96944,385483797,Carmen,Alberdi,96944
96945,773856646,Ester,Espada,96945
96946,403652649,Carlota,Marquez,96946
96947,338650136,Anabel,Corbacho,96947
96948,112495901,Nayara,Pont,96948
96949,803474957,Pancho,Royo,96949
96950,301504943,Dafne,Zapata,96950
96951,982698651,Paca,Casals,96951
96952,283365572,Gertrudis,Chaparro,96952
96953,931564471,Joaquin,Llado,96953
96954,888702119,Evelia,Tejera,96954
96955,581621922,Herminio,Montana,96955
96956,846699921,Rita,Palomar,96956
96957,202578894,Obdulia,Giner,96957
96958,718714650,Ildefonso,Velasco,96958
96959,749334819,Macario,Vara,96959
96960,740101602,Melisa,Rodenas,96960
96961,472839381,Reynaldo,Velez,96961
96962,768318956,Carlito,Diaz,96962
96963,392905968,Rafael,Pallares,96963
96964,410459250,Domingo,Guerra,96964
96965,419697636,Julio Cesar,Mate,96965
96966,571581538,Pascuala,Molins,96966
96967,202453160,Mayte,Silva,96967
96968,630969540,Apolinar,Falco,96968
96969,560371764,Chus,Lasa,96969
96970,774854998,Agustina,Barrera,96970
96971,240620779,Eric,Arellano,96971
96972,351122567,Heriberto,Donoso,96972
96973,705262836,Efrain,Vazquez,96973
96974,798950782,Candelario,Matas,96974
96975,352036258,Buenaventura,Llabres,96975
96976,663942981,Lourdes,Alegria,96976
96977,494628628,Emiliano,Caparros,96977
96978,969413520,Albert,Corbacho,96978
96979,531126524,Florentino,Canet,96979
96980,535752200,Marco,Serna,96980
96981,145105785,Anselma,Gonzalez,96981
96982,991147478,Elisabet,Dieguez,96982
96983,457376475,Mauricio,Cal,96983
96984,442904955,Hernan,Calzada,96984
96985,283062068,Gaston,Mas,96985
96986,453700112,Jose,Valdes,96986
96987,547530097,Anabel,Vall,96987
96988,881459854,Isidro,Vives,96988
96989,671613117,Esperanza,Olive,96989
96990,325077174,Laura,Rius,96990
96991,258555028,Bernarda,Sanchez,96991
96992,212692792,Ester,Guerra,96992
96993,571731314,Ambrosio,Beltran,96993
96994,732538949,Moises,Bellido,96994
96995,611792821,Carolina,Tello,96995
96996,797387943,Chus,Patino,96996
96997,152039331,Victor,Dominguez,96997
96998,708914158,Nuria,Pombo,96998
96999,780862722,Carolina,Francisco,96999
97000,367237190,Victor,Cobo,97000
97001,609404588,Jaime,Almeida,97001
97002,944363411,Baltasar,Real,97002
97003,461748735,Jonatan,Fuertes,97003
97004,461533266,Enrique,Becerra,97004
97005,390790811,Alvaro,Bautista,97005
97006,388166526,Victoriano,Pina,97006
97007,910486625,Gonzalo,Barral,97007
97008,274208558,Modesta,Moliner,97008
97009,643749495,Lidia,Campoy,97009
97010,699922717,Ascension,Frias,97010
97011,752061158,Graciano,Sancho,97011
97012,782226011,Walter,Tamarit,97012
97013,867618222,Mario,Cerro,97013
97014,643144734,Nazaret,Hidalgo,97014
97015,995898842,Edelmiro,Coca,97015
97016,205405950,Noe,Molins,97016
97017,290107839,Hipolito,Plana,97017
97018,604952890,Jeremias,Acedo,97018
97019,293367761,Renato,Llorens,97019
97020,237410537,Porfirio,Diego,97020
97021,956729771,Artemio,Mate,97021
97022,495753244,Amancio,Oliva,97022
97023,828621599,Flora,Gargallo,97023
97024,540248822,Dionisio,Quiros,97024
97025,868967837,Hernando,Ayllon,97025
97026,114352866,Constanza,Perera,97026
97027,647200199,Xavier,Landa,97027
97028,652211078,Luis Angel,Chacon,97028
97029,700853590,Narciso,Arce,97029
97030,815121664,Petrona,Collado,97030
97031,482240536,Lorenza,Casals,97031
97032,773252782,Juan Antonio,Bravo,97032
97033,475205871,Fausto,Estrada,97033
97034,166146929,Vicente,Ruano,97034
97035,441534778,Eufemia,Mena,97035
97036,805050916,Rene,Calvet,97036
97037,788247551,Raquel,Silva,97037
97038,417896657,Luis Miguel,Arregui,97038
97039,853596866,Prudencio,Galindo,97039
97040,344728227,Etelvina,Arce,97040
97041,818910121,Rufino,Barral,97041
97042,829495175,Victor,Borras,97042
97043,312243314,Iban,Guitart,97043
97044,339362744,Eufemia,Nicolau,97044
97045,868338668,Amaro,Iglesia,97045
97046,397094849,Angelina,Mosquera,97046
97047,686697586,Teodosio,Gallart,97047
97048,509677069,Apolinar,Lledo,97048
97049,111801204,Maximino,Beltran,97049
97050,824528210,Chuy,Portillo,97050
97051,118536802,Anastasia,Paez,97051
97052,651887640,Adan,Tolosa,97052
97053,637668521,Hernan,Casal,97053
97054,420521160,Albino,Molina,97054
97055,310782066,Eugenio,Abad,97055
97056,108694092,Cristobal,Abella,97056
97057,757469107,Nelida,Poza,97057
97058,377142253,Maite,Correa,97058
97059,178164546,Andres,Castejon,97059
97060,625556565,Donato,Barragan,97060
97061,301308905,Rosalva,Lara,97061
97062,851247918,Leyre,Buendia,97062
97063,229844354,Maximiliano,Terron,97063
97064,562764695,Josefina,Ros,97064
97065,998314525,Felix,Benitez,97065
97066,671578880,Marita,Parra,97066
97067,825212298,Emilio,Roma,97067
97068,712226874,Jose Carlos,Zaragoza,97068
97069,651585346,Eligio,Isern,97069
97070,397536964,Cesar,Manso,97070
97071,815417600,Miguela,Diaz,97071
97072,557083290,Manola,Alcazar,97072
97073,797335769,Primitivo,Canales,97073
97074,840131266,Corona,Torrents,97074
97075,711873883,Rosendo,Sanmartin,97075
97076,241487093,Angeles,Ribera,97076
97077,812351763,Catalina,Rossello,97077
97078,525307438,Ines,Alarcon,97078
97079,145632102,Benita,Gutierrez,97079
97080,200370889,Jacinta,Yanez,97080
97081,263119040,Dalila,Comas,97081
97082,299478160,Felipa,Alcazar,97082
97083,324623267,Elisa,Macias,97083
97084,861913051,Hermenegildo,Crespo,97084
97085,689176559,Marco,Sarabia,97085
97086,862499511,Gabino,Bru,97086
97087,802463006,Gloria,Mata,97087
97088,129709961,Bernabe,Cuenca,97088
97089,871865260,Leon,Puig,97089
97090,665652857,Amaya,Benavent,97090
97091,813178968,Brunilda,Gimenez,97091
97092,911247109,Pascual,Corominas,97092
97093,560768963,Hector,Amat,97093
97094,119252322,Aranzazu,Sanabria,97094
97095,153725284,Alondra,Juarez,97095
97096,840726695,Agustina,Amigo,97096
97097,402334994,Emelina,Borras,97097
97098,974842464,Primitiva,Diaz,97098
97099,524478926,Fanny,Mancebo,97099
97100,715701681,Florinda,Maestre,97100
97101,315062041,Faustino,Camps,97101
97102,108372137,Fabiana,Escalona,97102
97103,915322136,Loida,Jover,97103
97104,674801752,Loreto,Medina,97104
97105,349998639,Lucio,Gallardo,97105
97106,583013406,Jorge,Guijarro,97106
97107,633591386,Jordi,Catalan,97107
97108,991179243,Obdulia,Mendoza,97108
97109,792148303,Cintia,Figueroa,97109
97110,566615660,Aitana,Ochoa,97110
97111,164992890,Enrique,Raya,97111
97112,998108745,Gracia,Guzman,97112
97113,953719857,Pancho,Barroso,97113
97114,175414428,Benigna,Franch,97114
97115,528282601,Matias,Sierra,97115
97116,558436957,Nelida,Elorza,97116
97117,841373357,Josue,Vinas,97117
97118,432420729,Graciano,Fabregat,97118
97119,217201163,Ligia,Arnau,97119
97120,598452266,Juan Pablo,Herrera,97120
97121,244395538,Eduardo,Folch,97121
97122,954306932,Lidia,Castello,97122
97123,124466710,Primitiva,Fuster,97123
97124,158998119,Zaira,Cruz,97124
97125,403546483,Laura,Rincon,97125
97126,354109918,Maura,Trujillo,97126
97127,579068363,Angela,Valls,97127
97128,103913817,Maxima,Hervia,97128
97129,652132424,Nerea,Plaza,97129
97130,897303109,Gracia,Coloma,97130
97131,554078570,Juanita,Sole,97131
97132,304049504,Pepe,Tejada,97132
97133,260104247,Elba,Quiros,97133
97134,784283387,Conrado,Diez,97134
97135,453490907,Dominga,Saez,97135
97136,258851114,Eric,Beltran,97136
97137,514675622,Eugenia,Rosell,97137
97138,205674174,Dani,Bustos,97138
97139,136862148,Maxi,Nino,97139
97140,878981695,Abraham,Echeverria,97140
97141,806052872,Bruno,Zurita,97141
97142,937276693,Reynaldo,Vinas,97142
97143,719166192,Isaac,Luis,97143
97144,608803460,Cesar,Seco,97144
97145,374173525,Fidel,Mendizabal,97145
97146,935682314,Amilcar,Heras,97146
97147,554956289,Bienvenida,Muniz,97147
97148,950830673,Ovidio,Flor,97148
97149,204374956,Julian,Dalmau,97149
97150,625274607,Julieta,Guitart,97150
97151,353657745,Jose Manuel,Rubio,97151
97152,157153822,Tecla,Collado,97152
97153,483229892,Rocio,Hervas,97153
97154,373458125,Ulises,Hidalgo,97154
97155,231373789,Gracia,Huguet,97155
97156,198583842,Angel,Bertran,97156
97157,685540525,Adelia,Vicens,97157
97158,505651014,Martin,Girona,97158
97159,920770383,Leonardo,Isern,97159
97160,555094690,Alfonso,Higueras,97160
97161,730652288,Trini,Fernandez,97161
97162,330056002,Eustaquio,Alfaro,97162
97163,251832591,Julia,Pedraza,97163
97164,222277158,Jordana,Uria,97164
97165,826727627,Maria Luisa,Almansa,97165
97166,733201469,Marino,Lillo,97166
97167,830479575,Miguel Angel,Alberola,97167
97168,702683036,Eligia,Pinedo,97168
97169,201886210,Maximiano,Acevedo,97169
97170,401608828,Saturnina,Tello,97170
97171,390723284,Alejo,Mugica,97171
97172,154284476,Nazaret,Figueroa,97172
97173,334336869,Caridad,Manzano,97173
97174,884153400,Gerardo,Gallart,97174
97175,774674469,Lucas,Pou,97175
97176,843005583,Francisca,Arevalo,97176
97177,439882554,Albano,Gual,97177
97178,318059833,Debora,Palau,97178
97179,678687960,Dionisia,Botella,97179
97180,531438815,Ulises,Benavides,97180
97181,417038781,Eutropio,Araujo,97181
97182,444287443,Manola,Rodriguez,97182
97183,922723643,Teobaldo,Cuenca,97183
97184,236725067,Tomas,Llanos,97184
97185,786286358,Miguel,Pinol,97185
97186,413295821,Bruno,Aleman,97186
97187,525495789,Andres Felipe,Riera,97187
97188,525874147,Aura,Rius,97188
97189,800893599,Loreto,Caceres,97189
97190,651075397,Blas,Toledo,97190
97191,799774605,Agapito,Urrutia,97191
97192,675980981,Cecilio,Gargallo,97192
97193,897979232,Flor,Pena,97193
97194,548894817,Tiburcio,Jauregui,97194
97195,629585005,Priscila,Vila,97195
97196,133162084,Carlota,Carbonell,97196
97197,897679303,Heriberto,Arnaiz,97197
97198,930938364,Amor,Lerma,97198
97199,663374232,Ana,Calleja,97199
97200,102747197,Martin,Malo,97200
97201,237245276,Fabiola,Noriega,97201
97202,330739715,Marcelo,Pereira,97202
97203,792359944,Tecla,Villena,97203
97204,981896473,Lucila,Adan,97204
97205,424185841,Angelica,Soto,97205
97206,843578472,Eufemia,Aragones,97206
97207,364137583,Brunilda,Lillo,97207
97208,980000893,Fernanda,Arranz,97208
97209,618011194,Jimena,Riquelme,97209
97210,883222697,Cecilia,Torrens,97210
97211,303062722,Tatiana,Alcalde,97211
97212,956857513,Reynaldo,Escriva,97212
97213,820997357,Francisca,Canovas,97213
97214,289439707,Silvio,Tamarit,97214
97215,716605119,Hipolito,Cuesta,97215
97216,602786444,Cayetano,Espejo,97216
97217,797975780,Seve,Poza,97217
97218,998918596,Victor,Salas,97218
97219,520089960,Barbara,Cuenca,97219
97220,585235102,Anabel,Aleman,97220
97221,487542062,Isabel,Pina,97221
97222,210718412,Reyes,Sole,97222
97223,586698202,Isabela,Nino,97223
97224,201203773,Feliciana,Francisco,97224
97225,799753348,Debora,Cuenca,97225
97226,661213991,Timoteo,Navas,97226
97227,799605229,Teresita,Moya,97227
97228,697265558,Adora,Santiago,97228
97229,800444543,Martina,Montenegro,97229
97230,724742088,Amelia,Donaire,97230
97231,403009163,Alfredo,Alvarado,97231
97232,716865901,Edgar,Guerrero,97232
97233,401347598,Gala,Palacio,97233
97234,328128873,Seve,Cases,97234
97235,725776778,Juan Carlos,Nicolas,97235
97236,237060434,Eric,Quiroga,97236
97237,806356110,Nereida,Duarte,97237
97238,175407668,Nicolas,Bernat,97238
97239,948370227,Albano,Valdes,97239
97240,921287605,Dimas,Sanchez,97240
97241,567674033,Ruben,Mas,97241
97242,722941343,Jacinta,Olmedo,97242
97243,135398940,Celestino,Casal,97243
97244,734430220,Tiburcio,Barral,97244
97245,661791694,Octavia,Tormo,97245
97246,324601990,Rodrigo,Delgado,97246
97247,921076649,Elisabet,Fonseca,97247
97248,498576119,Nereida,Pallares,97248
97249,287335899,Cosme,Gilabert,97249
97250,774949872,Febe,Contreras,97250
97251,370334568,Anibal,Olive,97251
97252,904996741,Amador,Baena,97252
97253,330594344,Lola,Herrero,97253
97254,720966824,Maximo,Jaen,97254
97255,949992268,Nacio,Codina,97255
97256,667537241,Coral,Tejera,97256
97257,652235436,Vicente,Riera,97257
97258,805232675,Yessica,Soler,97258
97259,471515587,Liliana,Guardia,97259
97260,900717627,Vicente,Prado,97260
97261,126642039,Emilio,Esteban,97261
97262,166962946,Alma,Amoros,97262
97263,577517632,Rico,Riquelme,97263
97264,902104931,Diana,Pacheco,97264
97265,249677248,Luciana,Sebastian,97265
97266,952523973,Clemente,Camino,97266
97267,656184507,Eduardo,Cortes,97267
97268,701400567,Vera,Tejada,97268
97269,719420154,Francisca,Mascaro,97269
97270,965132542,Emigdio,Vara,97270
97271,525706717,Azahara,Gallardo,97271
97272,215232548,Vidal,Valles,97272
97273,661361574,Jose Maria,Noriega,97273
97274,459569632,Bonifacio,Hierro,97274
97275,766311977,Edelmira,Perez,97275
97276,933794955,Hermenegildo,Molina,97276
97277,414193428,Cecilio,Pinol,97277
97278,309347455,Demetrio,Asensio,97278
97279,332139389,Diana,Adadia,97279
97280,386575466,Aranzazu,Tur,97280
97281,210208364,Natanael,Iglesias,97281
97282,737014761,Flor,Vallejo,97282
97283,618431809,Marita,Roldan,97283
97284,959034948,Esther,Asenjo,97284
97285,388035214,Dionisio,Gomez,97285
97286,793700371,Maxi,Uriarte,97286
97287,402949274,Rosario,Barroso,97287
97288,404567589,Toni,Arroyo,97288
97289,467407578,Albino,Angulo,97289
97290,857274127,Cebrian,Tolosa,97290
97291,936849667,Cloe,Herranz,97291
97292,371673705,Natalia,Orozco,97292
97293,833317740,Severo,Arenas,97293
97294,724254637,Noa,Guijarro,97294
97295,886626047,Luis Miguel,Tenorio,97295
97296,640945728,Francisco Javier,Giron,97296
97297,655499568,Visitacion,Aviles,97297
97298,438303327,Melania,Bustos,97298
97299,955805688,Alfredo,Cobos,97299
97300,861105739,Abel,Sacristan,97300
97301,600344740,Loreto,Salvador,97301
97302,705250750,Jose Luis,Vaquero,97302
97303,446480557,Apolinar,Guerra,97303
97304,497703279,Rufino,Canizares,97304
97305,713399414,Tatiana,Oliva,97305
97306,675669564,Adelia,Manzanares,97306
97307,923259253,Melisa,Teruel,97307
97308,460603833,Jimena,Carretero,97308
97309,630143850,Gonzalo,Santos,97309
97310,884406713,Priscila,Carranza,97310
97311,817916666,Sabas,Lozano,97311
97312,509896686,Trinidad,Palomino,97312
97313,802839033,Victor,Clavero,97313
97314,706939401,Ambar,Valenciano,97314
97315,561411651,Maximiano,Jove,97315
97316,763411748,Roman,Iniguez,97316
97317,492336919,Eutimio,Vicente,97317
97318,458300261,Donato,Benavente,97318
97319,417719734,Jose Mari,Feijoo,97319
97320,447133095,Jesusa,Sanmartin,97320
97321,787045128,Olivia,Pozo,97321
97322,601704582,Mireia,Nogues,97322
97323,299703197,Fidela,Carbajo,97323
97324,544583779,Martin,Andres,97324
97325,352902861,Adolfo,Font,97325
97326,688948682,Nicolas,Feliu,97326
97327,835175648,Nereida,Bustamante,97327
97328,123989418,Filomena,Nieto,97328
97329,551280762,Zaira,Andrade,97329
97330,560067222,Jose Francisco,Sanz,97330
97331,300586857,Carmen,Gutierrez,97331
97332,731686445,Joan,Mosquera,97332
97333,344604219,Isabel,Serrano,97333
97334,935922966,Toribio,Mascaro,97334
97335,264714725,Encarnacion,Suarez,97335
97336,159151041,Tadeo,Campillo,97336
97337,307787424,Nelida,Alvarez,97337
97338,256521295,Ileana,Feijoo,97338
97339,812368863,Adrian,Serna,97339
97340,786008881,Cristina,Aguado,97340
97341,386584156,Manuelita,Marcos,97341
97342,374120979,Pilar,Valentin,97342
97343,142545104,Natanael,Duran,97343
97344,674434350,Edelmiro,Lloret,97344
97345,181785897,Nidia,Ramon,97345
97346,441006200,Lidia,Rozas,97346
97347,497358212,Espiridion,Gelabert,97347
97348,835995432,Victor,Ugarte,97348
97349,270180399,Antonia,Frutos,97349
97350,592834972,Jose Luis,Camino,97350
97351,241281768,Luis Miguel,Ricart,97351
97352,436514548,Primitiva,Cordoba,97352
97353,265083144,Amilcar,Barcena,97353
97354,220654050,Perlita,Estevez,97354
97355,934257891,Micaela,Nino,97355
97356,595687762,Marcelo,Maldonado,97356
97357,199850941,Viviana,Miralles,97357
97358,242744406,Celestina,Llanos,97358
97359,924246301,Clotilde,Amores,97359
97360,265477594,Merche,Romeu,97360
97361,996166509,Tadeo,Villegas,97361
97362,760400444,Carolina,Palma,97362
97363,153317558,Americo,Estrada,97363
97364,107895238,Rosalina,Valdes,97364
97365,499102703,Jessica,Castell,97365
97366,912867250,Juanita,Marin,97366
97367,525897705,Loreto,Bravo,97367
97368,591254951,Jose Luis,Abella,97368
97369,132951821,Dora,Abella,97369
97370,876270871,Lucila,Anton,97370
97371,557369039,Azahara,Yuste,97371
97372,378866261,Amado,Lobo,97372
97373,726667116,Primitiva,Castillo,97373
97374,426192711,Luna,Isern,97374
97375,677807501,Yessica,Melendez,97375
97376,440650674,Chus,Marquez,97376
97377,799509093,Guiomar,Osorio,97377
97378,266810168,Juan Jose,Cano,97378
97379,315546345,Candela,Ortega,97379
97380,270133251,Veronica,Salinas,97380
97381,175679504,Albina,Menendez,97381
97382,322476522,Martin,Coca,97382
97383,282444588,Rita,Tejera,97383
97384,555095728,Adan,Pineda,97384
97385,213585953,Nazario,Villegas,97385
97386,115754566,Trinidad,Elorza,97386
97387,623911327,Jose Antonio,Egea,97387
97388,353311156,Leonor,Montenegro,97388
97389,882369262,Flavia,Garriga,97389
97390,406729151,Coral,Vega,97390
97391,378979183,Hilario,Rico,97391
97392,236872746,Encarnacion,Jaen,97392
97393,573504122,Custodia,Martinez,97393
97394,522262936,Josep,Raya,97394
97395,360118448,Geronimo,Manuel,97395
97396,440681756,Casemiro,Guerrero,97396
97397,747887334,Carmen,Pizarro,97397
97398,819531254,Pancho,Coello,97398
97399,192899616,Americo,Rosa,97399
97400,713570076,Encarnita,Sanchez,97400
97401,787112794,Ambrosio,Luna,97401
97402,667463613,Xavier,Campo,97402
97403,166339526,Reina,Vigil,97403
97404,264337442,Francisca,Canizares,97404
97405,225631031,Dionisia,Mugica,97405
97406,295006818,Sofia,Robledo,97406
97407,585749954,Brunilda,Cespedes,97407
97408,262632726,Conrado,Velez,97408
97409,501560411,Jeremias,Acevedo,97409
97410,892792613,Abraham,Vila,97410
97411,378340236,Maria Fernanda,Cid,97411
97412,816766508,Eric,Sandoval,97412
97413,805017779,Alma,Pellicer,97413
97414,856616674,Jose Angel,Nevado,97414
97415,825567257,Asdrubal,Ferran,97415
97416,440021724,Baldomero,Canellas,97416
97417,785394253,Heliodoro,Crespi,97417
97418,616961736,Chus,Arnaiz,97418
97419,544453913,Hermenegildo,Luis,97419
97420,824240872,Rebeca,Duarte,97420
97421,904550973,Jenaro,Rosales,97421
97422,151454714,Baldomero,Duque,97422
97423,425681267,Dario,Tolosa,97423
97424,613394396,Alondra,Cozar,97424
97425,450183601,Rolando,Guijarro,97425
97426,596293845,Nadia,Vigil,97426
97427,196703598,Jenny,Madrigal,97427
97428,620198642,Ezequiel,Rossello,97428
97429,771247960,Encarnacion,Saavedra,97429
97430,939373708,Demetrio,Bayona,97430
97431,556793427,Ruy,Infante,97431
97432,769119159,Flavio,Marcos,97432
97433,940058443,Maria Fernanda,Leon,97433
97434,413266463,Consuela,Bellido,97434
97435,243408237,Erasmo,Blazquez,97435
97436,580631139,Timoteo,Anglada,97436
97437,956050307,Adelaida,Busquets,97437
97438,789953459,Jenaro,Armengol,97438
97439,133192279,Amor,Vicens,97439
97440,730548214,Sarita,Iriarte,97440
97441,129285588,Melchor,Juarez,97441
97442,835277715,Ana Sofia,Vidal,97442
97443,409216777,Odalis,Figueroa,97443
97444,612273994,Debora,Marmol,97444
97445,806289517,Remedios,Lobato,97445
97446,534454274,Ciriaco,Canet,97446
97447,728938781,Primitivo,Mendez,97447
97448,835103377,Coral,Fortuny,97448
97449,925389234,Catalina,Oliveras,97449
97450,409868512,Odalys,Vilanova,97450
97451,636382348,Alma,Gomis,97451
97452,878054684,Sonia,Abad,97452
97453,380595531,Salomon,Verdejo,97453
97454,530184084,Tania,Mata,97454
97455,172664996,Eloisa,Blazquez,97455
97456,867982045,Chucho,Leal,97456
97457,732047054,Esteban,Torrens,97457
97458,698774812,Eugenio,Aragon,97458
97459,308886105,Maria Manuela,Gargallo,97459
97460,170016798,Manola,Badia,97460
97461,364471108,Cruz,Chaves,97461
97462,686353456,Valerio,Gisbert,97462
97463,603010437,Roman,Baeza,97463
97464,622492264,Cintia,Montalban,97464
97465,180827847,Luisina,Pallares,97465
97466,463764477,Nestor,Guerrero,97466
97467,841706284,Encarnacion,Abella,97467
97468,177546052,Osvaldo,Anguita,97468
97469,379271707,Cristian,Valls,97469
97470,844907786,Noe,Heras,97470
97471,883893284,Onofre,Villalobos,97471
97472,629470658,Ulises,Manzanares,97472
97473,251984112,Jacinto,Novoa,97473
97474,471560580,Chuy,Albero,97474
97475,632296768,Buenaventura,Clavero,97475
97476,845716755,Ezequiel,Sala,97476
97477,663138811,Anastasio,Haro,97477
97478,498700526,Custodio,Sanjuan,97478
97479,259263741,Sabina,Daza,97479
97480,254548244,Oriana,Uribe,97480
97481,550800463,Amor,Murillo,97481
97482,304951013,Cleto,Matas,97482
97483,367265459,Guillermo,Carballo,97483
97484,643267350,Rosario,Fiol,97484
97485,448225517,Monica,Morera,97485
97486,474532970,Leocadia,Perez,97486
97487,420266627,Susanita,Terron,97487
97488,354417468,Inigo,Alberto,97488
97489,640486325,Veronica,Miranda,97489
97490,372527871,Antonio,Torrijos,97490
97491,795087206,Pili,Morell,97491
97492,195062499,Remedios,Huertas,97492
97493,807393556,Maxima,Garcia,97493
97494,138193697,Chus,Trillo,97494
97495,787151840,Jessica,Jover,97495
97496,623932879,Sabas,Almansa,97496
97497,769667950,Quirino,Amor,97497
97498,471136586,Guiomar,Mateu,97498
97499,367876367,Juliana,Pacheco,97499
97500,373706872,Sara,Bru,97500
97501,279833277,Jesus,Bayon,97501
97502,943596750,Patricio,Roldan,97502
97503,102240087,Marcelo,Galvez,97503
97504,181466651,Gala,Herranz,97504
97505,808780155,Anacleto,Sotelo,97505
97506,103213402,Ana Belen,Pascual,97506
97507,987113263,Samu,Alfaro,97507
97508,665210236,Jimena,Camps,97508
97509,155870048,Geronimo,Verdu,97509
97510,570612013,Corona,Ricart,97510
97511,398809029,Socorro,Teruel,97511
97512,866531630,Isaac,Bonilla,97512
97513,196577067,Che,Perez,97513
97514,852374968,Noemi,Fuente,97514
97515,905554402,Remedios,Llano,97515
97516,902150697,Rodolfo,Parra,97516
97517,683533008,Jenaro,Briones,97517
97518,772918518,Raimundo,Hernandez,97518
97519,938709490,Jeremias,Gutierrez,97519
97520,620832875,Gustavo,Jove,97520
97521,933954940,Santos,Mur,97521
97522,824218191,Lidia,Borrell,97522
97523,949622738,Moises,Gonzalez,97523
97524,906678526,Cristian,Jurado,97524
97525,477883642,Ariadna,Jauregui,97525
97526,312937253,Inocencio,Castell,97526
97527,945239782,Bernabe,Anglada,97527
97528,594547851,Paz,Sainz,97528
97529,559371334,Ale,Alfonso,97529
97530,683592780,Nicolasa,Vidal,97530
97531,364769280,Elvira,Santana,97531
97532,764078027,Sara,Santana,97532
97533,893630564,Cristian,Palomino,97533
97534,419842717,Dolores,Valdes,97534
97535,490671491,Gil,Saldana,97535
97536,526420832,Leoncio,Arregui,97536
97537,685980522,Maria Teresa,Cepeda,97537
97538,789202029,Liliana,Perea,97538
97539,456793961,Trinidad,Silva,97539
97540,132449985,Bibiana,Zabala,97540
97541,948099467,Ambar,Palomares,97541
97542,547693665,Reyes,Fuente,97542
97543,298775393,Lola,Salamanca,97543
97544,774264942,Natalio,Azorin,97544
97545,100490340,Paola,Marco,97545
97546,930422184,Andres Felipe,Chaparro,97546
97547,429836350,Lidia,Ferrero,97547
97548,865392022,Florencio,Jara,97548
97549,925182646,Francisco Javier,Angulo,97549
97550,926442229,Zoraida,Cuervo,97550
97551,537479236,Loreto,Fabra,97551
97552,807749215,Alex,Paz,97552
97553,291600258,Paloma,Garay,97553
97554,791171498,Carmen,Acero,97554
97555,135513695,Eladio,Andrade,97555
97556,585580461,Remigio,Guzman,97556
97557,645086592,Amparo,Tejero,97557
97558,947446435,Gabino,Oller,97558
97559,643054494,Eugenio,Leon,97559
97560,616299757,Maria,Marti,97560
97561,882996081,Candido,Hernando,97561
97562,896008607,Domitila,Posada,97562
97563,396420397,Basilio,Arellano,97563
97564,139374282,Eutropio,Mugica,97564
97565,370167236,Ricarda,Acuna,97565
97566,674117415,Chema,Mulet,97566
97567,115034163,Sabina,Ortuno,97567
97568,294066843,Eva,Saldana,97568
97569,650806985,Rico,Iniguez,97569
97570,954058520,Ana Sofia,Manzano,97570
97571,909232022,Cristina,Sobrino,97571
97572,362898262,Jose Carlos,Correa,97572
97573,370611823,Barbara,Sabater,97573
97574,536927289,Dani,Pombo,97574
97575,935994236,Candelaria,Marino,97575
97576,627994821,Agapito,Guerra,97576
97577,381611061,Francisco Javier,Rey,97577
97578,877120738,Godofredo,Ariza,97578
97579,392490535,Isidora,Lamas,97579
97580,244042374,Maria Teresa,Pinilla,97580
97581,159290596,Maxima,Varela,97581
97582,633911384,Carmina,Jimenez,97582
97583,803068147,Nayara,Bonilla,97583
97584,329577960,Conrado,Montana,97584
97585,450655341,Candida,Cuevas,97585
97586,347718417,Rene,Berrocal,97586
97587,102180583,Saturnina,Font,97587
97588,993065742,Jovita,Chaparro,97588
97589,679859941,Cloe,Roig,97589
97590,694082458,Pilar,Salcedo,97590
97591,875636696,Nerea,Alberto,97591
97592,530660250,Javiera,Arevalo,97592
97593,587322307,Margarita,Riba,97593
97594,880696118,Juan Antonio,Vazquez,97594
97595,529096378,Monica,Sacristan,97595
97596,755359743,Nazaret,Catalan,97596
97597,671475746,Amor,Yuste,97597
97598,586207493,Calista,Redondo,97598
97599,565769696,Eliseo,Osuna,97599
97600,637755567,Victor,Macias,97600
97601,337773785,Selena,Benito,97601
97602,308997335,Ramon,Busquets,97602
97603,755188502,Javi,Armengol,97603
97604,189726960,Piedad,Uria,97604
97605,802899753,Josue,Portillo,97605
97606,724906035,Bernardino,Garrido,97606
97607,248348272,Yessica,Cases,97607
97608,913397292,Hipolito,Ferran,97608
97609,634735600,Donato,Amoros,97609
97610,564155261,Rosa,Lillo,97610
97611,889312860,Marisela,Ojeda,97611
97612,841754799,Adoracion,Garzon,97612
97613,266577846,Anselmo,Alcala,97613
97614,745474436,Quique,Alcalde,97614
97615,137860687,Esperanza,Nicolau,97615
97616,375111112,Lucho,Pena,97616
97617,677695572,Violeta,Padilla,97617
97618,242191548,Samuel,Marin,97618
97619,816566889,Lucho,Amaya,97619
97620,294289630,Luz,Alcala,97620
97621,196727551,Roman,Bayon,97621
97622,565571732,Dafne,Soria,97622
97623,545663662,Maria Teresa,Villegas,97623
97624,537559127,Manuel,Juan,97624
97625,935999959,Eligia,Baro,97625
97626,853925406,Victor,Izquierdo,97626
97627,885356896,Pablo,Arribas,97627
97628,833340340,Aurora,Luis,97628
97629,108427668,Beatriz,Cervera,97629
97630,585232937,Casemiro,Rocha,97630
97631,914127733,Lope,Bayo,97631
97632,147506967,Omar,Saenz,97632
97633,623648315,Zacarias,Saez,97633
97634,315816449,Climaco,Mena,97634
97635,384388121,Violeta,Estrada,97635
97636,800707282,Osvaldo,Verdugo,97636
97637,908942740,Basilio,Sevillano,97637
97638,160394498,Jose,Segura,97638
97639,312693591,Arturo,Vigil,97639
97640,250630794,Natalio,Barreda,97640
97641,115403998,Luis,Cervera,97641
97642,446868815,Agapito,Ros,97642
97643,993691631,Abigail,Larranaga,97643
97644,742472803,Amilcar,Villa,97644
97645,648530675,Emiliano,Aviles,97645
97646,198322191,Victoria,Canete,97646
97647,237502582,Rico,Escobar,97647
97648,893983603,Rafa,Corral,97648
97649,741431148,Narcisa,Valls,97649
97650,787888998,Cristian,Aramburu,97650
97651,954887807,Jose Miguel,Canals,97651
97652,709202679,Climaco,Farre,97652
97653,764447144,Amanda,Carballo,97653
97654,159200291,Diana,Corbacho,97654
97655,484238934,Soledad,Paredes,97655
97656,763617684,Goyo,Dominguez,97656
97657,311692686,Maximiliano,Roldan,97657
97658,312404844,Baltasar,Cid,97658
97659,599430157,Rebeca,Roman,97659
97660,969375194,Adalberto,Arjona,97660
97661,936667500,Lucas,Peralta,97661
97662,353124993,Basilio,Llamas,97662
97663,746387487,Emigdio,Torrijos,97663
97664,220158764,Gaspar,Soriano,97664
97665,177476914,Ignacio,Morales,97665
97666,828928473,Juan Carlos,Borrego,97666
97667,336341101,Telmo,Balaguer,97667
97668,408799678,Clemente,Nunez,97668
97669,100102059,Demetrio,Fuentes,97669
97670,538093994,Gaspar,Heras,97670
97671,121266865,Soledad,Gallo,97671
97672,841056799,Luciana,Medina,97672
97673,421938403,Clarisa,Leon,97673
97674,806931854,Hortensia,Estrada,97674
97675,621902223,Constanza,Pinilla,97675
97676,817772223,Carlito,Ferrando,97676
97677,465308199,Francisco Jose,Sanz,97677
97678,203428989,Celso,Mena,97678
97679,918686692,Leocadia,Reyes,97679
97680,215358280,Ignacio,Garcia,97680
97681,700375305,Jose Angel,Fuertes,97681
97682,162603528,Custodio,Bejarano,97682
97683,999078691,Esperanza,Aguila,97683
97684,372450009,Isaura,Salcedo,97684
97685,737584485,Luis,Gonzalo,97685
97686,816707898,Vasco,Conde,97686
97687,511205254,Macaria,Lorenzo,97687
97688,367784597,Silvia,Cuesta,97688
97689,336385323,Porfirio,Carranza,97689
97690,117983580,Faustino,Sainz,97690
97691,156480736,Calixta,Verdugo,97691
97692,931333247,Reina,Calvo,97692
97693,670065563,Guiomar,Guijarro,97693
97694,356155142,Duilio,Galvez,97694
97695,843047317,Maximiano,Rojas,97695
97696,918274586,Albina,Nebot,97696
97697,526159922,Asuncion,Casal,97697
97698,761184141,Agustin,Cordero,97698
97699,337899183,Anna,Gilabert,97699
97700,799414009,Marcela,Pina,97700
97701,523852159,Anastasio,Diez,97701
97702,493981607,Curro,Roldan,97702
97703,974030765,Isa,Querol,97703
97704,147492715,Carlito,Peralta,97704
97705,841115815,Aurea,Garzon,97705
97706,166717778,Bruno,Tovar,97706
97707,798322893,Agata,Carbajo,97707
97708,583086692,Joel,Carpio,97708
97709,646947348,Alejo,Lopez,97709
97710,208397502,Noa,Jimenez,97710
97711,107082480,Benigno,Rosales,97711
97712,597864544,Victoriano,Arcos,97712
97713,931960766,Ursula,Bueno,97713
97714,132496322,Agata,Santamaria,97714
97715,928754319,Glauco,Paredes,97715
97716,573165455,Iban,Vilalta,97716
97717,596956788,Isidora,Aroca,97717
97718,895817317,Fabiola,Vidal,97718
97719,860769350,Jenaro,Zabaleta,97719
97720,547537895,Dominga,Boada,97720
97721,260375336,Elias,Castellanos,97721
97722,882059360,Amor,Font,97722
97723,166119334,Ignacio,Pina,97723
97724,913611753,Juliana,Roda,97724
97725,455710241,Jesus,Herranz,97725
97726,326427767,Rufino,Almagro,97726
97727,601501155,Rene,Palomares,97727
97728,675797598,Inigo,Lozano,97728
97729,917763781,Agustina,Rocamora,97729
97730,296084454,Jesusa,Alegria,97730
97731,961265486,Toni,Carranza,97731
97732,897875573,Rogelio,Moreno,97732
97733,735492952,Marisela,Pujol,97733
97734,632887924,Maura,Gascon,97734
97735,737277089,Yessica,Pont,97735
97736,919223863,Marcial,Padilla,97736
97737,331719586,Hilario,Vinas,97737
97738,618095357,Eugenia,Torrent,97738
97739,949746749,Emma,Verdejo,97739
97740,673725909,Berta,Cabello,97740
97741,565995035,Benito,Cabo,97741
97742,408919088,Felicidad,Alfaro,97742
97743,774515240,Miguel,Yuste,97743
97744,629929295,Lupita,Rios,97744
97745,708170748,Dionisio,Pina,97745
97746,353894658,Laura,Esteve,97746
97747,118690663,Graciana,Goni,97747
97748,350670334,Alma,Cano,97748
97749,526632447,Juan Antonio,Fabra,97749
97750,941880158,Victor,Plaza,97750
97751,598155176,Perla,Mena,97751
97752,672964023,Adrian,Arias,97752
97753,982461413,Roque,Chacon,97753
97754,582595563,David,Gras,97754
97755,536703124,Ramon,Alvarez,97755
97756,275090941,Herminia,Tolosa,97756
97757,750176981,Camila,Gonzalo,97757
97758,246364303,Manuelita,Cabanas,97758
97759,649548266,Roberto,Pina,97759
97760,615833335,Nayara,Arias,97760
97761,324188097,Ignacia,Benavent,97761
97762,320854110,Victoriano,Carreras,97762
97763,929214335,Agapito,Porras,97763
97764,673712223,Salud,Herrero,97764
97765,917647950,Calisto,Hierro,97765
97766,589598549,Borja,Isern,97766
97767,990785974,Felicia,Varela,97767
97768,911139971,Martirio,Gallo,97768
97769,347968943,Isidoro,Uribe,97769
97770,761937107,Amarilis,Criado,97770
97771,182210457,Natalia,Esparza,97771
97772,378772165,Horacio,Tirado,97772
97773,164606827,Goyo,Riquelme,97773
97774,943543629,Modesta,Aguilera,97774
97775,391715994,Encarnacion,Ariza,97775
97776,478203178,Dionisio,Llorente,97776
97777,668302142,Adan,Montenegro,97777
97778,944100682,Leonel,Barcena,97778
97779,322749250,Jordi,Urena,97779
97780,503288386,Panfilo,Espada,97780
97781,725025143,Curro,Segura,97781
97782,393949947,Alejandro,Gutierrez,97782
97783,792666858,Serafina,Salamanca,97783
97784,502813739,Berta,Ballester,97784
97785,775858313,Gil,Maza,97785
97786,514938267,Vera,Benavent,97786
97787,710999622,Amada,Olivares,97787
97788,801461959,Victor,Olmedo,97788
97789,313423754,Encarnita,Sanchez,97789
97790,583916634,Chita,Sancho,97790
97791,857227454,Alonso,Ferreras,97791
97792,888480954,Anselma,Arjona,97792
97793,626737793,Miguel Angel,Tello,97793
97794,231505166,Pacifica,Bustos,97794
97795,553636153,Florentino,Aguila,97795
97796,908703658,Placido,Acuna,97796
97797,462205744,Glauco,Antunez,97797
97798,228664026,Borja,Coca,97798
97799,180656370,Herberto,Bueno,97799
97800,563573734,Flora,Rios,97800
97801,756555815,Adrian,Pardo,97801
97802,733370557,Maximiano,Rivera,97802
97803,205600911,Seve,Cuadrado,97803
97804,669615871,Manu,Belda,97804
97805,691365113,Domitila,Rebollo,97805
97806,177638212,Juan,Moraleda,97806
97807,408659566,Leoncio,Villena,97807
97808,305840805,Regulo,Cerezo,97808
97809,799453243,Bruno,Elorza,97809
97810,495454358,Griselda,Villalonga,97810
97811,287023452,Calisto,Sanchez,97811
97812,143243243,Manuel,Calzada,97812
97813,509062035,Pastor,Escriva,97813
97814,660490051,Hermenegildo,Pallares,97814
97815,378596950,Tristan,Castells,97815
97816,119484654,Raimundo,Alvarez,97816
97817,146379343,Esperanza,Cortes,97817
97818,547104942,Miguela,Bermudez,97818
97819,956872820,Odalis,Hernandez,97819
97820,377907165,Teresa,Villena,97820
97821,813898755,Rogelio,Goicoechea,97821
97822,596025613,Lorena,Salvador,97822
97823,418885104,Jimena,Villena,97823
97824,514136775,Lucas,Luna,97824
97825,694852804,Ulises,Rosa,97825
97826,511839285,Eutimio,Cobos,97826
97827,125769553,Eugenio,Canellas,97827
97828,115374712,Maria Pilar,Comas,97828
97829,290443645,Valero,Olivera,97829
97830,288556505,Gabino,Castello,97830
97831,883407648,Tomas,Baron,97831
97832,194760357,Olivia,Salmeron,97832
97833,282549931,Telmo,Becerra,97833
97834,603279180,Haroldo,Pereira,97834
97835,522908919,Marcia,Amoros,97835
97836,926583877,Cristina,Vall,97836
97837,702843537,Lourdes,Valero,97837
97838,538861363,Espiridion,Jove,97838
97839,538652847,Ariel,Tormo,97839
97840,109159617,Iris,Villa,97840
97841,983847447,Amado,Vila,97841
97842,455419415,Elisa,Casanovas,97842
97843,205112061,Azeneth,Piquer,97843
97844,654109746,Julieta,Urrutia,97844
97845,556659925,Gertrudis,Munoz,97845
97846,334476894,Julio Cesar,Cozar,97846
97847,855757648,Che,Godoy,97847
97848,148509368,Febe,Frias,97848
97849,359425942,Purificacion,Guitart,97849
97850,237466256,Belen,Salazar,97850
97851,876634017,Rafa,Mendizabal,97851
97852,920630754,Serafina,Fuente,97852
97853,543901186,Calisto,Jorda,97853
97854,489529772,Anunciacion,Palau,97854
97855,955316885,Susanita,Soriano,97855
97856,150478129,Javi,Fajardo,97856
97857,409116308,Adolfo,Uriarte,97857
97858,747700521,Mercedes,Casares,97858
97859,305922613,Maria Pilar,Redondo,97859
97860,806424240,Elisabet,Amores,97860
97861,459899691,Jonatan,Jimenez,97861
97862,312892316,Fabiana,Abascal,97862
97863,391715421,Marisol,Agudo,97863
97864,579353557,Cesar,Narvaez,97864
97865,747030720,Felicidad,Ropero,97865
97866,900393832,Placido,Zamora,97866
97867,801794858,Julieta,Vargas,97867
97868,686368044,Goyo,Rivero,97868
97869,549759532,Pancho,Oliver,97869
97870,794676410,Palmira,Murcia,97870
97871,512953294,Emperatriz,Hernandez,97871
97872,365710737,Nuria,Cabrera,97872
97873,240083792,Victor Manuel,Anaya,97873
97874,505418346,Ruben,Tejera,97874
97875,203770650,Gabriel,Marti,97875
97876,510697883,Damian,Haro,97876
97877,229973979,Teo,Toledo,97877
97878,547445547,Jose Luis,Ortuno,97878
97879,688648623,Nilo,Garcia,97879
97880,134827625,Jose Ignacio,Gras,97880
97881,899892990,Xavier,Quintana,97881
97882,251339173,Vanesa,Aznar,97882
97883,453380306,Ana Sofia,Pedrosa,97883
97884,156263818,Paz,Rios,97884
97885,959318625,Edgardo,Castello,97885
97886,440021889,Socorro,Ayuso,97886
97887,143188388,Perlita,Duenas,97887
97888,893589007,Rosalinda,Giron,97888
97889,790740080,Barbara,Pardo,97889
97890,720171894,Calista,Gaya,97890
97891,629375356,Nieves,Crespi,97891
97892,886536701,Raimundo,Garay,97892
97893,876337761,Mayte,Ribera,97893
97894,989278488,Maximo,Almeida,97894
97895,869268599,Anastasio,Aragones,97895
97896,412575645,Jose Antonio,Palomo,97896
97897,541621721,Martirio,Abella,97897
97898,292012008,Juanito,Miro,97898
97899,648486519,Edelmiro,Francisco,97899
97900,587322048,Coral,Quiros,97900
97901,444313021,Virgilio,Antunez,97901
97902,387049320,Danilo,Huertas,97902
97903,915232284,Noemi,Rosell,97903
97904,364704805,Emma,Huguet,97904
97905,269616825,Maria Teresa,Cortina,97905
97906,978323704,Joaquina,Arcos,97906
97907,546840022,Gervasio,Reina,97907
97908,464074610,Maximo,Rivero,97908
97909,772276807,Macario,Bernad,97909
97910,764554919,Adolfo,Blasco,97910
97911,923495247,Julian,Amor,97911
97912,508080823,Fidel,Vina,97912
97913,189605179,Teodoro,Castells,97913
97914,900354724,Alejandro,Palomar,97914
97915,516799109,Eliana,Nogueira,97915
97916,994310221,Desiderio,Lopez,97916
97917,685282898,Bonifacio,Novoa,97917
97918,349909801,Cebrian,Amat,97918
97919,572713466,Elisa,Galan,97919
97920,390224062,Gertrudis,Palomino,97920
97921,751200029,Moreno,Vazquez,97921
97922,838462720,Anastasia,Santiago,97922
97923,752698611,Sancho,Checa,97923
97924,291432055,Raimundo,Rio,97924
97925,332645457,Yessica,Gallardo,97925
97926,615842355,Gervasio,Sabater,97926
97927,550077499,Hilario,Tormo,97927
97928,390390337,Alfredo,Suarez,97928
97929,469278899,Lourdes,Baez,97929
97930,338848199,Ileana,Arcos,97930
97931,322703478,Clarisa,Fuster,97931
97932,401395828,Carolina,Vargas,97932
97933,364297299,Serafina,Roldan,97933
97934,829390859,Encarnita,Pedraza,97934
97935,299352149,Ana Sofia,Burgos,97935
97936,177719785,Ascension,Calzada,97936
97937,196148448,Arsenio,Sanchez,97937
97938,747548378,Lazaro,Alcalde,97938
97939,712749253,Eva,Guijarro,97939
97940,540142154,Esperanza,Serrano,97940
97941,404888398,Adolfo,Berenguer,97941
97942,698092511,Luis Miguel,Lopez,97942
97943,796966122,Dionisio,Carretero,97943
97944,258277231,Cesar,Plaza,97944
97945,808095354,Abel,Planas,97945
97946,241839128,Agustina,Vazquez,97946
97947,839111933,Herminia,Roman,97947
97948,468049404,Anacleto,Vizcaino,97948
97949,855865700,Nando,Galindo,97949
97950,307253468,Otilia,Bonet,97950
97951,126641514,Itziar,Benavides,97951
97952,688154123,Gloria,Perello,97952
97953,238350257,Amparo,Asenjo,97953
97954,731179699,Trinidad,Arco,97954
97955,857161469,Isa,Bermejo,97955
97956,598987646,Balduino,Bas,97956
97957,354117479,Mauricio,Sastre,97957
97958,267106596,Albert,Ballester,97958
97959,195376535,Elena,Gomez,97959
97960,173651593,Nazaret,Gallardo,97960
97961,466653612,Simon,Antunez,97961
97962,276511914,Sosimo,Osuna,97962
97963,820698506,Natalio,Collado,97963
97964,982152582,Cosme,Higueras,97964
97965,166896034,Fermin,Gomez,97965
97966,951574025,Jessica,Abella,97966
97967,180724833,Bernardo,Aragones,97967
97968,432301372,Carmina,Mayo,97968
97969,104105435,Viviana,Ortiz,97969
97970,658071655,Rufina,Aguilera,97970
97971,571288130,Pepita,Francisco,97971
97972,422081609,Anibal,Acosta,97972
97973,874631470,Sabas,Prat,97973
97974,629241812,Chema,Salvador,97974
97975,338507204,Agustin,Ayllon,97975
97976,810685511,Marita,Calderon,97976
97977,317837308,Zoraida,Lorenzo,97977
97978,924828897,Adelia,Peralta,97978
97979,910433715,Melchor,Canas,97979
97980,767158037,Abel,Mari,97980
97981,907874397,Lupe,Portero,97981
97982,920612151,Cesar,Carranza,97982
97983,275486001,Judith,Alberola,97983
97984,629803815,Victor Manuel,Torres,97984
97985,649877916,Clementina,Villena,97985
97986,294864761,Javier,Noriega,97986
97987,516553217,Luciana,Pizarro,97987
97988,492393747,Candela,Esteve,97988
97989,651534807,Amador,Galan,97989
97990,383786840,Iban,Pellicer,97990
97991,631380159,Saturnino,Minguez,97991
97992,254327701,Consuelo,Gabaldon,97992
97993,185643742,Apolonia,Toledo,97993
97994,767538734,Fidel,Moll,97994
97995,731524598,Jose Luis,Carranza,97995
97996,800316010,Aureliano,Delgado,97996
97997,368055125,Clementina,Pombo,97997
97998,964738097,Lidia,Serrano,97998
97999,593689073,Loida,Arellano,97999
98000,413100832,Joaquina,Santamaria,98000
98001,461498212,Danilo,Carretero,98001
98002,191688774,Nacho,Araujo,98002
98003,585077918,Roman,Hervas,98003
98004,333346198,Aureliano,Espanol,98004
98005,229431068,Julio,Artigas,98005
98006,551395368,Emiliano,Pedro,98006
98007,534880167,Luis,Batlle,98007
98008,439290368,Lidia,Montero,98008
98009,484986866,Concepcion,Solis,98009
98010,959022119,Albano,Comas,98010
98011,771362319,Abraham,Lorenzo,98011
98012,980694771,Teofilo,Exposito,98012
98013,655467930,Susana,Benavides,98013
98014,746950306,Amarilis,Rodenas,98014
98015,351387968,Benito,Trillo,98015
98016,844999540,Gabino,Barcelo,98016
98017,621744961,Carla,Amaya,98017
98018,751962623,Baldomero,Gallo,98018
98019,773521593,Balduino,Cerda,98019
98020,968010836,Duilio,Lozano,98020
98021,914447756,Salvador,Gibert,98021
98022,130794704,Juan Manuel,Villa,98022
98023,549164858,Cesar,Baquero,98023
98024,789987173,Hilda,Vilanova,98024
98025,850954955,Jose Antonio,Alcolea,98025
98026,351466714,Julia,Borrell,98026
98027,726416903,Alfredo,Beltran,98027
98028,306457117,Celia,Grau,98028
98029,418468378,Emelina,Casal,98029
98030,892895435,Poncio,Gonzalo,98030
98031,576251963,Prudencio,Morera,98031
98032,217479660,Victor,Jerez,98032
98033,648220235,Iker,Blanes,98033
98034,226717389,Jose,Elias,98034
98035,605448375,Maite,Tapia,98035
98036,586699177,Raimundo,Lumbreras,98036
98037,608001779,Ines,Ramis,98037
98038,158821731,Lara,Caballero,98038
98039,323730982,Leon,Sierra,98039
98040,614279638,Inocencio,Mayol,98040
98041,634155461,Chus,Bejarano,98041
98042,109104050,Gilberto,Guardiola,98042
98043,769928141,Aurelia,Parejo,98043
98044,650706223,Maximiano,Montoya,98044
98045,847117307,Omar,Losa,98045
98046,909708421,Micaela,Almagro,98046
98047,594215487,Domitila,Villanueva,98047
98048,853170982,Clemente,Alarcon,98048
98049,870950368,Esther,Angel,98049
98050,240287275,Marcela,Anguita,98050
98051,742316167,Celso,Angel,98051
98052,312244329,Clotilde,Guillen,98052
98053,670934362,Flavio,Iborra,98053
98054,447724765,Cleto,Coello,98054
98055,844094248,Chita,Solis,98055
98056,506198081,Alonso,Palacio,98056
98057,748040954,Juan Bautista,Sanjuan,98057
98058,935677192,Trini,Bas,98058
98059,458239451,Jeremias,Arnal,98059
98060,443545323,Ximena,Anguita,98060
98061,109359603,Susana,Melendez,98061
98062,198014060,Encarnacion,Leal,98062
98063,873647762,Jordan,Landa,98063
98064,981251708,Liliana,Olivera,98064
98065,203017760,Pepe,Puente,98065
98066,380616372,Liliana,Moreno,98066
98067,960161673,Alonso,Carrillo,98067
98068,395032130,Aurelia,Dalmau,98068
98069,407879970,Eleuterio,Bayona,98069
98070,669381403,Hector,Bonet,98070
98071,338178404,Nadia,Poza,98071
98072,808911343,Luciano,Barrio,98072
98073,319584473,Jeremias,Ferrera,98073
98074,577597234,Isaias,Parejo,98074
98075,303300079,Lope,Cerezo,98075
98076,593174566,Matilde,Cal,98076
98077,847025068,German,Millan,98077
98078,333267411,Danilo,Ayuso,98078
98079,925065468,Melisa,Pi,98079
98080,948927044,Luciana,Fuentes,98080
98081,697766301,Samu,Lozano,98081
98082,928809836,Armando,Codina,98082
98083,524167871,Chema,Redondo,98083
98084,594194784,Florentina,Pelayo,98084
98085,168090142,Jaime,Carreno,98085
98086,524819786,Nazaret,Fabra,98086
98087,477685989,Teresita,Moran,98087
98088,751190032,Berta,Cuenca,98088
98089,425917242,Ernesto,Pazos,98089
98090,685008089,Rosalinda,Moliner,98090
98091,324497459,Adalberto,Catala,98091
98092,706669133,Nicolas,Cal,98092
98093,496752591,Ciriaco,Aguirre,98093
98094,679722032,Brigida,Grau,98094
98095,285933443,Baudelio,Diez,98095
98096,595337846,Juliana,Santos,98096
98097,816437393,Roman,Capdevila,98097
98098,156411959,Maria Cristina,Noriega,98098
98099,891648150,Heriberto,Capdevila,98099
98100,345143304,Otilia,Fiol,98100
98101,264087172,Wilfredo,Casares,98101
98102,857633207,Olimpia,Chaves,98102
98103,394292267,Monica,Pou,98103
98104,165246219,Ramona,Pineda,98104
98105,200014435,Bruno,Castello,98105
98106,969218503,Javi,Madrid,98106
98107,578537968,Victor,Marco,98107
98108,496305624,Edmundo,Arranz,98108
98109,948480286,Evelia,Sanmartin,98109
98110,702209329,Sabas,Macias,98110
98111,768836681,Aurea,Gras,98111
98112,895559863,Humberto,Novoa,98112
98113,307887881,Pascuala,Vigil,98113
98114,567115365,Ciriaco,Valle,98114
98115,817669063,Maria,Barranco,98115
98116,406917715,Salud,Huertas,98116
98117,216054265,Juan Manuel,Carranza,98117
98118,158640246,Domitila,Vinas,98118
98119,590912439,Andres Felipe,Gil,98119
98120,549672576,Mateo,Mari,98120
98121,107183260,Porfirio,Bayo,98121
98122,915836319,Eusebia,Llopis,98122
98123,648080476,Rosalina,Martorell,98123
98124,237655690,Joel,Baena,98124
98125,867654227,Liliana,Arco,98125
98126,183538796,Efrain,Palacio,98126
98127,283468328,Bartolome,Fonseca,98127
98128,324101535,Victorino,Barriga,98128
98129,702777856,Elvira,Sanmiguel,98129
98130,711965571,Anna,Zurita,98130
98131,867630690,Odalis,Torre,98131
98132,922252679,Leocadia,Verdejo,98132
98133,190486106,Cristobal,Camara,98133
98134,934856165,Saturnina,Fonseca,98134
98135,244327079,Gabriel,Giralt,98135
98136,505756721,Maxi,Mesa,98136
98137,947928953,Ildefonso,Acosta,98137
98138,643669434,Maria Fernanda,Jurado,98138
98139,858935625,Anastasio,Alsina,98139
98140,746130759,Alfredo,Berrocal,98140
98141,280371939,Fabio,Taboada,98141
98142,540616297,Rafaela,Pavon,98142
98143,210423456,Eutimio,Trujillo,98143
98144,340625955,Jordan,Sanjuan,98144
98145,655925699,Aurelia,Ruiz,98145
98146,500884753,Magdalena,Ugarte,98146
98147,257678491,Loreto,Chaves,98147
98148,517418535,Herberto,Bautista,98148
98149,593705813,Trinidad,Salom,98149
98150,956185640,Goyo,Barral,98150
98151,110472581,Pascual,Batalla,98151
98152,440570436,Natividad,Vilanova,98152
98153,978280510,Lorenzo,Silva,98153
98154,141906196,Olivia,Huguet,98154
98155,921493020,Silvia,Blazquez,98155
98156,834286094,Lola,Gimenez,98156
98157,216219233,Adolfo,Mur,98157
98158,376121306,Valentin,Montenegro,98158
98159,790379593,Humberto,Godoy,98159
98160,411945431,Noa,Vall,98160
98161,800267534,Sofia,Barbero,98161
98162,611580831,Sabas,Barriga,98162
98163,638698967,Calixta,Patino,98163
98164,313294864,Jordana,Rivero,98164
98165,986299746,Valentin,Mayo,98165
98166,393033175,Rosario,Ferrera,98166
98167,716051281,Griselda,Puga,98167
98168,703377061,Jose Miguel,Navarro,98168
98169,371617120,Adelia,Tejada,98169
98170,255695335,Brigida,Urena,98170
98171,163990608,Eligia,Mosquera,98171
98172,110347013,Isa,Amo,98172
98173,572040562,Roberto,Roman,98173
98174,989263331,Aroa,Pelaez,98174
98175,347093144,Mireia,Agudo,98175
98176,568977316,Ileana,Arellano,98176
98177,635322563,Marcio,Lluch,98177
98178,758418245,Paloma,Aguado,98178
98179,990452017,Alejandro,Galvan,98179
98180,148772968,Luz,Santamaria,98180
98181,637178429,Nieves,Manrique,98181
98182,680390065,Artemio,Priego,98182
98183,163426377,Zacarias,Priego,98183
98184,192873862,Geronimo,Ferrandiz,98184
98185,760714637,Marcelo,Perez,98185
98186,328911299,Leandra,Pina,98186
98187,678470211,Rosendo,Maldonado,98187
98188,780225011,Feliciana,Gomila,98188
98189,430012952,Amor,Rosello,98189
98190,554104155,Francisco,Nevado,98190
98191,574754527,Roque,Moll,98191
98192,252457602,Jose Angel,Tomas,98192
98193,423818130,Sebastian,Lara,98193
98194,467149371,Adelia,Valdes,98194
98195,949340082,Purificacion,Velez,98195
98196,500664061,Americo,Nunez,98196
98197,841335870,Genoveva,Blazquez,98197
98198,319580436,Jose Angel,Acuna,98198
98199,705224662,Gabino,Sanchez,98199
98200,513560220,Eloisa,Padilla,98200
98201,807348398,Rico,Amores,98201
98202,832373708,Gaston,Sancho,98202
98203,428676662,Raimundo,Ferran,98203
98204,269248601,Marcelino,Murillo,98204
98205,845915449,Casandra,Ferrero,98205
98206,436340753,Evita,Uriarte,98206
98207,187509660,Roberta,Prada,98207
98208,925015524,Lucho,Villar,98208
98209,810963737,Maximiliano,Villar,98209
98210,759209436,Flor,Franco,98210
98211,420247702,Obdulia,Angel,98211
98212,582386978,Primitivo,Mas,98212
98213,554007744,Tere,Sedano,98213
98214,921148344,Roldan,Azorin,98214
98215,973700732,Marianela,Gaya,98215
98216,466216524,Maxi,Azcona,98216
98217,965186402,Nieves,Rey,98217
98218,770054446,Felisa,Cardona,98218
98219,752466451,Pedro,Torrens,98219
98220,852735728,Placido,Arias,98220
98221,463447005,Isidoro,Bermudez,98221
98222,113041900,Otilia,Moran,98222
98223,584114125,Debora,Guerrero,98223
98224,173620626,Alfredo,Aznar,98224
98225,899519031,Daniel,Vargas,98225
98226,966494189,Joaquina,Nicolau,98226
98227,841885853,Virginia,Villalonga,98227
98228,981619357,Iban,Llanos,98228
98229,474539236,Amado,Alberola,98229
98230,983300681,Cayetana,Bou,98230
98231,140633184,Roberto,Arino,98231
98232,742395612,Nacho,Marques,98232
98233,793595311,Fanny,Valles,98233
98234,132015932,Ana Belen,Abella,98234
98235,430577748,Leonardo,Cepeda,98235
98236,608934091,Sancho,Galvan,98236
98237,547377105,Nicodemo,Madrid,98237
98238,784077160,Brunilda,Berenguer,98238
98239,964701488,Eva,Torralba,98239
98240,929996453,Saturnino,Conesa,98240
98241,996440526,Cruz,Alba,98241
98242,911381713,Charo,Vargas,98242
98243,935134840,Adelia,Diez,98243
98244,943386406,Miguel,Parejo,98244
98245,446551418,Nazaret,Leiva,98245
98246,832435811,Fabio,Roldan,98246
98247,470501887,Adelaida,Pacheco,98247
98248,826279321,Dominga,Mur,98248
98249,887197147,Leocadia,Llorens,98249
98250,397565307,Socorro,Godoy,98250
98251,594108120,Joel,Montana,98251
98252,418936899,Daniela,Roman,98252
98253,279518280,Ana Sofia,Vall,98253
98254,746712675,Manolo,Heras,98254
98255,589698470,Araceli,Fabregat,98255
98256,569977068,Salomon,Parra,98256
98257,701634352,Paco,Vinas,98257
98258,895666808,Yessica,Taboada,98258
98259,896794197,Ester,Morales,98259
98260,223616224,Lino,Catala,98260
98261,218719101,Telmo,Sole,98261
98262,477209386,Florina,Bernad,98262
98263,587864136,Reyes,Planas,98263
98264,428603267,Miguel Angel,Martin,98264
98265,770889100,Sabas,Canete,98265
98266,157686403,Paulina,Jimenez,98266
98267,775631998,Conrado,Galvez,98267
98268,488033959,Gloria,Espinosa,98268
98269,644583489,Lope,Chaves,98269
98270,967561368,Gregorio,Farre,98270
98271,643036048,Eliana,Toro,98271
98272,662601998,Glauco,Calleja,98272
98273,979075958,Inmaculada,Palomino,98273
98274,627028383,Juan Pablo,Orozco,98274
98275,322411964,Carlito,Roma,98275
98276,541885853,Armando,Marti,98276
98277,331846053,Laura,Company,98277
98278,704692369,Prudencia,Oller,98278
98279,654565509,Caridad,Ros,98279
98280,520493662,Demetrio,Ortega,98280
98281,725726773,Candela,Pena,98281
98282,242667508,Alfredo,Ropero,98282
98283,778532553,Juan Bautista,Rubio,98283
98284,286500922,Virgilio,Campillo,98284
98285,644968385,Maria,Lozano,98285
98286,415506892,Gabriela,Milla,98286
98287,535713406,Pilar,Castello,98287
98288,519677590,Leon,Julia,98288
98289,730765654,Alejandra,Barrio,98289
98290,367530604,Manolo,Domenech,98290
98291,375355418,Emilio,Nadal,98291
98292,522229206,Abilio,Menendez,98292
98293,702006402,Olimpia,Barriga,98293
98294,320384298,Arcelia,Carmona,98294
98295,232003184,Fabricio,Macias,98295
98296,905292105,Climaco,Rebollo,98296
98297,206789083,Ana Belen,Velazquez,98297
98298,448836176,Sebastian,Porras,98298
98299,568055210,Cebrian,Raya,98299
98300,247689605,Santiago,Hervas,98300
98301,947236377,Custodia,Bonilla,98301
98302,897268972,Omar,Pedrosa,98302
98303,798862978,Milagros,Clavero,98303
98304,764552377,Rosaura,Cozar,98304
98305,897746330,Macarena,Amoros,98305
98306,829317688,Tito,Roura,98306
98307,208585404,Lilia,Catala,98307
98308,238311585,Maricruz,Fortuny,98308
98309,550520270,Jose Ignacio,Garcia,98309
98310,673133659,Nazaret,Moreno,98310
98311,942053488,Iban,Gargallo,98311
98312,836810599,Amanda,Vall,98312
98313,848172344,Daniel,Folch,98313
98314,600538498,Otilia,Bilbao,98314
98315,932824133,Sabina,Anguita,98315
98316,891639585,Virginia,Gutierrez,98316
98317,780184387,Jafet,Hervas,98317
98318,192802930,Silvia,Quevedo,98318
98319,856099578,Maria Luisa,Roig,98319
98320,817978176,Leire,Valero,98320
98321,400672901,Catalina,Pont,98321
98322,538128190,Pablo,Frutos,98322
98323,292259651,Agapito,Mata,98323
98324,511514571,Flora,Gonzalez,98324
98325,251249296,Teo,Escriva,98325
98326,494785554,Luis,Espanol,98326
98327,480732746,Petrona,Rivero,98327
98328,498245630,Rosa Maria,Pelayo,98328
98329,217835373,Fabio,Herrera,98329
98330,233932731,Juan Pablo,Cortina,98330
98331,903374126,Rafael,Rubio,98331
98332,614977201,Juan Carlos,Roma,98332
98333,844865842,Eloy,Quintero,98333
98334,459872320,Blas,Bueno,98334
98335,957730430,Jose Angel,Estevez,98335
98336,982506480,Virgilio,Valencia,98336
98337,731689943,Bruno,Corbacho,98337
98338,919217854,Pepe,Larrea,98338
98339,158431635,Amor,Alcazar,98339
98340,951884956,Camilo,Rebollo,98340
98341,325302485,Calisto,Luis,98341
98342,370404698,Salomon,Ferrandiz,98342
98343,451681304,Luisa,Ferrer,98343
98344,913071893,Azahara,Benitez,98344
98345,721820270,Marisol,Soriano,98345
98346,437917418,Leocadio,Morera,98346
98347,594497347,Iban,Pujadas,98347
98348,907761783,Rosalia,Ibanez,98348
98349,134362176,Dominga,Marti,98349
98350,881405576,Roberto,Arcos,98350
98351,675731983,Olivia,Abad,98351
98352,104456099,Silvia,Mas,98352
98353,408347755,Nayara,Tamarit,98353
98354,555696660,Clemente,Portillo,98354
98355,951243762,Mirta,Iniguez,98355
98356,440417969,Curro,Fortuny,98356
98357,739197724,Araceli,Campos,98357
98358,886278693,Oscar,Cabo,98358
98359,599901005,Modesta,Cuervo,98359
98360,842115780,Juan Bautista,Canton,98360
98361,693048437,Gilberto,Palacio,98361
98362,919206216,Palmira,Llorente,98362
98363,628587454,Oriana,Pacheco,98363
98364,504066186,Sandra,Sanjuan,98364
98365,942865212,Geronimo,Zaragoza,98365
98366,723459849,Tomasa,Nicolau,98366
98367,913541861,Edmundo,Sanmartin,98367
98368,571826652,Teresita,Montalban,98368
98369,870873238,Itziar,Gras,98369
98370,701845521,Evaristo,Gordillo,98370
98371,936702683,Clementina,Pizarro,98371
98372,400555773,Eva,Ribera,98372
98373,930148643,Diego,Hernandez,98373
98374,647615894,Brunilda,Molins,98374
98375,234899736,Felipe,Bolanos,98375
98376,873948203,Leopoldo,Salom,98376
98377,838696521,Eufemia,Milla,98377
98378,270448476,Ciriaco,Taboada,98378
98379,580459254,Adan,Corbacho,98379
98380,521795759,Ruth,Abascal,98380
98381,788633104,Javi,Canet,98381
98382,735382804,Priscila,Riquelme,98382
98383,824491537,Rafa,Lorenzo,98383
98384,278008899,Reynaldo,Ramis,98384
98385,313306212,Elisabet,Madrid,98385
98386,140202667,Benito,Correa,98386
98387,925985656,Palmira,Velez,98387
98388,823019609,Judith,Verdejo,98388
98389,984959515,Ale,Carreno,98389
98390,651514072,Tamara,Codina,98390
98391,976874400,Florentino,Tirado,98391
98392,449985621,Sandalio,Domenech,98392
98393,159436144,Nicanor,Espada,98393
98394,833587657,Telmo,Castaneda,98394
98395,380254038,Cayetano,Avila,98395
98396,657414257,Elba,Nicolau,98396
98397,929712467,Hermenegildo,Iborra,98397
98398,915143486,Blas,Valverde,98398
98399,443304888,Loreto,Zurita,98399
98400,866417321,Trini,Gabaldon,98400
98401,817800655,Rene,Galvez,98401
98402,897318349,Ramon,Pereira,98402
98403,188901770,Ani,Falcon,98403
98404,256866425,Lucia,Tejera,98404
98405,146093799,Aaron,Alonso,98405
98406,762069485,Casemiro,Belmonte,98406
98407,966783792,Ursula,Riquelme,98407
98408,385905221,Ruperto,Lobato,98408
98409,388193908,Natanael,Prats,98409
98410,612210244,Carmelo,Crespi,98410
98411,300802941,Viviana,Lobato,98411
98412,716751876,Lilia,Acosta,98412
98413,150331538,Susana,Becerra,98413
98414,304298248,Baltasar,Palomino,98414
98415,483205889,Heraclio,Mesa,98415
98416,466818774,Fabio,Pol,98416
98417,618177281,Hipolito,Marco,98417
98418,358832935,Ruben,Toro,98418
98419,272563080,Chita,Quero,98419
98420,194412021,Carolina,Jara,98420
98421,226469782,Georgina,Marin,98421
98422,848967020,Amor,Huerta,98422
98423,712057301,Francisco,Vilaplana,98423
98424,501258608,Nicanor,Velasco,98424
98425,280726851,Tania,Villa,98425
98426,580006265,Luciano,Saldana,98426
98427,288669783,Modesta,Vall,98427
98428,776778531,Sandalio,Sans,98428
98429,274320680,Maria Pilar,Marino,98429
98430,802090736,Ana,Morante,98430
98431,800763431,Agapito,Palomino,98431
98432,441586710,Ale,Larrea,98432
98433,613784932,Sebastian,Hernando,98433
98434,155543065,Marcos,Corominas,98434
98435,312505690,Ileana,Bolanos,98435
98436,294375403,Daniel,Alberto,98436
98437,697156891,Aurora,Sans,98437
98438,853409307,Alvaro,Oliver,98438
98439,546141353,Jose Ignacio,Pallares,98439
98440,989606681,Loreto,Iglesias,98440
98441,585926215,Ambar,Novoa,98441
98442,594747998,Jeronimo,Villalobos,98442
98443,487085236,Jose Maria,Morera,98443
98444,799979572,Plinio,Barral,98444
98445,780213583,Prudencia,Bolanos,98445
98446,370547599,Guiomar,Berrocal,98446
98447,172525966,Maria,Coronado,98447
98448,225986925,Silvestre,Herranz,98448
98449,150106839,Anabel,Borja,98449
98450,278187388,Jose Mari,Bastida,98450
98451,266774231,Maria Luisa,Ortega,98451
98452,794755269,Sarita,Vera,98452
98453,827219401,Obdulia,Canton,98453
98454,309221617,Manu,Andreu,98454
98455,535178527,Erasmo,Avila,98455
98456,111329805,Hugo,Mugica,98456
98457,486004078,Elvira,Cervantes,98457
98458,835860381,Serafina,Garces,98458
98459,774848023,Cayetana,Tamarit,98459
98460,520180712,Encarna,Cazorla,98460
98461,814899300,Amelia,Figuerola,98461
98462,382292742,Marco,Godoy,98462
98463,710760181,Esmeralda,Boada,98463
98464,757043579,Alma,Andres,98464
98465,256585634,Cesar,Gascon,98465
98466,695350799,Teofilo,Tejedor,98466
98467,785868000,Gala,Coronado,98467
98468,794587237,Adora,Rueda,98468
98469,470443145,Caridad,Ortuno,98469
98470,908747014,Ignacio,Julian,98470
98471,489825288,Roque,Velazquez,98471
98472,383175835,Hipolito,Jover,98472
98473,387620110,Nacio,Corbacho,98473
98474,714606542,Modesto,Aliaga,98474
98475,272659109,Amado,Alberdi,98475
98476,899510321,Adela,Flores,98476
98477,450744697,Victoriano,Figueroa,98477
98478,855109592,Jose Angel,Barranco,98478
98479,633185363,Clarisa,Verdejo,98479
98480,681774663,Felisa,Duarte,98480
98481,543444038,Gracia,Palacios,98481
98482,894676928,Eloy,Marin,98482
98483,391400484,Galo,Marquez,98483
98484,310929441,Maximino,Agusti,98484
98485,588909572,Anna,Cabanas,98485
98486,737844736,Teodora,Rosado,98486
98487,839726110,Venceslas,Campos,98487
98488,735268340,Adora,Diez,98488
98489,493959396,Catalina,Pascual,98489
98490,542369506,Andrea,Valdes,98490
98491,805830559,Elena,Romero,98491
98492,816565334,Cristina,Vilar,98492
98493,154296555,Gema,Costa,98493
98494,929581156,Sandalio,Gisbert,98494
98495,135405821,Inmaculada,Romeu,98495
98496,230866582,Ignacia,Nogues,98496
98497,197112221,Teresa,Anton,98497
98498,689672107,Eva Maria,Vazquez,98498
98499,523599751,Zaira,Oliva,98499
98500,276595312,Urbano,Guillen,98500
98501,236838593,Leandra,Rodenas,98501
98502,453805469,Espiridion,Bueno,98502
98503,624206393,Xiomara,Alcazar,98503
98504,174351194,Adriana,Hervas,98504
98505,437468367,Juan Antonio,Girona,98505
98506,840133697,Luna,Cuevas,98506
98507,217246235,Pascuala,Bermejo,98507
98508,622771877,Nicolasa,Navarro,98508
98509,111921978,Melania,Almansa,98509
98510,681435240,Bernardo,Figuerola,98510
98511,924599528,Juan Pablo,Bosch,98511
98512,456332811,Arturo,Vilaplana,98512
98513,547558427,Juan Jose,Bosch,98513
98514,377939783,Natalio,Acuna,98514
98515,607546730,Armando,Herrero,98515
98516,229437510,Ovidio,Roig,98516
98517,258179216,Matias,Aliaga,98517
98518,988822590,Lucia,Pinol,98518
98519,151530072,Eutimio,Toro,98519
98520,118499495,Jose,Valenciano,98520
98521,775847895,Ulises,Cerro,98521
98522,432242464,Rosalinda,Bastida,98522
98523,912148773,Abraham,Puga,98523
98524,364647700,Ariadna,Barcena,98524
98525,183547097,Jose Angel,Palacio,98525
98526,846017981,Custodio,Palomar,98526
98527,596865805,Artemio,Ortiz,98527
98528,402871342,Nando,Uriarte,98528
98529,127109594,Gervasio,Sobrino,98529
98530,376956053,Anselma,Sastre,98530
98531,646543687,Vanesa,Sebastian,98531
98532,867106866,Adoracion,Amador,98532
98533,371830114,Casandra,Tovar,98533
98534,440521176,Alfonso,Sacristan,98534
98535,713185612,Aureliano,Olmedo,98535
98536,849924355,Itziar,Gelabert,98536
98537,753266670,Dominga,Cabo,98537
98538,563953399,Alejandro,Miguel,98538
98539,884306039,Guiomar,Bustos,98539
98540,404755707,Belen,Castellanos,98540
98541,590997704,Basilio,Ibanez,98541
98542,413405047,Seve,Madrid,98542
98543,244010188,Victor Manuel,Royo,98543
98544,751739132,Rene,Moran,98544
98545,914054713,Modesta,Agullo,98545
98546,330672835,Pepita,Abella,98546
98547,561443256,Luis,Palacio,98547
98548,992883025,Gil,Cortes,98548
98549,531538279,Calixto,Menendez,98549
98550,882999481,Maria Fernanda,Porras,98550
98551,350940571,Hugo,Miranda,98551
98552,481115002,Adelardo,Heredia,98552
98553,273827320,Jacinto,Tejedor,98553
98554,787977403,Manuel,Canovas,98554
98555,160006737,Azeneth,Vigil,98555
98556,335079361,Gilberto,Cespedes,98556
98557,770639768,Hermenegildo,Coello,98557
98558,332609082,Iris,Ribera,98558
98559,474168387,Amilcar,Lloret,98559
98560,221606987,Lisandro,Carretero,98560
98561,993410901,Marino,Solano,98561
98562,500675831,Evita,Paniagua,98562
98563,886724402,Marisela,Velasco,98563
98564,394030893,Emelina,Gil,98564
98565,566303789,Remigio,Jover,98565
98566,711462082,Nidia,Gil,98566
98567,742632575,Onofre,Barbero,98567
98568,925037151,Enrique,Anglada,98568
98569,324122748,Trini,Nevado,98569
98570,987884083,Benito,Belmonte,98570
98571,725643043,Marisol,Salas,98571
98572,502795826,Eugenio,Pacheco,98572
98573,260054300,Maria Jose,Alcaraz,98573
98574,227515865,Leoncio,Camino,98574
98575,433062071,Catalina,Ayuso,98575
98576,344481453,Candelaria,Montes,98576
98577,974032249,Veronica,Blanca,98577
98578,483750386,Rafaela,Arregui,98578
98579,937420834,Aura,Briones,98579
98580,953041454,Susana,Andres,98580
98581,734870108,Javiera,Marquez,98581
98582,381141281,Pilar,Diez,98582
98583,483599078,Jeremias,Pacheco,98583
98584,190694406,Elpidio,Artigas,98584
98585,501296449,Javier,Ordonez,98585
98586,836416472,Juan Pablo,Mascaro,98586
98587,733150321,Rufino,Anaya,98587
98588,840117656,Anastasia,Benitez,98588
98589,216612303,Sosimo,Ferran,98589
98590,938123738,Che,Guzman,98590
98591,810924402,Luis Angel,Chaparro,98591
98592,162843743,Valentina,Prat,98592
98593,257625411,Agapito,Vizcaino,98593
98594,899774773,Barbara,Falcon,98594
98595,840497059,Marita,Melendez,98595
98596,787684470,Nereida,Castrillo,98596
98597,193336464,Nayara,Piquer,98597
98598,766900475,Montserrat,Tellez,98598
98599,686403379,Sebastian,Tirado,98599
98600,206269900,Ivan,Cal,98600
98601,873476763,Isaura,Garzon,98601
98602,458375182,Benigno,Sainz,98602
98603,607713284,Salud,Cuesta,98603
98604,239630823,Duilio,Higueras,98604
98605,943629555,Andrea,Angulo,98605
98606,225325314,Renata,Ros,98606
98607,289486895,Ale,Ochoa,98607
98608,126779459,Isidoro,Ocana,98608
98609,427466213,Ezequiel,Robles,98609
98610,748258733,Noelia,Torrens,98610
98611,356069516,Vidal,Donoso,98611
98612,174272423,Eva Maria,Pena,98612
98613,335651292,Tecla,Anguita,98613
98614,301137619,Africa,Rincon,98614
98615,198215368,Marcial,Alberto,98615
98616,931299818,Cruz,Guijarro,98616
98617,446588245,Isabel,Becerra,98617
98618,724962835,Oscar,Barranco,98618
98619,204240277,Rocio,Viana,98619
98620,457999253,Loreto,Cardenas,98620
98621,711865741,Candelario,Garay,98621
98622,715460290,Ciro,Neira,98622
98623,464096318,Nicolas,Garrido,98623
98624,413931974,Gerardo,Morell,98624
98625,219405258,Vanesa,Arco,98625
98626,803099730,Aroa,Berrocal,98626
98627,906924983,Ramiro,Barcena,98627
98628,435996518,Loida,Bueno,98628
98629,199958089,Leoncio,Cal,98629
98630,451065674,Fabian,Torrents,98630
98631,520907748,Benigna,Cozar,98631
98632,561589617,Aurelio,Almagro,98632
98633,518216677,Isidora,Herrero,98633
98634,981126082,Delfina,Sabater,98634
98635,788829621,Belen,Amat,98635
98636,507290215,Chus,Dalmau,98636
98637,568547566,Lupe,Chamorro,98637
98638,456664451,Graciana,Arce,98638
98639,948129611,Maxima,Varela,98639
98640,911069191,Xiomara,Alcantara,98640
98641,621386186,Perlita,Rocamora,98641
98642,154325933,Jose Manuel,Galvez,98642
98643,932947169,Renato,Guitart,98643
98644,857746211,Tiburcio,Quevedo,98644
98645,896214949,Vinicio,Fortuny,98645
98646,440069575,Sebastian,Salmeron,98646
98647,780828719,Florina,Jimenez,98647
98648,218873259,Modesto,Escribano,98648
98649,495609322,Gilberto,Andrade,98649
98650,757751096,Casandra,Hernandez,98650
98651,550043163,Luis,Enriquez,98651
98652,137356988,Eusebio,Gaya,98652
98653,506221851,Amanda,Garcia,98653
98654,967783045,Sigfrido,Adadia,98654
98655,834985367,Andrea,Escalona,98655
98656,680931460,Matilde,Muniz,98656
98657,659734288,Carolina,Roura,98657
98658,515098274,Francisco Javier,Montero,98658
98659,180475045,Griselda,Huertas,98659
98660,274850553,Augusto,Donoso,98660
98661,413535350,Aureliano,Gabaldon,98661
98662,853320138,Yesica,Roma,98662
98663,469734799,Marcelino,Ortuno,98663
98664,456293500,Teodosio,Alcolea,98664
98665,238116936,Obdulia,Hernandez,98665
98666,400924693,Teofilo,Garzon,98666
98667,638949627,Manu,Navas,98667
98668,275372427,Perla,Bertran,98668
98669,919673470,Leocadio,Machado,98669
98670,958667734,Pancho,Vidal,98670
98671,962743608,Felicidad,Millan,98671
98672,102547861,Rufina,Ballesteros,98672
98673,237639451,Antonia,Cerro,98673
98674,197836595,Javi,Plana,98674
98675,749449692,Febe,Barbera,98675
98676,530105497,Francisco Jose,Puente,98676
98677,923862939,Bernardino,Sanmiguel,98677
98678,466405294,Pastora,Pedrosa,98678
98679,200590179,Ricarda,Pascual,98679
98680,772043932,Josue,Casanova,98680
98681,756649833,Trini,Alcala,98681
98682,837814888,Amando,Quintana,98682
98683,450918781,Fatima,Ayuso,98683
98684,160142596,Salvador,Casanova,98684
98685,139138491,Antonia,Escudero,98685
98686,329222359,Itziar,Calatayud,98686
98687,835492491,Lucho,Tur,98687
98688,524846830,Manuel,Blazquez,98688
98689,218498389,Teofilo,Iriarte,98689
98690,362584663,Graciana,Corbacho,98690
98691,970541616,Guiomar,Soler,98691
98692,878444488,Felicia,Zaragoza,98692
98693,544019257,Pancho,Hoyos,98693
98694,185700519,Reyes,Puente,98694
98695,429763735,Amalia,Tapia,98695
98696,330599330,Silvia,Yanez,98696
98697,866289464,Bernabe,Menendez,98697
98698,951082841,Jaime,Amigo,98698
98699,616006730,Nilda,Rosell,98699
98700,884338433,Haydee,Ribas,98700
98701,170825852,Alba,Cepeda,98701
98702,367624402,Natividad,Bernal,98702
98703,876765978,Leonardo,Revilla,98703
98704,875323554,Santos,Lorenzo,98704
98705,847192940,Efrain,Cerro,98705
98706,751138882,Concepcion,Rodriguez,98706
98707,453470861,Silvia,Tamarit,98707
98708,410312526,Cayetana,Atienza,98708
98709,274429117,Lucila,Catalan,98709
98710,507384819,Rosalva,Lorenzo,98710
98711,732370926,Fabricio,Borja,98711
98712,997583344,Maria Manuela,Gordillo,98712
98713,570941129,Modesto,Ripoll,98713
98714,887564601,Imelda,Duenas,98714
98715,759809245,Juan,Clavero,98715
98716,366938330,Hortensia,Bonilla,98716
98717,811787505,Jorge,Reig,98717
98718,738170036,Ramiro,Salcedo,98718
98719,797627978,Amaro,Zaragoza,98719
98720,147069010,Rosa,Vera,98720
98721,394139966,Jose Ignacio,Coloma,98721
98722,314037125,Cayetano,Gamez,98722
98723,666516999,Paz,Casas,98723
98724,914554094,Aurora,Clemente,98724
98725,104810555,Camila,Terron,98725
98726,178392253,Brunilda,Alvarez,98726
98727,632132318,Jafet,Pelayo,98727
98728,293747965,Bernardita,Donoso,98728
98729,287692411,Nerea,Fuente,98729
98730,486740714,Adelina,Reyes,98730
98731,881051819,Lara,Gracia,98731
98732,809185783,Julio,Iglesias,98732
98733,881565660,Ernesto,Tena,98733
98734,848180192,Camila,Calvo,98734
98735,189559099,Xavier,Gomila,98735
98736,413700028,Martin,Hidalgo,98736
98737,406980142,Teodora,Juarez,98737
98738,698113650,Prudencio,Leon,98738
98739,256452486,Sebastian,Heras,98739
98740,313259795,Anibal,Ruiz,98740
98741,706492627,Valeria,Sanchez,98741
98742,536009976,Roberto,Torralba,98742
98743,157184992,Cirino,Puente,98743
98744,684836061,Luciano,Osuna,98744
98745,271419015,Angelino,Velazquez,98745
98746,477375815,Bernardo,Benitez,98746
98747,995518204,Camila,Carrion,98747
98748,837838662,Crescencia,Pla,98748
98749,958662561,Pascual,Diaz,98749
98750,337938223,Mateo,Bello,98750
98751,753698176,Lucila,Franch,98751
98752,274333352,Chus,Arrieta,98752
98753,681655774,Raul,Fabra,98753
98754,298491940,Violeta,Vigil,98754
98755,878439177,Adoracion,Malo,98755
98756,864010333,Eligio,Quiros,98756
98757,266246058,Saturnino,Sanmartin,98757
98758,949998172,Maria Luisa,Larrea,98758
98759,247229974,Jeronimo,Blazquez,98759
98760,823264250,Isaias,Mulet,98760
98761,991254220,Isidora,Leon,98761
98762,341650951,Adolfo,Jimenez,98762
98763,917479506,Javi,Rodriguez,98763
98764,400569527,Juanito,Alberola,98764
98765,935600809,Gonzalo,Sanmiguel,98765
98766,544182457,Isaias,Sanmiguel,98766
98767,963665013,Alex,Arellano,98767
98768,293772952,Belen,Enriquez,98768
98769,902151976,Jose Miguel,Mulet,98769
98770,464121726,Wilfredo,Castaneda,98770
98771,985244548,Odalys,Espinosa,98771
98772,179406442,Josep,Fernandez,98772
98773,925744723,Candela,Tejera,98773
98774,397520453,Edelmira,Mora,98774
98775,895031108,Mariana,Osorio,98775
98776,591652921,Valeria,Cantero,98776
98777,534606383,Isa,Rivas,98777
98778,411070004,Crescencia,Garcia,98778
98779,130917371,Rufino,Aragones,98779
98780,214422483,Angelica,Alcala,98780
98781,977788456,Clementina,Tolosa,98781
98782,736378230,Emma,Exposito,98782
98783,301434983,Chus,Lamas,98783
98784,814350374,Blanca,Paredes,98784
98785,444352813,Chus,Sacristan,98785
98786,949761733,Calista,Jimenez,98786
98787,328704711,Brigida,Menendez,98787
98788,393007360,Aitana,Velez,98788
98789,787504997,Aaron,Ruiz,98789
98790,741311549,Quique,Sevilla,98790
98791,139987016,Saturnina,Guerrero,98791
98792,593173395,Emelina,Casals,98792
98793,100282833,Teobaldo,Almazan,98793
98794,821339118,Aitana,Velazquez,98794
98795,869793188,Reynaldo,Moliner,98795
98796,307823963,Adelia,Pont,98796
98797,491922111,Iban,Pombo,98797
98798,587959671,Bernarda,Calvet,98798
98799,570508789,Martin,Gimenez,98799
98800,907730191,Jordan,Barbero,98800
98801,823043909,Sara,Arroyo,98801
98802,515024832,Narcisa,Figueras,98802
98803,338875026,Maria Carmen,Gil,98803
98804,555307012,Luciana,Fuentes,98804
98805,549712191,Abraham,Osorio,98805
98806,613371439,Visitacion,Gascon,98806
98807,493408783,Juan Manuel,Fajardo,98807
98808,732699084,Marcos,Herrera,98808
98809,320199266,Primitivo,Pol,98809
98810,361089203,Loreto,Iriarte,98810
98811,108437590,Tamara,Almansa,98811
98812,558451821,Javi,Gonzalo,98812
98813,949303888,Sonia,Font,98813
98814,589283000,Arsenio,Castilla,98814
98815,145585104,Curro,Miguel,98815
98816,960605052,Adora,Quintanilla,98816
98817,993974434,Jose Miguel,Borja,98817
98818,452128237,Flor,Fiol,98818
98819,175400987,Ovidio,Raya,98819
98820,885436774,Teodoro,Tapia,98820
98821,204633955,Ovidio,Marti,98821
98822,247734509,Pepe,Salgado,98822
98823,189175962,Leocadio,Manuel,98823
98824,656879605,Jaime,Tur,98824
98825,286881911,Miguela,Batalla,98825
98826,938343813,Isa,Amaya,98826
98827,810771893,Severo,Cortes,98827
98828,862008900,Corona,Ferrandez,98828
98829,159988929,Ariel,Mariscal,98829
98830,738134162,Soraya,Lucena,98830
98831,145140472,Leon,Bertran,98831
98832,323720015,Juan Antonio,Larrea,98832
98833,422487232,Casemiro,Melendez,98833
98834,765315582,Jacinta,Montenegro,98834
98835,867585541,Nayara,Galvez,98835
98836,894385857,Amanda,Nicolau,98836
98837,593000575,Hilario,Velasco,98837
98838,654863575,Ivan,Rosales,98838
98839,215205678,Carmelita,Castell,98839
98840,254710744,Manuelita,Villena,98840
98841,142658494,Joaquina,Segura,98841
98842,105965716,Horacio,Cueto,98842
98843,424838972,Marisol,Sacristan,98843
98844,924877213,Jesusa,Duran,98844
98845,333217678,Roberta,Galiano,98845
98846,539214722,Juan Antonio,Cerezo,98846
98847,657747493,Rico,Farre,98847
98848,874916007,Octavia,Francisco,98848
98849,362044913,Bienvenida,Urena,98849
98850,678898353,Aurora,Arcos,98850
98851,728185742,Jenny,Ferrandez,98851
98852,587365184,Carina,Hoyos,98852
98853,253414904,Eduardo,Figuerola,98853
98854,295112656,Leocadia,Pombo,98854
98855,213169351,Camila,Aguila,98855
98856,439831558,Xiomara,Cabanillas,98856
98857,388428369,Mar,Tellez,98857
98858,446563503,Balduino,Vilanova,98858
98859,493148242,Adelina,Barros,98859
98860,646623967,Eulalia,Losa,98860
98861,667474311,Lucia,Tome,98861
98862,183940578,Rosendo,Leal,98862
98863,414402844,Ovidio,Gomez,98863
98864,290230759,Emperatriz,Pinol,98864
98865,777224625,Sandra,Castell,98865
98866,196147665,Chus,Montserrat,98866
98867,167764155,Noelia,Vaquero,98867
98868,956751823,Albano,Cazorla,98868
98869,568373169,Lucho,Talavera,98869
98870,180684209,Lupe,Gallo,98870
98871,269932809,Calixto,Pastor,98871
98872,527409780,Maxi,Mancebo,98872
98873,680004014,Lucho,Palmer,98873
98874,272227500,Nazaret,Fortuny,98874
98875,858639949,Jose Carlos,Alamo,98875
98876,969695763,Julian,Robles,98876
98877,678757810,Carmelita,Macias,98877
98878,223966978,Amando,Ordonez,98878
98879,384753265,Flavia,Gomez,98879
98880,357447841,Itziar,Parra,98880
98881,343991390,Gonzalo,Enriquez,98881
98882,572222507,Consuela,Baena,98882
98883,897208688,Tito,Fuentes,98883
98884,234342512,Dionisio,Escobar,98884
98885,737410179,Maria Jesus,Pi,98885
98886,420791575,Javi,Duarte,98886
98887,255819339,Fernanda,Molins,98887
98888,465250352,Sara,Melendez,98888
98889,518915017,Vidal,Riba,98889
98890,280886869,Sofia,Morell,98890
98891,897699204,Beatriz,Quero,98891
98892,270990763,Cristian,Ferrando,98892
98893,591163271,Flavio,Vega,98893
98894,543116374,Tono,Riquelme,98894
98895,280745476,Alcides,Tellez,98895
98896,947750627,Angelina,Perez,98896
98897,512928087,Aitana,Noguera,98897
98898,605708221,Eva,Espanol,98898
98899,720891905,Noe,Cabanas,98899
98900,414510894,Candelas,Herrera,98900
98901,775358621,Teobaldo,Canizares,98901
98902,649964040,Loreto,Cabrera,98902
98903,868297704,Florentino,Polo,98903
98904,927830924,Jose Manuel,Huerta,98904
98905,360836258,Sol,Tomas,98905
98906,899027666,Abilio,Fabra,98906
98907,634336197,Consuelo,Tur,98907
98908,320399452,Inmaculada,Belmonte,98908
98909,252385368,Seve,Domenech,98909
98910,688782280,Elvira,Vargas,98910
98911,197600999,Domingo,Posada,98911
98912,128756175,Benigno,Tena,98912
98913,499776248,Nazaret,Leal,98913
98914,553613271,Edelmira,Yuste,98914
98915,152285223,Dani,Milla,98915
98916,616684917,Santiago,Cervantes,98916
98917,660255674,Raquel,Andres,98917
98918,714363624,Lino,Arroyo,98918
98919,682429767,Marisol,Calleja,98919
98920,924830294,Juan Carlos,Solis,98920
98921,593138964,Alba,Bosch,98921
98922,380960556,Obdulia,Carrion,98922
98923,227533079,Francisca,Silva,98923
98924,943932806,Carmelita,Llamas,98924
98925,309261710,Bartolome,Pazos,98925
98926,507193403,Natividad,Parejo,98926
98927,566625232,Hugo,Ballester,98927
98928,116273979,Chucho,Caballero,98928
98929,287913011,Ruperta,Salva,98929
98930,293846830,Jose Manuel,Alvaro,98930
98931,329622659,Marc,Pablo,98931
98932,938225399,Jose Antonio,Mendez,98932
98933,552865895,Humberto,Carbonell,98933
98934,297379225,Clotilde,Pena,98934
98935,678271189,Maribel,Canton,98935
98936,236450609,Sabina,Arevalo,98936
98937,385522904,Griselda,Olmo,98937
98938,559798399,Carmen,Conesa,98938
98939,324777932,Juan Francisco,Vega,98939
98940,986050749,Teodora,Benet,98940
98941,633025569,Guiomar,Vera,98941
98942,834878075,Armida,Carreno,98942
98943,336913401,Juan Pablo,Antunez,98943
98944,119644171,Samuel,Teruel,98944
98945,218966372,Ale,Hernandez,98945
98946,718940407,Araceli,Carreras,98946
98947,205417738,Juan Manuel,Nogueira,98947
98948,871089634,Felisa,Carnero,98948
98949,670750900,Charo,Vina,98949
98950,755587448,Maria Jesus,Rosell,98950
98951,133485570,Nidia,Comas,98951
98952,369958729,Concepcion,Galvan,98952
98953,280633998,Feliciana,Casals,98953
98954,486898744,Alfredo,Tapia,98954
98955,130496289,Espiridion,Riba,98955
98956,333019706,Andres Felipe,Garcia,98956
98957,520368979,Emperatriz,Palacios,98957
98958,830240021,Pablo,Sanabria,98958
98959,964259497,David,Pedrosa,98959
98960,433779124,Custodia,Bellido,98960
98961,306980344,Casemiro,Zurita,98961
98962,566509801,Anibal,Nogueira,98962
98963,132531253,Adelaida,Adan,98963
98964,268538332,Josep,Rivas,98964
98965,442254394,Walter,Fuente,98965
98966,148057750,Galo,Checa,98966
98967,508515007,Brigida,Mur,98967
98968,447329068,Adrian,Lillo,98968
98969,520200011,Edu,Amores,98969
98970,550615542,Renato,Barrios,98970
98971,681566920,Belen,Sandoval,98971
98972,452212428,Tono,Lumbreras,98972
98973,881217660,Abilio,Company,98973
98974,392122862,Casemiro,Tapia,98974
98975,782811265,Ambrosio,Tirado,98975
98976,799911783,Bibiana,Ferrera,98976
98977,486981455,Edelmira,Alvaro,98977
98978,802508676,Sarita,Vina,98978
98979,225746780,Candido,Abella,98979
98980,704912739,Fausto,Saura,98980
98981,138820020,Balduino,Blanco,98981
98982,526834922,Jennifer,Izquierdo,98982
98983,887880504,Trinidad,Franco,98983
98984,994376136,Nicolasa,Nunez,98984
98985,369833062,Crescencia,Manrique,98985
98986,469523853,Hernando,Lillo,98986
98987,245823219,Eusebia,Baro,98987
98988,789048911,Albina,Landa,98988
98989,186746393,Tecla,Tomas,98989
98990,862063455,Manolo,Bravo,98990
98991,519038745,Ester,Ugarte,98991
98992,687924698,Bibiana,Dominguez,98992
98993,405754287,Buenaventura,Cerro,98993
98994,843017150,Teofila,Gibert,98994
98995,686028694,Lourdes,Pazos,98995
98996,144744271,Maxima,Poza,98996
98997,348307842,Regina,Salamanca,98997
98998,873112746,Josefina,Anglada,98998
98999,483000017,Jordana,Olivares,98999
99000,410686076,Claudio,Cazorla,99000
99001,218058745,Luz,Pedraza,99001
99002,188995611,Felipa,Penas,99002
99003,190783322,Eduardo,Oliver,99003
99004,326707484,Apolonia,Cuesta,99004
99005,391907771,Chita,Bernat,99005
99006,520293658,Guiomar,Oliva,99006
99007,902420235,Maura,Julian,99007
99008,421520811,Graciano,Aguilo,99008
99009,521404856,Leyre,Camara,99009
99010,150876940,Dimas,Pinol,99010
99011,235896457,Clara,Nogueira,99011
99012,744992431,Amelia,Escolano,99012
99013,889022909,Victor Manuel,Caro,99013
99014,849407848,Elodia,Plaza,99014
99015,696261524,Ciriaco,Baquero,99015
99016,955287363,Filomena,Sole,99016
99017,444085278,Maximiano,Lopez,99017
99018,796791603,Regina,Guillen,99018
99019,173620558,Rosario,Carranza,99019
99020,996303114,Valerio,Garriga,99020
99021,782928549,Demetrio,Flor,99021
99022,387914850,Melania,Montenegro,99022
99023,214342823,Claudio,Carretero,99023
99024,473990958,Jennifer,Esteve,99024
99025,766752444,Consuelo,Moya,99025
99026,224501660,Adelaida,Pastor,99026
99027,351189467,Abril,Cardenas,99027
99028,804571123,Fernando,Caro,99028
99029,983898575,Teodora,Hernando,99029
99030,757834618,Gabino,Salgado,99030
99031,404642325,Segismundo,Munoz,99031
99032,955434353,Victorino,Araujo,99032
99033,655319777,Lorenzo,Pardo,99033
99034,930105718,Griselda,Girona,99034
99035,115169916,Isaias,Carbonell,99035
99036,612427862,Ximena,Miranda,99036
99037,627974900,Rosalva,Huerta,99037
99038,543208744,Prudencia,Pons,99038
99039,361897962,Octavia,Pina,99039
99040,463370798,Angela,Peral,99040
99041,453100393,Paulino,Morales,99041
99042,814235500,Teobaldo,Sierra,99042
99043,183316462,Rosario,Pallares,99043
99044,899761395,Lucho,Rosales,99044
99045,400369586,Arsenio,Valentin,99045
99046,239714950,Gaspar,Rivera,99046
99047,538310208,Jessica,Ferrero,99047
99048,492139518,Rosa,Gimenez,99048
99049,769435915,Natalio,Rivas,99049
99050,796926429,Marino,Batalla,99050
99051,696550578,Haydee,Donaire,99051
99052,750600486,Andrea,Aznar,99052
99053,182752406,Guiomar,Villalonga,99053
99054,324873202,Aitana,Sandoval,99054
99055,583353342,Sergio,Beltran,99055
99056,503034614,Ligia,Iglesias,99056
99057,483309254,Coral,Sebastian,99057
99058,782364255,Rocio,Andreu,99058
99059,212075824,Felisa,Gil,99059
99060,927294826,Odalys,Marti,99060
99061,682037517,Ezequiel,Guzman,99061
99062,787722044,Victoria,Coronado,99062
99063,931735073,Ale,Pacheco,99063
99064,125484820,Bibiana,Blasco,99064
99065,978158569,Anibal,Castilla,99065
99066,640395706,Cirino,Cuervo,99066
99067,224982705,Candelas,Rocamora,99067
99068,345732300,Eladio,Barba,99068
99069,662326137,Ema,Calvet,99069
99070,618386853,Lidia,Landa,99070
99071,797034331,Susana,Correa,99071
99072,978869811,Serafina,Martorell,99072
99073,197124030,Renata,Escudero,99073
99074,426489955,Encarnacion,Mendoza,99074
99075,596310940,Vasco,Pelaez,99075
99076,983148312,Reinaldo,Iniguez,99076
99077,159317163,Marcia,Redondo,99077
99078,785883626,Jose Luis,Villar,99078
99079,205469326,Matilde,Perera,99079
99080,779546909,Jenaro,Cabo,99080
99081,409425541,Angela,Salgado,99081
99082,808863525,Flavio,Rius,99082
99083,822995345,Fidel,Carrera,99083
99084,116359929,Ruth,Tome,99084
99085,615218510,Susana,Figueroa,99085
99086,520857428,Walter,Izquierdo,99086
99087,867314742,Pablo,Carbonell,99087
99088,273207406,Felix,Zaragoza,99088
99089,785016749,Hermenegildo,Mate,99089
99090,578991383,Simon,Guardiola,99090
99091,568500035,Berta,Mir,99091
99092,143017447,Rita,Giron,99092
99093,649974806,Griselda,Barbera,99093
99094,130894158,Sandalio,Villalobos,99094
99095,114070785,Dalila,Vilalta,99095
99096,319234914,Edmundo,Chico,99096
99097,493965164,Jose Angel,Palomino,99097
99098,243249478,Chelo,Arnaiz,99098
99099,849198984,Nieves,Fortuny,99099
99100,774039421,Hortensia,Larrea,99100
99101,565481357,Carmelo,Mata,99101
99102,596146636,Paco,Tello,99102
99103,459073976,Lucia,Silva,99103
99104,286257374,Eustaquio,Villaverde,99104
99105,392142737,Inmaculada,Coronado,99105
99106,602680699,Isaias,Vilaplana,99106
99107,294753285,Rosario,Agudo,99107
99108,735861953,Teobaldo,Santiago,99108
99109,840273805,Griselda,Martorell,99109
99110,567855322,Eva Maria,Cantero,99110
99111,582791714,Yago,Galvan,99111
99112,722804490,Cecilio,Segarra,99112
99113,622260801,Gracia,Baquero,99113
99114,741447807,Fabiola,Morillo,99114
99115,765942244,Godofredo,Rey,99115
99116,457500028,Raimundo,Narvaez,99116
99117,695163187,Maria,Morales,99117
99118,745328749,Griselda,Riba,99118
99119,541862007,Octavia,Berrocal,99119
99120,973813125,Nicanor,Donaire,99120
99121,281321065,Daniela,Asensio,99121
99122,651480525,Apolinar,Pozuelo,99122
99123,487192936,Agapito,Conesa,99123
99124,615432152,Marita,Arnaiz,99124
99125,783357963,Severino,Hernandez,99125
99126,751928307,Dimas,Oliver,99126
99127,820383197,Rosalia,Mata,99127
99128,202266019,Dario,Olivera,99128
99129,825416869,Marita,Haro,99129
99130,235352676,Maria Fernanda,Bravo,99130
99131,693593523,Pili,Ocana,99131
99132,954774952,Ramon,Terron,99132
99133,936645415,Salvador,Castilla,99133
99134,683503493,Ines,Ferrandez,99134
99135,171090438,Ovidio,Vendrell,99135
99136,233033746,Augusto,Garcia,99136
99137,630013124,Balduino,Corbacho,99137
99138,173684766,Julia,Gimeno,99138
99139,137379808,Angeles,Banos,99139
99140,909500098,Ciro,Falco,99140
99141,857432119,Isaias,Pacheco,99141
99142,698586210,Buenaventura,Alberto,99142
99143,342306178,Luisa,Romeu,99143
99144,515902587,Joel,Canton,99144
99145,166803723,Manolo,Villalba,99145
99146,457795407,Amarilis,Hervas,99146
99147,129154749,Lidia,Losada,99147
99148,787465852,Anabel,Pintor,99148
99149,417939034,Octavio,Vila,99149
99150,667123845,Amador,Garcia,99150
99151,265673705,Luis,Roman,99151
99152,178063763,Etelvina,Ibarra,99152
99153,726822656,Hector,Sotelo,99153
99154,290081075,Damian,Galan,99154
99155,627986029,Bibiana,Montana,99155
99156,116570030,Bruno,Santamaria,99156
99157,196255233,Pablo,Luis,99157
99158,521595507,Amilcar,Ibanez,99158
99159,579534601,Eliseo,Parra,99159
99160,614841491,Maria,Artigas,99160
99161,489475828,Elodia,Martinez,99161
99162,128204087,Ricardo,Vera,99162
99163,326606017,Oriana,Garces,99163
99164,131972682,Yolanda,Romeu,99164
99165,367579375,Valeria,Espanol,99165
99166,287619897,Olivia,Carrillo,99166
99167,236626477,Claudio,Plaza,99167
99168,241100022,Maria Carmen,Pulido,99168
99169,424451468,Jordan,Blanch,99169
99170,927653732,Amalia,Cuesta,99170
99171,579047244,Visitacion,Saldana,99171
99172,220315269,Roberta,Guzman,99172
99173,986907743,Pio,Abella,99173
99174,894851889,Alvaro,Martinez,99174
99175,227810642,Feliciano,Maestre,99175
99176,954597522,Benjamin,Sans,99176
99177,644918246,Rafael,Rovira,99177
99178,324742666,Lidia,Barros,99178
99179,183796541,Heriberto,Lerma,99179
99180,936936182,Hugo,Trillo,99180
99181,428852872,Marcelo,Figueras,99181
99182,569873265,Joel,Giralt,99182
99183,820429630,Nuria,Linares,99183
99184,909382402,Maria Manuela,Raya,99184
99185,301941059,Pascuala,Fuente,99185
99186,617394266,Evelia,Diez,99186
99187,360337387,Primitiva,Teruel,99187
99188,440180356,Jenny,Urrutia,99188
99189,313418692,Vilma,Monreal,99189
99190,493563454,Lorenza,Iglesia,99190
99191,600756689,Tristan,Cobos,99191
99192,145697546,Anastasia,Jimenez,99192
99193,383663488,Baltasar,Bertran,99193
99194,343332523,Emperatriz,Bonilla,99194
99195,276740856,Olegario,Bosch,99195
99196,899097683,Amanda,Novoa,99196
99197,149275909,Manuelita,Mercader,99197
99198,345316726,Amaya,Miguel,99198
99199,903835576,Tamara,Gomez,99199
99200,153736773,Samuel,Acevedo,99200
99201,205076597,Petrona,Coca,99201
99202,161995880,Abril,Nicolas,99202
99203,144602783,Pepe,Rios,99203
99204,805712342,Leon,Sanjuan,99204
99205,636291522,Juliana,Vaquero,99205
99206,701359160,Aurora,Marino,99206
99207,793541848,Modesta,Pages,99207
99208,710074417,Cosme,Casares,99208
99209,323487462,Lupe,Parejo,99209
99210,405989091,Jorge,Escolano,99210
99211,287748170,Corona,Olmo,99211
99212,483958231,Gema,Barbera,99212
99213,168718476,Cruz,Barco,99213
99214,263557168,Alejo,Pozo,99214
99215,328497619,Isidoro,Pino,99215
99216,681830609,Maria Cristina,Escudero,99216
99217,786299695,Heriberto,Sanjuan,99217
99218,792645351,Celso,Berenguer,99218
99219,610655215,Tiburcio,Montserrat,99219
99220,114987898,Marco,Espana,99220
99221,347905239,Armando,Barrio,99221
99222,450706593,Felipa,Miguel,99222
99223,606272243,Sosimo,Solera,99223
99224,841275498,Bienvenida,Muniz,99224
99225,481158978,Claudia,Laguna,99225
99226,981883109,Conrado,Mendizabal,99226
99227,400141431,Socorro,Briones,99227
99228,583437589,Vanesa,Pascual,99228
99229,388864287,Sonia,Roca,99229
99230,472203678,Alondra,Gascon,99230
99231,734595137,Eladio,Llano,99231
99232,737801671,Emiliana,Salmeron,99232
99233,400384102,Patricio,Bas,99233
99234,826923028,Inigo,Pedro,99234
99235,410709352,Luis Angel,Rodenas,99235
99236,811240482,Lazaro,Pablo,99236
99237,299554896,Emilio,Bermudez,99237
99238,524147458,Fabian,Bosch,99238
99239,118898972,Maxi,Valcarcel,99239
99240,917286305,Hermenegildo,Berrocal,99240
99241,536538472,Horacio,Bustamante,99241
99242,582610373,Lilia,Toledo,99242
99243,863701785,Eusebia,Castro,99243
99244,894343533,Yolanda,Rodriguez,99244
99245,185997764,Elba,Fajardo,99245
99246,773380640,Americo,Benet,99246
99247,726164591,Julio Cesar,Lobato,99247
99248,780945382,Javiera,Esparza,99248
99249,326650397,Aaron,Acosta,99249
99250,701234028,Seve,Otero,99250
99251,684753686,Urbano,Folch,99251
99252,889096024,Virgilio,Mateo,99252
99253,411187692,Agustin,Gomila,99253
99254,447186466,Godofredo,Cuenca,99254
99255,904335060,Heriberto,Conde,99255
99256,631732580,Urbano,Zurita,99256
99257,203000069,Angelita,Mur,99257
99258,551354218,Ramona,Cortes,99258
99259,846974092,Elisa,Morillo,99259
99260,871495508,Jose,Herrera,99260
99261,122848545,Ligia,Valderrama,99261
99262,259144078,Maria Teresa,Anglada,99262
99263,779248029,Augusto,Almeida,99263
99264,547029793,Fidela,Esteve,99264
99265,462011546,Rebeca,Guijarro,99265
99266,185079229,Valentin,Trillo,99266
99267,569675677,David,Santiago,99267
99268,297742723,Flavio,Montalban,99268
99269,877184375,Placido,Saldana,99269
99270,461857643,Octavio,Losada,99270
99271,951303735,Renato,Revilla,99271
99272,709155518,Francisco Jose,Sosa,99272
99273,535144835,Tecla,Rodriguez,99273
99274,677352413,Leandra,Sosa,99274
99275,795222756,Sancho,Mosquera,99275
99276,300914041,Maria Cristina,Mena,99276
99277,787398539,Victor Manuel,Carretero,99277
99278,893461209,Pilar,Nicolau,99278
99279,224399400,Roque,Bermudez,99279
99280,301444129,Vanesa,Corominas,99280
99281,557826077,Teodosio,Cervantes,99281
99282,775580304,Isaias,Castillo,99282
99283,936394630,Octavia,Alcantara,99283
99284,729442401,Lourdes,Sobrino,99284
99285,102549948,Fulgencio,Badia,99285
99286,518399844,Fulgencio,Davila,99286
99287,562364848,Aureliano,Pereira,99287
99288,620529244,Claudia,Sarmiento,99288
99289,930357224,Samanta,Navarrete,99289
99290,590851038,Antonia,Albero,99290
99291,346274712,Merche,Torrent,99291
99292,174449312,Jose Maria,Miro,99292
99293,954423561,Evangelina,Valera,99293
99294,269257183,Nilo,Ferrandez,99294
99295,277654390,Aurelio,Escamilla,99295
99296,397493091,Cristian,Carranza,99296
99297,243756824,Bibiana,Amador,99297
99298,854468809,Fidela,Riera,99298
99299,888089297,Jeronimo,Prada,99299
99300,101453430,Fortunata,Pujadas,99300
99301,757396281,Enrique,Rey,99301
99302,795032704,Joaquin,Adan,99302
99303,782171454,Amelia,Infante,99303
99304,741529898,Ovidio,Pages,99304
99305,648275800,Ruth,Salom,99305
99306,493899451,Jose Antonio,Mata,99306
99307,927945553,Ariadna,Valles,99307
99308,156360454,Griselda,Jimenez,99308
99309,234148945,Marcos,Sevilla,99309
99310,775116638,Angelica,Nicolas,99310
99311,492333301,Adoracion,Ferrero,99311
99312,956018008,Sergio,Batalla,99312
99313,107626104,Estela,Cerdan,99313
99314,107579661,Maria Jose,Benavent,99314
99315,485420146,Jordana,Coca,99315
99316,420762019,Azahar,Chamorro,99316
99317,214452795,Ariel,Valverde,99317
99318,637061735,Enrique,Calvet,99318
99319,740083099,Ana,Cespedes,99319
99320,695701515,Gaston,Trillo,99320
99321,834340829,Begona,Madrigal,99321
99322,940422746,Adelaida,Parra,99322
99323,290621811,Luisina,Carballo,99323
99324,625166896,Chus,Benet,99324
99325,123244871,Marcelo,Osorio,99325
99326,948062775,Baudelio,Ayllon,99326
99327,493092426,Leonardo,Segarra,99327
99328,421057894,Dani,Amaya,99328
99329,187793909,Pelayo,Ros,99329
99330,946072543,Gracia,Tur,99330
99331,302495764,Cesar,Marques,99331
99332,884392777,Fortunato,Feijoo,99332
99333,979190523,Alejandra,Huguet,99333
99334,314555474,Alba,Caceres,99334
99335,531660629,Nacio,Pelayo,99335
99336,552965470,Matilde,Estevez,99336
99337,274969123,Josefa,Toledo,99337
99338,825229519,Pepito,Lobato,99338
99339,363219947,Paulino,Casal,99339
99340,387343859,Ana Belen,Villaverde,99340
99341,154748231,Chus,Montserrat,99341
99342,739622768,Saturnino,Elias,99342
99343,325578566,Olivia,Pol,99343
99344,994829631,Gisela,Delgado,99344
99345,419919820,Adrian,Banos,99345
99346,316704667,Cayetana,Penas,99346
99347,547258515,Ariel,Lorenzo,99347
99348,681044844,Almudena,Gual,99348
99349,673194051,Antonia,Orozco,99349
99350,862827432,Lorena,Macias,99350
99351,683657559,Vicenta,Lopez,99351
99352,122938761,Haydee,Becerra,99352
99353,666170875,Leire,Jimenez,99353
99354,436096379,Lola,Castillo,99354
99355,379061735,Cesar,Terron,99355
99356,742341134,Renato,Puig,99356
99357,372343067,Emiliana,Acedo,99357
99358,582189008,Claudio,Minguez,99358
99359,193193034,Chelo,Benito,99359
99360,377928933,Ambrosio,Gisbert,99360
99361,325113201,Eleuterio,Pardo,99361
99362,509098802,Pili,Valverde,99362
99363,704178767,Edmundo,Mercader,99363
99364,476484822,Veronica,Casas,99364
99365,837482452,Renato,Quintero,99365
99366,144830009,Plinio,Aleman,99366
99367,802617107,Pia,Canovas,99367
99368,483074291,Martin,Rojas,99368
99369,921650672,Marcos,Mate,99369
99370,553723111,Brunilda,Vila,99370
99371,917902838,Josefina,Cadenas,99371
99372,158482291,Cruz,Novoa,99372
99373,201507359,Carina,Mancebo,99373
99374,840725792,Leoncio,Ferreras,99374
99375,701768943,Gertrudis,Arenas,99375
99376,719510290,Albano,Sanjuan,99376
99377,416897203,Ana Belen,Canals,99377
99378,835693888,Gema,Cobos,99378
99379,225135968,Adelaida,Godoy,99379
99380,442096165,Teodora,Bas,99380
99381,419162079,Eva,Peralta,99381
99382,369065282,Evangelina,Serna,99382
99383,100082556,Domitila,Taboada,99383
99384,463779941,Candida,Roig,99384
99385,268363654,Samuel,Herrero,99385
99386,862054565,Abraham,Francisco,99386
99387,913352104,Leonardo,Marcos,99387
99388,888724621,Toribio,Pallares,99388
99389,778186185,Tono,Zamorano,99389
99390,275082873,Agata,Raya,99390
99391,332847358,Carmela,Montoya,99391
99392,535435729,Agueda,Mendizabal,99392
99393,389573013,Maria Fernanda,Arregui,99393
99394,151967711,Jose Antonio,Malo,99394
99395,120085370,Roque,Ferrando,99395
99396,895764732,Aitor,Ripoll,99396
99397,734624794,Encarnita,Benitez,99397
99398,795151498,Clemente,Agullo,99398
99399,870373996,Maria Cristina,Tejada,99399
99400,185286600,Ximena,Artigas,99400
99401,742517505,Ramona,Guerrero,99401
99402,163549683,Evaristo,Gimeno,99402
99403,173723020,Delfina,Porras,99403
99404,373848249,Americo,Royo,99404
99405,449952305,Jesus,Valero,99405
99406,502041310,Lidia,Mateos,99406
99407,685608131,Panfilo,Sabater,99407
99408,274073783,Dominga,Barba,99408
99409,325007019,Abraham,Almansa,99409
99410,690288208,Joaquina,Zurita,99410
99411,102701615,Luis,Linares,99411
99412,837566348,Carmela,Sanz,99412
99413,121931958,Jordan,Hernandez,99413
99414,821239389,Amanda,Morillo,99414
99415,396719525,Lucas,Carranza,99415
99416,523792904,Susanita,Camino,99416
99417,538386242,Consuela,Garcia,99417
99418,265642578,Maria,Segovia,99418
99419,264384817,Aranzazu,Aramburu,99419
99420,101991176,Severino,Duenas,99420
99421,663826722,Lorenzo,Boix,99421
99422,512088689,Irene,Taboada,99422
99423,650644140,Gertrudis,Terron,99423
99424,977550595,Bartolome,Palomino,99424
99425,866869674,Lupita,Manzano,99425
99426,752396554,Marta,Conesa,99426
99427,599189795,Dafne,Llanos,99427
99428,409112386,Miriam,Torrecilla,99428
99429,567506284,Lidia,Torralba,99429
99430,885229182,Che,Rosello,99430
99431,780074708,Emilio,Torralba,99431
99432,950453218,Francisco,Montenegro,99432
99433,895887945,Paola,Ocana,99433
99434,891007259,Valero,Cid,99434
99435,592325535,Albert,Quintanilla,99435
99436,865427578,Aitana,Rios,99436
99437,676497296,Maria Jesus,Llabres,99437
99438,598097618,Manuel,Vall,99438
99439,119360049,Aurelia,Martorell,99439
99440,861438100,Flora,Canales,99440
99441,842888133,Juan Francisco,Jimenez,99441
99442,999735621,Maria Fernanda,Velez,99442
99443,342664493,Ale,Machado,99443
99444,799094123,Modesta,Sarabia,99444
99445,447720957,Nuria,Iborra,99445
99446,353885782,Heriberto,Pi,99446
99447,156328014,Cecilio,Arteaga,99447
99448,655021099,Amaya,Guerra,99448
99449,711920366,Tito,Quintana,99449
99450,245369477,Fatima,Bayo,99450
99451,647020923,Etelvina,Oliver,99451
99452,247843212,Miriam,Berenguer,99452
99453,575814676,Corona,Herranz,99453
99454,449616384,Fatima,Farre,99454
99455,832961743,Ismael,Hervas,99455
99456,541798729,Heliodoro,Garzon,99456
99457,919393633,Noe,Sureda,99457
99458,175731088,Rosalinda,Sales,99458
99459,537045865,Herminia,Quevedo,99459
99460,422875671,Candela,Bustos,99460
99461,603367110,Valentina,Gonzalez,99461
99462,919796339,Eugenia,Rodenas,99462
99463,391808364,Yessica,Maldonado,99463
99464,991713886,Luciano,Bermejo,99464
99465,875155379,Adelia,Ramirez,99465
99466,868390440,Isidro,Borras,99466
99467,226582143,Magdalena,Lastra,99467
99468,376317269,Joan,Rueda,99468
99469,390683298,Severino,Narvaez,99469
99470,639025041,Angeles,Borrego,99470
99471,735747074,Bernardita,Carballo,99471
99472,266979727,Aranzazu,Malo,99472
99473,220620156,Nilo,Luque,99473
99474,843241641,Luciana,Estevez,99474
99475,982772574,Jose Manuel,Borrego,99475
99476,527211046,Santiago,Porcel,99476
99477,791218210,Debora,Feliu,99477
99478,901174167,Florinda,Montserrat,99478
99479,362537860,Iris,Sebastian,99479
99480,740541237,Vito,Fernandez,99480
99481,878509278,Lorenza,Gelabert,99481
99482,170550628,Juliana,Garcia,99482
99483,424626358,Angeles,Guzman,99483
99484,947783669,Curro,Cal,99484
99485,645287599,Abilio,Peral,99485
99486,116503822,Gema,Tolosa,99486
99487,638534316,Camila,Pons,99487
99488,385729466,Teodosio,Noguera,99488
99489,309958775,Manuela,Soto,99489
99490,505805268,Mercedes,Luis,99490
99491,207768136,Carmelo,Somoza,99491
99492,338701573,Aitor,Pou,99492
99493,513598199,Florentino,Orozco,99493
99494,553902069,Emma,Prat,99494
99495,841400970,Chuy,Cortes,99495
99496,401866330,Berta,Rodenas,99496
99497,984476040,Leocadia,Tejedor,99497
99498,396186154,Edelmiro,Elorza,99498
99499,727216841,Luisa,Duenas,99499
99500,823848206,Malena,Llobet,99500
99501,184089953,Loreto,Gabaldon,99501
99502,859084177,Filomena,Canellas,99502
99503,110849671,Glauco,Perea,99503
99504,965876001,Alcides,Zorrilla,99504
99505,252128422,Jordi,Baron,99505
99506,210333439,Cipriano,Domingo,99506
99507,945588497,Lorenzo,Ortega,99507
99508,521338444,Aroa,Angulo,99508
99509,766455646,Aurora,Prado,99509
99510,228811377,Joan,Sierra,99510
99511,718537663,Noemi,Serna,99511
99512,480991294,Eligio,Aragones,99512
99513,167025753,Marisela,Barba,99513
99514,113903513,Tatiana,Alcalde,99514
99515,106554570,Ileana,Diez,99515
99516,701848577,Silvia,Luis,99516
99517,285215584,Chuy,Figueroa,99517
99518,467403359,Primitiva,Nunez,99518
99519,541307791,Beatriz,Tenorio,99519
99520,232418230,Joan,Davila,99520
99521,745918796,Ricarda,Canete,99521
99522,619192158,Rocio,Villa,99522
99523,949249336,Consuela,Aguilar,99523
99524,375304804,Emelina,Blanch,99524
99525,158398487,Modesta,Riquelme,99525
99526,662207632,Eliana,Arias,99526
99527,115307049,Azahara,Herrero,99527
99528,280721048,Luna,Ferrero,99528
99529,737765061,Ramon,Castellanos,99529
99530,292255996,Juan Luis,Uribe,99530
99531,497748696,Isabela,Uria,99531
99532,131410888,Paloma,Fiol,99532
99533,362199063,Cloe,Ferrero,99533
99534,189501337,Jose Angel,Serrano,99534
99535,503802819,Urbano,Donoso,99535
99536,277144375,Perlita,Polo,99536
99537,321744824,Clotilde,Andrade,99537
99538,757427539,Gaston,Millan,99538
99539,993860074,Eusebia,Patino,99539
99540,716060844,Tamara,Agullo,99540
99541,118034531,Paola,Jimenez,99541
99542,101662744,Lucia,Ayala,99542
99543,568392704,Brunilda,Estevez,99543
99544,694180020,Mayte,Arregui,99544
99545,169266794,Fermin,Berenguer,99545
99546,720629925,Adelina,Balaguer,99546
99547,829198089,Osvaldo,Miralles,99547
99548,795608749,Augusto,Vina,99548
99549,214490620,Valerio,Blasco,99549
99550,191607242,Nacio,Marques,99550
99551,320541730,Rolando,Barrera,99551
99552,869273753,Adalberto,Esteve,99552
99553,559956785,Guadalupe,Alcantara,99553
99554,656196080,Ismael,Espanol,99554
99555,974783274,Quique,Galvez,99555
99556,784897759,Cosme,Recio,99556
99557,553943673,Guiomar,Asensio,99557
99558,921524475,Nico,Carvajal,99558
99559,538808275,Ruben,Cabo,99559
99560,902674324,Jose Ignacio,Pelaez,99560
99561,510168559,Cristina,Ballesteros,99561
99562,641425545,Toni,Figuerola,99562
99563,708134176,Adan,Cano,99563
99564,581726838,Dionisia,Cabrera,99564
99565,135287629,Abigail,Sanchez,99565
99566,861473096,Artemio,Ocana,99566
99567,452037456,Eli,Blanes,99567
99568,416632999,Estefania,Gabaldon,99568
99569,344224227,David,Valverde,99569
99570,840803796,Dorotea,Angel,99570
99571,178854566,Emilio,Lara,99571
99572,107262003,Victor Manuel,Aguado,99572
99573,109639567,Fidela,Palacios,99573
99574,774056025,Ester,Botella,99574
99575,454135165,Rolando,Posada,99575
99576,515791103,Perla,Acedo,99576
99577,987008852,Amada,Garzon,99577
99578,873434790,Chelo,Soto,99578
99579,882241635,Jose Carlos,Nogues,99579
99580,325996543,Danilo,Ocana,99580
99581,687983641,Maxi,Baez,99581
99582,878977709,Azeneth,Nicolau,99582
99583,328295498,Nando,Pedro,99583
99584,932333896,Emperatriz,Alegre,99584
99585,892357407,Azahar,Zabala,99585
99586,358248867,Evita,Alfonso,99586
99587,520830457,Lucas,Casas,99587
99588,778409872,Juan,Espana,99588
99589,700199944,Cornelio,Luz,99589
99590,248430839,Elena,Bosch,99590
99591,636161597,Jacobo,Benito,99591
99592,548400462,Maxi,Galvez,99592
99593,551327496,Zoraida,Tomas,99593
99594,852702712,Emilio,Olivera,99594
99595,587945545,Hilda,Ripoll,99595
99596,543434932,Luisa,Sanjuan,99596
99597,733839382,Ligia,Arregui,99597
99598,637690474,Buenaventura,Heras,99598
99599,890812862,Aaron,Miguel,99599
99600,974911543,Begona,Real,99600
99601,212218808,Gloria,Bello,99601
99602,918483025,Montserrat,Arenas,99602
99603,491522883,Cleto,Ricart,99603
99604,336667300,Roxana,Tur,99604
99605,567209982,Horacio,Zapata,99605
99606,677063127,Africa,Galiano,99606
99607,547815119,Mercedes,Bejarano,99607
99608,936793409,Isabel,Esteve,99608
99609,617339299,Graciano,Saez,99609
99610,527108108,Lino,Estrada,99610
99611,780416362,Albina,Galindo,99611
99612,713884098,Nieves,Toledo,99612
99613,470212834,Anibal,Valls,99613
99614,370540763,Raul,Guillen,99614
99615,831317483,Veronica,Sierra,99615
99616,105458292,Inigo,Solano,99616
99617,703332633,Susanita,Gomila,99617
99618,687481655,Luis,Fernandez,99618
99619,199016476,David,Gomila,99619
99620,820040012,Josep,Hernandez,99620
99621,315489116,Reyes,Morera,99621
99622,200582001,Soraya,Gutierrez,99622
99623,387052926,Salvador,Rivera,99623
99624,872517307,Mario,Leon,99624
99625,477180453,Buenaventura,Roig,99625
99626,847376404,Isidoro,Pelayo,99626
99627,262690047,Sebastian,Acuna,99627
99628,168199562,Ruy,Iglesia,99628
99629,453861064,Juanito,Uriarte,99629
99630,993324865,Anselmo,Bayo,99630
99631,514306057,Julio Cesar,Izaguirre,99631
99632,970212528,Nestor,Roura,99632
99633,240291338,Ingrid,Alcala,99633
99634,388090222,Aurea,Cordoba,99634
99635,584700306,Eulalia,Amor,99635
99636,627709795,Luisa,Bayona,99636
99637,664020641,Pepito,Morera,99637
99638,778421404,Daniel,Cerdan,99638
99639,517790391,Odalys,Robles,99639
99640,820248381,Charo,Nebot,99640
99641,569610946,Mayte,Ponce,99641
99642,460419397,Veronica,Carbo,99642
99643,321845516,Graciana,Marino,99643
99644,869162670,Olivia,Hidalgo,99644
99645,104852043,Obdulia,Gimenez,99645
99646,527620486,Basilio,Berenguer,99646
99647,308135866,Roque,Canovas,99647
99648,253747196,Dolores,Huertas,99648
99649,921270775,Calixto,Nogueira,99649
99650,996305254,Gabriela,Medina,99650
99651,583558463,Felicidad,Alcolea,99651
99652,528760682,Nacho,Sanz,99652
99653,153030246,Florentina,Cases,99653
99654,865056681,Cleto,Ruiz,99654
99655,802187906,Adelardo,Grande,99655
99656,611370004,Guillermo,Villena,99656
99657,777309639,Chucho,Barrio,99657
99658,170741993,Glauco,Vergara,99658
99659,943204051,Silvia,Guardia,99659
99660,616723356,Daniela,Calderon,99660
99661,775269727,Berto,Beltran,99661
99662,125556878,Maristela,Chacon,99662
99663,604547481,Ignacio,Ruano,99663
99664,609853626,Fatima,Segarra,99664
99665,399981761,Cristina,Serra,99665
99666,971400458,Nelida,Fuertes,99666
99667,135647265,Nacho,Montenegro,99667
99668,258227199,Modesto,Morera,99668
99669,984353705,Florencio,Peralta,99669
99670,891597190,Eli,Paredes,99670
99671,566022271,Mario,Catala,99671
99672,829790830,Edgar,Cuadrado,99672
99673,265159757,Catalina,Barranco,99673
99674,814783366,Eleuterio,Anton,99674
99675,744264915,Lourdes,Revilla,99675
99676,667441667,Amaro,Gutierrez,99676
99677,171303786,Camilo,Alcazar,99677
99678,369610988,Fabricio,Raya,99678
99679,262138591,Tristan,Campoy,99679
99680,489328817,Francisco Javier,Briones,99680
99681,346174040,Azahara,Batalla,99681
99682,236336112,Poncio,Zamorano,99682
99683,419454096,Manuela,Llano,99683
99684,353664904,Narciso,Salom,99684
99685,215687024,Laura,Villalobos,99685
99686,932933192,Atilio,Esteve,99686
99687,423021957,Rosendo,Aguirre,99687
99688,432286042,Patricio,Castilla,99688
99689,791857001,Angeles,Prada,99689
99690,598477580,Luis,Benito,99690
99691,989502531,Jose Ramon,Valderrama,99691
99692,934416076,Morena,Ariza,99692
99693,260090648,Adriana,Manrique,99693
99694,477525505,Ligia,Perales,99694
99695,741354818,Lucia,Redondo,99695
99696,753802969,Rafael,Velez,99696
99697,527461803,Graciano,Chaparro,99697
99698,582924080,Loreto,Aroca,99698
99699,253848350,Narcisa,Calleja,99699
99700,302476112,Americo,Posada,99700
99701,529425372,Soledad,Agustin,99701
99702,474578871,Nerea,Suarez,99702
99703,157541786,Climaco,Miranda,99703
99704,130248176,Miguel Angel,Casal,99704
99705,816453158,Toni,Carvajal,99705
99706,580378829,Nidia,Ribes,99706
99707,980511164,Carmina,Vega,99707
99708,714526092,Geraldo,Yuste,99708
99709,848087882,Jordan,Barreda,99709
99710,542438076,Joaquin,Montenegro,99710
99711,232326036,Alexandra,Gimenez,99711
99712,383652798,Maura,Rebollo,99712
99713,124888486,Rita,Taboada,99713
99714,469183137,Alicia,Dieguez,99714
99715,380821557,Maria Del Carmen,Garay,99715
99716,570155657,Lalo,Hernandez,99716
99717,742002643,Anabel,Castro,99717
99718,487926054,Quirino,Arribas,99718
99719,625934158,Candela,Font,99719
99720,544575937,Rogelio,Simo,99720
99721,582387238,Ruperta,Busquets,99721
99722,712189122,Demetrio,Cortes,99722
99723,689693473,Teodora,Exposito,99723
99724,220735925,Isabel,Esteban,99724
99725,452214875,Nando,Fortuny,99725
99726,425592119,Jesusa,Osuna,99726
99727,810431865,Andres,Bas,99727
99728,882304377,Lupita,Valls,99728
99729,264164380,Aureliano,Arevalo,99729
99730,387187208,Chucho,Fiol,99730
99731,224943620,Glauco,Gil,99731
99732,578735361,Nidia,Jimenez,99732
99733,761728546,Borja,Aranda,99733
99734,510575532,Jose Ramon,Abril,99734
99735,780116517,Visitacion,Pla,99735
99736,324380440,Almudena,Lucas,99736
99737,959089351,Marisela,Barrios,99737
99738,628919007,Quique,Domingo,99738
99739,371843790,Evaristo,Llorente,99739
99740,648287220,Juana,Ropero,99740
99741,308034696,Lilia,Lago,99741
99742,776751054,Mariano,Folch,99742
99743,669843968,Viviana,Ayuso,99743
99744,824158738,Ema,Soler,99744
99745,336214591,Maria Fernanda,Jaume,99745
99746,947792294,Angel,Melendez,99746
99747,971825372,Renata,Tomas,99747
99748,691618803,Paz,Elias,99748
99749,394025892,Duilio,Sierra,99749
99750,980115999,Esther,Ramos,99750
99751,619069798,Vinicio,Carballo,99751
99752,873846366,Simon,Talavera,99752
99753,318779378,Aroa,Guillen,99753
99754,130198025,Gertrudis,Sureda,99754
99755,982928816,Mohamed,Diaz,99755
99756,333226867,Edmundo,Calzada,99756
99757,392738050,Poncio,Coronado,99757
99758,796991799,Angelino,Andrade,99758
99759,364055319,Ana Sofia,Castillo,99759
99760,418882927,Luisa,Echeverria,99760
99761,977439918,Maura,Castello,99761
99762,879904834,Alicia,Rodriguez,99762
99763,524140277,Chus,Clavero,99763
99764,376070198,Felicidad,Ojeda,99764
99765,591009893,Isaac,Cabeza,99765
99766,965970810,Nuria,Exposito,99766
99767,230722579,Monica,Gibert,99767
99768,610054946,Severiano,Guitart,99768
99769,229327973,Ciriaco,Nogueira,99769
99770,289556778,Sebastian,Barbera,99770
99771,459790647,Ramon,Vall,99771
99772,134844742,Soraya,Garzon,99772
99773,458714269,Alejandra,Miguel,99773
99774,166462731,Laura,Muniz,99774
99775,567983653,Irene,Canas,99775
99776,804830595,Abilio,Novoa,99776
99777,109499091,Estefania,Arrieta,99777
99778,859173300,Haroldo,Calderon,99778
99779,263119705,Julio,Moreno,99779
99780,948574862,Pio,Molina,99780
99781,705004453,Paz,Rius,99781
99782,815425347,Marc,Garay,99782
99783,418820187,Leire,Andreu,99783
99784,604820979,Fito,Carrasco,99784
99785,231814096,Sandra,Cordero,99785
99786,319421288,Ingrid,Grau,99786
99787,488322194,Leyre,Jordan,99787
99788,774059401,Claudio,Huguet,99788
99789,128909419,Baudelio,Adadia,99789
99790,394031160,Chus,Canete,99790
99791,702443069,Andres Felipe,Puga,99791
99792,211810194,Federico,Davila,99792
99793,947581865,Renato,Cuervo,99793
99794,720252883,Melchor,Palmer,99794
99795,625483178,Diana,Zorrilla,99795
99796,833477876,Chuy,Gomila,99796
99797,487442247,Adalberto,Rocamora,99797
99798,966416993,Eloy,Garate,99798
99799,184088364,Hugo,Jimenez,99799
99800,392974610,Teodoro,Tenorio,99800
99801,269730889,Monica,Gelabert,99801
99802,894842829,Toribio,Gutierrez,99802
99803,925445186,Sancho,Godoy,99803
99804,369799654,Angelina,Mosquera,99804
99805,226977654,Juanita,Baquero,99805
99806,442064498,Sandra,Roca,99806
99807,370144254,Emilia,Jaume,99807
99808,731049416,Aurelia,Santamaria,99808
99809,741315991,Visitacion,Mayoral,99809
99810,820621827,Viviana,Soria,99810
99811,443766733,Yolanda,Cifuentes,99811
99812,546871307,Gema,Pizarro,99812
99813,811474056,Marcio,Canales,99813
99814,457520993,Atilio,Cordoba,99814
99815,368498388,Inocencio,Huertas,99815
99816,797097480,Felipa,Madrigal,99816
99817,927881511,Amilcar,Chico,99817
99818,226946156,Jose Luis,Baena,99818
99819,981207178,Paula,Perea,99819
99820,702523628,Jacinta,Prada,99820
99821,357954095,Valero,Mateu,99821
99822,142022696,Anibal,Sastre,99822
99823,964618415,Leonor,Rodrigo,99823
99824,506743803,Julian,Tapia,99824
99825,904492627,Florencio,Folch,99825
99826,968337359,Maximo,Arrieta,99826
99827,843150058,Luciana,Mata,99827
99828,286953814,Reina,Ribes,99828
99829,504562089,Marta,Montero,99829
99830,722859422,Eusebio,Correa,99830
99831,984118524,Joaquin,Fortuny,99831
99832,874825944,Mar,Canas,99832
99833,236325935,Ruy,Blazquez,99833
99834,128052776,Martin,Bolanos,99834
99835,224122047,Panfilo,Querol,99835
99836,836615888,Eloy,Prieto,99836
99837,837664164,Hernando,Rovira,99837
99838,583952376,Onofre,Rosa,99838
99839,221002263,Teo,Espinosa,99839
99840,947398843,Ramiro,Bermejo,99840
99841,825484206,Purificacion,Rossello,99841
99842,414705245,Reyna,Frutos,99842
99843,180099251,Hernando,Cepeda,99843
99844,438603808,Hipolito,Millan,99844
99845,731936537,Aaron,Calderon,99845
99846,632693142,Felix,Oliveras,99846
99847,414085705,Salome,Coello,99847
99848,128244184,Maria Carmen,Marti,99848
99849,375940201,Oriana,Clavero,99849
99850,219504967,Baudelio,Arroyo,99850
99851,919954891,Zacarias,Mugica,99851
99852,489124929,Pepito,Prats,99852
99853,284365553,Kike,Fuster,99853
99854,384654053,Rodrigo,Gibert,99854
99855,691199842,Piedad,Escudero,99855
99856,798749662,Cruz,Fiol,99856
99857,361859389,Tecla,Vilaplana,99857
99858,728024945,Rosario,Robles,99858
99859,226004374,Luisa,Carballo,99859
99860,768640019,Juan Manuel,Dieguez,99860
99861,230603495,Javi,Atienza,99861
99862,192134836,Candelario,Benito,99862
99863,949730989,Feliciana,Soriano,99863
99864,512560482,Mariana,Iniesta,99864
99865,561941702,Tomas,Serra,99865
99866,316051933,Maristela,Redondo,99866
99867,413982857,Eusebia,Valera,99867
99868,197648798,Ale,Mateu,99868
99869,573340312,Ambrosio,Fabra,99869
99870,245361852,Lucho,Huertas,99870
99871,175503508,Kike,Suarez,99871
99872,933396620,Carmelo,Abellan,99872
99873,725647576,Rene,Luz,99873
99874,550828476,Rosalva,Diaz,99874
99875,489283304,Amado,Sole,99875
99876,103941149,Clemente,Priego,99876
99877,116023565,Nicolas,Gimeno,99877
99878,615974695,Rodolfo,Andreu,99878
99879,392772185,Rogelio,Serna,99879
99880,360848775,Epifanio,Hervas,99880
99881,959469565,Asdrubal,Hurtado,99881
99882,873335506,Natividad,Torrens,99882
99883,118274933,Gaspar,Carreras,99883
99884,664881353,Ofelia,Villar,99884
99885,134670419,Teodora,Aguado,99885
99886,400086428,Marino,Escriva,99886
99887,671085727,Rico,Cano,99887
99888,287016751,Benita,Paz,99888
99889,211924123,Heliodoro,Cabezas,99889
99890,236296544,Ernesto,Marquez,99890
99891,790755230,Ildefonso,Vendrell,99891
99892,787656761,Eduardo,Atienza,99892
99893,848262110,Celestino,Losada,99893
99894,671468119,Leocadio,Rivero,99894
99895,383893371,Pablo,Naranjo,99895
99896,458444993,Emigdio,Rio,99896
99897,898212579,Simon,Moliner,99897
99898,692542715,Priscila,Jover,99898
99899,625188492,Berta,Moll,99899
99900,766742756,Trinidad,Torres,99900
99901,239249959,Pia,Reguera,99901
99902,243234163,Placido,Serra,99902
99903,447242314,Alfredo,Alamo,99903
99904,745995095,Juan Luis,Dieguez,99904
99905,688541861,Luis,Figuerola,99905
99906,287431789,Evangelina,Espejo,99906
99907,236910316,Nilda,Aliaga,99907
99908,353699336,Julio Cesar,Aroca,99908
99909,221391465,Joan,Guardiola,99909
99910,576994165,Seve,Valdes,99910
99911,489556224,Rogelio,Santos,99911
99912,223167916,Modesto,Puga,99912
99913,592049765,Octavio,Iborra,99913
99914,695040100,Alonso,Pont,99914
99915,490870546,Roque,Exposito,99915
99916,768751305,Victoriano,Canas,99916
99917,915001116,Saturnina,Julia,99917
99918,651811822,Evaristo,Lledo,99918
99919,611532667,Brunilda,Crespo,99919
99920,266183169,Lope,Casares,99920
99921,364436125,Calixto,Sanabria,99921
99922,970157151,Graciela,Cuenca,99922
99923,276448932,Jesusa,Toledo,99923
99924,131196927,Toribio,Quintana,99924
99925,745294359,Amor,Mena,99925
99926,639795645,Teobaldo,Arevalo,99926
99927,576473305,Ignacio,Abella,99927
99928,788945415,Alba,Camacho,99928
99929,533845616,Griselda,Montero,99929
99930,563972529,Adora,Cabrera,99930
99931,620599874,Angel,Aznar,99931
99932,101496403,Cecilia,Molins,99932
99933,689127981,Juan Antonio,Cobo,99933
99934,917439614,Carmen,Aguirre,99934
99935,544948530,Brunilda,Zamorano,99935
99936,809838356,Encarna,Alvarez,99936
99937,837246488,Cayetano,Amoros,99937
99938,181678919,Magdalena,Santamaria,99938
99939,159197983,Baltasar,Piquer,99939
99940,588048326,Cesar,Garate,99940
99941,781920436,Celso,Valderrama,99941
99942,845479170,Bruno,Franch,99942
99943,507965917,Rolando,Iniguez,99943
99944,585246422,Julio,Soria,99944
99945,783931188,Leire,Armengol,99945
99946,744623304,Elba,Rosell,99946
99947,604031164,Marcos,Jara,99947
99948,355339904,Susanita,Banos,99948
99949,136750210,Cesar,Cabanillas,99949
99950,334009964,Marisol,Aragones,99950
99951,522817365,Imelda,Roma,99951
99952,544898481,Aureliano,Asensio,99952
99953,118104835,Amelia,Cordero,99953
99954,394032814,Abilio,Maldonado,99954
99955,751860346,Azucena,Manjon,99955
99956,859701985,Jordi,Avila,99956
99957,189086290,Ruperta,Duenas,99957
99958,650001617,Arturo,Valle,99958
99959,679893583,Fortunata,Mateu,99959
99960,849195950,Almudena,Gil,99960
99961,509178664,Jose Antonio,Zamorano,99961
99962,547322541,Nadia,Carrera,99962
99963,497167168,Noemi,Guillen,99963
99964,802285904,Jose Ramon,Roura,99964
99965,521423941,Delia,Ordonez,99965
99966,365383412,Dolores,Carvajal,99966
99967,271533026,Eduardo,Arribas,99967
99968,643254425,Candela,Tapia,99968
99969,994618099,Roberta,Quintanilla,99969
99970,330579466,Adrian,Carreno,99970
99971,267557376,Ambar,Haro,99971
99972,348709984,Leonel,Abascal,99972
99973,478928556,Maria Angeles,Arribas,99973
99974,872507770,Raimundo,Julia,99974
99975,845591189,Maristela,Lara,99975
99976,929421632,Trinidad,Marco,99976
99977,610153920,Almudena,Conde,99977
99978,336033903,Fausto,Valencia,99978
99979,461655326,Juan Francisco,Gimenez,99979
99980,695755914,Tadeo,Ferrer,99980
99981,762083123,Dionisia,Hierro,99981
99982,640627933,Angelino,Casanova,99982
99983,657214492,Cleto,Bermudez,99983
99984,905768175,Felipe,Burgos,99984
99985,609686384,Nestor,Cruz,99985
99986,415060150,Federico,Infante,99986
99987,548535755,Pepito,Alcaraz,99987
99988,181356017,Luis Miguel,Herrera,99988
99989,851263540,Agueda,Grande,99989
99990,383549060,Carlito,Blanes,99990
99991,276470389,Anabel,Tellez,99991
99992,923960996,Javiera,Barrios,99992
99993,455818745,Maura,Diez,99993
99994,133423457,Lucas,Iriarte,99994
99995,186624266,Sigfrido,Marin,99995
99996,918816425,Jenaro,Roda,99996
99997,855746415,Galo,Carvajal,99997
99998,757617969,Miguela,Bonilla,99998
99999,228906892,Cayetano,Ferreras,99999
100000,751534686,Calixto,Santos,100000
